channel,query_month,rank,analog_month,distance,n_features_used,features_used,features_excluded_as_null
pakistan_west,1980-01,1,2013-05,0.104357,2,change_12m_raw_share|volatility_12m_raw_share,level_pctl_10y
pakistan_west,1980-01,2,2008-05,0.106486,2,change_12m_raw_share|volatility_12m_raw_share,level_pctl_10y
pakistan_west,1980-01,3,1993-03,0.207112,2,change_12m_raw_share|volatility_12m_raw_share,level_pctl_10y
pakistan_west,1980-01,4,1982-01,0.23529,2,change_12m_raw_share|volatility_12m_raw_share,level_pctl_10y
pakistan_west,1980-01,5,2006-07,0.256207,2,change_12m_raw_share|volatility_12m_raw_share,level_pctl_10y
pakistan_west,1980-02,1,1982-09,0.059974,2,change_12m_raw_share|volatility_12m_raw_share,level_pctl_10y
pakistan_west,1980-02,2,2006-10,0.085698,2,change_12m_raw_share|volatility_12m_raw_share,level_pctl_10y
pakistan_west,1980-02,3,1983-02,0.093157,2,change_12m_raw_share|volatility_12m_raw_share,level_pctl_10y
pakistan_west,1980-02,4,2006-08,0.095457,2,change_12m_raw_share|volatility_12m_raw_share,level_pctl_10y
pakistan_west,1980-02,5,1988-03,0.09694,2,change_12m_raw_share|volatility_12m_raw_share,level_pctl_10y
pakistan_west,1980-03,1,1992-02,0.055984,2,change_12m_raw_share|volatility_12m_raw_share,level_pctl_10y
pakistan_west,1980-03,2,2019-08,0.061992,2,change_12m_raw_share|volatility_12m_raw_share,level_pctl_10y
pakistan_west,1980-03,3,1988-04,0.063662,2,change_12m_raw_share|volatility_12m_raw_share,level_pctl_10y
pakistan_west,1980-03,4,1992-08,0.081405,2,change_12m_raw_share|volatility_12m_raw_share,level_pctl_10y
pakistan_west,1980-03,5,1988-06,0.099884,2,change_12m_raw_share|volatility_12m_raw_share,level_pctl_10y
pakistan_west,1980-04,1,2019-12,0.036595,2,change_12m_raw_share|volatility_12m_raw_share,level_pctl_10y
pakistan_west,1980-04,2,1988-07,0.057754,2,change_12m_raw_share|volatility_12m_raw_share,level_pctl_10y
pakistan_west,1980-04,3,1992-09,0.072015,2,change_12m_raw_share|volatility_12m_raw_share,level_pctl_10y
pakistan_west,1980-04,4,2019-06,0.072387,2,change_12m_raw_share|volatility_12m_raw_share,level_pctl_10y
pakistan_west,1980-04,5,2013-06,0.084728,2,change_12m_raw_share|volatility_12m_raw_share,level_pctl_10y
pakistan_west,1980-05,1,1986-08,0.041758,2,change_12m_raw_share|volatility_12m_raw_share,level_pctl_10y
pakistan_west,1980-05,2,1988-03,0.071344,2,change_12m_raw_share|volatility_12m_raw_share,level_pctl_10y
pakistan_west,1980-05,3,1993-02,0.104516,2,change_12m_raw_share|volatility_12m_raw_share,level_pctl_10y
pakistan_west,1980-05,4,2014-05,0.107956,2,change_12m_raw_share|volatility_12m_raw_share,level_pctl_10y
pakistan_west,1980-05,5,1982-07,0.111722,2,change_12m_raw_share|volatility_12m_raw_share,level_pctl_10y
pakistan_west,1980-06,1,2019-06,0.020694,2,change_12m_raw_share|volatility_12m_raw_share,level_pctl_10y
pakistan_west,1980-06,2,1993-09,0.028094,2,change_12m_raw_share|volatility_12m_raw_share,level_pctl_10y
pakistan_west,1980-06,3,2019-11,0.043059,2,change_12m_raw_share|volatility_12m_raw_share,level_pctl_10y
pakistan_west,1980-06,4,2019-12,0.060843,2,change_12m_raw_share|volatility_12m_raw_share,level_pctl_10y
pakistan_west,1980-06,5,1992-09,0.079412,2,change_12m_raw_share|volatility_12m_raw_share,level_pctl_10y
pakistan_west,1980-07,1,2013-09,0.090125,2,change_12m_raw_share|volatility_12m_raw_share,level_pctl_10y
pakistan_west,1980-07,2,1992-11,0.099753,2,change_12m_raw_share|volatility_12m_raw_share,level_pctl_10y
pakistan_west,1980-07,3,1991-05,0.114453,2,change_12m_raw_share|volatility_12m_raw_share,level_pctl_10y
pakistan_west,1980-07,4,1986-09,0.122968,2,change_12m_raw_share|volatility_12m_raw_share,level_pctl_10y
pakistan_west,1980-07,5,2019-03,0.123654,2,change_12m_raw_share|volatility_12m_raw_share,level_pctl_10y
pakistan_west,1980-08,1,1985-04,0.033876,2,change_12m_raw_share|volatility_12m_raw_share,level_pctl_10y
pakistan_west,1980-08,2,1985-03,0.051106,2,change_12m_raw_share|volatility_12m_raw_share,level_pctl_10y
pakistan_west,1980-08,3,2013-01,0.066914,2,change_12m_raw_share|volatility_12m_raw_share,level_pctl_10y
pakistan_west,1980-08,4,1984-12,0.090697,2,change_12m_raw_share|volatility_12m_raw_share,level_pctl_10y
pakistan_west,1980-08,5,1992-02,0.096047,2,change_12m_raw_share|volatility_12m_raw_share,level_pctl_10y
pakistan_west,1980-09,1,1985-03,0.009647,2,change_12m_raw_share|volatility_12m_raw_share,level_pctl_10y
pakistan_west,1980-09,2,1992-02,0.07115,2,change_12m_raw_share|volatility_12m_raw_share,level_pctl_10y
pakistan_west,1980-09,3,1984-12,0.075516,2,change_12m_raw_share|volatility_12m_raw_share,level_pctl_10y
pakistan_west,1980-09,4,1985-04,0.079502,2,change_12m_raw_share|volatility_12m_raw_share,level_pctl_10y
pakistan_west,1980-09,5,2019-08,0.098847,2,change_12m_raw_share|volatility_12m_raw_share,level_pctl_10y
pakistan_west,1980-10,1,1993-07,0.009445,2,change_12m_raw_share|volatility_12m_raw_share,level_pctl_10y
pakistan_west,1980-10,2,1991-07,0.022987,2,change_12m_raw_share|volatility_12m_raw_share,level_pctl_10y
pakistan_west,1980-10,3,1991-12,0.068968,2,change_12m_raw_share|volatility_12m_raw_share,level_pctl_10y
pakistan_west,1980-10,4,1984-08,0.077149,2,change_12m_raw_share|volatility_12m_raw_share,level_pctl_10y
pakistan_west,1980-10,5,2013-02,0.086194,2,change_12m_raw_share|volatility_12m_raw_share,level_pctl_10y
pakistan_west,1980-11,1,1991-09,0.017568,2,change_12m_raw_share|volatility_12m_raw_share,level_pctl_10y
pakistan_west,1980-11,2,2008-06,0.055336,2,change_12m_raw_share|volatility_12m_raw_share,level_pctl_10y
pakistan_west,1980-11,3,1993-04,0.068167,2,change_12m_raw_share|volatility_12m_raw_share,level_pctl_10y
pakistan_west,1980-11,4,1993-06,0.071814,2,change_12m_raw_share|volatility_12m_raw_share,level_pctl_10y
pakistan_west,1980-11,5,1991-10,0.09477,2,change_12m_raw_share|volatility_12m_raw_share,level_pctl_10y
pakistan_west,1980-12,1,1991-09,0.006855,2,change_12m_raw_share|volatility_12m_raw_share,level_pctl_10y
pakistan_west,1980-12,2,2008-06,0.058367,2,change_12m_raw_share|volatility_12m_raw_share,level_pctl_10y
pakistan_west,1980-12,3,1993-06,0.062136,2,change_12m_raw_share|volatility_12m_raw_share,level_pctl_10y
pakistan_west,1980-12,4,1993-04,0.079832,2,change_12m_raw_share|volatility_12m_raw_share,level_pctl_10y
pakistan_west,1980-12,5,1991-10,0.08338,2,change_12m_raw_share|volatility_12m_raw_share,level_pctl_10y
pakistan_west,1981-01,1,1983-01,0.055014,2,change_12m_raw_share|volatility_12m_raw_share,level_pctl_10y
pakistan_west,1981-01,2,1988-11,0.138262,2,change_12m_raw_share|volatility_12m_raw_share,level_pctl_10y
pakistan_west,1981-01,3,1993-08,0.150136,2,change_12m_raw_share|volatility_12m_raw_share,level_pctl_10y
pakistan_west,1981-01,4,2005-11,0.262939,2,change_12m_raw_share|volatility_12m_raw_share,level_pctl_10y
pakistan_west,1981-01,5,2014-09,0.267666,2,change_12m_raw_share|volatility_12m_raw_share,level_pctl_10y
pakistan_west,1981-02,1,2015-02,0.04848,2,change_12m_raw_share|volatility_12m_raw_share,level_pctl_10y
pakistan_west,1981-02,2,1994-01,0.06573,2,change_12m_raw_share|volatility_12m_raw_share,level_pctl_10y
pakistan_west,1981-02,3,1982-08,0.083714,2,change_12m_raw_share|volatility_12m_raw_share,level_pctl_10y
pakistan_west,1981-02,4,2013-07,0.087609,2,change_12m_raw_share|volatility_12m_raw_share,level_pctl_10y
pakistan_west,1981-02,5,1983-04,0.092713,2,change_12m_raw_share|volatility_12m_raw_share,level_pctl_10y
pakistan_west,1981-03,1,1995-07,0.046662,2,change_12m_raw_share|volatility_12m_raw_share,level_pctl_10y
pakistan_west,1981-03,2,1993-11,0.067433,2,change_12m_raw_share|volatility_12m_raw_share,level_pctl_10y
pakistan_west,1981-03,3,1983-10,0.099111,2,change_12m_raw_share|volatility_12m_raw_share,level_pctl_10y
pakistan_west,1981-03,4,1991-02,0.122961,2,change_12m_raw_share|volatility_12m_raw_share,level_pctl_10y
pakistan_west,1981-03,5,1988-02,0.129136,2,change_12m_raw_share|volatility_12m_raw_share,level_pctl_10y
pakistan_west,1981-04,1,2015-01,0.011571,2,change_12m_raw_share|volatility_12m_raw_share,level_pctl_10y
pakistan_west,1981-04,2,2015-03,0.03981,2,change_12m_raw_share|volatility_12m_raw_share,level_pctl_10y
pakistan_west,1981-04,3,2015-08,0.060145,2,change_12m_raw_share|volatility_12m_raw_share,level_pctl_10y
pakistan_west,1981-04,4,1982-02,0.060793,2,change_12m_raw_share|volatility_12m_raw_share,level_pctl_10y
pakistan_west,1981-04,5,1984-05,0.103021,2,change_12m_raw_share|volatility_12m_raw_share,level_pctl_10y
pakistan_west,1981-05,1,1983-07,0.033377,2,change_12m_raw_share|volatility_12m_raw_share,level_pctl_10y
pakistan_west,1981-05,2,1982-03,0.041227,2,change_12m_raw_share|volatility_12m_raw_share,level_pctl_10y
pakistan_west,1981-05,3,1983-06,0.041229,2,change_12m_raw_share|volatility_12m_raw_share,level_pctl_10y
pakistan_west,1981-05,4,1982-05,0.041358,2,change_12m_raw_share|volatility_12m_raw_share,level_pctl_10y
pakistan_west,1981-05,5,1983-05,0.042278,2,change_12m_raw_share|volatility_12m_raw_share,level_pctl_10y
pakistan_west,1981-06,1,1982-02,0.005949,2,change_12m_raw_share|volatility_12m_raw_share,level_pctl_10y
pakistan_west,1981-06,2,2015-03,0.033859,2,change_12m_raw_share|volatility_12m_raw_share,level_pctl_10y
pakistan_west,1981-06,3,1984-05,0.053702,2,change_12m_raw_share|volatility_12m_raw_share,level_pctl_10y
pakistan_west,1981-06,4,2015-08,0.054963,2,change_12m_raw_share|volatility_12m_raw_share,level_pctl_10y
pakistan_west,1981-06,5,2015-01,0.066252,2,change_12m_raw_share|volatility_12m_raw_share,level_pctl_10y
pakistan_west,1981-07,1,2017-09,0.050654,2,change_12m_raw_share|volatility_12m_raw_share,level_pctl_10y
pakistan_west,1981-07,2,2017-08,0.068054,2,change_12m_raw_share|volatility_12m_raw_share,level_pctl_10y
pakistan_west,1981-07,3,1997-01,0.078652,2,change_12m_raw_share|volatility_12m_raw_share,level_pctl_10y
pakistan_west,1981-07,4,2015-12,0.091991,2,change_12m_raw_share|volatility_12m_raw_share,level_pctl_10y
pakistan_west,1981-07,5,1994-10,0.108513,2,change_12m_raw_share|volatility_12m_raw_share,level_pctl_10y
pakistan_west,1981-08,1,1992-07,0.061206,2,change_12m_raw_share|volatility_12m_raw_share,level_pctl_10y
pakistan_west,1981-08,2,1994-05,0.065206,2,change_12m_raw_share|volatility_12m_raw_share,level_pctl_10y
pakistan_west,1981-08,3,2016-08,0.081914,2,change_12m_raw_share|volatility_12m_raw_share,level_pctl_10y
pakistan_west,1981-08,4,1994-10,0.127857,2,change_12m_raw_share|volatility_12m_raw_share,level_pctl_10y
pakistan_west,1981-08,5,2011-12,0.160855,2,change_12m_raw_share|volatility_12m_raw_share,level_pctl_10y
pakistan_west,1981-09,1,2011-06,0.036642,2,change_12m_raw_share|volatility_12m_raw_share,level_pctl_10y
pakistan_west,1981-09,2,2016-08,0.088038,2,change_12m_raw_share|volatility_12m_raw_share,level_pctl_10y
pakistan_west,1981-09,3,2018-04,0.12753,2,change_12m_raw_share|volatility_12m_raw_share,level_pctl_10y
pakistan_west,1981-09,4,1994-05,0.15264,2,change_12m_raw_share|volatility_12m_raw_share,level_pctl_10y
pakistan_west,1981-09,5,1994-04,0.15292,2,change_12m_raw_share|volatility_12m_raw_share,level_pctl_10y
pakistan_west,1981-10,1,2018-08,0.123852,2,change_12m_raw_share|volatility_12m_raw_share,level_pctl_10y
pakistan_west,1981-10,2,2018-01,0.124311,2,change_12m_raw_share|volatility_12m_raw_share,level_pctl_10y
pakistan_west,1981-10,3,2008-03,0.127553,2,change_12m_raw_share|volatility_12m_raw_share,level_pctl_10y
pakistan_west,1981-10,4,2018-09,0.129583,2,change_12m_raw_share|volatility_12m_raw_share,level_pctl_10y
pakistan_west,1981-10,5,1997-02,0.139299,2,change_12m_raw_share|volatility_12m_raw_share,level_pctl_10y
pakistan_west,1981-11,1,1994-09,0.06539,2,change_12m_raw_share|volatility_12m_raw_share,level_pctl_10y
pakistan_west,1981-11,2,2016-09,0.077251,2,change_12m_raw_share|volatility_12m_raw_share,level_pctl_10y
pakistan_west,1981-11,3,2016-02,0.137799,2,change_12m_raw_share|volatility_12m_raw_share,level_pctl_10y
pakistan_west,1981-11,4,1994-07,0.151419,2,change_12m_raw_share|volatility_12m_raw_share,level_pctl_10y
pakistan_west,1981-11,5,2011-07,0.163221,2,change_12m_raw_share|volatility_12m_raw_share,level_pctl_10y
pakistan_west,1981-12,1,1994-12,0.084209,2,change_12m_raw_share|volatility_12m_raw_share,level_pctl_10y
pakistan_west,1981-12,2,1997-02,0.087407,2,change_12m_raw_share|volatility_12m_raw_share,level_pctl_10y
pakistan_west,1981-12,3,1994-04,0.136414,2,change_12m_raw_share|volatility_12m_raw_share,level_pctl_10y
pakistan_west,1981-12,4,2016-03,0.140283,2,change_12m_raw_share|volatility_12m_raw_share,level_pctl_10y
pakistan_west,1981-12,5,2016-05,0.166101,2,change_12m_raw_share|volatility_12m_raw_share,level_pctl_10y
pakistan_west,1982-01,1,2006-07,0.052694,2,change_12m_raw_share|volatility_12m_raw_share,level_pctl_10y
pakistan_west,1982-01,2,2019-02,0.059221,2,change_12m_raw_share|volatility_12m_raw_share,level_pctl_10y
pakistan_west,1982-01,3,1984-01,0.098946,2,change_12m_raw_share|volatility_12m_raw_share,level_pctl_10y
pakistan_west,1982-01,4,2013-05,0.133892,2,change_12m_raw_share|volatility_12m_raw_share,level_pctl_10y
pakistan_west,1982-01,5,1980-01,0.23529,2,change_12m_raw_share|volatility_12m_raw_share,level_pctl_10y
pakistan_west,1982-02,1,1981-06,0.005949,2,change_12m_raw_share|volatility_12m_raw_share,level_pctl_10y
pakistan_west,1982-02,2,2015-03,0.030047,2,change_12m_raw_share|volatility_12m_raw_share,level_pctl_10y
pakistan_west,1982-02,3,2015-08,0.053907,2,change_12m_raw_share|volatility_12m_raw_share,level_pctl_10y
pakistan_west,1982-02,4,1984-05,0.058123,2,change_12m_raw_share|volatility_12m_raw_share,level_pctl_10y
pakistan_west,1982-02,5,1981-04,0.060793,2,change_12m_raw_share|volatility_12m_raw_share,level_pctl_10y
pakistan_west,1982-03,1,2015-09,0.038111,2,change_12m_raw_share|volatility_12m_raw_share,level_pctl_10y
pakistan_west,1982-03,2,1991-03,0.040432,2,change_12m_raw_share|volatility_12m_raw_share,level_pctl_10y
pakistan_west,1982-03,3,1981-05,0.041227,2,change_12m_raw_share|volatility_12m_raw_share,level_pctl_10y
pakistan_west,1982-03,4,1996-03,0.050937,2,change_12m_raw_share|volatility_12m_raw_share,level_pctl_10y
pakistan_west,1982-03,5,2015-11,0.052814,2,change_12m_raw_share|volatility_12m_raw_share,level_pctl_10y
pakistan_west,1982-04,1,2006-10,0.027302,2,change_12m_raw_share|volatility_12m_raw_share,level_pctl_10y
pakistan_west,1982-04,2,1983-02,0.03709,2,change_12m_raw_share|volatility_12m_raw_share,level_pctl_10y
pakistan_west,1982-04,3,1993-12,0.084764,2,change_12m_raw_share|volatility_12m_raw_share,level_pctl_10y
pakistan_west,1982-04,4,1988-03,0.102705,2,change_12m_raw_share|volatility_12m_raw_share,level_pctl_10y
pakistan_west,1982-04,5,2006-08,0.105178,2,change_12m_raw_share|volatility_12m_raw_share,level_pctl_10y
pakistan_west,1982-05,1,1983-04,0.019128,2,change_12m_raw_share|volatility_12m_raw_share,level_pctl_10y
pakistan_west,1982-05,2,1983-06,0.030601,2,change_12m_raw_share|volatility_12m_raw_share,level_pctl_10y
pakistan_west,1982-05,3,1983-07,0.030889,2,change_12m_raw_share|volatility_12m_raw_share,level_pctl_10y
pakistan_west,1982-05,4,1981-05,0.041358,2,change_12m_raw_share|volatility_12m_raw_share,level_pctl_10y
pakistan_west,1982-05,5,1994-01,0.044349,2,change_12m_raw_share|volatility_12m_raw_share,level_pctl_10y
pakistan_west,1982-06,1,1983-04,0.013346,2,change_12m_raw_share|volatility_12m_raw_share,level_pctl_10y
pakistan_west,1982-06,2,1994-01,0.032761,2,change_12m_raw_share|volatility_12m_raw_share,level_pctl_10y
pakistan_west,1982-06,3,1983-06,0.041664,2,change_12m_raw_share|volatility_12m_raw_share,level_pctl_10y
pakistan_west,1982-06,4,1983-07,0.042544,2,change_12m_raw_share|volatility_12m_raw_share,level_pctl_10y
pakistan_west,1982-06,5,1981-05,0.050296,2,change_12m_raw_share|volatility_12m_raw_share,level_pctl_10y
pakistan_west,1982-07,1,1988-03,0.046128,2,change_12m_raw_share|volatility_12m_raw_share,level_pctl_10y
pakistan_west,1982-07,2,1983-02,0.064256,2,change_12m_raw_share|volatility_12m_raw_share,level_pctl_10y
pakistan_west,1982-07,3,2006-10,0.081234,2,change_12m_raw_share|volatility_12m_raw_share,level_pctl_10y
pakistan_west,1982-07,4,1980-05,0.111722,2,change_12m_raw_share|volatility_12m_raw_share,level_pctl_10y
pakistan_west,1982-07,5,2014-08,0.124276,2,change_12m_raw_share|volatility_12m_raw_share,level_pctl_10y
pakistan_west,1982-08,1,2006-08,0.033715,2,change_12m_raw_share|volatility_12m_raw_share,level_pctl_10y
pakistan_west,1982-08,2,1993-12,0.052422,2,change_12m_raw_share|volatility_12m_raw_share,level_pctl_10y
pakistan_west,1982-08,3,2013-07,0.057895,2,change_12m_raw_share|volatility_12m_raw_share,level_pctl_10y
pakistan_west,1982-08,4,1981-02,0.083714,2,change_12m_raw_share|volatility_12m_raw_share,level_pctl_10y
pakistan_west,1982-08,5,1995-06,0.089025,2,change_12m_raw_share|volatility_12m_raw_share,level_pctl_10y
pakistan_west,1982-09,1,2006-10,0.03127,2,change_12m_raw_share|volatility_12m_raw_share,level_pctl_10y
pakistan_west,1982-09,2,1988-03,0.059869,2,change_12m_raw_share|volatility_12m_raw_share,level_pctl_10y
pakistan_west,1982-09,3,1980-02,0.059974,2,change_12m_raw_share|volatility_12m_raw_share,level_pctl_10y
pakistan_west,1982-09,4,1993-12,0.108967,2,change_12m_raw_share|volatility_12m_raw_share,level_pctl_10y
pakistan_west,1982-09,5,2006-08,0.109299,2,change_12m_raw_share|volatility_12m_raw_share,level_pctl_10y
pakistan_west,1982-10,1,1988-06,0.042976,2,change_12m_raw_share|volatility_12m_raw_share,level_pctl_10y
pakistan_west,1982-10,2,1988-04,0.073559,2,change_12m_raw_share|volatility_12m_raw_share,level_pctl_10y
pakistan_west,1982-10,3,1992-08,0.112528,2,change_12m_raw_share|volatility_12m_raw_share,level_pctl_10y
pakistan_west,1982-10,4,1980-03,0.115673,2,change_12m_raw_share|volatility_12m_raw_share,level_pctl_10y
pakistan_west,1982-10,5,2014-12,0.116016,2,change_12m_raw_share|volatility_12m_raw_share,level_pctl_10y
pakistan_west,1982-11,1,1993-10,0.044218,2,change_12m_raw_share|volatility_12m_raw_share,level_pctl_10y
pakistan_west,1982-11,2,2008-09,0.057828,2,change_12m_raw_share|volatility_12m_raw_share,level_pctl_10y
pakistan_west,1982-11,3,2019-09,0.061398,2,change_12m_raw_share|volatility_12m_raw_share,level_pctl_10y
pakistan_west,1982-11,4,1992-12,0.066054,2,change_12m_raw_share|volatility_12m_raw_share,level_pctl_10y
pakistan_west,1982-11,5,2019-10,0.068591,2,change_12m_raw_share|volatility_12m_raw_share,level_pctl_10y
pakistan_west,1982-12,1,2008-09,0.016918,2,change_12m_raw_share|volatility_12m_raw_share,level_pctl_10y
pakistan_west,1982-12,2,1992-12,0.034383,2,change_12m_raw_share|volatility_12m_raw_share,level_pctl_10y
pakistan_west,1982-12,3,2019-09,0.048029,2,change_12m_raw_share|volatility_12m_raw_share,level_pctl_10y
pakistan_west,1982-12,4,2008-07,0.058644,2,change_12m_raw_share|volatility_12m_raw_share,level_pctl_10y
pakistan_west,1982-12,5,2013-10,0.096217,2,change_12m_raw_share|volatility_12m_raw_share,level_pctl_10y
pakistan_west,1983-01,1,1981-01,0.055014,2,change_12m_raw_share|volatility_12m_raw_share,level_pctl_10y
pakistan_west,1983-01,2,1988-11,0.192568,2,change_12m_raw_share|volatility_12m_raw_share,level_pctl_10y
pakistan_west,1983-01,3,1993-08,0.196519,2,change_12m_raw_share|volatility_12m_raw_share,level_pctl_10y
pakistan_west,1983-01,4,2005-11,0.258899,2,change_12m_raw_share|volatility_12m_raw_share,level_pctl_10y
pakistan_west,1983-01,5,1992-05,0.309263,2,change_12m_raw_share|volatility_12m_raw_share,level_pctl_10y
pakistan_west,1983-02,1,2006-10,0.017058,2,change_12m_raw_share|volatility_12m_raw_share,level_pctl_10y
pakistan_west,1983-02,2,1982-04,0.03709,2,change_12m_raw_share|volatility_12m_raw_share,level_pctl_10y
pakistan_west,1983-02,3,1982-07,0.064256,2,change_12m_raw_share|volatility_12m_raw_share,level_pctl_10y
pakistan_west,1983-02,4,1988-03,0.06569,2,change_12m_raw_share|volatility_12m_raw_share,level_pctl_10y
pakistan_west,1983-02,5,1980-02,0.093157,2,change_12m_raw_share|volatility_12m_raw_share,level_pctl_10y
pakistan_west,1983-03,1,1988-10,0.068449,2,change_12m_raw_share|volatility_12m_raw_share,level_pctl_10y
pakistan_west,1983-03,2,1981-05,0.083854,2,change_12m_raw_share|volatility_12m_raw_share,level_pctl_10y
pakistan_west,1983-03,3,2015-04,0.093833,2,change_12m_raw_share|volatility_12m_raw_share,level_pctl_10y
pakistan_west,1983-03,4,1992-10,0.0968,2,change_12m_raw_share|volatility_12m_raw_share,level_pctl_10y
pakistan_west,1983-03,5,1982-05,0.102108,2,change_12m_raw_share|volatility_12m_raw_share,level_pctl_10y
pakistan_west,1983-04,1,1982-06,0.013346,2,change_12m_raw_share|volatility_12m_raw_share,level_pctl_10y
pakistan_west,1983-04,2,1982-05,0.019128,2,change_12m_raw_share|volatility_12m_raw_share,level_pctl_10y
pakistan_west,1983-04,3,1994-01,0.030996,2,change_12m_raw_share|volatility_12m_raw_share,level_pctl_10y
pakistan_west,1983-04,4,1981-05,0.060479,2,change_12m_raw_share|volatility_12m_raw_share,level_pctl_10y
pakistan_west,1983-04,5,1982-03,0.064604,2,change_12m_raw_share|volatility_12m_raw_share,level_pctl_10y
pakistan_west,1983-05,1,1981-05,0.042278,2,change_12m_raw_share|volatility_12m_raw_share,level_pctl_10y
pakistan_west,1983-05,2,1982-05,0.048446,2,change_12m_raw_share|volatility_12m_raw_share,level_pctl_10y
pakistan_west,1983-05,3,1982-06,0.060022,2,change_12m_raw_share|volatility_12m_raw_share,level_pctl_10y
pakistan_west,1983-05,4,1982-03,0.080195,2,change_12m_raw_share|volatility_12m_raw_share,level_pctl_10y
pakistan_west,1983-05,5,1994-01,0.091699,2,change_12m_raw_share|volatility_12m_raw_share,level_pctl_10y
pakistan_west,1983-06,1,1982-05,0.030601,2,change_12m_raw_share|volatility_12m_raw_share,level_pctl_10y
pakistan_west,1983-06,2,1981-05,0.041229,2,change_12m_raw_share|volatility_12m_raw_share,level_pctl_10y
pakistan_west,1983-06,3,1982-06,0.041664,2,change_12m_raw_share|volatility_12m_raw_share,level_pctl_10y
pakistan_west,1983-06,4,1982-03,0.07153,2,change_12m_raw_share|volatility_12m_raw_share,level_pctl_10y
pakistan_west,1983-06,5,1994-01,0.072454,2,change_12m_raw_share|volatility_12m_raw_share,level_pctl_10y
pakistan_west,1983-07,1,1982-05,0.030889,2,change_12m_raw_share|volatility_12m_raw_share,level_pctl_10y
pakistan_west,1983-07,2,1981-05,0.033377,2,change_12m_raw_share|volatility_12m_raw_share,level_pctl_10y
pakistan_west,1983-07,3,1982-06,0.042544,2,change_12m_raw_share|volatility_12m_raw_share,level_pctl_10y
pakistan_west,1983-07,4,1982-03,0.066033,2,change_12m_raw_share|volatility_12m_raw_share,level_pctl_10y
pakistan_west,1983-07,5,1994-01,0.074632,2,change_12m_raw_share|volatility_12m_raw_share,level_pctl_10y
pakistan_west,1983-08,1,1981-05,0.056456,2,change_12m_raw_share|volatility_12m_raw_share,level_pctl_10y
pakistan_west,1983-08,2,1982-05,0.075457,2,change_12m_raw_share|volatility_12m_raw_share,level_pctl_10y
pakistan_west,1983-08,3,1982-06,0.087174,2,change_12m_raw_share|volatility_12m_raw_share,level_pctl_10y
pakistan_west,1983-08,4,1988-10,0.094194,2,change_12m_raw_share|volatility_12m_raw_share,level_pctl_10y
pakistan_west,1983-08,5,1982-03,0.097642,2,change_12m_raw_share|volatility_12m_raw_share,level_pctl_10y
pakistan_west,1983-09,1,2015-04,0.055455,2,change_12m_raw_share|volatility_12m_raw_share,level_pctl_10y
pakistan_west,1983-09,2,1988-10,0.083533,2,change_12m_raw_share|volatility_12m_raw_share,level_pctl_10y
pakistan_west,1983-09,3,1992-10,0.099332,2,change_12m_raw_share|volatility_12m_raw_share,level_pctl_10y
pakistan_west,1983-09,4,2015-01,0.100673,2,change_12m_raw_share|volatility_12m_raw_share,level_pctl_10y
pakistan_west,1983-09,5,1981-04,0.103514,2,change_12m_raw_share|volatility_12m_raw_share,level_pctl_10y
pakistan_west,1983-10,1,1995-07,0.058182,2,change_12m_raw_share|volatility_12m_raw_share,level_pctl_10y
pakistan_west,1983-10,2,1981-03,0.099111,2,change_12m_raw_share|volatility_12m_raw_share,level_pctl_10y
pakistan_west,1983-10,3,1995-08,0.147269,2,change_12m_raw_share|volatility_12m_raw_share,level_pctl_10y
pakistan_west,1983-10,4,1993-11,0.163694,2,change_12m_raw_share|volatility_12m_raw_share,level_pctl_10y
pakistan_west,1983-10,5,1988-02,0.164097,2,change_12m_raw_share|volatility_12m_raw_share,level_pctl_10y
pakistan_west,1983-11,1,2015-05,0.047041,2,change_12m_raw_share|volatility_12m_raw_share,level_pctl_10y
pakistan_west,1983-11,2,2006-06,0.084101,2,change_12m_raw_share|volatility_12m_raw_share,level_pctl_10y
pakistan_west,1983-11,3,2014-09,0.122006,2,change_12m_raw_share|volatility_12m_raw_share,level_pctl_10y
pakistan_west,1983-11,4,1994-03,0.138207,2,change_12m_raw_share|volatility_12m_raw_share,level_pctl_10y
pakistan_west,1983-11,5,1991-02,0.152286,2,change_12m_raw_share|volatility_12m_raw_share,level_pctl_10y
pakistan_west,1983-12,1,1981-07,0.324293,2,change_12m_raw_share|volatility_12m_raw_share,level_pctl_10y
pakistan_west,1983-12,2,1994-03,0.327623,3,level_pctl_10y|change_12m_raw_share|volatility_12m_raw_share,
pakistan_west,1983-12,3,2015-05,0.333728,2,change_12m_raw_share|volatility_12m_raw_share,level_pctl_10y
pakistan_west,1983-12,4,2015-12,0.391223,2,change_12m_raw_share|volatility_12m_raw_share,level_pctl_10y
pakistan_west,1983-12,5,1981-08,0.416352,2,change_12m_raw_share|volatility_12m_raw_share,level_pctl_10y
pakistan_west,1984-01,1,1982-01,0.098946,2,change_12m_raw_share|volatility_12m_raw_share,level_pctl_10y
pakistan_west,1984-01,2,2019-02,0.16644,3,level_pctl_10y|change_12m_raw_share|volatility_12m_raw_share,
pakistan_west,1984-01,3,1980-01,0.324642,2,change_12m_raw_share|volatility_12m_raw_share,level_pctl_10y
pakistan_west,1984-01,4,2019-03,0.32613,3,level_pctl_10y|change_12m_raw_share|volatility_12m_raw_share,
pakistan_west,1984-01,5,1980-07,0.376649,2,change_12m_raw_share|volatility_12m_raw_share,level_pctl_10y
pakistan_west,1984-02,1,2015-11,0.029009,2,change_12m_raw_share|volatility_12m_raw_share,level_pctl_10y
pakistan_west,1984-02,2,2017-04,0.029112,2,change_12m_raw_share|volatility_12m_raw_share,level_pctl_10y
pakistan_west,1984-02,3,2015-09,0.043016,2,change_12m_raw_share|volatility_12m_raw_share,level_pctl_10y
pakistan_west,1984-02,4,1991-03,0.046023,3,level_pctl_10y|change_12m_raw_share|volatility_12m_raw_share,
pakistan_west,1984-02,5,1982-03,0.077289,2,change_12m_raw_share|volatility_12m_raw_share,level_pctl_10y
pakistan_west,1984-03,1,2015-04,0.049687,2,change_12m_raw_share|volatility_12m_raw_share,level_pctl_10y
pakistan_west,1984-03,2,2015-07,0.093372,2,change_12m_raw_share|volatility_12m_raw_share,level_pctl_10y
pakistan_west,1984-03,3,2015-08,0.096135,2,change_12m_raw_share|volatility_12m_raw_share,level_pctl_10y
pakistan_west,1984-03,4,2016-11,0.102419,2,change_12m_raw_share|volatility_12m_raw_share,level_pctl_10y
pakistan_west,1984-03,5,1981-04,0.113915,2,change_12m_raw_share|volatility_12m_raw_share,level_pctl_10y
pakistan_west,1984-04,1,2017-05,0.042816,2,change_12m_raw_share|volatility_12m_raw_share,level_pctl_10y
pakistan_west,1984-04,2,1981-06,0.092993,2,change_12m_raw_share|volatility_12m_raw_share,level_pctl_10y
pakistan_west,1984-04,3,1982-02,0.098827,2,change_12m_raw_share|volatility_12m_raw_share,level_pctl_10y
pakistan_west,1984-04,4,2015-08,0.109401,2,change_12m_raw_share|volatility_12m_raw_share,level_pctl_10y
pakistan_west,1984-04,5,2015-03,0.114684,2,change_12m_raw_share|volatility_12m_raw_share,level_pctl_10y
pakistan_west,1984-05,1,2017-05,0.050567,2,change_12m_raw_share|volatility_12m_raw_share,level_pctl_10y
pakistan_west,1984-05,2,1981-06,0.053702,2,change_12m_raw_share|volatility_12m_raw_share,level_pctl_10y
pakistan_west,1984-05,3,2015-08,0.053703,2,change_12m_raw_share|volatility_12m_raw_share,level_pctl_10y
pakistan_west,1984-05,4,1982-02,0.058123,2,change_12m_raw_share|volatility_12m_raw_share,level_pctl_10y
pakistan_west,1984-05,5,2015-03,0.063368,2,change_12m_raw_share|volatility_12m_raw_share,level_pctl_10y
pakistan_west,1984-06,1,2017-01,0.056749,2,change_12m_raw_share|volatility_12m_raw_share,level_pctl_10y
pakistan_west,1984-06,2,2017-02,0.057265,2,change_12m_raw_share|volatility_12m_raw_share,level_pctl_10y
pakistan_west,1984-06,3,2016-12,0.073333,2,change_12m_raw_share|volatility_12m_raw_share,level_pctl_10y
pakistan_west,1984-06,4,1995-09,0.075441,3,level_pctl_10y|change_12m_raw_share|volatility_12m_raw_share,
pakistan_west,1984-06,5,1982-04,0.1139,2,change_12m_raw_share|volatility_12m_raw_share,level_pctl_10y
pakistan_west,1984-07,1,1997-03,0.138683,3,level_pctl_10y|change_12m_raw_share|volatility_12m_raw_share,
pakistan_west,1984-07,2,1980-01,0.294397,2,change_12m_raw_share|volatility_12m_raw_share,level_pctl_10y
pakistan_west,1984-07,3,1997-04,0.406932,3,level_pctl_10y|change_12m_raw_share|volatility_12m_raw_share,
pakistan_west,1984-07,4,1993-03,0.424831,3,level_pctl_10y|change_12m_raw_share|volatility_12m_raw_share,
pakistan_west,1984-07,5,2012-04,0.518983,3,level_pctl_10y|change_12m_raw_share|volatility_12m_raw_share,
pakistan_west,1984-08,1,1980-10,0.077149,2,change_12m_raw_share|volatility_12m_raw_share,level_pctl_10y
pakistan_west,1984-08,2,1980-06,0.187309,2,change_12m_raw_share|volatility_12m_raw_share,level_pctl_10y
pakistan_west,1984-08,3,1980-12,0.1933,2,change_12m_raw_share|volatility_12m_raw_share,level_pctl_10y
pakistan_west,1984-08,4,1980-04,0.195862,2,change_12m_raw_share|volatility_12m_raw_share,level_pctl_10y
pakistan_west,1984-08,5,1980-11,0.200333,2,change_12m_raw_share|volatility_12m_raw_share,level_pctl_10y
pakistan_west,1984-09,1,1980-10,0.11863,2,change_12m_raw_share|volatility_12m_raw_share,level_pctl_10y
pakistan_west,1984-09,2,2006-12,0.201786,3,level_pctl_10y|change_12m_raw_share|volatility_12m_raw_share,
pakistan_west,1984-09,3,2007-03,0.21159,3,level_pctl_10y|change_12m_raw_share|volatility_12m_raw_share,
pakistan_west,1984-09,4,1992-03,0.234526,3,level_pctl_10y|change_12m_raw_share|volatility_12m_raw_share,
pakistan_west,1984-09,5,1991-12,0.241288,3,level_pctl_10y|change_12m_raw_share|volatility_12m_raw_share,
pakistan_west,1984-10,1,1986-09,0.129519,3,level_pctl_10y|change_12m_raw_share|volatility_12m_raw_share,
pakistan_west,1984-10,2,1991-05,0.139217,3,level_pctl_10y|change_12m_raw_share|volatility_12m_raw_share,
pakistan_west,1984-10,3,1980-07,0.14598,2,change_12m_raw_share|volatility_12m_raw_share,level_pctl_10y
pakistan_west,1984-10,4,1992-11,0.189965,3,level_pctl_10y|change_12m_raw_share|volatility_12m_raw_share,
pakistan_west,1984-10,5,2019-03,0.284401,3,level_pctl_10y|change_12m_raw_share|volatility_12m_raw_share,
pakistan_west,1984-11,1,1992-11,0.160739,3,level_pctl_10y|change_12m_raw_share|volatility_12m_raw_share,
pakistan_west,1984-11,2,1980-07,0.195405,2,change_12m_raw_share|volatility_12m_raw_share,level_pctl_10y
pakistan_west,1984-11,3,1980-08,0.207963,2,change_12m_raw_share|volatility_12m_raw_share,level_pctl_10y
pakistan_west,1984-11,4,1986-09,0.226534,3,level_pctl_10y|change_12m_raw_share|volatility_12m_raw_share,
pakistan_west,1984-11,5,2013-09,0.242684,3,level_pctl_10y|change_12m_raw_share|volatility_12m_raw_share,
pakistan_west,1984-12,1,1980-09,0.075516,2,change_12m_raw_share|volatility_12m_raw_share,level_pctl_10y
pakistan_west,1984-12,2,1980-08,0.090697,2,change_12m_raw_share|volatility_12m_raw_share,level_pctl_10y
pakistan_west,1984-12,3,1982-12,0.182191,2,change_12m_raw_share|volatility_12m_raw_share,level_pctl_10y
pakistan_west,1984-12,4,1980-03,0.201941,2,change_12m_raw_share|volatility_12m_raw_share,level_pctl_10y
pakistan_west,1984-12,5,1988-04,0.214979,3,level_pctl_10y|change_12m_raw_share|volatility_12m_raw_share,
pakistan_west,1985-01,1,1980-05,0.140297,2,change_12m_raw_share|volatility_12m_raw_share,level_pctl_10y
pakistan_west,1985-01,2,1980-02,0.169791,2,change_12m_raw_share|volatility_12m_raw_share,level_pctl_10y
pakistan_west,1985-01,3,1985-10,0.205059,3,level_pctl_10y|change_12m_raw_share|volatility_12m_raw_share,
pakistan_west,1985-01,4,1982-09,0.213368,2,change_12m_raw_share|volatility_12m_raw_share,level_pctl_10y
pakistan_west,1985-01,5,1980-10,0.227336,2,change_12m_raw_share|volatility_12m_raw_share,level_pctl_10y
pakistan_west,1985-02,1,2019-12,0.102596,3,level_pctl_10y|change_12m_raw_share|volatility_12m_raw_share,
pakistan_west,1985-02,2,1980-12,0.104055,2,change_12m_raw_share|volatility_12m_raw_share,level_pctl_10y
pakistan_west,1985-02,3,1980-04,0.108652,2,change_12m_raw_share|volatility_12m_raw_share,level_pctl_10y
pakistan_west,1985-02,4,1980-11,0.114092,2,change_12m_raw_share|volatility_12m_raw_share,level_pctl_10y
pakistan_west,1985-02,5,1980-10,0.129908,2,change_12m_raw_share|volatility_12m_raw_share,level_pctl_10y
pakistan_west,1985-03,1,1980-09,0.009647,2,change_12m_raw_share|volatility_12m_raw_share,level_pctl_10y
pakistan_west,1985-03,2,1980-08,0.051106,2,change_12m_raw_share|volatility_12m_raw_share,level_pctl_10y
pakistan_west,1985-03,3,2019-08,0.110318,3,level_pctl_10y|change_12m_raw_share|volatility_12m_raw_share,
pakistan_west,1985-03,4,1980-03,0.136705,2,change_12m_raw_share|volatility_12m_raw_share,level_pctl_10y
pakistan_west,1985-03,5,1982-12,0.194608,2,change_12m_raw_share|volatility_12m_raw_share,level_pctl_10y
pakistan_west,1985-04,1,1980-08,0.033876,2,change_12m_raw_share|volatility_12m_raw_share,level_pctl_10y
pakistan_west,1985-04,2,1980-09,0.079502,2,change_12m_raw_share|volatility_12m_raw_share,level_pctl_10y
pakistan_west,1985-04,3,2019-08,0.110863,3,level_pctl_10y|change_12m_raw_share|volatility_12m_raw_share,
pakistan_west,1985-04,4,1980-03,0.141815,2,change_12m_raw_share|volatility_12m_raw_share,level_pctl_10y
pakistan_west,1985-04,5,1985-12,0.201674,3,level_pctl_10y|change_12m_raw_share|volatility_12m_raw_share,
pakistan_west,1985-05,1,1991-06,0.088325,3,level_pctl_10y|change_12m_raw_share|volatility_12m_raw_share,
pakistan_west,1985-05,2,2006-01,0.198722,3,level_pctl_10y|change_12m_raw_share|volatility_12m_raw_share,
pakistan_west,1985-05,3,2012-07,0.208785,3,level_pctl_10y|change_12m_raw_share|volatility_12m_raw_share,
pakistan_west,1985-05,4,1980-05,0.223117,2,change_12m_raw_share|volatility_12m_raw_share,level_pctl_10y
pakistan_west,1985-05,5,1992-04,0.227926,3,level_pctl_10y|change_12m_raw_share|volatility_12m_raw_share,
pakistan_west,1985-06,1,1980-11,0.121995,2,change_12m_raw_share|volatility_12m_raw_share,level_pctl_10y
pakistan_west,1985-06,2,1980-12,0.133893,2,change_12m_raw_share|volatility_12m_raw_share,level_pctl_10y
pakistan_west,1985-06,3,1982-12,0.167018,2,change_12m_raw_share|volatility_12m_raw_share,level_pctl_10y
pakistan_west,1985-06,4,2003-12,0.196777,3,level_pctl_10y|change_12m_raw_share|volatility_12m_raw_share,
pakistan_west,1985-06,5,1992-12,0.198769,3,level_pctl_10y|change_12m_raw_share|volatility_12m_raw_share,
pakistan_west,1985-07,1,1986-11,0.158374,3,level_pctl_10y|change_12m_raw_share|volatility_12m_raw_share,
pakistan_west,1985-07,2,1997-05,0.29204,3,level_pctl_10y|change_12m_raw_share|volatility_12m_raw_share,
pakistan_west,1985-07,3,1982-12,0.295522,2,change_12m_raw_share|volatility_12m_raw_share,level_pctl_10y
pakistan_west,1985-07,4,1980-11,0.312863,2,change_12m_raw_share|volatility_12m_raw_share,level_pctl_10y
pakistan_west,1985-07,5,1980-09,0.320965,2,change_12m_raw_share|volatility_12m_raw_share,level_pctl_10y
pakistan_west,1985-08,1,1987-03,0.153324,3,level_pctl_10y|change_12m_raw_share|volatility_12m_raw_share,
pakistan_west,1985-08,2,1993-05,0.200955,3,level_pctl_10y|change_12m_raw_share|volatility_12m_raw_share,
pakistan_west,1985-08,3,2003-09,0.20593,3,level_pctl_10y|change_12m_raw_share|volatility_12m_raw_share,
pakistan_west,1985-08,4,1987-02,0.231793,3,level_pctl_10y|change_12m_raw_share|volatility_12m_raw_share,
pakistan_west,1985-08,5,1980-11,0.254539,2,change_12m_raw_share|volatility_12m_raw_share,level_pctl_10y
pakistan_west,1985-09,1,2012-11,0.059739,3,level_pctl_10y|change_12m_raw_share|volatility_12m_raw_share,
pakistan_west,1985-09,2,1993-04,0.157943,3,level_pctl_10y|change_12m_raw_share|volatility_12m_raw_share,
pakistan_west,1985-09,3,1980-11,0.195729,2,change_12m_raw_share|volatility_12m_raw_share,level_pctl_10y
pakistan_west,1985-09,4,2012-12,0.201208,3,level_pctl_10y|change_12m_raw_share|volatility_12m_raw_share,
pakistan_west,1985-09,5,1980-12,0.207151,2,change_12m_raw_share|volatility_12m_raw_share,level_pctl_10y
pakistan_west,1985-10,1,1980-10,0.195892,2,change_12m_raw_share|volatility_12m_raw_share,level_pctl_10y
pakistan_west,1985-10,2,1985-01,0.205059,3,level_pctl_10y|change_12m_raw_share|volatility_12m_raw_share,
pakistan_west,1985-10,3,1980-05,0.269927,2,change_12m_raw_share|volatility_12m_raw_share,level_pctl_10y
pakistan_west,1985-10,4,1980-02,0.281671,2,change_12m_raw_share|volatility_12m_raw_share,level_pctl_10y
pakistan_west,1985-10,5,2014-05,0.310308,3,level_pctl_10y|change_12m_raw_share|volatility_12m_raw_share,
pakistan_west,1985-11,1,1980-12,0.165194,2,change_12m_raw_share|volatility_12m_raw_share,level_pctl_10y
pakistan_west,1985-11,2,1980-11,0.166622,2,change_12m_raw_share|volatility_12m_raw_share,level_pctl_10y
pakistan_west,1985-11,3,1980-10,0.173168,2,change_12m_raw_share|volatility_12m_raw_share,level_pctl_10y
pakistan_west,1985-11,4,1980-04,0.23678,2,change_12m_raw_share|volatility_12m_raw_share,level_pctl_10y
pakistan_west,1985-11,5,2003-08,0.248992,3,level_pctl_10y|change_12m_raw_share|volatility_12m_raw_share,
pakistan_west,1985-12,1,1980-08,0.182893,2,change_12m_raw_share|volatility_12m_raw_share,level_pctl_10y
pakistan_west,1985-12,2,1985-04,0.201674,3,level_pctl_10y|change_12m_raw_share|volatility_12m_raw_share,
pakistan_west,1985-12,3,1980-09,0.22962,2,change_12m_raw_share|volatility_12m_raw_share,level_pctl_10y
pakistan_west,1985-12,4,1986-11,0.273201,3,level_pctl_10y|change_12m_raw_share|volatility_12m_raw_share,
pakistan_west,1985-12,5,1986-09,0.273269,3,level_pctl_10y|change_12m_raw_share|volatility_12m_raw_share,
pakistan_west,1986-01,1,2003-08,0.129481,3,level_pctl_10y|change_12m_raw_share|volatility_12m_raw_share,
pakistan_west,1986-01,2,1997-05,0.160387,3,level_pctl_10y|change_12m_raw_share|volatility_12m_raw_share,
pakistan_west,1986-01,3,1980-11,0.242228,2,change_12m_raw_share|volatility_12m_raw_share,level_pctl_10y
pakistan_west,1986-01,4,1980-12,0.251711,2,change_12m_raw_share|volatility_12m_raw_share,level_pctl_10y
pakistan_west,1986-01,5,1986-11,0.251826,3,level_pctl_10y|change_12m_raw_share|volatility_12m_raw_share,
pakistan_west,1986-02,1,1980-11,0.189931,2,change_12m_raw_share|volatility_12m_raw_share,level_pctl_10y
pakistan_west,1986-02,2,1980-12,0.195068,2,change_12m_raw_share|volatility_12m_raw_share,level_pctl_10y
pakistan_west,1986-02,3,1985-02,0.215762,3,level_pctl_10y|change_12m_raw_share|volatility_12m_raw_share,
pakistan_west,1986-02,4,1987-04,0.22353,3,level_pctl_10y|change_12m_raw_share|volatility_12m_raw_share,
pakistan_west,1986-02,5,2012-11,0.25264,3,level_pctl_10y|change_12m_raw_share|volatility_12m_raw_share,
pakistan_west,1986-03,1,2001-03,0.279922,3,level_pctl_10y|change_12m_raw_share|volatility_12m_raw_share,
pakistan_west,1986-03,2,2003-10,0.28476,3,level_pctl_10y|change_12m_raw_share|volatility_12m_raw_share,
pakistan_west,1986-03,3,1986-10,0.305183,3,level_pctl_10y|change_12m_raw_share|volatility_12m_raw_share,
pakistan_west,1986-03,4,1980-05,0.372844,2,change_12m_raw_share|volatility_12m_raw_share,level_pctl_10y
pakistan_west,1986-03,5,1987-12,0.394984,3,level_pctl_10y|change_12m_raw_share|volatility_12m_raw_share,
pakistan_west,1986-04,1,1987-09,0.224286,3,level_pctl_10y|change_12m_raw_share|volatility_12m_raw_share,
pakistan_west,1986-04,2,2003-10,0.260799,3,level_pctl_10y|change_12m_raw_share|volatility_12m_raw_share,
pakistan_west,1986-04,3,2000-10,0.472429,3,level_pctl_10y|change_12m_raw_share|volatility_12m_raw_share,
pakistan_west,1986-04,4,1993-08,0.477917,3,level_pctl_10y|change_12m_raw_share|volatility_12m_raw_share,
pakistan_west,1986-04,5,1985-05,0.480103,3,level_pctl_10y|change_12m_raw_share|volatility_12m_raw_share,
pakistan_west,1986-05,1,1987-07,0.138826,3,level_pctl_10y|change_12m_raw_share|volatility_12m_raw_share,
pakistan_west,1986-05,2,2007-06,0.159458,3,level_pctl_10y|change_12m_raw_share|volatility_12m_raw_share,
pakistan_west,1986-05,3,2010-10,0.190739,3,level_pctl_10y|change_12m_raw_share|volatility_12m_raw_share,
pakistan_west,1986-05,4,2007-12,0.212587,3,level_pctl_10y|change_12m_raw_share|volatility_12m_raw_share,
pakistan_west,1986-05,5,1987-10,0.223301,3,level_pctl_10y|change_12m_raw_share|volatility_12m_raw_share,
pakistan_west,1986-06,1,1987-12,0.176648,3,level_pctl_10y|change_12m_raw_share|volatility_12m_raw_share,
pakistan_west,1986-06,2,2001-04,0.196446,3,level_pctl_10y|change_12m_raw_share|volatility_12m_raw_share,
pakistan_west,1986-06,3,1987-04,0.228856,3,level_pctl_10y|change_12m_raw_share|volatility_12m_raw_share,
pakistan_west,1986-06,4,1997-07,0.293999,3,level_pctl_10y|change_12m_raw_share|volatility_12m_raw_share,
pakistan_west,1986-06,5,1980-10,0.304516,2,change_12m_raw_share|volatility_12m_raw_share,level_pctl_10y
pakistan_west,1986-07,1,2005-09,0.322324,3,level_pctl_10y|change_12m_raw_share|volatility_12m_raw_share,
pakistan_west,1986-07,2,1983-01,0.464395,2,change_12m_raw_share|volatility_12m_raw_share,level_pctl_10y
pakistan_west,1986-07,3,1981-01,0.515604,2,change_12m_raw_share|volatility_12m_raw_share,level_pctl_10y
pakistan_west,1986-07,4,1998-03,0.601651,3,level_pctl_10y|change_12m_raw_share|volatility_12m_raw_share,
pakistan_west,1986-07,5,1993-08,0.653468,3,level_pctl_10y|change_12m_raw_share|volatility_12m_raw_share,
pakistan_west,1986-08,1,1980-05,0.041758,2,change_12m_raw_share|volatility_12m_raw_share,level_pctl_10y
pakistan_west,1986-08,2,1980-02,0.107597,2,change_12m_raw_share|volatility_12m_raw_share,level_pctl_10y
pakistan_west,1986-08,3,1982-09,0.129005,2,change_12m_raw_share|volatility_12m_raw_share,level_pctl_10y
pakistan_west,1986-08,4,1982-07,0.147901,2,change_12m_raw_share|volatility_12m_raw_share,level_pctl_10y
pakistan_west,1986-08,5,1983-02,0.155098,2,change_12m_raw_share|volatility_12m_raw_share,level_pctl_10y
pakistan_west,1986-09,1,1991-05,0.016991,3,level_pctl_10y|change_12m_raw_share|volatility_12m_raw_share,
pakistan_west,1986-09,2,1980-07,0.122968,2,change_12m_raw_share|volatility_12m_raw_share,level_pctl_10y
pakistan_west,1986-09,3,1984-10,0.129519,3,level_pctl_10y|change_12m_raw_share|volatility_12m_raw_share,
pakistan_west,1986-09,4,2019-03,0.17081,3,level_pctl_10y|change_12m_raw_share|volatility_12m_raw_share,
pakistan_west,1986-09,5,1992-11,0.174107,3,level_pctl_10y|change_12m_raw_share|volatility_12m_raw_share,
pakistan_west,1986-10,1,1980-05,0.158818,2,change_12m_raw_share|volatility_12m_raw_share,level_pctl_10y
pakistan_west,1986-10,2,1980-02,0.191454,2,change_12m_raw_share|volatility_12m_raw_share,level_pctl_10y
pakistan_west,1986-10,3,1980-10,0.229214,2,change_12m_raw_share|volatility_12m_raw_share,level_pctl_10y
pakistan_west,1986-10,4,1988-03,0.229453,3,level_pctl_10y|change_12m_raw_share|volatility_12m_raw_share,
pakistan_west,1986-10,5,1982-09,0.235096,2,change_12m_raw_share|volatility_12m_raw_share,level_pctl_10y
pakistan_west,1986-11,1,1985-07,0.158374,3,level_pctl_10y|change_12m_raw_share|volatility_12m_raw_share,
pakistan_west,1986-11,2,1982-12,0.200208,2,change_12m_raw_share|volatility_12m_raw_share,level_pctl_10y
pakistan_west,1986-11,3,1980-09,0.210568,2,change_12m_raw_share|volatility_12m_raw_share,level_pctl_10y
pakistan_west,1986-11,4,1980-08,0.223595,2,change_12m_raw_share|volatility_12m_raw_share,level_pctl_10y
pakistan_west,1986-11,5,1986-01,0.251826,3,level_pctl_10y|change_12m_raw_share|volatility_12m_raw_share,
pakistan_west,1986-12,1,1981-03,0.288865,2,change_12m_raw_share|volatility_12m_raw_share,level_pctl_10y
pakistan_west,1986-12,2,2003-07,0.323992,3,level_pctl_10y|change_12m_raw_share|volatility_12m_raw_share,
pakistan_west,1986-12,3,1983-10,0.37243,2,change_12m_raw_share|volatility_12m_raw_share,level_pctl_10y
pakistan_west,1986-12,4,2014-05,0.396276,3,level_pctl_10y|change_12m_raw_share|volatility_12m_raw_share,
pakistan_west,1986-12,5,2015-05,0.416881,2,change_12m_raw_share|volatility_12m_raw_share,level_pctl_10y
pakistan_west,1987-01,1,1998-05,0.281145,3,level_pctl_10y|change_12m_raw_share|volatility_12m_raw_share,
pakistan_west,1987-01,2,1985-12,0.288979,3,level_pctl_10y|change_12m_raw_share|volatility_12m_raw_share,
pakistan_west,1987-01,3,1997-04,0.312619,3,level_pctl_10y|change_12m_raw_share|volatility_12m_raw_share,
pakistan_west,1987-01,4,1984-10,0.320808,3,level_pctl_10y|change_12m_raw_share|volatility_12m_raw_share,
pakistan_west,1987-01,5,1997-08,0.32559,3,level_pctl_10y|change_12m_raw_share|volatility_12m_raw_share,
pakistan_west,1987-02,1,1985-08,0.231793,3,level_pctl_10y|change_12m_raw_share|volatility_12m_raw_share,
pakistan_west,1987-02,2,2003-11,0.243568,3,level_pctl_10y|change_12m_raw_share|volatility_12m_raw_share,
pakistan_west,1987-02,3,1999-01,0.243837,3,level_pctl_10y|change_12m_raw_share|volatility_12m_raw_share,
pakistan_west,1987-02,4,1984-12,0.329687,3,level_pctl_10y|change_12m_raw_share|volatility_12m_raw_share,
pakistan_west,1987-02,5,1980-08,0.34836,2,change_12m_raw_share|volatility_12m_raw_share,level_pctl_10y
pakistan_west,1987-03,1,1985-08,0.153324,3,level_pctl_10y|change_12m_raw_share|volatility_12m_raw_share,
pakistan_west,1987-03,2,1999-01,0.178628,3,level_pctl_10y|change_12m_raw_share|volatility_12m_raw_share,
pakistan_west,1987-03,3,2003-11,0.262927,3,level_pctl_10y|change_12m_raw_share|volatility_12m_raw_share,
pakistan_west,1987-03,4,2003-09,0.301585,3,level_pctl_10y|change_12m_raw_share|volatility_12m_raw_share,
pakistan_west,1987-03,5,2003-12,0.335854,3,level_pctl_10y|change_12m_raw_share|volatility_12m_raw_share,
pakistan_west,1987-04,1,1997-07,0.085749,3,level_pctl_10y|change_12m_raw_share|volatility_12m_raw_share,
pakistan_west,1987-04,2,1998-12,0.172354,3,level_pctl_10y|change_12m_raw_share|volatility_12m_raw_share,
pakistan_west,1987-04,3,1986-02,0.22353,3,level_pctl_10y|change_12m_raw_share|volatility_12m_raw_share,
pakistan_west,1987-04,4,1986-06,0.228856,3,level_pctl_10y|change_12m_raw_share|volatility_12m_raw_share,
pakistan_west,1987-04,5,2001-04,0.30736,3,level_pctl_10y|change_12m_raw_share|volatility_12m_raw_share,
pakistan_west,1987-05,1,1997-07,0.2272,3,level_pctl_10y|change_12m_raw_share|volatility_12m_raw_share,
pakistan_west,1987-05,2,2013-03,0.256966,3,level_pctl_10y|change_12m_raw_share|volatility_12m_raw_share,
pakistan_west,1987-05,3,1980-11,0.298113,2,change_12m_raw_share|volatility_12m_raw_share,level_pctl_10y
pakistan_west,1987-05,4,1980-12,0.305958,2,change_12m_raw_share|volatility_12m_raw_share,level_pctl_10y
pakistan_west,1987-05,5,2005-02,0.310263,3,level_pctl_10y|change_12m_raw_share|volatility_12m_raw_share,
pakistan_west,1987-06,1,2007-03,0.161042,3,level_pctl_10y|change_12m_raw_share|volatility_12m_raw_share,
pakistan_west,1987-06,2,1997-12,0.167157,3,level_pctl_10y|change_12m_raw_share|volatility_12m_raw_share,
pakistan_west,1987-06,3,2010-03,0.173919,3,level_pctl_10y|change_12m_raw_share|volatility_12m_raw_share,
pakistan_west,1987-06,4,2012-06,0.181872,3,level_pctl_10y|change_12m_raw_share|volatility_12m_raw_share,
pakistan_west,1987-06,5,1990-12,0.240514,3,level_pctl_10y|change_12m_raw_share|volatility_12m_raw_share,
pakistan_west,1987-07,1,2010-10,0.101085,3,level_pctl_10y|change_12m_raw_share|volatility_12m_raw_share,
pakistan_west,1987-07,2,1986-05,0.138826,3,level_pctl_10y|change_12m_raw_share|volatility_12m_raw_share,
pakistan_west,1987-07,3,1998-02,0.179895,3,level_pctl_10y|change_12m_raw_share|volatility_12m_raw_share,
pakistan_west,1987-07,4,1990-10,0.191468,3,level_pctl_10y|change_12m_raw_share|volatility_12m_raw_share,
pakistan_west,1987-07,5,2012-05,0.212553,3,level_pctl_10y|change_12m_raw_share|volatility_12m_raw_share,
pakistan_west,1987-08,1,1986-02,0.259123,3,level_pctl_10y|change_12m_raw_share|volatility_12m_raw_share,
pakistan_west,1987-08,2,1985-09,0.266932,3,level_pctl_10y|change_12m_raw_share|volatility_12m_raw_share,
pakistan_west,1987-08,3,1998-12,0.309276,3,level_pctl_10y|change_12m_raw_share|volatility_12m_raw_share,
pakistan_west,1987-08,4,2012-11,0.312848,3,level_pctl_10y|change_12m_raw_share|volatility_12m_raw_share,
pakistan_west,1987-08,5,1999-04,0.320721,3,level_pctl_10y|change_12m_raw_share|volatility_12m_raw_share,
pakistan_west,1987-09,1,1986-04,0.224286,3,level_pctl_10y|change_12m_raw_share|volatility_12m_raw_share,
pakistan_west,1987-09,2,2000-10,0.261912,3,level_pctl_10y|change_12m_raw_share|volatility_12m_raw_share,
pakistan_west,1987-09,3,2010-06,0.446797,3,level_pctl_10y|change_12m_raw_share|volatility_12m_raw_share,
pakistan_west,1987-09,4,2005-11,0.448764,3,level_pctl_10y|change_12m_raw_share|volatility_12m_raw_share,
pakistan_west,1987-09,5,2003-10,0.466168,3,level_pctl_10y|change_12m_raw_share|volatility_12m_raw_share,
pakistan_west,1987-10,1,2010-10,0.190931,3,level_pctl_10y|change_12m_raw_share|volatility_12m_raw_share,
pakistan_west,1987-10,2,2012-05,0.203673,3,level_pctl_10y|change_12m_raw_share|volatility_12m_raw_share,
pakistan_west,1987-10,3,1986-05,0.223301,3,level_pctl_10y|change_12m_raw_share|volatility_12m_raw_share,
pakistan_west,1987-10,4,2014-03,0.251195,3,level_pctl_10y|change_12m_raw_share|volatility_12m_raw_share,
pakistan_west,1987-10,5,2007-12,0.255112,3,level_pctl_10y|change_12m_raw_share|volatility_12m_raw_share,
pakistan_west,1987-11,1,2000-08,0.295284,3,level_pctl_10y|change_12m_raw_share|volatility_12m_raw_share,
pakistan_west,1987-11,2,1980-10,0.297375,2,change_12m_raw_share|volatility_12m_raw_share,level_pctl_10y
pakistan_west,1987-11,3,1985-11,0.350154,3,level_pctl_10y|change_12m_raw_share|volatility_12m_raw_share,
pakistan_west,1987-11,4,2001-01,0.367266,3,level_pctl_10y|change_12m_raw_share|volatility_12m_raw_share,
pakistan_west,1987-11,5,1985-01,0.37727,3,level_pctl_10y|change_12m_raw_share|volatility_12m_raw_share,
pakistan_west,1987-12,1,2001-04,0.152833,3,level_pctl_10y|change_12m_raw_share|volatility_12m_raw_share,
pakistan_west,1987-12,2,1986-06,0.176648,3,level_pctl_10y|change_12m_raw_share|volatility_12m_raw_share,
pakistan_west,1987-12,3,2001-03,0.240564,3,level_pctl_10y|change_12m_raw_share|volatility_12m_raw_share,
pakistan_west,1987-12,4,1980-10,0.291242,2,change_12m_raw_share|volatility_12m_raw_share,level_pctl_10y
pakistan_west,1987-12,5,1987-04,0.321976,3,level_pctl_10y|change_12m_raw_share|volatility_12m_raw_share,
pakistan_west,1988-01,1,1981-03,0.221478,2,change_12m_raw_share|volatility_12m_raw_share,level_pctl_10y
pakistan_west,1988-01,2,2015-05,0.310342,2,change_12m_raw_share|volatility_12m_raw_share,level_pctl_10y
pakistan_west,1988-01,3,1983-10,0.317267,2,change_12m_raw_share|volatility_12m_raw_share,level_pctl_10y
pakistan_west,1988-01,4,1983-11,0.337522,2,change_12m_raw_share|volatility_12m_raw_share,level_pctl_10y
pakistan_west,1988-01,5,1981-01,0.355226,2,change_12m_raw_share|volatility_12m_raw_share,level_pctl_10y
pakistan_west,1988-02,1,1981-03,0.129136,2,change_12m_raw_share|volatility_12m_raw_share,level_pctl_10y
pakistan_west,1988-02,2,1983-10,0.164097,2,change_12m_raw_share|volatility_12m_raw_share,level_pctl_10y
pakistan_west,1988-02,3,1980-05,0.238433,2,change_12m_raw_share|volatility_12m_raw_share,level_pctl_10y
pakistan_west,1988-02,4,1982-07,0.24364,2,change_12m_raw_share|volatility_12m_raw_share,level_pctl_10y
pakistan_west,1988-02,5,1993-02,0.282758,3,level_pctl_10y|change_12m_raw_share|volatility_12m_raw_share,
pakistan_west,1988-03,1,1982-07,0.046128,2,change_12m_raw_share|volatility_12m_raw_share,level_pctl_10y
pakistan_west,1988-03,2,1982-09,0.059869,2,change_12m_raw_share|volatility_12m_raw_share,level_pctl_10y
pakistan_west,1988-03,3,1983-02,0.06569,2,change_12m_raw_share|volatility_12m_raw_share,level_pctl_10y
pakistan_west,1988-03,4,1980-05,0.071344,2,change_12m_raw_share|volatility_12m_raw_share,level_pctl_10y
pakistan_west,1988-03,5,1980-02,0.09694,2,change_12m_raw_share|volatility_12m_raw_share,level_pctl_10y
pakistan_west,1988-04,1,1980-03,0.063662,2,change_12m_raw_share|volatility_12m_raw_share,level_pctl_10y
pakistan_west,1988-04,2,1982-10,0.073559,2,change_12m_raw_share|volatility_12m_raw_share,level_pctl_10y
pakistan_west,1988-04,3,1980-09,0.131727,2,change_12m_raw_share|volatility_12m_raw_share,level_pctl_10y
pakistan_west,1988-04,4,1980-08,0.168766,2,change_12m_raw_share|volatility_12m_raw_share,level_pctl_10y
pakistan_west,1988-04,5,2014-12,0.203465,3,level_pctl_10y|change_12m_raw_share|volatility_12m_raw_share,
pakistan_west,1988-05,1,1993-10,0.09411,3,level_pctl_10y|change_12m_raw_share|volatility_12m_raw_share,
pakistan_west,1988-05,2,1982-11,0.116595,2,change_12m_raw_share|volatility_12m_raw_share,level_pctl_10y
pakistan_west,1988-05,3,1981-04,0.155464,2,change_12m_raw_share|volatility_12m_raw_share,level_pctl_10y
pakistan_west,1988-05,4,1980-11,0.159963,2,change_12m_raw_share|volatility_12m_raw_share,level_pctl_10y
pakistan_west,1988-05,5,1980-12,0.161311,2,change_12m_raw_share|volatility_12m_raw_share,level_pctl_10y
pakistan_west,1988-06,1,1982-10,0.042976,2,change_12m_raw_share|volatility_12m_raw_share,level_pctl_10y
pakistan_west,1988-06,2,1980-03,0.099884,2,change_12m_raw_share|volatility_12m_raw_share,level_pctl_10y
pakistan_west,1988-06,3,1980-09,0.166642,2,change_12m_raw_share|volatility_12m_raw_share,level_pctl_10y
pakistan_west,1988-06,4,1982-11,0.198422,2,change_12m_raw_share|volatility_12m_raw_share,level_pctl_10y
pakistan_west,1988-06,5,1982-12,0.200207,2,change_12m_raw_share|volatility_12m_raw_share,level_pctl_10y
pakistan_west,1988-07,1,1980-04,0.057754,2,change_12m_raw_share|volatility_12m_raw_share,level_pctl_10y
pakistan_west,1988-07,2,1983-04,0.088486,2,change_12m_raw_share|volatility_12m_raw_share,level_pctl_10y
pakistan_west,1988-07,3,1983-06,0.089225,2,change_12m_raw_share|volatility_12m_raw_share,level_pctl_10y
pakistan_west,1988-07,4,1980-06,0.093428,2,change_12m_raw_share|volatility_12m_raw_share,level_pctl_10y
pakistan_west,1988-07,5,1983-07,0.097444,2,change_12m_raw_share|volatility_12m_raw_share,level_pctl_10y
pakistan_west,1988-08,1,1982-11,0.110073,2,change_12m_raw_share|volatility_12m_raw_share,level_pctl_10y
pakistan_west,1988-08,2,1982-12,0.117494,2,change_12m_raw_share|volatility_12m_raw_share,level_pctl_10y
pakistan_west,1988-08,3,1982-10,0.120827,2,change_12m_raw_share|volatility_12m_raw_share,level_pctl_10y
pakistan_west,1988-08,4,1980-03,0.170824,2,change_12m_raw_share|volatility_12m_raw_share,level_pctl_10y
pakistan_west,1988-08,5,1980-09,0.174958,2,change_12m_raw_share|volatility_12m_raw_share,level_pctl_10y
pakistan_west,1988-09,1,1983-03,0.102794,2,change_12m_raw_share|volatility_12m_raw_share,level_pctl_10y
pakistan_west,1988-09,2,1983-08,0.124255,2,change_12m_raw_share|volatility_12m_raw_share,level_pctl_10y
pakistan_west,1988-09,3,1983-09,0.126535,2,change_12m_raw_share|volatility_12m_raw_share,level_pctl_10y
pakistan_west,1988-09,4,1980-04,0.134054,2,change_12m_raw_share|volatility_12m_raw_share,level_pctl_10y
pakistan_west,1988-09,5,1983-05,0.136981,2,change_12m_raw_share|volatility_12m_raw_share,level_pctl_10y
pakistan_west,1988-10,1,1983-03,0.068449,2,change_12m_raw_share|volatility_12m_raw_share,level_pctl_10y
pakistan_west,1988-10,2,1983-09,0.083533,2,change_12m_raw_share|volatility_12m_raw_share,level_pctl_10y
pakistan_west,1988-10,3,1983-08,0.094194,2,change_12m_raw_share|volatility_12m_raw_share,level_pctl_10y
pakistan_west,1988-10,4,1983-05,0.113617,2,change_12m_raw_share|volatility_12m_raw_share,level_pctl_10y
pakistan_west,1988-10,5,1983-06,0.129523,2,change_12m_raw_share|volatility_12m_raw_share,level_pctl_10y
pakistan_west,1988-11,1,1981-01,0.138262,2,change_12m_raw_share|volatility_12m_raw_share,level_pctl_10y
pakistan_west,1988-11,2,1983-01,0.192568,2,change_12m_raw_share|volatility_12m_raw_share,level_pctl_10y
pakistan_west,1988-11,3,2006-06,0.235123,3,level_pctl_10y|change_12m_raw_share|volatility_12m_raw_share,
pakistan_west,1988-11,4,1983-11,0.272411,2,change_12m_raw_share|volatility_12m_raw_share,level_pctl_10y
pakistan_west,1988-11,5,2015-05,0.281361,2,change_12m_raw_share|volatility_12m_raw_share,level_pctl_10y
pakistan_west,1988-12,1,1999-02,0.076604,3,level_pctl_10y|change_12m_raw_share|volatility_12m_raw_share,
pakistan_west,1988-12,2,2004-01,0.348187,3,level_pctl_10y|change_12m_raw_share|volatility_12m_raw_share,
pakistan_west,1988-12,3,2001-06,0.470226,3,level_pctl_10y|change_12m_raw_share|volatility_12m_raw_share,
pakistan_west,1988-12,4,1997-09,0.509382,3,level_pctl_10y|change_12m_raw_share|volatility_12m_raw_share,
pakistan_west,1988-12,5,2008-11,0.655264,3,level_pctl_10y|change_12m_raw_share|volatility_12m_raw_share,
pakistan_west,1989-01,1,1998-08,0.069027,3,level_pctl_10y|change_12m_raw_share|volatility_12m_raw_share,
pakistan_west,1989-01,2,2004-08,0.380158,3,level_pctl_10y|change_12m_raw_share|volatility_12m_raw_share,
pakistan_west,1989-01,3,2000-11,0.420073,3,level_pctl_10y|change_12m_raw_share|volatility_12m_raw_share,
pakistan_west,1989-01,4,1990-08,0.432624,3,level_pctl_10y|change_12m_raw_share|volatility_12m_raw_share,
pakistan_west,1989-01,5,2005-06,0.476199,3,level_pctl_10y|change_12m_raw_share|volatility_12m_raw_share,
pakistan_west,1989-02,1,2005-05,0.211342,3,level_pctl_10y|change_12m_raw_share|volatility_12m_raw_share,
pakistan_west,1989-02,2,1999-04,0.267144,3,level_pctl_10y|change_12m_raw_share|volatility_12m_raw_share,
pakistan_west,1989-02,3,1998-12,0.285767,3,level_pctl_10y|change_12m_raw_share|volatility_12m_raw_share,
pakistan_west,1989-02,4,2005-02,0.335218,3,level_pctl_10y|change_12m_raw_share|volatility_12m_raw_share,
pakistan_west,1989-02,5,1987-08,0.394467,3,level_pctl_10y|change_12m_raw_share|volatility_12m_raw_share,
pakistan_west,1989-03,1,1999-03,0.176242,3,level_pctl_10y|change_12m_raw_share|volatility_12m_raw_share,
pakistan_west,1989-03,2,1997-10,0.243119,3,level_pctl_10y|change_12m_raw_share|volatility_12m_raw_share,
pakistan_west,1989-03,3,1998-11,0.252046,3,level_pctl_10y|change_12m_raw_share|volatility_12m_raw_share,
pakistan_west,1989-03,4,1998-07,0.308901,3,level_pctl_10y|change_12m_raw_share|volatility_12m_raw_share,
pakistan_west,1989-03,5,2000-12,0.3286,3,level_pctl_10y|change_12m_raw_share|volatility_12m_raw_share,
pakistan_west,1989-04,1,2004-02,0.316577,3,level_pctl_10y|change_12m_raw_share|volatility_12m_raw_share,
pakistan_west,1989-04,2,2010-06,0.342262,3,level_pctl_10y|change_12m_raw_share|volatility_12m_raw_share,
pakistan_west,1989-04,3,2004-04,0.415194,3,level_pctl_10y|change_12m_raw_share|volatility_12m_raw_share,
pakistan_west,1989-04,4,2010-11,0.437969,3,level_pctl_10y|change_12m_raw_share|volatility_12m_raw_share,
pakistan_west,1989-04,5,2005-07,0.455679,3,level_pctl_10y|change_12m_raw_share|volatility_12m_raw_share,
pakistan_west,1989-05,1,2004-06,0.229425,3,level_pctl_10y|change_12m_raw_share|volatility_12m_raw_share,
pakistan_west,1989-05,2,2005-06,0.351448,3,level_pctl_10y|change_12m_raw_share|volatility_12m_raw_share,
pakistan_west,1989-05,3,1997-11,0.415995,3,level_pctl_10y|change_12m_raw_share|volatility_12m_raw_share,
pakistan_west,1989-05,4,1999-04,0.418952,3,level_pctl_10y|change_12m_raw_share|volatility_12m_raw_share,
pakistan_west,1989-05,5,1990-11,0.421255,3,level_pctl_10y|change_12m_raw_share|volatility_12m_raw_share,
pakistan_west,1989-06,1,2005-08,0.121064,3,level_pctl_10y|change_12m_raw_share|volatility_12m_raw_share,
pakistan_west,1989-06,2,2004-07,0.216621,3,level_pctl_10y|change_12m_raw_share|volatility_12m_raw_share,
pakistan_west,1989-06,3,2010-11,0.360654,3,level_pctl_10y|change_12m_raw_share|volatility_12m_raw_share,
pakistan_west,1989-06,4,2004-02,0.363996,3,level_pctl_10y|change_12m_raw_share|volatility_12m_raw_share,
pakistan_west,1989-06,5,1998-01,0.39855,3,level_pctl_10y|change_12m_raw_share|volatility_12m_raw_share,
pakistan_west,1989-07,1,2002-01,1.176183,3,level_pctl_10y|change_12m_raw_share|volatility_12m_raw_share,
pakistan_west,1989-07,2,2001-07,1.211899,3,level_pctl_10y|change_12m_raw_share|volatility_12m_raw_share,
pakistan_west,1989-07,3,1999-02,1.426853,3,level_pctl_10y|change_12m_raw_share|volatility_12m_raw_share,
pakistan_west,1989-07,4,1988-12,1.481136,3,level_pctl_10y|change_12m_raw_share|volatility_12m_raw_share,
pakistan_west,1989-07,5,2004-01,1.77962,3,level_pctl_10y|change_12m_raw_share|volatility_12m_raw_share,
pakistan_west,1989-08,1,2001-12,0.399161,3,level_pctl_10y|change_12m_raw_share|volatility_12m_raw_share,
pakistan_west,1989-08,2,2002-08,0.684881,3,level_pctl_10y|change_12m_raw_share|volatility_12m_raw_share,
pakistan_west,1989-08,3,2003-04,0.700445,3,level_pctl_10y|change_12m_raw_share|volatility_12m_raw_share,
pakistan_west,1989-08,4,2004-11,0.743498,3,level_pctl_10y|change_12m_raw_share|volatility_12m_raw_share,
pakistan_west,1989-08,5,1990-04,0.805593,3,level_pctl_10y|change_12m_raw_share|volatility_12m_raw_share,
pakistan_west,1989-09,1,1990-05,0.362946,3,level_pctl_10y|change_12m_raw_share|volatility_12m_raw_share,
pakistan_west,1989-09,2,2001-11,0.427366,3,level_pctl_10y|change_12m_raw_share|volatility_12m_raw_share,
pakistan_west,1989-09,3,1990-06,0.443317,3,level_pctl_10y|change_12m_raw_share|volatility_12m_raw_share,
pakistan_west,1989-09,4,2003-02,0.477393,3,level_pctl_10y|change_12m_raw_share|volatility_12m_raw_share,
pakistan_west,1989-09,5,1990-04,0.521413,3,level_pctl_10y|change_12m_raw_share|volatility_12m_raw_share,
pakistan_west,1989-10,1,2003-03,0.60895,3,level_pctl_10y|change_12m_raw_share|volatility_12m_raw_share,
pakistan_west,1989-10,2,2004-10,0.774622,3,level_pctl_10y|change_12m_raw_share|volatility_12m_raw_share,
pakistan_west,1989-10,3,2004-12,0.852707,3,level_pctl_10y|change_12m_raw_share|volatility_12m_raw_share,
pakistan_west,1989-10,4,2004-03,0.941762,3,level_pctl_10y|change_12m_raw_share|volatility_12m_raw_share,
pakistan_west,1989-10,5,2004-07,1.001024,3,level_pctl_10y|change_12m_raw_share|volatility_12m_raw_share,
pakistan_west,1989-11,1,2003-03,0.72786,3,level_pctl_10y|change_12m_raw_share|volatility_12m_raw_share,
pakistan_west,1989-11,2,2004-10,0.804765,3,level_pctl_10y|change_12m_raw_share|volatility_12m_raw_share,
pakistan_west,1989-11,3,2004-03,0.933959,3,level_pctl_10y|change_12m_raw_share|volatility_12m_raw_share,
pakistan_west,1989-11,4,2004-12,0.937847,3,level_pctl_10y|change_12m_raw_share|volatility_12m_raw_share,
pakistan_west,1989-11,5,2004-07,1.063364,3,level_pctl_10y|change_12m_raw_share|volatility_12m_raw_share,
pakistan_west,1989-12,1,2000-07,0.926293,3,level_pctl_10y|change_12m_raw_share|volatility_12m_raw_share,
pakistan_west,1989-12,2,2004-05,0.926383,3,level_pctl_10y|change_12m_raw_share|volatility_12m_raw_share,
pakistan_west,1989-12,3,2010-01,0.941124,3,level_pctl_10y|change_12m_raw_share|volatility_12m_raw_share,
pakistan_west,1989-12,4,2005-01,0.967009,3,level_pctl_10y|change_12m_raw_share|volatility_12m_raw_share,
pakistan_west,1989-12,5,1998-03,1.285654,3,level_pctl_10y|change_12m_raw_share|volatility_12m_raw_share,
pakistan_west,1990-01,1,2001-10,0.546005,3,level_pctl_10y|change_12m_raw_share|volatility_12m_raw_share,
pakistan_west,1990-01,2,2004-09,0.89056,3,level_pctl_10y|change_12m_raw_share|volatility_12m_raw_share,
pakistan_west,1990-01,3,2001-06,0.908263,3,level_pctl_10y|change_12m_raw_share|volatility_12m_raw_share,
pakistan_west,1990-01,4,1988-12,0.979089,3,level_pctl_10y|change_12m_raw_share|volatility_12m_raw_share,
pakistan_west,1990-01,5,2004-01,0.984015,3,level_pctl_10y|change_12m_raw_share|volatility_12m_raw_share,
pakistan_west,1990-02,1,2003-04,0.16339,3,level_pctl_10y|change_12m_raw_share|volatility_12m_raw_share,
pakistan_west,1990-02,2,2003-02,0.26154,3,level_pctl_10y|change_12m_raw_share|volatility_12m_raw_share,
pakistan_west,1990-02,3,2004-11,0.505107,3,level_pctl_10y|change_12m_raw_share|volatility_12m_raw_share,
pakistan_west,1990-02,4,2001-11,0.569379,3,level_pctl_10y|change_12m_raw_share|volatility_12m_raw_share,
pakistan_west,1990-02,5,2001-09,0.667579,3,level_pctl_10y|change_12m_raw_share|volatility_12m_raw_share,
pakistan_west,1990-03,1,2003-03,0.152965,3,level_pctl_10y|change_12m_raw_share|volatility_12m_raw_share,
pakistan_west,1990-03,2,2004-12,0.467151,3,level_pctl_10y|change_12m_raw_share|volatility_12m_raw_share,
pakistan_west,1990-03,3,2004-07,0.736851,3,level_pctl_10y|change_12m_raw_share|volatility_12m_raw_share,
pakistan_west,1990-03,4,2004-02,0.848665,3,level_pctl_10y|change_12m_raw_share|volatility_12m_raw_share,
pakistan_west,1990-03,5,2004-10,0.861653,3,level_pctl_10y|change_12m_raw_share|volatility_12m_raw_share,
pakistan_west,1990-04,1,2003-04,0.145031,3,level_pctl_10y|change_12m_raw_share|volatility_12m_raw_share,
pakistan_west,1990-04,2,2003-02,0.340629,3,level_pctl_10y|change_12m_raw_share|volatility_12m_raw_share,
pakistan_west,1990-04,3,1989-09,0.521413,3,level_pctl_10y|change_12m_raw_share|volatility_12m_raw_share,
pakistan_west,1990-04,4,2001-11,0.576937,3,level_pctl_10y|change_12m_raw_share|volatility_12m_raw_share,
pakistan_west,1990-04,5,2004-11,0.612164,3,level_pctl_10y|change_12m_raw_share|volatility_12m_raw_share,
pakistan_west,1990-05,1,2003-02,0.116815,3,level_pctl_10y|change_12m_raw_share|volatility_12m_raw_share,
pakistan_west,1990-05,2,1989-09,0.362946,3,level_pctl_10y|change_12m_raw_share|volatility_12m_raw_share,
pakistan_west,1990-05,3,2003-04,0.431661,3,level_pctl_10y|change_12m_raw_share|volatility_12m_raw_share,
pakistan_west,1990-05,4,2001-11,0.496744,3,level_pctl_10y|change_12m_raw_share|volatility_12m_raw_share,
pakistan_west,1990-05,5,2004-11,0.601859,3,level_pctl_10y|change_12m_raw_share|volatility_12m_raw_share,
pakistan_west,1990-06,1,2003-04,0.242115,3,level_pctl_10y|change_12m_raw_share|volatility_12m_raw_share,
pakistan_west,1990-06,2,2003-02,0.278907,3,level_pctl_10y|change_12m_raw_share|volatility_12m_raw_share,
pakistan_west,1990-06,3,1989-09,0.443317,3,level_pctl_10y|change_12m_raw_share|volatility_12m_raw_share,
pakistan_west,1990-06,4,2001-11,0.587601,3,level_pctl_10y|change_12m_raw_share|volatility_12m_raw_share,
pakistan_west,1990-06,5,2004-11,0.597714,3,level_pctl_10y|change_12m_raw_share|volatility_12m_raw_share,
pakistan_west,1990-07,1,2000-07,0.743719,3,level_pctl_10y|change_12m_raw_share|volatility_12m_raw_share,
pakistan_west,1990-07,2,2003-06,0.804193,3,level_pctl_10y|change_12m_raw_share|volatility_12m_raw_share,
pakistan_west,1990-07,3,2005-01,1.011124,3,level_pctl_10y|change_12m_raw_share|volatility_12m_raw_share,
pakistan_west,1990-07,4,2010-01,1.203742,3,level_pctl_10y|change_12m_raw_share|volatility_12m_raw_share,
pakistan_west,1990-07,5,2003-05,1.259827,3,level_pctl_10y|change_12m_raw_share|volatility_12m_raw_share,
pakistan_west,1990-08,1,2003-07,0.421439,3,level_pctl_10y|change_12m_raw_share|volatility_12m_raw_share,
pakistan_west,1990-08,2,2000-11,0.422689,3,level_pctl_10y|change_12m_raw_share|volatility_12m_raw_share,
pakistan_west,1990-08,3,1989-01,0.432624,3,level_pctl_10y|change_12m_raw_share|volatility_12m_raw_share,
pakistan_west,1990-08,4,1986-12,0.442679,3,level_pctl_10y|change_12m_raw_share|volatility_12m_raw_share,
pakistan_west,1990-08,5,1998-09,0.457652,3,level_pctl_10y|change_12m_raw_share|volatility_12m_raw_share,
pakistan_west,1990-09,1,2005-07,0.202774,3,level_pctl_10y|change_12m_raw_share|volatility_12m_raw_share,
pakistan_west,1990-09,2,2010-03,0.236658,3,level_pctl_10y|change_12m_raw_share|volatility_12m_raw_share,
pakistan_west,1990-09,3,1987-07,0.252618,3,level_pctl_10y|change_12m_raw_share|volatility_12m_raw_share,
pakistan_west,1990-09,4,1998-02,0.255422,3,level_pctl_10y|change_12m_raw_share|volatility_12m_raw_share,
pakistan_west,1990-09,5,2010-10,0.264115,3,level_pctl_10y|change_12m_raw_share|volatility_12m_raw_share,
pakistan_west,1990-10,1,1998-02,0.12768,3,level_pctl_10y|change_12m_raw_share|volatility_12m_raw_share,
pakistan_west,1990-10,2,2010-10,0.172332,3,level_pctl_10y|change_12m_raw_share|volatility_12m_raw_share,
pakistan_west,1990-10,3,1987-07,0.191468,3,level_pctl_10y|change_12m_raw_share|volatility_12m_raw_share,
pakistan_west,1990-10,4,1986-05,0.275999,3,level_pctl_10y|change_12m_raw_share|volatility_12m_raw_share,
pakistan_west,1990-10,5,1987-06,0.314686,3,level_pctl_10y|change_12m_raw_share|volatility_12m_raw_share,
pakistan_west,1990-11,1,1997-11,0.016523,3,level_pctl_10y|change_12m_raw_share|volatility_12m_raw_share,
pakistan_west,1990-11,2,2005-10,0.249283,3,level_pctl_10y|change_12m_raw_share|volatility_12m_raw_share,
pakistan_west,1990-11,3,1999-01,0.350202,3,level_pctl_10y|change_12m_raw_share|volatility_12m_raw_share,
pakistan_west,1990-11,4,1987-08,0.376571,3,level_pctl_10y|change_12m_raw_share|volatility_12m_raw_share,
pakistan_west,1990-11,5,1985-06,0.394325,3,level_pctl_10y|change_12m_raw_share|volatility_12m_raw_share,
pakistan_west,1990-12,1,1997-12,0.117459,3,level_pctl_10y|change_12m_raw_share|volatility_12m_raw_share,
pakistan_west,1990-12,2,2010-12,0.185466,3,level_pctl_10y|change_12m_raw_share|volatility_12m_raw_share,
pakistan_west,1990-12,3,1987-06,0.240514,3,level_pctl_10y|change_12m_raw_share|volatility_12m_raw_share,
pakistan_west,1990-12,4,2005-03,0.263561,3,level_pctl_10y|change_12m_raw_share|volatility_12m_raw_share,
pakistan_west,1990-12,5,2012-06,0.299512,3,level_pctl_10y|change_12m_raw_share|volatility_12m_raw_share,
pakistan_west,1991-01,1,2013-04,0.699135,3,level_pctl_10y|change_12m_raw_share|volatility_12m_raw_share,
pakistan_west,1991-01,2,2006-04,0.74234,3,level_pctl_10y|change_12m_raw_share|volatility_12m_raw_share,
pakistan_west,1991-01,3,2011-02,0.806871,3,level_pctl_10y|change_12m_raw_share|volatility_12m_raw_share,
pakistan_west,1991-01,4,2008-02,0.942016,3,level_pctl_10y|change_12m_raw_share|volatility_12m_raw_share,
pakistan_west,1991-01,5,1983-01,1.09676,2,change_12m_raw_share|volatility_12m_raw_share,level_pctl_10y
pakistan_west,1991-02,1,2015-05,0.107506,2,change_12m_raw_share|volatility_12m_raw_share,level_pctl_10y
pakistan_west,1991-02,2,1981-03,0.122961,2,change_12m_raw_share|volatility_12m_raw_share,level_pctl_10y
pakistan_west,1991-02,3,1983-11,0.152286,2,change_12m_raw_share|volatility_12m_raw_share,level_pctl_10y
pakistan_west,1991-02,4,1983-10,0.190892,2,change_12m_raw_share|volatility_12m_raw_share,level_pctl_10y
pakistan_west,1991-02,5,1995-07,0.245317,3,level_pctl_10y|change_12m_raw_share|volatility_12m_raw_share,
pakistan_west,1991-03,1,2015-09,0.004274,2,change_12m_raw_share|volatility_12m_raw_share,level_pctl_10y
pakistan_west,1991-03,2,2015-11,0.012386,2,change_12m_raw_share|volatility_12m_raw_share,level_pctl_10y
pakistan_west,1991-03,3,2017-04,0.035514,2,change_12m_raw_share|volatility_12m_raw_share,level_pctl_10y
pakistan_west,1991-03,4,1982-03,0.040432,2,change_12m_raw_share|volatility_12m_raw_share,level_pctl_10y
pakistan_west,1991-03,5,1984-02,0.046023,3,level_pctl_10y|change_12m_raw_share|volatility_12m_raw_share,
pakistan_west,1991-04,1,2017-02,0.006028,2,change_12m_raw_share|volatility_12m_raw_share,level_pctl_10y
pakistan_west,1991-04,2,2017-01,0.033419,2,change_12m_raw_share|volatility_12m_raw_share,level_pctl_10y
pakistan_west,1991-04,3,2016-12,0.059195,2,change_12m_raw_share|volatility_12m_raw_share,level_pctl_10y
pakistan_west,1991-04,4,2017-03,0.104184,2,change_12m_raw_share|volatility_12m_raw_share,level_pctl_10y
pakistan_west,1991-04,5,2015-10,0.119117,2,change_12m_raw_share|volatility_12m_raw_share,level_pctl_10y
pakistan_west,1991-05,1,1986-09,0.016991,3,level_pctl_10y|change_12m_raw_share|volatility_12m_raw_share,
pakistan_west,1991-05,2,1980-07,0.114453,2,change_12m_raw_share|volatility_12m_raw_share,level_pctl_10y
pakistan_west,1991-05,3,1984-10,0.139217,3,level_pctl_10y|change_12m_raw_share|volatility_12m_raw_share,
pakistan_west,1991-05,4,2019-03,0.155273,3,level_pctl_10y|change_12m_raw_share|volatility_12m_raw_share,
pakistan_west,1991-05,5,1992-11,0.184265,3,level_pctl_10y|change_12m_raw_share|volatility_12m_raw_share,
pakistan_west,1991-06,1,1985-05,0.088325,3,level_pctl_10y|change_12m_raw_share|volatility_12m_raw_share,
pakistan_west,1991-06,2,1980-05,0.135197,2,change_12m_raw_share|volatility_12m_raw_share,level_pctl_10y
pakistan_west,1991-06,3,2006-01,0.183004,3,level_pctl_10y|change_12m_raw_share|volatility_12m_raw_share,
pakistan_west,1991-06,4,1992-04,0.189433,3,level_pctl_10y|change_12m_raw_share|volatility_12m_raw_share,
pakistan_west,1991-06,5,1980-02,0.2179,2,change_12m_raw_share|volatility_12m_raw_share,level_pctl_10y
pakistan_west,1991-07,1,1980-10,0.022987,2,change_12m_raw_share|volatility_12m_raw_share,level_pctl_10y
pakistan_west,1991-07,2,1980-06,0.117728,2,change_12m_raw_share|volatility_12m_raw_share,level_pctl_10y
pakistan_west,1991-07,3,1980-04,0.162089,2,change_12m_raw_share|volatility_12m_raw_share,level_pctl_10y
pakistan_west,1991-07,4,1980-12,0.225959,2,change_12m_raw_share|volatility_12m_raw_share,level_pctl_10y
pakistan_west,1991-07,5,1981-02,0.236122,2,change_12m_raw_share|volatility_12m_raw_share,level_pctl_10y
pakistan_west,1991-08,1,1980-10,0.094122,2,change_12m_raw_share|volatility_12m_raw_share,level_pctl_10y
pakistan_west,1991-08,2,1980-04,0.115077,2,change_12m_raw_share|volatility_12m_raw_share,level_pctl_10y
pakistan_west,1991-08,3,1980-06,0.123969,2,change_12m_raw_share|volatility_12m_raw_share,level_pctl_10y
pakistan_west,1991-08,4,1980-12,0.140311,2,change_12m_raw_share|volatility_12m_raw_share,level_pctl_10y
pakistan_west,1991-08,5,1980-11,0.150366,2,change_12m_raw_share|volatility_12m_raw_share,level_pctl_10y
pakistan_west,1991-09,1,1980-12,0.006855,2,change_12m_raw_share|volatility_12m_raw_share,level_pctl_10y
pakistan_west,1991-09,2,1980-11,0.017568,2,change_12m_raw_share|volatility_12m_raw_share,level_pctl_10y
pakistan_west,1991-09,3,2005-12,0.126654,3,level_pctl_10y|change_12m_raw_share|volatility_12m_raw_share,
pakistan_west,1991-09,4,1980-04,0.140196,2,change_12m_raw_share|volatility_12m_raw_share,level_pctl_10y
pakistan_west,1991-09,5,2013-03,0.193577,3,level_pctl_10y|change_12m_raw_share|volatility_12m_raw_share,
pakistan_west,1991-10,1,1993-06,0.04565,3,level_pctl_10y|change_12m_raw_share|volatility_12m_raw_share,
pakistan_west,1991-10,2,1980-12,0.08338,2,change_12m_raw_share|volatility_12m_raw_share,level_pctl_10y
pakistan_west,1991-10,3,1980-04,0.087047,2,change_12m_raw_share|volatility_12m_raw_share,level_pctl_10y
pakistan_west,1991-10,4,1980-11,0.09477,2,change_12m_raw_share|volatility_12m_raw_share,level_pctl_10y
pakistan_west,1991-10,5,2008-06,0.128137,3,level_pctl_10y|change_12m_raw_share|volatility_12m_raw_share,
pakistan_west,1991-11,1,1980-02,0.140748,2,change_12m_raw_share|volatility_12m_raw_share,level_pctl_10y
pakistan_west,1991-11,2,1980-10,0.16227,2,change_12m_raw_share|volatility_12m_raw_share,level_pctl_10y
pakistan_west,1991-11,3,1980-05,0.166683,2,change_12m_raw_share|volatility_12m_raw_share,level_pctl_10y
pakistan_west,1991-11,4,1982-09,0.197132,2,change_12m_raw_share|volatility_12m_raw_share,level_pctl_10y
pakistan_west,1991-11,5,1980-06,0.215662,2,change_12m_raw_share|volatility_12m_raw_share,level_pctl_10y
pakistan_west,1991-12,1,2014-07,0.064551,3,level_pctl_10y|change_12m_raw_share|volatility_12m_raw_share,
pakistan_west,1991-12,2,1980-10,0.068968,2,change_12m_raw_share|volatility_12m_raw_share,level_pctl_10y
pakistan_west,1991-12,3,2019-11,0.09112,3,level_pctl_10y|change_12m_raw_share|volatility_12m_raw_share,
pakistan_west,1991-12,4,1980-06,0.096997,2,change_12m_raw_share|volatility_12m_raw_share,level_pctl_10y
pakistan_west,1991-12,5,1980-04,0.115215,2,change_12m_raw_share|volatility_12m_raw_share,level_pctl_10y
pakistan_west,1992-01,1,1980-04,0.086206,2,change_12m_raw_share|volatility_12m_raw_share,level_pctl_10y
pakistan_west,1992-01,2,1980-12,0.092564,2,change_12m_raw_share|volatility_12m_raw_share,level_pctl_10y
pakistan_west,1992-01,3,1980-11,0.103825,2,change_12m_raw_share|volatility_12m_raw_share,level_pctl_10y
pakistan_west,1992-01,4,2019-06,0.122397,3,level_pctl_10y|change_12m_raw_share|volatility_12m_raw_share,
pakistan_west,1992-01,5,1980-06,0.132894,2,change_12m_raw_share|volatility_12m_raw_share,level_pctl_10y
pakistan_west,1992-02,1,1980-03,0.055984,2,change_12m_raw_share|volatility_12m_raw_share,level_pctl_10y
pakistan_west,1992-02,2,1980-09,0.07115,2,change_12m_raw_share|volatility_12m_raw_share,level_pctl_10y
pakistan_west,1992-02,3,1993-01,0.07605,3,level_pctl_10y|change_12m_raw_share|volatility_12m_raw_share,
pakistan_west,1992-02,4,1980-08,0.096047,2,change_12m_raw_share|volatility_12m_raw_share,level_pctl_10y
pakistan_west,1992-02,5,1982-10,0.14696,2,change_12m_raw_share|volatility_12m_raw_share,level_pctl_10y
pakistan_west,1992-03,1,2006-12,0.127392,3,level_pctl_10y|change_12m_raw_share|volatility_12m_raw_share,
pakistan_west,1992-03,2,1980-10,0.129627,2,change_12m_raw_share|volatility_12m_raw_share,level_pctl_10y
pakistan_west,1992-03,3,1980-02,0.149788,2,change_12m_raw_share|volatility_12m_raw_share,level_pctl_10y
pakistan_west,1992-03,4,2014-06,0.173171,3,level_pctl_10y|change_12m_raw_share|volatility_12m_raw_share,
pakistan_west,1992-03,5,1980-06,0.182624,2,change_12m_raw_share|volatility_12m_raw_share,level_pctl_10y
pakistan_west,1992-04,1,1980-10,0.145976,2,change_12m_raw_share|volatility_12m_raw_share,level_pctl_10y
pakistan_west,1992-04,2,1980-02,0.151646,2,change_12m_raw_share|volatility_12m_raw_share,level_pctl_10y
pakistan_west,1992-04,3,2006-01,0.176732,3,level_pctl_10y|change_12m_raw_share|volatility_12m_raw_share,
pakistan_west,1992-04,4,1980-05,0.183056,2,change_12m_raw_share|volatility_12m_raw_share,level_pctl_10y
pakistan_west,1992-04,5,2019-05,0.18632,3,level_pctl_10y|change_12m_raw_share|volatility_12m_raw_share,
pakistan_west,1992-05,1,1983-11,0.22077,2,change_12m_raw_share|volatility_12m_raw_share,level_pctl_10y
pakistan_west,1992-05,2,2015-05,0.264614,2,change_12m_raw_share|volatility_12m_raw_share,level_pctl_10y
pakistan_west,1992-05,3,1981-01,0.287914,2,change_12m_raw_share|volatility_12m_raw_share,level_pctl_10y
pakistan_west,1992-05,4,1983-01,0.309263,2,change_12m_raw_share|volatility_12m_raw_share,level_pctl_10y
pakistan_west,1992-05,5,1994-03,0.40425,3,level_pctl_10y|change_12m_raw_share|volatility_12m_raw_share,
pakistan_west,1992-06,1,2016-07,0.031574,2,change_12m_raw_share|volatility_12m_raw_share,level_pctl_10y
pakistan_west,1992-06,2,2016-04,0.068288,2,change_12m_raw_share|volatility_12m_raw_share,level_pctl_10y
pakistan_west,1992-06,3,2016-06,0.084359,2,change_12m_raw_share|volatility_12m_raw_share,level_pctl_10y
pakistan_west,1992-06,4,2016-01,0.085989,2,change_12m_raw_share|volatility_12m_raw_share,level_pctl_10y
pakistan_west,1992-06,5,2016-12,0.094286,2,change_12m_raw_share|volatility_12m_raw_share,level_pctl_10y
pakistan_west,1992-07,1,1981-08,0.061206,2,change_12m_raw_share|volatility_12m_raw_share,level_pctl_10y
pakistan_west,1992-07,2,2015-12,0.116825,2,change_12m_raw_share|volatility_12m_raw_share,level_pctl_10y
pakistan_west,1992-07,3,2016-08,0.136446,2,change_12m_raw_share|volatility_12m_raw_share,level_pctl_10y
pakistan_west,1992-07,4,1995-02,0.165627,3,level_pctl_10y|change_12m_raw_share|volatility_12m_raw_share,
pakistan_west,1992-07,5,2016-12,0.177076,2,change_12m_raw_share|volatility_12m_raw_share,level_pctl_10y
pakistan_west,1992-08,1,1980-03,0.081405,2,change_12m_raw_share|volatility_12m_raw_share,level_pctl_10y
pakistan_west,1992-08,2,1982-10,0.112528,2,change_12m_raw_share|volatility_12m_raw_share,level_pctl_10y
pakistan_west,1992-08,3,2019-08,0.131537,3,level_pctl_10y|change_12m_raw_share|volatility_12m_raw_share,
pakistan_west,1992-08,4,1980-09,0.208439,2,change_12m_raw_share|volatility_12m_raw_share,level_pctl_10y
pakistan_west,1992-08,5,1985-04,0.218516,3,level_pctl_10y|change_12m_raw_share|volatility_12m_raw_share,
pakistan_west,1992-09,1,1980-04,0.072015,2,change_12m_raw_share|volatility_12m_raw_share,level_pctl_10y
pakistan_west,1992-09,2,1983-04,0.079266,2,change_12m_raw_share|volatility_12m_raw_share,level_pctl_10y
pakistan_west,1992-09,3,1980-06,0.079412,2,change_12m_raw_share|volatility_12m_raw_share,level_pctl_10y
pakistan_west,1992-09,4,1983-06,0.092224,2,change_12m_raw_share|volatility_12m_raw_share,level_pctl_10y
pakistan_west,1992-09,5,1982-06,0.092521,2,change_12m_raw_share|volatility_12m_raw_share,level_pctl_10y
pakistan_west,1992-10,1,1983-03,0.0968,2,change_12m_raw_share|volatility_12m_raw_share,level_pctl_10y
pakistan_west,1992-10,2,1983-09,0.099332,2,change_12m_raw_share|volatility_12m_raw_share,level_pctl_10y
pakistan_west,1992-10,3,1983-08,0.123224,2,change_12m_raw_share|volatility_12m_raw_share,level_pctl_10y
pakistan_west,1992-10,4,1981-04,0.134007,2,change_12m_raw_share|volatility_12m_raw_share,level_pctl_10y
pakistan_west,1992-10,5,2015-01,0.142846,3,level_pctl_10y|change_12m_raw_share|volatility_12m_raw_share,
pakistan_west,1992-11,1,1980-07,0.099753,2,change_12m_raw_share|volatility_12m_raw_share,level_pctl_10y
pakistan_west,1992-11,2,1984-11,0.160739,3,level_pctl_10y|change_12m_raw_share|volatility_12m_raw_share,
pakistan_west,1992-11,3,1986-09,0.174107,3,level_pctl_10y|change_12m_raw_share|volatility_12m_raw_share,
pakistan_west,1992-11,4,1991-05,0.184265,3,level_pctl_10y|change_12m_raw_share|volatility_12m_raw_share,
pakistan_west,1992-11,5,1984-10,0.189965,3,level_pctl_10y|change_12m_raw_share|volatility_12m_raw_share,
pakistan_west,1992-12,1,1982-12,0.034383,2,change_12m_raw_share|volatility_12m_raw_share,level_pctl_10y
pakistan_west,1992-12,2,1982-11,0.066054,2,change_12m_raw_share|volatility_12m_raw_share,level_pctl_10y
pakistan_west,1992-12,3,2019-04,0.153284,3,level_pctl_10y|change_12m_raw_share|volatility_12m_raw_share,
pakistan_west,1992-12,4,2019-07,0.153918,3,level_pctl_10y|change_12m_raw_share|volatility_12m_raw_share,
pakistan_west,1992-12,5,2013-10,0.165372,3,level_pctl_10y|change_12m_raw_share|volatility_12m_raw_share,
pakistan_west,1993-01,1,1992-02,0.07605,3,level_pctl_10y|change_12m_raw_share|volatility_12m_raw_share,
pakistan_west,1993-01,2,1980-09,0.099496,2,change_12m_raw_share|volatility_12m_raw_share,level_pctl_10y
pakistan_west,1993-01,3,1980-03,0.100998,2,change_12m_raw_share|volatility_12m_raw_share,level_pctl_10y
pakistan_west,1993-01,4,1982-10,0.117073,2,change_12m_raw_share|volatility_12m_raw_share,level_pctl_10y
pakistan_west,1993-01,5,1980-08,0.146778,2,change_12m_raw_share|volatility_12m_raw_share,level_pctl_10y
pakistan_west,1993-02,1,1980-05,0.104516,2,change_12m_raw_share|volatility_12m_raw_share,level_pctl_10y
pakistan_west,1993-02,2,1982-07,0.183672,2,change_12m_raw_share|volatility_12m_raw_share,level_pctl_10y
pakistan_west,1993-02,3,2013-11,0.190901,3,level_pctl_10y|change_12m_raw_share|volatility_12m_raw_share,
pakistan_west,1993-02,4,1982-09,0.213649,2,change_12m_raw_share|volatility_12m_raw_share,level_pctl_10y
pakistan_west,1993-02,5,1980-02,0.216574,2,change_12m_raw_share|volatility_12m_raw_share,level_pctl_10y
pakistan_west,1993-03,1,1980-01,0.207112,2,change_12m_raw_share|volatility_12m_raw_share,level_pctl_10y
pakistan_west,1993-03,2,1980-07,0.25297,2,change_12m_raw_share|volatility_12m_raw_share,level_pctl_10y
pakistan_west,1993-03,3,2013-05,0.289603,3,level_pctl_10y|change_12m_raw_share|volatility_12m_raw_share,
pakistan_west,1993-03,4,1997-04,0.313016,3,level_pctl_10y|change_12m_raw_share|volatility_12m_raw_share,
pakistan_west,1993-03,5,1982-01,0.336904,2,change_12m_raw_share|volatility_12m_raw_share,level_pctl_10y
pakistan_west,1993-04,1,1980-11,0.068167,2,change_12m_raw_share|volatility_12m_raw_share,level_pctl_10y
pakistan_west,1993-04,2,1980-12,0.079832,2,change_12m_raw_share|volatility_12m_raw_share,level_pctl_10y
pakistan_west,1993-04,3,1985-09,0.157943,3,level_pctl_10y|change_12m_raw_share|volatility_12m_raw_share,
pakistan_west,1993-04,4,1982-12,0.176935,2,change_12m_raw_share|volatility_12m_raw_share,level_pctl_10y
pakistan_west,1993-04,5,2012-11,0.182294,3,level_pctl_10y|change_12m_raw_share|volatility_12m_raw_share,
pakistan_west,1993-05,1,1980-11,0.118748,2,change_12m_raw_share|volatility_12m_raw_share,level_pctl_10y
pakistan_west,1993-05,2,1980-12,0.130164,2,change_12m_raw_share|volatility_12m_raw_share,level_pctl_10y
pakistan_west,1993-05,3,1982-12,0.134429,2,change_12m_raw_share|volatility_12m_raw_share,level_pctl_10y
pakistan_west,1993-05,4,2003-09,0.155982,3,level_pctl_10y|change_12m_raw_share|volatility_12m_raw_share,
pakistan_west,1993-05,5,1982-11,0.164449,2,change_12m_raw_share|volatility_12m_raw_share,level_pctl_10y
pakistan_west,1993-06,1,1991-10,0.04565,3,level_pctl_10y|change_12m_raw_share|volatility_12m_raw_share,
pakistan_west,1993-06,2,1980-12,0.062136,2,change_12m_raw_share|volatility_12m_raw_share,level_pctl_10y
pakistan_west,1993-06,3,1980-11,0.071814,2,change_12m_raw_share|volatility_12m_raw_share,level_pctl_10y
pakistan_west,1993-06,4,1991-12,0.117975,3,level_pctl_10y|change_12m_raw_share|volatility_12m_raw_share,
pakistan_west,1993-06,5,1980-04,0.118871,2,change_12m_raw_share|volatility_12m_raw_share,level_pctl_10y
pakistan_west,1993-07,1,1980-10,0.009445,2,change_12m_raw_share|volatility_12m_raw_share,level_pctl_10y
pakistan_west,1993-07,2,1980-06,0.138918,2,change_12m_raw_share|volatility_12m_raw_share,level_pctl_10y
pakistan_west,1993-07,3,2014-07,0.151255,3,level_pctl_10y|change_12m_raw_share|volatility_12m_raw_share,
pakistan_west,1993-07,4,2019-05,0.158588,3,level_pctl_10y|change_12m_raw_share|volatility_12m_raw_share,
pakistan_west,1993-07,5,2013-12,0.173941,3,level_pctl_10y|change_12m_raw_share|volatility_12m_raw_share,
pakistan_west,1993-08,1,1981-01,0.150136,2,change_12m_raw_share|volatility_12m_raw_share,level_pctl_10y
pakistan_west,1993-08,2,1983-01,0.196519,2,change_12m_raw_share|volatility_12m_raw_share,level_pctl_10y
pakistan_west,1993-08,3,2005-11,0.373222,3,level_pctl_10y|change_12m_raw_share|volatility_12m_raw_share,
pakistan_west,1993-08,4,1983-11,0.380122,2,change_12m_raw_share|volatility_12m_raw_share,level_pctl_10y
pakistan_west,1993-08,5,2015-05,0.380553,2,change_12m_raw_share|volatility_12m_raw_share,level_pctl_10y
pakistan_west,1993-09,1,1980-06,0.028094,2,change_12m_raw_share|volatility_12m_raw_share,level_pctl_10y
pakistan_west,1993-09,2,2019-11,0.060999,3,level_pctl_10y|change_12m_raw_share|volatility_12m_raw_share,
pakistan_west,1993-09,3,1980-04,0.09993,2,change_12m_raw_share|volatility_12m_raw_share,level_pctl_10y
pakistan_west,1993-09,4,1981-02,0.101133,2,change_12m_raw_share|volatility_12m_raw_share,level_pctl_10y
pakistan_west,1993-09,5,2013-07,0.112835,3,level_pctl_10y|change_12m_raw_share|volatility_12m_raw_share,
pakistan_west,1993-10,1,1982-11,0.044218,2,change_12m_raw_share|volatility_12m_raw_share,level_pctl_10y
pakistan_west,1993-10,2,1988-05,0.09411,3,level_pctl_10y|change_12m_raw_share|volatility_12m_raw_share,
pakistan_west,1993-10,3,1982-12,0.107896,2,change_12m_raw_share|volatility_12m_raw_share,level_pctl_10y
pakistan_west,1993-10,4,1981-04,0.152112,2,change_12m_raw_share|volatility_12m_raw_share,level_pctl_10y
pakistan_west,1993-10,5,2006-09,0.157392,3,level_pctl_10y|change_12m_raw_share|volatility_12m_raw_share,
pakistan_west,1993-11,1,1981-03,0.067433,2,change_12m_raw_share|volatility_12m_raw_share,level_pctl_10y
pakistan_west,1993-11,2,1983-10,0.163694,2,change_12m_raw_share|volatility_12m_raw_share,level_pctl_10y
pakistan_west,1993-11,3,2015-05,0.189556,2,change_12m_raw_share|volatility_12m_raw_share,level_pctl_10y
pakistan_west,1993-11,4,1983-11,0.232149,2,change_12m_raw_share|volatility_12m_raw_share,level_pctl_10y
pakistan_west,1993-11,5,1981-07,0.302345,2,change_12m_raw_share|volatility_12m_raw_share,level_pctl_10y
pakistan_west,1993-12,1,1982-08,0.052422,2,change_12m_raw_share|volatility_12m_raw_share,level_pctl_10y
pakistan_west,1993-12,2,1982-04,0.084764,2,change_12m_raw_share|volatility_12m_raw_share,level_pctl_10y
pakistan_west,1993-12,3,1982-09,0.108967,2,change_12m_raw_share|volatility_12m_raw_share,level_pctl_10y
pakistan_west,1993-12,4,1983-02,0.112458,2,change_12m_raw_share|volatility_12m_raw_share,level_pctl_10y
pakistan_west,1993-12,5,1980-02,0.115462,2,change_12m_raw_share|volatility_12m_raw_share,level_pctl_10y
pakistan_west,1994-01,1,1983-04,0.030996,2,change_12m_raw_share|volatility_12m_raw_share,level_pctl_10y
pakistan_west,1994-01,2,1982-06,0.032761,2,change_12m_raw_share|volatility_12m_raw_share,level_pctl_10y
pakistan_west,1994-01,3,1982-05,0.044349,2,change_12m_raw_share|volatility_12m_raw_share,level_pctl_10y
pakistan_west,1994-01,4,2015-02,0.053417,2,change_12m_raw_share|volatility_12m_raw_share,level_pctl_10y
pakistan_west,1994-01,5,1981-02,0.06573,2,change_12m_raw_share|volatility_12m_raw_share,level_pctl_10y
pakistan_west,1994-02,1,1981-06,0.095284,2,change_12m_raw_share|volatility_12m_raw_share,level_pctl_10y
pakistan_west,1994-02,2,1982-02,0.098288,2,change_12m_raw_share|volatility_12m_raw_share,level_pctl_10y
pakistan_west,1994-02,3,2015-03,0.128284,2,change_12m_raw_share|volatility_12m_raw_share,level_pctl_10y
pakistan_west,1994-02,4,2015-08,0.148975,2,change_12m_raw_share|volatility_12m_raw_share,level_pctl_10y
pakistan_west,1994-02,5,2017-05,0.149124,2,change_12m_raw_share|volatility_12m_raw_share,level_pctl_10y
pakistan_west,1994-03,1,1983-11,0.138207,2,change_12m_raw_share|volatility_12m_raw_share,level_pctl_10y
pakistan_west,1994-03,2,2015-05,0.17522,2,change_12m_raw_share|volatility_12m_raw_share,level_pctl_10y
pakistan_west,1994-03,3,1983-12,0.327623,3,level_pctl_10y|change_12m_raw_share|volatility_12m_raw_share,
pakistan_west,1994-03,4,1981-07,0.349011,2,change_12m_raw_share|volatility_12m_raw_share,level_pctl_10y
pakistan_west,1994-03,5,1981-03,0.397159,2,change_12m_raw_share|volatility_12m_raw_share,level_pctl_10y
pakistan_west,1994-04,1,2016-03,0.053094,2,change_12m_raw_share|volatility_12m_raw_share,level_pctl_10y
pakistan_west,1994-04,2,2016-05,0.075827,2,change_12m_raw_share|volatility_12m_raw_share,level_pctl_10y
pakistan_west,1994-04,3,2016-04,0.080493,2,change_12m_raw_share|volatility_12m_raw_share,level_pctl_10y
pakistan_west,1994-04,4,2016-06,0.095251,2,change_12m_raw_share|volatility_12m_raw_share,level_pctl_10y
pakistan_west,1994-04,5,2016-01,0.106051,2,change_12m_raw_share|volatility_12m_raw_share,level_pctl_10y
pakistan_west,1994-05,1,1981-08,0.065206,2,change_12m_raw_share|volatility_12m_raw_share,level_pctl_10y
pakistan_west,1994-05,2,2016-08,0.065719,2,change_12m_raw_share|volatility_12m_raw_share,level_pctl_10y
pakistan_west,1994-05,3,1981-09,0.15264,2,change_12m_raw_share|volatility_12m_raw_share,level_pctl_10y
pakistan_west,1994-05,4,2015-12,0.222642,2,change_12m_raw_share|volatility_12m_raw_share,level_pctl_10y
pakistan_west,1994-05,5,1992-07,0.263093,3,level_pctl_10y|change_12m_raw_share|volatility_12m_raw_share,
pakistan_west,1994-06,1,2018-02,0.138151,3,level_pctl_10y|change_12m_raw_share|volatility_12m_raw_share,
pakistan_west,1994-06,2,1981-10,0.167851,2,change_12m_raw_share|volatility_12m_raw_share,level_pctl_10y
pakistan_west,1994-06,3,1981-12,0.180208,2,change_12m_raw_share|volatility_12m_raw_share,level_pctl_10y
pakistan_west,1994-06,4,2016-02,0.188965,2,change_12m_raw_share|volatility_12m_raw_share,level_pctl_10y
pakistan_west,1994-06,5,1981-11,0.189408,2,change_12m_raw_share|volatility_12m_raw_share,level_pctl_10y
pakistan_west,1994-07,1,2016-09,0.134675,2,change_12m_raw_share|volatility_12m_raw_share,level_pctl_10y
pakistan_west,1994-07,2,1981-11,0.151419,2,change_12m_raw_share|volatility_12m_raw_share,level_pctl_10y
pakistan_west,1994-07,3,2016-10,0.244318,2,change_12m_raw_share|volatility_12m_raw_share,level_pctl_10y
pakistan_west,1994-07,4,2016-02,0.275496,2,change_12m_raw_share|volatility_12m_raw_share,level_pctl_10y
pakistan_west,1994-07,5,2017-05,0.32205,2,change_12m_raw_share|volatility_12m_raw_share,level_pctl_10y
pakistan_west,1994-08,1,2016-10,0.172269,2,change_12m_raw_share|volatility_12m_raw_share,level_pctl_10y
pakistan_west,1994-08,2,2016-09,0.174005,2,change_12m_raw_share|volatility_12m_raw_share,level_pctl_10y
pakistan_west,1994-08,3,1981-11,0.233088,2,change_12m_raw_share|volatility_12m_raw_share,level_pctl_10y
pakistan_west,1994-08,4,1995-05,0.243519,3,level_pctl_10y|change_12m_raw_share|volatility_12m_raw_share,
pakistan_west,1994-08,5,2017-05,0.306794,2,change_12m_raw_share|volatility_12m_raw_share,level_pctl_10y
pakistan_west,1994-09,1,2016-09,0.039304,2,change_12m_raw_share|volatility_12m_raw_share,level_pctl_10y
pakistan_west,1994-09,2,1981-11,0.06539,2,change_12m_raw_share|volatility_12m_raw_share,level_pctl_10y
pakistan_west,1994-09,3,2016-02,0.173641,2,change_12m_raw_share|volatility_12m_raw_share,level_pctl_10y
pakistan_west,1994-09,4,2016-10,0.200691,2,change_12m_raw_share|volatility_12m_raw_share,level_pctl_10y
pakistan_west,1994-09,5,2017-05,0.231673,2,change_12m_raw_share|volatility_12m_raw_share,level_pctl_10y
pakistan_west,1994-10,1,2015-12,0.077307,2,change_12m_raw_share|volatility_12m_raw_share,level_pctl_10y
pakistan_west,1994-10,2,1981-07,0.108513,2,change_12m_raw_share|volatility_12m_raw_share,level_pctl_10y
pakistan_west,1994-10,3,1981-08,0.127857,2,change_12m_raw_share|volatility_12m_raw_share,level_pctl_10y
pakistan_west,1994-10,4,2017-09,0.193765,3,level_pctl_10y|change_12m_raw_share|volatility_12m_raw_share,
pakistan_west,1994-10,5,2016-08,0.208024,2,change_12m_raw_share|volatility_12m_raw_share,level_pctl_10y
pakistan_west,1994-11,1,2016-04,0.035647,2,change_12m_raw_share|volatility_12m_raw_share,level_pctl_10y
pakistan_west,1994-11,2,2016-03,0.038997,2,change_12m_raw_share|volatility_12m_raw_share,level_pctl_10y
pakistan_west,1994-11,3,2016-05,0.040106,2,change_12m_raw_share|volatility_12m_raw_share,level_pctl_10y
pakistan_west,1994-11,4,2016-06,0.049215,2,change_12m_raw_share|volatility_12m_raw_share,level_pctl_10y
pakistan_west,1994-11,5,2016-01,0.060901,2,change_12m_raw_share|volatility_12m_raw_share,level_pctl_10y
pakistan_west,1994-12,1,1981-12,0.084209,2,change_12m_raw_share|volatility_12m_raw_share,level_pctl_10y
pakistan_west,1994-12,2,2016-11,0.139195,2,change_12m_raw_share|volatility_12m_raw_share,level_pctl_10y
pakistan_west,1994-12,3,1981-10,0.142828,2,change_12m_raw_share|volatility_12m_raw_share,level_pctl_10y
pakistan_west,1994-12,4,2015-07,0.158193,2,change_12m_raw_share|volatility_12m_raw_share,level_pctl_10y
pakistan_west,1994-12,5,2016-02,0.161193,2,change_12m_raw_share|volatility_12m_raw_share,level_pctl_10y
pakistan_west,1995-01,1,2016-02,0.052893,2,change_12m_raw_share|volatility_12m_raw_share,level_pctl_10y
pakistan_west,1995-01,2,2015-07,0.088977,2,change_12m_raw_share|volatility_12m_raw_share,level_pctl_10y
pakistan_west,1995-01,3,2017-05,0.091084,2,change_12m_raw_share|volatility_12m_raw_share,level_pctl_10y
pakistan_west,1995-01,4,1984-05,0.132793,3,level_pctl_10y|change_12m_raw_share|volatility_12m_raw_share,
pakistan_west,1995-01,5,2015-08,0.155712,2,change_12m_raw_share|volatility_12m_raw_share,level_pctl_10y
pakistan_west,1995-02,1,2016-12,0.051499,2,change_12m_raw_share|volatility_12m_raw_share,level_pctl_10y
pakistan_west,1995-02,2,2017-01,0.077012,2,change_12m_raw_share|volatility_12m_raw_share,level_pctl_10y
pakistan_west,1995-02,3,2017-02,0.103616,2,change_12m_raw_share|volatility_12m_raw_share,level_pctl_10y
pakistan_west,1995-02,4,2016-07,0.104807,2,change_12m_raw_share|volatility_12m_raw_share,level_pctl_10y
pakistan_west,1995-02,5,2016-04,0.137174,2,change_12m_raw_share|volatility_12m_raw_share,level_pctl_10y
pakistan_west,1995-03,1,2016-01,0.049442,2,change_12m_raw_share|volatility_12m_raw_share,level_pctl_10y
pakistan_west,1995-03,2,2016-07,0.049906,2,change_12m_raw_share|volatility_12m_raw_share,level_pctl_10y
pakistan_west,1995-03,3,2016-06,0.054126,2,change_12m_raw_share|volatility_12m_raw_share,level_pctl_10y
pakistan_west,1995-03,4,2016-04,0.071448,2,change_12m_raw_share|volatility_12m_raw_share,level_pctl_10y
pakistan_west,1995-03,5,2016-05,0.08185,2,change_12m_raw_share|volatility_12m_raw_share,level_pctl_10y
pakistan_west,1995-04,1,2017-01,0.055379,2,change_12m_raw_share|volatility_12m_raw_share,level_pctl_10y
pakistan_west,1995-04,2,2016-12,0.056255,2,change_12m_raw_share|volatility_12m_raw_share,level_pctl_10y
pakistan_west,1995-04,3,2017-02,0.060087,2,change_12m_raw_share|volatility_12m_raw_share,level_pctl_10y
pakistan_west,1995-04,4,2016-07,0.087077,2,change_12m_raw_share|volatility_12m_raw_share,level_pctl_10y
pakistan_west,1995-04,5,2017-03,0.090781,2,change_12m_raw_share|volatility_12m_raw_share,level_pctl_10y
pakistan_west,1995-05,1,2016-10,0.093013,2,change_12m_raw_share|volatility_12m_raw_share,level_pctl_10y
pakistan_west,1995-05,2,1982-10,0.149194,2,change_12m_raw_share|volatility_12m_raw_share,level_pctl_10y
pakistan_west,1995-05,3,2017-05,0.221849,2,change_12m_raw_share|volatility_12m_raw_share,level_pctl_10y
pakistan_west,1995-05,4,1981-06,0.229639,2,change_12m_raw_share|volatility_12m_raw_share,level_pctl_10y
pakistan_west,1995-05,5,1982-02,0.234448,2,change_12m_raw_share|volatility_12m_raw_share,level_pctl_10y
pakistan_west,1995-06,1,2017-02,0.075608,2,change_12m_raw_share|volatility_12m_raw_share,level_pctl_10y
pakistan_west,1995-06,2,1982-08,0.089025,2,change_12m_raw_share|volatility_12m_raw_share,level_pctl_10y
pakistan_west,1995-06,3,2017-01,0.102791,2,change_12m_raw_share|volatility_12m_raw_share,level_pctl_10y
pakistan_west,1995-06,4,1996-02,0.105179,3,level_pctl_10y|change_12m_raw_share|volatility_12m_raw_share,
pakistan_west,1995-06,5,2015-10,0.107746,2,change_12m_raw_share|volatility_12m_raw_share,level_pctl_10y
pakistan_west,1995-07,1,1981-03,0.046662,2,change_12m_raw_share|volatility_12m_raw_share,level_pctl_10y
pakistan_west,1995-07,2,1983-10,0.058182,2,change_12m_raw_share|volatility_12m_raw_share,level_pctl_10y
pakistan_west,1995-07,3,1981-07,0.223385,2,change_12m_raw_share|volatility_12m_raw_share,level_pctl_10y
pakistan_west,1995-07,4,2015-05,0.232314,2,change_12m_raw_share|volatility_12m_raw_share,level_pctl_10y
pakistan_west,1995-07,5,2006-06,0.241947,3,level_pctl_10y|change_12m_raw_share|volatility_12m_raw_share,
pakistan_west,1995-08,1,2015-12,0.108789,2,change_12m_raw_share|volatility_12m_raw_share,level_pctl_10y
pakistan_west,1995-08,2,1981-07,0.146975,2,change_12m_raw_share|volatility_12m_raw_share,level_pctl_10y
pakistan_west,1995-08,3,1983-10,0.147269,2,change_12m_raw_share|volatility_12m_raw_share,level_pctl_10y
pakistan_west,1995-08,4,1982-07,0.167475,2,change_12m_raw_share|volatility_12m_raw_share,level_pctl_10y
pakistan_west,1995-08,5,1983-02,0.192051,2,change_12m_raw_share|volatility_12m_raw_share,level_pctl_10y
pakistan_west,1995-09,1,2017-01,0.042638,2,change_12m_raw_share|volatility_12m_raw_share,level_pctl_10y
pakistan_west,1995-09,2,2016-12,0.045578,2,change_12m_raw_share|volatility_12m_raw_share,level_pctl_10y
pakistan_west,1995-09,3,2017-02,0.061363,2,change_12m_raw_share|volatility_12m_raw_share,level_pctl_10y
pakistan_west,1995-09,4,1984-06,0.075441,3,level_pctl_10y|change_12m_raw_share|volatility_12m_raw_share,
pakistan_west,1995-09,5,1982-04,0.148314,2,change_12m_raw_share|volatility_12m_raw_share,level_pctl_10y
pakistan_west,1995-10,1,2015-07,0.026567,2,change_12m_raw_share|volatility_12m_raw_share,level_pctl_10y
pakistan_west,1995-10,2,2015-08,0.101484,2,change_12m_raw_share|volatility_12m_raw_share,level_pctl_10y
pakistan_west,1995-10,3,2016-11,0.104245,2,change_12m_raw_share|volatility_12m_raw_share,level_pctl_10y
pakistan_west,1995-10,4,2015-04,0.114822,2,change_12m_raw_share|volatility_12m_raw_share,level_pctl_10y
pakistan_west,1995-10,5,2017-05,0.125267,2,change_12m_raw_share|volatility_12m_raw_share,level_pctl_10y
pakistan_west,1995-11,1,2017-02,0.046929,2,change_12m_raw_share|volatility_12m_raw_share,level_pctl_10y
pakistan_west,1995-11,2,2017-03,0.061494,2,change_12m_raw_share|volatility_12m_raw_share,level_pctl_10y
pakistan_west,1995-11,3,2017-01,0.061929,2,change_12m_raw_share|volatility_12m_raw_share,level_pctl_10y
pakistan_west,1995-11,4,2016-12,0.077321,2,change_12m_raw_share|volatility_12m_raw_share,level_pctl_10y
pakistan_west,1995-11,5,2015-10,0.083777,2,change_12m_raw_share|volatility_12m_raw_share,level_pctl_10y
pakistan_west,1995-12,1,2017-03,0.055533,2,change_12m_raw_share|volatility_12m_raw_share,level_pctl_10y
pakistan_west,1995-12,2,1996-12,0.058801,3,level_pctl_10y|change_12m_raw_share|volatility_12m_raw_share,
pakistan_west,1995-12,3,1996-10,0.059136,3,level_pctl_10y|change_12m_raw_share|volatility_12m_raw_share,
pakistan_west,1995-12,4,2015-10,0.060348,2,change_12m_raw_share|volatility_12m_raw_share,level_pctl_10y
pakistan_west,1995-12,5,2017-04,0.093531,2,change_12m_raw_share|volatility_12m_raw_share,level_pctl_10y
pakistan_west,1996-01,1,2017-04,0.002189,2,change_12m_raw_share|volatility_12m_raw_share,level_pctl_10y
pakistan_west,1996-01,2,2015-11,0.02259,2,change_12m_raw_share|volatility_12m_raw_share,level_pctl_10y
pakistan_west,1996-01,3,2015-09,0.036215,2,change_12m_raw_share|volatility_12m_raw_share,level_pctl_10y
pakistan_west,1996-01,4,2015-06,0.065727,2,change_12m_raw_share|volatility_12m_raw_share,level_pctl_10y
pakistan_west,1996-01,5,1982-03,0.074298,2,change_12m_raw_share|volatility_12m_raw_share,level_pctl_10y
pakistan_west,1996-02,1,2017-02,0.053216,2,change_12m_raw_share|volatility_12m_raw_share,level_pctl_10y
pakistan_west,1996-02,2,2017-03,0.057932,2,change_12m_raw_share|volatility_12m_raw_share,level_pctl_10y
pakistan_west,1996-02,3,2015-10,0.068042,2,change_12m_raw_share|volatility_12m_raw_share,level_pctl_10y
pakistan_west,1996-02,4,2017-01,0.079274,2,change_12m_raw_share|volatility_12m_raw_share,level_pctl_10y
pakistan_west,1996-02,5,2016-12,0.101355,2,change_12m_raw_share|volatility_12m_raw_share,level_pctl_10y
pakistan_west,1996-03,1,2015-09,0.035697,2,change_12m_raw_share|volatility_12m_raw_share,level_pctl_10y
pakistan_west,1996-03,2,2015-11,0.043275,2,change_12m_raw_share|volatility_12m_raw_share,level_pctl_10y
pakistan_west,1996-03,3,1991-03,0.048237,3,level_pctl_10y|change_12m_raw_share|volatility_12m_raw_share,
pakistan_west,1996-03,4,2017-04,0.049802,2,change_12m_raw_share|volatility_12m_raw_share,level_pctl_10y
pakistan_west,1996-03,5,1982-03,0.050937,2,change_12m_raw_share|volatility_12m_raw_share,level_pctl_10y
pakistan_west,1996-04,1,2017-04,0.030648,2,change_12m_raw_share|volatility_12m_raw_share,level_pctl_10y
pakistan_west,1996-04,2,2015-11,0.032147,2,change_12m_raw_share|volatility_12m_raw_share,level_pctl_10y
pakistan_west,1996-04,3,2015-09,0.04625,2,change_12m_raw_share|volatility_12m_raw_share,level_pctl_10y
pakistan_west,1996-04,4,2015-06,0.07729,2,change_12m_raw_share|volatility_12m_raw_share,level_pctl_10y
pakistan_west,1996-04,5,1982-03,0.080496,2,change_12m_raw_share|volatility_12m_raw_share,level_pctl_10y
pakistan_west,1996-05,1,2017-03,0.046406,2,change_12m_raw_share|volatility_12m_raw_share,level_pctl_10y
pakistan_west,1996-05,2,2015-10,0.055612,2,change_12m_raw_share|volatility_12m_raw_share,level_pctl_10y
pakistan_west,1996-05,3,2016-01,0.094715,2,change_12m_raw_share|volatility_12m_raw_share,level_pctl_10y
pakistan_west,1996-05,4,2017-04,0.104685,2,change_12m_raw_share|volatility_12m_raw_share,level_pctl_10y
pakistan_west,1996-05,5,2015-09,0.104905,2,change_12m_raw_share|volatility_12m_raw_share,level_pctl_10y
pakistan_west,1996-06,1,2015-07,0.053096,2,change_12m_raw_share|volatility_12m_raw_share,level_pctl_10y
pakistan_west,1996-06,2,2015-08,0.072467,2,change_12m_raw_share|volatility_12m_raw_share,level_pctl_10y
pakistan_west,1996-06,3,2017-05,0.073809,2,change_12m_raw_share|volatility_12m_raw_share,level_pctl_10y
pakistan_west,1996-06,4,2015-03,0.102659,2,change_12m_raw_share|volatility_12m_raw_share,level_pctl_10y
pakistan_west,1996-06,5,1981-06,0.115964,2,change_12m_raw_share|volatility_12m_raw_share,level_pctl_10y
pakistan_west,1996-07,1,2016-11,0.00042,2,change_12m_raw_share|volatility_12m_raw_share,level_pctl_10y
pakistan_west,1996-07,2,2015-06,0.071057,2,change_12m_raw_share|volatility_12m_raw_share,level_pctl_10y
pakistan_west,1996-07,3,2017-04,0.101929,2,change_12m_raw_share|volatility_12m_raw_share,level_pctl_10y
pakistan_west,1996-07,4,2015-04,0.111138,2,change_12m_raw_share|volatility_12m_raw_share,level_pctl_10y
pakistan_west,1996-07,5,2015-07,0.113657,2,change_12m_raw_share|volatility_12m_raw_share,level_pctl_10y
pakistan_west,1996-08,1,2017-03,0.060722,2,change_12m_raw_share|volatility_12m_raw_share,level_pctl_10y
pakistan_west,1996-08,2,2016-01,0.071075,2,change_12m_raw_share|volatility_12m_raw_share,level_pctl_10y
pakistan_west,1996-08,3,2016-07,0.075947,2,change_12m_raw_share|volatility_12m_raw_share,level_pctl_10y
pakistan_west,1996-08,4,2016-06,0.0786,2,change_12m_raw_share|volatility_12m_raw_share,level_pctl_10y
pakistan_west,1996-08,5,2015-10,0.088677,2,change_12m_raw_share|volatility_12m_raw_share,level_pctl_10y
pakistan_west,1996-09,1,2017-01,0.036159,2,change_12m_raw_share|volatility_12m_raw_share,level_pctl_10y
pakistan_west,1996-09,2,2016-12,0.042326,2,change_12m_raw_share|volatility_12m_raw_share,level_pctl_10y
pakistan_west,1996-09,3,2017-02,0.054042,2,change_12m_raw_share|volatility_12m_raw_share,level_pctl_10y
pakistan_west,1996-09,4,1982-04,0.147779,2,change_12m_raw_share|volatility_12m_raw_share,level_pctl_10y
pakistan_west,1996-09,5,1995-11,0.152003,3,level_pctl_10y|change_12m_raw_share|volatility_12m_raw_share,
pakistan_west,1996-10,1,1995-12,0.059136,3,level_pctl_10y|change_12m_raw_share|volatility_12m_raw_share,
pakistan_west,1996-10,2,2017-03,0.062399,2,change_12m_raw_share|volatility_12m_raw_share,level_pctl_10y
pakistan_west,1996-10,3,2015-10,0.067197,2,change_12m_raw_share|volatility_12m_raw_share,level_pctl_10y
pakistan_west,1996-10,4,2017-04,0.088546,2,change_12m_raw_share|volatility_12m_raw_share,level_pctl_10y
pakistan_west,1996-10,5,2015-09,0.091763,2,change_12m_raw_share|volatility_12m_raw_share,level_pctl_10y
pakistan_west,1996-11,1,2017-04,0.028074,2,change_12m_raw_share|volatility_12m_raw_share,level_pctl_10y
pakistan_west,1996-11,2,2015-06,0.036532,2,change_12m_raw_share|volatility_12m_raw_share,level_pctl_10y
pakistan_west,1996-11,3,2015-11,0.05192,2,change_12m_raw_share|volatility_12m_raw_share,level_pctl_10y
pakistan_west,1996-11,4,2017-06,0.052457,3,level_pctl_10y|change_12m_raw_share|volatility_12m_raw_share,
pakistan_west,1996-11,5,2015-09,0.064805,2,change_12m_raw_share|volatility_12m_raw_share,level_pctl_10y
pakistan_west,1996-12,1,2017-04,0.051674,2,change_12m_raw_share|volatility_12m_raw_share,level_pctl_10y
pakistan_west,1996-12,2,1995-12,0.058801,3,level_pctl_10y|change_12m_raw_share|volatility_12m_raw_share,
pakistan_west,1996-12,3,2015-11,0.06607,2,change_12m_raw_share|volatility_12m_raw_share,level_pctl_10y
pakistan_west,1996-12,4,2015-06,0.066819,2,change_12m_raw_share|volatility_12m_raw_share,level_pctl_10y
pakistan_west,1996-12,5,2015-09,0.069776,2,change_12m_raw_share|volatility_12m_raw_share,level_pctl_10y
pakistan_west,1997-01,1,1981-07,0.078652,2,change_12m_raw_share|volatility_12m_raw_share,level_pctl_10y
pakistan_west,1997-01,2,2015-12,0.109638,2,change_12m_raw_share|volatility_12m_raw_share,level_pctl_10y
pakistan_west,1997-01,3,1981-08,0.185032,2,change_12m_raw_share|volatility_12m_raw_share,level_pctl_10y
pakistan_west,1997-01,4,1995-08,0.204328,3,level_pctl_10y|change_12m_raw_share|volatility_12m_raw_share,
pakistan_west,1997-01,5,2016-08,0.261462,2,change_12m_raw_share|volatility_12m_raw_share,level_pctl_10y
pakistan_west,1997-02,1,1981-12,0.087407,2,change_12m_raw_share|volatility_12m_raw_share,level_pctl_10y
pakistan_west,1997-02,2,1981-10,0.139299,2,change_12m_raw_share|volatility_12m_raw_share,level_pctl_10y
pakistan_west,1997-02,3,2016-02,0.152525,2,change_12m_raw_share|volatility_12m_raw_share,level_pctl_10y
pakistan_west,1997-02,4,2016-11,0.154846,2,change_12m_raw_share|volatility_12m_raw_share,level_pctl_10y
pakistan_west,1997-02,5,2015-07,0.163271,2,change_12m_raw_share|volatility_12m_raw_share,level_pctl_10y
pakistan_west,1997-03,1,1984-07,0.138683,3,level_pctl_10y|change_12m_raw_share|volatility_12m_raw_share,
pakistan_west,1997-03,2,2012-04,0.389935,3,level_pctl_10y|change_12m_raw_share|volatility_12m_raw_share,
pakistan_west,1997-03,3,1980-01,0.39791,2,change_12m_raw_share|volatility_12m_raw_share,level_pctl_10y
pakistan_west,1997-03,4,1993-03,0.449149,3,level_pctl_10y|change_12m_raw_share|volatility_12m_raw_share,
pakistan_west,1997-03,5,2008-11,0.537776,3,level_pctl_10y|change_12m_raw_share|volatility_12m_raw_share,
pakistan_west,1997-04,1,1987-01,0.312619,3,level_pctl_10y|change_12m_raw_share|volatility_12m_raw_share,
pakistan_west,1997-04,2,1993-03,0.313016,3,level_pctl_10y|change_12m_raw_share|volatility_12m_raw_share,
pakistan_west,1997-04,3,1984-10,0.360185,3,level_pctl_10y|change_12m_raw_share|volatility_12m_raw_share,
pakistan_west,1997-04,4,2001-05,0.370483,3,level_pctl_10y|change_12m_raw_share|volatility_12m_raw_share,
pakistan_west,1997-04,5,1980-07,0.376696,2,change_12m_raw_share|volatility_12m_raw_share,level_pctl_10y
pakistan_west,1997-05,1,1986-01,0.160387,3,level_pctl_10y|change_12m_raw_share|volatility_12m_raw_share,
pakistan_west,1997-05,2,2003-08,0.251561,3,level_pctl_10y|change_12m_raw_share|volatility_12m_raw_share,
pakistan_west,1997-05,3,1986-11,0.28317,3,level_pctl_10y|change_12m_raw_share|volatility_12m_raw_share,
pakistan_west,1997-05,4,1985-07,0.29204,3,level_pctl_10y|change_12m_raw_share|volatility_12m_raw_share,
pakistan_west,1997-05,5,2000-12,0.293458,3,level_pctl_10y|change_12m_raw_share|volatility_12m_raw_share,
pakistan_west,1997-06,1,1998-11,0.163694,3,level_pctl_10y|change_12m_raw_share|volatility_12m_raw_share,
pakistan_west,1997-06,2,2000-12,0.292981,3,level_pctl_10y|change_12m_raw_share|volatility_12m_raw_share,
pakistan_west,1997-06,3,1998-05,0.316632,3,level_pctl_10y|change_12m_raw_share|volatility_12m_raw_share,
pakistan_west,1997-06,4,1985-12,0.333549,3,level_pctl_10y|change_12m_raw_share|volatility_12m_raw_share,
pakistan_west,1997-06,5,1989-03,0.334618,3,level_pctl_10y|change_12m_raw_share|volatility_12m_raw_share,
pakistan_west,1997-07,1,1987-04,0.085749,3,level_pctl_10y|change_12m_raw_share|volatility_12m_raw_share,
pakistan_west,1997-07,2,1998-12,0.157293,3,level_pctl_10y|change_12m_raw_share|volatility_12m_raw_share,
pakistan_west,1997-07,3,1987-05,0.2272,3,level_pctl_10y|change_12m_raw_share|volatility_12m_raw_share,
pakistan_west,1997-07,4,2005-02,0.275163,3,level_pctl_10y|change_12m_raw_share|volatility_12m_raw_share,
pakistan_west,1997-07,5,1986-02,0.282519,3,level_pctl_10y|change_12m_raw_share|volatility_12m_raw_share,
pakistan_west,1997-08,1,1998-11,0.1496,3,level_pctl_10y|change_12m_raw_share|volatility_12m_raw_share,
pakistan_west,1997-08,2,1998-05,0.267543,3,level_pctl_10y|change_12m_raw_share|volatility_12m_raw_share,
pakistan_west,1997-08,3,1984-11,0.294094,3,level_pctl_10y|change_12m_raw_share|volatility_12m_raw_share,
pakistan_west,1997-08,4,1984-10,0.303448,3,level_pctl_10y|change_12m_raw_share|volatility_12m_raw_share,
pakistan_west,1997-08,5,1985-12,0.303697,3,level_pctl_10y|change_12m_raw_share|volatility_12m_raw_share,
pakistan_west,1997-09,1,2001-06,0.185289,3,level_pctl_10y|change_12m_raw_share|volatility_12m_raw_share,
pakistan_west,1997-09,2,2004-01,0.199518,3,level_pctl_10y|change_12m_raw_share|volatility_12m_raw_share,
pakistan_west,1997-09,3,2008-11,0.323257,3,level_pctl_10y|change_12m_raw_share|volatility_12m_raw_share,
pakistan_west,1997-09,4,2005-04,0.39542,3,level_pctl_10y|change_12m_raw_share|volatility_12m_raw_share,
pakistan_west,1997-09,5,1988-12,0.509382,3,level_pctl_10y|change_12m_raw_share|volatility_12m_raw_share,
pakistan_west,1997-10,1,1998-11,0.012921,3,level_pctl_10y|change_12m_raw_share|volatility_12m_raw_share,
pakistan_west,1997-10,2,1999-03,0.177475,3,level_pctl_10y|change_12m_raw_share|volatility_12m_raw_share,
pakistan_west,1997-10,3,1989-03,0.243119,3,level_pctl_10y|change_12m_raw_share|volatility_12m_raw_share,
pakistan_west,1997-10,4,1998-07,0.272208,3,level_pctl_10y|change_12m_raw_share|volatility_12m_raw_share,
pakistan_west,1997-10,5,1998-05,0.295606,3,level_pctl_10y|change_12m_raw_share|volatility_12m_raw_share,
pakistan_west,1997-11,1,1990-11,0.016523,3,level_pctl_10y|change_12m_raw_share|volatility_12m_raw_share,
pakistan_west,1997-11,2,2005-10,0.25028,3,level_pctl_10y|change_12m_raw_share|volatility_12m_raw_share,
pakistan_west,1997-11,3,1999-01,0.352646,3,level_pctl_10y|change_12m_raw_share|volatility_12m_raw_share,
pakistan_west,1997-11,4,1987-08,0.366697,3,level_pctl_10y|change_12m_raw_share|volatility_12m_raw_share,
pakistan_west,1997-11,5,1985-06,0.386686,3,level_pctl_10y|change_12m_raw_share|volatility_12m_raw_share,
pakistan_west,1997-12,1,1990-12,0.117459,3,level_pctl_10y|change_12m_raw_share|volatility_12m_raw_share,
pakistan_west,1997-12,2,1987-06,0.167157,3,level_pctl_10y|change_12m_raw_share|volatility_12m_raw_share,
pakistan_west,1997-12,3,2010-03,0.273779,3,level_pctl_10y|change_12m_raw_share|volatility_12m_raw_share,
pakistan_west,1997-12,4,2010-12,0.276443,3,level_pctl_10y|change_12m_raw_share|volatility_12m_raw_share,
pakistan_west,1997-12,5,2012-06,0.283389,3,level_pctl_10y|change_12m_raw_share|volatility_12m_raw_share,
pakistan_west,1998-01,1,2005-03,0.251724,3,level_pctl_10y|change_12m_raw_share|volatility_12m_raw_share,
pakistan_west,1998-01,2,2005-08,0.289206,3,level_pctl_10y|change_12m_raw_share|volatility_12m_raw_share,
pakistan_west,1998-01,3,2010-11,0.302837,3,level_pctl_10y|change_12m_raw_share|volatility_12m_raw_share,
pakistan_west,1998-01,4,2010-12,0.303286,3,level_pctl_10y|change_12m_raw_share|volatility_12m_raw_share,
pakistan_west,1998-01,5,1987-04,0.320552,3,level_pctl_10y|change_12m_raw_share|volatility_12m_raw_share,
pakistan_west,1998-02,1,2010-10,0.099437,3,level_pctl_10y|change_12m_raw_share|volatility_12m_raw_share,
pakistan_west,1998-02,2,1990-10,0.12768,3,level_pctl_10y|change_12m_raw_share|volatility_12m_raw_share,
pakistan_west,1998-02,3,1987-07,0.179895,3,level_pctl_10y|change_12m_raw_share|volatility_12m_raw_share,
pakistan_west,1998-02,4,1990-09,0.255422,3,level_pctl_10y|change_12m_raw_share|volatility_12m_raw_share,
pakistan_west,1998-02,5,1986-05,0.275861,3,level_pctl_10y|change_12m_raw_share|volatility_12m_raw_share,
pakistan_west,1998-03,1,2005-09,0.379361,3,level_pctl_10y|change_12m_raw_share|volatility_12m_raw_share,
pakistan_west,1998-03,2,2000-10,0.389588,3,level_pctl_10y|change_12m_raw_share|volatility_12m_raw_share,
pakistan_west,1998-03,3,2010-07,0.442332,3,level_pctl_10y|change_12m_raw_share|volatility_12m_raw_share,
pakistan_west,1998-03,4,2004-05,0.505679,3,level_pctl_10y|change_12m_raw_share|volatility_12m_raw_share,
pakistan_west,1998-03,5,2005-11,0.552855,3,level_pctl_10y|change_12m_raw_share|volatility_12m_raw_share,
pakistan_west,1998-04,1,2000-09,0.243852,3,level_pctl_10y|change_12m_raw_share|volatility_12m_raw_share,
pakistan_west,1998-04,2,2003-10,0.404218,3,level_pctl_10y|change_12m_raw_share|volatility_12m_raw_share,
pakistan_west,1998-04,3,1986-03,0.497046,3,level_pctl_10y|change_12m_raw_share|volatility_12m_raw_share,
pakistan_west,1998-04,4,1986-04,0.517201,3,level_pctl_10y|change_12m_raw_share|volatility_12m_raw_share,
pakistan_west,1998-04,5,2004-08,0.541731,3,level_pctl_10y|change_12m_raw_share|volatility_12m_raw_share,
pakistan_west,1998-05,1,2000-12,0.261201,3,level_pctl_10y|change_12m_raw_share|volatility_12m_raw_share,
pakistan_west,1998-05,2,1997-08,0.267543,3,level_pctl_10y|change_12m_raw_share|volatility_12m_raw_share,
pakistan_west,1998-05,3,1987-01,0.281145,3,level_pctl_10y|change_12m_raw_share|volatility_12m_raw_share,
pakistan_west,1998-05,4,1997-10,0.295606,3,level_pctl_10y|change_12m_raw_share|volatility_12m_raw_share,
pakistan_west,1998-05,5,1997-06,0.316632,3,level_pctl_10y|change_12m_raw_share|volatility_12m_raw_share,
pakistan_west,1998-06,1,1999-05,0.278515,3,level_pctl_10y|change_12m_raw_share|volatility_12m_raw_share,
pakistan_west,1998-06,2,1999-03,0.381174,3,level_pctl_10y|change_12m_raw_share|volatility_12m_raw_share,
pakistan_west,1998-06,3,1997-10,0.393846,3,level_pctl_10y|change_12m_raw_share|volatility_12m_raw_share,
pakistan_west,1998-06,4,1987-01,0.406977,3,level_pctl_10y|change_12m_raw_share|volatility_12m_raw_share,
pakistan_west,1998-06,5,1997-08,0.423404,3,level_pctl_10y|change_12m_raw_share|volatility_12m_raw_share,
pakistan_west,1998-07,1,1999-03,0.185573,3,level_pctl_10y|change_12m_raw_share|volatility_12m_raw_share,
pakistan_west,1998-07,2,1997-10,0.272208,3,level_pctl_10y|change_12m_raw_share|volatility_12m_raw_share,
pakistan_west,1998-07,3,1989-03,0.308901,3,level_pctl_10y|change_12m_raw_share|volatility_12m_raw_share,
pakistan_west,1998-07,4,1997-08,0.360289,3,level_pctl_10y|change_12m_raw_share|volatility_12m_raw_share,
pakistan_west,1998-07,5,1997-06,0.434209,3,level_pctl_10y|change_12m_raw_share|volatility_12m_raw_share,
pakistan_west,1998-08,1,1989-01,0.069027,3,level_pctl_10y|change_12m_raw_share|volatility_12m_raw_share,
pakistan_west,1998-08,2,2000-11,0.382387,3,level_pctl_10y|change_12m_raw_share|volatility_12m_raw_share,
pakistan_west,1998-08,3,2005-06,0.417296,3,level_pctl_10y|change_12m_raw_share|volatility_12m_raw_share,
pakistan_west,1998-08,4,2004-08,0.444692,3,level_pctl_10y|change_12m_raw_share|volatility_12m_raw_share,
pakistan_west,1998-08,5,1990-08,0.461629,3,level_pctl_10y|change_12m_raw_share|volatility_12m_raw_share,
pakistan_west,1998-09,1,1990-08,0.457652,3,level_pctl_10y|change_12m_raw_share|volatility_12m_raw_share,
pakistan_west,1998-09,2,2010-02,0.502671,3,level_pctl_10y|change_12m_raw_share|volatility_12m_raw_share,
pakistan_west,1998-09,3,2000-09,0.648795,3,level_pctl_10y|change_12m_raw_share|volatility_12m_raw_share,
pakistan_west,1998-09,4,2004-08,0.654319,3,level_pctl_10y|change_12m_raw_share|volatility_12m_raw_share,
pakistan_west,1998-09,5,1986-12,0.668028,3,level_pctl_10y|change_12m_raw_share|volatility_12m_raw_share,
pakistan_west,1998-10,1,2000-11,0.297702,3,level_pctl_10y|change_12m_raw_share|volatility_12m_raw_share,
pakistan_west,1998-10,2,1985-10,0.36937,3,level_pctl_10y|change_12m_raw_share|volatility_12m_raw_share,
pakistan_west,1998-10,3,2001-02,0.419912,3,level_pctl_10y|change_12m_raw_share|volatility_12m_raw_share,
pakistan_west,1998-10,4,2001-01,0.454247,3,level_pctl_10y|change_12m_raw_share|volatility_12m_raw_share,
pakistan_west,1998-10,5,1980-10,0.490796,2,change_12m_raw_share|volatility_12m_raw_share,level_pctl_10y
pakistan_west,1998-11,1,1997-10,0.012921,3,level_pctl_10y|change_12m_raw_share|volatility_12m_raw_share,
pakistan_west,1998-11,2,1997-08,0.1496,3,level_pctl_10y|change_12m_raw_share|volatility_12m_raw_share,
pakistan_west,1998-11,3,1997-06,0.163694,3,level_pctl_10y|change_12m_raw_share|volatility_12m_raw_share,
pakistan_west,1998-11,4,1989-03,0.252046,3,level_pctl_10y|change_12m_raw_share|volatility_12m_raw_share,
pakistan_west,1998-11,5,2000-12,0.344209,3,level_pctl_10y|change_12m_raw_share|volatility_12m_raw_share,
pakistan_west,1998-12,1,1997-07,0.157293,3,level_pctl_10y|change_12m_raw_share|volatility_12m_raw_share,
pakistan_west,1998-12,2,1987-04,0.172354,3,level_pctl_10y|change_12m_raw_share|volatility_12m_raw_share,
pakistan_west,1998-12,3,2005-02,0.228125,3,level_pctl_10y|change_12m_raw_share|volatility_12m_raw_share,
pakistan_west,1998-12,4,2005-05,0.282778,3,level_pctl_10y|change_12m_raw_share|volatility_12m_raw_share,
pakistan_west,1998-12,5,1989-02,0.285767,3,level_pctl_10y|change_12m_raw_share|volatility_12m_raw_share,
pakistan_west,1999-01,1,1987-03,0.178628,3,level_pctl_10y|change_12m_raw_share|volatility_12m_raw_share,
pakistan_west,1999-01,2,1987-02,0.243837,3,level_pctl_10y|change_12m_raw_share|volatility_12m_raw_share,
pakistan_west,1999-01,3,1985-08,0.276855,3,level_pctl_10y|change_12m_raw_share|volatility_12m_raw_share,
pakistan_west,1999-01,4,2003-09,0.309984,3,level_pctl_10y|change_12m_raw_share|volatility_12m_raw_share,
pakistan_west,1999-01,5,2003-12,0.312443,3,level_pctl_10y|change_12m_raw_share|volatility_12m_raw_share,
pakistan_west,1999-02,1,1988-12,0.076604,3,level_pctl_10y|change_12m_raw_share|volatility_12m_raw_share,
pakistan_west,1999-02,2,2004-01,0.403541,3,level_pctl_10y|change_12m_raw_share|volatility_12m_raw_share,
pakistan_west,1999-02,3,2001-06,0.53186,3,level_pctl_10y|change_12m_raw_share|volatility_12m_raw_share,
pakistan_west,1999-02,4,1997-09,0.572303,3,level_pctl_10y|change_12m_raw_share|volatility_12m_raw_share,
pakistan_west,1999-02,5,2008-11,0.69005,3,level_pctl_10y|change_12m_raw_share|volatility_12m_raw_share,
pakistan_west,1999-03,1,1989-03,0.176242,3,level_pctl_10y|change_12m_raw_share|volatility_12m_raw_share,
pakistan_west,1999-03,2,1997-10,0.177475,3,level_pctl_10y|change_12m_raw_share|volatility_12m_raw_share,
pakistan_west,1999-03,3,1998-07,0.185573,3,level_pctl_10y|change_12m_raw_share|volatility_12m_raw_share,
pakistan_west,1999-03,4,1997-08,0.324271,3,level_pctl_10y|change_12m_raw_share|volatility_12m_raw_share,
pakistan_west,1999-03,5,1997-06,0.339696,3,level_pctl_10y|change_12m_raw_share|volatility_12m_raw_share,
pakistan_west,1999-04,1,1989-02,0.267144,3,level_pctl_10y|change_12m_raw_share|volatility_12m_raw_share,
pakistan_west,1999-04,2,1987-08,0.320721,3,level_pctl_10y|change_12m_raw_share|volatility_12m_raw_share,
pakistan_west,1999-04,3,2001-04,0.348546,3,level_pctl_10y|change_12m_raw_share|volatility_12m_raw_share,
pakistan_west,1999-04,4,2005-06,0.352133,3,level_pctl_10y|change_12m_raw_share|volatility_12m_raw_share,
pakistan_west,1999-04,5,2005-05,0.366639,3,level_pctl_10y|change_12m_raw_share|volatility_12m_raw_share,
pakistan_west,1999-05,1,1998-06,0.278515,3,level_pctl_10y|change_12m_raw_share|volatility_12m_raw_share,
pakistan_west,1999-05,2,2004-09,0.420807,3,level_pctl_10y|change_12m_raw_share|volatility_12m_raw_share,
pakistan_west,1999-05,3,1998-07,0.451121,3,level_pctl_10y|change_12m_raw_share|volatility_12m_raw_share,
pakistan_west,1999-05,4,1998-05,0.490995,3,level_pctl_10y|change_12m_raw_share|volatility_12m_raw_share,
pakistan_west,1999-05,5,2000-12,0.624506,3,level_pctl_10y|change_12m_raw_share|volatility_12m_raw_share,
pakistan_west,1999-06,1,2009-01,1.052841,3,level_pctl_10y|change_12m_raw_share|volatility_12m_raw_share,
pakistan_west,1999-06,2,2001-07,1.125751,3,level_pctl_10y|change_12m_raw_share|volatility_12m_raw_share,
pakistan_west,1999-06,3,2002-01,1.65412,3,level_pctl_10y|change_12m_raw_share|volatility_12m_raw_share,
pakistan_west,1999-06,4,2008-12,1.886499,3,level_pctl_10y|change_12m_raw_share|volatility_12m_raw_share,
pakistan_west,1999-06,5,1989-07,2.026987,3,level_pctl_10y|change_12m_raw_share|volatility_12m_raw_share,
pakistan_west,1999-07,1,2002-05,0.684404,3,level_pctl_10y|change_12m_raw_share|volatility_12m_raw_share,
pakistan_west,1999-07,2,2009-07,0.713621,3,level_pctl_10y|change_12m_raw_share|volatility_12m_raw_share,
pakistan_west,1999-07,3,2009-02,0.736727,3,level_pctl_10y|change_12m_raw_share|volatility_12m_raw_share,
pakistan_west,1999-07,4,2002-06,0.779626,3,level_pctl_10y|change_12m_raw_share|volatility_12m_raw_share,
pakistan_west,1999-07,5,2002-01,1.393984,3,level_pctl_10y|change_12m_raw_share|volatility_12m_raw_share,
pakistan_west,1999-08,1,2009-07,0.626574,3,level_pctl_10y|change_12m_raw_share|volatility_12m_raw_share,
pakistan_west,1999-08,2,2002-05,0.63336,3,level_pctl_10y|change_12m_raw_share|volatility_12m_raw_share,
pakistan_west,1999-08,3,2002-06,0.664347,3,level_pctl_10y|change_12m_raw_share|volatility_12m_raw_share,
pakistan_west,1999-08,4,2009-02,0.805295,3,level_pctl_10y|change_12m_raw_share|volatility_12m_raw_share,
pakistan_west,1999-08,5,2001-10,1.316251,3,level_pctl_10y|change_12m_raw_share|volatility_12m_raw_share,
pakistan_west,1999-09,1,2002-06,0.507671,3,level_pctl_10y|change_12m_raw_share|volatility_12m_raw_share,
pakistan_west,1999-09,2,2009-07,0.609781,3,level_pctl_10y|change_12m_raw_share|volatility_12m_raw_share,
pakistan_west,1999-09,3,2002-02,1.039541,3,level_pctl_10y|change_12m_raw_share|volatility_12m_raw_share,
pakistan_west,1999-09,4,2009-06,1.054343,3,level_pctl_10y|change_12m_raw_share|volatility_12m_raw_share,
pakistan_west,1999-09,5,2002-03,1.096466,3,level_pctl_10y|change_12m_raw_share|volatility_12m_raw_share,
pakistan_west,1999-10,1,2002-06,0.644967,3,level_pctl_10y|change_12m_raw_share|volatility_12m_raw_share,
pakistan_west,1999-10,2,2009-07,0.806751,3,level_pctl_10y|change_12m_raw_share|volatility_12m_raw_share,
pakistan_west,1999-10,3,2002-02,0.834986,3,level_pctl_10y|change_12m_raw_share|volatility_12m_raw_share,
pakistan_west,1999-10,4,2002-03,0.928646,3,level_pctl_10y|change_12m_raw_share|volatility_12m_raw_share,
pakistan_west,1999-10,5,2002-08,1.004378,3,level_pctl_10y|change_12m_raw_share|volatility_12m_raw_share,
pakistan_west,1999-11,1,2002-02,0.701536,3,level_pctl_10y|change_12m_raw_share|volatility_12m_raw_share,
pakistan_west,1999-11,2,2002-03,0.938397,3,level_pctl_10y|change_12m_raw_share|volatility_12m_raw_share,
pakistan_west,1999-11,3,2009-08,0.943193,3,level_pctl_10y|change_12m_raw_share|volatility_12m_raw_share,
pakistan_west,1999-11,4,2002-10,1.044726,3,level_pctl_10y|change_12m_raw_share|volatility_12m_raw_share,
pakistan_west,1999-11,5,2002-09,1.115813,3,level_pctl_10y|change_12m_raw_share|volatility_12m_raw_share,
pakistan_west,1999-12,1,2002-06,0.261222,3,level_pctl_10y|change_12m_raw_share|volatility_12m_raw_share,
pakistan_west,1999-12,2,2009-07,0.688099,3,level_pctl_10y|change_12m_raw_share|volatility_12m_raw_share,
pakistan_west,1999-12,3,2002-05,0.971457,3,level_pctl_10y|change_12m_raw_share|volatility_12m_raw_share,
pakistan_west,1999-12,4,2002-08,1.020534,3,level_pctl_10y|change_12m_raw_share|volatility_12m_raw_share,
pakistan_west,1999-12,5,2002-03,1.054038,3,level_pctl_10y|change_12m_raw_share|volatility_12m_raw_share,
pakistan_west,2000-01,1,2002-06,0.223379,3,level_pctl_10y|change_12m_raw_share|volatility_12m_raw_share,
pakistan_west,2000-01,2,2002-05,0.625449,3,level_pctl_10y|change_12m_raw_share|volatility_12m_raw_share,
pakistan_west,2000-01,3,2001-10,0.836797,3,level_pctl_10y|change_12m_raw_share|volatility_12m_raw_share,
pakistan_west,2000-01,4,2009-07,0.896186,3,level_pctl_10y|change_12m_raw_share|volatility_12m_raw_share,
pakistan_west,2000-01,5,2001-12,1.108734,3,level_pctl_10y|change_12m_raw_share|volatility_12m_raw_share,
pakistan_west,2000-02,1,2002-12,0.768193,3,level_pctl_10y|change_12m_raw_share|volatility_12m_raw_share,
pakistan_west,2000-02,2,2009-11,1.117292,3,level_pctl_10y|change_12m_raw_share|volatility_12m_raw_share,
pakistan_west,2000-02,3,2001-08,1.216813,3,level_pctl_10y|change_12m_raw_share|volatility_12m_raw_share,
pakistan_west,2000-02,4,2002-10,1.378973,3,level_pctl_10y|change_12m_raw_share|volatility_12m_raw_share,
pakistan_west,2000-02,5,2002-07,1.824274,3,level_pctl_10y|change_12m_raw_share|volatility_12m_raw_share,
pakistan_west,2000-03,1,2002-02,0.53036,3,level_pctl_10y|change_12m_raw_share|volatility_12m_raw_share,
pakistan_west,2000-03,2,2002-03,0.751846,3,level_pctl_10y|change_12m_raw_share|volatility_12m_raw_share,
pakistan_west,2000-03,3,2002-11,0.812289,3,level_pctl_10y|change_12m_raw_share|volatility_12m_raw_share,
pakistan_west,2000-03,4,2002-10,0.812466,3,level_pctl_10y|change_12m_raw_share|volatility_12m_raw_share,
pakistan_west,2000-03,5,2002-09,0.826341,3,level_pctl_10y|change_12m_raw_share|volatility_12m_raw_share,
pakistan_west,2000-04,1,2002-02,0.416799,3,level_pctl_10y|change_12m_raw_share|volatility_12m_raw_share,
pakistan_west,2000-04,2,2002-04,0.426019,3,level_pctl_10y|change_12m_raw_share|volatility_12m_raw_share,
pakistan_west,2000-04,3,2002-03,0.465783,3,level_pctl_10y|change_12m_raw_share|volatility_12m_raw_share,
pakistan_west,2000-04,4,2009-08,0.724804,3,level_pctl_10y|change_12m_raw_share|volatility_12m_raw_share,
pakistan_west,2000-04,5,2002-11,0.743193,3,level_pctl_10y|change_12m_raw_share|volatility_12m_raw_share,
pakistan_west,2000-05,1,2002-12,1.116176,3,level_pctl_10y|change_12m_raw_share|volatility_12m_raw_share,
pakistan_west,2000-05,2,2009-11,1.233074,3,level_pctl_10y|change_12m_raw_share|volatility_12m_raw_share,
pakistan_west,2000-05,3,2002-07,1.503616,3,level_pctl_10y|change_12m_raw_share|volatility_12m_raw_share,
pakistan_west,2000-05,4,1989-12,1.799121,3,level_pctl_10y|change_12m_raw_share|volatility_12m_raw_share,
pakistan_west,2000-05,5,2009-05,1.99476,3,level_pctl_10y|change_12m_raw_share|volatility_12m_raw_share,
pakistan_west,2000-06,1,2009-12,0.765203,3,level_pctl_10y|change_12m_raw_share|volatility_12m_raw_share,
pakistan_west,2000-06,2,2003-01,2.90431,3,level_pctl_10y|change_12m_raw_share|volatility_12m_raw_share,
pakistan_west,2000-06,3,2010-01,3.186778,3,level_pctl_10y|change_12m_raw_share|volatility_12m_raw_share,
pakistan_west,2000-06,4,2002-07,3.557034,3,level_pctl_10y|change_12m_raw_share|volatility_12m_raw_share,
pakistan_west,2000-06,5,1990-07,3.725031,3,level_pctl_10y|change_12m_raw_share|volatility_12m_raw_share,
pakistan_west,2000-07,1,2005-01,0.463162,3,level_pctl_10y|change_12m_raw_share|volatility_12m_raw_share,
pakistan_west,2000-07,2,2010-01,0.67908,3,level_pctl_10y|change_12m_raw_share|volatility_12m_raw_share,
pakistan_west,2000-07,3,1990-07,0.743719,3,level_pctl_10y|change_12m_raw_share|volatility_12m_raw_share,
pakistan_west,2000-07,4,2003-06,0.91979,3,level_pctl_10y|change_12m_raw_share|volatility_12m_raw_share,
pakistan_west,2000-07,5,1989-12,0.926293,3,level_pctl_10y|change_12m_raw_share|volatility_12m_raw_share,
pakistan_west,2000-08,1,1987-11,0.295284,3,level_pctl_10y|change_12m_raw_share|volatility_12m_raw_share,
pakistan_west,2000-08,2,2010-02,0.407759,3,level_pctl_10y|change_12m_raw_share|volatility_12m_raw_share,
pakistan_west,2000-08,3,1998-10,0.501936,3,level_pctl_10y|change_12m_raw_share|volatility_12m_raw_share,
pakistan_west,2000-08,4,1985-01,0.520934,3,level_pctl_10y|change_12m_raw_share|volatility_12m_raw_share,
pakistan_west,2000-08,5,1985-10,0.542351,3,level_pctl_10y|change_12m_raw_share|volatility_12m_raw_share,
pakistan_west,2000-09,1,1998-04,0.243852,3,level_pctl_10y|change_12m_raw_share|volatility_12m_raw_share,
pakistan_west,2000-09,2,2004-08,0.473835,3,level_pctl_10y|change_12m_raw_share|volatility_12m_raw_share,
pakistan_west,2000-09,3,2005-09,0.596585,3,level_pctl_10y|change_12m_raw_share|volatility_12m_raw_share,
pakistan_west,2000-09,4,1990-08,0.644747,3,level_pctl_10y|change_12m_raw_share|volatility_12m_raw_share,
pakistan_west,2000-09,5,2003-10,0.647284,3,level_pctl_10y|change_12m_raw_share|volatility_12m_raw_share,
pakistan_west,2000-10,1,1987-09,0.261912,3,level_pctl_10y|change_12m_raw_share|volatility_12m_raw_share,
pakistan_west,2000-10,2,1998-03,0.389588,3,level_pctl_10y|change_12m_raw_share|volatility_12m_raw_share,
pakistan_west,2000-10,3,2010-07,0.420826,3,level_pctl_10y|change_12m_raw_share|volatility_12m_raw_share,
pakistan_west,2000-10,4,2005-11,0.465429,3,level_pctl_10y|change_12m_raw_share|volatility_12m_raw_share,
pakistan_west,2000-10,5,1986-04,0.472429,3,level_pctl_10y|change_12m_raw_share|volatility_12m_raw_share,
pakistan_west,2000-11,1,2005-06,0.271628,3,level_pctl_10y|change_12m_raw_share|volatility_12m_raw_share,
pakistan_west,2000-11,2,1998-10,0.297702,3,level_pctl_10y|change_12m_raw_share|volatility_12m_raw_share,
pakistan_west,2000-11,3,1998-08,0.382387,3,level_pctl_10y|change_12m_raw_share|volatility_12m_raw_share,
pakistan_west,2000-11,4,1989-01,0.420073,3,level_pctl_10y|change_12m_raw_share|volatility_12m_raw_share,
pakistan_west,2000-11,5,1990-08,0.422689,3,level_pctl_10y|change_12m_raw_share|volatility_12m_raw_share,
pakistan_west,2000-12,1,1998-05,0.261201,3,level_pctl_10y|change_12m_raw_share|volatility_12m_raw_share,
pakistan_west,2000-12,2,1997-06,0.292981,3,level_pctl_10y|change_12m_raw_share|volatility_12m_raw_share,
pakistan_west,2000-12,3,1997-05,0.293458,3,level_pctl_10y|change_12m_raw_share|volatility_12m_raw_share,
pakistan_west,2000-12,4,1989-03,0.3286,3,level_pctl_10y|change_12m_raw_share|volatility_12m_raw_share,
pakistan_west,2000-12,5,1997-10,0.342793,3,level_pctl_10y|change_12m_raw_share|volatility_12m_raw_share,
pakistan_west,2001-01,1,2010-02,0.27151,3,level_pctl_10y|change_12m_raw_share|volatility_12m_raw_share,
pakistan_west,2001-01,2,1987-11,0.367266,3,level_pctl_10y|change_12m_raw_share|volatility_12m_raw_share,
pakistan_west,2001-01,3,1998-10,0.454247,3,level_pctl_10y|change_12m_raw_share|volatility_12m_raw_share,
pakistan_west,2001-01,4,1985-01,0.465766,3,level_pctl_10y|change_12m_raw_share|volatility_12m_raw_share,
pakistan_west,2001-01,5,1985-10,0.476571,3,level_pctl_10y|change_12m_raw_share|volatility_12m_raw_share,
pakistan_west,2001-02,1,2005-06,0.166067,3,level_pctl_10y|change_12m_raw_share|volatility_12m_raw_share,
pakistan_west,2001-02,2,1980-10,0.395967,2,change_12m_raw_share|volatility_12m_raw_share,level_pctl_10y
pakistan_west,2001-02,3,1998-10,0.419912,3,level_pctl_10y|change_12m_raw_share|volatility_12m_raw_share,
pakistan_west,2001-02,4,1991-07,0.435085,3,level_pctl_10y|change_12m_raw_share|volatility_12m_raw_share,
pakistan_west,2001-02,5,1989-05,0.44221,3,level_pctl_10y|change_12m_raw_share|volatility_12m_raw_share,
pakistan_west,2001-03,1,1987-12,0.240564,3,level_pctl_10y|change_12m_raw_share|volatility_12m_raw_share,
pakistan_west,2001-03,2,1986-03,0.279922,3,level_pctl_10y|change_12m_raw_share|volatility_12m_raw_share,
pakistan_west,2001-03,3,1986-06,0.335718,3,level_pctl_10y|change_12m_raw_share|volatility_12m_raw_share,
pakistan_west,2001-03,4,2005-06,0.415588,3,level_pctl_10y|change_12m_raw_share|volatility_12m_raw_share,
pakistan_west,2001-03,5,1986-10,0.421071,3,level_pctl_10y|change_12m_raw_share|volatility_12m_raw_share,
pakistan_west,2001-04,1,1987-12,0.152833,3,level_pctl_10y|change_12m_raw_share|volatility_12m_raw_share,
pakistan_west,2001-04,2,1986-06,0.196446,3,level_pctl_10y|change_12m_raw_share|volatility_12m_raw_share,
pakistan_west,2001-04,3,1987-04,0.30736,3,level_pctl_10y|change_12m_raw_share|volatility_12m_raw_share,
pakistan_west,2001-04,4,1987-08,0.332873,3,level_pctl_10y|change_12m_raw_share|volatility_12m_raw_share,
pakistan_west,2001-04,5,1998-12,0.3347,3,level_pctl_10y|change_12m_raw_share|volatility_12m_raw_share,
pakistan_west,2001-05,1,2010-05,0.351442,3,level_pctl_10y|change_12m_raw_share|volatility_12m_raw_share,
pakistan_west,2001-05,2,1997-04,0.370483,3,level_pctl_10y|change_12m_raw_share|volatility_12m_raw_share,
pakistan_west,2001-05,3,2005-04,0.393167,3,level_pctl_10y|change_12m_raw_share|volatility_12m_raw_share,
pakistan_west,2001-05,4,1998-07,0.473558,3,level_pctl_10y|change_12m_raw_share|volatility_12m_raw_share,
pakistan_west,2001-05,5,2004-09,0.533896,3,level_pctl_10y|change_12m_raw_share|volatility_12m_raw_share,
pakistan_west,2001-06,1,2004-01,0.159482,3,level_pctl_10y|change_12m_raw_share|volatility_12m_raw_share,
pakistan_west,2001-06,2,1997-09,0.185289,3,level_pctl_10y|change_12m_raw_share|volatility_12m_raw_share,
pakistan_west,2001-06,3,2005-04,0.379554,3,level_pctl_10y|change_12m_raw_share|volatility_12m_raw_share,
pakistan_west,2001-06,4,2008-11,0.38893,3,level_pctl_10y|change_12m_raw_share|volatility_12m_raw_share,
pakistan_west,2001-06,5,1988-12,0.470226,3,level_pctl_10y|change_12m_raw_share|volatility_12m_raw_share,
pakistan_west,2001-07,1,1999-06,1.125751,3,level_pctl_10y|change_12m_raw_share|volatility_12m_raw_share,
pakistan_west,2001-07,2,1989-07,1.211899,3,level_pctl_10y|change_12m_raw_share|volatility_12m_raw_share,
pakistan_west,2001-07,3,2009-01,1.778427,3,level_pctl_10y|change_12m_raw_share|volatility_12m_raw_share,
pakistan_west,2001-07,4,2008-12,2.338037,3,level_pctl_10y|change_12m_raw_share|volatility_12m_raw_share,
pakistan_west,2001-07,5,2002-05,2.524463,3,level_pctl_10y|change_12m_raw_share|volatility_12m_raw_share,
pakistan_west,2001-08,1,2002-10,0.213506,3,level_pctl_10y|change_12m_raw_share|volatility_12m_raw_share,
pakistan_west,2001-08,2,2002-11,0.811831,3,level_pctl_10y|change_12m_raw_share|volatility_12m_raw_share,
pakistan_west,2001-08,3,2002-09,0.839721,3,level_pctl_10y|change_12m_raw_share|volatility_12m_raw_share,
pakistan_west,2001-08,4,2000-03,0.922133,3,level_pctl_10y|change_12m_raw_share|volatility_12m_raw_share,
pakistan_west,2001-08,5,1989-09,1.078171,3,level_pctl_10y|change_12m_raw_share|volatility_12m_raw_share,
pakistan_west,2001-09,1,2002-09,0.234302,3,level_pctl_10y|change_12m_raw_share|volatility_12m_raw_share,
pakistan_west,2001-09,2,2002-11,0.310426,3,level_pctl_10y|change_12m_raw_share|volatility_12m_raw_share,
pakistan_west,2001-09,3,2002-08,0.465615,3,level_pctl_10y|change_12m_raw_share|volatility_12m_raw_share,
pakistan_west,2001-09,4,1989-09,0.574571,3,level_pctl_10y|change_12m_raw_share|volatility_12m_raw_share,
pakistan_west,2001-09,5,2002-04,0.615779,3,level_pctl_10y|change_12m_raw_share|volatility_12m_raw_share,
pakistan_west,2001-10,1,1990-01,0.546005,3,level_pctl_10y|change_12m_raw_share|volatility_12m_raw_share,
pakistan_west,2001-10,2,2000-01,0.836797,3,level_pctl_10y|change_12m_raw_share|volatility_12m_raw_share,
pakistan_west,2001-10,3,2002-05,0.874991,3,level_pctl_10y|change_12m_raw_share|volatility_12m_raw_share,
pakistan_west,2001-10,4,2002-06,0.990774,3,level_pctl_10y|change_12m_raw_share|volatility_12m_raw_share,
pakistan_west,2001-10,5,2004-09,1.098847,3,level_pctl_10y|change_12m_raw_share|volatility_12m_raw_share,
pakistan_west,2001-11,1,2002-09,0.214842,3,level_pctl_10y|change_12m_raw_share|volatility_12m_raw_share,
pakistan_west,2001-11,2,2002-11,0.272681,3,level_pctl_10y|change_12m_raw_share|volatility_12m_raw_share,
pakistan_west,2001-11,3,1989-09,0.427366,3,level_pctl_10y|change_12m_raw_share|volatility_12m_raw_share,
pakistan_west,2001-11,4,1990-05,0.496744,3,level_pctl_10y|change_12m_raw_share|volatility_12m_raw_share,
pakistan_west,2001-11,5,2002-08,0.563309,3,level_pctl_10y|change_12m_raw_share|volatility_12m_raw_share,
pakistan_west,2001-12,1,1989-08,0.399161,3,level_pctl_10y|change_12m_raw_share|volatility_12m_raw_share,
pakistan_west,2001-12,2,2002-08,0.488988,3,level_pctl_10y|change_12m_raw_share|volatility_12m_raw_share,
pakistan_west,2001-12,3,1990-02,0.865294,3,level_pctl_10y|change_12m_raw_share|volatility_12m_raw_share,
pakistan_west,2001-12,4,2003-04,0.926036,3,level_pctl_10y|change_12m_raw_share|volatility_12m_raw_share,
pakistan_west,2001-12,5,1990-04,0.995847,3,level_pctl_10y|change_12m_raw_share|volatility_12m_raw_share,
pakistan_west,2002-01,1,2009-02,1.106137,3,level_pctl_10y|change_12m_raw_share|volatility_12m_raw_share,
pakistan_west,2002-01,2,2009-01,1.148182,3,level_pctl_10y|change_12m_raw_share|volatility_12m_raw_share,
pakistan_west,2002-01,3,1989-07,1.176183,3,level_pctl_10y|change_12m_raw_share|volatility_12m_raw_share,
pakistan_west,2002-01,4,1999-07,1.393984,3,level_pctl_10y|change_12m_raw_share|volatility_12m_raw_share,
pakistan_west,2002-01,5,1999-08,1.416738,3,level_pctl_10y|change_12m_raw_share|volatility_12m_raw_share,
pakistan_west,2002-02,1,2000-04,0.416799,3,level_pctl_10y|change_12m_raw_share|volatility_12m_raw_share,
pakistan_west,2002-02,2,2000-03,0.53036,3,level_pctl_10y|change_12m_raw_share|volatility_12m_raw_share,
pakistan_west,2002-02,3,2002-09,0.564844,3,level_pctl_10y|change_12m_raw_share|volatility_12m_raw_share,
pakistan_west,2002-02,4,2002-11,0.597735,3,level_pctl_10y|change_12m_raw_share|volatility_12m_raw_share,
pakistan_west,2002-02,5,1999-11,0.701536,3,level_pctl_10y|change_12m_raw_share|volatility_12m_raw_share,
pakistan_west,2002-03,1,2000-04,0.465783,3,level_pctl_10y|change_12m_raw_share|volatility_12m_raw_share,
pakistan_west,2002-03,2,2002-11,0.599938,3,level_pctl_10y|change_12m_raw_share|volatility_12m_raw_share,
pakistan_west,2002-03,3,2000-03,0.751846,3,level_pctl_10y|change_12m_raw_share|volatility_12m_raw_share,
pakistan_west,2002-03,4,1999-10,0.928646,3,level_pctl_10y|change_12m_raw_share|volatility_12m_raw_share,
pakistan_west,2002-03,5,1999-11,0.938397,3,level_pctl_10y|change_12m_raw_share|volatility_12m_raw_share,
pakistan_west,2002-04,1,2000-04,0.426019,3,level_pctl_10y|change_12m_raw_share|volatility_12m_raw_share,
pakistan_west,2002-04,2,2002-11,0.563211,3,level_pctl_10y|change_12m_raw_share|volatility_12m_raw_share,
pakistan_west,2002-04,3,2001-09,0.615779,3,level_pctl_10y|change_12m_raw_share|volatility_12m_raw_share,
pakistan_west,2002-04,4,2000-03,0.836941,3,level_pctl_10y|change_12m_raw_share|volatility_12m_raw_share,
pakistan_west,2002-04,5,1989-09,0.918455,3,level_pctl_10y|change_12m_raw_share|volatility_12m_raw_share,
pakistan_west,2002-05,1,2000-01,0.625449,3,level_pctl_10y|change_12m_raw_share|volatility_12m_raw_share,
pakistan_west,2002-05,2,1999-08,0.63336,3,level_pctl_10y|change_12m_raw_share|volatility_12m_raw_share,
pakistan_west,2002-05,3,1999-07,0.684404,3,level_pctl_10y|change_12m_raw_share|volatility_12m_raw_share,
pakistan_west,2002-05,4,2001-10,0.874991,3,level_pctl_10y|change_12m_raw_share|volatility_12m_raw_share,
pakistan_west,2002-05,5,1999-12,0.971457,3,level_pctl_10y|change_12m_raw_share|volatility_12m_raw_share,
pakistan_west,2002-06,1,2000-01,0.223379,3,level_pctl_10y|change_12m_raw_share|volatility_12m_raw_share,
pakistan_west,2002-06,2,1999-12,0.261222,3,level_pctl_10y|change_12m_raw_share|volatility_12m_raw_share,
pakistan_west,2002-06,3,1999-09,0.507671,3,level_pctl_10y|change_12m_raw_share|volatility_12m_raw_share,
pakistan_west,2002-06,4,1999-10,0.644967,3,level_pctl_10y|change_12m_raw_share|volatility_12m_raw_share,
pakistan_west,2002-06,5,1999-08,0.664347,3,level_pctl_10y|change_12m_raw_share|volatility_12m_raw_share,
pakistan_west,2002-07,1,2000-05,1.503616,3,level_pctl_10y|change_12m_raw_share|volatility_12m_raw_share,
pakistan_west,2002-07,2,2000-02,1.824274,3,level_pctl_10y|change_12m_raw_share|volatility_12m_raw_share,
pakistan_west,2002-07,3,1989-12,1.901335,3,level_pctl_10y|change_12m_raw_share|volatility_12m_raw_share,
pakistan_west,2002-07,4,1990-07,1.917554,3,level_pctl_10y|change_12m_raw_share|volatility_12m_raw_share,
pakistan_west,2002-07,5,2000-07,2.066106,3,level_pctl_10y|change_12m_raw_share|volatility_12m_raw_share,
pakistan_west,2002-08,1,2001-09,0.465615,3,level_pctl_10y|change_12m_raw_share|volatility_12m_raw_share,
pakistan_west,2002-08,2,2001-12,0.488988,3,level_pctl_10y|change_12m_raw_share|volatility_12m_raw_share,
pakistan_west,2002-08,3,2001-11,0.563309,3,level_pctl_10y|change_12m_raw_share|volatility_12m_raw_share,
pakistan_west,2002-08,4,1989-08,0.684881,3,level_pctl_10y|change_12m_raw_share|volatility_12m_raw_share,
pakistan_west,2002-08,5,1990-02,0.715341,3,level_pctl_10y|change_12m_raw_share|volatility_12m_raw_share,
pakistan_west,2002-09,1,2001-11,0.214842,3,level_pctl_10y|change_12m_raw_share|volatility_12m_raw_share,
pakistan_west,2002-09,2,2001-09,0.234302,3,level_pctl_10y|change_12m_raw_share|volatility_12m_raw_share,
pakistan_west,2002-09,3,1989-09,0.554002,3,level_pctl_10y|change_12m_raw_share|volatility_12m_raw_share,
pakistan_west,2002-09,4,2002-02,0.564844,3,level_pctl_10y|change_12m_raw_share|volatility_12m_raw_share,
pakistan_west,2002-09,5,1990-05,0.693179,3,level_pctl_10y|change_12m_raw_share|volatility_12m_raw_share,
pakistan_west,2002-10,1,2001-08,0.213506,3,level_pctl_10y|change_12m_raw_share|volatility_12m_raw_share,
pakistan_west,2002-10,2,2001-11,0.717844,3,level_pctl_10y|change_12m_raw_share|volatility_12m_raw_share,
pakistan_west,2002-10,3,2000-03,0.812466,3,level_pctl_10y|change_12m_raw_share|volatility_12m_raw_share,
pakistan_west,2002-10,4,2001-09,0.834962,3,level_pctl_10y|change_12m_raw_share|volatility_12m_raw_share,
pakistan_west,2002-10,5,2002-02,0.913953,3,level_pctl_10y|change_12m_raw_share|volatility_12m_raw_share,
pakistan_west,2002-11,1,2001-11,0.272681,3,level_pctl_10y|change_12m_raw_share|volatility_12m_raw_share,
pakistan_west,2002-11,2,2001-09,0.310426,3,level_pctl_10y|change_12m_raw_share|volatility_12m_raw_share,
pakistan_west,2002-11,3,1989-09,0.545544,3,level_pctl_10y|change_12m_raw_share|volatility_12m_raw_share,
pakistan_west,2002-11,4,2002-04,0.563211,3,level_pctl_10y|change_12m_raw_share|volatility_12m_raw_share,
pakistan_west,2002-11,5,2002-02,0.597735,3,level_pctl_10y|change_12m_raw_share|volatility_12m_raw_share,
pakistan_west,2002-12,1,2000-02,0.768193,3,level_pctl_10y|change_12m_raw_share|volatility_12m_raw_share,
pakistan_west,2002-12,2,2001-08,1.092941,3,level_pctl_10y|change_12m_raw_share|volatility_12m_raw_share,
pakistan_west,2002-12,3,2000-05,1.116176,3,level_pctl_10y|change_12m_raw_share|volatility_12m_raw_share,
pakistan_west,2002-12,4,1990-03,1.477421,3,level_pctl_10y|change_12m_raw_share|volatility_12m_raw_share,
pakistan_west,2002-12,5,2009-11,1.488021,3,level_pctl_10y|change_12m_raw_share|volatility_12m_raw_share,
pakistan_west,2003-01,1,1990-07,1.340288,3,level_pctl_10y|change_12m_raw_share|volatility_12m_raw_share,
pakistan_west,2003-01,2,2010-01,1.389691,3,level_pctl_10y|change_12m_raw_share|volatility_12m_raw_share,
pakistan_west,2003-01,3,2000-07,1.474611,3,level_pctl_10y|change_12m_raw_share|volatility_12m_raw_share,
pakistan_west,2003-01,4,1989-12,1.555538,3,level_pctl_10y|change_12m_raw_share|volatility_12m_raw_share,
pakistan_west,2003-01,5,2005-01,1.849207,3,level_pctl_10y|change_12m_raw_share|volatility_12m_raw_share,
pakistan_west,2003-02,1,1990-05,0.116815,3,level_pctl_10y|change_12m_raw_share|volatility_12m_raw_share,
pakistan_west,2003-02,2,1990-02,0.26154,3,level_pctl_10y|change_12m_raw_share|volatility_12m_raw_share,
pakistan_west,2003-02,3,1990-06,0.278907,3,level_pctl_10y|change_12m_raw_share|volatility_12m_raw_share,
pakistan_west,2003-02,4,1990-04,0.340629,3,level_pctl_10y|change_12m_raw_share|volatility_12m_raw_share,
pakistan_west,2003-02,5,1989-09,0.477393,3,level_pctl_10y|change_12m_raw_share|volatility_12m_raw_share,
pakistan_west,2003-03,1,1990-03,0.152965,3,level_pctl_10y|change_12m_raw_share|volatility_12m_raw_share,
pakistan_west,2003-03,2,2004-12,0.43989,3,level_pctl_10y|change_12m_raw_share|volatility_12m_raw_share,
pakistan_west,2003-03,3,1989-10,0.60895,3,level_pctl_10y|change_12m_raw_share|volatility_12m_raw_share,
pakistan_west,2003-03,4,2004-07,0.690315,3,level_pctl_10y|change_12m_raw_share|volatility_12m_raw_share,
pakistan_west,2003-03,5,1989-11,0.72786,3,level_pctl_10y|change_12m_raw_share|volatility_12m_raw_share,
pakistan_west,2003-04,1,1990-04,0.145031,3,level_pctl_10y|change_12m_raw_share|volatility_12m_raw_share,
pakistan_west,2003-04,2,1990-02,0.16339,3,level_pctl_10y|change_12m_raw_share|volatility_12m_raw_share,
pakistan_west,2003-04,3,1990-06,0.242115,3,level_pctl_10y|change_12m_raw_share|volatility_12m_raw_share,
pakistan_west,2003-04,4,1990-05,0.431661,3,level_pctl_10y|change_12m_raw_share|volatility_12m_raw_share,
pakistan_west,2003-04,5,2004-11,0.528893,3,level_pctl_10y|change_12m_raw_share|volatility_12m_raw_share,
pakistan_west,2003-05,1,1998-09,0.77819,3,level_pctl_10y|change_12m_raw_share|volatility_12m_raw_share,
pakistan_west,2003-05,2,2010-02,1.100828,3,level_pctl_10y|change_12m_raw_share|volatility_12m_raw_share,
pakistan_west,2003-05,3,2004-08,1.185454,3,level_pctl_10y|change_12m_raw_share|volatility_12m_raw_share,
pakistan_west,2003-05,4,1990-08,1.216182,3,level_pctl_10y|change_12m_raw_share|volatility_12m_raw_share,
pakistan_west,2003-05,5,2001-01,1.221934,3,level_pctl_10y|change_12m_raw_share|volatility_12m_raw_share,
pakistan_west,2003-06,1,1990-07,0.804193,3,level_pctl_10y|change_12m_raw_share|volatility_12m_raw_share,
pakistan_west,2003-06,2,2005-01,0.814162,3,level_pctl_10y|change_12m_raw_share|volatility_12m_raw_share,
pakistan_west,2003-06,3,2000-07,0.91979,3,level_pctl_10y|change_12m_raw_share|volatility_12m_raw_share,
pakistan_west,2003-06,4,1983-01,0.921453,2,change_12m_raw_share|volatility_12m_raw_share,level_pctl_10y
pakistan_west,2003-06,5,1981-01,0.971268,2,change_12m_raw_share|volatility_12m_raw_share,level_pctl_10y
pakistan_west,2003-07,1,2014-05,0.154094,3,level_pctl_10y|change_12m_raw_share|volatility_12m_raw_share,
pakistan_west,2003-07,2,1980-05,0.205357,2,change_12m_raw_share|volatility_12m_raw_share,level_pctl_10y
pakistan_west,2003-07,3,1982-07,0.299148,2,change_12m_raw_share|volatility_12m_raw_share,level_pctl_10y
pakistan_west,2003-07,4,1980-02,0.306666,2,change_12m_raw_share|volatility_12m_raw_share,level_pctl_10y
pakistan_west,2003-07,5,1982-09,0.31835,2,change_12m_raw_share|volatility_12m_raw_share,level_pctl_10y
pakistan_west,2003-08,1,1986-01,0.129481,3,level_pctl_10y|change_12m_raw_share|volatility_12m_raw_share,
pakistan_west,2003-08,2,1980-11,0.201585,2,change_12m_raw_share|volatility_12m_raw_share,level_pctl_10y
pakistan_west,2003-08,3,1982-12,0.211881,2,change_12m_raw_share|volatility_12m_raw_share,level_pctl_10y
pakistan_west,2003-08,4,1980-12,0.213045,2,change_12m_raw_share|volatility_12m_raw_share,level_pctl_10y
pakistan_west,2003-08,5,2019-09,0.214088,3,level_pctl_10y|change_12m_raw_share|volatility_12m_raw_share,
pakistan_west,2003-09,1,1993-05,0.155982,3,level_pctl_10y|change_12m_raw_share|volatility_12m_raw_share,
pakistan_west,2003-09,2,1980-11,0.187724,2,change_12m_raw_share|volatility_12m_raw_share,level_pctl_10y
pakistan_west,2003-09,3,1982-12,0.195111,2,change_12m_raw_share|volatility_12m_raw_share,level_pctl_10y
pakistan_west,2003-09,4,1980-12,0.199372,2,change_12m_raw_share|volatility_12m_raw_share,level_pctl_10y
pakistan_west,2003-09,5,1985-08,0.20593,3,level_pctl_10y|change_12m_raw_share|volatility_12m_raw_share,
pakistan_west,2003-10,1,1986-04,0.260799,3,level_pctl_10y|change_12m_raw_share|volatility_12m_raw_share,
pakistan_west,2003-10,2,1986-03,0.28476,3,level_pctl_10y|change_12m_raw_share|volatility_12m_raw_share,
pakistan_west,2003-10,3,1998-04,0.404218,3,level_pctl_10y|change_12m_raw_share|volatility_12m_raw_share,
pakistan_west,2003-10,4,1993-11,0.422105,3,level_pctl_10y|change_12m_raw_share|volatility_12m_raw_share,
pakistan_west,2003-10,5,1981-03,0.424801,2,change_12m_raw_share|volatility_12m_raw_share,level_pctl_10y
pakistan_west,2003-11,1,1980-08,0.13074,2,change_12m_raw_share|volatility_12m_raw_share,level_pctl_10y
pakistan_west,2003-11,2,1980-09,0.148533,2,change_12m_raw_share|volatility_12m_raw_share,level_pctl_10y
pakistan_west,2003-11,3,1987-02,0.243568,3,level_pctl_10y|change_12m_raw_share|volatility_12m_raw_share,
pakistan_west,2003-11,4,1985-08,0.255743,3,level_pctl_10y|change_12m_raw_share|volatility_12m_raw_share,
pakistan_west,2003-11,5,1982-12,0.26004,2,change_12m_raw_share|volatility_12m_raw_share,level_pctl_10y
pakistan_west,2003-12,1,1980-11,0.196648,2,change_12m_raw_share|volatility_12m_raw_share,level_pctl_10y
pakistan_west,2003-12,2,1985-06,0.196777,3,level_pctl_10y|change_12m_raw_share|volatility_12m_raw_share,
pakistan_west,2003-12,3,1982-12,0.199165,2,change_12m_raw_share|volatility_12m_raw_share,level_pctl_10y
pakistan_west,2003-12,4,1993-05,0.208198,3,level_pctl_10y|change_12m_raw_share|volatility_12m_raw_share,
pakistan_west,2003-12,5,1980-12,0.208275,2,change_12m_raw_share|volatility_12m_raw_share,level_pctl_10y
pakistan_west,2004-01,1,2001-06,0.159482,3,level_pctl_10y|change_12m_raw_share|volatility_12m_raw_share,
pakistan_west,2004-01,2,1997-09,0.199518,3,level_pctl_10y|change_12m_raw_share|volatility_12m_raw_share,
pakistan_west,2004-01,3,1988-12,0.348187,3,level_pctl_10y|change_12m_raw_share|volatility_12m_raw_share,
pakistan_west,2004-01,4,2008-11,0.354813,3,level_pctl_10y|change_12m_raw_share|volatility_12m_raw_share,
pakistan_west,2004-01,5,1999-02,0.403541,3,level_pctl_10y|change_12m_raw_share|volatility_12m_raw_share,
pakistan_west,2004-02,1,1989-04,0.316577,3,level_pctl_10y|change_12m_raw_share|volatility_12m_raw_share,
pakistan_west,2004-02,2,1989-06,0.363996,3,level_pctl_10y|change_12m_raw_share|volatility_12m_raw_share,
pakistan_west,2004-02,3,2004-12,0.414779,3,level_pctl_10y|change_12m_raw_share|volatility_12m_raw_share,
pakistan_west,2004-02,4,2005-08,0.443888,3,level_pctl_10y|change_12m_raw_share|volatility_12m_raw_share,
pakistan_west,2004-02,5,2010-06,0.492169,3,level_pctl_10y|change_12m_raw_share|volatility_12m_raw_share,
pakistan_west,2004-03,1,2005-03,0.278412,3,level_pctl_10y|change_12m_raw_share|volatility_12m_raw_share,
pakistan_west,2004-03,2,1998-01,0.36687,3,level_pctl_10y|change_12m_raw_share|volatility_12m_raw_share,
pakistan_west,2004-03,3,2010-12,0.378663,3,level_pctl_10y|change_12m_raw_share|volatility_12m_raw_share,
pakistan_west,2004-03,4,2005-08,0.425784,3,level_pctl_10y|change_12m_raw_share|volatility_12m_raw_share,
pakistan_west,2004-03,5,1990-12,0.4265,3,level_pctl_10y|change_12m_raw_share|volatility_12m_raw_share,
pakistan_west,2004-04,1,1989-04,0.415194,3,level_pctl_10y|change_12m_raw_share|volatility_12m_raw_share,
pakistan_west,2004-04,2,2004-12,0.633918,3,level_pctl_10y|change_12m_raw_share|volatility_12m_raw_share,
pakistan_west,2004-04,3,2000-10,0.692541,3,level_pctl_10y|change_12m_raw_share|volatility_12m_raw_share,
pakistan_west,2004-04,4,2010-06,0.696598,3,level_pctl_10y|change_12m_raw_share|volatility_12m_raw_share,
pakistan_west,2004-04,5,2005-07,0.745054,3,level_pctl_10y|change_12m_raw_share|volatility_12m_raw_share,
pakistan_west,2004-05,1,1998-03,0.505679,3,level_pctl_10y|change_12m_raw_share|volatility_12m_raw_share,
pakistan_west,2004-05,2,2000-10,0.638574,3,level_pctl_10y|change_12m_raw_share|volatility_12m_raw_share,
pakistan_west,2004-05,3,2005-09,0.743204,3,level_pctl_10y|change_12m_raw_share|volatility_12m_raw_share,
pakistan_west,2004-05,4,2005-01,0.775408,3,level_pctl_10y|change_12m_raw_share|volatility_12m_raw_share,
pakistan_west,2004-05,5,2010-07,0.801118,3,level_pctl_10y|change_12m_raw_share|volatility_12m_raw_share,
pakistan_west,2004-06,1,1989-05,0.229425,3,level_pctl_10y|change_12m_raw_share|volatility_12m_raw_share,
pakistan_west,2004-06,2,2005-06,0.474683,3,level_pctl_10y|change_12m_raw_share|volatility_12m_raw_share,
pakistan_west,2004-06,3,1998-10,0.544265,3,level_pctl_10y|change_12m_raw_share|volatility_12m_raw_share,
pakistan_west,2004-06,4,2000-11,0.554369,3,level_pctl_10y|change_12m_raw_share|volatility_12m_raw_share,
pakistan_west,2004-06,5,2001-02,0.563856,3,level_pctl_10y|change_12m_raw_share|volatility_12m_raw_share,
pakistan_west,2004-07,1,1989-06,0.216621,3,level_pctl_10y|change_12m_raw_share|volatility_12m_raw_share,
pakistan_west,2004-07,2,2005-08,0.335804,3,level_pctl_10y|change_12m_raw_share|volatility_12m_raw_share,
pakistan_west,2004-07,3,1989-04,0.513707,3,level_pctl_10y|change_12m_raw_share|volatility_12m_raw_share,
pakistan_west,2004-07,4,2010-11,0.572942,3,level_pctl_10y|change_12m_raw_share|volatility_12m_raw_share,
pakistan_west,2004-07,5,1998-01,0.592452,3,level_pctl_10y|change_12m_raw_share|volatility_12m_raw_share,
pakistan_west,2004-08,1,1989-01,0.380158,3,level_pctl_10y|change_12m_raw_share|volatility_12m_raw_share,
pakistan_west,2004-08,2,1998-08,0.444692,3,level_pctl_10y|change_12m_raw_share|volatility_12m_raw_share,
pakistan_west,2004-08,3,2000-09,0.473835,3,level_pctl_10y|change_12m_raw_share|volatility_12m_raw_share,
pakistan_west,2004-08,4,1998-04,0.541731,3,level_pctl_10y|change_12m_raw_share|volatility_12m_raw_share,
pakistan_west,2004-08,5,1990-08,0.584607,3,level_pctl_10y|change_12m_raw_share|volatility_12m_raw_share,
pakistan_west,2004-09,1,1999-05,0.420807,3,level_pctl_10y|change_12m_raw_share|volatility_12m_raw_share,
pakistan_west,2004-09,2,2001-05,0.533896,3,level_pctl_10y|change_12m_raw_share|volatility_12m_raw_share,
pakistan_west,2004-09,3,1998-06,0.539105,3,level_pctl_10y|change_12m_raw_share|volatility_12m_raw_share,
pakistan_west,2004-09,4,1998-07,0.554691,3,level_pctl_10y|change_12m_raw_share|volatility_12m_raw_share,
pakistan_west,2004-09,5,2005-04,0.705721,3,level_pctl_10y|change_12m_raw_share|volatility_12m_raw_share,
pakistan_west,2004-10,1,2004-03,0.460453,3,level_pctl_10y|change_12m_raw_share|volatility_12m_raw_share,
pakistan_west,2004-10,2,1989-02,0.506835,3,level_pctl_10y|change_12m_raw_share|volatility_12m_raw_share,
pakistan_west,2004-10,3,1989-06,0.566709,3,level_pctl_10y|change_12m_raw_share|volatility_12m_raw_share,
pakistan_west,2004-10,4,2005-08,0.612576,3,level_pctl_10y|change_12m_raw_share|volatility_12m_raw_share,
pakistan_west,2004-10,5,1999-04,0.61428,3,level_pctl_10y|change_12m_raw_share|volatility_12m_raw_share,
pakistan_west,2004-11,1,2003-02,0.488149,3,level_pctl_10y|change_12m_raw_share|volatility_12m_raw_share,
pakistan_west,2004-11,2,1989-03,0.497365,3,level_pctl_10y|change_12m_raw_share|volatility_12m_raw_share,
pakistan_west,2004-11,3,1990-02,0.505107,3,level_pctl_10y|change_12m_raw_share|volatility_12m_raw_share,
pakistan_west,2004-11,4,2003-04,0.528893,3,level_pctl_10y|change_12m_raw_share|volatility_12m_raw_share,
pakistan_west,2004-11,5,1990-06,0.597714,3,level_pctl_10y|change_12m_raw_share|volatility_12m_raw_share,
pakistan_west,2004-12,1,2004-02,0.414779,3,level_pctl_10y|change_12m_raw_share|volatility_12m_raw_share,
pakistan_west,2004-12,2,2003-03,0.43989,3,level_pctl_10y|change_12m_raw_share|volatility_12m_raw_share,
pakistan_west,2004-12,3,1990-03,0.467151,3,level_pctl_10y|change_12m_raw_share|volatility_12m_raw_share,
pakistan_west,2004-12,4,1989-06,0.483924,3,level_pctl_10y|change_12m_raw_share|volatility_12m_raw_share,
pakistan_west,2004-12,5,1989-04,0.564683,3,level_pctl_10y|change_12m_raw_share|volatility_12m_raw_share,
pakistan_west,2005-01,1,2000-07,0.463162,3,level_pctl_10y|change_12m_raw_share|volatility_12m_raw_share,
pakistan_west,2005-01,2,2005-09,0.667274,3,level_pctl_10y|change_12m_raw_share|volatility_12m_raw_share,
pakistan_west,2005-01,3,2004-05,0.775408,3,level_pctl_10y|change_12m_raw_share|volatility_12m_raw_share,
pakistan_west,2005-01,4,1998-03,0.808722,3,level_pctl_10y|change_12m_raw_share|volatility_12m_raw_share,
pakistan_west,2005-01,5,2003-06,0.814162,3,level_pctl_10y|change_12m_raw_share|volatility_12m_raw_share,
pakistan_west,2005-02,1,1998-12,0.228125,3,level_pctl_10y|change_12m_raw_share|volatility_12m_raw_share,
pakistan_west,2005-02,2,1997-07,0.275163,3,level_pctl_10y|change_12m_raw_share|volatility_12m_raw_share,
pakistan_west,2005-02,3,1987-05,0.310263,3,level_pctl_10y|change_12m_raw_share|volatility_12m_raw_share,
pakistan_west,2005-02,4,1989-02,0.335218,3,level_pctl_10y|change_12m_raw_share|volatility_12m_raw_share,
pakistan_west,2005-02,5,1987-04,0.344303,3,level_pctl_10y|change_12m_raw_share|volatility_12m_raw_share,
pakistan_west,2005-03,1,2010-12,0.125172,3,level_pctl_10y|change_12m_raw_share|volatility_12m_raw_share,
pakistan_west,2005-03,2,1998-01,0.251724,3,level_pctl_10y|change_12m_raw_share|volatility_12m_raw_share,
pakistan_west,2005-03,3,1990-12,0.263561,3,level_pctl_10y|change_12m_raw_share|volatility_12m_raw_share,
pakistan_west,2005-03,4,2004-03,0.278412,3,level_pctl_10y|change_12m_raw_share|volatility_12m_raw_share,
pakistan_west,2005-03,5,1987-05,0.321063,3,level_pctl_10y|change_12m_raw_share|volatility_12m_raw_share,
pakistan_west,2005-04,1,2008-11,0.287063,3,level_pctl_10y|change_12m_raw_share|volatility_12m_raw_share,
pakistan_west,2005-04,2,2001-06,0.379554,3,level_pctl_10y|change_12m_raw_share|volatility_12m_raw_share,
pakistan_west,2005-04,3,2012-04,0.390259,3,level_pctl_10y|change_12m_raw_share|volatility_12m_raw_share,
pakistan_west,2005-04,4,2001-05,0.393167,3,level_pctl_10y|change_12m_raw_share|volatility_12m_raw_share,
pakistan_west,2005-04,5,1997-09,0.39542,3,level_pctl_10y|change_12m_raw_share|volatility_12m_raw_share,
pakistan_west,2005-05,1,1989-02,0.211342,3,level_pctl_10y|change_12m_raw_share|volatility_12m_raw_share,
pakistan_west,2005-05,2,1998-12,0.282778,3,level_pctl_10y|change_12m_raw_share|volatility_12m_raw_share,
pakistan_west,2005-05,3,1987-08,0.322932,3,level_pctl_10y|change_12m_raw_share|volatility_12m_raw_share,
pakistan_west,2005-05,4,1999-04,0.366639,3,level_pctl_10y|change_12m_raw_share|volatility_12m_raw_share,
pakistan_west,2005-05,5,1990-11,0.422106,3,level_pctl_10y|change_12m_raw_share|volatility_12m_raw_share,
pakistan_west,2005-06,1,2001-02,0.166067,3,level_pctl_10y|change_12m_raw_share|volatility_12m_raw_share,
pakistan_west,2005-06,2,2000-11,0.271628,3,level_pctl_10y|change_12m_raw_share|volatility_12m_raw_share,
pakistan_west,2005-06,3,1989-05,0.351448,3,level_pctl_10y|change_12m_raw_share|volatility_12m_raw_share,
pakistan_west,2005-06,4,1999-04,0.352133,3,level_pctl_10y|change_12m_raw_share|volatility_12m_raw_share,
pakistan_west,2005-06,5,2001-03,0.415588,3,level_pctl_10y|change_12m_raw_share|volatility_12m_raw_share,
pakistan_west,2005-07,1,1990-09,0.202774,3,level_pctl_10y|change_12m_raw_share|volatility_12m_raw_share,
pakistan_west,2005-07,2,2010-03,0.316618,3,level_pctl_10y|change_12m_raw_share|volatility_12m_raw_share,
pakistan_west,2005-07,3,1998-02,0.320444,3,level_pctl_10y|change_12m_raw_share|volatility_12m_raw_share,
pakistan_west,2005-07,4,1997-12,0.321617,3,level_pctl_10y|change_12m_raw_share|volatility_12m_raw_share,
pakistan_west,2005-07,5,1990-10,0.322769,3,level_pctl_10y|change_12m_raw_share|volatility_12m_raw_share,
pakistan_west,2005-08,1,1989-06,0.121064,3,level_pctl_10y|change_12m_raw_share|volatility_12m_raw_share,
pakistan_west,2005-08,2,2010-11,0.258861,3,level_pctl_10y|change_12m_raw_share|volatility_12m_raw_share,
pakistan_west,2005-08,3,1998-01,0.289206,3,level_pctl_10y|change_12m_raw_share|volatility_12m_raw_share,
pakistan_west,2005-08,4,2004-07,0.335804,3,level_pctl_10y|change_12m_raw_share|volatility_12m_raw_share,
pakistan_west,2005-08,5,2004-03,0.425784,3,level_pctl_10y|change_12m_raw_share|volatility_12m_raw_share,
pakistan_west,2005-09,1,1986-07,0.322324,3,level_pctl_10y|change_12m_raw_share|volatility_12m_raw_share,
pakistan_west,2005-09,2,1998-03,0.379361,3,level_pctl_10y|change_12m_raw_share|volatility_12m_raw_share,
pakistan_west,2005-09,3,1983-01,0.589619,2,change_12m_raw_share|volatility_12m_raw_share,level_pctl_10y
pakistan_west,2005-09,4,2000-09,0.596585,3,level_pctl_10y|change_12m_raw_share|volatility_12m_raw_share,
pakistan_west,2005-09,5,1981-01,0.62243,2,change_12m_raw_share|volatility_12m_raw_share,level_pctl_10y
pakistan_west,2005-10,1,1985-06,0.218362,3,level_pctl_10y|change_12m_raw_share|volatility_12m_raw_share,
pakistan_west,2005-10,2,2003-12,0.247833,3,level_pctl_10y|change_12m_raw_share|volatility_12m_raw_share,
pakistan_west,2005-10,3,1990-11,0.249283,3,level_pctl_10y|change_12m_raw_share|volatility_12m_raw_share,
pakistan_west,2005-10,4,1997-11,0.25028,3,level_pctl_10y|change_12m_raw_share|volatility_12m_raw_share,
pakistan_west,2005-10,5,1980-09,0.254658,2,change_12m_raw_share|volatility_12m_raw_share,level_pctl_10y
pakistan_west,2005-11,1,1983-01,0.258899,2,change_12m_raw_share|volatility_12m_raw_share,level_pctl_10y
pakistan_west,2005-11,2,1981-01,0.262939,2,change_12m_raw_share|volatility_12m_raw_share,level_pctl_10y
pakistan_west,2005-11,3,2010-07,0.366701,3,level_pctl_10y|change_12m_raw_share|volatility_12m_raw_share,
pakistan_west,2005-11,4,1993-08,0.373222,3,level_pctl_10y|change_12m_raw_share|volatility_12m_raw_share,
pakistan_west,2005-11,5,1987-09,0.448764,3,level_pctl_10y|change_12m_raw_share|volatility_12m_raw_share,
pakistan_west,2005-12,1,1980-12,0.093822,2,change_12m_raw_share|volatility_12m_raw_share,level_pctl_10y
pakistan_west,2005-12,2,1980-11,0.103746,2,change_12m_raw_share|volatility_12m_raw_share,level_pctl_10y
pakistan_west,2005-12,3,1980-04,0.110565,2,change_12m_raw_share|volatility_12m_raw_share,level_pctl_10y
pakistan_west,2005-12,4,1991-09,0.126654,3,level_pctl_10y|change_12m_raw_share|volatility_12m_raw_share,
pakistan_west,2005-12,5,1980-10,0.139946,2,change_12m_raw_share|volatility_12m_raw_share,level_pctl_10y
pakistan_west,2006-01,1,1980-05,0.137203,2,change_12m_raw_share|volatility_12m_raw_share,level_pctl_10y
pakistan_west,2006-01,2,2013-12,0.163964,3,level_pctl_10y|change_12m_raw_share|volatility_12m_raw_share,
pakistan_west,2006-01,3,2012-07,0.170616,3,level_pctl_10y|change_12m_raw_share|volatility_12m_raw_share,
pakistan_west,2006-01,4,1992-04,0.176732,3,level_pctl_10y|change_12m_raw_share|volatility_12m_raw_share,
pakistan_west,2006-01,5,1991-06,0.183004,3,level_pctl_10y|change_12m_raw_share|volatility_12m_raw_share,
pakistan_west,2006-02,1,2014-01,0.113517,3,level_pctl_10y|change_12m_raw_share|volatility_12m_raw_share,
pakistan_west,2006-02,2,2012-05,0.147065,3,level_pctl_10y|change_12m_raw_share|volatility_12m_raw_share,
pakistan_west,2006-02,3,2006-12,0.166517,3,level_pctl_10y|change_12m_raw_share|volatility_12m_raw_share,
pakistan_west,2006-02,4,1980-05,0.211254,2,change_12m_raw_share|volatility_12m_raw_share,level_pctl_10y
pakistan_west,2006-02,5,1992-03,0.245731,3,level_pctl_10y|change_12m_raw_share|volatility_12m_raw_share,
pakistan_west,2006-03,1,1982-12,0.130757,2,change_12m_raw_share|volatility_12m_raw_share,level_pctl_10y
pakistan_west,2006-03,2,1980-11,0.178249,2,change_12m_raw_share|volatility_12m_raw_share,level_pctl_10y
pakistan_west,2006-03,3,1982-11,0.183534,2,change_12m_raw_share|volatility_12m_raw_share,level_pctl_10y
pakistan_west,2006-03,4,1980-12,0.190048,2,change_12m_raw_share|volatility_12m_raw_share,level_pctl_10y
pakistan_west,2006-03,5,2013-03,0.232386,3,level_pctl_10y|change_12m_raw_share|volatility_12m_raw_share,
pakistan_west,2006-04,1,1983-01,0.410071,2,change_12m_raw_share|volatility_12m_raw_share,level_pctl_10y
pakistan_west,2006-04,2,2013-04,0.446047,3,level_pctl_10y|change_12m_raw_share|volatility_12m_raw_share,
pakistan_west,2006-04,3,1981-01,0.464297,2,change_12m_raw_share|volatility_12m_raw_share,level_pctl_10y
pakistan_west,2006-04,4,2008-02,0.506107,3,level_pctl_10y|change_12m_raw_share|volatility_12m_raw_share,
pakistan_west,2006-04,5,1988-11,0.606256,3,level_pctl_10y|change_12m_raw_share|volatility_12m_raw_share,
pakistan_west,2006-05,1,2015-10,0.058458,2,change_12m_raw_share|volatility_12m_raw_share,level_pctl_10y
pakistan_west,2006-05,2,2015-09,0.062224,2,change_12m_raw_share|volatility_12m_raw_share,level_pctl_10y
pakistan_west,2006-05,3,1982-03,0.062308,2,change_12m_raw_share|volatility_12m_raw_share,level_pctl_10y
pakistan_west,2006-05,4,2015-11,0.071969,2,change_12m_raw_share|volatility_12m_raw_share,level_pctl_10y
pakistan_west,2006-05,5,2017-03,0.073887,2,change_12m_raw_share|volatility_12m_raw_share,level_pctl_10y
pakistan_west,2006-06,1,2015-05,0.069199,2,change_12m_raw_share|volatility_12m_raw_share,level_pctl_10y
pakistan_west,2006-06,2,1983-11,0.084101,2,change_12m_raw_share|volatility_12m_raw_share,level_pctl_10y
pakistan_west,2006-06,3,1981-03,0.222644,2,change_12m_raw_share|volatility_12m_raw_share,level_pctl_10y
pakistan_west,2006-06,4,1988-11,0.235123,3,level_pctl_10y|change_12m_raw_share|volatility_12m_raw_share,
pakistan_west,2006-06,5,1995-07,0.241947,3,level_pctl_10y|change_12m_raw_share|volatility_12m_raw_share,
pakistan_west,2006-07,1,1982-01,0.052694,2,change_12m_raw_share|volatility_12m_raw_share,level_pctl_10y
pakistan_west,2006-07,2,1980-01,0.256207,2,change_12m_raw_share|volatility_12m_raw_share,level_pctl_10y
pakistan_west,2006-07,3,1980-07,0.261682,2,change_12m_raw_share|volatility_12m_raw_share,level_pctl_10y
pakistan_west,2006-07,4,2008-05,0.318098,3,level_pctl_10y|change_12m_raw_share|volatility_12m_raw_share,
pakistan_west,2006-07,5,1980-03,0.453483,2,change_12m_raw_share|volatility_12m_raw_share,level_pctl_10y
pakistan_west,2006-08,1,1982-08,0.033715,2,change_12m_raw_share|volatility_12m_raw_share,level_pctl_10y
pakistan_west,2006-08,2,1980-02,0.095457,2,change_12m_raw_share|volatility_12m_raw_share,level_pctl_10y
pakistan_west,2006-08,3,1982-04,0.105178,2,change_12m_raw_share|volatility_12m_raw_share,level_pctl_10y
pakistan_west,2006-08,4,1982-09,0.109299,2,change_12m_raw_share|volatility_12m_raw_share,level_pctl_10y
pakistan_west,2006-08,5,1981-02,0.117157,2,change_12m_raw_share|volatility_12m_raw_share,level_pctl_10y
pakistan_west,2006-09,1,2019-07,0.064209,3,level_pctl_10y|change_12m_raw_share|volatility_12m_raw_share,
pakistan_west,2006-09,2,2019-04,0.07513,3,level_pctl_10y|change_12m_raw_share|volatility_12m_raw_share,
pakistan_west,2006-09,3,1983-09,0.118727,2,change_12m_raw_share|volatility_12m_raw_share,level_pctl_10y
pakistan_west,2006-09,4,1983-03,0.126787,2,change_12m_raw_share|volatility_12m_raw_share,level_pctl_10y
pakistan_west,2006-09,5,1981-04,0.127008,2,change_12m_raw_share|volatility_12m_raw_share,level_pctl_10y
pakistan_west,2006-10,1,1983-02,0.017058,2,change_12m_raw_share|volatility_12m_raw_share,level_pctl_10y
pakistan_west,2006-10,2,1982-04,0.027302,2,change_12m_raw_share|volatility_12m_raw_share,level_pctl_10y
pakistan_west,2006-10,3,1982-09,0.03127,2,change_12m_raw_share|volatility_12m_raw_share,level_pctl_10y
pakistan_west,2006-10,4,1982-07,0.081234,2,change_12m_raw_share|volatility_12m_raw_share,level_pctl_10y
pakistan_west,2006-10,5,1980-02,0.085698,2,change_12m_raw_share|volatility_12m_raw_share,level_pctl_10y
pakistan_west,2006-11,1,1980-07,0.135325,2,change_12m_raw_share|volatility_12m_raw_share,level_pctl_10y
pakistan_west,2006-11,2,1980-03,0.220389,2,change_12m_raw_share|volatility_12m_raw_share,level_pctl_10y
pakistan_west,2006-11,3,1980-08,0.261486,2,change_12m_raw_share|volatility_12m_raw_share,level_pctl_10y
pakistan_west,2006-11,4,2013-08,0.26781,3,level_pctl_10y|change_12m_raw_share|volatility_12m_raw_share,
pakistan_west,2006-11,5,1980-09,0.28828,2,change_12m_raw_share|volatility_12m_raw_share,level_pctl_10y
pakistan_west,2006-12,1,1980-05,0.12537,2,change_12m_raw_share|volatility_12m_raw_share,level_pctl_10y
pakistan_west,2006-12,2,1992-03,0.127392,3,level_pctl_10y|change_12m_raw_share|volatility_12m_raw_share,
pakistan_west,2006-12,3,1980-02,0.138611,2,change_12m_raw_share|volatility_12m_raw_share,level_pctl_10y
pakistan_west,2006-12,4,2006-02,0.166517,3,level_pctl_10y|change_12m_raw_share|volatility_12m_raw_share,
pakistan_west,2006-12,5,1982-09,0.185144,2,change_12m_raw_share|volatility_12m_raw_share,level_pctl_10y
pakistan_west,2007-01,1,1980-07,0.136736,2,change_12m_raw_share|volatility_12m_raw_share,level_pctl_10y
pakistan_west,2007-01,2,2010-04,0.206374,3,level_pctl_10y|change_12m_raw_share|volatility_12m_raw_share,
pakistan_west,2007-01,3,1980-08,0.264743,2,change_12m_raw_share|volatility_12m_raw_share,level_pctl_10y
pakistan_west,2007-01,4,1980-03,0.305471,2,change_12m_raw_share|volatility_12m_raw_share,level_pctl_10y
pakistan_west,2007-01,5,1980-09,0.310664,2,change_12m_raw_share|volatility_12m_raw_share,level_pctl_10y
pakistan_west,2007-02,1,2010-05,0.233018,3,level_pctl_10y|change_12m_raw_share|volatility_12m_raw_share,
pakistan_west,2007-02,2,2008-05,0.330212,3,level_pctl_10y|change_12m_raw_share|volatility_12m_raw_share,
pakistan_west,2007-02,3,1980-01,0.359004,2,change_12m_raw_share|volatility_12m_raw_share,level_pctl_10y
pakistan_west,2007-02,4,2012-04,0.447376,3,level_pctl_10y|change_12m_raw_share|volatility_12m_raw_share,
pakistan_west,2007-02,5,1980-07,0.501186,2,change_12m_raw_share|volatility_12m_raw_share,level_pctl_10y
pakistan_west,2007-03,1,2010-03,0.103251,3,level_pctl_10y|change_12m_raw_share|volatility_12m_raw_share,
pakistan_west,2007-03,2,1987-06,0.161042,3,level_pctl_10y|change_12m_raw_share|volatility_12m_raw_share,
pakistan_west,2007-03,3,2013-11,0.185761,3,level_pctl_10y|change_12m_raw_share|volatility_12m_raw_share,
pakistan_west,2007-03,4,1984-09,0.21159,3,level_pctl_10y|change_12m_raw_share|volatility_12m_raw_share,
pakistan_west,2007-03,5,2013-12,0.223313,3,level_pctl_10y|change_12m_raw_share|volatility_12m_raw_share,
pakistan_west,2007-04,1,2012-09,0.105554,3,level_pctl_10y|change_12m_raw_share|volatility_12m_raw_share,
pakistan_west,2007-04,2,2012-06,0.14957,3,level_pctl_10y|change_12m_raw_share|volatility_12m_raw_share,
pakistan_west,2007-04,3,1980-11,0.196241,2,change_12m_raw_share|volatility_12m_raw_share,level_pctl_10y
pakistan_west,2007-04,4,1993-06,0.19872,3,level_pctl_10y|change_12m_raw_share|volatility_12m_raw_share,
pakistan_west,2007-04,5,1980-12,0.201123,2,change_12m_raw_share|volatility_12m_raw_share,level_pctl_10y
pakistan_west,2007-05,1,2010-08,0.261528,3,level_pctl_10y|change_12m_raw_share|volatility_12m_raw_share,
pakistan_west,2007-05,2,2010-09,0.295072,3,level_pctl_10y|change_12m_raw_share|volatility_12m_raw_share,
pakistan_west,2007-05,3,2011-01,0.302253,3,level_pctl_10y|change_12m_raw_share|volatility_12m_raw_share,
pakistan_west,2007-05,4,2011-03,0.454564,3,level_pctl_10y|change_12m_raw_share|volatility_12m_raw_share,
pakistan_west,2007-05,5,2014-03,0.491192,3,level_pctl_10y|change_12m_raw_share|volatility_12m_raw_share,
pakistan_west,2007-06,1,1986-05,0.159458,3,level_pctl_10y|change_12m_raw_share|volatility_12m_raw_share,
pakistan_west,2007-06,2,2014-02,0.265599,3,level_pctl_10y|change_12m_raw_share|volatility_12m_raw_share,
pakistan_west,2007-06,3,2010-10,0.270809,3,level_pctl_10y|change_12m_raw_share|volatility_12m_raw_share,
pakistan_west,2007-06,4,1987-07,0.27245,3,level_pctl_10y|change_12m_raw_share|volatility_12m_raw_share,
pakistan_west,2007-06,5,1980-10,0.314643,2,change_12m_raw_share|volatility_12m_raw_share,level_pctl_10y
pakistan_west,2007-07,1,2011-04,0.31851,3,level_pctl_10y|change_12m_raw_share|volatility_12m_raw_share,
pakistan_west,2007-07,2,2010-08,0.368506,3,level_pctl_10y|change_12m_raw_share|volatility_12m_raw_share,
pakistan_west,2007-07,3,2010-09,0.49074,3,level_pctl_10y|change_12m_raw_share|volatility_12m_raw_share,
pakistan_west,2007-07,4,1981-01,0.580346,2,change_12m_raw_share|volatility_12m_raw_share,level_pctl_10y
pakistan_west,2007-07,5,1983-01,0.589151,2,change_12m_raw_share|volatility_12m_raw_share,level_pctl_10y
pakistan_west,2007-08,1,2011-03,0.166337,3,level_pctl_10y|change_12m_raw_share|volatility_12m_raw_share,
pakistan_west,2007-08,2,2011-01,0.267204,3,level_pctl_10y|change_12m_raw_share|volatility_12m_raw_share,
pakistan_west,2007-08,3,1987-10,0.303369,3,level_pctl_10y|change_12m_raw_share|volatility_12m_raw_share,
pakistan_west,2007-08,4,2014-03,0.313059,3,level_pctl_10y|change_12m_raw_share|volatility_12m_raw_share,
pakistan_west,2007-08,5,1986-05,0.407316,3,level_pctl_10y|change_12m_raw_share|volatility_12m_raw_share,
pakistan_west,2007-09,1,2010-08,0.279112,3,level_pctl_10y|change_12m_raw_share|volatility_12m_raw_share,
pakistan_west,2007-09,2,2010-09,0.363749,3,level_pctl_10y|change_12m_raw_share|volatility_12m_raw_share,
pakistan_west,2007-09,3,2011-04,0.427471,3,level_pctl_10y|change_12m_raw_share|volatility_12m_raw_share,
pakistan_west,2007-09,4,2011-01,0.435166,3,level_pctl_10y|change_12m_raw_share|volatility_12m_raw_share,
pakistan_west,2007-09,5,2014-01,0.661362,3,level_pctl_10y|change_12m_raw_share|volatility_12m_raw_share,
pakistan_west,2007-10,1,2010-09,0.121168,3,level_pctl_10y|change_12m_raw_share|volatility_12m_raw_share,
pakistan_west,2007-10,2,2011-01,0.124961,3,level_pctl_10y|change_12m_raw_share|volatility_12m_raw_share,
pakistan_west,2007-10,3,2010-08,0.211082,3,level_pctl_10y|change_12m_raw_share|volatility_12m_raw_share,
pakistan_west,2007-10,4,1987-10,0.335351,3,level_pctl_10y|change_12m_raw_share|volatility_12m_raw_share,
pakistan_west,2007-10,5,2011-03,0.418316,3,level_pctl_10y|change_12m_raw_share|volatility_12m_raw_share,
pakistan_west,2007-11,1,2011-04,0.383002,3,level_pctl_10y|change_12m_raw_share|volatility_12m_raw_share,
pakistan_west,2007-11,2,2010-08,0.453404,3,level_pctl_10y|change_12m_raw_share|volatility_12m_raw_share,
pakistan_west,2007-11,3,2011-02,0.497087,3,level_pctl_10y|change_12m_raw_share|volatility_12m_raw_share,
pakistan_west,2007-11,4,1983-01,0.525252,2,change_12m_raw_share|volatility_12m_raw_share,level_pctl_10y
pakistan_west,2007-11,5,1981-01,0.525801,2,change_12m_raw_share|volatility_12m_raw_share,level_pctl_10y
pakistan_west,2007-12,1,1986-05,0.212587,3,level_pctl_10y|change_12m_raw_share|volatility_12m_raw_share,
pakistan_west,2007-12,2,2011-03,0.22392,3,level_pctl_10y|change_12m_raw_share|volatility_12m_raw_share,
pakistan_west,2007-12,3,2014-03,0.235551,3,level_pctl_10y|change_12m_raw_share|volatility_12m_raw_share,
pakistan_west,2007-12,4,1987-10,0.255112,3,level_pctl_10y|change_12m_raw_share|volatility_12m_raw_share,
pakistan_west,2007-12,5,1980-10,0.276438,2,change_12m_raw_share|volatility_12m_raw_share,level_pctl_10y
pakistan_west,2008-01,1,2011-04,0.130347,3,level_pctl_10y|change_12m_raw_share|volatility_12m_raw_share,
pakistan_west,2008-01,2,1983-01,0.325419,2,change_12m_raw_share|volatility_12m_raw_share,level_pctl_10y
pakistan_west,2008-01,3,1981-01,0.344631,2,change_12m_raw_share|volatility_12m_raw_share,level_pctl_10y
pakistan_west,2008-01,4,2011-02,0.457887,3,level_pctl_10y|change_12m_raw_share|volatility_12m_raw_share,
pakistan_west,2008-01,5,2007-05,0.622912,3,level_pctl_10y|change_12m_raw_share|volatility_12m_raw_share,
pakistan_west,2008-02,1,2013-04,0.28718,3,level_pctl_10y|change_12m_raw_share|volatility_12m_raw_share,
pakistan_west,2008-02,2,2006-04,0.506107,3,level_pctl_10y|change_12m_raw_share|volatility_12m_raw_share,
pakistan_west,2008-02,3,1983-01,0.557279,2,change_12m_raw_share|volatility_12m_raw_share,level_pctl_10y
pakistan_west,2008-02,4,1981-01,0.586153,2,change_12m_raw_share|volatility_12m_raw_share,level_pctl_10y
pakistan_west,2008-02,5,1988-11,0.670349,3,level_pctl_10y|change_12m_raw_share|volatility_12m_raw_share,
pakistan_west,2008-03,1,2018-01,0.101971,3,level_pctl_10y|change_12m_raw_share|volatility_12m_raw_share,
pakistan_west,2008-03,2,1981-10,0.127553,2,change_12m_raw_share|volatility_12m_raw_share,level_pctl_10y
pakistan_west,2008-03,3,2018-06,0.139237,3,level_pctl_10y|change_12m_raw_share|volatility_12m_raw_share,
pakistan_west,2008-03,4,1981-09,0.176557,2,change_12m_raw_share|volatility_12m_raw_share,level_pctl_10y
pakistan_west,2008-03,5,1981-12,0.184012,2,change_12m_raw_share|volatility_12m_raw_share,level_pctl_10y
pakistan_west,2008-04,1,2016-10,0.052001,2,change_12m_raw_share|volatility_12m_raw_share,level_pctl_10y
pakistan_west,2008-04,2,2016-09,0.199638,2,change_12m_raw_share|volatility_12m_raw_share,level_pctl_10y
pakistan_west,2008-04,3,2017-05,0.217052,2,change_12m_raw_share|volatility_12m_raw_share,level_pctl_10y
pakistan_west,2008-04,4,1982-10,0.228268,2,change_12m_raw_share|volatility_12m_raw_share,level_pctl_10y
pakistan_west,2008-04,5,1994-02,0.230808,3,level_pctl_10y|change_12m_raw_share|volatility_12m_raw_share,
pakistan_west,2008-05,1,1980-01,0.106486,2,change_12m_raw_share|volatility_12m_raw_share,level_pctl_10y
pakistan_west,2008-05,2,1982-01,0.31067,2,change_12m_raw_share|volatility_12m_raw_share,level_pctl_10y
pakistan_west,2008-05,3,2006-07,0.318098,3,level_pctl_10y|change_12m_raw_share|volatility_12m_raw_share,
pakistan_west,2008-05,4,2007-02,0.330212,3,level_pctl_10y|change_12m_raw_share|volatility_12m_raw_share,
pakistan_west,2008-05,5,1980-07,0.343117,2,change_12m_raw_share|volatility_12m_raw_share,level_pctl_10y
pakistan_west,2008-06,1,1980-11,0.055336,2,change_12m_raw_share|volatility_12m_raw_share,level_pctl_10y
pakistan_west,2008-06,2,1980-12,0.058367,2,change_12m_raw_share|volatility_12m_raw_share,level_pctl_10y
pakistan_west,2008-06,3,1993-06,0.120258,3,level_pctl_10y|change_12m_raw_share|volatility_12m_raw_share,
pakistan_west,2008-06,4,1991-10,0.128137,3,level_pctl_10y|change_12m_raw_share|volatility_12m_raw_share,
pakistan_west,2008-06,5,1980-04,0.163671,2,change_12m_raw_share|volatility_12m_raw_share,level_pctl_10y
pakistan_west,2008-07,1,1982-12,0.058644,2,change_12m_raw_share|volatility_12m_raw_share,level_pctl_10y
pakistan_west,2008-07,2,1982-11,0.074501,2,change_12m_raw_share|volatility_12m_raw_share,level_pctl_10y
pakistan_west,2008-07,3,2012-08,0.169338,3,level_pctl_10y|change_12m_raw_share|volatility_12m_raw_share,
pakistan_west,2008-07,4,1980-11,0.176044,2,change_12m_raw_share|volatility_12m_raw_share,level_pctl_10y
pakistan_west,2008-07,5,1980-12,0.184622,2,change_12m_raw_share|volatility_12m_raw_share,level_pctl_10y
pakistan_west,2008-08,1,1980-07,0.15143,2,change_12m_raw_share|volatility_12m_raw_share,level_pctl_10y
pakistan_west,2008-08,2,1980-03,0.201945,2,change_12m_raw_share|volatility_12m_raw_share,level_pctl_10y
pakistan_west,2008-08,3,1980-08,0.224774,2,change_12m_raw_share|volatility_12m_raw_share,level_pctl_10y
pakistan_west,2008-08,4,1980-09,0.255158,2,change_12m_raw_share|volatility_12m_raw_share,level_pctl_10y
pakistan_west,2008-08,5,1982-10,0.304548,2,change_12m_raw_share|volatility_12m_raw_share,level_pctl_10y
pakistan_west,2008-09,1,1982-12,0.016918,2,change_12m_raw_share|volatility_12m_raw_share,level_pctl_10y
pakistan_west,2008-09,2,1982-11,0.057828,2,change_12m_raw_share|volatility_12m_raw_share,level_pctl_10y
pakistan_west,2008-09,3,2012-08,0.185598,3,level_pctl_10y|change_12m_raw_share|volatility_12m_raw_share,
pakistan_west,2008-09,4,1980-09,0.196107,2,change_12m_raw_share|volatility_12m_raw_share,level_pctl_10y
pakistan_west,2008-09,5,1982-10,0.222329,2,change_12m_raw_share|volatility_12m_raw_share,level_pctl_10y
pakistan_west,2008-10,1,1982-11,0.10088,2,change_12m_raw_share|volatility_12m_raw_share,level_pctl_10y
pakistan_west,2008-10,2,1982-12,0.132315,2,change_12m_raw_share|volatility_12m_raw_share,level_pctl_10y
pakistan_west,2008-10,3,1980-11,0.142638,2,change_12m_raw_share|volatility_12m_raw_share,level_pctl_10y
pakistan_west,2008-10,4,1980-12,0.146701,2,change_12m_raw_share|volatility_12m_raw_share,level_pctl_10y
pakistan_west,2008-10,5,1981-04,0.188396,2,change_12m_raw_share|volatility_12m_raw_share,level_pctl_10y
pakistan_west,2008-11,1,2005-04,0.287063,3,level_pctl_10y|change_12m_raw_share|volatility_12m_raw_share,
pakistan_west,2008-11,2,2012-04,0.292451,3,level_pctl_10y|change_12m_raw_share|volatility_12m_raw_share,
pakistan_west,2008-11,3,1997-09,0.323257,3,level_pctl_10y|change_12m_raw_share|volatility_12m_raw_share,
pakistan_west,2008-11,4,2004-01,0.354813,3,level_pctl_10y|change_12m_raw_share|volatility_12m_raw_share,
pakistan_west,2008-11,5,2001-06,0.38893,3,level_pctl_10y|change_12m_raw_share|volatility_12m_raw_share,
pakistan_west,2008-12,1,1999-06,1.886499,3,level_pctl_10y|change_12m_raw_share|volatility_12m_raw_share,
pakistan_west,2008-12,2,2001-07,2.338037,3,level_pctl_10y|change_12m_raw_share|volatility_12m_raw_share,
pakistan_west,2008-12,3,2002-01,3.510612,3,level_pctl_10y|change_12m_raw_share|volatility_12m_raw_share,
pakistan_west,2008-12,4,1989-07,3.54379,3,level_pctl_10y|change_12m_raw_share|volatility_12m_raw_share,
pakistan_west,2008-12,5,2002-05,4.456825,3,level_pctl_10y|change_12m_raw_share|volatility_12m_raw_share,
pakistan_west,2009-01,1,1999-06,1.052841,3,level_pctl_10y|change_12m_raw_share|volatility_12m_raw_share,
pakistan_west,2009-01,2,2002-01,1.148182,3,level_pctl_10y|change_12m_raw_share|volatility_12m_raw_share,
pakistan_west,2009-01,3,2001-07,1.778427,3,level_pctl_10y|change_12m_raw_share|volatility_12m_raw_share,
pakistan_west,2009-01,4,2002-05,1.827096,3,level_pctl_10y|change_12m_raw_share|volatility_12m_raw_share,
pakistan_west,2009-01,5,1999-07,1.848994,3,level_pctl_10y|change_12m_raw_share|volatility_12m_raw_share,
pakistan_west,2009-02,1,1999-07,0.736727,3,level_pctl_10y|change_12m_raw_share|volatility_12m_raw_share,
pakistan_west,2009-02,2,1999-08,0.805295,3,level_pctl_10y|change_12m_raw_share|volatility_12m_raw_share,
pakistan_west,2009-02,3,2002-05,0.987974,3,level_pctl_10y|change_12m_raw_share|volatility_12m_raw_share,
pakistan_west,2009-02,4,2002-01,1.106137,3,level_pctl_10y|change_12m_raw_share|volatility_12m_raw_share,
pakistan_west,2009-02,5,2000-01,1.336171,3,level_pctl_10y|change_12m_raw_share|volatility_12m_raw_share,
pakistan_west,2009-03,1,2009-10,0.603136,3,level_pctl_10y|change_12m_raw_share|volatility_12m_raw_share,
pakistan_west,2009-03,2,2000-04,1.10338,3,level_pctl_10y|change_12m_raw_share|volatility_12m_raw_share,
pakistan_west,2009-03,3,2002-04,1.260552,3,level_pctl_10y|change_12m_raw_share|volatility_12m_raw_share,
pakistan_west,2009-03,4,2000-03,1.439477,3,level_pctl_10y|change_12m_raw_share|volatility_12m_raw_share,
pakistan_west,2009-03,5,2002-03,1.469624,3,level_pctl_10y|change_12m_raw_share|volatility_12m_raw_share,
pakistan_west,2009-04,1,2009-11,1.17788,3,level_pctl_10y|change_12m_raw_share|volatility_12m_raw_share,
pakistan_west,2009-04,2,2000-04,1.686783,3,level_pctl_10y|change_12m_raw_share|volatility_12m_raw_share,
pakistan_west,2009-04,3,2002-04,1.799678,3,level_pctl_10y|change_12m_raw_share|volatility_12m_raw_share,
pakistan_west,2009-04,4,2000-03,1.865971,3,level_pctl_10y|change_12m_raw_share|volatility_12m_raw_share,
pakistan_west,2009-04,5,2002-02,2.099183,3,level_pctl_10y|change_12m_raw_share|volatility_12m_raw_share,
pakistan_west,2009-05,1,2000-05,1.99476,3,level_pctl_10y|change_12m_raw_share|volatility_12m_raw_share,
pakistan_west,2009-05,2,2000-04,2.126985,3,level_pctl_10y|change_12m_raw_share|volatility_12m_raw_share,
pakistan_west,2009-05,3,2002-04,2.232169,3,level_pctl_10y|change_12m_raw_share|volatility_12m_raw_share,
pakistan_west,2009-05,4,2000-03,2.239572,3,level_pctl_10y|change_12m_raw_share|volatility_12m_raw_share,
pakistan_west,2009-05,5,2000-02,2.267764,3,level_pctl_10y|change_12m_raw_share|volatility_12m_raw_share,
pakistan_west,2009-06,1,2000-04,1.005354,3,level_pctl_10y|change_12m_raw_share|volatility_12m_raw_share,
pakistan_west,2009-06,2,1999-10,1.030969,3,level_pctl_10y|change_12m_raw_share|volatility_12m_raw_share,
pakistan_west,2009-06,3,1999-09,1.054343,3,level_pctl_10y|change_12m_raw_share|volatility_12m_raw_share,
pakistan_west,2009-06,4,2002-02,1.161074,3,level_pctl_10y|change_12m_raw_share|volatility_12m_raw_share,
pakistan_west,2009-06,5,2002-03,1.163003,3,level_pctl_10y|change_12m_raw_share|volatility_12m_raw_share,
pakistan_west,2009-07,1,1999-09,0.609781,3,level_pctl_10y|change_12m_raw_share|volatility_12m_raw_share,
pakistan_west,2009-07,2,1999-08,0.626574,3,level_pctl_10y|change_12m_raw_share|volatility_12m_raw_share,
pakistan_west,2009-07,3,1999-12,0.688099,3,level_pctl_10y|change_12m_raw_share|volatility_12m_raw_share,
pakistan_west,2009-07,4,1999-07,0.713621,3,level_pctl_10y|change_12m_raw_share|volatility_12m_raw_share,
pakistan_west,2009-07,5,1999-10,0.806751,3,level_pctl_10y|change_12m_raw_share|volatility_12m_raw_share,
pakistan_west,2009-08,1,2000-04,0.724804,3,level_pctl_10y|change_12m_raw_share|volatility_12m_raw_share,
pakistan_west,2009-08,2,2000-03,0.883276,3,level_pctl_10y|change_12m_raw_share|volatility_12m_raw_share,
pakistan_west,2009-08,3,1999-11,0.943193,3,level_pctl_10y|change_12m_raw_share|volatility_12m_raw_share,
pakistan_west,2009-08,4,2002-02,1.036745,3,level_pctl_10y|change_12m_raw_share|volatility_12m_raw_share,
pakistan_west,2009-08,5,2002-04,1.087845,3,level_pctl_10y|change_12m_raw_share|volatility_12m_raw_share,
pakistan_west,2009-09,1,2000-04,0.786169,3,level_pctl_10y|change_12m_raw_share|volatility_12m_raw_share,
pakistan_west,2009-09,2,2002-04,1.036735,3,level_pctl_10y|change_12m_raw_share|volatility_12m_raw_share,
pakistan_west,2009-09,3,2002-03,1.115806,3,level_pctl_10y|change_12m_raw_share|volatility_12m_raw_share,
pakistan_west,2009-09,4,2000-03,1.121174,3,level_pctl_10y|change_12m_raw_share|volatility_12m_raw_share,
pakistan_west,2009-09,5,2002-02,1.123023,3,level_pctl_10y|change_12m_raw_share|volatility_12m_raw_share,
pakistan_west,2009-10,1,2009-03,0.603136,3,level_pctl_10y|change_12m_raw_share|volatility_12m_raw_share,
pakistan_west,2009-10,2,2000-04,1.521417,3,level_pctl_10y|change_12m_raw_share|volatility_12m_raw_share,
pakistan_west,2009-10,3,2002-04,1.56335,3,level_pctl_10y|change_12m_raw_share|volatility_12m_raw_share,
pakistan_west,2009-10,4,2000-03,1.85183,3,level_pctl_10y|change_12m_raw_share|volatility_12m_raw_share,
pakistan_west,2009-10,5,2002-03,1.887897,3,level_pctl_10y|change_12m_raw_share|volatility_12m_raw_share,
pakistan_west,2009-11,1,2000-02,1.117292,3,level_pctl_10y|change_12m_raw_share|volatility_12m_raw_share,
pakistan_west,2009-11,2,2009-04,1.17788,3,level_pctl_10y|change_12m_raw_share|volatility_12m_raw_share,
pakistan_west,2009-11,3,2000-05,1.233074,3,level_pctl_10y|change_12m_raw_share|volatility_12m_raw_share,
pakistan_west,2009-11,4,2000-03,1.438702,3,level_pctl_10y|change_12m_raw_share|volatility_12m_raw_share,
pakistan_west,2009-11,5,2002-12,1.488021,3,level_pctl_10y|change_12m_raw_share|volatility_12m_raw_share,
pakistan_west,2009-12,1,2000-06,0.765203,3,level_pctl_10y|change_12m_raw_share|volatility_12m_raw_share,
pakistan_west,2009-12,2,2003-01,3.101015,3,level_pctl_10y|change_12m_raw_share|volatility_12m_raw_share,
pakistan_west,2009-12,3,2002-07,3.637289,3,level_pctl_10y|change_12m_raw_share|volatility_12m_raw_share,
pakistan_west,2009-12,4,1989-12,3.89296,3,level_pctl_10y|change_12m_raw_share|volatility_12m_raw_share,
pakistan_west,2009-12,5,2000-07,3.991265,3,level_pctl_10y|change_12m_raw_share|volatility_12m_raw_share,
pakistan_west,2010-01,1,2000-07,0.67908,3,level_pctl_10y|change_12m_raw_share|volatility_12m_raw_share,
pakistan_west,2010-01,2,1989-12,0.941124,3,level_pctl_10y|change_12m_raw_share|volatility_12m_raw_share,
pakistan_west,2010-01,3,2005-01,1.049554,3,level_pctl_10y|change_12m_raw_share|volatility_12m_raw_share,
pakistan_west,2010-01,4,1990-07,1.203742,3,level_pctl_10y|change_12m_raw_share|volatility_12m_raw_share,
pakistan_west,2010-01,5,2003-01,1.389691,3,level_pctl_10y|change_12m_raw_share|volatility_12m_raw_share,
pakistan_west,2010-02,1,2001-01,0.27151,3,level_pctl_10y|change_12m_raw_share|volatility_12m_raw_share,
pakistan_west,2010-02,2,2000-08,0.407759,3,level_pctl_10y|change_12m_raw_share|volatility_12m_raw_share,
pakistan_west,2010-02,3,1988-01,0.411989,3,level_pctl_10y|change_12m_raw_share|volatility_12m_raw_share,
pakistan_west,2010-02,4,1990-08,0.489676,3,level_pctl_10y|change_12m_raw_share|volatility_12m_raw_share,
pakistan_west,2010-02,5,1998-09,0.502671,3,level_pctl_10y|change_12m_raw_share|volatility_12m_raw_share,
pakistan_west,2010-03,1,2007-03,0.103251,3,level_pctl_10y|change_12m_raw_share|volatility_12m_raw_share,
pakistan_west,2010-03,2,1987-06,0.173919,3,level_pctl_10y|change_12m_raw_share|volatility_12m_raw_share,
pakistan_west,2010-03,3,1990-09,0.236658,3,level_pctl_10y|change_12m_raw_share|volatility_12m_raw_share,
pakistan_west,2010-03,4,2013-11,0.259388,3,level_pctl_10y|change_12m_raw_share|volatility_12m_raw_share,
pakistan_west,2010-03,5,1997-12,0.273779,3,level_pctl_10y|change_12m_raw_share|volatility_12m_raw_share,
pakistan_west,2010-04,1,2007-01,0.206374,3,level_pctl_10y|change_12m_raw_share|volatility_12m_raw_share,
pakistan_west,2010-04,2,1980-07,0.321605,2,change_12m_raw_share|volatility_12m_raw_share,level_pctl_10y
pakistan_west,2010-04,3,1980-08,0.343287,2,change_12m_raw_share|volatility_12m_raw_share,level_pctl_10y
pakistan_west,2010-04,4,2006-11,0.35592,3,level_pctl_10y|change_12m_raw_share|volatility_12m_raw_share,
pakistan_west,2010-04,5,2003-11,0.359607,3,level_pctl_10y|change_12m_raw_share|volatility_12m_raw_share,
pakistan_west,2010-05,1,2007-02,0.233018,3,level_pctl_10y|change_12m_raw_share|volatility_12m_raw_share,
pakistan_west,2010-05,2,2001-05,0.351442,3,level_pctl_10y|change_12m_raw_share|volatility_12m_raw_share,
pakistan_west,2010-05,3,2012-04,0.369771,3,level_pctl_10y|change_12m_raw_share|volatility_12m_raw_share,
pakistan_west,2010-05,4,2005-04,0.396076,3,level_pctl_10y|change_12m_raw_share|volatility_12m_raw_share,
pakistan_west,2010-05,5,1993-03,0.456016,3,level_pctl_10y|change_12m_raw_share|volatility_12m_raw_share,
pakistan_west,2010-06,1,2012-07,0.309729,3,level_pctl_10y|change_12m_raw_share|volatility_12m_raw_share,
pakistan_west,2010-06,2,1989-04,0.342262,3,level_pctl_10y|change_12m_raw_share|volatility_12m_raw_share,
pakistan_west,2010-06,3,1985-05,0.418315,3,level_pctl_10y|change_12m_raw_share|volatility_12m_raw_share,
pakistan_west,2010-06,4,1987-09,0.446797,3,level_pctl_10y|change_12m_raw_share|volatility_12m_raw_share,
pakistan_west,2010-06,5,2005-08,0.460089,3,level_pctl_10y|change_12m_raw_share|volatility_12m_raw_share,
pakistan_west,2010-07,1,2005-11,0.366701,3,level_pctl_10y|change_12m_raw_share|volatility_12m_raw_share,
pakistan_west,2010-07,2,2000-10,0.420826,3,level_pctl_10y|change_12m_raw_share|volatility_12m_raw_share,
pakistan_west,2010-07,3,1998-03,0.442332,3,level_pctl_10y|change_12m_raw_share|volatility_12m_raw_share,
pakistan_west,2010-07,4,1983-01,0.559638,2,change_12m_raw_share|volatility_12m_raw_share,level_pctl_10y
pakistan_west,2010-07,5,1981-01,0.577377,2,change_12m_raw_share|volatility_12m_raw_share,level_pctl_10y
pakistan_west,2010-08,1,2007-10,0.211082,3,level_pctl_10y|change_12m_raw_share|volatility_12m_raw_share,
pakistan_west,2010-08,2,2007-05,0.261528,3,level_pctl_10y|change_12m_raw_share|volatility_12m_raw_share,
pakistan_west,2010-08,3,2007-09,0.279112,3,level_pctl_10y|change_12m_raw_share|volatility_12m_raw_share,
pakistan_west,2010-08,4,2007-07,0.368506,3,level_pctl_10y|change_12m_raw_share|volatility_12m_raw_share,
pakistan_west,2010-08,5,2014-01,0.401823,3,level_pctl_10y|change_12m_raw_share|volatility_12m_raw_share,
pakistan_west,2010-09,1,2007-10,0.121168,3,level_pctl_10y|change_12m_raw_share|volatility_12m_raw_share,
pakistan_west,2010-09,2,2007-05,0.295072,3,level_pctl_10y|change_12m_raw_share|volatility_12m_raw_share,
pakistan_west,2010-09,3,1987-10,0.346011,3,level_pctl_10y|change_12m_raw_share|volatility_12m_raw_share,
pakistan_west,2010-09,4,2007-09,0.363749,3,level_pctl_10y|change_12m_raw_share|volatility_12m_raw_share,
pakistan_west,2010-09,5,2014-01,0.388523,3,level_pctl_10y|change_12m_raw_share|volatility_12m_raw_share,
pakistan_west,2010-10,1,1998-02,0.099437,3,level_pctl_10y|change_12m_raw_share|volatility_12m_raw_share,
pakistan_west,2010-10,2,1987-07,0.101085,3,level_pctl_10y|change_12m_raw_share|volatility_12m_raw_share,
pakistan_west,2010-10,3,1990-10,0.172332,3,level_pctl_10y|change_12m_raw_share|volatility_12m_raw_share,
pakistan_west,2010-10,4,1986-05,0.190739,3,level_pctl_10y|change_12m_raw_share|volatility_12m_raw_share,
pakistan_west,2010-10,5,1987-10,0.190931,3,level_pctl_10y|change_12m_raw_share|volatility_12m_raw_share,
pakistan_west,2010-11,1,2005-08,0.258861,3,level_pctl_10y|change_12m_raw_share|volatility_12m_raw_share,
pakistan_west,2010-11,2,1998-01,0.302837,3,level_pctl_10y|change_12m_raw_share|volatility_12m_raw_share,
pakistan_west,2010-11,3,1990-12,0.305611,3,level_pctl_10y|change_12m_raw_share|volatility_12m_raw_share,
pakistan_west,2010-11,4,1997-12,0.355004,3,level_pctl_10y|change_12m_raw_share|volatility_12m_raw_share,
pakistan_west,2010-11,5,1989-06,0.360654,3,level_pctl_10y|change_12m_raw_share|volatility_12m_raw_share,
pakistan_west,2010-12,1,2005-03,0.125172,3,level_pctl_10y|change_12m_raw_share|volatility_12m_raw_share,
pakistan_west,2010-12,2,1990-12,0.185466,3,level_pctl_10y|change_12m_raw_share|volatility_12m_raw_share,
pakistan_west,2010-12,3,1997-12,0.276443,3,level_pctl_10y|change_12m_raw_share|volatility_12m_raw_share,
pakistan_west,2010-12,4,1998-01,0.303286,3,level_pctl_10y|change_12m_raw_share|volatility_12m_raw_share,
pakistan_west,2010-12,5,1987-05,0.325441,3,level_pctl_10y|change_12m_raw_share|volatility_12m_raw_share,
pakistan_west,2011-01,1,2007-10,0.124961,3,level_pctl_10y|change_12m_raw_share|volatility_12m_raw_share,
pakistan_west,2011-01,2,2007-08,0.267204,3,level_pctl_10y|change_12m_raw_share|volatility_12m_raw_share,
pakistan_west,2011-01,3,2007-05,0.302253,3,level_pctl_10y|change_12m_raw_share|volatility_12m_raw_share,
pakistan_west,2011-01,4,1987-10,0.325897,3,level_pctl_10y|change_12m_raw_share|volatility_12m_raw_share,
pakistan_west,2011-01,5,2014-03,0.43395,3,level_pctl_10y|change_12m_raw_share|volatility_12m_raw_share,
pakistan_west,2011-02,1,2008-01,0.457887,3,level_pctl_10y|change_12m_raw_share|volatility_12m_raw_share,
pakistan_west,2011-02,2,2007-11,0.497087,3,level_pctl_10y|change_12m_raw_share|volatility_12m_raw_share,
pakistan_west,2011-02,3,2007-07,0.605144,3,level_pctl_10y|change_12m_raw_share|volatility_12m_raw_share,
pakistan_west,2011-02,4,2006-04,0.649064,3,level_pctl_10y|change_12m_raw_share|volatility_12m_raw_share,
pakistan_west,2011-02,5,1983-01,0.663382,2,change_12m_raw_share|volatility_12m_raw_share,level_pctl_10y
pakistan_west,2011-03,1,2007-08,0.166337,3,level_pctl_10y|change_12m_raw_share|volatility_12m_raw_share,
pakistan_west,2011-03,2,2007-12,0.22392,3,level_pctl_10y|change_12m_raw_share|volatility_12m_raw_share,
pakistan_west,2011-03,3,2014-03,0.225158,3,level_pctl_10y|change_12m_raw_share|volatility_12m_raw_share,
pakistan_west,2011-03,4,1980-10,0.321625,2,change_12m_raw_share|volatility_12m_raw_share,level_pctl_10y
pakistan_west,2011-03,5,2013-02,0.343244,3,level_pctl_10y|change_12m_raw_share|volatility_12m_raw_share,
pakistan_west,2011-04,1,2008-01,0.130347,3,level_pctl_10y|change_12m_raw_share|volatility_12m_raw_share,
pakistan_west,2011-04,2,2007-07,0.31851,3,level_pctl_10y|change_12m_raw_share|volatility_12m_raw_share,
pakistan_west,2011-04,3,1983-01,0.370187,2,change_12m_raw_share|volatility_12m_raw_share,level_pctl_10y
pakistan_west,2011-04,4,1981-01,0.375768,2,change_12m_raw_share|volatility_12m_raw_share,level_pctl_10y
pakistan_west,2011-04,5,2007-11,0.383002,3,level_pctl_10y|change_12m_raw_share|volatility_12m_raw_share,
pakistan_west,2011-05,1,1983-01,0.368488,2,change_12m_raw_share|volatility_12m_raw_share,level_pctl_10y
pakistan_west,2011-05,2,1981-01,0.383077,2,change_12m_raw_share|volatility_12m_raw_share,level_pctl_10y
pakistan_west,2011-05,3,2014-09,0.442212,3,level_pctl_10y|change_12m_raw_share|volatility_12m_raw_share,
pakistan_west,2011-05,4,1983-11,0.450487,2,change_12m_raw_share|volatility_12m_raw_share,level_pctl_10y
pakistan_west,2011-05,5,2015-05,0.49571,2,change_12m_raw_share|volatility_12m_raw_share,level_pctl_10y
pakistan_west,2011-06,1,1981-09,0.036642,2,change_12m_raw_share|volatility_12m_raw_share,level_pctl_10y
pakistan_west,2011-06,2,2016-08,0.101636,2,change_12m_raw_share|volatility_12m_raw_share,level_pctl_10y
pakistan_west,2011-06,3,2016-04,0.124506,2,change_12m_raw_share|volatility_12m_raw_share,level_pctl_10y
pakistan_west,2011-06,4,2016-07,0.137834,2,change_12m_raw_share|volatility_12m_raw_share,level_pctl_10y
pakistan_west,2011-06,5,1981-08,0.161018,2,change_12m_raw_share|volatility_12m_raw_share,level_pctl_10y
pakistan_west,2011-07,1,2017-05,0.084702,2,change_12m_raw_share|volatility_12m_raw_share,level_pctl_10y
pakistan_west,2011-07,2,2016-09,0.109605,2,change_12m_raw_share|volatility_12m_raw_share,level_pctl_10y
pakistan_west,2011-07,3,2016-02,0.121459,2,change_12m_raw_share|volatility_12m_raw_share,level_pctl_10y
pakistan_west,2011-07,4,2016-10,0.125655,2,change_12m_raw_share|volatility_12m_raw_share,level_pctl_10y
pakistan_west,2011-07,5,1981-11,0.163221,2,change_12m_raw_share|volatility_12m_raw_share,level_pctl_10y
pakistan_west,2011-08,1,2016-12,0.014268,2,change_12m_raw_share|volatility_12m_raw_share,level_pctl_10y
pakistan_west,2011-08,2,2017-01,0.032822,2,change_12m_raw_share|volatility_12m_raw_share,level_pctl_10y
pakistan_west,2011-08,3,2017-02,0.057545,2,change_12m_raw_share|volatility_12m_raw_share,level_pctl_10y
pakistan_west,2011-08,4,2016-07,0.111183,2,change_12m_raw_share|volatility_12m_raw_share,level_pctl_10y
pakistan_west,2011-08,5,2017-03,0.130994,2,change_12m_raw_share|volatility_12m_raw_share,level_pctl_10y
pakistan_west,2011-09,1,2016-01,0.06066,2,change_12m_raw_share|volatility_12m_raw_share,level_pctl_10y
pakistan_west,2011-09,2,2017-03,0.072128,2,change_12m_raw_share|volatility_12m_raw_share,level_pctl_10y
pakistan_west,2011-09,3,2016-06,0.072453,2,change_12m_raw_share|volatility_12m_raw_share,level_pctl_10y
pakistan_west,2011-09,4,2015-10,0.08862,2,change_12m_raw_share|volatility_12m_raw_share,level_pctl_10y
pakistan_west,2011-09,5,2016-05,0.089594,2,change_12m_raw_share|volatility_12m_raw_share,level_pctl_10y
pakistan_west,2011-10,1,2017-03,0.048271,2,change_12m_raw_share|volatility_12m_raw_share,level_pctl_10y
pakistan_west,2011-10,2,2015-10,0.076932,2,change_12m_raw_share|volatility_12m_raw_share,level_pctl_10y
pakistan_west,2011-10,3,2017-02,0.087366,2,change_12m_raw_share|volatility_12m_raw_share,level_pctl_10y
pakistan_west,2011-10,4,2016-07,0.091367,2,change_12m_raw_share|volatility_12m_raw_share,level_pctl_10y
pakistan_west,2011-10,5,2016-01,0.094284,2,change_12m_raw_share|volatility_12m_raw_share,level_pctl_10y
pakistan_west,2011-11,1,2016-12,0.022937,2,change_12m_raw_share|volatility_12m_raw_share,level_pctl_10y
pakistan_west,2011-11,2,2017-01,0.047679,2,change_12m_raw_share|volatility_12m_raw_share,level_pctl_10y
pakistan_west,2011-11,3,2017-02,0.07629,2,change_12m_raw_share|volatility_12m_raw_share,level_pctl_10y
pakistan_west,2011-11,4,2016-07,0.129215,2,change_12m_raw_share|volatility_12m_raw_share,level_pctl_10y
pakistan_west,2011-11,5,1995-04,0.135589,3,level_pctl_10y|change_12m_raw_share|volatility_12m_raw_share,
pakistan_west,2011-12,1,2015-12,0.058944,2,change_12m_raw_share|volatility_12m_raw_share,level_pctl_10y
pakistan_west,2011-12,2,1981-07,0.149445,2,change_12m_raw_share|volatility_12m_raw_share,level_pctl_10y
pakistan_west,2011-12,3,1981-08,0.160855,2,change_12m_raw_share|volatility_12m_raw_share,level_pctl_10y
pakistan_west,2011-12,4,2016-12,0.163823,2,change_12m_raw_share|volatility_12m_raw_share,level_pctl_10y
pakistan_west,2011-12,5,2017-01,0.178209,2,change_12m_raw_share|volatility_12m_raw_share,level_pctl_10y
pakistan_west,2012-01,1,2016-07,0.059977,2,change_12m_raw_share|volatility_12m_raw_share,level_pctl_10y
pakistan_west,2012-01,2,2016-01,0.065263,2,change_12m_raw_share|volatility_12m_raw_share,level_pctl_10y
pakistan_west,2012-01,3,2016-06,0.070752,2,change_12m_raw_share|volatility_12m_raw_share,level_pctl_10y
pakistan_west,2012-01,4,2017-03,0.076456,2,change_12m_raw_share|volatility_12m_raw_share,level_pctl_10y
pakistan_west,2012-01,5,2016-04,0.086236,2,change_12m_raw_share|volatility_12m_raw_share,level_pctl_10y
pakistan_west,2012-02,1,2016-07,0.073453,2,change_12m_raw_share|volatility_12m_raw_share,level_pctl_10y
pakistan_west,2012-02,2,2017-01,0.078125,2,change_12m_raw_share|volatility_12m_raw_share,level_pctl_10y
pakistan_west,2012-02,3,2017-02,0.078655,2,change_12m_raw_share|volatility_12m_raw_share,level_pctl_10y
pakistan_west,2012-02,4,2017-03,0.078758,2,change_12m_raw_share|volatility_12m_raw_share,level_pctl_10y
pakistan_west,2012-02,5,2016-12,0.079223,2,change_12m_raw_share|volatility_12m_raw_share,level_pctl_10y
pakistan_west,2012-03,1,2015-06,0.016457,2,change_12m_raw_share|volatility_12m_raw_share,level_pctl_10y
pakistan_west,2012-03,2,2016-11,0.055549,2,change_12m_raw_share|volatility_12m_raw_share,level_pctl_10y
pakistan_west,2012-03,3,2017-04,0.073079,2,change_12m_raw_share|volatility_12m_raw_share,level_pctl_10y
pakistan_west,2012-03,4,2015-11,0.096059,2,change_12m_raw_share|volatility_12m_raw_share,level_pctl_10y
pakistan_west,2012-03,5,2015-09,0.110062,2,change_12m_raw_share|volatility_12m_raw_share,level_pctl_10y
pakistan_west,2012-04,1,2008-11,0.292451,3,level_pctl_10y|change_12m_raw_share|volatility_12m_raw_share,
pakistan_west,2012-04,2,2010-05,0.369771,3,level_pctl_10y|change_12m_raw_share|volatility_12m_raw_share,
pakistan_west,2012-04,3,1997-03,0.389935,3,level_pctl_10y|change_12m_raw_share|volatility_12m_raw_share,
pakistan_west,2012-04,4,2005-04,0.390259,3,level_pctl_10y|change_12m_raw_share|volatility_12m_raw_share,
pakistan_west,2012-04,5,2007-02,0.447376,3,level_pctl_10y|change_12m_raw_share|volatility_12m_raw_share,
pakistan_west,2012-05,1,2006-02,0.147065,3,level_pctl_10y|change_12m_raw_share|volatility_12m_raw_share,
pakistan_west,2012-05,2,1987-10,0.203673,3,level_pctl_10y|change_12m_raw_share|volatility_12m_raw_share,
pakistan_west,2012-05,3,2014-01,0.207482,3,level_pctl_10y|change_12m_raw_share|volatility_12m_raw_share,
pakistan_west,2012-05,4,1987-07,0.212553,3,level_pctl_10y|change_12m_raw_share|volatility_12m_raw_share,
pakistan_west,2012-05,5,2006-12,0.246441,3,level_pctl_10y|change_12m_raw_share|volatility_12m_raw_share,
pakistan_west,2012-06,1,2007-04,0.14957,3,level_pctl_10y|change_12m_raw_share|volatility_12m_raw_share,
pakistan_west,2012-06,2,1987-06,0.181872,3,level_pctl_10y|change_12m_raw_share|volatility_12m_raw_share,
pakistan_west,2012-06,3,1980-10,0.198203,2,change_12m_raw_share|volatility_12m_raw_share,level_pctl_10y
pakistan_west,2012-06,4,2014-07,0.21373,3,level_pctl_10y|change_12m_raw_share|volatility_12m_raw_share,
pakistan_west,2012-06,5,1991-12,0.229029,3,level_pctl_10y|change_12m_raw_share|volatility_12m_raw_share,
pakistan_west,2012-07,1,2006-01,0.170616,3,level_pctl_10y|change_12m_raw_share|volatility_12m_raw_share,
pakistan_west,2012-07,2,1985-05,0.208785,3,level_pctl_10y|change_12m_raw_share|volatility_12m_raw_share,
pakistan_west,2012-07,3,2013-12,0.244183,3,level_pctl_10y|change_12m_raw_share|volatility_12m_raw_share,
pakistan_west,2012-07,4,1991-06,0.24638,3,level_pctl_10y|change_12m_raw_share|volatility_12m_raw_share,
pakistan_west,2012-07,5,1980-05,0.269118,2,change_12m_raw_share|volatility_12m_raw_share,level_pctl_10y
pakistan_west,2012-08,1,1982-12,0.167076,2,change_12m_raw_share|volatility_12m_raw_share,level_pctl_10y
pakistan_west,2012-08,2,2008-07,0.169338,3,level_pctl_10y|change_12m_raw_share|volatility_12m_raw_share,
pakistan_west,2012-08,3,2008-09,0.185598,3,level_pctl_10y|change_12m_raw_share|volatility_12m_raw_share,
pakistan_west,2012-08,4,1982-11,0.229416,2,change_12m_raw_share|volatility_12m_raw_share,level_pctl_10y
pakistan_west,2012-08,5,1980-11,0.231802,2,change_12m_raw_share|volatility_12m_raw_share,level_pctl_10y
pakistan_west,2012-09,1,2007-04,0.105554,3,level_pctl_10y|change_12m_raw_share|volatility_12m_raw_share,
pakistan_west,2012-09,2,1980-11,0.108591,2,change_12m_raw_share|volatility_12m_raw_share,level_pctl_10y
pakistan_west,2012-09,3,1980-12,0.113457,2,change_12m_raw_share|volatility_12m_raw_share,level_pctl_10y
pakistan_west,2012-09,4,1993-06,0.145978,3,level_pctl_10y|change_12m_raw_share|volatility_12m_raw_share,
pakistan_west,2012-09,5,2014-07,0.183426,3,level_pctl_10y|change_12m_raw_share|volatility_12m_raw_share,
pakistan_west,2012-10,1,1980-12,0.126115,2,change_12m_raw_share|volatility_12m_raw_share,level_pctl_10y
pakistan_west,2012-10,2,1980-11,0.127319,2,change_12m_raw_share|volatility_12m_raw_share,level_pctl_10y
pakistan_west,2012-10,3,2014-04,0.1481,3,level_pctl_10y|change_12m_raw_share|volatility_12m_raw_share,
pakistan_west,2012-10,4,1992-01,0.170492,3,level_pctl_10y|change_12m_raw_share|volatility_12m_raw_share,
pakistan_west,2012-10,5,1980-10,0.179478,2,change_12m_raw_share|volatility_12m_raw_share,level_pctl_10y
pakistan_west,2012-11,1,1985-09,0.059739,3,level_pctl_10y|change_12m_raw_share|volatility_12m_raw_share,
pakistan_west,2012-11,2,1982-12,0.175264,2,change_12m_raw_share|volatility_12m_raw_share,level_pctl_10y
pakistan_west,2012-11,3,1993-04,0.182294,3,level_pctl_10y|change_12m_raw_share|volatility_12m_raw_share,
pakistan_west,2012-11,4,1980-11,0.205879,2,change_12m_raw_share|volatility_12m_raw_share,level_pctl_10y
pakistan_west,2012-11,5,1980-12,0.217741,2,change_12m_raw_share|volatility_12m_raw_share,level_pctl_10y
pakistan_west,2012-12,1,1980-09,0.159264,2,change_12m_raw_share|volatility_12m_raw_share,level_pctl_10y
pakistan_west,2012-12,2,1982-12,0.163432,2,change_12m_raw_share|volatility_12m_raw_share,level_pctl_10y
pakistan_west,2012-12,3,1980-08,0.17833,2,change_12m_raw_share|volatility_12m_raw_share,level_pctl_10y
pakistan_west,2012-12,4,1985-09,0.201208,3,level_pctl_10y|change_12m_raw_share|volatility_12m_raw_share,
pakistan_west,2012-12,5,1982-11,0.232268,2,change_12m_raw_share|volatility_12m_raw_share,level_pctl_10y
pakistan_west,2013-01,1,1980-08,0.066914,2,change_12m_raw_share|volatility_12m_raw_share,level_pctl_10y
pakistan_west,2013-01,2,1980-09,0.118117,2,change_12m_raw_share|volatility_12m_raw_share,level_pctl_10y
pakistan_west,2013-01,3,1980-03,0.182732,2,change_12m_raw_share|volatility_12m_raw_share,level_pctl_10y
pakistan_west,2013-01,4,2013-10,0.239568,3,level_pctl_10y|change_12m_raw_share|volatility_12m_raw_share,
pakistan_west,2013-01,5,1982-10,0.291761,2,change_12m_raw_share|volatility_12m_raw_share,level_pctl_10y
pakistan_west,2013-02,1,1980-10,0.086194,2,change_12m_raw_share|volatility_12m_raw_share,level_pctl_10y
pakistan_west,2013-02,2,1980-12,0.191678,2,change_12m_raw_share|volatility_12m_raw_share,level_pctl_10y
pakistan_west,2013-02,3,1980-06,0.195165,2,change_12m_raw_share|volatility_12m_raw_share,level_pctl_10y
pakistan_west,2013-02,4,1980-11,0.198262,2,change_12m_raw_share|volatility_12m_raw_share,level_pctl_10y
pakistan_west,2013-02,5,1980-04,0.200962,2,change_12m_raw_share|volatility_12m_raw_share,level_pctl_10y
pakistan_west,2013-03,1,1982-12,0.132742,2,change_12m_raw_share|volatility_12m_raw_share,level_pctl_10y
pakistan_west,2013-03,2,1980-11,0.157057,2,change_12m_raw_share|volatility_12m_raw_share,level_pctl_10y
pakistan_west,2013-03,3,1980-12,0.168834,2,change_12m_raw_share|volatility_12m_raw_share,level_pctl_10y
pakistan_west,2013-03,4,1982-11,0.178943,2,change_12m_raw_share|volatility_12m_raw_share,level_pctl_10y
pakistan_west,2013-03,5,1991-09,0.193577,3,level_pctl_10y|change_12m_raw_share|volatility_12m_raw_share,
pakistan_west,2013-04,1,2008-02,0.28718,3,level_pctl_10y|change_12m_raw_share|volatility_12m_raw_share,
pakistan_west,2013-04,2,2006-04,0.446047,3,level_pctl_10y|change_12m_raw_share|volatility_12m_raw_share,
pakistan_west,2013-04,3,1983-01,0.555383,2,change_12m_raw_share|volatility_12m_raw_share,level_pctl_10y
pakistan_west,2013-04,4,1981-01,0.602116,2,change_12m_raw_share|volatility_12m_raw_share,level_pctl_10y
pakistan_west,2013-04,5,1991-01,0.699135,3,level_pctl_10y|change_12m_raw_share|volatility_12m_raw_share,
pakistan_west,2013-05,1,1980-01,0.104357,2,change_12m_raw_share|volatility_12m_raw_share,level_pctl_10y
pakistan_west,2013-05,2,1982-01,0.133892,2,change_12m_raw_share|volatility_12m_raw_share,level_pctl_10y
pakistan_west,2013-05,3,1993-03,0.289603,3,level_pctl_10y|change_12m_raw_share|volatility_12m_raw_share,
pakistan_west,2013-05,4,1980-07,0.303769,2,change_12m_raw_share|volatility_12m_raw_share,level_pctl_10y
pakistan_west,2013-05,5,1992-11,0.394839,3,level_pctl_10y|change_12m_raw_share|volatility_12m_raw_share,
pakistan_west,2013-06,1,1983-04,0.065015,2,change_12m_raw_share|volatility_12m_raw_share,level_pctl_10y
pakistan_west,2013-06,2,1982-06,0.078277,2,change_12m_raw_share|volatility_12m_raw_share,level_pctl_10y
pakistan_west,2013-06,3,1982-05,0.07983,2,change_12m_raw_share|volatility_12m_raw_share,level_pctl_10y
pakistan_west,2013-06,4,1983-06,0.079915,2,change_12m_raw_share|volatility_12m_raw_share,level_pctl_10y
pakistan_west,2013-06,5,1980-04,0.084728,2,change_12m_raw_share|volatility_12m_raw_share,level_pctl_10y
pakistan_west,2013-07,1,1982-08,0.057895,2,change_12m_raw_share|volatility_12m_raw_share,level_pctl_10y
pakistan_west,2013-07,2,1981-02,0.087609,2,change_12m_raw_share|volatility_12m_raw_share,level_pctl_10y
pakistan_west,2013-07,3,1993-09,0.112835,3,level_pctl_10y|change_12m_raw_share|volatility_12m_raw_share,
pakistan_west,2013-07,4,2019-11,0.11404,3,level_pctl_10y|change_12m_raw_share|volatility_12m_raw_share,
pakistan_west,2013-07,5,1980-06,0.118075,2,change_12m_raw_share|volatility_12m_raw_share,level_pctl_10y
pakistan_west,2013-08,1,1980-07,0.166806,2,change_12m_raw_share|volatility_12m_raw_share,level_pctl_10y
pakistan_west,2013-08,2,1980-03,0.18741,2,change_12m_raw_share|volatility_12m_raw_share,level_pctl_10y
pakistan_west,2013-08,3,1980-08,0.209866,2,change_12m_raw_share|volatility_12m_raw_share,level_pctl_10y
pakistan_west,2013-08,4,1980-09,0.239597,2,change_12m_raw_share|volatility_12m_raw_share,level_pctl_10y
pakistan_west,2013-08,5,1988-04,0.255001,3,level_pctl_10y|change_12m_raw_share|volatility_12m_raw_share,
pakistan_west,2013-09,1,1980-07,0.090125,2,change_12m_raw_share|volatility_12m_raw_share,level_pctl_10y
pakistan_west,2013-09,2,1984-11,0.242684,3,level_pctl_10y|change_12m_raw_share|volatility_12m_raw_share,
pakistan_west,2013-09,3,1992-11,0.28143,3,level_pctl_10y|change_12m_raw_share|volatility_12m_raw_share,
pakistan_west,2013-09,4,1980-08,0.307458,2,change_12m_raw_share|volatility_12m_raw_share,level_pctl_10y
pakistan_west,2013-09,5,1980-03,0.331121,2,change_12m_raw_share|volatility_12m_raw_share,level_pctl_10y
pakistan_west,2013-10,1,1982-12,0.096217,2,change_12m_raw_share|volatility_12m_raw_share,level_pctl_10y
pakistan_west,2013-10,2,1980-09,0.142498,2,change_12m_raw_share|volatility_12m_raw_share,level_pctl_10y
pakistan_west,2013-10,3,1982-11,0.164569,2,change_12m_raw_share|volatility_12m_raw_share,level_pctl_10y
pakistan_west,2013-10,4,1992-12,0.165372,3,level_pctl_10y|change_12m_raw_share|volatility_12m_raw_share,
pakistan_west,2013-10,5,1980-08,0.17957,2,change_12m_raw_share|volatility_12m_raw_share,level_pctl_10y
pakistan_west,2013-11,1,1980-05,0.17967,2,change_12m_raw_share|volatility_12m_raw_share,level_pctl_10y
pakistan_west,2013-11,2,2007-03,0.185761,3,level_pctl_10y|change_12m_raw_share|volatility_12m_raw_share,
pakistan_west,2013-11,3,1993-02,0.190901,3,level_pctl_10y|change_12m_raw_share|volatility_12m_raw_share,
pakistan_west,2013-11,4,1980-02,0.234285,2,change_12m_raw_share|volatility_12m_raw_share,level_pctl_10y
pakistan_west,2013-11,5,1984-09,0.258969,3,level_pctl_10y|change_12m_raw_share|volatility_12m_raw_share,
pakistan_west,2013-12,1,2006-01,0.163964,3,level_pctl_10y|change_12m_raw_share|volatility_12m_raw_share,
pakistan_west,2013-12,2,1993-07,0.173941,3,level_pctl_10y|change_12m_raw_share|volatility_12m_raw_share,
pakistan_west,2013-12,3,1980-10,0.180113,2,change_12m_raw_share|volatility_12m_raw_share,level_pctl_10y
pakistan_west,2013-12,4,2007-03,0.223313,3,level_pctl_10y|change_12m_raw_share|volatility_12m_raw_share,
pakistan_west,2013-12,5,1980-05,0.233494,2,change_12m_raw_share|volatility_12m_raw_share,level_pctl_10y
pakistan_west,2014-01,1,2006-02,0.113517,3,level_pctl_10y|change_12m_raw_share|volatility_12m_raw_share,
pakistan_west,2014-01,2,2012-05,0.207482,3,level_pctl_10y|change_12m_raw_share|volatility_12m_raw_share,
pakistan_west,2014-01,3,2006-12,0.269044,3,level_pctl_10y|change_12m_raw_share|volatility_12m_raw_share,
pakistan_west,2014-01,4,1980-05,0.269833,2,change_12m_raw_share|volatility_12m_raw_share,level_pctl_10y
pakistan_west,2014-01,5,1993-02,0.31696,3,level_pctl_10y|change_12m_raw_share|volatility_12m_raw_share,
pakistan_west,2014-02,1,1980-12,0.119817,2,change_12m_raw_share|volatility_12m_raw_share,level_pctl_10y
pakistan_west,2014-02,2,1980-11,0.120793,2,change_12m_raw_share|volatility_12m_raw_share,level_pctl_10y
pakistan_west,2014-02,3,1980-10,0.183072,2,change_12m_raw_share|volatility_12m_raw_share,level_pctl_10y
pakistan_west,2014-02,4,2012-10,0.200437,3,level_pctl_10y|change_12m_raw_share|volatility_12m_raw_share,
pakistan_west,2014-02,5,1980-04,0.207085,2,change_12m_raw_share|volatility_12m_raw_share,level_pctl_10y
pakistan_west,2014-03,1,2011-03,0.225158,3,level_pctl_10y|change_12m_raw_share|volatility_12m_raw_share,
pakistan_west,2014-03,2,2007-12,0.235551,3,level_pctl_10y|change_12m_raw_share|volatility_12m_raw_share,
pakistan_west,2014-03,3,1987-10,0.251195,3,level_pctl_10y|change_12m_raw_share|volatility_12m_raw_share,
pakistan_west,2014-03,4,1980-05,0.257701,2,change_12m_raw_share|volatility_12m_raw_share,level_pctl_10y
pakistan_west,2014-03,5,2012-05,0.267227,3,level_pctl_10y|change_12m_raw_share|volatility_12m_raw_share,
pakistan_west,2014-04,1,2012-10,0.1481,3,level_pctl_10y|change_12m_raw_share|volatility_12m_raw_share,
pakistan_west,2014-04,2,1980-12,0.153477,2,change_12m_raw_share|volatility_12m_raw_share,level_pctl_10y
pakistan_west,2014-04,3,1980-11,0.153565,2,change_12m_raw_share|volatility_12m_raw_share,level_pctl_10y
pakistan_west,2014-04,4,1992-01,0.154849,3,level_pctl_10y|change_12m_raw_share|volatility_12m_raw_share,
pakistan_west,2014-04,5,1980-10,0.190793,2,change_12m_raw_share|volatility_12m_raw_share,level_pctl_10y
pakistan_west,2014-05,1,1980-05,0.107956,2,change_12m_raw_share|volatility_12m_raw_share,level_pctl_10y
pakistan_west,2014-05,2,2003-07,0.154094,3,level_pctl_10y|change_12m_raw_share|volatility_12m_raw_share,
pakistan_west,2014-05,3,1982-07,0.199951,2,change_12m_raw_share|volatility_12m_raw_share,level_pctl_10y
pakistan_west,2014-05,4,1980-02,0.215913,2,change_12m_raw_share|volatility_12m_raw_share,level_pctl_10y
pakistan_west,2014-05,5,1982-09,0.220572,2,change_12m_raw_share|volatility_12m_raw_share,level_pctl_10y
pakistan_west,2014-06,1,1980-10,0.128142,2,change_12m_raw_share|volatility_12m_raw_share,level_pctl_10y
pakistan_west,2014-06,2,1980-02,0.160101,2,change_12m_raw_share|volatility_12m_raw_share,level_pctl_10y
pakistan_west,2014-06,3,1992-03,0.173171,3,level_pctl_10y|change_12m_raw_share|volatility_12m_raw_share,
pakistan_west,2014-06,4,1980-06,0.191275,2,change_12m_raw_share|volatility_12m_raw_share,level_pctl_10y
pakistan_west,2014-06,5,1980-05,0.199259,2,change_12m_raw_share|volatility_12m_raw_share,level_pctl_10y
pakistan_west,2014-07,1,1991-12,0.064551,3,level_pctl_10y|change_12m_raw_share|volatility_12m_raw_share,
pakistan_west,2014-07,2,1980-10,0.089112,2,change_12m_raw_share|volatility_12m_raw_share,level_pctl_10y
pakistan_west,2014-07,3,1980-04,0.107716,2,change_12m_raw_share|volatility_12m_raw_share,level_pctl_10y
pakistan_west,2014-07,4,1980-06,0.110405,2,change_12m_raw_share|volatility_12m_raw_share,level_pctl_10y
pakistan_west,2014-07,5,1993-06,0.123288,3,level_pctl_10y|change_12m_raw_share|volatility_12m_raw_share,
pakistan_west,2014-08,1,1980-05,0.114873,2,change_12m_raw_share|volatility_12m_raw_share,level_pctl_10y
pakistan_west,2014-08,2,1982-07,0.124276,2,change_12m_raw_share|volatility_12m_raw_share,level_pctl_10y
pakistan_west,2014-08,3,1983-10,0.165107,2,change_12m_raw_share|volatility_12m_raw_share,level_pctl_10y
pakistan_west,2014-08,4,1983-02,0.183286,2,change_12m_raw_share|volatility_12m_raw_share,level_pctl_10y
pakistan_west,2014-08,5,1982-09,0.185011,2,change_12m_raw_share|volatility_12m_raw_share,level_pctl_10y
pakistan_west,2014-09,1,1983-11,0.122006,2,change_12m_raw_share|volatility_12m_raw_share,level_pctl_10y
pakistan_west,2014-09,2,2015-05,0.149261,2,change_12m_raw_share|volatility_12m_raw_share,level_pctl_10y
pakistan_west,2014-09,3,1981-01,0.267666,2,change_12m_raw_share|volatility_12m_raw_share,level_pctl_10y
pakistan_west,2014-09,4,1983-01,0.311146,2,change_12m_raw_share|volatility_12m_raw_share,level_pctl_10y
pakistan_west,2014-09,5,1981-03,0.329957,2,change_12m_raw_share|volatility_12m_raw_share,level_pctl_10y
pakistan_west,2014-10,1,2017-03,0.052049,2,change_12m_raw_share|volatility_12m_raw_share,level_pctl_10y
pakistan_west,2014-10,2,2016-01,0.070356,2,change_12m_raw_share|volatility_12m_raw_share,level_pctl_10y
pakistan_west,2014-10,3,2015-10,0.078059,2,change_12m_raw_share|volatility_12m_raw_share,level_pctl_10y
pakistan_west,2014-10,4,2016-06,0.079759,2,change_12m_raw_share|volatility_12m_raw_share,level_pctl_10y
pakistan_west,2014-10,5,2016-07,0.088786,2,change_12m_raw_share|volatility_12m_raw_share,level_pctl_10y
pakistan_west,2014-11,1,2017-03,0.05936,2,change_12m_raw_share|volatility_12m_raw_share,level_pctl_10y
pakistan_west,2014-11,2,2016-01,0.06999,2,change_12m_raw_share|volatility_12m_raw_share,level_pctl_10y
pakistan_west,2014-11,3,2015-10,0.076347,2,change_12m_raw_share|volatility_12m_raw_share,level_pctl_10y
pakistan_west,2014-11,4,2016-06,0.081553,2,change_12m_raw_share|volatility_12m_raw_share,level_pctl_10y
pakistan_west,2014-11,5,2016-05,0.100612,2,change_12m_raw_share|volatility_12m_raw_share,level_pctl_10y
pakistan_west,2014-12,1,1982-10,0.116016,2,change_12m_raw_share|volatility_12m_raw_share,level_pctl_10y
pakistan_west,2014-12,2,1980-03,0.182203,2,change_12m_raw_share|volatility_12m_raw_share,level_pctl_10y
pakistan_west,2014-12,3,2016-10,0.192463,2,change_12m_raw_share|volatility_12m_raw_share,level_pctl_10y
pakistan_west,2014-12,4,1988-04,0.203465,3,level_pctl_10y|change_12m_raw_share|volatility_12m_raw_share,
pakistan_west,2014-12,5,1988-06,0.204954,3,level_pctl_10y|change_12m_raw_share|volatility_12m_raw_share,
pakistan_west,2015-01,1,1981-04,0.011571,2,change_12m_raw_share|volatility_12m_raw_share,level_pctl_10y
pakistan_west,2015-01,2,2015-08,0.050834,2,change_12m_raw_share|volatility_12m_raw_share,level_pctl_10y
pakistan_west,2015-01,3,1982-02,0.061075,2,change_12m_raw_share|volatility_12m_raw_share,level_pctl_10y
pakistan_west,2015-01,4,1981-06,0.066252,2,change_12m_raw_share|volatility_12m_raw_share,level_pctl_10y
pakistan_west,2015-01,5,1983-09,0.100673,2,change_12m_raw_share|volatility_12m_raw_share,level_pctl_10y
pakistan_west,2015-02,1,1981-02,0.04848,2,change_12m_raw_share|volatility_12m_raw_share,level_pctl_10y
pakistan_west,2015-02,2,1994-01,0.053417,2,change_12m_raw_share|volatility_12m_raw_share,level_pctl_10y
pakistan_west,2015-02,3,2015-10,0.076102,2,change_12m_raw_share|volatility_12m_raw_share,level_pctl_10y
pakistan_west,2015-02,4,1982-06,0.082421,2,change_12m_raw_share|volatility_12m_raw_share,level_pctl_10y
pakistan_west,2015-02,5,1983-04,0.084049,2,change_12m_raw_share|volatility_12m_raw_share,level_pctl_10y
pakistan_west,2015-03,1,1982-02,0.030047,2,change_12m_raw_share|volatility_12m_raw_share,level_pctl_10y
pakistan_west,2015-03,2,1981-06,0.033859,2,change_12m_raw_share|volatility_12m_raw_share,level_pctl_10y
pakistan_west,2015-03,3,1981-04,0.03981,2,change_12m_raw_share|volatility_12m_raw_share,level_pctl_10y
pakistan_west,2015-03,4,1984-05,0.063368,2,change_12m_raw_share|volatility_12m_raw_share,level_pctl_10y
pakistan_west,2015-03,5,1996-06,0.102659,2,change_12m_raw_share|volatility_12m_raw_share,level_pctl_10y
pakistan_west,2015-04,1,1984-03,0.049687,2,change_12m_raw_share|volatility_12m_raw_share,level_pctl_10y
pakistan_west,2015-04,2,1983-09,0.055455,2,change_12m_raw_share|volatility_12m_raw_share,level_pctl_10y
pakistan_west,2015-04,3,1983-03,0.093833,2,change_12m_raw_share|volatility_12m_raw_share,level_pctl_10y
pakistan_west,2015-04,4,1996-04,0.09574,2,change_12m_raw_share|volatility_12m_raw_share,level_pctl_10y
pakistan_west,2015-04,5,1984-02,0.097567,2,change_12m_raw_share|volatility_12m_raw_share,level_pctl_10y
pakistan_west,2015-05,1,1983-11,0.047041,2,change_12m_raw_share|volatility_12m_raw_share,level_pctl_10y
pakistan_west,2015-05,2,2006-06,0.069199,2,change_12m_raw_share|volatility_12m_raw_share,level_pctl_10y
pakistan_west,2015-05,3,1991-02,0.107506,2,change_12m_raw_share|volatility_12m_raw_share,level_pctl_10y
pakistan_west,2015-05,4,2014-09,0.149261,2,change_12m_raw_share|volatility_12m_raw_share,level_pctl_10y
pakistan_west,2015-05,5,1994-03,0.17522,2,change_12m_raw_share|volatility_12m_raw_share,level_pctl_10y
pakistan_west,2015-06,1,2012-03,0.016457,2,change_12m_raw_share|volatility_12m_raw_share,level_pctl_10y
pakistan_west,2015-06,2,2017-06,0.020134,2,change_12m_raw_share|volatility_12m_raw_share,level_pctl_10y
pakistan_west,2015-06,3,1996-11,0.036532,2,change_12m_raw_share|volatility_12m_raw_share,level_pctl_10y
pakistan_west,2015-06,4,2017-04,0.064551,2,change_12m_raw_share|volatility_12m_raw_share,level_pctl_10y
pakistan_west,2015-06,5,1996-01,0.065727,2,change_12m_raw_share|volatility_12m_raw_share,level_pctl_10y
pakistan_west,2015-07,1,1995-10,0.026567,2,change_12m_raw_share|volatility_12m_raw_share,level_pctl_10y
pakistan_west,2015-07,2,1996-06,0.053096,2,change_12m_raw_share|volatility_12m_raw_share,level_pctl_10y
pakistan_west,2015-07,3,1995-01,0.088977,2,change_12m_raw_share|volatility_12m_raw_share,level_pctl_10y
pakistan_west,2015-07,4,1984-03,0.093372,2,change_12m_raw_share|volatility_12m_raw_share,level_pctl_10y
pakistan_west,2015-07,5,2016-11,0.113622,2,change_12m_raw_share|volatility_12m_raw_share,level_pctl_10y
pakistan_west,2015-08,1,2015-01,0.050834,2,change_12m_raw_share|volatility_12m_raw_share,level_pctl_10y
pakistan_west,2015-08,2,1984-05,0.053703,2,change_12m_raw_share|volatility_12m_raw_share,level_pctl_10y
pakistan_west,2015-08,3,1982-02,0.053907,2,change_12m_raw_share|volatility_12m_raw_share,level_pctl_10y
pakistan_west,2015-08,4,1981-06,0.054963,2,change_12m_raw_share|volatility_12m_raw_share,level_pctl_10y
pakistan_west,2015-08,5,1981-04,0.060145,2,change_12m_raw_share|volatility_12m_raw_share,level_pctl_10y
pakistan_west,2015-09,1,1991-03,0.004274,2,change_12m_raw_share|volatility_12m_raw_share,level_pctl_10y
pakistan_west,2015-09,2,1996-03,0.035697,2,change_12m_raw_share|volatility_12m_raw_share,level_pctl_10y
pakistan_west,2015-09,3,1996-01,0.036215,2,change_12m_raw_share|volatility_12m_raw_share,level_pctl_10y
pakistan_west,2015-09,4,2017-04,0.037026,2,change_12m_raw_share|volatility_12m_raw_share,level_pctl_10y
pakistan_west,2015-09,5,1982-03,0.038111,2,change_12m_raw_share|volatility_12m_raw_share,level_pctl_10y
pakistan_west,2015-10,1,2017-03,0.028722,2,change_12m_raw_share|volatility_12m_raw_share,level_pctl_10y
pakistan_west,2015-10,2,1996-05,0.055612,2,change_12m_raw_share|volatility_12m_raw_share,level_pctl_10y
pakistan_west,2015-10,3,2006-05,0.058458,2,change_12m_raw_share|volatility_12m_raw_share,level_pctl_10y
pakistan_west,2015-10,4,1995-12,0.060348,2,change_12m_raw_share|volatility_12m_raw_share,level_pctl_10y
pakistan_west,2015-10,5,1996-10,0.067197,2,change_12m_raw_share|volatility_12m_raw_share,level_pctl_10y
pakistan_west,2015-11,1,1991-03,0.012386,2,change_12m_raw_share|volatility_12m_raw_share,level_pctl_10y
pakistan_west,2015-11,2,1996-01,0.02259,2,change_12m_raw_share|volatility_12m_raw_share,level_pctl_10y
pakistan_west,2015-11,3,2017-04,0.023871,2,change_12m_raw_share|volatility_12m_raw_share,level_pctl_10y
pakistan_west,2015-11,4,1984-02,0.029009,2,change_12m_raw_share|volatility_12m_raw_share,level_pctl_10y
pakistan_west,2015-11,5,1996-04,0.032147,2,change_12m_raw_share|volatility_12m_raw_share,level_pctl_10y
pakistan_west,2015-12,1,2017-08,0.051622,2,change_12m_raw_share|volatility_12m_raw_share,level_pctl_10y
pakistan_west,2015-12,2,2011-12,0.058944,2,change_12m_raw_share|volatility_12m_raw_share,level_pctl_10y
pakistan_west,2015-12,3,1994-10,0.077307,2,change_12m_raw_share|volatility_12m_raw_share,level_pctl_10y
pakistan_west,2015-12,4,1981-07,0.091991,2,change_12m_raw_share|volatility_12m_raw_share,level_pctl_10y
pakistan_west,2015-12,5,1995-08,0.108789,2,change_12m_raw_share|volatility_12m_raw_share,level_pctl_10y
pakistan_west,2016-01,1,1995-03,0.049442,2,change_12m_raw_share|volatility_12m_raw_share,level_pctl_10y
pakistan_west,2016-01,2,2011-09,0.06066,2,change_12m_raw_share|volatility_12m_raw_share,level_pctl_10y
pakistan_west,2016-01,3,1994-11,0.060901,2,change_12m_raw_share|volatility_12m_raw_share,level_pctl_10y
pakistan_west,2016-01,4,2012-01,0.065263,2,change_12m_raw_share|volatility_12m_raw_share,level_pctl_10y
pakistan_west,2016-01,5,2014-11,0.06999,2,change_12m_raw_share|volatility_12m_raw_share,level_pctl_10y
pakistan_west,2016-02,1,1995-01,0.052893,2,change_12m_raw_share|volatility_12m_raw_share,level_pctl_10y
pakistan_west,2016-02,2,2015-07,0.120615,2,change_12m_raw_share|volatility_12m_raw_share,level_pctl_10y
pakistan_west,2016-02,3,2011-07,0.121459,2,change_12m_raw_share|volatility_12m_raw_share,level_pctl_10y
pakistan_west,2016-02,4,1996-06,0.136786,2,change_12m_raw_share|volatility_12m_raw_share,level_pctl_10y
pakistan_west,2016-02,5,1981-11,0.137799,2,change_12m_raw_share|volatility_12m_raw_share,level_pctl_10y
pakistan_west,2016-03,1,1994-11,0.038997,2,change_12m_raw_share|volatility_12m_raw_share,level_pctl_10y
pakistan_west,2016-03,2,1994-04,0.053094,2,change_12m_raw_share|volatility_12m_raw_share,level_pctl_10y
pakistan_west,2016-03,3,1995-03,0.109353,2,change_12m_raw_share|volatility_12m_raw_share,level_pctl_10y
pakistan_west,2016-03,4,2011-09,0.116695,2,change_12m_raw_share|volatility_12m_raw_share,level_pctl_10y
pakistan_west,2016-03,5,2012-01,0.126101,2,change_12m_raw_share|volatility_12m_raw_share,level_pctl_10y
pakistan_west,2016-04,1,1994-11,0.035647,2,change_12m_raw_share|volatility_12m_raw_share,level_pctl_10y
pakistan_west,2016-04,2,1992-06,0.068288,2,change_12m_raw_share|volatility_12m_raw_share,level_pctl_10y
pakistan_west,2016-04,3,1995-03,0.071448,2,change_12m_raw_share|volatility_12m_raw_share,level_pctl_10y
pakistan_west,2016-04,4,1994-04,0.080493,2,change_12m_raw_share|volatility_12m_raw_share,level_pctl_10y
pakistan_west,2016-04,5,2012-01,0.086236,2,change_12m_raw_share|volatility_12m_raw_share,level_pctl_10y
pakistan_west,2016-05,1,1994-11,0.040106,2,change_12m_raw_share|volatility_12m_raw_share,level_pctl_10y
pakistan_west,2016-05,2,1994-04,0.075827,2,change_12m_raw_share|volatility_12m_raw_share,level_pctl_10y
pakistan_west,2016-05,3,1995-03,0.08185,2,change_12m_raw_share|volatility_12m_raw_share,level_pctl_10y
pakistan_west,2016-05,4,2011-09,0.089594,2,change_12m_raw_share|volatility_12m_raw_share,level_pctl_10y
pakistan_west,2016-05,5,2012-01,0.09838,2,change_12m_raw_share|volatility_12m_raw_share,level_pctl_10y
pakistan_west,2016-06,1,1994-11,0.049215,2,change_12m_raw_share|volatility_12m_raw_share,level_pctl_10y
pakistan_west,2016-06,2,1995-03,0.054126,2,change_12m_raw_share|volatility_12m_raw_share,level_pctl_10y
pakistan_west,2016-06,3,2012-01,0.070752,2,change_12m_raw_share|volatility_12m_raw_share,level_pctl_10y
pakistan_west,2016-06,4,2011-09,0.072453,2,change_12m_raw_share|volatility_12m_raw_share,level_pctl_10y
pakistan_west,2016-06,5,1996-08,0.0786,2,change_12m_raw_share|volatility_12m_raw_share,level_pctl_10y
pakistan_west,2016-07,1,1992-06,0.031574,2,change_12m_raw_share|volatility_12m_raw_share,level_pctl_10y
pakistan_west,2016-07,2,1995-03,0.049906,2,change_12m_raw_share|volatility_12m_raw_share,level_pctl_10y
pakistan_west,2016-07,3,2012-01,0.059977,2,change_12m_raw_share|volatility_12m_raw_share,level_pctl_10y
pakistan_west,2016-07,4,1994-11,0.071113,2,change_12m_raw_share|volatility_12m_raw_share,level_pctl_10y
pakistan_west,2016-07,5,2012-02,0.073453,2,change_12m_raw_share|volatility_12m_raw_share,level_pctl_10y
pakistan_west,2016-08,1,1994-05,0.065719,2,change_12m_raw_share|volatility_12m_raw_share,level_pctl_10y
pakistan_west,2016-08,2,1981-08,0.081914,2,change_12m_raw_share|volatility_12m_raw_share,level_pctl_10y
pakistan_west,2016-08,3,1981-09,0.088038,2,change_12m_raw_share|volatility_12m_raw_share,level_pctl_10y
pakistan_west,2016-08,4,2011-06,0.101636,2,change_12m_raw_share|volatility_12m_raw_share,level_pctl_10y
pakistan_west,2016-08,5,1992-07,0.136446,2,change_12m_raw_share|volatility_12m_raw_share,level_pctl_10y
pakistan_west,2016-09,1,1994-09,0.039304,2,change_12m_raw_share|volatility_12m_raw_share,level_pctl_10y
pakistan_west,2016-09,2,1981-11,0.077251,2,change_12m_raw_share|volatility_12m_raw_share,level_pctl_10y
pakistan_west,2016-09,3,2011-07,0.109605,2,change_12m_raw_share|volatility_12m_raw_share,level_pctl_10y
pakistan_west,2016-09,4,1994-07,0.134675,2,change_12m_raw_share|volatility_12m_raw_share,level_pctl_10y
pakistan_west,2016-09,5,2016-02,0.148174,2,change_12m_raw_share|volatility_12m_raw_share,level_pctl_10y
pakistan_west,2016-10,1,2008-04,0.052001,2,change_12m_raw_share|volatility_12m_raw_share,level_pctl_10y
pakistan_west,2016-10,2,1995-05,0.093013,2,change_12m_raw_share|volatility_12m_raw_share,level_pctl_10y
pakistan_west,2016-10,3,2011-07,0.125655,2,change_12m_raw_share|volatility_12m_raw_share,level_pctl_10y
pakistan_west,2016-10,4,1984-04,0.134706,2,change_12m_raw_share|volatility_12m_raw_share,level_pctl_10y
pakistan_west,2016-10,5,2017-05,0.165262,2,change_12m_raw_share|volatility_12m_raw_share,level_pctl_10y
pakistan_west,2016-11,1,1996-07,0.00042,2,change_12m_raw_share|volatility_12m_raw_share,level_pctl_10y
pakistan_west,2016-11,2,2012-03,0.055549,2,change_12m_raw_share|volatility_12m_raw_share,level_pctl_10y
pakistan_west,2016-11,3,2017-06,0.056656,2,change_12m_raw_share|volatility_12m_raw_share,level_pctl_10y
pakistan_west,2016-11,4,2015-06,0.071028,2,change_12m_raw_share|volatility_12m_raw_share,level_pctl_10y
pakistan_west,2016-11,5,1996-11,0.085201,2,change_12m_raw_share|volatility_12m_raw_share,level_pctl_10y
pakistan_west,2016-12,1,2011-08,0.014268,2,change_12m_raw_share|volatility_12m_raw_share,level_pctl_10y
pakistan_west,2016-12,2,2011-11,0.022937,2,change_12m_raw_share|volatility_12m_raw_share,level_pctl_10y
pakistan_west,2016-12,3,1996-09,0.042326,2,change_12m_raw_share|volatility_12m_raw_share,level_pctl_10y
pakistan_west,2016-12,4,1995-09,0.045578,2,change_12m_raw_share|volatility_12m_raw_share,level_pctl_10y
pakistan_west,2016-12,5,1995-02,0.051499,2,change_12m_raw_share|volatility_12m_raw_share,level_pctl_10y
pakistan_west,2017-01,1,2011-08,0.032822,2,change_12m_raw_share|volatility_12m_raw_share,level_pctl_10y
pakistan_west,2017-01,2,1991-04,0.033419,2,change_12m_raw_share|volatility_12m_raw_share,level_pctl_10y
pakistan_west,2017-01,3,1996-09,0.036159,2,change_12m_raw_share|volatility_12m_raw_share,level_pctl_10y
pakistan_west,2017-01,4,1995-09,0.042638,2,change_12m_raw_share|volatility_12m_raw_share,level_pctl_10y
pakistan_west,2017-01,5,2011-11,0.047679,2,change_12m_raw_share|volatility_12m_raw_share,level_pctl_10y
pakistan_west,2017-02,1,1991-04,0.006028,2,change_12m_raw_share|volatility_12m_raw_share,level_pctl_10y
pakistan_west,2017-02,2,1995-11,0.046929,2,change_12m_raw_share|volatility_12m_raw_share,level_pctl_10y
pakistan_west,2017-02,3,1996-02,0.053216,2,change_12m_raw_share|volatility_12m_raw_share,level_pctl_10y
pakistan_west,2017-02,4,1996-09,0.054042,2,change_12m_raw_share|volatility_12m_raw_share,level_pctl_10y
pakistan_west,2017-02,5,1984-06,0.057265,2,change_12m_raw_share|volatility_12m_raw_share,level_pctl_10y
pakistan_west,2017-03,1,2015-10,0.028722,2,change_12m_raw_share|volatility_12m_raw_share,level_pctl_10y
pakistan_west,2017-03,2,1996-05,0.046406,2,change_12m_raw_share|volatility_12m_raw_share,level_pctl_10y
pakistan_west,2017-03,3,2011-10,0.048271,2,change_12m_raw_share|volatility_12m_raw_share,level_pctl_10y
pakistan_west,2017-03,4,2014-10,0.052049,2,change_12m_raw_share|volatility_12m_raw_share,level_pctl_10y
pakistan_west,2017-03,5,1995-12,0.055533,2,change_12m_raw_share|volatility_12m_raw_share,level_pctl_10y
pakistan_west,2017-04,1,1996-01,0.002189,2,change_12m_raw_share|volatility_12m_raw_share,level_pctl_10y
pakistan_west,2017-04,2,2015-11,0.023871,2,change_12m_raw_share|volatility_12m_raw_share,level_pctl_10y
pakistan_west,2017-04,3,1996-11,0.028074,2,change_12m_raw_share|volatility_12m_raw_share,level_pctl_10y
pakistan_west,2017-04,4,1984-02,0.029112,2,change_12m_raw_share|volatility_12m_raw_share,level_pctl_10y
pakistan_west,2017-04,5,1996-04,0.030648,2,change_12m_raw_share|volatility_12m_raw_share,level_pctl_10y
pakistan_west,2017-05,1,1984-04,0.042816,2,change_12m_raw_share|volatility_12m_raw_share,level_pctl_10y
pakistan_west,2017-05,2,1984-05,0.050567,2,change_12m_raw_share|volatility_12m_raw_share,level_pctl_10y
pakistan_west,2017-05,3,1996-06,0.073809,2,change_12m_raw_share|volatility_12m_raw_share,level_pctl_10y
pakistan_west,2017-05,4,2011-07,0.084702,2,change_12m_raw_share|volatility_12m_raw_share,level_pctl_10y
pakistan_west,2017-05,5,1995-01,0.091084,2,change_12m_raw_share|volatility_12m_raw_share,level_pctl_10y
pakistan_west,2017-06,1,2015-06,0.020134,2,change_12m_raw_share|volatility_12m_raw_share,level_pctl_10y
pakistan_west,2017-06,2,1996-11,0.052457,3,level_pctl_10y|change_12m_raw_share|volatility_12m_raw_share,
pakistan_west,2017-06,3,2016-11,0.056656,2,change_12m_raw_share|volatility_12m_raw_share,level_pctl_10y
pakistan_west,2017-06,4,2015-11,0.079355,2,change_12m_raw_share|volatility_12m_raw_share,level_pctl_10y
pakistan_west,2017-06,5,2015-09,0.093678,2,change_12m_raw_share|volatility_12m_raw_share,level_pctl_10y
pakistan_west,2017-07,1,2015-10,0.076868,2,change_12m_raw_share|volatility_12m_raw_share,level_pctl_10y
pakistan_west,2017-07,2,2016-07,0.095207,2,change_12m_raw_share|volatility_12m_raw_share,level_pctl_10y
pakistan_west,2017-07,3,2016-12,0.098163,2,change_12m_raw_share|volatility_12m_raw_share,level_pctl_10y
pakistan_west,2017-07,4,2016-01,0.101609,2,change_12m_raw_share|volatility_12m_raw_share,level_pctl_10y
pakistan_west,2017-07,5,2016-06,0.108702,2,change_12m_raw_share|volatility_12m_raw_share,level_pctl_10y
pakistan_west,2017-08,1,2015-12,0.051622,2,change_12m_raw_share|volatility_12m_raw_share,level_pctl_10y
pakistan_west,2017-08,2,1981-07,0.068054,2,change_12m_raw_share|volatility_12m_raw_share,level_pctl_10y
pakistan_west,2017-08,3,1983-10,0.180116,2,change_12m_raw_share|volatility_12m_raw_share,level_pctl_10y
pakistan_west,2017-08,4,1981-08,0.220551,2,change_12m_raw_share|volatility_12m_raw_share,level_pctl_10y
pakistan_west,2017-08,5,1982-07,0.249806,2,change_12m_raw_share|volatility_12m_raw_share,level_pctl_10y
pakistan_west,2017-09,1,1981-07,0.050654,2,change_12m_raw_share|volatility_12m_raw_share,level_pctl_10y
pakistan_west,2017-09,2,2015-12,0.138509,2,change_12m_raw_share|volatility_12m_raw_share,level_pctl_10y
pakistan_west,2017-09,3,1994-10,0.193765,3,level_pctl_10y|change_12m_raw_share|volatility_12m_raw_share,
pakistan_west,2017-09,4,1983-10,0.230144,2,change_12m_raw_share|volatility_12m_raw_share,level_pctl_10y
pakistan_west,2017-09,5,2015-05,0.248231,2,change_12m_raw_share|volatility_12m_raw_share,level_pctl_10y
pakistan_west,2017-10,1,1983-11,0.408192,2,change_12m_raw_share|volatility_12m_raw_share,level_pctl_10y
pakistan_west,2017-10,2,2015-05,0.433736,2,change_12m_raw_share|volatility_12m_raw_share,level_pctl_10y
pakistan_west,2017-10,3,1981-07,0.455924,2,change_12m_raw_share|volatility_12m_raw_share,level_pctl_10y
pakistan_west,2017-10,4,1994-10,0.488056,3,level_pctl_10y|change_12m_raw_share|volatility_12m_raw_share,
pakistan_west,2017-10,5,2006-06,0.50287,3,level_pctl_10y|change_12m_raw_share|volatility_12m_raw_share,
pakistan_west,2017-11,1,2018-11,0.087949,3,level_pctl_10y|change_12m_raw_share|volatility_12m_raw_share,
pakistan_west,2017-11,2,2018-08,0.160739,3,level_pctl_10y|change_12m_raw_share|volatility_12m_raw_share,
pakistan_west,2017-11,3,2018-12,0.166,3,level_pctl_10y|change_12m_raw_share|volatility_12m_raw_share,
pakistan_west,2017-11,4,1981-10,0.236904,2,change_12m_raw_share|volatility_12m_raw_share,level_pctl_10y
pakistan_west,2017-11,5,1981-09,0.237756,2,change_12m_raw_share|volatility_12m_raw_share,level_pctl_10y
pakistan_west,2017-12,1,1981-10,0.197682,2,change_12m_raw_share|volatility_12m_raw_share,level_pctl_10y
pakistan_west,2017-12,2,1981-12,0.235299,2,change_12m_raw_share|volatility_12m_raw_share,level_pctl_10y
pakistan_west,2017-12,3,1981-11,0.24331,2,change_12m_raw_share|volatility_12m_raw_share,level_pctl_10y
pakistan_west,2017-12,4,2016-02,0.273442,2,change_12m_raw_share|volatility_12m_raw_share,level_pctl_10y
pakistan_west,2017-12,5,2016-09,0.319478,2,change_12m_raw_share|volatility_12m_raw_share,level_pctl_10y
pakistan_west,2018-01,1,2008-03,0.101971,3,level_pctl_10y|change_12m_raw_share|volatility_12m_raw_share,
pakistan_west,2018-01,2,1981-10,0.124311,2,change_12m_raw_share|volatility_12m_raw_share,level_pctl_10y
pakistan_west,2018-01,3,1981-12,0.19294,2,change_12m_raw_share|volatility_12m_raw_share,level_pctl_10y
pakistan_west,2018-01,4,2019-01,0.210537,3,level_pctl_10y|change_12m_raw_share|volatility_12m_raw_share,
pakistan_west,2018-01,5,2018-09,0.218493,3,level_pctl_10y|change_12m_raw_share|volatility_12m_raw_share,
pakistan_west,2018-02,1,1994-06,0.138151,3,level_pctl_10y|change_12m_raw_share|volatility_12m_raw_share,
pakistan_west,2018-02,2,1981-10,0.152044,2,change_12m_raw_share|volatility_12m_raw_share,level_pctl_10y
pakistan_west,2018-02,3,2018-11,0.168836,3,level_pctl_10y|change_12m_raw_share|volatility_12m_raw_share,
pakistan_west,2018-02,4,1981-12,0.209167,2,change_12m_raw_share|volatility_12m_raw_share,level_pctl_10y
pakistan_west,2018-02,5,1997-02,0.271144,3,level_pctl_10y|change_12m_raw_share|volatility_12m_raw_share,
pakistan_west,2018-03,1,1981-09,0.170036,2,change_12m_raw_share|volatility_12m_raw_share,level_pctl_10y
pakistan_west,2018-03,2,1981-10,0.196214,2,change_12m_raw_share|volatility_12m_raw_share,level_pctl_10y
pakistan_west,2018-03,3,2011-06,0.211607,3,level_pctl_10y|change_12m_raw_share|volatility_12m_raw_share,
pakistan_west,2018-03,4,2016-08,0.234479,2,change_12m_raw_share|volatility_12m_raw_share,level_pctl_10y
pakistan_west,2018-03,5,1981-12,0.252016,2,change_12m_raw_share|volatility_12m_raw_share,level_pctl_10y
pakistan_west,2018-04,1,1981-09,0.12753,2,change_12m_raw_share|volatility_12m_raw_share,level_pctl_10y
pakistan_west,2018-04,2,2016-08,0.172183,2,change_12m_raw_share|volatility_12m_raw_share,level_pctl_10y
pakistan_west,2018-04,3,1981-10,0.249711,2,change_12m_raw_share|volatility_12m_raw_share,level_pctl_10y
pakistan_west,2018-04,4,1981-08,0.253445,2,change_12m_raw_share|volatility_12m_raw_share,level_pctl_10y
pakistan_west,2018-04,5,2016-04,0.268901,2,change_12m_raw_share|volatility_12m_raw_share,level_pctl_10y
pakistan_west,2018-05,1,1981-09,0.180882,2,change_12m_raw_share|volatility_12m_raw_share,level_pctl_10y
pakistan_west,2018-05,2,1981-10,0.216692,2,change_12m_raw_share|volatility_12m_raw_share,level_pctl_10y
pakistan_west,2018-05,3,2016-08,0.238915,2,change_12m_raw_share|volatility_12m_raw_share,level_pctl_10y
pakistan_west,2018-05,4,1981-12,0.273589,2,change_12m_raw_share|volatility_12m_raw_share,level_pctl_10y
pakistan_west,2018-05,5,2016-03,0.293878,2,change_12m_raw_share|volatility_12m_raw_share,level_pctl_10y
pakistan_west,2018-06,1,2008-03,0.139237,3,level_pctl_10y|change_12m_raw_share|volatility_12m_raw_share,
pakistan_west,2018-06,2,1981-10,0.148799,2,change_12m_raw_share|volatility_12m_raw_share,level_pctl_10y
pakistan_west,2018-06,3,2019-01,0.156532,3,level_pctl_10y|change_12m_raw_share|volatility_12m_raw_share,
pakistan_west,2018-06,4,1981-12,0.217266,2,change_12m_raw_share|volatility_12m_raw_share,level_pctl_10y
pakistan_west,2018-06,5,1981-09,0.263257,2,change_12m_raw_share|volatility_12m_raw_share,level_pctl_10y
pakistan_west,2018-07,1,1981-09,0.169393,2,change_12m_raw_share|volatility_12m_raw_share,level_pctl_10y
pakistan_west,2018-07,2,1981-10,0.206836,2,change_12m_raw_share|volatility_12m_raw_share,level_pctl_10y
pakistan_west,2018-07,3,2016-08,0.230583,2,change_12m_raw_share|volatility_12m_raw_share,level_pctl_10y
pakistan_west,2018-07,4,1981-12,0.262199,2,change_12m_raw_share|volatility_12m_raw_share,level_pctl_10y
pakistan_west,2018-07,5,2016-03,0.279897,2,change_12m_raw_share|volatility_12m_raw_share,level_pctl_10y
pakistan_west,2018-08,1,1981-10,0.123852,2,change_12m_raw_share|volatility_12m_raw_share,level_pctl_10y
pakistan_west,2018-08,2,2017-11,0.160739,3,level_pctl_10y|change_12m_raw_share|volatility_12m_raw_share,
pakistan_west,2018-08,3,1981-12,0.192039,2,change_12m_raw_share|volatility_12m_raw_share,level_pctl_10y
pakistan_west,2018-08,4,1994-06,0.194607,3,level_pctl_10y|change_12m_raw_share|volatility_12m_raw_share,
pakistan_west,2018-08,5,1994-04,0.250134,3,level_pctl_10y|change_12m_raw_share|volatility_12m_raw_share,
pakistan_west,2018-09,1,1981-10,0.129583,2,change_12m_raw_share|volatility_12m_raw_share,level_pctl_10y
pakistan_west,2018-09,2,1981-12,0.198194,2,change_12m_raw_share|volatility_12m_raw_share,level_pctl_10y
pakistan_west,2018-09,3,2018-01,0.218493,3,level_pctl_10y|change_12m_raw_share|volatility_12m_raw_share,
pakistan_west,2018-09,4,1981-09,0.279667,2,change_12m_raw_share|volatility_12m_raw_share,level_pctl_10y
pakistan_west,2018-09,5,2016-03,0.289694,2,change_12m_raw_share|volatility_12m_raw_share,level_pctl_10y
pakistan_west,2018-10,1,1981-10,0.160548,2,change_12m_raw_share|volatility_12m_raw_share,level_pctl_10y
pakistan_west,2018-10,2,1981-09,0.198624,2,change_12m_raw_share|volatility_12m_raw_share,level_pctl_10y
pakistan_west,2018-10,3,1981-12,0.222024,2,change_12m_raw_share|volatility_12m_raw_share,level_pctl_10y
pakistan_west,2018-10,4,2016-03,0.265641,2,change_12m_raw_share|volatility_12m_raw_share,level_pctl_10y
pakistan_west,2018-10,5,2016-08,0.271392,2,change_12m_raw_share|volatility_12m_raw_share,level_pctl_10y
pakistan_west,2018-11,1,2017-11,0.087949,3,level_pctl_10y|change_12m_raw_share|volatility_12m_raw_share,
pakistan_west,2018-11,2,1981-10,0.150048,2,change_12m_raw_share|volatility_12m_raw_share,level_pctl_10y
pakistan_west,2018-11,3,2018-02,0.168836,3,level_pctl_10y|change_12m_raw_share|volatility_12m_raw_share,
pakistan_west,2018-11,4,1981-12,0.214141,2,change_12m_raw_share|volatility_12m_raw_share,level_pctl_10y
pakistan_west,2018-11,5,1981-09,0.214649,2,change_12m_raw_share|volatility_12m_raw_share,level_pctl_10y
pakistan_west,2018-12,1,2017-11,0.166,3,level_pctl_10y|change_12m_raw_share|volatility_12m_raw_share,
pakistan_west,2018-12,2,1981-09,0.238723,2,change_12m_raw_share|volatility_12m_raw_share,level_pctl_10y
pakistan_west,2018-12,3,2016-08,0.240557,2,change_12m_raw_share|volatility_12m_raw_share,level_pctl_10y
pakistan_west,2018-12,4,1994-05,0.303301,3,level_pctl_10y|change_12m_raw_share|volatility_12m_raw_share,
pakistan_west,2018-12,5,1981-08,0.306951,2,change_12m_raw_share|volatility_12m_raw_share,level_pctl_10y
pakistan_west,2019-01,1,2018-06,0.156532,3,level_pctl_10y|change_12m_raw_share|volatility_12m_raw_share,
pakistan_west,2019-01,2,2018-01,0.210537,3,level_pctl_10y|change_12m_raw_share|volatility_12m_raw_share,
pakistan_west,2019-01,3,1981-10,0.221986,2,change_12m_raw_share|volatility_12m_raw_share,level_pctl_10y
pakistan_west,2019-01,4,2008-03,0.285791,3,level_pctl_10y|change_12m_raw_share|volatility_12m_raw_share,
pakistan_west,2019-01,5,1981-12,0.290617,2,change_12m_raw_share|volatility_12m_raw_share,level_pctl_10y
pakistan_west,2019-02,1,1982-01,0.059221,2,change_12m_raw_share|volatility_12m_raw_share,level_pctl_10y
pakistan_west,2019-02,2,1984-01,0.16644,3,level_pctl_10y|change_12m_raw_share|volatility_12m_raw_share,
pakistan_west,2019-02,3,1980-07,0.259201,2,change_12m_raw_share|volatility_12m_raw_share,level_pctl_10y
pakistan_west,2019-02,4,1980-01,0.264348,2,change_12m_raw_share|volatility_12m_raw_share,level_pctl_10y
pakistan_west,2019-02,5,1991-05,0.372631,3,level_pctl_10y|change_12m_raw_share|volatility_12m_raw_share,
pakistan_west,2019-03,1,1980-07,0.123654,2,change_12m_raw_share|volatility_12m_raw_share,level_pctl_10y
pakistan_west,2019-03,2,1991-05,0.155273,3,level_pctl_10y|change_12m_raw_share|volatility_12m_raw_share,
pakistan_west,2019-03,3,1986-09,0.17081,3,level_pctl_10y|change_12m_raw_share|volatility_12m_raw_share,
pakistan_west,2019-03,4,1980-03,0.254799,2,change_12m_raw_share|volatility_12m_raw_share,level_pctl_10y
pakistan_west,2019-03,5,1992-08,0.278057,3,level_pctl_10y|change_12m_raw_share|volatility_12m_raw_share,
pakistan_west,2019-04,1,2006-09,0.07513,3,level_pctl_10y|change_12m_raw_share|volatility_12m_raw_share,
pakistan_west,2019-04,2,1980-12,0.117619,2,change_12m_raw_share|volatility_12m_raw_share,level_pctl_10y
pakistan_west,2019-04,3,1980-11,0.11773,2,change_12m_raw_share|volatility_12m_raw_share,level_pctl_10y
pakistan_west,2019-04,4,1982-11,0.152659,2,change_12m_raw_share|volatility_12m_raw_share,level_pctl_10y
pakistan_west,2019-04,5,1992-12,0.153284,3,level_pctl_10y|change_12m_raw_share|volatility_12m_raw_share,
pakistan_west,2019-05,1,1980-06,0.086738,2,change_12m_raw_share|volatility_12m_raw_share,level_pctl_10y
pakistan_west,2019-05,2,1982-08,0.131659,2,change_12m_raw_share|volatility_12m_raw_share,level_pctl_10y
pakistan_west,2019-05,3,1980-10,0.132731,2,change_12m_raw_share|volatility_12m_raw_share,level_pctl_10y
pakistan_west,2019-05,4,1981-02,0.14252,2,change_12m_raw_share|volatility_12m_raw_share,level_pctl_10y
pakistan_west,2019-05,5,1980-02,0.151854,2,change_12m_raw_share|volatility_12m_raw_share,level_pctl_10y
pakistan_west,2019-06,1,1980-06,0.020694,2,change_12m_raw_share|volatility_12m_raw_share,level_pctl_10y
pakistan_west,2019-06,2,1980-04,0.072387,2,change_12m_raw_share|volatility_12m_raw_share,level_pctl_10y
pakistan_west,2019-06,3,1992-01,0.122397,3,level_pctl_10y|change_12m_raw_share|volatility_12m_raw_share,
pakistan_west,2019-06,4,1980-10,0.130688,2,change_12m_raw_share|volatility_12m_raw_share,level_pctl_10y
pakistan_west,2019-06,5,1981-02,0.148148,2,change_12m_raw_share|volatility_12m_raw_share,level_pctl_10y
pakistan_west,2019-07,1,2006-09,0.064209,3,level_pctl_10y|change_12m_raw_share|volatility_12m_raw_share,
pakistan_west,2019-07,2,1980-12,0.124654,2,change_12m_raw_share|volatility_12m_raw_share,level_pctl_10y
pakistan_west,2019-07,3,1980-11,0.124904,2,change_12m_raw_share|volatility_12m_raw_share,level_pctl_10y
pakistan_west,2019-07,4,1982-11,0.15029,2,change_12m_raw_share|volatility_12m_raw_share,level_pctl_10y
pakistan_west,2019-07,5,1992-12,0.153918,3,level_pctl_10y|change_12m_raw_share|volatility_12m_raw_share,
pakistan_west,2019-08,1,1980-03,0.061992,2,change_12m_raw_share|volatility_12m_raw_share,level_pctl_10y
pakistan_west,2019-08,2,1980-08,0.096169,2,change_12m_raw_share|volatility_12m_raw_share,level_pctl_10y
pakistan_west,2019-08,3,1980-09,0.098847,2,change_12m_raw_share|volatility_12m_raw_share,level_pctl_10y
pakistan_west,2019-08,4,1985-03,0.110318,3,level_pctl_10y|change_12m_raw_share|volatility_12m_raw_share,
pakistan_west,2019-08,5,1985-04,0.110863,3,level_pctl_10y|change_12m_raw_share|volatility_12m_raw_share,
pakistan_west,2019-09,1,1982-12,0.048029,2,change_12m_raw_share|volatility_12m_raw_share,level_pctl_10y
pakistan_west,2019-09,2,1982-11,0.061398,2,change_12m_raw_share|volatility_12m_raw_share,level_pctl_10y
pakistan_west,2019-09,3,1980-11,0.189442,2,change_12m_raw_share|volatility_12m_raw_share,level_pctl_10y
pakistan_west,2019-09,4,1980-12,0.197755,2,change_12m_raw_share|volatility_12m_raw_share,level_pctl_10y
pakistan_west,2019-09,5,2003-08,0.214088,3,level_pctl_10y|change_12m_raw_share|volatility_12m_raw_share,
pakistan_west,2019-10,1,1982-11,0.068591,2,change_12m_raw_share|volatility_12m_raw_share,level_pctl_10y
pakistan_west,2019-10,2,1982-12,0.102072,2,change_12m_raw_share|volatility_12m_raw_share,level_pctl_10y
pakistan_west,2019-10,3,1993-05,0.168207,3,level_pctl_10y|change_12m_raw_share|volatility_12m_raw_share,
pakistan_west,2019-10,4,1980-11,0.168227,2,change_12m_raw_share|volatility_12m_raw_share,level_pctl_10y
pakistan_west,2019-10,5,1980-12,0.173678,2,change_12m_raw_share|volatility_12m_raw_share,level_pctl_10y
pakistan_west,2019-11,1,1980-06,0.043059,2,change_12m_raw_share|volatility_12m_raw_share,level_pctl_10y
pakistan_west,2019-11,2,1993-09,0.060999,3,level_pctl_10y|change_12m_raw_share|volatility_12m_raw_share,
pakistan_west,2019-11,3,1991-12,0.09112,3,level_pctl_10y|change_12m_raw_share|volatility_12m_raw_share,
pakistan_west,2019-11,4,1980-10,0.110297,2,change_12m_raw_share|volatility_12m_raw_share,level_pctl_10y
pakistan_west,2019-11,5,2013-07,0.11404,3,level_pctl_10y|change_12m_raw_share|volatility_12m_raw_share,
pakistan_west,2019-12,1,1980-04,0.036595,2,change_12m_raw_share|volatility_12m_raw_share,level_pctl_10y
pakistan_west,2019-12,2,1980-06,0.060843,2,change_12m_raw_share|volatility_12m_raw_share,level_pctl_10y
pakistan_west,2019-12,3,1985-02,0.102596,3,level_pctl_10y|change_12m_raw_share|volatility_12m_raw_share,
pakistan_west,2019-12,4,1980-10,0.145839,2,change_12m_raw_share|volatility_12m_raw_share,level_pctl_10y
pakistan_west,2019-12,5,1980-12,0.156505,2,change_12m_raw_share|volatility_12m_raw_share,level_pctl_10y
china_east,1980-01,1,2001-11,0.204282,2,change_12m_raw_share|volatility_12m_raw_share,level_pctl_10y
china_east,1980-01,2,1999-04,0.213573,2,change_12m_raw_share|volatility_12m_raw_share,level_pctl_10y
china_east,1980-01,3,2001-04,0.228704,2,change_12m_raw_share|volatility_12m_raw_share,level_pctl_10y
china_east,1980-01,4,1981-08,0.254655,2,change_12m_raw_share|volatility_12m_raw_share,level_pctl_10y
china_east,1980-01,5,2001-10,0.258008,2,change_12m_raw_share|volatility_12m_raw_share,level_pctl_10y
china_east,1980-02,1,2007-11,0.33646,2,change_12m_raw_share|volatility_12m_raw_share,level_pctl_10y
china_east,1980-02,2,1999-05,0.472585,2,change_12m_raw_share|volatility_12m_raw_share,level_pctl_10y
china_east,1980-02,3,2018-07,0.48898,2,change_12m_raw_share|volatility_12m_raw_share,level_pctl_10y
china_east,1980-02,4,1982-06,0.50229,2,change_12m_raw_share|volatility_12m_raw_share,level_pctl_10y
china_east,1980-02,5,2015-09,0.588519,2,change_12m_raw_share|volatility_12m_raw_share,level_pctl_10y
china_east,1980-03,1,1981-02,0.082661,2,change_12m_raw_share|volatility_12m_raw_share,level_pctl_10y
china_east,1980-03,2,2006-07,0.110191,2,change_12m_raw_share|volatility_12m_raw_share,level_pctl_10y
china_east,1980-03,3,2000-07,0.120345,2,change_12m_raw_share|volatility_12m_raw_share,level_pctl_10y
china_east,1980-03,4,2000-10,0.125295,2,change_12m_raw_share|volatility_12m_raw_share,level_pctl_10y
china_east,1980-03,5,1983-12,0.155594,2,change_12m_raw_share|volatility_12m_raw_share,level_pctl_10y
china_east,1980-04,1,1993-03,0.020964,2,change_12m_raw_share|volatility_12m_raw_share,level_pctl_10y
china_east,1980-04,2,1980-11,0.022184,2,change_12m_raw_share|volatility_12m_raw_share,level_pctl_10y
china_east,1980-04,3,1980-12,0.022184,2,change_12m_raw_share|volatility_12m_raw_share,level_pctl_10y
china_east,1980-04,4,1981-01,0.022184,2,change_12m_raw_share|volatility_12m_raw_share,level_pctl_10y
china_east,1980-04,5,2000-11,0.025935,2,change_12m_raw_share|volatility_12m_raw_share,level_pctl_10y
china_east,1980-05,1,1983-12,0.053397,2,change_12m_raw_share|volatility_12m_raw_share,level_pctl_10y
china_east,1980-05,2,2006-06,0.067691,2,change_12m_raw_share|volatility_12m_raw_share,level_pctl_10y
china_east,1980-05,3,2000-10,0.082598,2,change_12m_raw_share|volatility_12m_raw_share,level_pctl_10y
china_east,1980-05,4,2006-07,0.12693,2,change_12m_raw_share|volatility_12m_raw_share,level_pctl_10y
china_east,1980-05,5,1987-10,0.156294,2,change_12m_raw_share|volatility_12m_raw_share,level_pctl_10y
china_east,1980-06,1,1983-11,0.054927,2,change_12m_raw_share|volatility_12m_raw_share,level_pctl_10y
china_east,1980-06,2,2006-05,0.100939,2,change_12m_raw_share|volatility_12m_raw_share,level_pctl_10y
china_east,1980-06,3,2006-06,0.183625,2,change_12m_raw_share|volatility_12m_raw_share,level_pctl_10y
china_east,1980-06,4,2010-12,0.19355,2,change_12m_raw_share|volatility_12m_raw_share,level_pctl_10y
china_east,1980-06,5,1983-12,0.215443,2,change_12m_raw_share|volatility_12m_raw_share,level_pctl_10y
china_east,1980-07,1,2011-09,0.018671,2,change_12m_raw_share|volatility_12m_raw_share,level_pctl_10y
china_east,1980-07,2,1984-01,0.038393,2,change_12m_raw_share|volatility_12m_raw_share,level_pctl_10y
china_east,1980-07,3,1993-04,0.051849,2,change_12m_raw_share|volatility_12m_raw_share,level_pctl_10y
china_east,1980-07,4,1984-02,0.079628,2,change_12m_raw_share|volatility_12m_raw_share,level_pctl_10y
china_east,1980-07,5,1992-02,0.082442,2,change_12m_raw_share|volatility_12m_raw_share,level_pctl_10y
china_east,1980-08,1,2011-08,0.126644,2,change_12m_raw_share|volatility_12m_raw_share,level_pctl_10y
china_east,1980-08,2,2011-10,0.162829,2,change_12m_raw_share|volatility_12m_raw_share,level_pctl_10y
china_east,1980-08,3,1987-12,0.196239,2,change_12m_raw_share|volatility_12m_raw_share,level_pctl_10y
china_east,1980-08,4,2006-09,0.203097,2,change_12m_raw_share|volatility_12m_raw_share,level_pctl_10y
china_east,1980-08,5,1988-01,0.208169,2,change_12m_raw_share|volatility_12m_raw_share,level_pctl_10y
china_east,1980-09,1,1984-10,0.139827,2,change_12m_raw_share|volatility_12m_raw_share,level_pctl_10y
china_east,1980-09,2,2011-04,0.143228,2,change_12m_raw_share|volatility_12m_raw_share,level_pctl_10y
china_east,1980-09,3,2011-05,0.144028,2,change_12m_raw_share|volatility_12m_raw_share,level_pctl_10y
china_east,1980-09,4,1992-12,0.281888,2,change_12m_raw_share|volatility_12m_raw_share,level_pctl_10y
china_east,1980-09,5,1988-06,0.337164,2,change_12m_raw_share|volatility_12m_raw_share,level_pctl_10y
china_east,1980-10,1,1987-12,0.129119,2,change_12m_raw_share|volatility_12m_raw_share,level_pctl_10y
china_east,1980-10,2,1988-05,0.144771,2,change_12m_raw_share|volatility_12m_raw_share,level_pctl_10y
china_east,1980-10,3,1988-01,0.19157,2,change_12m_raw_share|volatility_12m_raw_share,level_pctl_10y
china_east,1980-10,4,2016-02,0.192615,2,change_12m_raw_share|volatility_12m_raw_share,level_pctl_10y
china_east,1980-10,5,2006-09,0.194984,2,change_12m_raw_share|volatility_12m_raw_share,level_pctl_10y
china_east,1980-11,1,2000-11,0.007175,2,change_12m_raw_share|volatility_12m_raw_share,level_pctl_10y
china_east,1980-11,2,1980-04,0.022184,2,change_12m_raw_share|volatility_12m_raw_share,level_pctl_10y
china_east,1980-11,3,2000-08,0.028031,2,change_12m_raw_share|volatility_12m_raw_share,level_pctl_10y
china_east,1980-11,4,1993-03,0.043148,2,change_12m_raw_share|volatility_12m_raw_share,level_pctl_10y
china_east,1980-11,5,1993-02,0.051128,2,change_12m_raw_share|volatility_12m_raw_share,level_pctl_10y
china_east,1980-12,1,2000-11,0.007175,2,change_12m_raw_share|volatility_12m_raw_share,level_pctl_10y
china_east,1980-12,2,1980-04,0.022184,2,change_12m_raw_share|volatility_12m_raw_share,level_pctl_10y
china_east,1980-12,3,2000-08,0.028031,2,change_12m_raw_share|volatility_12m_raw_share,level_pctl_10y
china_east,1980-12,4,1993-03,0.043148,2,change_12m_raw_share|volatility_12m_raw_share,level_pctl_10y
china_east,1980-12,5,1993-02,0.051128,2,change_12m_raw_share|volatility_12m_raw_share,level_pctl_10y
china_east,1981-01,1,2000-11,0.007175,2,change_12m_raw_share|volatility_12m_raw_share,level_pctl_10y
china_east,1981-01,2,1980-04,0.022184,2,change_12m_raw_share|volatility_12m_raw_share,level_pctl_10y
china_east,1981-01,3,2000-08,0.028031,2,change_12m_raw_share|volatility_12m_raw_share,level_pctl_10y
china_east,1981-01,4,1993-03,0.043148,2,change_12m_raw_share|volatility_12m_raw_share,level_pctl_10y
china_east,1981-01,5,1993-02,0.051128,2,change_12m_raw_share|volatility_12m_raw_share,level_pctl_10y
china_east,1981-02,1,2000-07,0.043454,2,change_12m_raw_share|volatility_12m_raw_share,level_pctl_10y
china_east,1981-02,2,1980-03,0.082661,2,change_12m_raw_share|volatility_12m_raw_share,level_pctl_10y
china_east,1981-02,3,1996-09,0.137257,2,change_12m_raw_share|volatility_12m_raw_share,level_pctl_10y
china_east,1981-02,4,1992-04,0.1449,2,change_12m_raw_share|volatility_12m_raw_share,level_pctl_10y
china_east,1981-02,5,1983-01,0.165667,2,change_12m_raw_share|volatility_12m_raw_share,level_pctl_10y
china_east,1981-03,1,1984-10,0.068816,2,change_12m_raw_share|volatility_12m_raw_share,level_pctl_10y
china_east,1981-03,2,1988-06,0.166292,2,change_12m_raw_share|volatility_12m_raw_share,level_pctl_10y
china_east,1981-03,3,2011-05,0.234926,2,change_12m_raw_share|volatility_12m_raw_share,level_pctl_10y
china_east,1981-03,4,2011-04,0.290833,2,change_12m_raw_share|volatility_12m_raw_share,level_pctl_10y
china_east,1981-03,5,1990-03,0.315813,2,change_12m_raw_share|volatility_12m_raw_share,level_pctl_10y
china_east,1981-04,1,2016-01,0.013465,2,change_12m_raw_share|volatility_12m_raw_share,level_pctl_10y
china_east,1981-04,2,1996-02,0.026565,2,change_12m_raw_share|volatility_12m_raw_share,level_pctl_10y
china_east,1981-04,3,2015-12,0.041536,2,change_12m_raw_share|volatility_12m_raw_share,level_pctl_10y
china_east,1981-04,4,1996-07,0.053788,2,change_12m_raw_share|volatility_12m_raw_share,level_pctl_10y
china_east,1981-04,5,1993-07,0.060354,2,change_12m_raw_share|volatility_12m_raw_share,level_pctl_10y
china_east,1981-05,1,1984-12,0.055429,2,change_12m_raw_share|volatility_12m_raw_share,level_pctl_10y
china_east,1981-05,2,2016-02,0.104858,2,change_12m_raw_share|volatility_12m_raw_share,level_pctl_10y
china_east,1981-05,3,1990-03,0.114819,2,change_12m_raw_share|volatility_12m_raw_share,level_pctl_10y
china_east,1981-05,4,1993-10,0.117182,2,change_12m_raw_share|volatility_12m_raw_share,level_pctl_10y
china_east,1981-05,5,1984-11,0.119313,2,change_12m_raw_share|volatility_12m_raw_share,level_pctl_10y
china_east,1981-06,1,2013-10,0.277744,2,change_12m_raw_share|volatility_12m_raw_share,level_pctl_10y
china_east,1981-06,2,2017-07,0.359012,2,change_12m_raw_share|volatility_12m_raw_share,level_pctl_10y
china_east,1981-06,3,2002-03,0.426123,2,change_12m_raw_share|volatility_12m_raw_share,level_pctl_10y
china_east,1981-06,4,2003-04,0.457069,2,change_12m_raw_share|volatility_12m_raw_share,level_pctl_10y
china_east,1981-06,5,2005-04,0.550951,2,change_12m_raw_share|volatility_12m_raw_share,level_pctl_10y
china_east,1981-07,1,1999-03,0.241431,2,change_12m_raw_share|volatility_12m_raw_share,level_pctl_10y
china_east,1981-07,2,1999-01,0.299553,2,change_12m_raw_share|volatility_12m_raw_share,level_pctl_10y
china_east,1981-07,3,1999-02,0.314458,2,change_12m_raw_share|volatility_12m_raw_share,level_pctl_10y
china_east,1981-07,4,1998-07,0.323668,2,change_12m_raw_share|volatility_12m_raw_share,level_pctl_10y
china_east,1981-07,5,1998-10,0.346877,2,change_12m_raw_share|volatility_12m_raw_share,level_pctl_10y
china_east,1981-08,1,1982-03,0.093871,2,change_12m_raw_share|volatility_12m_raw_share,level_pctl_10y
china_east,1981-08,2,1982-04,0.093871,2,change_12m_raw_share|volatility_12m_raw_share,level_pctl_10y
china_east,1981-08,3,2001-12,0.201804,2,change_12m_raw_share|volatility_12m_raw_share,level_pctl_10y
china_east,1981-08,4,2001-08,0.204997,2,change_12m_raw_share|volatility_12m_raw_share,level_pctl_10y
china_east,1981-08,5,2001-06,0.212436,2,change_12m_raw_share|volatility_12m_raw_share,level_pctl_10y
china_east,1981-09,1,2001-05,0.20781,2,change_12m_raw_share|volatility_12m_raw_share,level_pctl_10y
china_east,1981-09,2,2002-12,0.216278,2,change_12m_raw_share|volatility_12m_raw_share,level_pctl_10y
china_east,1981-09,3,1982-04,0.230285,2,change_12m_raw_share|volatility_12m_raw_share,level_pctl_10y
china_east,1981-09,4,2013-11,0.242187,2,change_12m_raw_share|volatility_12m_raw_share,level_pctl_10y
china_east,1981-09,5,2001-09,0.249472,2,change_12m_raw_share|volatility_12m_raw_share,level_pctl_10y
china_east,1981-10,1,2002-11,0.273821,2,change_12m_raw_share|volatility_12m_raw_share,level_pctl_10y
china_east,1981-10,2,1982-05,0.296462,2,change_12m_raw_share|volatility_12m_raw_share,level_pctl_10y
china_east,1981-10,3,2001-01,0.310841,2,change_12m_raw_share|volatility_12m_raw_share,level_pctl_10y
china_east,1981-10,4,2017-08,0.311706,2,change_12m_raw_share|volatility_12m_raw_share,level_pctl_10y
china_east,1981-10,5,2014-06,0.453863,2,change_12m_raw_share|volatility_12m_raw_share,level_pctl_10y
china_east,1981-11,1,2001-05,0.227219,2,change_12m_raw_share|volatility_12m_raw_share,level_pctl_10y
china_east,1981-11,2,2002-12,0.236346,2,change_12m_raw_share|volatility_12m_raw_share,level_pctl_10y
china_east,1981-11,3,2013-11,0.269479,2,change_12m_raw_share|volatility_12m_raw_share,level_pctl_10y
china_east,1981-11,4,2001-09,0.280136,2,change_12m_raw_share|volatility_12m_raw_share,level_pctl_10y
china_east,1981-11,5,1999-02,0.281453,2,change_12m_raw_share|volatility_12m_raw_share,level_pctl_10y
china_east,1981-12,1,2002-03,0.396238,2,change_12m_raw_share|volatility_12m_raw_share,level_pctl_10y
china_east,1981-12,2,2001-01,0.405706,2,change_12m_raw_share|volatility_12m_raw_share,level_pctl_10y
china_east,1981-12,3,2002-11,0.55192,2,change_12m_raw_share|volatility_12m_raw_share,level_pctl_10y
china_east,1981-12,4,2017-08,0.580041,2,change_12m_raw_share|volatility_12m_raw_share,level_pctl_10y
china_east,1981-12,5,1988-11,0.592486,2,change_12m_raw_share|volatility_12m_raw_share,level_pctl_10y
china_east,1982-01,1,2001-12,0.268408,2,change_12m_raw_share|volatility_12m_raw_share,level_pctl_10y
china_east,1982-01,2,2001-09,0.275531,2,change_12m_raw_share|volatility_12m_raw_share,level_pctl_10y
china_east,1982-01,3,2001-08,0.294081,2,change_12m_raw_share|volatility_12m_raw_share,level_pctl_10y
china_east,1982-01,4,1998-11,0.297897,2,change_12m_raw_share|volatility_12m_raw_share,level_pctl_10y
china_east,1982-01,5,2001-06,0.300409,2,change_12m_raw_share|volatility_12m_raw_share,level_pctl_10y
china_east,1982-02,1,2001-12,0.264169,2,change_12m_raw_share|volatility_12m_raw_share,level_pctl_10y
china_east,1982-02,2,1998-11,0.269431,2,change_12m_raw_share|volatility_12m_raw_share,level_pctl_10y
china_east,1982-02,3,2001-08,0.271595,2,change_12m_raw_share|volatility_12m_raw_share,level_pctl_10y
china_east,1982-02,4,1980-01,0.27627,2,change_12m_raw_share|volatility_12m_raw_share,level_pctl_10y
china_east,1982-02,5,1999-04,0.278176,2,change_12m_raw_share|volatility_12m_raw_share,level_pctl_10y
china_east,1982-03,1,1981-08,0.093871,2,change_12m_raw_share|volatility_12m_raw_share,level_pctl_10y
china_east,1982-03,2,2001-12,0.262937,2,change_12m_raw_share|volatility_12m_raw_share,level_pctl_10y
china_east,1982-03,3,1998-11,0.277963,2,change_12m_raw_share|volatility_12m_raw_share,level_pctl_10y
china_east,1982-03,4,2001-08,0.280062,2,change_12m_raw_share|volatility_12m_raw_share,level_pctl_10y
china_east,1982-03,5,2001-09,0.28614,2,change_12m_raw_share|volatility_12m_raw_share,level_pctl_10y
china_east,1982-04,1,1981-08,0.093871,2,change_12m_raw_share|volatility_12m_raw_share,level_pctl_10y
china_east,1982-04,2,1981-09,0.230285,2,change_12m_raw_share|volatility_12m_raw_share,level_pctl_10y
china_east,1982-04,3,2001-12,0.262937,2,change_12m_raw_share|volatility_12m_raw_share,level_pctl_10y
china_east,1982-04,4,1998-11,0.277963,2,change_12m_raw_share|volatility_12m_raw_share,level_pctl_10y
china_east,1982-04,5,2001-08,0.280062,2,change_12m_raw_share|volatility_12m_raw_share,level_pctl_10y
china_east,1982-05,1,1981-10,0.296462,2,change_12m_raw_share|volatility_12m_raw_share,level_pctl_10y
china_east,1982-05,2,2001-01,0.426259,2,change_12m_raw_share|volatility_12m_raw_share,level_pctl_10y
china_east,1982-05,3,2002-03,0.479051,2,change_12m_raw_share|volatility_12m_raw_share,level_pctl_10y
china_east,1982-05,4,2002-11,0.533369,2,change_12m_raw_share|volatility_12m_raw_share,level_pctl_10y
china_east,1982-05,5,2017-08,0.565321,2,change_12m_raw_share|volatility_12m_raw_share,level_pctl_10y
china_east,1982-06,1,1980-02,0.50229,2,change_12m_raw_share|volatility_12m_raw_share,level_pctl_10y
china_east,1982-06,2,2018-07,0.708666,2,change_12m_raw_share|volatility_12m_raw_share,level_pctl_10y
china_east,1982-06,3,2007-11,0.712578,2,change_12m_raw_share|volatility_12m_raw_share,level_pctl_10y
china_east,1982-06,4,1999-05,0.83938,2,change_12m_raw_share|volatility_12m_raw_share,level_pctl_10y
china_east,1982-06,5,2015-09,0.86924,2,change_12m_raw_share|volatility_12m_raw_share,level_pctl_10y
china_east,1982-07,1,2005-10,0.123,2,change_12m_raw_share|volatility_12m_raw_share,level_pctl_10y
china_east,1982-07,2,2004-08,0.125083,2,change_12m_raw_share|volatility_12m_raw_share,level_pctl_10y
china_east,1982-07,3,2002-01,0.130492,2,change_12m_raw_share|volatility_12m_raw_share,level_pctl_10y
china_east,1982-07,4,2018-04,0.164024,2,change_12m_raw_share|volatility_12m_raw_share,level_pctl_10y
china_east,1982-07,5,2014-07,0.189054,2,change_12m_raw_share|volatility_12m_raw_share,level_pctl_10y
china_east,1982-08,1,2005-11,0.019139,2,change_12m_raw_share|volatility_12m_raw_share,level_pctl_10y
china_east,1982-08,2,1997-01,0.060218,2,change_12m_raw_share|volatility_12m_raw_share,level_pctl_10y
china_east,1982-08,3,1992-07,0.073266,2,change_12m_raw_share|volatility_12m_raw_share,level_pctl_10y
china_east,1982-08,4,2005-08,0.074141,2,change_12m_raw_share|volatility_12m_raw_share,level_pctl_10y
china_east,1982-08,5,1992-09,0.082803,2,change_12m_raw_share|volatility_12m_raw_share,level_pctl_10y
china_east,1982-09,1,1996-12,0.05425,2,change_12m_raw_share|volatility_12m_raw_share,level_pctl_10y
china_east,1982-09,2,2002-02,0.0879,2,change_12m_raw_share|volatility_12m_raw_share,level_pctl_10y
china_east,1982-09,3,2005-07,0.115603,2,change_12m_raw_share|volatility_12m_raw_share,level_pctl_10y
china_east,1982-09,4,1992-06,0.125685,2,change_12m_raw_share|volatility_12m_raw_share,level_pctl_10y
china_east,1982-09,5,2014-07,0.131001,2,change_12m_raw_share|volatility_12m_raw_share,level_pctl_10y
china_east,1982-10,1,2009-05,0.099572,2,change_12m_raw_share|volatility_12m_raw_share,level_pctl_10y
china_east,1982-10,2,2009-04,0.125282,2,change_12m_raw_share|volatility_12m_raw_share,level_pctl_10y
china_east,1982-10,3,2009-02,0.153852,2,change_12m_raw_share|volatility_12m_raw_share,level_pctl_10y
china_east,1982-10,4,2014-05,0.195531,2,change_12m_raw_share|volatility_12m_raw_share,level_pctl_10y
china_east,1982-10,5,2002-01,0.222631,2,change_12m_raw_share|volatility_12m_raw_share,level_pctl_10y
china_east,1982-11,1,2005-06,0.027273,2,change_12m_raw_share|volatility_12m_raw_share,level_pctl_10y
china_east,1982-11,2,1992-07,0.066676,2,change_12m_raw_share|volatility_12m_raw_share,level_pctl_10y
china_east,1982-11,3,2005-11,0.068477,2,change_12m_raw_share|volatility_12m_raw_share,level_pctl_10y
china_east,1982-11,4,1992-09,0.06976,2,change_12m_raw_share|volatility_12m_raw_share,level_pctl_10y
china_east,1982-11,5,1992-11,0.070243,2,change_12m_raw_share|volatility_12m_raw_share,level_pctl_10y
china_east,1982-12,1,2009-06,0.125812,2,change_12m_raw_share|volatility_12m_raw_share,level_pctl_10y
china_east,1982-12,2,2003-01,0.190687,2,change_12m_raw_share|volatility_12m_raw_share,level_pctl_10y
china_east,1982-12,3,1992-12,0.193397,2,change_12m_raw_share|volatility_12m_raw_share,level_pctl_10y
china_east,1982-12,4,2004-10,0.249679,2,change_12m_raw_share|volatility_12m_raw_share,level_pctl_10y
china_east,1982-12,5,2004-07,0.291395,2,change_12m_raw_share|volatility_12m_raw_share,level_pctl_10y
china_east,1983-01,1,1992-04,0.023402,2,change_12m_raw_share|volatility_12m_raw_share,level_pctl_10y
china_east,1983-01,2,1984-03,0.049783,2,change_12m_raw_share|volatility_12m_raw_share,level_pctl_10y
china_east,1983-01,3,1984-05,0.080881,2,change_12m_raw_share|volatility_12m_raw_share,level_pctl_10y
china_east,1983-01,4,2011-06,0.114347,2,change_12m_raw_share|volatility_12m_raw_share,level_pctl_10y
china_east,1983-01,5,2000-07,0.13091,2,change_12m_raw_share|volatility_12m_raw_share,level_pctl_10y
china_east,1983-02,1,1993-01,0.061946,2,change_12m_raw_share|volatility_12m_raw_share,level_pctl_10y
china_east,1983-02,2,1993-02,0.06472,2,change_12m_raw_share|volatility_12m_raw_share,level_pctl_10y
china_east,1983-02,3,1984-08,0.070526,2,change_12m_raw_share|volatility_12m_raw_share,level_pctl_10y
china_east,1983-02,4,1993-03,0.070987,2,change_12m_raw_share|volatility_12m_raw_share,level_pctl_10y
china_east,1983-02,5,2011-11,0.08193,2,change_12m_raw_share|volatility_12m_raw_share,level_pctl_10y
china_east,1983-03,1,1992-04,0.030551,2,change_12m_raw_share|volatility_12m_raw_share,level_pctl_10y
china_east,1983-03,2,1984-03,0.068295,2,change_12m_raw_share|volatility_12m_raw_share,level_pctl_10y
china_east,1983-03,3,1984-05,0.079266,2,change_12m_raw_share|volatility_12m_raw_share,level_pctl_10y
china_east,1983-03,4,2011-06,0.092207,2,change_12m_raw_share|volatility_12m_raw_share,level_pctl_10y
china_east,1983-03,5,2000-07,0.135504,2,change_12m_raw_share|volatility_12m_raw_share,level_pctl_10y
china_east,1983-04,1,2011-06,0.061465,2,change_12m_raw_share|volatility_12m_raw_share,level_pctl_10y
china_east,1983-04,2,1992-04,0.070412,2,change_12m_raw_share|volatility_12m_raw_share,level_pctl_10y
china_east,1983-04,3,1984-05,0.086401,2,change_12m_raw_share|volatility_12m_raw_share,level_pctl_10y
china_east,1983-04,4,2009-08,0.096538,2,change_12m_raw_share|volatility_12m_raw_share,level_pctl_10y
china_east,1983-04,5,1984-03,0.104766,2,change_12m_raw_share|volatility_12m_raw_share,level_pctl_10y
china_east,1983-05,1,2011-12,0.047986,2,change_12m_raw_share|volatility_12m_raw_share,level_pctl_10y
china_east,1983-05,2,2004-11,0.07484,2,change_12m_raw_share|volatility_12m_raw_share,level_pctl_10y
china_east,1983-05,3,1993-05,0.162086,2,change_12m_raw_share|volatility_12m_raw_share,level_pctl_10y
china_east,1983-05,4,2018-08,0.345986,2,change_12m_raw_share|volatility_12m_raw_share,level_pctl_10y
china_east,1983-05,5,1997-11,0.375586,2,change_12m_raw_share|volatility_12m_raw_share,level_pctl_10y
china_east,1983-06,1,1994-10,0.030273,2,change_12m_raw_share|volatility_12m_raw_share,level_pctl_10y
china_east,1983-06,2,1995-04,0.06255,2,change_12m_raw_share|volatility_12m_raw_share,level_pctl_10y
china_east,1983-06,3,2012-08,0.074085,2,change_12m_raw_share|volatility_12m_raw_share,level_pctl_10y
china_east,1983-06,4,1995-01,0.076837,2,change_12m_raw_share|volatility_12m_raw_share,level_pctl_10y
china_east,1983-06,5,2012-02,0.076926,2,change_12m_raw_share|volatility_12m_raw_share,level_pctl_10y
china_east,1983-07,1,2019-03,0.021589,2,change_12m_raw_share|volatility_12m_raw_share,level_pctl_10y
china_east,1983-07,2,1995-02,0.03835,2,change_12m_raw_share|volatility_12m_raw_share,level_pctl_10y
china_east,1983-07,3,1995-05,0.041864,2,change_12m_raw_share|volatility_12m_raw_share,level_pctl_10y
china_east,1983-07,4,1994-12,0.051126,2,change_12m_raw_share|volatility_12m_raw_share,level_pctl_10y
china_east,1983-07,5,1991-09,0.05625,2,change_12m_raw_share|volatility_12m_raw_share,level_pctl_10y
china_east,1983-08,1,1995-03,0.025202,2,change_12m_raw_share|volatility_12m_raw_share,level_pctl_10y
china_east,1983-08,2,2019-02,0.025841,2,change_12m_raw_share|volatility_12m_raw_share,level_pctl_10y
china_east,1983-08,3,1995-06,0.028153,2,change_12m_raw_share|volatility_12m_raw_share,level_pctl_10y
china_east,1983-08,4,1995-10,0.029088,2,change_12m_raw_share|volatility_12m_raw_share,level_pctl_10y
china_east,1983-08,5,2004-12,0.04607,2,change_12m_raw_share|volatility_12m_raw_share,level_pctl_10y
china_east,1983-09,1,1995-04,0.030692,2,change_12m_raw_share|volatility_12m_raw_share,level_pctl_10y
china_east,1983-09,2,1994-09,0.052168,2,change_12m_raw_share|volatility_12m_raw_share,level_pctl_10y
china_east,1983-09,3,1994-10,0.067103,2,change_12m_raw_share|volatility_12m_raw_share,level_pctl_10y
china_east,1983-09,4,2012-02,0.080327,2,change_12m_raw_share|volatility_12m_raw_share,level_pctl_10y
china_east,1983-09,5,1994-07,0.090775,2,change_12m_raw_share|volatility_12m_raw_share,level_pctl_10y
china_east,1983-10,1,1991-12,0.135173,2,change_12m_raw_share|volatility_12m_raw_share,level_pctl_10y
china_east,1983-10,2,2019-10,0.228783,2,change_12m_raw_share|volatility_12m_raw_share,level_pctl_10y
china_east,1983-10,3,2010-12,0.310963,2,change_12m_raw_share|volatility_12m_raw_share,level_pctl_10y
china_east,1983-10,4,2006-05,0.32692,2,change_12m_raw_share|volatility_12m_raw_share,level_pctl_10y
china_east,1983-10,5,1980-06,0.342377,2,change_12m_raw_share|volatility_12m_raw_share,level_pctl_10y
china_east,1983-11,1,1980-06,0.054927,2,change_12m_raw_share|volatility_12m_raw_share,level_pctl_10y
china_east,1983-11,2,2010-12,0.14092,2,change_12m_raw_share|volatility_12m_raw_share,level_pctl_10y
china_east,1983-11,3,2006-05,0.151305,2,change_12m_raw_share|volatility_12m_raw_share,level_pctl_10y
china_east,1983-11,4,1980-05,0.204419,2,change_12m_raw_share|volatility_12m_raw_share,level_pctl_10y
china_east,1983-11,5,2006-06,0.227328,2,change_12m_raw_share|volatility_12m_raw_share,level_pctl_10y
china_east,1983-12,1,1980-05,0.053397,2,change_12m_raw_share|volatility_12m_raw_share,level_pctl_10y
china_east,1983-12,2,2006-07,0.144064,3,level_pctl_10y|change_12m_raw_share|volatility_12m_raw_share,
china_east,1983-12,3,1980-03,0.155594,2,change_12m_raw_share|volatility_12m_raw_share,level_pctl_10y
china_east,1983-12,4,1980-06,0.215443,2,change_12m_raw_share|volatility_12m_raw_share,level_pctl_10y
china_east,1983-12,5,1981-02,0.237967,2,change_12m_raw_share|volatility_12m_raw_share,level_pctl_10y
china_east,1984-01,1,1980-07,0.038393,2,change_12m_raw_share|volatility_12m_raw_share,level_pctl_10y
china_east,1984-01,2,2011-09,0.060091,3,level_pctl_10y|change_12m_raw_share|volatility_12m_raw_share,
china_east,1984-01,3,2011-01,0.11536,3,level_pctl_10y|change_12m_raw_share|volatility_12m_raw_share,
china_east,1984-01,4,1993-04,0.149034,3,level_pctl_10y|change_12m_raw_share|volatility_12m_raw_share,
china_east,1984-01,5,2011-10,0.152211,3,level_pctl_10y|change_12m_raw_share|volatility_12m_raw_share,
china_east,1984-02,1,1980-07,0.079628,2,change_12m_raw_share|volatility_12m_raw_share,level_pctl_10y
china_east,1984-02,2,2011-09,0.111619,3,level_pctl_10y|change_12m_raw_share|volatility_12m_raw_share,
china_east,1984-02,3,2011-01,0.120297,3,level_pctl_10y|change_12m_raw_share|volatility_12m_raw_share,
china_east,1984-02,4,2011-10,0.128568,3,level_pctl_10y|change_12m_raw_share|volatility_12m_raw_share,
china_east,1984-02,5,1993-04,0.209658,3,level_pctl_10y|change_12m_raw_share|volatility_12m_raw_share,
china_east,1984-03,1,1983-01,0.049783,2,change_12m_raw_share|volatility_12m_raw_share,level_pctl_10y
china_east,1984-03,2,1983-03,0.068295,2,change_12m_raw_share|volatility_12m_raw_share,level_pctl_10y
china_east,1984-03,3,1983-04,0.104766,2,change_12m_raw_share|volatility_12m_raw_share,level_pctl_10y
china_east,1984-03,4,1981-02,0.195736,2,change_12m_raw_share|volatility_12m_raw_share,level_pctl_10y
china_east,1984-03,5,1983-02,0.215037,2,change_12m_raw_share|volatility_12m_raw_share,level_pctl_10y
china_east,1984-04,1,1980-07,0.137375,2,change_12m_raw_share|volatility_12m_raw_share,level_pctl_10y
china_east,1984-04,2,2011-01,0.144569,3,level_pctl_10y|change_12m_raw_share|volatility_12m_raw_share,
china_east,1984-04,3,2011-09,0.170632,3,level_pctl_10y|change_12m_raw_share|volatility_12m_raw_share,
china_east,1984-04,4,1983-02,0.204066,2,change_12m_raw_share|volatility_12m_raw_share,level_pctl_10y
china_east,1984-04,5,2000-09,0.204525,3,level_pctl_10y|change_12m_raw_share|volatility_12m_raw_share,
china_east,1984-05,1,1983-03,0.079266,2,change_12m_raw_share|volatility_12m_raw_share,level_pctl_10y
china_east,1984-05,2,1983-01,0.080881,2,change_12m_raw_share|volatility_12m_raw_share,level_pctl_10y
china_east,1984-05,3,1983-04,0.086401,2,change_12m_raw_share|volatility_12m_raw_share,level_pctl_10y
china_east,1984-05,4,1983-02,0.15614,2,change_12m_raw_share|volatility_12m_raw_share,level_pctl_10y
china_east,1984-05,5,1997-06,0.210828,3,level_pctl_10y|change_12m_raw_share|volatility_12m_raw_share,
china_east,1984-06,1,1983-02,0.17179,2,change_12m_raw_share|volatility_12m_raw_share,level_pctl_10y
china_east,1984-06,2,1980-07,0.174671,2,change_12m_raw_share|volatility_12m_raw_share,level_pctl_10y
china_east,1984-06,3,2011-01,0.176428,3,level_pctl_10y|change_12m_raw_share|volatility_12m_raw_share,
china_east,1984-06,4,1982-11,0.195303,2,change_12m_raw_share|volatility_12m_raw_share,level_pctl_10y
china_east,1984-06,5,1980-04,0.203891,2,change_12m_raw_share|volatility_12m_raw_share,level_pctl_10y
china_east,1984-07,1,1983-02,0.083666,2,change_12m_raw_share|volatility_12m_raw_share,level_pctl_10y
china_east,1984-07,2,1983-04,0.121446,2,change_12m_raw_share|volatility_12m_raw_share,level_pctl_10y
china_east,1984-07,3,1983-03,0.14495,2,change_12m_raw_share|volatility_12m_raw_share,level_pctl_10y
china_east,1984-07,4,1983-01,0.157952,2,change_12m_raw_share|volatility_12m_raw_share,level_pctl_10y
china_east,1984-07,5,1980-04,0.171241,2,change_12m_raw_share|volatility_12m_raw_share,level_pctl_10y
china_east,1984-08,1,1983-02,0.070526,2,change_12m_raw_share|volatility_12m_raw_share,level_pctl_10y
china_east,1984-08,2,1980-04,0.149849,2,change_12m_raw_share|volatility_12m_raw_share,level_pctl_10y
china_east,1984-08,3,2004-09,0.160773,3,level_pctl_10y|change_12m_raw_share|volatility_12m_raw_share,
china_east,1984-08,4,1980-11,0.172032,2,change_12m_raw_share|volatility_12m_raw_share,level_pctl_10y
china_east,1984-08,5,1980-12,0.172032,2,change_12m_raw_share|volatility_12m_raw_share,level_pctl_10y
china_east,1984-09,1,1983-02,0.113416,2,change_12m_raw_share|volatility_12m_raw_share,level_pctl_10y
china_east,1984-09,2,1980-04,0.165649,2,change_12m_raw_share|volatility_12m_raw_share,level_pctl_10y
china_east,1984-09,3,2013-09,0.183149,3,level_pctl_10y|change_12m_raw_share|volatility_12m_raw_share,
china_east,1984-09,4,1980-11,0.186434,2,change_12m_raw_share|volatility_12m_raw_share,level_pctl_10y
china_east,1984-09,5,1980-12,0.186434,2,change_12m_raw_share|volatility_12m_raw_share,level_pctl_10y
china_east,1984-10,1,1981-03,0.068816,2,change_12m_raw_share|volatility_12m_raw_share,level_pctl_10y
china_east,1984-10,2,1980-09,0.139827,2,change_12m_raw_share|volatility_12m_raw_share,level_pctl_10y
china_east,1984-10,3,1980-10,0.231434,2,change_12m_raw_share|volatility_12m_raw_share,level_pctl_10y
china_east,1984-10,4,2016-02,0.276873,2,change_12m_raw_share|volatility_12m_raw_share,level_pctl_10y
china_east,1984-10,5,1981-05,0.302762,2,change_12m_raw_share|volatility_12m_raw_share,level_pctl_10y
china_east,1984-11,1,1981-05,0.119313,2,change_12m_raw_share|volatility_12m_raw_share,level_pctl_10y
china_east,1984-11,2,2016-02,0.13645,2,change_12m_raw_share|volatility_12m_raw_share,level_pctl_10y
china_east,1984-11,3,2017-05,0.224067,2,change_12m_raw_share|volatility_12m_raw_share,level_pctl_10y
china_east,1984-11,4,2016-05,0.227294,2,change_12m_raw_share|volatility_12m_raw_share,level_pctl_10y
china_east,1984-11,5,2015-10,0.278909,2,change_12m_raw_share|volatility_12m_raw_share,level_pctl_10y
china_east,1984-12,1,1981-05,0.055429,2,change_12m_raw_share|volatility_12m_raw_share,level_pctl_10y
china_east,1984-12,2,2016-02,0.144289,2,change_12m_raw_share|volatility_12m_raw_share,level_pctl_10y
china_east,1984-12,3,1986-03,0.15514,3,level_pctl_10y|change_12m_raw_share|volatility_12m_raw_share,
china_east,1984-12,4,2016-05,0.167859,2,change_12m_raw_share|volatility_12m_raw_share,level_pctl_10y
china_east,1984-12,5,1987-07,0.203437,3,level_pctl_10y|change_12m_raw_share|volatility_12m_raw_share,
china_east,1985-01,1,1985-12,0.046269,3,level_pctl_10y|change_12m_raw_share|volatility_12m_raw_share,
china_east,1985-01,2,1986-01,0.067872,3,level_pctl_10y|change_12m_raw_share|volatility_12m_raw_share,
china_east,1985-01,3,1987-03,0.071525,3,level_pctl_10y|change_12m_raw_share|volatility_12m_raw_share,
china_east,1985-01,4,1985-08,0.074929,3,level_pctl_10y|change_12m_raw_share|volatility_12m_raw_share,
china_east,1985-01,5,1994-04,0.086922,3,level_pctl_10y|change_12m_raw_share|volatility_12m_raw_share,
china_east,1985-02,1,1985-12,0.036547,3,level_pctl_10y|change_12m_raw_share|volatility_12m_raw_share,
china_east,1985-02,2,1986-01,0.04385,3,level_pctl_10y|change_12m_raw_share|volatility_12m_raw_share,
china_east,1985-02,3,1986-02,0.077091,3,level_pctl_10y|change_12m_raw_share|volatility_12m_raw_share,
china_east,1985-02,4,2016-11,0.09817,2,change_12m_raw_share|volatility_12m_raw_share,level_pctl_10y
china_east,1985-02,5,1987-03,0.10107,3,level_pctl_10y|change_12m_raw_share|volatility_12m_raw_share,
china_east,1985-03,1,2017-01,0.122614,2,change_12m_raw_share|volatility_12m_raw_share,level_pctl_10y
china_east,1985-03,2,2016-11,0.123391,2,change_12m_raw_share|volatility_12m_raw_share,level_pctl_10y
china_east,1985-03,3,2016-09,0.127297,2,change_12m_raw_share|volatility_12m_raw_share,level_pctl_10y
china_east,1985-03,4,2016-07,0.131729,2,change_12m_raw_share|volatility_12m_raw_share,level_pctl_10y
china_east,1985-03,5,1993-12,0.146053,3,level_pctl_10y|change_12m_raw_share|volatility_12m_raw_share,
china_east,1985-04,1,1985-12,0.048321,3,level_pctl_10y|change_12m_raw_share|volatility_12m_raw_share,
china_east,1985-04,2,1986-01,0.049521,3,level_pctl_10y|change_12m_raw_share|volatility_12m_raw_share,
china_east,1985-04,3,1986-02,0.078272,3,level_pctl_10y|change_12m_raw_share|volatility_12m_raw_share,
china_east,1985-04,4,1994-04,0.104395,3,level_pctl_10y|change_12m_raw_share|volatility_12m_raw_share,
china_east,1985-04,5,1991-01,0.10741,3,level_pctl_10y|change_12m_raw_share|volatility_12m_raw_share,
china_east,1985-05,1,1993-12,0.115749,3,level_pctl_10y|change_12m_raw_share|volatility_12m_raw_share,
china_east,1985-05,2,2016-04,0.12285,2,change_12m_raw_share|volatility_12m_raw_share,level_pctl_10y
china_east,1985-05,3,1994-05,0.134559,3,level_pctl_10y|change_12m_raw_share|volatility_12m_raw_share,
china_east,1985-05,4,2016-12,0.15198,2,change_12m_raw_share|volatility_12m_raw_share,level_pctl_10y
china_east,1985-05,5,2007-12,0.159507,3,level_pctl_10y|change_12m_raw_share|volatility_12m_raw_share,
china_east,1985-06,1,1993-11,0.071331,3,level_pctl_10y|change_12m_raw_share|volatility_12m_raw_share,
china_east,1985-06,2,1987-02,0.103406,3,level_pctl_10y|change_12m_raw_share|volatility_12m_raw_share,
china_east,1985-06,3,2016-10,0.127307,2,change_12m_raw_share|volatility_12m_raw_share,level_pctl_10y
china_east,1985-06,4,2016-08,0.163202,2,change_12m_raw_share|volatility_12m_raw_share,level_pctl_10y
china_east,1985-06,5,1988-07,0.164695,3,level_pctl_10y|change_12m_raw_share|volatility_12m_raw_share,
china_east,1985-07,1,1988-09,0.072234,3,level_pctl_10y|change_12m_raw_share|volatility_12m_raw_share,
china_east,1985-07,2,2015-12,0.133379,2,change_12m_raw_share|volatility_12m_raw_share,level_pctl_10y
china_east,1985-07,3,2016-03,0.141854,2,change_12m_raw_share|volatility_12m_raw_share,level_pctl_10y
china_east,1985-07,4,1987-03,0.145987,3,level_pctl_10y|change_12m_raw_share|volatility_12m_raw_share,
china_east,1985-07,5,2016-11,0.145995,2,change_12m_raw_share|volatility_12m_raw_share,level_pctl_10y
china_east,1985-08,1,1985-01,0.074929,3,level_pctl_10y|change_12m_raw_share|volatility_12m_raw_share,
china_east,1985-08,2,1994-04,0.112045,3,level_pctl_10y|change_12m_raw_share|volatility_12m_raw_share,
china_east,1985-08,3,1991-01,0.115128,3,level_pctl_10y|change_12m_raw_share|volatility_12m_raw_share,
china_east,1985-08,4,2016-01,0.12596,2,change_12m_raw_share|volatility_12m_raw_share,level_pctl_10y
china_east,1985-08,5,2015-12,0.132076,2,change_12m_raw_share|volatility_12m_raw_share,level_pctl_10y
china_east,1985-09,1,2016-04,0.116865,2,change_12m_raw_share|volatility_12m_raw_share,level_pctl_10y
china_east,1985-09,2,2016-12,0.152658,2,change_12m_raw_share|volatility_12m_raw_share,level_pctl_10y
china_east,1985-09,3,1993-11,0.157628,3,level_pctl_10y|change_12m_raw_share|volatility_12m_raw_share,
china_east,1985-09,4,1987-02,0.170456,3,level_pctl_10y|change_12m_raw_share|volatility_12m_raw_share,
china_east,1985-09,5,2016-06,0.177184,2,change_12m_raw_share|volatility_12m_raw_share,level_pctl_10y
china_east,1985-10,1,2017-05,0.057366,2,change_12m_raw_share|volatility_12m_raw_share,level_pctl_10y
china_east,1985-10,2,2016-03,0.144647,2,change_12m_raw_share|volatility_12m_raw_share,level_pctl_10y
china_east,1985-10,3,2015-10,0.149918,2,change_12m_raw_share|volatility_12m_raw_share,level_pctl_10y
china_east,1985-10,4,2015-11,0.149961,2,change_12m_raw_share|volatility_12m_raw_share,level_pctl_10y
china_east,1985-10,5,1990-10,0.160247,3,level_pctl_10y|change_12m_raw_share|volatility_12m_raw_share,
china_east,1985-11,1,2017-05,0.086949,2,change_12m_raw_share|volatility_12m_raw_share,level_pctl_10y
china_east,1985-11,2,1986-10,0.21014,3,level_pctl_10y|change_12m_raw_share|volatility_12m_raw_share,
china_east,1985-11,3,2015-10,0.21579,2,change_12m_raw_share|volatility_12m_raw_share,level_pctl_10y
china_east,1985-11,4,1990-10,0.222437,3,level_pctl_10y|change_12m_raw_share|volatility_12m_raw_share,
china_east,1985-11,5,2015-11,0.229809,2,change_12m_raw_share|volatility_12m_raw_share,level_pctl_10y
china_east,1985-12,1,1985-02,0.036547,3,level_pctl_10y|change_12m_raw_share|volatility_12m_raw_share,
china_east,1985-12,2,1985-01,0.046269,3,level_pctl_10y|change_12m_raw_share|volatility_12m_raw_share,
china_east,1985-12,3,1985-04,0.048321,3,level_pctl_10y|change_12m_raw_share|volatility_12m_raw_share,
china_east,1985-12,4,2016-11,0.064626,2,change_12m_raw_share|volatility_12m_raw_share,level_pctl_10y
china_east,1985-12,5,2016-07,0.079202,2,change_12m_raw_share|volatility_12m_raw_share,level_pctl_10y
china_east,1986-01,1,1985-02,0.04385,3,level_pctl_10y|change_12m_raw_share|volatility_12m_raw_share,
china_east,1986-01,2,1985-04,0.049521,3,level_pctl_10y|change_12m_raw_share|volatility_12m_raw_share,
china_east,1986-01,3,2016-11,0.064626,2,change_12m_raw_share|volatility_12m_raw_share,level_pctl_10y
china_east,1986-01,4,1985-01,0.067872,3,level_pctl_10y|change_12m_raw_share|volatility_12m_raw_share,
china_east,1986-01,5,2016-07,0.079202,2,change_12m_raw_share|volatility_12m_raw_share,level_pctl_10y
china_east,1986-02,1,2017-01,0.070077,2,change_12m_raw_share|volatility_12m_raw_share,level_pctl_10y
china_east,1986-02,2,2016-09,0.075196,2,change_12m_raw_share|volatility_12m_raw_share,level_pctl_10y
china_east,1986-02,3,1985-02,0.077091,3,level_pctl_10y|change_12m_raw_share|volatility_12m_raw_share,
china_east,1986-02,4,1985-04,0.078272,3,level_pctl_10y|change_12m_raw_share|volatility_12m_raw_share,
china_east,1986-02,5,2016-07,0.082853,2,change_12m_raw_share|volatility_12m_raw_share,level_pctl_10y
china_east,1986-03,1,2016-05,0.103258,2,change_12m_raw_share|volatility_12m_raw_share,level_pctl_10y
china_east,1986-03,2,1984-12,0.15514,3,level_pctl_10y|change_12m_raw_share|volatility_12m_raw_share,
china_east,1986-03,3,1981-05,0.17196,2,change_12m_raw_share|volatility_12m_raw_share,level_pctl_10y
china_east,1986-03,4,1994-08,0.21129,3,level_pctl_10y|change_12m_raw_share|volatility_12m_raw_share,
china_east,1986-03,5,1990-05,0.213788,3,level_pctl_10y|change_12m_raw_share|volatility_12m_raw_share,
china_east,1986-04,1,2017-01,0.022001,2,change_12m_raw_share|volatility_12m_raw_share,level_pctl_10y
china_east,1986-04,2,2016-09,0.022427,2,change_12m_raw_share|volatility_12m_raw_share,level_pctl_10y
china_east,1986-04,3,2016-07,0.037758,2,change_12m_raw_share|volatility_12m_raw_share,level_pctl_10y
china_east,1986-04,4,2016-11,0.059644,2,change_12m_raw_share|volatility_12m_raw_share,level_pctl_10y
china_east,1986-04,5,2012-06,0.092364,3,level_pctl_10y|change_12m_raw_share|volatility_12m_raw_share,
china_east,1986-05,1,2016-05,0.065146,2,change_12m_raw_share|volatility_12m_raw_share,level_pctl_10y
china_east,1986-05,2,1994-08,0.18496,3,level_pctl_10y|change_12m_raw_share|volatility_12m_raw_share,
china_east,1986-05,3,1984-12,0.220885,3,level_pctl_10y|change_12m_raw_share|volatility_12m_raw_share,
china_east,1986-05,4,1990-05,0.233455,3,level_pctl_10y|change_12m_raw_share|volatility_12m_raw_share,
china_east,1986-05,5,1981-05,0.246273,2,change_12m_raw_share|volatility_12m_raw_share,level_pctl_10y
china_east,1986-06,1,2017-02,0.016788,2,change_12m_raw_share|volatility_12m_raw_share,level_pctl_10y
china_east,1986-06,2,2016-12,0.039352,2,change_12m_raw_share|volatility_12m_raw_share,level_pctl_10y
china_east,1986-06,3,2017-01,0.07073,2,change_12m_raw_share|volatility_12m_raw_share,level_pctl_10y
china_east,1986-06,4,2016-09,0.088912,2,change_12m_raw_share|volatility_12m_raw_share,level_pctl_10y
china_east,1986-06,5,1994-09,0.096402,3,level_pctl_10y|change_12m_raw_share|volatility_12m_raw_share,
china_east,1986-07,1,2016-10,0.109121,2,change_12m_raw_share|volatility_12m_raw_share,level_pctl_10y
china_east,1986-07,2,2017-03,0.12798,2,change_12m_raw_share|volatility_12m_raw_share,level_pctl_10y
china_east,1986-07,3,1988-08,0.14709,3,level_pctl_10y|change_12m_raw_share|volatility_12m_raw_share,
china_east,1986-07,4,2016-08,0.194126,2,change_12m_raw_share|volatility_12m_raw_share,level_pctl_10y
china_east,1986-07,5,2016-06,0.201368,2,change_12m_raw_share|volatility_12m_raw_share,level_pctl_10y
china_east,1986-08,1,2016-10,0.006006,2,change_12m_raw_share|volatility_12m_raw_share,level_pctl_10y
china_east,1986-08,2,2016-08,0.080296,2,change_12m_raw_share|volatility_12m_raw_share,level_pctl_10y
china_east,1986-08,3,2017-03,0.084712,2,change_12m_raw_share|volatility_12m_raw_share,level_pctl_10y
china_east,1986-08,4,2016-06,0.087541,2,change_12m_raw_share|volatility_12m_raw_share,level_pctl_10y
china_east,1986-08,5,1988-07,0.120626,3,level_pctl_10y|change_12m_raw_share|volatility_12m_raw_share,
china_east,1986-09,1,2016-11,0.023893,2,change_12m_raw_share|volatility_12m_raw_share,level_pctl_10y
china_east,1986-09,2,2016-07,0.051737,2,change_12m_raw_share|volatility_12m_raw_share,level_pctl_10y
china_east,1986-09,3,2016-09,0.075755,2,change_12m_raw_share|volatility_12m_raw_share,level_pctl_10y
china_east,1986-09,4,2017-01,0.095873,2,change_12m_raw_share|volatility_12m_raw_share,level_pctl_10y
china_east,1986-09,5,1998-03,0.11905,3,level_pctl_10y|change_12m_raw_share|volatility_12m_raw_share,
china_east,1986-10,1,2016-11,0.086255,2,change_12m_raw_share|volatility_12m_raw_share,level_pctl_10y
china_east,1986-10,2,2016-07,0.112133,2,change_12m_raw_share|volatility_12m_raw_share,level_pctl_10y
china_east,1986-10,3,1983-07,0.116609,2,change_12m_raw_share|volatility_12m_raw_share,level_pctl_10y
china_east,1986-10,4,2016-09,0.136586,2,change_12m_raw_share|volatility_12m_raw_share,level_pctl_10y
china_east,1986-10,5,1990-12,0.154801,3,level_pctl_10y|change_12m_raw_share|volatility_12m_raw_share,
china_east,1986-11,1,2016-12,0.02118,2,change_12m_raw_share|volatility_12m_raw_share,level_pctl_10y
china_east,1986-11,2,2017-02,0.050369,2,change_12m_raw_share|volatility_12m_raw_share,level_pctl_10y
china_east,1986-11,3,2016-06,0.074003,2,change_12m_raw_share|volatility_12m_raw_share,level_pctl_10y
china_east,1986-11,4,2016-08,0.080497,2,change_12m_raw_share|volatility_12m_raw_share,level_pctl_10y
china_east,1986-11,5,2017-01,0.100899,2,change_12m_raw_share|volatility_12m_raw_share,level_pctl_10y
china_east,1986-12,1,2017-04,0.068233,2,change_12m_raw_share|volatility_12m_raw_share,level_pctl_10y
china_east,1986-12,2,2013-04,0.15673,3,level_pctl_10y|change_12m_raw_share|volatility_12m_raw_share,
china_east,1986-12,3,1987-10,0.299218,3,level_pctl_10y|change_12m_raw_share|volatility_12m_raw_share,
china_east,1986-12,4,1990-08,0.300112,3,level_pctl_10y|change_12m_raw_share|volatility_12m_raw_share,
china_east,1986-12,5,1995-08,0.302351,3,level_pctl_10y|change_12m_raw_share|volatility_12m_raw_share,
china_east,1987-01,1,1988-08,0.165396,3,level_pctl_10y|change_12m_raw_share|volatility_12m_raw_share,
china_east,1987-01,2,2016-10,0.169317,2,change_12m_raw_share|volatility_12m_raw_share,level_pctl_10y
china_east,1987-01,3,1994-03,0.204329,3,level_pctl_10y|change_12m_raw_share|volatility_12m_raw_share,
china_east,1987-01,4,2017-03,0.214322,2,change_12m_raw_share|volatility_12m_raw_share,level_pctl_10y
china_east,1987-01,5,2013-04,0.215179,3,level_pctl_10y|change_12m_raw_share|volatility_12m_raw_share,
china_east,1987-02,1,2016-10,0.069536,2,change_12m_raw_share|volatility_12m_raw_share,level_pctl_10y
china_east,1987-02,2,2016-08,0.09133,2,change_12m_raw_share|volatility_12m_raw_share,level_pctl_10y
china_east,1987-02,3,2016-06,0.096308,2,change_12m_raw_share|volatility_12m_raw_share,level_pctl_10y
china_east,1987-02,4,1985-06,0.103406,3,level_pctl_10y|change_12m_raw_share|volatility_12m_raw_share,
china_east,1987-02,5,1988-07,0.1117,3,level_pctl_10y|change_12m_raw_share|volatility_12m_raw_share,
china_east,1987-03,1,2016-11,0.064351,2,change_12m_raw_share|volatility_12m_raw_share,level_pctl_10y
china_east,1987-03,2,1985-01,0.071525,3,level_pctl_10y|change_12m_raw_share|volatility_12m_raw_share,
china_east,1987-03,3,2016-07,0.07889,2,change_12m_raw_share|volatility_12m_raw_share,level_pctl_10y
china_east,1987-03,4,2016-09,0.082452,2,change_12m_raw_share|volatility_12m_raw_share,level_pctl_10y
china_east,1987-03,5,2017-01,0.08676,2,change_12m_raw_share|volatility_12m_raw_share,level_pctl_10y
china_east,1987-04,1,2017-01,0.063695,2,change_12m_raw_share|volatility_12m_raw_share,level_pctl_10y
china_east,1987-04,2,2016-09,0.075053,2,change_12m_raw_share|volatility_12m_raw_share,level_pctl_10y
china_east,1987-04,3,1986-02,0.08504,3,level_pctl_10y|change_12m_raw_share|volatility_12m_raw_share,
china_east,1987-04,4,2016-07,0.088893,2,change_12m_raw_share|volatility_12m_raw_share,level_pctl_10y
china_east,1987-04,5,2016-12,0.089018,2,change_12m_raw_share|volatility_12m_raw_share,level_pctl_10y
china_east,1987-05,1,2017-04,0.123993,2,change_12m_raw_share|volatility_12m_raw_share,level_pctl_10y
china_east,1987-05,2,2013-04,0.159197,3,level_pctl_10y|change_12m_raw_share|volatility_12m_raw_share,
china_east,1987-05,3,1995-08,0.250922,3,level_pctl_10y|change_12m_raw_share|volatility_12m_raw_share,
china_east,1987-05,4,2016-10,0.285599,2,change_12m_raw_share|volatility_12m_raw_share,level_pctl_10y
china_east,1987-05,5,2017-03,0.297411,2,change_12m_raw_share|volatility_12m_raw_share,level_pctl_10y
china_east,1987-06,1,1995-11,0.095131,3,level_pctl_10y|change_12m_raw_share|volatility_12m_raw_share,
china_east,1987-06,2,2017-06,0.114459,3,level_pctl_10y|change_12m_raw_share|volatility_12m_raw_share,
china_east,1987-06,3,2017-04,0.161791,2,change_12m_raw_share|volatility_12m_raw_share,level_pctl_10y
china_east,1987-06,4,1998-04,0.208585,3,level_pctl_10y|change_12m_raw_share|volatility_12m_raw_share,
china_east,1987-06,5,1995-12,0.262955,3,level_pctl_10y|change_12m_raw_share|volatility_12m_raw_share,
china_east,1987-07,1,1993-10,0.146208,3,level_pctl_10y|change_12m_raw_share|volatility_12m_raw_share,
china_east,1987-07,2,2016-02,0.153974,2,change_12m_raw_share|volatility_12m_raw_share,level_pctl_10y
china_east,1987-07,3,1996-03,0.16644,3,level_pctl_10y|change_12m_raw_share|volatility_12m_raw_share,
china_east,1987-07,4,1990-01,0.17407,3,level_pctl_10y|change_12m_raw_share|volatility_12m_raw_share,
china_east,1987-07,5,1988-02,0.17567,3,level_pctl_10y|change_12m_raw_share|volatility_12m_raw_share,
china_east,1987-08,1,2015-10,0.080319,2,change_12m_raw_share|volatility_12m_raw_share,level_pctl_10y
china_east,1987-08,2,1996-03,0.083479,3,level_pctl_10y|change_12m_raw_share|volatility_12m_raw_share,
china_east,1987-08,3,2015-11,0.107256,2,change_12m_raw_share|volatility_12m_raw_share,level_pctl_10y
china_east,1987-08,4,2016-03,0.131251,2,change_12m_raw_share|volatility_12m_raw_share,level_pctl_10y
china_east,1987-08,5,2017-05,0.152043,2,change_12m_raw_share|volatility_12m_raw_share,level_pctl_10y
china_east,1987-09,1,2015-12,0.034608,2,change_12m_raw_share|volatility_12m_raw_share,level_pctl_10y
china_east,1987-09,2,1981-04,0.072181,2,change_12m_raw_share|volatility_12m_raw_share,level_pctl_10y
china_east,1987-09,3,2016-01,0.074187,2,change_12m_raw_share|volatility_12m_raw_share,level_pctl_10y
china_east,1987-09,4,2016-03,0.09821,2,change_12m_raw_share|volatility_12m_raw_share,level_pctl_10y
china_east,1987-09,5,2015-11,0.119694,2,change_12m_raw_share|volatility_12m_raw_share,level_pctl_10y
china_east,1987-10,1,2000-10,0.10448,3,level_pctl_10y|change_12m_raw_share|volatility_12m_raw_share,
china_east,1987-10,2,1980-05,0.156294,2,change_12m_raw_share|volatility_12m_raw_share,level_pctl_10y
china_east,1987-10,3,2006-05,0.194736,3,level_pctl_10y|change_12m_raw_share|volatility_12m_raw_share,
china_east,1987-10,4,2017-04,0.199823,2,change_12m_raw_share|volatility_12m_raw_share,level_pctl_10y
china_east,1987-10,5,1980-03,0.206378,2,change_12m_raw_share|volatility_12m_raw_share,level_pctl_10y
china_east,1987-11,1,2015-12,0.06603,2,change_12m_raw_share|volatility_12m_raw_share,level_pctl_10y
china_east,1987-11,2,1981-04,0.067929,2,change_12m_raw_share|volatility_12m_raw_share,level_pctl_10y
china_east,1987-11,3,2016-01,0.079437,2,change_12m_raw_share|volatility_12m_raw_share,level_pctl_10y
china_east,1987-11,4,1980-11,0.102582,2,change_12m_raw_share|volatility_12m_raw_share,level_pctl_10y
china_east,1987-11,5,1980-12,0.102582,2,change_12m_raw_share|volatility_12m_raw_share,level_pctl_10y
china_east,1987-12,1,2016-02,0.086836,2,change_12m_raw_share|volatility_12m_raw_share,level_pctl_10y
china_east,1987-12,2,1980-10,0.129119,2,change_12m_raw_share|volatility_12m_raw_share,level_pctl_10y
china_east,1987-12,3,1981-05,0.191634,2,change_12m_raw_share|volatility_12m_raw_share,level_pctl_10y
china_east,1987-12,4,1980-08,0.196239,2,change_12m_raw_share|volatility_12m_raw_share,level_pctl_10y
china_east,1987-12,5,1996-08,0.220688,3,level_pctl_10y|change_12m_raw_share|volatility_12m_raw_share,
china_east,1988-01,1,2016-02,0.153737,2,change_12m_raw_share|volatility_12m_raw_share,level_pctl_10y
china_east,1988-01,2,2011-10,0.158033,3,level_pctl_10y|change_12m_raw_share|volatility_12m_raw_share,
china_east,1988-01,3,1993-10,0.190932,3,level_pctl_10y|change_12m_raw_share|volatility_12m_raw_share,
china_east,1988-01,4,1990-01,0.191179,3,level_pctl_10y|change_12m_raw_share|volatility_12m_raw_share,
china_east,1988-01,5,1980-10,0.19157,2,change_12m_raw_share|volatility_12m_raw_share,level_pctl_10y
china_east,1988-02,1,1996-03,0.092161,3,level_pctl_10y|change_12m_raw_share|volatility_12m_raw_share,
china_east,1988-02,2,2015-10,0.12218,2,change_12m_raw_share|volatility_12m_raw_share,level_pctl_10y
china_east,1988-02,3,2015-11,0.138395,2,change_12m_raw_share|volatility_12m_raw_share,level_pctl_10y
china_east,1988-02,4,2011-09,0.141736,3,level_pctl_10y|change_12m_raw_share|volatility_12m_raw_share,
china_east,1988-02,5,1980-07,0.157391,2,change_12m_raw_share|volatility_12m_raw_share,level_pctl_10y
china_east,1988-03,1,2016-04,0.098623,2,change_12m_raw_share|volatility_12m_raw_share,level_pctl_10y
china_east,1988-03,2,1981-04,0.102742,2,change_12m_raw_share|volatility_12m_raw_share,level_pctl_10y
china_east,1988-03,3,1980-11,0.107549,2,change_12m_raw_share|volatility_12m_raw_share,level_pctl_10y
china_east,1988-03,4,1980-12,0.107549,2,change_12m_raw_share|volatility_12m_raw_share,level_pctl_10y
china_east,1988-03,5,1981-01,0.107549,2,change_12m_raw_share|volatility_12m_raw_share,level_pctl_10y
china_east,1988-04,1,2016-04,0.090505,2,change_12m_raw_share|volatility_12m_raw_share,level_pctl_10y
china_east,1988-04,2,2000-12,0.114828,3,level_pctl_10y|change_12m_raw_share|volatility_12m_raw_share,
china_east,1988-04,3,1981-04,0.149494,2,change_12m_raw_share|volatility_12m_raw_share,level_pctl_10y
china_east,1988-04,4,2016-01,0.154391,2,change_12m_raw_share|volatility_12m_raw_share,level_pctl_10y
china_east,1988-04,5,1980-11,0.16081,2,change_12m_raw_share|volatility_12m_raw_share,level_pctl_10y
china_east,1988-05,1,2016-02,0.077278,2,change_12m_raw_share|volatility_12m_raw_share,level_pctl_10y
china_east,1988-05,2,1980-10,0.144771,2,change_12m_raw_share|volatility_12m_raw_share,level_pctl_10y
china_east,1988-05,3,1981-05,0.181221,2,change_12m_raw_share|volatility_12m_raw_share,level_pctl_10y
china_east,1988-05,4,1987-07,0.186052,3,level_pctl_10y|change_12m_raw_share|volatility_12m_raw_share,
china_east,1988-05,5,1980-08,0.210331,2,change_12m_raw_share|volatility_12m_raw_share,level_pctl_10y
china_east,1988-06,1,1981-03,0.166292,2,change_12m_raw_share|volatility_12m_raw_share,level_pctl_10y
china_east,1988-06,2,1981-05,0.313995,2,change_12m_raw_share|volatility_12m_raw_share,level_pctl_10y
china_east,1988-06,3,1980-09,0.337164,2,change_12m_raw_share|volatility_12m_raw_share,level_pctl_10y
china_east,1988-06,4,2016-02,0.360413,2,change_12m_raw_share|volatility_12m_raw_share,level_pctl_10y
china_east,1988-06,5,1984-12,0.361251,3,level_pctl_10y|change_12m_raw_share|volatility_12m_raw_share,
china_east,1988-07,1,1987-02,0.1117,3,level_pctl_10y|change_12m_raw_share|volatility_12m_raw_share,
china_east,1988-07,2,2016-10,0.11393,2,change_12m_raw_share|volatility_12m_raw_share,level_pctl_10y
china_east,1988-07,3,1986-08,0.120626,3,level_pctl_10y|change_12m_raw_share|volatility_12m_raw_share,
china_east,1988-07,4,1993-11,0.143266,3,level_pctl_10y|change_12m_raw_share|volatility_12m_raw_share,
china_east,1988-07,5,2016-08,0.157304,2,change_12m_raw_share|volatility_12m_raw_share,level_pctl_10y
china_east,1988-08,1,1994-03,0.062959,3,level_pctl_10y|change_12m_raw_share|volatility_12m_raw_share,
china_east,1988-08,2,2016-10,0.127177,2,change_12m_raw_share|volatility_12m_raw_share,level_pctl_10y
china_east,1988-08,3,1994-05,0.139573,3,level_pctl_10y|change_12m_raw_share|volatility_12m_raw_share,
china_east,1988-08,4,1986-07,0.14709,3,level_pctl_10y|change_12m_raw_share|volatility_12m_raw_share,
china_east,1988-08,5,1987-01,0.165396,3,level_pctl_10y|change_12m_raw_share|volatility_12m_raw_share,
china_east,1988-09,1,1985-07,0.072234,3,level_pctl_10y|change_12m_raw_share|volatility_12m_raw_share,
china_east,1988-09,2,1991-03,0.109103,3,level_pctl_10y|change_12m_raw_share|volatility_12m_raw_share,
china_east,1988-09,3,2017-05,0.118695,2,change_12m_raw_share|volatility_12m_raw_share,level_pctl_10y
china_east,1988-09,4,2016-03,0.134188,2,change_12m_raw_share|volatility_12m_raw_share,level_pctl_10y
china_east,1988-09,5,1985-01,0.134658,3,level_pctl_10y|change_12m_raw_share|volatility_12m_raw_share,
china_east,1988-10,1,2016-04,0.081775,2,change_12m_raw_share|volatility_12m_raw_share,level_pctl_10y
china_east,1988-10,2,2016-01,0.128277,2,change_12m_raw_share|volatility_12m_raw_share,level_pctl_10y
china_east,1988-10,3,1981-04,0.138931,2,change_12m_raw_share|volatility_12m_raw_share,level_pctl_10y
china_east,1988-10,4,2015-12,0.159443,2,change_12m_raw_share|volatility_12m_raw_share,level_pctl_10y
china_east,1988-10,5,2016-12,0.187671,2,change_12m_raw_share|volatility_12m_raw_share,level_pctl_10y
china_east,1988-11,1,2002-03,0.226541,3,level_pctl_10y|change_12m_raw_share|volatility_12m_raw_share,
china_east,1988-11,2,2005-04,0.235938,3,level_pctl_10y|change_12m_raw_share|volatility_12m_raw_share,
china_east,1988-11,3,2013-05,0.280108,3,level_pctl_10y|change_12m_raw_share|volatility_12m_raw_share,
china_east,1988-11,4,2003-04,0.287121,3,level_pctl_10y|change_12m_raw_share|volatility_12m_raw_share,
china_east,1988-11,5,1996-11,0.486691,3,level_pctl_10y|change_12m_raw_share|volatility_12m_raw_share,
china_east,1988-12,1,2009-10,4.987325,3,level_pctl_10y|change_12m_raw_share|volatility_12m_raw_share,
china_east,1988-12,2,2003-06,5.833965,3,level_pctl_10y|change_12m_raw_share|volatility_12m_raw_share,
china_east,1988-12,3,1999-06,5.839986,3,level_pctl_10y|change_12m_raw_share|volatility_12m_raw_share,
china_east,1988-12,4,2006-11,5.941268,3,level_pctl_10y|change_12m_raw_share|volatility_12m_raw_share,
china_east,1988-12,5,2008-01,6.235393,3,level_pctl_10y|change_12m_raw_share|volatility_12m_raw_share,
china_east,1989-01,1,1989-10,0.827859,3,level_pctl_10y|change_12m_raw_share|volatility_12m_raw_share,
china_east,1989-01,2,1989-09,1.527896,3,level_pctl_10y|change_12m_raw_share|volatility_12m_raw_share,
china_east,1989-01,3,1989-08,1.666691,3,level_pctl_10y|change_12m_raw_share|volatility_12m_raw_share,
china_east,1989-01,4,2010-01,2.411785,3,level_pctl_10y|change_12m_raw_share|volatility_12m_raw_share,
china_east,1989-01,5,2009-12,2.414565,3,level_pctl_10y|change_12m_raw_share|volatility_12m_raw_share,
china_east,1989-02,1,1989-10,0.853458,3,level_pctl_10y|change_12m_raw_share|volatility_12m_raw_share,
china_east,1989-02,2,1989-09,1.45344,3,level_pctl_10y|change_12m_raw_share|volatility_12m_raw_share,
china_east,1989-02,3,2010-01,2.375829,3,level_pctl_10y|change_12m_raw_share|volatility_12m_raw_share,
china_east,1989-02,4,2009-12,2.379448,3,level_pctl_10y|change_12m_raw_share|volatility_12m_raw_share,
china_east,1989-02,5,2010-08,2.502955,3,level_pctl_10y|change_12m_raw_share|volatility_12m_raw_share,
china_east,1989-03,1,1989-10,1.260497,3,level_pctl_10y|change_12m_raw_share|volatility_12m_raw_share,
china_east,1989-03,2,2009-11,2.35892,3,level_pctl_10y|change_12m_raw_share|volatility_12m_raw_share,
china_east,1989-03,3,2010-04,2.360435,3,level_pctl_10y|change_12m_raw_share|volatility_12m_raw_share,
china_east,1989-03,4,2010-05,2.427575,3,level_pctl_10y|change_12m_raw_share|volatility_12m_raw_share,
china_east,1989-03,5,2010-01,2.736991,3,level_pctl_10y|change_12m_raw_share|volatility_12m_raw_share,
china_east,1989-04,1,1989-11,1.945414,3,level_pctl_10y|change_12m_raw_share|volatility_12m_raw_share,
china_east,1989-04,2,2009-12,2.340391,3,level_pctl_10y|change_12m_raw_share|volatility_12m_raw_share,
china_east,1989-04,3,2010-01,2.347008,3,level_pctl_10y|change_12m_raw_share|volatility_12m_raw_share,
china_east,1989-04,4,2010-08,2.362957,3,level_pctl_10y|change_12m_raw_share|volatility_12m_raw_share,
china_east,1989-04,5,2010-07,2.389427,3,level_pctl_10y|change_12m_raw_share|volatility_12m_raw_share,
china_east,1989-05,1,2009-12,2.363801,3,level_pctl_10y|change_12m_raw_share|volatility_12m_raw_share,
china_east,1989-05,2,2010-01,2.366323,3,level_pctl_10y|change_12m_raw_share|volatility_12m_raw_share,
china_east,1989-05,3,2010-04,2.411865,3,level_pctl_10y|change_12m_raw_share|volatility_12m_raw_share,
china_east,1989-05,4,2010-05,2.435828,3,level_pctl_10y|change_12m_raw_share|volatility_12m_raw_share,
china_east,1989-05,5,2010-08,2.521385,3,level_pctl_10y|change_12m_raw_share|volatility_12m_raw_share,
china_east,1989-06,1,2010-02,2.323473,3,level_pctl_10y|change_12m_raw_share|volatility_12m_raw_share,
china_east,1989-06,2,2010-07,2.325772,3,level_pctl_10y|change_12m_raw_share|volatility_12m_raw_share,
china_east,1989-06,3,2010-01,2.371516,3,level_pctl_10y|change_12m_raw_share|volatility_12m_raw_share,
china_east,1989-06,4,2010-08,2.397462,3,level_pctl_10y|change_12m_raw_share|volatility_12m_raw_share,
china_east,1989-06,5,2010-06,2.400324,3,level_pctl_10y|change_12m_raw_share|volatility_12m_raw_share,
china_east,1989-07,1,2009-12,2.268277,3,level_pctl_10y|change_12m_raw_share|volatility_12m_raw_share,
china_east,1989-07,2,2010-01,2.293086,3,level_pctl_10y|change_12m_raw_share|volatility_12m_raw_share,
china_east,1989-07,3,2010-08,2.317868,3,level_pctl_10y|change_12m_raw_share|volatility_12m_raw_share,
china_east,1989-07,4,2010-09,2.397608,3,level_pctl_10y|change_12m_raw_share|volatility_12m_raw_share,
china_east,1989-07,5,2010-07,2.403663,3,level_pctl_10y|change_12m_raw_share|volatility_12m_raw_share,
china_east,1989-08,1,1989-01,1.666691,3,level_pctl_10y|change_12m_raw_share|volatility_12m_raw_share,
china_east,1989-08,2,2010-06,2.363426,3,level_pctl_10y|change_12m_raw_share|volatility_12m_raw_share,
china_east,1989-08,3,2010-02,2.363776,3,level_pctl_10y|change_12m_raw_share|volatility_12m_raw_share,
china_east,1989-08,4,2010-07,2.422847,3,level_pctl_10y|change_12m_raw_share|volatility_12m_raw_share,
china_east,1989-08,5,2010-08,2.531464,3,level_pctl_10y|change_12m_raw_share|volatility_12m_raw_share,
china_east,1989-09,1,1989-02,1.45344,3,level_pctl_10y|change_12m_raw_share|volatility_12m_raw_share,
china_east,1989-09,2,1989-01,1.527896,3,level_pctl_10y|change_12m_raw_share|volatility_12m_raw_share,
china_east,1989-09,3,2010-02,2.326604,3,level_pctl_10y|change_12m_raw_share|volatility_12m_raw_share,
china_east,1989-09,4,2010-06,2.377579,3,level_pctl_10y|change_12m_raw_share|volatility_12m_raw_share,
china_east,1989-09,5,2010-07,2.394737,3,level_pctl_10y|change_12m_raw_share|volatility_12m_raw_share,
china_east,1989-10,1,1989-01,0.827859,3,level_pctl_10y|change_12m_raw_share|volatility_12m_raw_share,
china_east,1989-10,2,1989-02,0.853458,3,level_pctl_10y|change_12m_raw_share|volatility_12m_raw_share,
china_east,1989-10,3,1989-03,1.260497,3,level_pctl_10y|change_12m_raw_share|volatility_12m_raw_share,
china_east,1989-10,4,2009-12,2.440433,3,level_pctl_10y|change_12m_raw_share|volatility_12m_raw_share,
china_east,1989-10,5,2010-01,2.551082,3,level_pctl_10y|change_12m_raw_share|volatility_12m_raw_share,
china_east,1989-11,1,1989-04,1.945414,3,level_pctl_10y|change_12m_raw_share|volatility_12m_raw_share,
china_east,1989-11,2,1989-02,2.590577,3,level_pctl_10y|change_12m_raw_share|volatility_12m_raw_share,
china_east,1989-11,3,1989-01,2.65003,3,level_pctl_10y|change_12m_raw_share|volatility_12m_raw_share,
china_east,1989-11,4,2010-09,2.775073,3,level_pctl_10y|change_12m_raw_share|volatility_12m_raw_share,
china_east,1989-11,5,2010-06,2.878636,3,level_pctl_10y|change_12m_raw_share|volatility_12m_raw_share,
china_east,1989-12,1,2010-10,4.107104,3,level_pctl_10y|change_12m_raw_share|volatility_12m_raw_share,
china_east,1989-12,2,2009-01,4.436303,3,level_pctl_10y|change_12m_raw_share|volatility_12m_raw_share,
china_east,1989-12,3,2000-06,4.493067,3,level_pctl_10y|change_12m_raw_share|volatility_12m_raw_share,
china_east,1989-12,4,2004-06,4.833007,3,level_pctl_10y|change_12m_raw_share|volatility_12m_raw_share,
china_east,1989-12,5,2015-09,5.071161,2,change_12m_raw_share|volatility_12m_raw_share,level_pctl_10y
china_east,1990-01,1,2015-10,0.123317,2,change_12m_raw_share|volatility_12m_raw_share,level_pctl_10y
china_east,1990-01,2,1996-03,0.1275,3,level_pctl_10y|change_12m_raw_share|volatility_12m_raw_share,
china_east,1990-01,3,2015-11,0.150166,2,change_12m_raw_share|volatility_12m_raw_share,level_pctl_10y
china_east,1990-01,4,1993-10,0.174032,3,level_pctl_10y|change_12m_raw_share|volatility_12m_raw_share,
china_east,1990-01,5,1987-07,0.17407,3,level_pctl_10y|change_12m_raw_share|volatility_12m_raw_share,
china_east,1990-02,1,2015-10,0.117804,2,change_12m_raw_share|volatility_12m_raw_share,level_pctl_10y
china_east,1990-02,2,1996-03,0.120993,3,level_pctl_10y|change_12m_raw_share|volatility_12m_raw_share,
china_east,1990-02,3,2015-11,0.143489,2,change_12m_raw_share|volatility_12m_raw_share,level_pctl_10y
china_east,1990-02,4,2016-03,0.167908,2,change_12m_raw_share|volatility_12m_raw_share,level_pctl_10y
china_east,1990-02,5,1988-02,0.179603,3,level_pctl_10y|change_12m_raw_share|volatility_12m_raw_share,
china_east,1990-03,1,1981-05,0.114819,2,change_12m_raw_share|volatility_12m_raw_share,level_pctl_10y
china_east,1990-03,2,2016-05,0.167545,2,change_12m_raw_share|volatility_12m_raw_share,level_pctl_10y
china_east,1990-03,3,2016-02,0.213796,2,change_12m_raw_share|volatility_12m_raw_share,level_pctl_10y
china_east,1990-03,4,1981-03,0.315813,2,change_12m_raw_share|volatility_12m_raw_share,level_pctl_10y
china_east,1990-03,5,1980-10,0.376482,2,change_12m_raw_share|volatility_12m_raw_share,level_pctl_10y
china_east,1990-04,1,2016-11,0.050661,2,change_12m_raw_share|volatility_12m_raw_share,level_pctl_10y
china_east,1990-04,2,1991-06,0.077106,3,level_pctl_10y|change_12m_raw_share|volatility_12m_raw_share,
china_east,1990-04,3,2016-07,0.082594,2,change_12m_raw_share|volatility_12m_raw_share,level_pctl_10y
china_east,1990-04,4,2016-09,0.097991,2,change_12m_raw_share|volatility_12m_raw_share,level_pctl_10y
china_east,1990-04,5,2017-01,0.110859,2,change_12m_raw_share|volatility_12m_raw_share,level_pctl_10y
china_east,1990-05,1,2017-05,0.141563,2,change_12m_raw_share|volatility_12m_raw_share,level_pctl_10y
china_east,1990-05,2,2012-11,0.179707,3,level_pctl_10y|change_12m_raw_share|volatility_12m_raw_share,
china_east,1990-05,3,1983-07,0.206348,2,change_12m_raw_share|volatility_12m_raw_share,level_pctl_10y
china_east,1990-05,4,1986-03,0.213788,3,level_pctl_10y|change_12m_raw_share|volatility_12m_raw_share,
china_east,1990-05,5,2019-04,0.21944,3,level_pctl_10y|change_12m_raw_share|volatility_12m_raw_share,
china_east,1990-06,1,2016-09,0.025916,2,change_12m_raw_share|volatility_12m_raw_share,level_pctl_10y
china_east,1990-06,2,2017-01,0.029394,2,change_12m_raw_share|volatility_12m_raw_share,level_pctl_10y
china_east,1990-06,3,2016-07,0.036018,2,change_12m_raw_share|volatility_12m_raw_share,level_pctl_10y
china_east,1990-06,4,2016-11,0.053756,2,change_12m_raw_share|volatility_12m_raw_share,level_pctl_10y
china_east,1990-06,5,2013-02,0.074379,3,level_pctl_10y|change_12m_raw_share|volatility_12m_raw_share,
china_east,1990-07,1,2017-05,0.117437,2,change_12m_raw_share|volatility_12m_raw_share,level_pctl_10y
china_east,1990-07,2,1983-07,0.149811,2,change_12m_raw_share|volatility_12m_raw_share,level_pctl_10y
china_east,1990-07,3,1995-07,0.157994,3,level_pctl_10y|change_12m_raw_share|volatility_12m_raw_share,
china_east,1990-07,4,2005-03,0.183462,3,level_pctl_10y|change_12m_raw_share|volatility_12m_raw_share,
china_east,1990-07,5,1991-03,0.187512,3,level_pctl_10y|change_12m_raw_share|volatility_12m_raw_share,
china_east,1990-08,1,1993-06,0.074949,3,level_pctl_10y|change_12m_raw_share|volatility_12m_raw_share,
china_east,1990-08,2,2017-04,0.137748,2,change_12m_raw_share|volatility_12m_raw_share,level_pctl_10y
china_east,1990-08,3,1995-12,0.189504,3,level_pctl_10y|change_12m_raw_share|volatility_12m_raw_share,
china_east,1990-08,4,2006-05,0.210323,3,level_pctl_10y|change_12m_raw_share|volatility_12m_raw_share,
china_east,1990-08,5,2019-10,0.237962,3,level_pctl_10y|change_12m_raw_share|volatility_12m_raw_share,
china_east,1990-09,1,2016-04,0.078013,2,change_12m_raw_share|volatility_12m_raw_share,level_pctl_10y
china_east,1990-09,2,1991-06,0.136279,3,level_pctl_10y|change_12m_raw_share|volatility_12m_raw_share,
china_east,1990-09,3,2016-01,0.148827,2,change_12m_raw_share|volatility_12m_raw_share,level_pctl_10y
china_east,1990-09,4,1987-04,0.151812,3,level_pctl_10y|change_12m_raw_share|volatility_12m_raw_share,
china_east,1990-09,5,1981-04,0.157998,2,change_12m_raw_share|volatility_12m_raw_share,level_pctl_10y
china_east,1990-10,1,2017-05,0.051981,2,change_12m_raw_share|volatility_12m_raw_share,level_pctl_10y
china_east,1990-10,2,2015-10,0.157238,2,change_12m_raw_share|volatility_12m_raw_share,level_pctl_10y
china_east,1990-10,3,1985-10,0.160247,3,level_pctl_10y|change_12m_raw_share|volatility_12m_raw_share,
china_east,1990-10,4,2015-11,0.17474,2,change_12m_raw_share|volatility_12m_raw_share,level_pctl_10y
china_east,1990-10,5,2016-03,0.184761,2,change_12m_raw_share|volatility_12m_raw_share,level_pctl_10y
china_east,1990-11,1,1991-07,0.074093,3,level_pctl_10y|change_12m_raw_share|volatility_12m_raw_share,
china_east,1990-11,2,2016-11,0.124914,2,change_12m_raw_share|volatility_12m_raw_share,level_pctl_10y
china_east,1990-11,3,1993-07,0.139061,3,level_pctl_10y|change_12m_raw_share|volatility_12m_raw_share,
china_east,1990-11,4,2016-01,0.141043,2,change_12m_raw_share|volatility_12m_raw_share,level_pctl_10y
china_east,1990-11,5,2016-07,0.143317,2,change_12m_raw_share|volatility_12m_raw_share,level_pctl_10y
china_east,1990-12,1,2017-05,0.135716,2,change_12m_raw_share|volatility_12m_raw_share,level_pctl_10y
china_east,1990-12,2,2016-11,0.14102,2,change_12m_raw_share|volatility_12m_raw_share,level_pctl_10y
china_east,1990-12,3,2016-03,0.14621,2,change_12m_raw_share|volatility_12m_raw_share,level_pctl_10y
china_east,1990-12,4,1986-10,0.154801,3,level_pctl_10y|change_12m_raw_share|volatility_12m_raw_share,
china_east,1990-12,5,2015-11,0.163043,2,change_12m_raw_share|volatility_12m_raw_share,level_pctl_10y
china_east,1991-01,1,1994-04,0.095571,3,level_pctl_10y|change_12m_raw_share|volatility_12m_raw_share,
china_east,1991-01,2,1986-02,0.100515,3,level_pctl_10y|change_12m_raw_share|volatility_12m_raw_share,
china_east,1991-01,3,1985-04,0.10741,3,level_pctl_10y|change_12m_raw_share|volatility_12m_raw_share,
china_east,1991-01,4,1985-02,0.107802,3,level_pctl_10y|change_12m_raw_share|volatility_12m_raw_share,
china_east,1991-01,5,1985-01,0.113856,3,level_pctl_10y|change_12m_raw_share|volatility_12m_raw_share,
china_east,1991-02,1,2016-06,0.110371,2,change_12m_raw_share|volatility_12m_raw_share,level_pctl_10y
china_east,1991-02,2,2016-08,0.110798,2,change_12m_raw_share|volatility_12m_raw_share,level_pctl_10y
china_east,1991-02,3,1994-02,0.115275,3,level_pctl_10y|change_12m_raw_share|volatility_12m_raw_share,
china_east,1991-02,4,2016-12,0.118735,2,change_12m_raw_share|volatility_12m_raw_share,level_pctl_10y
china_east,1991-02,5,2016-10,0.143691,2,change_12m_raw_share|volatility_12m_raw_share,level_pctl_10y
china_east,1991-03,1,2017-05,0.048321,2,change_12m_raw_share|volatility_12m_raw_share,level_pctl_10y
china_east,1991-03,2,1988-09,0.109103,3,level_pctl_10y|change_12m_raw_share|volatility_12m_raw_share,
china_east,1991-03,3,2015-10,0.172416,2,change_12m_raw_share|volatility_12m_raw_share,level_pctl_10y
china_east,1991-03,4,2016-03,0.175866,2,change_12m_raw_share|volatility_12m_raw_share,level_pctl_10y
china_east,1991-03,5,1985-07,0.176987,3,level_pctl_10y|change_12m_raw_share|volatility_12m_raw_share,
china_east,1991-04,1,2017-05,0.12548,2,change_12m_raw_share|volatility_12m_raw_share,level_pctl_10y
china_east,1991-04,2,2016-11,0.13543,2,change_12m_raw_share|volatility_12m_raw_share,level_pctl_10y
china_east,1991-04,3,2016-03,0.159489,2,change_12m_raw_share|volatility_12m_raw_share,level_pctl_10y
china_east,1991-04,4,2016-07,0.17094,2,change_12m_raw_share|volatility_12m_raw_share,level_pctl_10y
china_east,1991-04,5,2015-11,0.174102,2,change_12m_raw_share|volatility_12m_raw_share,level_pctl_10y
china_east,1991-05,1,2016-12,0.111092,2,change_12m_raw_share|volatility_12m_raw_share,level_pctl_10y
china_east,1991-05,2,2017-01,0.133728,2,change_12m_raw_share|volatility_12m_raw_share,level_pctl_10y
china_east,1991-05,3,2017-02,0.143261,2,change_12m_raw_share|volatility_12m_raw_share,level_pctl_10y
china_east,1991-05,4,2016-09,0.148679,2,change_12m_raw_share|volatility_12m_raw_share,level_pctl_10y
china_east,1991-05,5,2016-04,0.154818,2,change_12m_raw_share|volatility_12m_raw_share,level_pctl_10y
china_east,1991-06,1,1990-04,0.077106,3,level_pctl_10y|change_12m_raw_share|volatility_12m_raw_share,
china_east,1991-06,2,1990-06,0.092983,3,level_pctl_10y|change_12m_raw_share|volatility_12m_raw_share,
china_east,1991-06,3,1987-04,0.099953,3,level_pctl_10y|change_12m_raw_share|volatility_12m_raw_share,
china_east,1991-06,4,2016-11,0.106247,2,change_12m_raw_share|volatility_12m_raw_share,level_pctl_10y
china_east,1991-06,5,2017-01,0.117736,2,change_12m_raw_share|volatility_12m_raw_share,level_pctl_10y
china_east,1991-07,1,1990-11,0.074093,3,level_pctl_10y|change_12m_raw_share|volatility_12m_raw_share,
china_east,1991-07,2,2016-11,0.100525,2,change_12m_raw_share|volatility_12m_raw_share,level_pctl_10y
china_east,1991-07,3,2016-07,0.11798,2,change_12m_raw_share|volatility_12m_raw_share,level_pctl_10y
china_east,1991-07,4,2016-09,0.120583,2,change_12m_raw_share|volatility_12m_raw_share,level_pctl_10y
china_east,1991-07,5,2017-01,0.12228,2,change_12m_raw_share|volatility_12m_raw_share,level_pctl_10y
china_east,1991-08,1,2016-05,0.257447,2,change_12m_raw_share|volatility_12m_raw_share,level_pctl_10y
china_east,1991-08,2,1981-05,0.367245,2,change_12m_raw_share|volatility_12m_raw_share,level_pctl_10y
china_east,1991-08,3,1988-06,0.397718,3,level_pctl_10y|change_12m_raw_share|volatility_12m_raw_share,
china_east,1991-08,4,2004-11,0.447505,3,level_pctl_10y|change_12m_raw_share|volatility_12m_raw_share,
china_east,1991-08,5,2013-03,0.450177,3,level_pctl_10y|change_12m_raw_share|volatility_12m_raw_share,
china_east,1991-09,1,1983-07,0.05625,2,change_12m_raw_share|volatility_12m_raw_share,level_pctl_10y
china_east,1991-09,2,1995-02,0.074413,3,level_pctl_10y|change_12m_raw_share|volatility_12m_raw_share,
china_east,1991-09,3,2005-03,0.120477,3,level_pctl_10y|change_12m_raw_share|volatility_12m_raw_share,
china_east,1991-09,4,1995-07,0.124564,3,level_pctl_10y|change_12m_raw_share|volatility_12m_raw_share,
china_east,1991-09,5,1983-08,0.127732,2,change_12m_raw_share|volatility_12m_raw_share,level_pctl_10y
china_east,1991-10,1,1983-07,0.068146,2,change_12m_raw_share|volatility_12m_raw_share,level_pctl_10y
china_east,1991-10,2,2004-12,0.118539,3,level_pctl_10y|change_12m_raw_share|volatility_12m_raw_share,
china_east,1991-10,3,1983-08,0.154868,2,change_12m_raw_share|volatility_12m_raw_share,level_pctl_10y
china_east,1991-10,4,2012-04,0.155069,3,level_pctl_10y|change_12m_raw_share|volatility_12m_raw_share,
china_east,1991-10,5,2012-11,0.159481,3,level_pctl_10y|change_12m_raw_share|volatility_12m_raw_share,
china_east,1991-11,1,1983-08,0.064677,2,change_12m_raw_share|volatility_12m_raw_share,level_pctl_10y
china_east,1991-11,2,2019-05,0.096924,3,level_pctl_10y|change_12m_raw_share|volatility_12m_raw_share,
china_east,1991-11,3,1983-06,0.13326,2,change_12m_raw_share|volatility_12m_raw_share,level_pctl_10y
china_east,1991-11,4,2005-03,0.138466,3,level_pctl_10y|change_12m_raw_share|volatility_12m_raw_share,
china_east,1991-11,5,1998-01,0.138793,3,level_pctl_10y|change_12m_raw_share|volatility_12m_raw_share,
china_east,1991-12,1,1983-10,0.135173,2,change_12m_raw_share|volatility_12m_raw_share,level_pctl_10y
china_east,1991-12,2,2013-05,0.325256,3,level_pctl_10y|change_12m_raw_share|volatility_12m_raw_share,
china_east,1991-12,3,2019-10,0.380104,3,level_pctl_10y|change_12m_raw_share|volatility_12m_raw_share,
china_east,1991-12,4,1996-11,0.402028,3,level_pctl_10y|change_12m_raw_share|volatility_12m_raw_share,
china_east,1991-12,5,1983-11,0.419216,2,change_12m_raw_share|volatility_12m_raw_share,level_pctl_10y
china_east,1992-01,1,2011-07,0.069965,3,level_pctl_10y|change_12m_raw_share|volatility_12m_raw_share,
china_east,1992-01,2,1993-03,0.118602,3,level_pctl_10y|change_12m_raw_share|volatility_12m_raw_share,
china_east,1992-01,3,1980-04,0.120801,2,change_12m_raw_share|volatility_12m_raw_share,level_pctl_10y
china_east,1992-01,4,1980-11,0.132457,2,change_12m_raw_share|volatility_12m_raw_share,level_pctl_10y
china_east,1992-01,5,1980-12,0.132457,2,change_12m_raw_share|volatility_12m_raw_share,level_pctl_10y
china_east,1992-02,1,1993-04,0.061871,3,level_pctl_10y|change_12m_raw_share|volatility_12m_raw_share,
china_east,1992-02,2,1980-07,0.082442,2,change_12m_raw_share|volatility_12m_raw_share,level_pctl_10y
china_east,1992-02,3,2011-07,0.130919,3,level_pctl_10y|change_12m_raw_share|volatility_12m_raw_share,
china_east,1992-02,4,2000-09,0.155633,3,level_pctl_10y|change_12m_raw_share|volatility_12m_raw_share,
china_east,1992-02,5,2011-09,0.160665,3,level_pctl_10y|change_12m_raw_share|volatility_12m_raw_share,
china_east,1992-03,1,2011-07,0.061563,3,level_pctl_10y|change_12m_raw_share|volatility_12m_raw_share,
china_east,1992-03,2,1993-03,0.096284,3,level_pctl_10y|change_12m_raw_share|volatility_12m_raw_share,
china_east,1992-03,3,1980-04,0.108063,2,change_12m_raw_share|volatility_12m_raw_share,level_pctl_10y
china_east,1992-03,4,1983-02,0.114673,2,change_12m_raw_share|volatility_12m_raw_share,level_pctl_10y
china_east,1992-03,5,1980-11,0.123216,2,change_12m_raw_share|volatility_12m_raw_share,level_pctl_10y
china_east,1992-04,1,1983-01,0.023402,2,change_12m_raw_share|volatility_12m_raw_share,level_pctl_10y
china_east,1992-04,2,1983-03,0.030551,2,change_12m_raw_share|volatility_12m_raw_share,level_pctl_10y
china_east,1992-04,3,1983-04,0.070412,2,change_12m_raw_share|volatility_12m_raw_share,level_pctl_10y
china_east,1992-04,4,1981-02,0.1449,2,change_12m_raw_share|volatility_12m_raw_share,level_pctl_10y
china_east,1992-04,5,1980-03,0.195023,2,change_12m_raw_share|volatility_12m_raw_share,level_pctl_10y
china_east,1992-05,1,1996-11,0.131321,3,level_pctl_10y|change_12m_raw_share|volatility_12m_raw_share,
china_east,1992-05,2,2001-01,0.316787,3,level_pctl_10y|change_12m_raw_share|volatility_12m_raw_share,
china_east,1992-05,3,2013-05,0.335974,3,level_pctl_10y|change_12m_raw_share|volatility_12m_raw_share,
china_east,1992-05,4,1983-11,0.343794,2,change_12m_raw_share|volatility_12m_raw_share,level_pctl_10y
china_east,1992-05,5,2017-08,0.355617,3,level_pctl_10y|change_12m_raw_share|volatility_12m_raw_share,
china_east,1992-06,1,1982-11,0.073031,2,change_12m_raw_share|volatility_12m_raw_share,level_pctl_10y
china_east,1992-06,2,2002-02,0.118471,3,level_pctl_10y|change_12m_raw_share|volatility_12m_raw_share,
china_east,1992-06,3,1982-09,0.125685,2,change_12m_raw_share|volatility_12m_raw_share,level_pctl_10y
china_east,1992-06,4,1982-08,0.153908,2,change_12m_raw_share|volatility_12m_raw_share,level_pctl_10y
china_east,1992-06,5,1997-07,0.157257,3,level_pctl_10y|change_12m_raw_share|volatility_12m_raw_share,
china_east,1992-07,1,1982-11,0.066676,2,change_12m_raw_share|volatility_12m_raw_share,level_pctl_10y
china_east,1992-07,2,1982-08,0.073266,2,change_12m_raw_share|volatility_12m_raw_share,level_pctl_10y
china_east,1992-07,3,1997-01,0.097269,3,level_pctl_10y|change_12m_raw_share|volatility_12m_raw_share,
china_east,1992-07,4,1997-07,0.108498,3,level_pctl_10y|change_12m_raw_share|volatility_12m_raw_share,
china_east,1992-07,5,2005-06,0.113037,3,level_pctl_10y|change_12m_raw_share|volatility_12m_raw_share,
china_east,1992-08,1,2006-01,0.119812,3,level_pctl_10y|change_12m_raw_share|volatility_12m_raw_share,
china_east,1992-08,2,1997-08,0.192383,3,level_pctl_10y|change_12m_raw_share|volatility_12m_raw_share,
china_east,1992-08,3,1997-03,0.217928,3,level_pctl_10y|change_12m_raw_share|volatility_12m_raw_share,
china_east,1992-08,4,1997-04,0.260178,3,level_pctl_10y|change_12m_raw_share|volatility_12m_raw_share,
china_east,1992-08,5,2006-03,0.283049,3,level_pctl_10y|change_12m_raw_share|volatility_12m_raw_share,
china_east,1992-09,1,1982-11,0.06976,2,change_12m_raw_share|volatility_12m_raw_share,level_pctl_10y
china_east,1992-09,2,1997-07,0.070587,3,level_pctl_10y|change_12m_raw_share|volatility_12m_raw_share,
china_east,1992-09,3,1982-08,0.082803,2,change_12m_raw_share|volatility_12m_raw_share,level_pctl_10y
china_east,1992-09,4,1997-01,0.129,3,level_pctl_10y|change_12m_raw_share|volatility_12m_raw_share,
china_east,1992-09,5,2005-06,0.147287,3,level_pctl_10y|change_12m_raw_share|volatility_12m_raw_share,
china_east,1992-10,1,1997-08,0.142616,3,level_pctl_10y|change_12m_raw_share|volatility_12m_raw_share,
china_east,1992-10,2,1997-09,0.281212,3,level_pctl_10y|change_12m_raw_share|volatility_12m_raw_share,
china_east,1992-10,3,2006-01,0.281921,3,level_pctl_10y|change_12m_raw_share|volatility_12m_raw_share,
china_east,1992-10,4,1983-01,0.282492,2,change_12m_raw_share|volatility_12m_raw_share,level_pctl_10y
china_east,1992-10,5,2005-09,0.289017,3,level_pctl_10y|change_12m_raw_share|volatility_12m_raw_share,
china_east,1992-11,1,1982-11,0.070243,2,change_12m_raw_share|volatility_12m_raw_share,level_pctl_10y
china_east,1992-11,2,1982-08,0.084036,2,change_12m_raw_share|volatility_12m_raw_share,level_pctl_10y
china_east,1992-11,3,1997-01,0.102921,3,level_pctl_10y|change_12m_raw_share|volatility_12m_raw_share,
china_east,1992-11,4,1997-07,0.106999,3,level_pctl_10y|change_12m_raw_share|volatility_12m_raw_share,
china_east,1992-11,5,2005-06,0.113142,3,level_pctl_10y|change_12m_raw_share|volatility_12m_raw_share,
china_east,1992-12,1,1982-12,0.193397,2,change_12m_raw_share|volatility_12m_raw_share,level_pctl_10y
china_east,1992-12,2,1980-09,0.281888,2,change_12m_raw_share|volatility_12m_raw_share,level_pctl_10y
china_east,1992-12,3,2009-06,0.282167,3,level_pctl_10y|change_12m_raw_share|volatility_12m_raw_share,
china_east,1992-12,4,2004-07,0.3367,3,level_pctl_10y|change_12m_raw_share|volatility_12m_raw_share,
china_east,1992-12,5,1981-03,0.346973,2,change_12m_raw_share|volatility_12m_raw_share,level_pctl_10y
china_east,1993-01,1,1980-04,0.043647,2,change_12m_raw_share|volatility_12m_raw_share,level_pctl_10y
china_east,1993-01,2,1980-11,0.058887,2,change_12m_raw_share|volatility_12m_raw_share,level_pctl_10y
china_east,1993-01,3,1980-12,0.058887,2,change_12m_raw_share|volatility_12m_raw_share,level_pctl_10y
china_east,1993-01,4,1981-01,0.058887,2,change_12m_raw_share|volatility_12m_raw_share,level_pctl_10y
china_east,1993-01,5,1983-02,0.061946,2,change_12m_raw_share|volatility_12m_raw_share,level_pctl_10y
china_east,1993-02,1,1980-04,0.034522,2,change_12m_raw_share|volatility_12m_raw_share,level_pctl_10y
china_east,1993-02,2,1980-11,0.051128,2,change_12m_raw_share|volatility_12m_raw_share,level_pctl_10y
china_east,1993-02,3,1980-12,0.051128,2,change_12m_raw_share|volatility_12m_raw_share,level_pctl_10y
china_east,1993-02,4,1981-01,0.051128,2,change_12m_raw_share|volatility_12m_raw_share,level_pctl_10y
china_east,1993-02,5,1983-02,0.06472,2,change_12m_raw_share|volatility_12m_raw_share,level_pctl_10y
china_east,1993-03,1,1980-04,0.020964,2,change_12m_raw_share|volatility_12m_raw_share,level_pctl_10y
china_east,1993-03,2,1980-11,0.043148,2,change_12m_raw_share|volatility_12m_raw_share,level_pctl_10y
china_east,1993-03,3,1980-12,0.043148,2,change_12m_raw_share|volatility_12m_raw_share,level_pctl_10y
china_east,1993-03,4,1981-01,0.043148,2,change_12m_raw_share|volatility_12m_raw_share,level_pctl_10y
china_east,1993-03,5,1983-02,0.070987,2,change_12m_raw_share|volatility_12m_raw_share,level_pctl_10y
china_east,1993-04,1,1980-07,0.051849,2,change_12m_raw_share|volatility_12m_raw_share,level_pctl_10y
china_east,1993-04,2,1992-02,0.061871,3,level_pctl_10y|change_12m_raw_share|volatility_12m_raw_share,
china_east,1993-04,3,2011-09,0.111962,3,level_pctl_10y|change_12m_raw_share|volatility_12m_raw_share,
china_east,1993-04,4,1992-01,0.146488,3,level_pctl_10y|change_12m_raw_share|volatility_12m_raw_share,
china_east,1993-04,5,1984-01,0.149034,3,level_pctl_10y|change_12m_raw_share|volatility_12m_raw_share,
china_east,1993-05,1,1983-05,0.162086,2,change_12m_raw_share|volatility_12m_raw_share,level_pctl_10y
china_east,1993-05,2,1981-03,0.402071,2,change_12m_raw_share|volatility_12m_raw_share,level_pctl_10y
china_east,1993-05,3,2011-12,0.429489,3,level_pctl_10y|change_12m_raw_share|volatility_12m_raw_share,
china_east,1993-05,4,2018-08,0.453498,3,level_pctl_10y|change_12m_raw_share|volatility_12m_raw_share,
china_east,1993-05,5,1988-06,0.475291,3,level_pctl_10y|change_12m_raw_share|volatility_12m_raw_share,
china_east,1993-06,1,1990-08,0.074949,3,level_pctl_10y|change_12m_raw_share|volatility_12m_raw_share,
china_east,1993-06,2,1995-12,0.132394,3,level_pctl_10y|change_12m_raw_share|volatility_12m_raw_share,
china_east,1993-06,3,2017-04,0.170959,2,change_12m_raw_share|volatility_12m_raw_share,level_pctl_10y
china_east,1993-06,4,2019-10,0.17659,3,level_pctl_10y|change_12m_raw_share|volatility_12m_raw_share,
china_east,1993-06,5,1998-04,0.201272,3,level_pctl_10y|change_12m_raw_share|volatility_12m_raw_share,
china_east,1993-07,1,2016-01,0.046957,2,change_12m_raw_share|volatility_12m_raw_share,level_pctl_10y
china_east,1993-07,2,1981-04,0.060354,2,change_12m_raw_share|volatility_12m_raw_share,level_pctl_10y
china_east,1993-07,3,2015-12,0.061349,2,change_12m_raw_share|volatility_12m_raw_share,level_pctl_10y
china_east,1993-07,4,2016-04,0.112065,2,change_12m_raw_share|volatility_12m_raw_share,level_pctl_10y
china_east,1993-07,5,1990-11,0.139061,3,level_pctl_10y|change_12m_raw_share|volatility_12m_raw_share,
china_east,1993-08,1,2016-04,0.057358,2,change_12m_raw_share|volatility_12m_raw_share,level_pctl_10y
china_east,1993-08,2,2016-01,0.063814,2,change_12m_raw_share|volatility_12m_raw_share,level_pctl_10y
china_east,1993-08,3,1981-04,0.073012,2,change_12m_raw_share|volatility_12m_raw_share,level_pctl_10y
china_east,1993-08,4,2015-12,0.10014,2,change_12m_raw_share|volatility_12m_raw_share,level_pctl_10y
china_east,1993-08,5,1980-11,0.202085,2,change_12m_raw_share|volatility_12m_raw_share,level_pctl_10y
china_east,1993-09,1,2016-04,0.051408,2,change_12m_raw_share|volatility_12m_raw_share,level_pctl_10y
china_east,1993-09,2,2019-12,0.118873,3,level_pctl_10y|change_12m_raw_share|volatility_12m_raw_share,
china_east,1993-09,3,2016-01,0.14864,2,change_12m_raw_share|volatility_12m_raw_share,level_pctl_10y
china_east,1993-09,4,1991-02,0.153758,3,level_pctl_10y|change_12m_raw_share|volatility_12m_raw_share,
china_east,1993-09,5,1981-04,0.154581,2,change_12m_raw_share|volatility_12m_raw_share,level_pctl_10y
china_east,1993-10,1,2016-02,0.095817,2,change_12m_raw_share|volatility_12m_raw_share,level_pctl_10y
china_east,1993-10,2,1981-05,0.117182,2,change_12m_raw_share|volatility_12m_raw_share,level_pctl_10y
china_east,1993-10,3,1987-07,0.146208,3,level_pctl_10y|change_12m_raw_share|volatility_12m_raw_share,
china_east,1993-10,4,1990-01,0.174032,3,level_pctl_10y|change_12m_raw_share|volatility_12m_raw_share,
china_east,1993-10,5,1988-01,0.190932,3,level_pctl_10y|change_12m_raw_share|volatility_12m_raw_share,
china_east,1993-11,1,1985-06,0.071331,3,level_pctl_10y|change_12m_raw_share|volatility_12m_raw_share,
china_east,1993-11,2,1987-02,0.130003,3,level_pctl_10y|change_12m_raw_share|volatility_12m_raw_share,
china_east,1993-11,3,1988-07,0.143266,3,level_pctl_10y|change_12m_raw_share|volatility_12m_raw_share,
china_east,1993-11,4,1985-09,0.157628,3,level_pctl_10y|change_12m_raw_share|volatility_12m_raw_share,
china_east,1993-11,5,2016-10,0.185446,2,change_12m_raw_share|volatility_12m_raw_share,level_pctl_10y
china_east,1993-12,1,2016-04,0.062186,2,change_12m_raw_share|volatility_12m_raw_share,level_pctl_10y
china_east,1993-12,2,2007-12,0.06431,3,level_pctl_10y|change_12m_raw_share|volatility_12m_raw_share,
china_east,1993-12,3,1985-05,0.115749,3,level_pctl_10y|change_12m_raw_share|volatility_12m_raw_share,
china_east,1993-12,4,2016-01,0.141206,2,change_12m_raw_share|volatility_12m_raw_share,level_pctl_10y
china_east,1993-12,5,1985-03,0.146053,3,level_pctl_10y|change_12m_raw_share|volatility_12m_raw_share,
china_east,1994-01,1,2016-04,0.070034,2,change_12m_raw_share|volatility_12m_raw_share,level_pctl_10y
china_east,1994-01,2,2019-12,0.08358,3,level_pctl_10y|change_12m_raw_share|volatility_12m_raw_share,
china_east,1994-01,3,2016-01,0.116237,2,change_12m_raw_share|volatility_12m_raw_share,level_pctl_10y
china_east,1994-01,4,1981-04,0.126487,2,change_12m_raw_share|volatility_12m_raw_share,level_pctl_10y
china_east,1994-01,5,2015-12,0.148784,2,change_12m_raw_share|volatility_12m_raw_share,level_pctl_10y
china_east,1994-02,1,2016-04,0.079952,2,change_12m_raw_share|volatility_12m_raw_share,level_pctl_10y
china_east,1994-02,2,1991-02,0.115275,3,level_pctl_10y|change_12m_raw_share|volatility_12m_raw_share,
china_east,1994-02,3,2016-01,0.150405,2,change_12m_raw_share|volatility_12m_raw_share,level_pctl_10y
china_east,1994-02,4,1981-04,0.159646,2,change_12m_raw_share|volatility_12m_raw_share,level_pctl_10y
china_east,1994-02,5,2019-12,0.161899,3,level_pctl_10y|change_12m_raw_share|volatility_12m_raw_share,
china_east,1994-03,1,1988-08,0.062959,3,level_pctl_10y|change_12m_raw_share|volatility_12m_raw_share,
china_east,1994-03,2,2016-10,0.161346,2,change_12m_raw_share|volatility_12m_raw_share,level_pctl_10y
china_east,1994-03,3,2007-12,0.164557,3,level_pctl_10y|change_12m_raw_share|volatility_12m_raw_share,
china_east,1994-03,4,1988-07,0.1945,3,level_pctl_10y|change_12m_raw_share|volatility_12m_raw_share,
china_east,1994-03,5,1986-07,0.20155,3,level_pctl_10y|change_12m_raw_share|volatility_12m_raw_share,
china_east,1994-04,1,1985-01,0.086922,3,level_pctl_10y|change_12m_raw_share|volatility_12m_raw_share,
china_east,1994-04,2,1991-01,0.095571,3,level_pctl_10y|change_12m_raw_share|volatility_12m_raw_share,
china_east,1994-04,3,1985-02,0.103808,3,level_pctl_10y|change_12m_raw_share|volatility_12m_raw_share,
china_east,1994-04,4,1985-04,0.104395,3,level_pctl_10y|change_12m_raw_share|volatility_12m_raw_share,
china_east,1994-04,5,1985-08,0.112045,3,level_pctl_10y|change_12m_raw_share|volatility_12m_raw_share,
china_east,1994-05,1,2007-12,0.114462,3,level_pctl_10y|change_12m_raw_share|volatility_12m_raw_share,
china_east,1994-05,2,1985-05,0.134559,3,level_pctl_10y|change_12m_raw_share|volatility_12m_raw_share,
china_east,1994-05,3,1988-08,0.139573,3,level_pctl_10y|change_12m_raw_share|volatility_12m_raw_share,
china_east,1994-05,4,2016-10,0.15569,2,change_12m_raw_share|volatility_12m_raw_share,level_pctl_10y
china_east,1994-05,5,2016-08,0.162541,2,change_12m_raw_share|volatility_12m_raw_share,level_pctl_10y
china_east,1994-06,1,2016-05,0.150881,2,change_12m_raw_share|volatility_12m_raw_share,level_pctl_10y
china_east,1994-06,2,1981-05,0.203724,2,change_12m_raw_share|volatility_12m_raw_share,level_pctl_10y
china_east,1994-06,3,2016-02,0.30528,2,change_12m_raw_share|volatility_12m_raw_share,level_pctl_10y
china_east,1994-06,4,1986-05,0.324109,3,level_pctl_10y|change_12m_raw_share|volatility_12m_raw_share,
china_east,1994-06,5,1986-03,0.329345,3,level_pctl_10y|change_12m_raw_share|volatility_12m_raw_share,
china_east,1994-07,1,2017-03,0.049599,2,change_12m_raw_share|volatility_12m_raw_share,level_pctl_10y
china_east,1994-07,2,2016-08,0.067618,2,change_12m_raw_share|volatility_12m_raw_share,level_pctl_10y
china_east,1994-07,3,2016-10,0.071861,2,change_12m_raw_share|volatility_12m_raw_share,level_pctl_10y
china_east,1994-07,4,2016-06,0.07232,2,change_12m_raw_share|volatility_12m_raw_share,level_pctl_10y
china_east,1994-07,5,1983-09,0.090775,2,change_12m_raw_share|volatility_12m_raw_share,level_pctl_10y
china_east,1994-08,1,2016-05,0.132757,2,change_12m_raw_share|volatility_12m_raw_share,level_pctl_10y
china_east,1994-08,2,1986-05,0.18496,3,level_pctl_10y|change_12m_raw_share|volatility_12m_raw_share,
china_east,1994-08,3,2013-03,0.191091,3,level_pctl_10y|change_12m_raw_share|volatility_12m_raw_share,
china_east,1994-08,4,2005-01,0.20045,3,level_pctl_10y|change_12m_raw_share|volatility_12m_raw_share,
china_east,1994-08,5,1986-03,0.21129,3,level_pctl_10y|change_12m_raw_share|volatility_12m_raw_share,
china_east,1994-09,1,1983-09,0.052168,2,change_12m_raw_share|volatility_12m_raw_share,level_pctl_10y
china_east,1994-09,2,2016-06,0.077007,2,change_12m_raw_share|volatility_12m_raw_share,level_pctl_10y
china_east,1994-09,3,2016-08,0.080444,2,change_12m_raw_share|volatility_12m_raw_share,level_pctl_10y
china_east,1994-09,4,1983-06,0.081739,2,change_12m_raw_share|volatility_12m_raw_share,level_pctl_10y
china_east,1994-09,5,2017-02,0.08331,2,change_12m_raw_share|volatility_12m_raw_share,level_pctl_10y
china_east,1994-10,1,1983-06,0.030273,2,change_12m_raw_share|volatility_12m_raw_share,level_pctl_10y
china_east,1994-10,2,1983-09,0.067103,2,change_12m_raw_share|volatility_12m_raw_share,level_pctl_10y
china_east,1994-10,3,2017-02,0.087873,2,change_12m_raw_share|volatility_12m_raw_share,level_pctl_10y
china_east,1994-10,4,2012-01,0.11735,3,level_pctl_10y|change_12m_raw_share|volatility_12m_raw_share,
china_east,1994-10,5,2016-12,0.118806,2,change_12m_raw_share|volatility_12m_raw_share,level_pctl_10y
china_east,1994-11,1,1983-08,0.048458,2,change_12m_raw_share|volatility_12m_raw_share,level_pctl_10y
china_east,1994-11,2,1983-07,0.114799,2,change_12m_raw_share|volatility_12m_raw_share,level_pctl_10y
china_east,1994-11,3,2016-07,0.1209,2,change_12m_raw_share|volatility_12m_raw_share,level_pctl_10y
china_east,1994-11,4,2016-09,0.131521,2,change_12m_raw_share|volatility_12m_raw_share,level_pctl_10y
china_east,1994-11,5,2016-11,0.135337,2,change_12m_raw_share|volatility_12m_raw_share,level_pctl_10y
china_east,1994-12,1,1983-07,0.051126,2,change_12m_raw_share|volatility_12m_raw_share,level_pctl_10y
china_east,1994-12,2,2019-08,0.189316,3,level_pctl_10y|change_12m_raw_share|volatility_12m_raw_share,
china_east,1994-12,3,2019-04,0.195902,3,level_pctl_10y|change_12m_raw_share|volatility_12m_raw_share,
china_east,1994-12,4,1983-08,0.208843,2,change_12m_raw_share|volatility_12m_raw_share,level_pctl_10y
china_east,1994-12,5,2012-11,0.225205,3,level_pctl_10y|change_12m_raw_share|volatility_12m_raw_share,
china_east,1995-01,1,1983-08,0.056324,2,change_12m_raw_share|volatility_12m_raw_share,level_pctl_10y
china_east,1995-01,2,1995-10,0.071477,3,level_pctl_10y|change_12m_raw_share|volatility_12m_raw_share,
china_east,1995-01,3,1983-06,0.076837,2,change_12m_raw_share|volatility_12m_raw_share,level_pctl_10y
china_east,1995-01,4,2017-02,0.131132,2,change_12m_raw_share|volatility_12m_raw_share,level_pctl_10y
china_east,1995-01,5,2016-09,0.13364,2,change_12m_raw_share|volatility_12m_raw_share,level_pctl_10y
china_east,1995-02,1,1983-07,0.03835,2,change_12m_raw_share|volatility_12m_raw_share,level_pctl_10y
china_east,1995-02,2,1991-09,0.074413,3,level_pctl_10y|change_12m_raw_share|volatility_12m_raw_share,
china_east,1995-02,3,2018-09,0.094828,3,level_pctl_10y|change_12m_raw_share|volatility_12m_raw_share,
china_east,1995-02,4,1983-08,0.12408,2,change_12m_raw_share|volatility_12m_raw_share,level_pctl_10y
china_east,1995-02,5,2016-11,0.159793,2,change_12m_raw_share|volatility_12m_raw_share,level_pctl_10y
china_east,1995-03,1,1983-08,0.025202,2,change_12m_raw_share|volatility_12m_raw_share,level_pctl_10y
china_east,1995-03,2,2016-09,0.100169,2,change_12m_raw_share|volatility_12m_raw_share,level_pctl_10y
china_east,1995-03,3,1983-06,0.102538,2,change_12m_raw_share|volatility_12m_raw_share,level_pctl_10y
china_east,1995-03,4,2016-07,0.104385,2,change_12m_raw_share|volatility_12m_raw_share,level_pctl_10y
china_east,1995-03,5,2017-01,0.105701,2,change_12m_raw_share|volatility_12m_raw_share,level_pctl_10y
china_east,1995-04,1,1983-09,0.030692,2,change_12m_raw_share|volatility_12m_raw_share,level_pctl_10y
china_east,1995-04,2,1983-06,0.06255,2,change_12m_raw_share|volatility_12m_raw_share,level_pctl_10y
china_east,1995-04,3,1994-07,0.108247,3,level_pctl_10y|change_12m_raw_share|volatility_12m_raw_share,
china_east,1995-04,4,2017-02,0.110294,2,change_12m_raw_share|volatility_12m_raw_share,level_pctl_10y
china_east,1995-04,5,2016-06,0.117241,2,change_12m_raw_share|volatility_12m_raw_share,level_pctl_10y
china_east,1995-05,1,1983-07,0.041864,2,change_12m_raw_share|volatility_12m_raw_share,level_pctl_10y
china_east,1995-05,2,2019-08,0.16482,3,level_pctl_10y|change_12m_raw_share|volatility_12m_raw_share,
china_east,1995-05,3,2019-04,0.169919,3,level_pctl_10y|change_12m_raw_share|volatility_12m_raw_share,
china_east,1995-05,4,2012-11,0.194127,3,level_pctl_10y|change_12m_raw_share|volatility_12m_raw_share,
china_east,1995-05,5,1983-08,0.196704,2,change_12m_raw_share|volatility_12m_raw_share,level_pctl_10y
china_east,1995-06,1,1983-08,0.028153,2,change_12m_raw_share|volatility_12m_raw_share,level_pctl_10y
china_east,1995-06,2,2013-02,0.116474,3,level_pctl_10y|change_12m_raw_share|volatility_12m_raw_share,
china_east,1995-06,3,1983-06,0.117734,2,change_12m_raw_share|volatility_12m_raw_share,level_pctl_10y
china_east,1995-06,4,2016-09,0.130807,2,change_12m_raw_share|volatility_12m_raw_share,level_pctl_10y
china_east,1995-06,5,2016-07,0.131007,2,change_12m_raw_share|volatility_12m_raw_share,level_pctl_10y
china_east,1995-07,1,1983-07,0.06376,2,change_12m_raw_share|volatility_12m_raw_share,level_pctl_10y
china_east,1995-07,2,1991-09,0.124564,3,level_pctl_10y|change_12m_raw_share|volatility_12m_raw_share,
china_east,1995-07,3,2013-03,0.125935,3,level_pctl_10y|change_12m_raw_share|volatility_12m_raw_share,
china_east,1995-07,4,2005-03,0.137635,3,level_pctl_10y|change_12m_raw_share|volatility_12m_raw_share,
china_east,1995-07,5,2018-09,0.143305,3,level_pctl_10y|change_12m_raw_share|volatility_12m_raw_share,
china_east,1995-08,1,2017-03,0.066535,2,change_12m_raw_share|volatility_12m_raw_share,level_pctl_10y
china_east,1995-08,2,2016-10,0.12486,2,change_12m_raw_share|volatility_12m_raw_share,level_pctl_10y
china_east,1995-08,3,1983-09,0.166802,2,change_12m_raw_share|volatility_12m_raw_share,level_pctl_10y
china_east,1995-08,4,2016-08,0.179654,2,change_12m_raw_share|volatility_12m_raw_share,level_pctl_10y
china_east,1995-08,5,2016-06,0.18554,2,change_12m_raw_share|volatility_12m_raw_share,level_pctl_10y
china_east,1995-09,1,2018-09,0.084954,3,level_pctl_10y|change_12m_raw_share|volatility_12m_raw_share,
china_east,1995-09,2,1983-07,0.141281,2,change_12m_raw_share|volatility_12m_raw_share,level_pctl_10y
china_east,1995-09,3,2013-03,0.15194,3,level_pctl_10y|change_12m_raw_share|volatility_12m_raw_share,
china_east,1995-09,4,1995-02,0.179527,3,level_pctl_10y|change_12m_raw_share|volatility_12m_raw_share,
china_east,1995-09,5,1991-09,0.20171,3,level_pctl_10y|change_12m_raw_share|volatility_12m_raw_share,
china_east,1995-10,1,1983-08,0.029088,2,change_12m_raw_share|volatility_12m_raw_share,level_pctl_10y
china_east,1995-10,2,1995-01,0.071477,3,level_pctl_10y|change_12m_raw_share|volatility_12m_raw_share,
china_east,1995-10,3,2016-09,0.078019,2,change_12m_raw_share|volatility_12m_raw_share,level_pctl_10y
china_east,1995-10,4,2016-07,0.079986,2,change_12m_raw_share|volatility_12m_raw_share,level_pctl_10y
china_east,1995-10,5,2017-01,0.086553,2,change_12m_raw_share|volatility_12m_raw_share,level_pctl_10y
china_east,1995-11,1,1987-06,0.095131,3,level_pctl_10y|change_12m_raw_share|volatility_12m_raw_share,
china_east,1995-11,2,2017-04,0.13434,2,change_12m_raw_share|volatility_12m_raw_share,level_pctl_10y
china_east,1995-11,3,2017-06,0.189957,3,level_pctl_10y|change_12m_raw_share|volatility_12m_raw_share,
china_east,1995-11,4,1998-04,0.244815,3,level_pctl_10y|change_12m_raw_share|volatility_12m_raw_share,
china_east,1995-11,5,2016-10,0.247804,2,change_12m_raw_share|volatility_12m_raw_share,level_pctl_10y
china_east,1995-12,1,1998-04,0.082171,3,level_pctl_10y|change_12m_raw_share|volatility_12m_raw_share,
china_east,1995-12,2,1993-06,0.132394,3,level_pctl_10y|change_12m_raw_share|volatility_12m_raw_share,
china_east,1995-12,3,2017-04,0.143487,2,change_12m_raw_share|volatility_12m_raw_share,level_pctl_10y
china_east,1995-12,4,1990-08,0.189504,3,level_pctl_10y|change_12m_raw_share|volatility_12m_raw_share,
china_east,1995-12,5,2019-10,0.221841,3,level_pctl_10y|change_12m_raw_share|volatility_12m_raw_share,
china_east,1996-01,1,2015-11,0.027509,2,change_12m_raw_share|volatility_12m_raw_share,level_pctl_10y
china_east,1996-01,2,2016-03,0.028363,2,change_12m_raw_share|volatility_12m_raw_share,level_pctl_10y
china_east,1996-01,3,2015-10,0.05113,2,change_12m_raw_share|volatility_12m_raw_share,level_pctl_10y
china_east,1996-01,4,1996-10,0.054276,3,level_pctl_10y|change_12m_raw_share|volatility_12m_raw_share,
china_east,1996-01,5,2015-12,0.133888,2,change_12m_raw_share|volatility_12m_raw_share,level_pctl_10y
china_east,1996-02,1,2015-12,0.024452,2,change_12m_raw_share|volatility_12m_raw_share,level_pctl_10y
china_east,1996-02,2,1981-04,0.026565,2,change_12m_raw_share|volatility_12m_raw_share,level_pctl_10y
china_east,1996-02,3,2016-01,0.033686,2,change_12m_raw_share|volatility_12m_raw_share,level_pctl_10y
china_east,1996-02,4,2016-04,0.135447,2,change_12m_raw_share|volatility_12m_raw_share,level_pctl_10y
china_east,1996-02,5,1980-11,0.141204,2,change_12m_raw_share|volatility_12m_raw_share,level_pctl_10y
china_east,1996-03,1,2015-10,0.058708,2,change_12m_raw_share|volatility_12m_raw_share,level_pctl_10y
china_east,1996-03,2,2015-11,0.081474,2,change_12m_raw_share|volatility_12m_raw_share,level_pctl_10y
china_east,1996-03,3,1987-08,0.083479,3,level_pctl_10y|change_12m_raw_share|volatility_12m_raw_share,
china_east,1996-03,4,1988-02,0.092161,3,level_pctl_10y|change_12m_raw_share|volatility_12m_raw_share,
china_east,1996-03,5,2016-03,0.105839,2,change_12m_raw_share|volatility_12m_raw_share,level_pctl_10y
china_east,1996-04,1,2015-10,0.060467,2,change_12m_raw_share|volatility_12m_raw_share,level_pctl_10y
china_east,1996-04,2,2015-11,0.075869,2,change_12m_raw_share|volatility_12m_raw_share,level_pctl_10y
china_east,1996-04,3,2016-03,0.098676,2,change_12m_raw_share|volatility_12m_raw_share,level_pctl_10y
china_east,1996-04,4,2017-05,0.184294,2,change_12m_raw_share|volatility_12m_raw_share,level_pctl_10y
china_east,1996-04,5,1980-07,0.204456,2,change_12m_raw_share|volatility_12m_raw_share,level_pctl_10y
china_east,1996-05,1,2015-12,0.083702,2,change_12m_raw_share|volatility_12m_raw_share,level_pctl_10y
china_east,1996-05,2,2016-03,0.094344,2,change_12m_raw_share|volatility_12m_raw_share,level_pctl_10y
china_east,1996-05,3,2015-11,0.107334,2,change_12m_raw_share|volatility_12m_raw_share,level_pctl_10y
china_east,1996-05,4,2006-08,0.108626,3,level_pctl_10y|change_12m_raw_share|volatility_12m_raw_share,
china_east,1996-05,5,1981-04,0.110373,2,change_12m_raw_share|volatility_12m_raw_share,level_pctl_10y
china_east,1996-06,1,2015-12,0.083765,2,change_12m_raw_share|volatility_12m_raw_share,level_pctl_10y
china_east,1996-06,2,2016-03,0.106086,2,change_12m_raw_share|volatility_12m_raw_share,level_pctl_10y
china_east,1996-06,3,1981-04,0.106377,2,change_12m_raw_share|volatility_12m_raw_share,level_pctl_10y
china_east,1996-06,4,2016-01,0.11435,2,change_12m_raw_share|volatility_12m_raw_share,level_pctl_10y
china_east,1996-06,5,2015-11,0.118899,2,change_12m_raw_share|volatility_12m_raw_share,level_pctl_10y
china_east,1996-07,1,1981-04,0.053788,2,change_12m_raw_share|volatility_12m_raw_share,level_pctl_10y
china_east,1996-07,2,2016-01,0.067099,2,change_12m_raw_share|volatility_12m_raw_share,level_pctl_10y
china_east,1996-07,3,2015-12,0.070153,2,change_12m_raw_share|volatility_12m_raw_share,level_pctl_10y
china_east,1996-07,4,1980-11,0.094798,2,change_12m_raw_share|volatility_12m_raw_share,level_pctl_10y
china_east,1996-07,5,1980-12,0.094798,2,change_12m_raw_share|volatility_12m_raw_share,level_pctl_10y
china_east,1996-08,1,2015-10,0.125743,2,change_12m_raw_share|volatility_12m_raw_share,level_pctl_10y
china_east,1996-08,2,2015-11,0.150167,2,change_12m_raw_share|volatility_12m_raw_share,level_pctl_10y
china_east,1996-08,3,2016-03,0.174609,2,change_12m_raw_share|volatility_12m_raw_share,level_pctl_10y
china_east,1996-08,4,2017-05,0.203497,2,change_12m_raw_share|volatility_12m_raw_share,level_pctl_10y
china_east,1996-08,5,1987-08,0.207794,3,level_pctl_10y|change_12m_raw_share|volatility_12m_raw_share,
china_east,1996-09,1,1981-02,0.137257,2,change_12m_raw_share|volatility_12m_raw_share,level_pctl_10y
china_east,1996-09,2,2016-04,0.158578,2,change_12m_raw_share|volatility_12m_raw_share,level_pctl_10y
china_east,1996-09,3,1993-11,0.188538,3,level_pctl_10y|change_12m_raw_share|volatility_12m_raw_share,
china_east,1996-09,4,1988-07,0.201344,3,level_pctl_10y|change_12m_raw_share|volatility_12m_raw_share,
china_east,1996-09,5,1980-03,0.21449,2,change_12m_raw_share|volatility_12m_raw_share,level_pctl_10y
china_east,1996-10,1,1996-01,0.054276,3,level_pctl_10y|change_12m_raw_share|volatility_12m_raw_share,
china_east,1996-10,2,2015-11,0.064712,2,change_12m_raw_share|volatility_12m_raw_share,level_pctl_10y
china_east,1996-10,3,2016-03,0.067279,2,change_12m_raw_share|volatility_12m_raw_share,level_pctl_10y
china_east,1996-10,4,2015-10,0.081071,2,change_12m_raw_share|volatility_12m_raw_share,level_pctl_10y
china_east,1996-10,5,2015-12,0.137851,2,change_12m_raw_share|volatility_12m_raw_share,level_pctl_10y
china_east,1996-11,1,1992-05,0.131321,3,level_pctl_10y|change_12m_raw_share|volatility_12m_raw_share,
china_east,1996-11,2,2001-01,0.197697,3,level_pctl_10y|change_12m_raw_share|volatility_12m_raw_share,
china_east,1996-11,3,2017-08,0.293071,3,level_pctl_10y|change_12m_raw_share|volatility_12m_raw_share,
china_east,1996-11,4,2013-05,0.364296,3,level_pctl_10y|change_12m_raw_share|volatility_12m_raw_share,
china_east,1996-11,5,2002-11,0.369642,3,level_pctl_10y|change_12m_raw_share|volatility_12m_raw_share,
china_east,1996-12,1,1982-09,0.05425,2,change_12m_raw_share|volatility_12m_raw_share,level_pctl_10y
china_east,1996-12,2,1982-11,0.186885,2,change_12m_raw_share|volatility_12m_raw_share,level_pctl_10y
china_east,1996-12,3,1982-07,0.232923,2,change_12m_raw_share|volatility_12m_raw_share,level_pctl_10y
china_east,1996-12,4,1982-08,0.248958,2,change_12m_raw_share|volatility_12m_raw_share,level_pctl_10y
china_east,1996-12,5,1980-07,0.314205,2,change_12m_raw_share|volatility_12m_raw_share,level_pctl_10y
china_east,1997-01,1,1982-08,0.060218,2,change_12m_raw_share|volatility_12m_raw_share,level_pctl_10y
china_east,1997-01,2,1992-07,0.097269,3,level_pctl_10y|change_12m_raw_share|volatility_12m_raw_share,
china_east,1997-01,3,1992-11,0.102921,3,level_pctl_10y|change_12m_raw_share|volatility_12m_raw_share,
china_east,1997-01,4,2005-06,0.119996,3,level_pctl_10y|change_12m_raw_share|volatility_12m_raw_share,
china_east,1997-01,5,1982-11,0.122354,2,change_12m_raw_share|volatility_12m_raw_share,level_pctl_10y
china_east,1997-02,1,2006-03,0.19269,3,level_pctl_10y|change_12m_raw_share|volatility_12m_raw_share,
china_east,1997-02,2,2013-07,0.20227,3,level_pctl_10y|change_12m_raw_share|volatility_12m_raw_share,
china_east,1997-02,3,2005-12,0.235499,3,level_pctl_10y|change_12m_raw_share|volatility_12m_raw_share,
china_east,1997-02,4,1984-05,0.240573,3,level_pctl_10y|change_12m_raw_share|volatility_12m_raw_share,
china_east,1997-02,5,2017-09,0.244423,3,level_pctl_10y|change_12m_raw_share|volatility_12m_raw_share,
china_east,1997-03,1,2006-01,0.155937,3,level_pctl_10y|change_12m_raw_share|volatility_12m_raw_share,
china_east,1997-03,2,2006-03,0.175812,3,level_pctl_10y|change_12m_raw_share|volatility_12m_raw_share,
china_east,1997-03,3,1992-08,0.217928,3,level_pctl_10y|change_12m_raw_share|volatility_12m_raw_share,
china_east,1997-03,4,1982-08,0.260415,2,change_12m_raw_share|volatility_12m_raw_share,level_pctl_10y
china_east,1997-03,5,1983-01,0.270944,2,change_12m_raw_share|volatility_12m_raw_share,level_pctl_10y
china_east,1997-04,1,2006-03,0.052195,3,level_pctl_10y|change_12m_raw_share|volatility_12m_raw_share,
china_east,1997-04,2,2006-01,0.166035,3,level_pctl_10y|change_12m_raw_share|volatility_12m_raw_share,
china_east,1997-04,3,2013-07,0.222642,3,level_pctl_10y|change_12m_raw_share|volatility_12m_raw_share,
china_east,1997-04,4,1984-03,0.22749,3,level_pctl_10y|change_12m_raw_share|volatility_12m_raw_share,
china_east,1997-04,5,1992-08,0.260178,3,level_pctl_10y|change_12m_raw_share|volatility_12m_raw_share,
china_east,1997-05,1,1982-08,0.096693,2,change_12m_raw_share|volatility_12m_raw_share,level_pctl_10y
china_east,1997-05,2,1982-11,0.126676,2,change_12m_raw_share|volatility_12m_raw_share,level_pctl_10y
china_east,1997-05,3,2004-09,0.144268,3,level_pctl_10y|change_12m_raw_share|volatility_12m_raw_share,
china_east,1997-05,4,1984-07,0.195024,3,level_pctl_10y|change_12m_raw_share|volatility_12m_raw_share,
china_east,1997-05,5,1984-08,0.200097,3,level_pctl_10y|change_12m_raw_share|volatility_12m_raw_share,
china_east,1997-06,1,2005-12,0.107572,3,level_pctl_10y|change_12m_raw_share|volatility_12m_raw_share,
china_east,1997-06,2,1984-05,0.210828,3,level_pctl_10y|change_12m_raw_share|volatility_12m_raw_share,
china_east,1997-06,3,1983-01,0.225637,2,change_12m_raw_share|volatility_12m_raw_share,level_pctl_10y
china_east,1997-06,4,1982-08,0.230695,2,change_12m_raw_share|volatility_12m_raw_share,level_pctl_10y
china_east,1997-06,5,1983-03,0.236558,2,change_12m_raw_share|volatility_12m_raw_share,level_pctl_10y
china_east,1997-07,1,1992-09,0.070587,3,level_pctl_10y|change_12m_raw_share|volatility_12m_raw_share,
china_east,1997-07,2,1982-11,0.078234,2,change_12m_raw_share|volatility_12m_raw_share,level_pctl_10y
china_east,1997-07,3,1982-08,0.093736,2,change_12m_raw_share|volatility_12m_raw_share,level_pctl_10y
china_east,1997-07,4,1992-11,0.106999,3,level_pctl_10y|change_12m_raw_share|volatility_12m_raw_share,
china_east,1997-07,5,1992-07,0.108498,3,level_pctl_10y|change_12m_raw_share|volatility_12m_raw_share,
china_east,1997-08,1,1992-10,0.142616,3,level_pctl_10y|change_12m_raw_share|volatility_12m_raw_share,
china_east,1997-08,2,1992-08,0.192383,3,level_pctl_10y|change_12m_raw_share|volatility_12m_raw_share,
china_east,1997-08,3,1983-01,0.213716,2,change_12m_raw_share|volatility_12m_raw_share,level_pctl_10y
china_east,1997-08,4,1983-03,0.229203,2,change_12m_raw_share|volatility_12m_raw_share,level_pctl_10y
china_east,1997-08,5,1983-04,0.255256,2,change_12m_raw_share|volatility_12m_raw_share,level_pctl_10y
china_east,1997-09,1,1982-08,0.157317,2,change_12m_raw_share|volatility_12m_raw_share,level_pctl_10y
china_east,1997-09,2,1982-11,0.185471,2,change_12m_raw_share|volatility_12m_raw_share,level_pctl_10y
china_east,1997-09,3,1983-02,0.224041,2,change_12m_raw_share|volatility_12m_raw_share,level_pctl_10y
china_east,1997-09,4,1983-01,0.237774,2,change_12m_raw_share|volatility_12m_raw_share,level_pctl_10y
china_east,1997-09,5,1983-03,0.239034,2,change_12m_raw_share|volatility_12m_raw_share,level_pctl_10y
china_east,1997-10,1,2011-02,0.103961,3,level_pctl_10y|change_12m_raw_share|volatility_12m_raw_share,
china_east,1997-10,2,1982-11,0.104989,2,change_12m_raw_share|volatility_12m_raw_share,level_pctl_10y
china_east,1997-10,3,1982-08,0.115349,2,change_12m_raw_share|volatility_12m_raw_share,level_pctl_10y
china_east,1997-10,4,2005-11,0.122226,3,level_pctl_10y|change_12m_raw_share|volatility_12m_raw_share,
china_east,1997-10,5,2011-03,0.151386,3,level_pctl_10y|change_12m_raw_share|volatility_12m_raw_share,
china_east,1997-11,1,1983-05,0.375586,2,change_12m_raw_share|volatility_12m_raw_share,level_pctl_10y
china_east,1997-11,2,2010-11,0.448815,3,level_pctl_10y|change_12m_raw_share|volatility_12m_raw_share,
china_east,1997-11,3,2009-06,0.463181,3,level_pctl_10y|change_12m_raw_share|volatility_12m_raw_share,
china_east,1997-11,4,1982-12,0.574166,2,change_12m_raw_share|volatility_12m_raw_share,level_pctl_10y
china_east,1997-11,5,1992-12,0.667753,3,level_pctl_10y|change_12m_raw_share|volatility_12m_raw_share,
china_east,1997-12,1,1983-07,0.092498,2,change_12m_raw_share|volatility_12m_raw_share,level_pctl_10y
china_east,1997-12,2,2017-05,0.181367,2,change_12m_raw_share|volatility_12m_raw_share,level_pctl_10y
china_east,1997-12,3,2016-11,0.199137,2,change_12m_raw_share|volatility_12m_raw_share,level_pctl_10y
china_east,1997-12,4,2016-07,0.221865,2,change_12m_raw_share|volatility_12m_raw_share,level_pctl_10y
china_east,1997-12,5,1983-08,0.232807,2,change_12m_raw_share|volatility_12m_raw_share,level_pctl_10y
china_east,1998-01,1,2016-07,0.031205,2,change_12m_raw_share|volatility_12m_raw_share,level_pctl_10y
china_east,1998-01,2,2016-09,0.044426,2,change_12m_raw_share|volatility_12m_raw_share,level_pctl_10y
china_east,1998-01,3,2016-11,0.055425,2,change_12m_raw_share|volatility_12m_raw_share,level_pctl_10y
china_east,1998-01,4,2017-01,0.063692,2,change_12m_raw_share|volatility_12m_raw_share,level_pctl_10y
china_east,1998-01,5,1983-08,0.074519,2,change_12m_raw_share|volatility_12m_raw_share,level_pctl_10y
china_east,1998-02,1,2013-01,0.065245,3,level_pctl_10y|change_12m_raw_share|volatility_12m_raw_share,
china_east,1998-02,2,1983-07,0.145939,2,change_12m_raw_share|volatility_12m_raw_share,level_pctl_10y
china_east,1998-02,3,2017-05,0.149977,2,change_12m_raw_share|volatility_12m_raw_share,level_pctl_10y
china_east,1998-02,4,2012-07,0.229245,3,level_pctl_10y|change_12m_raw_share|volatility_12m_raw_share,
china_east,1998-02,5,2012-12,0.230976,3,level_pctl_10y|change_12m_raw_share|volatility_12m_raw_share,
china_east,1998-03,1,2016-11,0.096684,2,change_12m_raw_share|volatility_12m_raw_share,level_pctl_10y
china_east,1998-03,2,1983-07,0.09962,2,change_12m_raw_share|volatility_12m_raw_share,level_pctl_10y
china_east,1998-03,3,2016-07,0.118783,2,change_12m_raw_share|volatility_12m_raw_share,level_pctl_10y
china_east,1998-03,4,1986-09,0.11905,3,level_pctl_10y|change_12m_raw_share|volatility_12m_raw_share,
china_east,1998-03,5,2016-09,0.143053,2,change_12m_raw_share|volatility_12m_raw_share,level_pctl_10y
china_east,1998-04,1,1995-12,0.082171,3,level_pctl_10y|change_12m_raw_share|volatility_12m_raw_share,
china_east,1998-04,2,2017-04,0.104844,2,change_12m_raw_share|volatility_12m_raw_share,level_pctl_10y
china_east,1998-04,3,1993-06,0.201272,3,level_pctl_10y|change_12m_raw_share|volatility_12m_raw_share,
china_east,1998-04,4,1987-06,0.208585,3,level_pctl_10y|change_12m_raw_share|volatility_12m_raw_share,
china_east,1998-04,5,1990-08,0.242786,3,level_pctl_10y|change_12m_raw_share|volatility_12m_raw_share,
china_east,1998-05,1,2014-09,0.261034,3,level_pctl_10y|change_12m_raw_share|volatility_12m_raw_share,
china_east,1998-05,2,2008-01,0.400521,3,level_pctl_10y|change_12m_raw_share|volatility_12m_raw_share,
china_east,1998-05,3,2006-11,0.441508,3,level_pctl_10y|change_12m_raw_share|volatility_12m_raw_share,
china_east,1998-05,4,1999-06,0.546175,3,level_pctl_10y|change_12m_raw_share|volatility_12m_raw_share,
china_east,1998-05,5,2003-06,0.569224,3,level_pctl_10y|change_12m_raw_share|volatility_12m_raw_share,
china_east,1998-06,1,2015-04,0.045155,2,change_12m_raw_share|volatility_12m_raw_share,level_pctl_10y
china_east,1998-06,2,2015-03,0.072314,2,change_12m_raw_share|volatility_12m_raw_share,level_pctl_10y
china_east,1998-06,3,2015-05,0.103473,2,change_12m_raw_share|volatility_12m_raw_share,level_pctl_10y
china_east,1998-06,4,2007-06,0.172089,3,level_pctl_10y|change_12m_raw_share|volatility_12m_raw_share,
china_east,1998-06,5,2015-02,0.172596,2,change_12m_raw_share|volatility_12m_raw_share,level_pctl_10y
china_east,1998-07,1,2007-09,0.119278,3,level_pctl_10y|change_12m_raw_share|volatility_12m_raw_share,
china_east,1998-07,2,1999-03,0.202692,3,level_pctl_10y|change_12m_raw_share|volatility_12m_raw_share,
china_east,1998-07,3,2015-05,0.21325,2,change_12m_raw_share|volatility_12m_raw_share,level_pctl_10y
china_east,1998-07,4,2007-01,0.248061,3,level_pctl_10y|change_12m_raw_share|volatility_12m_raw_share,
china_east,1998-07,5,2007-02,0.312079,3,level_pctl_10y|change_12m_raw_share|volatility_12m_raw_share,
china_east,1998-08,1,2015-08,0.19099,2,change_12m_raw_share|volatility_12m_raw_share,level_pctl_10y
china_east,1998-08,2,2007-03,0.199788,3,level_pctl_10y|change_12m_raw_share|volatility_12m_raw_share,
china_east,1998-08,3,2015-07,0.324905,2,change_12m_raw_share|volatility_12m_raw_share,level_pctl_10y
china_east,1998-08,4,1980-01,0.337855,2,change_12m_raw_share|volatility_12m_raw_share,level_pctl_10y
china_east,1998-08,5,1982-02,0.360632,2,change_12m_raw_share|volatility_12m_raw_share,level_pctl_10y
china_east,1998-09,1,2015-08,0.189371,2,change_12m_raw_share|volatility_12m_raw_share,level_pctl_10y
china_east,1998-09,2,2007-03,0.240531,3,level_pctl_10y|change_12m_raw_share|volatility_12m_raw_share,
china_east,1998-09,3,2015-07,0.325282,2,change_12m_raw_share|volatility_12m_raw_share,level_pctl_10y
china_east,1998-09,4,1980-01,0.356628,2,change_12m_raw_share|volatility_12m_raw_share,level_pctl_10y
china_east,1998-09,5,1982-02,0.376487,2,change_12m_raw_share|volatility_12m_raw_share,level_pctl_10y
china_east,1998-10,1,2015-05,0.133733,2,change_12m_raw_share|volatility_12m_raw_share,level_pctl_10y
china_east,1998-10,2,2007-09,0.183402,3,level_pctl_10y|change_12m_raw_share|volatility_12m_raw_share,
china_east,1998-10,3,2015-04,0.255942,2,change_12m_raw_share|volatility_12m_raw_share,level_pctl_10y
china_east,1998-10,4,2015-03,0.276339,2,change_12m_raw_share|volatility_12m_raw_share,level_pctl_10y
china_east,1998-10,5,2007-02,0.277682,3,level_pctl_10y|change_12m_raw_share|volatility_12m_raw_share,
china_east,1998-11,1,2015-08,0.056991,2,change_12m_raw_share|volatility_12m_raw_share,level_pctl_10y
china_east,1998-11,2,2015-07,0.116187,2,change_12m_raw_share|volatility_12m_raw_share,level_pctl_10y
china_east,1998-11,3,2015-02,0.177536,2,change_12m_raw_share|volatility_12m_raw_share,level_pctl_10y
china_east,1998-11,4,2014-11,0.191696,3,level_pctl_10y|change_12m_raw_share|volatility_12m_raw_share,
china_east,1998-11,5,2015-03,0.267903,2,change_12m_raw_share|volatility_12m_raw_share,level_pctl_10y
china_east,1998-12,1,2015-04,0.069852,2,change_12m_raw_share|volatility_12m_raw_share,level_pctl_10y
china_east,1998-12,2,2015-05,0.097151,2,change_12m_raw_share|volatility_12m_raw_share,level_pctl_10y
china_east,1998-12,3,2015-03,0.09756,2,change_12m_raw_share|volatility_12m_raw_share,level_pctl_10y
china_east,1998-12,4,2015-02,0.196315,2,change_12m_raw_share|volatility_12m_raw_share,level_pctl_10y
china_east,1998-12,5,2015-07,0.228213,2,change_12m_raw_share|volatility_12m_raw_share,level_pctl_10y
china_east,1999-01,1,2007-09,0.16185,3,level_pctl_10y|change_12m_raw_share|volatility_12m_raw_share,
china_east,1999-01,2,2015-05,0.244894,2,change_12m_raw_share|volatility_12m_raw_share,level_pctl_10y
china_east,1999-01,3,2007-01,0.263944,3,level_pctl_10y|change_12m_raw_share|volatility_12m_raw_share,
china_east,1999-01,4,1981-07,0.299553,2,change_12m_raw_share|volatility_12m_raw_share,level_pctl_10y
china_east,1999-01,5,1998-06,0.351442,3,level_pctl_10y|change_12m_raw_share|volatility_12m_raw_share,
china_east,1999-02,1,2015-05,0.141739,2,change_12m_raw_share|volatility_12m_raw_share,level_pctl_10y
china_east,1999-02,2,2015-04,0.205988,2,change_12m_raw_share|volatility_12m_raw_share,level_pctl_10y
china_east,1999-02,3,2015-03,0.233298,2,change_12m_raw_share|volatility_12m_raw_share,level_pctl_10y
china_east,1999-02,4,2007-10,0.269554,3,level_pctl_10y|change_12m_raw_share|volatility_12m_raw_share,
china_east,1999-02,5,1981-11,0.281453,2,change_12m_raw_share|volatility_12m_raw_share,level_pctl_10y
china_east,1999-03,1,1998-07,0.202692,3,level_pctl_10y|change_12m_raw_share|volatility_12m_raw_share,
china_east,1999-03,2,2015-05,0.219457,2,change_12m_raw_share|volatility_12m_raw_share,level_pctl_10y
china_east,1999-03,3,1981-07,0.241431,2,change_12m_raw_share|volatility_12m_raw_share,level_pctl_10y
china_east,1999-03,4,2007-09,0.301884,3,level_pctl_10y|change_12m_raw_share|volatility_12m_raw_share,
china_east,1999-03,5,2015-04,0.31471,2,change_12m_raw_share|volatility_12m_raw_share,level_pctl_10y
china_east,1999-04,1,1980-01,0.213573,2,change_12m_raw_share|volatility_12m_raw_share,level_pctl_10y
china_east,1999-04,2,2015-08,0.251866,2,change_12m_raw_share|volatility_12m_raw_share,level_pctl_10y
china_east,1999-04,3,1982-02,0.278176,2,change_12m_raw_share|volatility_12m_raw_share,level_pctl_10y
china_east,1999-04,4,1981-08,0.307812,2,change_12m_raw_share|volatility_12m_raw_share,level_pctl_10y
china_east,1999-04,5,1982-03,0.323085,2,change_12m_raw_share|volatility_12m_raw_share,level_pctl_10y
china_east,1999-05,1,2015-09,0.169315,2,change_12m_raw_share|volatility_12m_raw_share,level_pctl_10y
china_east,1999-05,2,1980-02,0.472585,2,change_12m_raw_share|volatility_12m_raw_share,level_pctl_10y
china_east,1999-05,3,2000-06,0.765887,3,level_pctl_10y|change_12m_raw_share|volatility_12m_raw_share,
china_east,1999-05,4,1982-06,0.83938,2,change_12m_raw_share|volatility_12m_raw_share,level_pctl_10y
china_east,1999-05,5,2007-11,0.87121,3,level_pctl_10y|change_12m_raw_share|volatility_12m_raw_share,
china_east,1999-06,1,2003-06,0.075557,3,level_pctl_10y|change_12m_raw_share|volatility_12m_raw_share,
china_east,1999-06,2,2006-11,0.213496,3,level_pctl_10y|change_12m_raw_share|volatility_12m_raw_share,
china_east,1999-06,3,2008-01,0.468866,3,level_pctl_10y|change_12m_raw_share|volatility_12m_raw_share,
china_east,1999-06,4,2014-09,0.471528,3,level_pctl_10y|change_12m_raw_share|volatility_12m_raw_share,
china_east,1999-06,5,1998-05,0.546175,3,level_pctl_10y|change_12m_raw_share|volatility_12m_raw_share,
china_east,1999-07,1,2000-03,0.112192,3,level_pctl_10y|change_12m_raw_share|volatility_12m_raw_share,
china_east,1999-07,2,2008-05,0.294851,3,level_pctl_10y|change_12m_raw_share|volatility_12m_raw_share,
china_east,1999-07,3,2008-11,0.31295,3,level_pctl_10y|change_12m_raw_share|volatility_12m_raw_share,
china_east,1999-07,4,2007-06,0.318032,3,level_pctl_10y|change_12m_raw_share|volatility_12m_raw_share,
china_east,1999-07,5,2015-02,0.343582,2,change_12m_raw_share|volatility_12m_raw_share,level_pctl_10y
china_east,1999-08,1,2000-05,0.156815,3,level_pctl_10y|change_12m_raw_share|volatility_12m_raw_share,
china_east,1999-08,2,2008-11,0.178777,3,level_pctl_10y|change_12m_raw_share|volatility_12m_raw_share,
china_east,1999-08,3,2008-05,0.197311,3,level_pctl_10y|change_12m_raw_share|volatility_12m_raw_share,
china_east,1999-08,4,2003-08,0.230019,3,level_pctl_10y|change_12m_raw_share|volatility_12m_raw_share,
china_east,1999-08,5,2008-02,0.245319,3,level_pctl_10y|change_12m_raw_share|volatility_12m_raw_share,
china_east,1999-09,1,2004-02,0.096771,3,level_pctl_10y|change_12m_raw_share|volatility_12m_raw_share,
china_east,1999-09,2,2008-07,0.174171,3,level_pctl_10y|change_12m_raw_share|volatility_12m_raw_share,
china_east,1999-09,3,2015-02,0.277718,2,change_12m_raw_share|volatility_12m_raw_share,level_pctl_10y
china_east,1999-09,4,2014-11,0.285736,3,level_pctl_10y|change_12m_raw_share|volatility_12m_raw_share,
china_east,1999-09,5,2015-03,0.314411,2,change_12m_raw_share|volatility_12m_raw_share,level_pctl_10y
china_east,1999-10,1,2004-05,0.152805,3,level_pctl_10y|change_12m_raw_share|volatility_12m_raw_share,
china_east,1999-10,2,2003-12,0.219217,3,level_pctl_10y|change_12m_raw_share|volatility_12m_raw_share,
china_east,1999-10,3,2015-08,0.422138,2,change_12m_raw_share|volatility_12m_raw_share,level_pctl_10y
china_east,1999-10,4,1998-09,0.422908,3,level_pctl_10y|change_12m_raw_share|volatility_12m_raw_share,
china_east,1999-10,5,2007-03,0.428003,3,level_pctl_10y|change_12m_raw_share|volatility_12m_raw_share,
china_east,1999-11,1,2008-10,0.122075,3,level_pctl_10y|change_12m_raw_share|volatility_12m_raw_share,
china_east,1999-11,2,2008-11,0.129595,3,level_pctl_10y|change_12m_raw_share|volatility_12m_raw_share,
china_east,1999-11,3,2008-08,0.163354,3,level_pctl_10y|change_12m_raw_share|volatility_12m_raw_share,
china_east,1999-11,4,2008-12,0.216345,3,level_pctl_10y|change_12m_raw_share|volatility_12m_raw_share,
china_east,1999-11,5,2008-05,0.275177,3,level_pctl_10y|change_12m_raw_share|volatility_12m_raw_share,
china_east,1999-12,1,2004-05,0.344899,3,level_pctl_10y|change_12m_raw_share|volatility_12m_raw_share,
china_east,1999-12,2,2003-12,0.37755,3,level_pctl_10y|change_12m_raw_share|volatility_12m_raw_share,
china_east,1999-12,3,2007-07,0.393114,3,level_pctl_10y|change_12m_raw_share|volatility_12m_raw_share,
china_east,1999-12,4,2015-08,0.510031,2,change_12m_raw_share|volatility_12m_raw_share,level_pctl_10y
china_east,1999-12,5,2004-02,0.513494,3,level_pctl_10y|change_12m_raw_share|volatility_12m_raw_share,
china_east,2000-01,1,2008-06,0.293396,3,level_pctl_10y|change_12m_raw_share|volatility_12m_raw_share,
china_east,2000-01,2,2008-04,0.388416,3,level_pctl_10y|change_12m_raw_share|volatility_12m_raw_share,
china_east,2000-01,3,2007-01,0.403757,3,level_pctl_10y|change_12m_raw_share|volatility_12m_raw_share,
china_east,2000-01,4,2008-09,0.460071,3,level_pctl_10y|change_12m_raw_share|volatility_12m_raw_share,
china_east,2000-01,5,2003-11,0.48422,3,level_pctl_10y|change_12m_raw_share|volatility_12m_raw_share,
china_east,2000-02,1,2003-12,0.067902,3,level_pctl_10y|change_12m_raw_share|volatility_12m_raw_share,
china_east,2000-02,2,2004-02,0.290698,3,level_pctl_10y|change_12m_raw_share|volatility_12m_raw_share,
china_east,2000-02,3,2004-05,0.319721,3,level_pctl_10y|change_12m_raw_share|volatility_12m_raw_share,
china_east,2000-02,4,2015-08,0.418814,2,change_12m_raw_share|volatility_12m_raw_share,level_pctl_10y
china_east,2000-02,5,2007-07,0.440634,3,level_pctl_10y|change_12m_raw_share|volatility_12m_raw_share,
china_east,2000-03,1,1999-07,0.112192,3,level_pctl_10y|change_12m_raw_share|volatility_12m_raw_share,
china_east,2000-03,2,2007-05,0.379318,3,level_pctl_10y|change_12m_raw_share|volatility_12m_raw_share,
china_east,2000-03,3,2008-05,0.402157,3,level_pctl_10y|change_12m_raw_share|volatility_12m_raw_share,
china_east,2000-03,4,2008-11,0.40432,3,level_pctl_10y|change_12m_raw_share|volatility_12m_raw_share,
china_east,2000-03,5,2015-08,0.407564,2,change_12m_raw_share|volatility_12m_raw_share,level_pctl_10y
china_east,2000-04,1,2004-01,0.315617,3,level_pctl_10y|change_12m_raw_share|volatility_12m_raw_share,
china_east,2000-04,2,2008-12,0.461398,3,level_pctl_10y|change_12m_raw_share|volatility_12m_raw_share,
china_east,2000-04,3,2015-08,0.485304,2,change_12m_raw_share|volatility_12m_raw_share,level_pctl_10y
china_east,2000-04,4,2008-08,0.507087,3,level_pctl_10y|change_12m_raw_share|volatility_12m_raw_share,
china_east,2000-04,5,2008-10,0.516111,3,level_pctl_10y|change_12m_raw_share|volatility_12m_raw_share,
china_east,2000-05,1,2008-05,0.112803,3,level_pctl_10y|change_12m_raw_share|volatility_12m_raw_share,
china_east,2000-05,2,2008-02,0.112992,3,level_pctl_10y|change_12m_raw_share|volatility_12m_raw_share,
china_east,2000-05,3,1999-08,0.156815,3,level_pctl_10y|change_12m_raw_share|volatility_12m_raw_share,
china_east,2000-05,4,2008-11,0.234565,3,level_pctl_10y|change_12m_raw_share|volatility_12m_raw_share,
china_east,2000-05,5,2008-09,0.258421,3,level_pctl_10y|change_12m_raw_share|volatility_12m_raw_share,
china_east,2000-06,1,2015-09,0.596301,2,change_12m_raw_share|volatility_12m_raw_share,level_pctl_10y
china_east,2000-06,2,1999-05,0.765887,3,level_pctl_10y|change_12m_raw_share|volatility_12m_raw_share,
china_east,2000-06,3,2009-01,0.767928,3,level_pctl_10y|change_12m_raw_share|volatility_12m_raw_share,
china_east,2000-06,4,2010-10,0.85927,3,level_pctl_10y|change_12m_raw_share|volatility_12m_raw_share,
china_east,2000-06,5,2004-06,0.923017,3,level_pctl_10y|change_12m_raw_share|volatility_12m_raw_share,
china_east,2000-07,1,1981-02,0.043454,2,change_12m_raw_share|volatility_12m_raw_share,level_pctl_10y
china_east,2000-07,2,1980-03,0.120345,2,change_12m_raw_share|volatility_12m_raw_share,level_pctl_10y
china_east,2000-07,3,1983-01,0.13091,2,change_12m_raw_share|volatility_12m_raw_share,level_pctl_10y
china_east,2000-07,4,1983-03,0.135504,2,change_12m_raw_share|volatility_12m_raw_share,level_pctl_10y
china_east,2000-07,5,1983-04,0.16019,2,change_12m_raw_share|volatility_12m_raw_share,level_pctl_10y
china_east,2000-08,1,1980-11,0.028031,2,change_12m_raw_share|volatility_12m_raw_share,level_pctl_10y
china_east,2000-08,2,1980-12,0.028031,2,change_12m_raw_share|volatility_12m_raw_share,level_pctl_10y
china_east,2000-08,3,1981-01,0.028031,2,change_12m_raw_share|volatility_12m_raw_share,level_pctl_10y
china_east,2000-08,4,1980-04,0.036132,2,change_12m_raw_share|volatility_12m_raw_share,level_pctl_10y
china_east,2000-08,5,1983-02,0.122644,2,change_12m_raw_share|volatility_12m_raw_share,level_pctl_10y
china_east,2000-09,1,1980-04,0.09684,2,change_12m_raw_share|volatility_12m_raw_share,level_pctl_10y
china_east,2000-09,2,1980-11,0.097793,2,change_12m_raw_share|volatility_12m_raw_share,level_pctl_10y
china_east,2000-09,3,1980-12,0.097793,2,change_12m_raw_share|volatility_12m_raw_share,level_pctl_10y
china_east,2000-09,4,1981-01,0.097793,2,change_12m_raw_share|volatility_12m_raw_share,level_pctl_10y
china_east,2000-09,5,2011-07,0.106249,3,level_pctl_10y|change_12m_raw_share|volatility_12m_raw_share,
china_east,2000-10,1,1980-05,0.082598,2,change_12m_raw_share|volatility_12m_raw_share,level_pctl_10y
china_east,2000-10,2,1987-10,0.10448,3,level_pctl_10y|change_12m_raw_share|volatility_12m_raw_share,
china_east,2000-10,3,1980-03,0.125295,2,change_12m_raw_share|volatility_12m_raw_share,level_pctl_10y
china_east,2000-10,4,2006-06,0.180937,3,level_pctl_10y|change_12m_raw_share|volatility_12m_raw_share,
china_east,2000-10,5,1981-02,0.198731,2,change_12m_raw_share|volatility_12m_raw_share,level_pctl_10y
china_east,2000-11,1,1980-11,0.007175,2,change_12m_raw_share|volatility_12m_raw_share,level_pctl_10y
china_east,2000-11,2,1980-12,0.007175,2,change_12m_raw_share|volatility_12m_raw_share,level_pctl_10y
china_east,2000-11,3,1981-01,0.007175,2,change_12m_raw_share|volatility_12m_raw_share,level_pctl_10y
china_east,2000-11,4,1980-04,0.025935,2,change_12m_raw_share|volatility_12m_raw_share,level_pctl_10y
china_east,2000-11,5,1983-02,0.113045,2,change_12m_raw_share|volatility_12m_raw_share,level_pctl_10y
china_east,2000-12,1,1980-11,0.084253,2,change_12m_raw_share|volatility_12m_raw_share,level_pctl_10y
china_east,2000-12,2,1980-12,0.084253,2,change_12m_raw_share|volatility_12m_raw_share,level_pctl_10y
china_east,2000-12,3,1981-01,0.084253,2,change_12m_raw_share|volatility_12m_raw_share,level_pctl_10y
china_east,2000-12,4,1980-04,0.090901,2,change_12m_raw_share|volatility_12m_raw_share,level_pctl_10y
china_east,2000-12,5,1988-04,0.114828,3,level_pctl_10y|change_12m_raw_share|volatility_12m_raw_share,
china_east,2001-01,1,1996-11,0.197697,3,level_pctl_10y|change_12m_raw_share|volatility_12m_raw_share,
china_east,2001-01,2,2017-08,0.259585,3,level_pctl_10y|change_12m_raw_share|volatility_12m_raw_share,
china_east,2001-01,3,1981-10,0.310841,2,change_12m_raw_share|volatility_12m_raw_share,level_pctl_10y
china_east,2001-01,4,1992-05,0.316787,3,level_pctl_10y|change_12m_raw_share|volatility_12m_raw_share,
china_east,2001-01,5,2002-11,0.320499,3,level_pctl_10y|change_12m_raw_share|volatility_12m_raw_share,
china_east,2001-02,1,2017-09,0.06462,3,level_pctl_10y|change_12m_raw_share|volatility_12m_raw_share,
china_east,2001-02,2,2014-02,0.133119,3,level_pctl_10y|change_12m_raw_share|volatility_12m_raw_share,
china_east,2001-02,3,2017-12,0.159189,3,level_pctl_10y|change_12m_raw_share|volatility_12m_raw_share,
china_east,2001-02,4,1997-02,0.251588,3,level_pctl_10y|change_12m_raw_share|volatility_12m_raw_share,
china_east,2001-02,5,1981-09,0.274424,2,change_12m_raw_share|volatility_12m_raw_share,level_pctl_10y
china_east,2001-03,1,2014-07,0.201357,3,level_pctl_10y|change_12m_raw_share|volatility_12m_raw_share,
china_east,2001-03,2,1982-07,0.238842,2,change_12m_raw_share|volatility_12m_raw_share,level_pctl_10y
china_east,2001-03,3,1982-09,0.272123,2,change_12m_raw_share|volatility_12m_raw_share,level_pctl_10y
china_east,2001-03,4,1980-01,0.273686,2,change_12m_raw_share|volatility_12m_raw_share,level_pctl_10y
china_east,2001-03,5,2018-03,0.277253,3,level_pctl_10y|change_12m_raw_share|volatility_12m_raw_share,
china_east,2001-04,1,2002-08,0.094507,3,level_pctl_10y|change_12m_raw_share|volatility_12m_raw_share,
china_east,2001-04,2,2001-11,0.106737,3,level_pctl_10y|change_12m_raw_share|volatility_12m_raw_share,
china_east,2001-04,3,1980-01,0.228704,2,change_12m_raw_share|volatility_12m_raw_share,level_pctl_10y
china_east,2001-04,4,1982-09,0.254036,2,change_12m_raw_share|volatility_12m_raw_share,level_pctl_10y
china_east,2001-04,5,2002-07,0.259715,3,level_pctl_10y|change_12m_raw_share|volatility_12m_raw_share,
china_east,2001-05,1,1981-09,0.20781,2,change_12m_raw_share|volatility_12m_raw_share,level_pctl_10y
china_east,2001-05,2,1981-11,0.227219,2,change_12m_raw_share|volatility_12m_raw_share,level_pctl_10y
china_east,2001-05,3,1982-01,0.32205,2,change_12m_raw_share|volatility_12m_raw_share,level_pctl_10y
china_east,2001-05,4,1982-08,0.332192,2,change_12m_raw_share|volatility_12m_raw_share,level_pctl_10y
china_east,2001-05,5,1981-08,0.349376,2,change_12m_raw_share|volatility_12m_raw_share,level_pctl_10y
china_east,2001-06,1,2018-03,0.108522,3,level_pctl_10y|change_12m_raw_share|volatility_12m_raw_share,
china_east,2001-06,2,1981-08,0.212436,2,change_12m_raw_share|volatility_12m_raw_share,level_pctl_10y
china_east,2001-06,3,2014-08,0.237667,3,level_pctl_10y|change_12m_raw_share|volatility_12m_raw_share,
china_east,2001-06,4,1982-08,0.278382,2,change_12m_raw_share|volatility_12m_raw_share,level_pctl_10y
china_east,2001-06,5,1982-02,0.278959,2,change_12m_raw_share|volatility_12m_raw_share,level_pctl_10y
china_east,2001-07,1,2009-05,0.316845,3,level_pctl_10y|change_12m_raw_share|volatility_12m_raw_share,
china_east,2001-07,2,1982-07,0.335011,2,change_12m_raw_share|volatility_12m_raw_share,level_pctl_10y
china_east,2001-07,3,1982-10,0.358586,2,change_12m_raw_share|volatility_12m_raw_share,level_pctl_10y
china_east,2001-07,4,1980-01,0.410747,2,change_12m_raw_share|volatility_12m_raw_share,level_pctl_10y
china_east,2001-07,5,2009-04,0.425877,3,level_pctl_10y|change_12m_raw_share|volatility_12m_raw_share,
china_east,2001-08,1,2017-10,0.129993,3,level_pctl_10y|change_12m_raw_share|volatility_12m_raw_share,
china_east,2001-08,2,1981-08,0.204997,2,change_12m_raw_share|volatility_12m_raw_share,level_pctl_10y
china_east,2001-08,3,2002-06,0.248856,3,level_pctl_10y|change_12m_raw_share|volatility_12m_raw_share,
china_east,2001-08,4,2017-11,0.26444,3,level_pctl_10y|change_12m_raw_share|volatility_12m_raw_share,
china_east,2001-08,5,1982-02,0.271595,2,change_12m_raw_share|volatility_12m_raw_share,level_pctl_10y
china_east,2001-09,1,2018-03,0.219502,3,level_pctl_10y|change_12m_raw_share|volatility_12m_raw_share,
china_east,2001-09,2,1981-09,0.249472,2,change_12m_raw_share|volatility_12m_raw_share,level_pctl_10y
china_east,2001-09,3,2013-12,0.250664,3,level_pctl_10y|change_12m_raw_share|volatility_12m_raw_share,
china_east,2001-09,4,1981-08,0.250792,2,change_12m_raw_share|volatility_12m_raw_share,level_pctl_10y
china_east,2001-09,5,1982-01,0.275531,2,change_12m_raw_share|volatility_12m_raw_share,level_pctl_10y
china_east,2001-10,1,1982-09,0.242796,2,change_12m_raw_share|volatility_12m_raw_share,level_pctl_10y
china_east,2001-10,2,1981-08,0.250803,2,change_12m_raw_share|volatility_12m_raw_share,level_pctl_10y
china_east,2001-10,3,1980-01,0.258008,2,change_12m_raw_share|volatility_12m_raw_share,level_pctl_10y
china_east,2001-10,4,2018-04,0.315797,3,level_pctl_10y|change_12m_raw_share|volatility_12m_raw_share,
china_east,2001-10,5,1982-02,0.316083,2,change_12m_raw_share|volatility_12m_raw_share,level_pctl_10y
china_east,2001-11,1,2001-04,0.106737,3,level_pctl_10y|change_12m_raw_share|volatility_12m_raw_share,
china_east,2001-11,2,2002-08,0.113002,3,level_pctl_10y|change_12m_raw_share|volatility_12m_raw_share,
china_east,2001-11,3,1980-01,0.204282,2,change_12m_raw_share|volatility_12m_raw_share,level_pctl_10y
china_east,2001-11,4,1982-09,0.273359,2,change_12m_raw_share|volatility_12m_raw_share,level_pctl_10y
china_east,2001-11,5,1981-08,0.301838,2,change_12m_raw_share|volatility_12m_raw_share,level_pctl_10y
china_east,2001-12,1,2002-09,0.139702,3,level_pctl_10y|change_12m_raw_share|volatility_12m_raw_share,
china_east,2001-12,2,2013-11,0.145895,3,level_pctl_10y|change_12m_raw_share|volatility_12m_raw_share,
china_east,2001-12,3,1981-08,0.201804,2,change_12m_raw_share|volatility_12m_raw_share,level_pctl_10y
china_east,2001-12,4,1982-03,0.262937,2,change_12m_raw_share|volatility_12m_raw_share,level_pctl_10y
china_east,2001-12,5,1982-04,0.262937,2,change_12m_raw_share|volatility_12m_raw_share,level_pctl_10y
china_east,2002-01,1,1982-07,0.130492,2,change_12m_raw_share|volatility_12m_raw_share,level_pctl_10y
china_east,2002-01,2,1982-10,0.222631,2,change_12m_raw_share|volatility_12m_raw_share,level_pctl_10y
china_east,2002-01,3,1980-08,0.253922,2,change_12m_raw_share|volatility_12m_raw_share,level_pctl_10y
china_east,2002-01,4,1980-10,0.349132,2,change_12m_raw_share|volatility_12m_raw_share,level_pctl_10y
china_east,2002-01,5,1982-09,0.381898,2,change_12m_raw_share|volatility_12m_raw_share,level_pctl_10y
china_east,2002-02,1,1982-09,0.0879,2,change_12m_raw_share|volatility_12m_raw_share,level_pctl_10y
china_east,2002-02,2,1992-06,0.118471,3,level_pctl_10y|change_12m_raw_share|volatility_12m_raw_share,
china_east,2002-02,3,2011-01,0.161127,3,level_pctl_10y|change_12m_raw_share|volatility_12m_raw_share,
china_east,2002-02,4,1982-11,0.166547,2,change_12m_raw_share|volatility_12m_raw_share,level_pctl_10y
china_east,2002-02,5,2005-06,0.196315,3,level_pctl_10y|change_12m_raw_share|volatility_12m_raw_share,
china_east,2002-03,1,1988-11,0.226541,3,level_pctl_10y|change_12m_raw_share|volatility_12m_raw_share,
china_east,2002-03,2,2013-05,0.352172,3,level_pctl_10y|change_12m_raw_share|volatility_12m_raw_share,
china_east,2002-03,3,2005-04,0.370354,3,level_pctl_10y|change_12m_raw_share|volatility_12m_raw_share,
china_east,2002-03,4,2003-04,0.376118,3,level_pctl_10y|change_12m_raw_share|volatility_12m_raw_share,
china_east,2002-03,5,1981-12,0.396238,2,change_12m_raw_share|volatility_12m_raw_share,level_pctl_10y
china_east,2002-04,1,2014-01,0.107822,3,level_pctl_10y|change_12m_raw_share|volatility_12m_raw_share,
china_east,2002-04,2,1982-08,0.195459,2,change_12m_raw_share|volatility_12m_raw_share,level_pctl_10y
china_east,2002-04,3,2018-02,0.199187,3,level_pctl_10y|change_12m_raw_share|volatility_12m_raw_share,
china_east,2002-04,4,2005-11,0.25553,3,level_pctl_10y|change_12m_raw_share|volatility_12m_raw_share,
china_east,2002-04,5,1982-11,0.268885,2,change_12m_raw_share|volatility_12m_raw_share,level_pctl_10y
china_east,2002-05,1,1982-07,0.239979,2,change_12m_raw_share|volatility_12m_raw_share,level_pctl_10y
china_east,2002-05,2,2001-04,0.300492,3,level_pctl_10y|change_12m_raw_share|volatility_12m_raw_share,
china_east,2002-05,3,1982-10,0.338528,2,change_12m_raw_share|volatility_12m_raw_share,level_pctl_10y
china_east,2002-05,4,2005-10,0.345958,3,level_pctl_10y|change_12m_raw_share|volatility_12m_raw_share,
china_east,2002-05,5,1980-01,0.393011,2,change_12m_raw_share|volatility_12m_raw_share,level_pctl_10y
china_east,2002-06,1,2017-11,0.051929,3,level_pctl_10y|change_12m_raw_share|volatility_12m_raw_share,
china_east,2002-06,2,2013-11,0.117514,3,level_pctl_10y|change_12m_raw_share|volatility_12m_raw_share,
china_east,2002-06,3,1982-08,0.233675,2,change_12m_raw_share|volatility_12m_raw_share,level_pctl_10y
china_east,2002-06,4,2001-08,0.248856,3,level_pctl_10y|change_12m_raw_share|volatility_12m_raw_share,
china_east,2002-06,5,1981-09,0.286194,2,change_12m_raw_share|volatility_12m_raw_share,level_pctl_10y
china_east,2002-07,1,2018-02,0.126597,3,level_pctl_10y|change_12m_raw_share|volatility_12m_raw_share,
china_east,2002-07,2,1982-08,0.221542,2,change_12m_raw_share|volatility_12m_raw_share,level_pctl_10y
china_east,2002-07,3,1982-09,0.23118,2,change_12m_raw_share|volatility_12m_raw_share,level_pctl_10y
china_east,2002-07,4,2014-01,0.236986,3,level_pctl_10y|change_12m_raw_share|volatility_12m_raw_share,
china_east,2002-07,5,2005-11,0.238469,3,level_pctl_10y|change_12m_raw_share|volatility_12m_raw_share,
china_east,2002-08,1,2001-04,0.094507,3,level_pctl_10y|change_12m_raw_share|volatility_12m_raw_share,
china_east,2002-08,2,2001-11,0.113002,3,level_pctl_10y|change_12m_raw_share|volatility_12m_raw_share,
china_east,2002-08,3,1982-09,0.203294,2,change_12m_raw_share|volatility_12m_raw_share,level_pctl_10y
china_east,2002-08,4,1980-01,0.277485,2,change_12m_raw_share|volatility_12m_raw_share,level_pctl_10y
china_east,2002-08,5,2014-01,0.277781,3,level_pctl_10y|change_12m_raw_share|volatility_12m_raw_share,
china_east,2002-09,1,2013-11,0.112221,3,level_pctl_10y|change_12m_raw_share|volatility_12m_raw_share,
china_east,2002-09,2,2001-12,0.139702,3,level_pctl_10y|change_12m_raw_share|volatility_12m_raw_share,
china_east,2002-09,3,1982-08,0.234107,2,change_12m_raw_share|volatility_12m_raw_share,level_pctl_10y
china_east,2002-09,4,2017-11,0.259186,3,level_pctl_10y|change_12m_raw_share|volatility_12m_raw_share,
china_east,2002-09,5,1981-09,0.28387,2,change_12m_raw_share|volatility_12m_raw_share,level_pctl_10y
china_east,2002-10,1,1982-07,0.250383,2,change_12m_raw_share|volatility_12m_raw_share,level_pctl_10y
china_east,2002-10,2,1980-01,0.262358,2,change_12m_raw_share|volatility_12m_raw_share,level_pctl_10y
china_east,2002-10,3,2001-04,0.262855,3,level_pctl_10y|change_12m_raw_share|volatility_12m_raw_share,
china_east,2002-10,4,1982-09,0.293556,2,change_12m_raw_share|volatility_12m_raw_share,level_pctl_10y
china_east,2002-10,5,2005-10,0.337441,3,level_pctl_10y|change_12m_raw_share|volatility_12m_raw_share,
china_east,2002-11,1,2017-08,0.144602,3,level_pctl_10y|change_12m_raw_share|volatility_12m_raw_share,
china_east,2002-11,2,2014-06,0.22979,3,level_pctl_10y|change_12m_raw_share|volatility_12m_raw_share,
china_east,2002-11,3,1981-10,0.273821,2,change_12m_raw_share|volatility_12m_raw_share,level_pctl_10y
china_east,2002-11,4,2001-01,0.320499,3,level_pctl_10y|change_12m_raw_share|volatility_12m_raw_share,
china_east,2002-11,5,1996-11,0.369642,3,level_pctl_10y|change_12m_raw_share|volatility_12m_raw_share,
china_east,2002-12,1,2017-12,0.151976,3,level_pctl_10y|change_12m_raw_share|volatility_12m_raw_share,
china_east,2002-12,2,1981-09,0.216278,2,change_12m_raw_share|volatility_12m_raw_share,level_pctl_10y
china_east,2002-12,3,2017-09,0.234289,3,level_pctl_10y|change_12m_raw_share|volatility_12m_raw_share,
china_east,2002-12,4,1981-11,0.236346,2,change_12m_raw_share|volatility_12m_raw_share,level_pctl_10y
china_east,2002-12,5,2014-02,0.242692,3,level_pctl_10y|change_12m_raw_share|volatility_12m_raw_share,
china_east,2003-01,1,1982-12,0.190687,2,change_12m_raw_share|volatility_12m_raw_share,level_pctl_10y
china_east,2003-01,2,2014-05,0.43861,3,level_pctl_10y|change_12m_raw_share|volatility_12m_raw_share,
china_east,2003-01,3,2004-10,0.495848,3,level_pctl_10y|change_12m_raw_share|volatility_12m_raw_share,
china_east,2003-01,4,1980-09,0.577429,2,change_12m_raw_share|volatility_12m_raw_share,level_pctl_10y
china_east,2003-01,5,1982-10,0.596227,2,change_12m_raw_share|volatility_12m_raw_share,level_pctl_10y
china_east,2003-02,1,2005-05,0.116114,3,level_pctl_10y|change_12m_raw_share|volatility_12m_raw_share,
china_east,2003-02,2,2013-06,0.14534,3,level_pctl_10y|change_12m_raw_share|volatility_12m_raw_share,
china_east,2003-02,3,2013-08,0.14536,3,level_pctl_10y|change_12m_raw_share|volatility_12m_raw_share,
china_east,2003-02,4,2005-08,0.150548,3,level_pctl_10y|change_12m_raw_share|volatility_12m_raw_share,
china_east,2003-02,5,1983-01,0.194206,2,change_12m_raw_share|volatility_12m_raw_share,level_pctl_10y
china_east,2003-03,1,2006-04,0.384375,3,level_pctl_10y|change_12m_raw_share|volatility_12m_raw_share,
china_east,2003-03,2,1982-12,0.417756,2,change_12m_raw_share|volatility_12m_raw_share,level_pctl_10y
china_east,2003-03,3,1983-05,0.516301,2,change_12m_raw_share|volatility_12m_raw_share,level_pctl_10y
china_east,2003-03,4,2018-07,0.552565,3,level_pctl_10y|change_12m_raw_share|volatility_12m_raw_share,
china_east,2003-03,5,2011-05,0.754815,3,level_pctl_10y|change_12m_raw_share|volatility_12m_raw_share,
china_east,2003-04,1,2005-04,0.119604,3,level_pctl_10y|change_12m_raw_share|volatility_12m_raw_share,
china_east,2003-04,2,1988-11,0.287121,3,level_pctl_10y|change_12m_raw_share|volatility_12m_raw_share,
china_east,2003-04,3,2017-07,0.28833,3,level_pctl_10y|change_12m_raw_share|volatility_12m_raw_share,
china_east,2003-04,4,2013-10,0.319186,3,level_pctl_10y|change_12m_raw_share|volatility_12m_raw_share,
china_east,2003-04,5,2002-03,0.376118,3,level_pctl_10y|change_12m_raw_share|volatility_12m_raw_share,
china_east,2003-05,1,2005-09,0.074251,3,level_pctl_10y|change_12m_raw_share|volatility_12m_raw_share,
china_east,2003-05,2,2014-06,0.212454,3,level_pctl_10y|change_12m_raw_share|volatility_12m_raw_share,
china_east,2003-05,3,1992-10,0.300029,3,level_pctl_10y|change_12m_raw_share|volatility_12m_raw_share,
china_east,2003-05,4,2010-12,0.319705,3,level_pctl_10y|change_12m_raw_share|volatility_12m_raw_share,
china_east,2003-05,5,1983-11,0.341062,2,change_12m_raw_share|volatility_12m_raw_share,level_pctl_10y
china_east,2003-06,1,1999-06,0.075557,3,level_pctl_10y|change_12m_raw_share|volatility_12m_raw_share,
china_east,2003-06,2,2006-11,0.268142,3,level_pctl_10y|change_12m_raw_share|volatility_12m_raw_share,
china_east,2003-06,3,2008-01,0.441969,3,level_pctl_10y|change_12m_raw_share|volatility_12m_raw_share,
china_east,2003-06,4,2014-09,0.458768,3,level_pctl_10y|change_12m_raw_share|volatility_12m_raw_share,
china_east,2003-06,5,1998-05,0.569224,3,level_pctl_10y|change_12m_raw_share|volatility_12m_raw_share,
china_east,2003-07,1,2008-03,0.207312,3,level_pctl_10y|change_12m_raw_share|volatility_12m_raw_share,
china_east,2003-07,2,2008-06,0.400193,3,level_pctl_10y|change_12m_raw_share|volatility_12m_raw_share,
china_east,2003-07,3,2009-11,0.66534,3,level_pctl_10y|change_12m_raw_share|volatility_12m_raw_share,
china_east,2003-07,4,1982-05,0.678523,2,change_12m_raw_share|volatility_12m_raw_share,level_pctl_10y
china_east,2003-07,5,2000-01,0.685232,3,level_pctl_10y|change_12m_raw_share|volatility_12m_raw_share,
china_east,2003-08,1,1999-08,0.230019,3,level_pctl_10y|change_12m_raw_share|volatility_12m_raw_share,
china_east,2003-08,2,2007-02,0.241308,3,level_pctl_10y|change_12m_raw_share|volatility_12m_raw_share,
china_east,2003-08,3,2008-04,0.242466,3,level_pctl_10y|change_12m_raw_share|volatility_12m_raw_share,
china_east,2003-08,4,2000-05,0.26136,3,level_pctl_10y|change_12m_raw_share|volatility_12m_raw_share,
china_east,2003-08,5,2008-02,0.287208,3,level_pctl_10y|change_12m_raw_share|volatility_12m_raw_share,
china_east,2003-09,1,2007-03,0.317473,3,level_pctl_10y|change_12m_raw_share|volatility_12m_raw_share,
china_east,2003-09,2,2015-08,0.361623,2,change_12m_raw_share|volatility_12m_raw_share,level_pctl_10y
china_east,2003-09,3,2015-02,0.375043,2,change_12m_raw_share|volatility_12m_raw_share,level_pctl_10y
china_east,2003-09,4,2015-07,0.394811,2,change_12m_raw_share|volatility_12m_raw_share,level_pctl_10y
china_east,2003-09,5,2014-12,0.427936,3,level_pctl_10y|change_12m_raw_share|volatility_12m_raw_share,
china_east,2003-10,1,2008-03,0.07737,3,level_pctl_10y|change_12m_raw_share|volatility_12m_raw_share,
china_east,2003-10,2,2008-06,0.584685,3,level_pctl_10y|change_12m_raw_share|volatility_12m_raw_share,
china_east,2003-10,3,1982-05,0.677617,2,change_12m_raw_share|volatility_12m_raw_share,level_pctl_10y
china_east,2003-10,4,1981-12,0.699473,2,change_12m_raw_share|volatility_12m_raw_share,level_pctl_10y
china_east,2003-10,5,1981-06,0.758825,2,change_12m_raw_share|volatility_12m_raw_share,level_pctl_10y
china_east,2003-11,1,2008-09,0.115109,3,level_pctl_10y|change_12m_raw_share|volatility_12m_raw_share,
china_east,2003-11,2,2008-02,0.175583,3,level_pctl_10y|change_12m_raw_share|volatility_12m_raw_share,
china_east,2003-11,3,2008-05,0.260921,3,level_pctl_10y|change_12m_raw_share|volatility_12m_raw_share,
china_east,2003-11,4,2000-05,0.287847,3,level_pctl_10y|change_12m_raw_share|volatility_12m_raw_share,
china_east,2003-11,5,2015-05,0.322646,2,change_12m_raw_share|volatility_12m_raw_share,level_pctl_10y
china_east,2003-12,1,2000-02,0.067902,3,level_pctl_10y|change_12m_raw_share|volatility_12m_raw_share,
china_east,2003-12,2,1999-10,0.219217,3,level_pctl_10y|change_12m_raw_share|volatility_12m_raw_share,
china_east,2003-12,3,1999-09,0.36274,3,level_pctl_10y|change_12m_raw_share|volatility_12m_raw_share,
china_east,2003-12,4,2015-08,0.363592,2,change_12m_raw_share|volatility_12m_raw_share,level_pctl_10y
china_east,2003-12,5,1999-12,0.37755,3,level_pctl_10y|change_12m_raw_share|volatility_12m_raw_share,
china_east,2004-01,1,2008-12,0.253322,3,level_pctl_10y|change_12m_raw_share|volatility_12m_raw_share,
china_east,2004-01,2,2008-08,0.279794,3,level_pctl_10y|change_12m_raw_share|volatility_12m_raw_share,
china_east,2004-01,3,2006-12,0.282609,3,level_pctl_10y|change_12m_raw_share|volatility_12m_raw_share,
china_east,2004-01,4,2000-04,0.315617,3,level_pctl_10y|change_12m_raw_share|volatility_12m_raw_share,
china_east,2004-01,5,2008-10,0.327973,3,level_pctl_10y|change_12m_raw_share|volatility_12m_raw_share,
china_east,2004-02,1,1999-09,0.096771,3,level_pctl_10y|change_12m_raw_share|volatility_12m_raw_share,
china_east,2004-02,2,2008-07,0.251397,3,level_pctl_10y|change_12m_raw_share|volatility_12m_raw_share,
china_east,2004-02,3,2000-02,0.290698,3,level_pctl_10y|change_12m_raw_share|volatility_12m_raw_share,
china_east,2004-02,4,2015-02,0.326837,2,change_12m_raw_share|volatility_12m_raw_share,level_pctl_10y
china_east,2004-02,5,2014-11,0.338079,3,level_pctl_10y|change_12m_raw_share|volatility_12m_raw_share,
china_east,2004-03,1,2015-03,0.305841,2,change_12m_raw_share|volatility_12m_raw_share,level_pctl_10y
china_east,2004-03,2,2015-02,0.313925,2,change_12m_raw_share|volatility_12m_raw_share,level_pctl_10y
china_east,2004-03,3,2015-04,0.329572,2,change_12m_raw_share|volatility_12m_raw_share,level_pctl_10y
china_east,2004-03,4,2015-05,0.331594,2,change_12m_raw_share|volatility_12m_raw_share,level_pctl_10y
china_east,2004-03,5,1999-09,0.367809,3,level_pctl_10y|change_12m_raw_share|volatility_12m_raw_share,
china_east,2004-04,1,2014-10,0.7446,3,level_pctl_10y|change_12m_raw_share|volatility_12m_raw_share,
china_east,2004-04,2,2015-06,0.948333,2,change_12m_raw_share|volatility_12m_raw_share,level_pctl_10y
china_east,2004-04,3,2009-03,1.24407,3,level_pctl_10y|change_12m_raw_share|volatility_12m_raw_share,
china_east,2004-04,4,1982-06,1.454736,2,change_12m_raw_share|volatility_12m_raw_share,level_pctl_10y
china_east,2004-04,5,2001-07,1.460577,3,level_pctl_10y|change_12m_raw_share|volatility_12m_raw_share,
china_east,2004-05,1,1999-10,0.152805,3,level_pctl_10y|change_12m_raw_share|volatility_12m_raw_share,
china_east,2004-05,2,2000-02,0.319721,3,level_pctl_10y|change_12m_raw_share|volatility_12m_raw_share,
china_east,2004-05,3,1999-12,0.344899,3,level_pctl_10y|change_12m_raw_share|volatility_12m_raw_share,
china_east,2004-05,4,1998-09,0.489261,3,level_pctl_10y|change_12m_raw_share|volatility_12m_raw_share,
china_east,2004-05,5,2007-03,0.498391,3,level_pctl_10y|change_12m_raw_share|volatility_12m_raw_share,
china_east,2004-06,1,2009-01,0.412777,3,level_pctl_10y|change_12m_raw_share|volatility_12m_raw_share,
china_east,2004-06,2,2015-09,0.754293,2,change_12m_raw_share|volatility_12m_raw_share,level_pctl_10y
china_east,2004-06,3,2000-06,0.923017,3,level_pctl_10y|change_12m_raw_share|volatility_12m_raw_share,
china_east,2004-06,4,1982-06,0.993029,2,change_12m_raw_share|volatility_12m_raw_share,level_pctl_10y
china_east,2004-06,5,1999-05,1.095353,3,level_pctl_10y|change_12m_raw_share|volatility_12m_raw_share,
china_east,2004-07,1,1982-12,0.291395,2,change_12m_raw_share|volatility_12m_raw_share,level_pctl_10y
china_east,2004-07,2,1992-12,0.3367,3,level_pctl_10y|change_12m_raw_share|volatility_12m_raw_share,
china_east,2004-07,3,1982-10,0.340458,2,change_12m_raw_share|volatility_12m_raw_share,level_pctl_10y
china_east,2004-07,4,1980-09,0.383731,2,change_12m_raw_share|volatility_12m_raw_share,level_pctl_10y
china_east,2004-07,5,2009-06,0.429594,3,level_pctl_10y|change_12m_raw_share|volatility_12m_raw_share,
china_east,2004-08,1,1982-07,0.125083,2,change_12m_raw_share|volatility_12m_raw_share,level_pctl_10y
china_east,2004-08,2,1982-09,0.232893,2,change_12m_raw_share|volatility_12m_raw_share,level_pctl_10y
china_east,2004-08,3,1980-07,0.268333,2,change_12m_raw_share|volatility_12m_raw_share,level_pctl_10y
china_east,2004-08,4,1980-08,0.268584,2,change_12m_raw_share|volatility_12m_raw_share,level_pctl_10y
china_east,2004-08,5,2014-07,0.283685,3,level_pctl_10y|change_12m_raw_share|volatility_12m_raw_share,
china_east,2004-09,1,1982-11,0.100639,2,change_12m_raw_share|volatility_12m_raw_share,level_pctl_10y
china_east,2004-09,2,2005-06,0.10301,3,level_pctl_10y|change_12m_raw_share|volatility_12m_raw_share,
china_east,2004-09,3,1982-08,0.109728,2,change_12m_raw_share|volatility_12m_raw_share,level_pctl_10y
china_east,2004-09,4,1997-01,0.13783,3,level_pctl_10y|change_12m_raw_share|volatility_12m_raw_share,
china_east,2004-09,5,1997-05,0.144268,3,level_pctl_10y|change_12m_raw_share|volatility_12m_raw_share,
china_east,2004-10,1,1982-12,0.249679,2,change_12m_raw_share|volatility_12m_raw_share,level_pctl_10y
china_east,2004-10,2,1981-03,0.330368,2,change_12m_raw_share|volatility_12m_raw_share,level_pctl_10y
china_east,2004-10,3,1980-09,0.342224,2,change_12m_raw_share|volatility_12m_raw_share,level_pctl_10y
china_east,2004-10,4,1984-10,0.40493,3,level_pctl_10y|change_12m_raw_share|volatility_12m_raw_share,
china_east,2004-10,5,1983-05,0.457835,2,change_12m_raw_share|volatility_12m_raw_share,level_pctl_10y
china_east,2004-11,1,1983-05,0.07484,2,change_12m_raw_share|volatility_12m_raw_share,level_pctl_10y
china_east,2004-11,2,2011-12,0.381397,3,level_pctl_10y|change_12m_raw_share|volatility_12m_raw_share,
china_east,2004-11,3,1991-08,0.447505,3,level_pctl_10y|change_12m_raw_share|volatility_12m_raw_share,
china_east,2004-11,4,1981-03,0.514745,2,change_12m_raw_share|volatility_12m_raw_share,level_pctl_10y
china_east,2004-11,5,1988-06,0.568269,3,level_pctl_10y|change_12m_raw_share|volatility_12m_raw_share,
china_east,2004-12,1,1983-08,0.04607,2,change_12m_raw_share|volatility_12m_raw_share,level_pctl_10y
china_east,2004-12,2,2012-06,0.086584,3,level_pctl_10y|change_12m_raw_share|volatility_12m_raw_share,
china_east,2004-12,3,2016-07,0.115847,2,change_12m_raw_share|volatility_12m_raw_share,level_pctl_10y
china_east,2004-12,4,1983-07,0.116332,2,change_12m_raw_share|volatility_12m_raw_share,level_pctl_10y
china_east,2004-12,5,1991-10,0.118539,3,level_pctl_10y|change_12m_raw_share|volatility_12m_raw_share,
china_east,2005-01,1,1983-07,0.083337,2,change_12m_raw_share|volatility_12m_raw_share,level_pctl_10y
china_east,2005-01,2,2019-06,0.15288,3,level_pctl_10y|change_12m_raw_share|volatility_12m_raw_share,
china_east,2005-01,3,1991-10,0.174207,3,level_pctl_10y|change_12m_raw_share|volatility_12m_raw_share,
china_east,2005-01,4,2012-04,0.185627,3,level_pctl_10y|change_12m_raw_share|volatility_12m_raw_share,
china_east,2005-01,5,1994-08,0.20045,3,level_pctl_10y|change_12m_raw_share|volatility_12m_raw_share,
china_east,2005-02,1,2018-11,0.117136,3,level_pctl_10y|change_12m_raw_share|volatility_12m_raw_share,
china_east,2005-02,2,1983-07,0.117699,2,change_12m_raw_share|volatility_12m_raw_share,level_pctl_10y
china_east,2005-02,3,2019-03,0.136659,3,level_pctl_10y|change_12m_raw_share|volatility_12m_raw_share,
china_east,2005-02,4,2012-10,0.155083,3,level_pctl_10y|change_12m_raw_share|volatility_12m_raw_share,
china_east,2005-02,5,2018-10,0.194336,3,level_pctl_10y|change_12m_raw_share|volatility_12m_raw_share,
china_east,2005-03,1,1983-07,0.069281,2,change_12m_raw_share|volatility_12m_raw_share,level_pctl_10y
china_east,2005-03,2,1983-08,0.094134,2,change_12m_raw_share|volatility_12m_raw_share,level_pctl_10y
china_east,2005-03,3,1991-09,0.120477,3,level_pctl_10y|change_12m_raw_share|volatility_12m_raw_share,
china_east,2005-03,4,1998-01,0.12523,3,level_pctl_10y|change_12m_raw_share|volatility_12m_raw_share,
china_east,2005-03,5,2016-07,0.130738,2,change_12m_raw_share|volatility_12m_raw_share,level_pctl_10y
china_east,2005-04,1,2003-04,0.119604,3,level_pctl_10y|change_12m_raw_share|volatility_12m_raw_share,
china_east,2005-04,2,1988-11,0.235938,3,level_pctl_10y|change_12m_raw_share|volatility_12m_raw_share,
china_east,2005-04,3,2002-03,0.370354,3,level_pctl_10y|change_12m_raw_share|volatility_12m_raw_share,
china_east,2005-04,4,2017-07,0.405758,3,level_pctl_10y|change_12m_raw_share|volatility_12m_raw_share,
china_east,2005-04,5,2013-05,0.419869,3,level_pctl_10y|change_12m_raw_share|volatility_12m_raw_share,
china_east,2005-05,1,1982-08,0.111237,2,change_12m_raw_share|volatility_12m_raw_share,level_pctl_10y
china_east,2005-05,2,2003-02,0.116114,3,level_pctl_10y|change_12m_raw_share|volatility_12m_raw_share,
china_east,2005-05,3,1982-11,0.142911,2,change_12m_raw_share|volatility_12m_raw_share,level_pctl_10y
china_east,2005-05,4,2013-06,0.215126,3,level_pctl_10y|change_12m_raw_share|volatility_12m_raw_share,
china_east,2005-05,5,1983-02,0.240554,2,change_12m_raw_share|volatility_12m_raw_share,level_pctl_10y
china_east,2005-06,1,1982-11,0.027273,2,change_12m_raw_share|volatility_12m_raw_share,level_pctl_10y
china_east,2005-06,2,1982-08,0.091039,2,change_12m_raw_share|volatility_12m_raw_share,level_pctl_10y
china_east,2005-06,3,2004-09,0.10301,3,level_pctl_10y|change_12m_raw_share|volatility_12m_raw_share,
china_east,2005-06,4,1992-07,0.113037,3,level_pctl_10y|change_12m_raw_share|volatility_12m_raw_share,
china_east,2005-06,5,1992-11,0.113142,3,level_pctl_10y|change_12m_raw_share|volatility_12m_raw_share,
china_east,2005-07,1,1982-09,0.115603,2,change_12m_raw_share|volatility_12m_raw_share,level_pctl_10y
china_east,2005-07,2,1982-07,0.194933,2,change_12m_raw_share|volatility_12m_raw_share,level_pctl_10y
china_east,2005-07,3,1982-11,0.230827,2,change_12m_raw_share|volatility_12m_raw_share,level_pctl_10y
china_east,2005-07,4,1980-07,0.27352,2,change_12m_raw_share|volatility_12m_raw_share,level_pctl_10y
china_east,2005-07,5,1982-08,0.30157,2,change_12m_raw_share|volatility_12m_raw_share,level_pctl_10y
china_east,2005-08,1,1982-08,0.074141,2,change_12m_raw_share|volatility_12m_raw_share,level_pctl_10y
china_east,2005-08,2,1982-11,0.103405,2,change_12m_raw_share|volatility_12m_raw_share,level_pctl_10y
china_east,2005-08,3,2013-06,0.115804,3,level_pctl_10y|change_12m_raw_share|volatility_12m_raw_share,
china_east,2005-08,4,2003-02,0.150548,3,level_pctl_10y|change_12m_raw_share|volatility_12m_raw_share,
china_east,2005-08,5,2013-09,0.1971,3,level_pctl_10y|change_12m_raw_share|volatility_12m_raw_share,
china_east,2005-09,1,2003-05,0.074251,3,level_pctl_10y|change_12m_raw_share|volatility_12m_raw_share,
china_east,2005-09,2,2014-06,0.245769,3,level_pctl_10y|change_12m_raw_share|volatility_12m_raw_share,
china_east,2005-09,3,1992-10,0.289017,3,level_pctl_10y|change_12m_raw_share|volatility_12m_raw_share,
china_east,2005-09,4,2010-12,0.304375,3,level_pctl_10y|change_12m_raw_share|volatility_12m_raw_share,
china_east,2005-09,5,1983-11,0.306164,2,change_12m_raw_share|volatility_12m_raw_share,level_pctl_10y
china_east,2005-10,1,1982-07,0.123,2,change_12m_raw_share|volatility_12m_raw_share,level_pctl_10y
china_east,2005-10,2,1982-09,0.147719,2,change_12m_raw_share|volatility_12m_raw_share,level_pctl_10y
china_east,2005-10,3,2001-04,0.282926,3,level_pctl_10y|change_12m_raw_share|volatility_12m_raw_share,
china_east,2005-10,4,2002-08,0.284094,3,level_pctl_10y|change_12m_raw_share|volatility_12m_raw_share,
china_east,2005-10,5,1982-11,0.296364,2,change_12m_raw_share|volatility_12m_raw_share,level_pctl_10y
china_east,2005-11,1,1982-08,0.019139,2,change_12m_raw_share|volatility_12m_raw_share,level_pctl_10y
china_east,2005-11,2,1982-11,0.068477,2,change_12m_raw_share|volatility_12m_raw_share,level_pctl_10y
china_east,2005-11,3,1997-10,0.122226,3,level_pctl_10y|change_12m_raw_share|volatility_12m_raw_share,
china_east,2005-11,4,2011-02,0.167115,3,level_pctl_10y|change_12m_raw_share|volatility_12m_raw_share,
china_east,2005-11,5,2018-02,0.188234,3,level_pctl_10y|change_12m_raw_share|volatility_12m_raw_share,
china_east,2005-12,1,1997-06,0.107572,3,level_pctl_10y|change_12m_raw_share|volatility_12m_raw_share,
china_east,2005-12,2,1982-08,0.170827,2,change_12m_raw_share|volatility_12m_raw_share,level_pctl_10y
china_east,2005-12,3,1997-02,0.235499,3,level_pctl_10y|change_12m_raw_share|volatility_12m_raw_share,
china_east,2005-12,4,1982-11,0.236115,2,change_12m_raw_share|volatility_12m_raw_share,level_pctl_10y
china_east,2005-12,5,2001-02,0.279074,3,level_pctl_10y|change_12m_raw_share|volatility_12m_raw_share,
china_east,2006-01,1,1992-08,0.119812,3,level_pctl_10y|change_12m_raw_share|volatility_12m_raw_share,
china_east,2006-01,2,1997-03,0.155937,3,level_pctl_10y|change_12m_raw_share|volatility_12m_raw_share,
china_east,2006-01,3,1997-04,0.166035,3,level_pctl_10y|change_12m_raw_share|volatility_12m_raw_share,
china_east,2006-01,4,1997-08,0.264043,3,level_pctl_10y|change_12m_raw_share|volatility_12m_raw_share,
china_east,2006-01,5,1992-10,0.281921,3,level_pctl_10y|change_12m_raw_share|volatility_12m_raw_share,
china_east,2006-02,1,1982-08,0.086301,2,change_12m_raw_share|volatility_12m_raw_share,level_pctl_10y
china_east,2006-02,2,1982-11,0.145362,2,change_12m_raw_share|volatility_12m_raw_share,level_pctl_10y
china_east,2006-02,3,2011-03,0.166991,3,level_pctl_10y|change_12m_raw_share|volatility_12m_raw_share,
china_east,2006-02,4,1997-10,0.169342,3,level_pctl_10y|change_12m_raw_share|volatility_12m_raw_share,
china_east,2006-02,5,2018-02,0.213171,3,level_pctl_10y|change_12m_raw_share|volatility_12m_raw_share,
china_east,2006-03,1,1997-04,0.052195,3,level_pctl_10y|change_12m_raw_share|volatility_12m_raw_share,
china_east,2006-03,2,1997-03,0.175812,3,level_pctl_10y|change_12m_raw_share|volatility_12m_raw_share,
china_east,2006-03,3,2013-07,0.18393,3,level_pctl_10y|change_12m_raw_share|volatility_12m_raw_share,
china_east,2006-03,4,1997-02,0.19269,3,level_pctl_10y|change_12m_raw_share|volatility_12m_raw_share,
china_east,2006-03,5,1984-03,0.255261,3,level_pctl_10y|change_12m_raw_share|volatility_12m_raw_share,
china_east,2006-04,1,2018-07,0.376764,3,level_pctl_10y|change_12m_raw_share|volatility_12m_raw_share,
china_east,2006-04,2,2003-03,0.384375,3,level_pctl_10y|change_12m_raw_share|volatility_12m_raw_share,
china_east,2006-04,3,1982-12,0.657036,2,change_12m_raw_share|volatility_12m_raw_share,level_pctl_10y
china_east,2006-04,4,1983-05,0.706069,2,change_12m_raw_share|volatility_12m_raw_share,level_pctl_10y
china_east,2006-04,5,1980-02,0.786188,2,change_12m_raw_share|volatility_12m_raw_share,level_pctl_10y
china_east,2006-05,1,1980-06,0.100939,2,change_12m_raw_share|volatility_12m_raw_share,level_pctl_10y
china_east,2006-05,2,1983-11,0.151305,2,change_12m_raw_share|volatility_12m_raw_share,level_pctl_10y
china_east,2006-05,3,1987-10,0.194736,3,level_pctl_10y|change_12m_raw_share|volatility_12m_raw_share,
china_east,2006-05,4,1980-05,0.205675,2,change_12m_raw_share|volatility_12m_raw_share,level_pctl_10y
china_east,2006-05,5,1990-08,0.210323,3,level_pctl_10y|change_12m_raw_share|volatility_12m_raw_share,
china_east,2006-06,1,1980-05,0.067691,2,change_12m_raw_share|volatility_12m_raw_share,level_pctl_10y
china_east,2006-06,2,2000-10,0.180937,3,level_pctl_10y|change_12m_raw_share|volatility_12m_raw_share,
china_east,2006-06,3,1980-03,0.18098,2,change_12m_raw_share|volatility_12m_raw_share,level_pctl_10y
china_east,2006-06,4,1980-06,0.183625,2,change_12m_raw_share|volatility_12m_raw_share,level_pctl_10y
china_east,2006-06,5,1987-10,0.208414,3,level_pctl_10y|change_12m_raw_share|volatility_12m_raw_share,
china_east,2006-07,1,1980-03,0.110191,2,change_12m_raw_share|volatility_12m_raw_share,level_pctl_10y
china_east,2006-07,2,1980-05,0.12693,2,change_12m_raw_share|volatility_12m_raw_share,level_pctl_10y
china_east,2006-07,3,1983-12,0.144064,3,level_pctl_10y|change_12m_raw_share|volatility_12m_raw_share,
china_east,2006-07,4,1981-02,0.17117,2,change_12m_raw_share|volatility_12m_raw_share,level_pctl_10y
china_east,2006-07,5,1980-06,0.274137,2,change_12m_raw_share|volatility_12m_raw_share,level_pctl_10y
china_east,2006-08,1,1996-05,0.108626,3,level_pctl_10y|change_12m_raw_share|volatility_12m_raw_share,
china_east,2006-08,2,1980-11,0.114007,2,change_12m_raw_share|volatility_12m_raw_share,level_pctl_10y
china_east,2006-08,3,1980-12,0.114007,2,change_12m_raw_share|volatility_12m_raw_share,level_pctl_10y
china_east,2006-08,4,1981-01,0.114007,2,change_12m_raw_share|volatility_12m_raw_share,level_pctl_10y
china_east,2006-08,5,1980-04,0.12005,2,change_12m_raw_share|volatility_12m_raw_share,level_pctl_10y
china_east,2006-09,1,2016-02,0.16828,2,change_12m_raw_share|volatility_12m_raw_share,level_pctl_10y
china_east,2006-09,2,1980-10,0.194984,2,change_12m_raw_share|volatility_12m_raw_share,level_pctl_10y
china_east,2006-09,3,1980-08,0.203097,2,change_12m_raw_share|volatility_12m_raw_share,level_pctl_10y
china_east,2006-09,4,1980-07,0.233472,2,change_12m_raw_share|volatility_12m_raw_share,level_pctl_10y
china_east,2006-09,5,2015-10,0.242023,2,change_12m_raw_share|volatility_12m_raw_share,level_pctl_10y
china_east,2006-10,1,2016-04,0.091794,2,change_12m_raw_share|volatility_12m_raw_share,level_pctl_10y
china_east,2006-10,2,1981-04,0.09742,2,change_12m_raw_share|volatility_12m_raw_share,level_pctl_10y
china_east,2006-10,3,2016-01,0.105624,2,change_12m_raw_share|volatility_12m_raw_share,level_pctl_10y
china_east,2006-10,4,1980-11,0.112539,2,change_12m_raw_share|volatility_12m_raw_share,level_pctl_10y
china_east,2006-10,5,1980-12,0.112539,2,change_12m_raw_share|volatility_12m_raw_share,level_pctl_10y
china_east,2006-11,1,1999-06,0.213496,3,level_pctl_10y|change_12m_raw_share|volatility_12m_raw_share,
china_east,2006-11,2,2003-06,0.268142,3,level_pctl_10y|change_12m_raw_share|volatility_12m_raw_share,
china_east,2006-11,3,1998-05,0.441508,3,level_pctl_10y|change_12m_raw_share|volatility_12m_raw_share,
china_east,2006-11,4,2014-09,0.458016,3,level_pctl_10y|change_12m_raw_share|volatility_12m_raw_share,
china_east,2006-11,5,2008-01,0.529677,3,level_pctl_10y|change_12m_raw_share|volatility_12m_raw_share,
china_east,2006-12,1,2015-02,0.11423,2,change_12m_raw_share|volatility_12m_raw_share,level_pctl_10y
china_east,2006-12,2,2015-03,0.153191,2,change_12m_raw_share|volatility_12m_raw_share,level_pctl_10y
china_east,2006-12,3,2015-07,0.171274,2,change_12m_raw_share|volatility_12m_raw_share,level_pctl_10y
china_east,2006-12,4,2008-12,0.177024,3,level_pctl_10y|change_12m_raw_share|volatility_12m_raw_share,
china_east,2006-12,5,2015-04,0.182578,2,change_12m_raw_share|volatility_12m_raw_share,level_pctl_10y
china_east,2007-01,1,2007-09,0.154659,3,level_pctl_10y|change_12m_raw_share|volatility_12m_raw_share,
china_east,2007-01,2,2008-04,0.187871,3,level_pctl_10y|change_12m_raw_share|volatility_12m_raw_share,
china_east,2007-01,3,2008-09,0.228437,3,level_pctl_10y|change_12m_raw_share|volatility_12m_raw_share,
china_east,2007-01,4,1998-07,0.248061,3,level_pctl_10y|change_12m_raw_share|volatility_12m_raw_share,
china_east,2007-01,5,1999-01,0.263944,3,level_pctl_10y|change_12m_raw_share|volatility_12m_raw_share,
china_east,2007-02,1,2007-09,0.22386,3,level_pctl_10y|change_12m_raw_share|volatility_12m_raw_share,
china_east,2007-02,2,2003-08,0.241308,3,level_pctl_10y|change_12m_raw_share|volatility_12m_raw_share,
china_east,2007-02,3,1998-10,0.277682,3,level_pctl_10y|change_12m_raw_share|volatility_12m_raw_share,
china_east,2007-02,4,2008-04,0.299312,3,level_pctl_10y|change_12m_raw_share|volatility_12m_raw_share,
china_east,2007-02,5,2015-05,0.309428,2,change_12m_raw_share|volatility_12m_raw_share,level_pctl_10y
china_east,2007-03,1,1998-08,0.199788,3,level_pctl_10y|change_12m_raw_share|volatility_12m_raw_share,
china_east,2007-03,2,1998-09,0.240531,3,level_pctl_10y|change_12m_raw_share|volatility_12m_raw_share,
china_east,2007-03,3,2015-08,0.247336,2,change_12m_raw_share|volatility_12m_raw_share,level_pctl_10y
china_east,2007-03,4,2003-09,0.317473,3,level_pctl_10y|change_12m_raw_share|volatility_12m_raw_share,
china_east,2007-03,5,2015-07,0.371667,2,change_12m_raw_share|volatility_12m_raw_share,level_pctl_10y
china_east,2007-04,1,2015-05,0.192842,2,change_12m_raw_share|volatility_12m_raw_share,level_pctl_10y
china_east,2007-04,2,2015-04,0.325448,2,change_12m_raw_share|volatility_12m_raw_share,level_pctl_10y
china_east,2007-04,3,2015-03,0.334015,2,change_12m_raw_share|volatility_12m_raw_share,level_pctl_10y
china_east,2007-04,4,1999-02,0.400982,3,level_pctl_10y|change_12m_raw_share|volatility_12m_raw_share,
china_east,2007-04,5,2015-02,0.432926,2,change_12m_raw_share|volatility_12m_raw_share,level_pctl_10y
china_east,2007-05,1,2015-08,0.229363,2,change_12m_raw_share|volatility_12m_raw_share,level_pctl_10y
china_east,2007-05,2,2015-07,0.363616,2,change_12m_raw_share|volatility_12m_raw_share,level_pctl_10y
china_east,2007-05,3,2000-03,0.379318,3,level_pctl_10y|change_12m_raw_share|volatility_12m_raw_share,
china_east,2007-05,4,1999-07,0.397256,3,level_pctl_10y|change_12m_raw_share|volatility_12m_raw_share,
china_east,2007-05,5,2015-02,0.403089,2,change_12m_raw_share|volatility_12m_raw_share,level_pctl_10y
china_east,2007-06,1,2015-02,0.055294,2,change_12m_raw_share|volatility_12m_raw_share,level_pctl_10y
china_east,2007-06,2,2015-03,0.095808,2,change_12m_raw_share|volatility_12m_raw_share,level_pctl_10y
china_east,2007-06,3,2015-07,0.119218,2,change_12m_raw_share|volatility_12m_raw_share,level_pctl_10y
china_east,2007-06,4,2015-04,0.12439,2,change_12m_raw_share|volatility_12m_raw_share,level_pctl_10y
china_east,2007-06,5,1998-06,0.172089,3,level_pctl_10y|change_12m_raw_share|volatility_12m_raw_share,
china_east,2007-07,1,2015-08,0.131644,2,change_12m_raw_share|volatility_12m_raw_share,level_pctl_10y
china_east,2007-07,2,2014-11,0.24153,3,level_pctl_10y|change_12m_raw_share|volatility_12m_raw_share,
china_east,2007-07,3,2015-07,0.252998,2,change_12m_raw_share|volatility_12m_raw_share,level_pctl_10y
china_east,2007-07,4,1998-11,0.280332,3,level_pctl_10y|change_12m_raw_share|volatility_12m_raw_share,
china_east,2007-07,5,2015-02,0.28554,2,change_12m_raw_share|volatility_12m_raw_share,level_pctl_10y
china_east,2007-08,1,2015-05,0.075433,2,change_12m_raw_share|volatility_12m_raw_share,level_pctl_10y
china_east,2007-08,2,2015-04,0.205191,2,change_12m_raw_share|volatility_12m_raw_share,level_pctl_10y
china_east,2007-08,3,2015-03,0.214054,2,change_12m_raw_share|volatility_12m_raw_share,level_pctl_10y
china_east,2007-08,4,2006-12,0.304924,3,level_pctl_10y|change_12m_raw_share|volatility_12m_raw_share,
china_east,2007-08,5,2015-02,0.314742,2,change_12m_raw_share|volatility_12m_raw_share,level_pctl_10y
china_east,2007-09,1,1998-07,0.119278,3,level_pctl_10y|change_12m_raw_share|volatility_12m_raw_share,
china_east,2007-09,2,2007-01,0.154659,3,level_pctl_10y|change_12m_raw_share|volatility_12m_raw_share,
china_east,2007-09,3,1999-01,0.16185,3,level_pctl_10y|change_12m_raw_share|volatility_12m_raw_share,
china_east,2007-09,4,1998-10,0.183402,3,level_pctl_10y|change_12m_raw_share|volatility_12m_raw_share,
china_east,2007-09,5,2007-02,0.22386,3,level_pctl_10y|change_12m_raw_share|volatility_12m_raw_share,
china_east,2007-10,1,2015-05,0.079208,2,change_12m_raw_share|volatility_12m_raw_share,level_pctl_10y
china_east,2007-10,2,2015-04,0.209366,2,change_12m_raw_share|volatility_12m_raw_share,level_pctl_10y
china_east,2007-10,3,2015-03,0.226883,2,change_12m_raw_share|volatility_12m_raw_share,level_pctl_10y
china_east,2007-10,4,1999-02,0.269554,3,level_pctl_10y|change_12m_raw_share|volatility_12m_raw_share,
china_east,2007-10,5,2015-02,0.332582,2,change_12m_raw_share|volatility_12m_raw_share,level_pctl_10y
china_east,2007-11,1,2015-09,0.26261,2,change_12m_raw_share|volatility_12m_raw_share,level_pctl_10y
china_east,2007-11,2,1980-02,0.33646,2,change_12m_raw_share|volatility_12m_raw_share,level_pctl_10y
china_east,2007-11,3,1982-06,0.712578,2,change_12m_raw_share|volatility_12m_raw_share,level_pctl_10y
china_east,2007-11,4,1999-05,0.87121,3,level_pctl_10y|change_12m_raw_share|volatility_12m_raw_share,
china_east,2007-11,5,2000-06,1.143239,3,level_pctl_10y|change_12m_raw_share|volatility_12m_raw_share,
china_east,2007-12,1,1993-12,0.06431,3,level_pctl_10y|change_12m_raw_share|volatility_12m_raw_share,
china_east,2007-12,2,2016-04,0.069713,2,change_12m_raw_share|volatility_12m_raw_share,level_pctl_10y
china_east,2007-12,3,1994-05,0.114462,3,level_pctl_10y|change_12m_raw_share|volatility_12m_raw_share,
china_east,2007-12,4,1985-05,0.159507,3,level_pctl_10y|change_12m_raw_share|volatility_12m_raw_share,
china_east,2007-12,5,1994-03,0.164557,3,level_pctl_10y|change_12m_raw_share|volatility_12m_raw_share,
china_east,2008-01,1,2014-09,0.17964,3,level_pctl_10y|change_12m_raw_share|volatility_12m_raw_share,
china_east,2008-01,2,1998-05,0.400521,3,level_pctl_10y|change_12m_raw_share|volatility_12m_raw_share,
china_east,2008-01,3,2003-06,0.441969,3,level_pctl_10y|change_12m_raw_share|volatility_12m_raw_share,
china_east,2008-01,4,1999-06,0.468866,3,level_pctl_10y|change_12m_raw_share|volatility_12m_raw_share,
china_east,2008-01,5,2006-11,0.529677,3,level_pctl_10y|change_12m_raw_share|volatility_12m_raw_share,
china_east,2008-02,1,2000-05,0.112992,3,level_pctl_10y|change_12m_raw_share|volatility_12m_raw_share,
china_east,2008-02,2,2008-09,0.155874,3,level_pctl_10y|change_12m_raw_share|volatility_12m_raw_share,
china_east,2008-02,3,2003-11,0.175583,3,level_pctl_10y|change_12m_raw_share|volatility_12m_raw_share,
china_east,2008-02,4,1999-08,0.245319,3,level_pctl_10y|change_12m_raw_share|volatility_12m_raw_share,
china_east,2008-02,5,2003-08,0.287208,3,level_pctl_10y|change_12m_raw_share|volatility_12m_raw_share,
china_east,2008-03,1,2003-10,0.07737,3,level_pctl_10y|change_12m_raw_share|volatility_12m_raw_share,
china_east,2008-03,2,2003-07,0.207312,3,level_pctl_10y|change_12m_raw_share|volatility_12m_raw_share,
china_east,2008-03,3,1982-05,0.707048,2,change_12m_raw_share|volatility_12m_raw_share,level_pctl_10y
china_east,2008-03,4,1981-12,0.730679,2,change_12m_raw_share|volatility_12m_raw_share,level_pctl_10y
china_east,2008-03,5,2009-11,0.741669,3,level_pctl_10y|change_12m_raw_share|volatility_12m_raw_share,
china_east,2008-04,1,2007-01,0.187871,3,level_pctl_10y|change_12m_raw_share|volatility_12m_raw_share,
china_east,2008-04,2,2003-08,0.242466,3,level_pctl_10y|change_12m_raw_share|volatility_12m_raw_share,
china_east,2008-04,3,2007-02,0.299312,3,level_pctl_10y|change_12m_raw_share|volatility_12m_raw_share,
china_east,2008-04,4,2007-09,0.308716,3,level_pctl_10y|change_12m_raw_share|volatility_12m_raw_share,
china_east,2008-04,5,2003-11,0.371742,3,level_pctl_10y|change_12m_raw_share|volatility_12m_raw_share,
china_east,2008-05,1,2000-05,0.112803,3,level_pctl_10y|change_12m_raw_share|volatility_12m_raw_share,
china_east,2008-05,2,1999-08,0.197311,3,level_pctl_10y|change_12m_raw_share|volatility_12m_raw_share,
china_east,2008-05,3,2003-11,0.260921,3,level_pctl_10y|change_12m_raw_share|volatility_12m_raw_share,
china_east,2008-05,4,2007-06,0.269846,3,level_pctl_10y|change_12m_raw_share|volatility_12m_raw_share,
china_east,2008-05,5,1999-11,0.275177,3,level_pctl_10y|change_12m_raw_share|volatility_12m_raw_share,
china_east,2008-06,1,2000-01,0.293396,3,level_pctl_10y|change_12m_raw_share|volatility_12m_raw_share,
china_east,2008-06,2,2003-07,0.400193,3,level_pctl_10y|change_12m_raw_share|volatility_12m_raw_share,
china_east,2008-06,3,2007-01,0.545595,3,level_pctl_10y|change_12m_raw_share|volatility_12m_raw_share,
china_east,2008-06,4,2003-10,0.584685,3,level_pctl_10y|change_12m_raw_share|volatility_12m_raw_share,
china_east,2008-06,5,1982-05,0.644544,2,change_12m_raw_share|volatility_12m_raw_share,level_pctl_10y
china_east,2008-07,1,1999-09,0.174171,3,level_pctl_10y|change_12m_raw_share|volatility_12m_raw_share,
china_east,2008-07,2,2004-02,0.251397,3,level_pctl_10y|change_12m_raw_share|volatility_12m_raw_share,
china_east,2008-07,3,2015-02,0.295066,2,change_12m_raw_share|volatility_12m_raw_share,level_pctl_10y
china_east,2008-07,4,2015-03,0.323866,2,change_12m_raw_share|volatility_12m_raw_share,level_pctl_10y
china_east,2008-07,5,2014-11,0.333027,3,level_pctl_10y|change_12m_raw_share|volatility_12m_raw_share,
china_east,2008-08,1,1999-11,0.163354,3,level_pctl_10y|change_12m_raw_share|volatility_12m_raw_share,
china_east,2008-08,2,2006-12,0.217956,3,level_pctl_10y|change_12m_raw_share|volatility_12m_raw_share,
china_east,2008-08,3,2004-01,0.279794,3,level_pctl_10y|change_12m_raw_share|volatility_12m_raw_share,
china_east,2008-08,4,2015-02,0.281897,2,change_12m_raw_share|volatility_12m_raw_share,level_pctl_10y
china_east,2008-08,5,2015-03,0.29866,2,change_12m_raw_share|volatility_12m_raw_share,level_pctl_10y
china_east,2008-09,1,2003-11,0.115109,3,level_pctl_10y|change_12m_raw_share|volatility_12m_raw_share,
china_east,2008-09,2,2008-02,0.155874,3,level_pctl_10y|change_12m_raw_share|volatility_12m_raw_share,
china_east,2008-09,3,2007-01,0.228437,3,level_pctl_10y|change_12m_raw_share|volatility_12m_raw_share,
china_east,2008-09,4,2000-05,0.258421,3,level_pctl_10y|change_12m_raw_share|volatility_12m_raw_share,
china_east,2008-09,5,2015-05,0.307251,2,change_12m_raw_share|volatility_12m_raw_share,level_pctl_10y
china_east,2008-10,1,1999-11,0.122075,3,level_pctl_10y|change_12m_raw_share|volatility_12m_raw_share,
china_east,2008-10,2,2006-12,0.250873,3,level_pctl_10y|change_12m_raw_share|volatility_12m_raw_share,
china_east,2008-10,3,2015-02,0.253167,2,change_12m_raw_share|volatility_12m_raw_share,level_pctl_10y
china_east,2008-10,4,1999-08,0.272181,3,level_pctl_10y|change_12m_raw_share|volatility_12m_raw_share,
china_east,2008-10,5,2015-03,0.272531,2,change_12m_raw_share|volatility_12m_raw_share,level_pctl_10y
china_east,2008-11,1,1999-11,0.129595,3,level_pctl_10y|change_12m_raw_share|volatility_12m_raw_share,
china_east,2008-11,2,1999-08,0.178777,3,level_pctl_10y|change_12m_raw_share|volatility_12m_raw_share,
china_east,2008-11,3,2000-05,0.234565,3,level_pctl_10y|change_12m_raw_share|volatility_12m_raw_share,
china_east,2008-11,4,2015-02,0.245983,2,change_12m_raw_share|volatility_12m_raw_share,level_pctl_10y
china_east,2008-11,5,2015-03,0.248636,2,change_12m_raw_share|volatility_12m_raw_share,level_pctl_10y
china_east,2008-12,1,2006-12,0.177024,3,level_pctl_10y|change_12m_raw_share|volatility_12m_raw_share,
china_east,2008-12,2,1999-11,0.216345,3,level_pctl_10y|change_12m_raw_share|volatility_12m_raw_share,
china_east,2008-12,3,2015-02,0.216521,2,change_12m_raw_share|volatility_12m_raw_share,level_pctl_10y
china_east,2008-12,4,2004-01,0.253322,3,level_pctl_10y|change_12m_raw_share|volatility_12m_raw_share,
china_east,2008-12,5,2015-03,0.26034,2,change_12m_raw_share|volatility_12m_raw_share,level_pctl_10y
china_east,2009-01,1,2004-06,0.412777,3,level_pctl_10y|change_12m_raw_share|volatility_12m_raw_share,
china_east,2009-01,2,2000-06,0.767928,3,level_pctl_10y|change_12m_raw_share|volatility_12m_raw_share,
china_east,2009-01,3,2015-09,0.888713,2,change_12m_raw_share|volatility_12m_raw_share,level_pctl_10y
china_east,2009-01,4,2010-10,1.053698,3,level_pctl_10y|change_12m_raw_share|volatility_12m_raw_share,
china_east,2009-01,5,1999-05,1.193553,3,level_pctl_10y|change_12m_raw_share|volatility_12m_raw_share,
china_east,2009-02,1,1982-10,0.153852,2,change_12m_raw_share|volatility_12m_raw_share,level_pctl_10y
china_east,2009-02,2,2014-04,0.397549,3,level_pctl_10y|change_12m_raw_share|volatility_12m_raw_share,
china_east,2009-02,3,1980-09,0.442331,2,change_12m_raw_share|volatility_12m_raw_share,level_pctl_10y
china_east,2009-02,4,1982-07,0.445036,2,change_12m_raw_share|volatility_12m_raw_share,level_pctl_10y
china_east,2009-02,5,1980-08,0.521748,2,change_12m_raw_share|volatility_12m_raw_share,level_pctl_10y
china_east,2009-03,1,1982-12,0.386029,2,change_12m_raw_share|volatility_12m_raw_share,level_pctl_10y
china_east,2009-03,2,2011-05,0.804528,3,level_pctl_10y|change_12m_raw_share|volatility_12m_raw_share,
china_east,2009-03,3,1980-09,0.821971,2,change_12m_raw_share|volatility_12m_raw_share,level_pctl_10y
china_east,2009-03,4,1982-10,0.824124,2,change_12m_raw_share|volatility_12m_raw_share,level_pctl_10y
china_east,2009-03,5,1981-03,0.913483,2,change_12m_raw_share|volatility_12m_raw_share,level_pctl_10y
china_east,2009-04,1,1982-10,0.125282,2,change_12m_raw_share|volatility_12m_raw_share,level_pctl_10y
china_east,2009-04,2,1980-09,0.36411,2,change_12m_raw_share|volatility_12m_raw_share,level_pctl_10y
china_east,2009-04,3,2001-07,0.425877,3,level_pctl_10y|change_12m_raw_share|volatility_12m_raw_share,
china_east,2009-04,4,1982-07,0.451686,2,change_12m_raw_share|volatility_12m_raw_share,level_pctl_10y
china_east,2009-04,5,2011-04,0.452566,3,level_pctl_10y|change_12m_raw_share|volatility_12m_raw_share,
china_east,2009-05,1,1982-10,0.099572,2,change_12m_raw_share|volatility_12m_raw_share,level_pctl_10y
china_east,2009-05,2,1982-07,0.234851,2,change_12m_raw_share|volatility_12m_raw_share,level_pctl_10y
china_east,2009-05,3,2001-07,0.316845,3,level_pctl_10y|change_12m_raw_share|volatility_12m_raw_share,
china_east,2009-05,4,2004-08,0.329467,3,level_pctl_10y|change_12m_raw_share|volatility_12m_raw_share,
china_east,2009-05,5,1980-08,0.344555,2,change_12m_raw_share|volatility_12m_raw_share,level_pctl_10y
china_east,2009-06,1,1982-12,0.125812,2,change_12m_raw_share|volatility_12m_raw_share,level_pctl_10y
china_east,2009-06,2,1992-12,0.282167,3,level_pctl_10y|change_12m_raw_share|volatility_12m_raw_share,
china_east,2009-06,3,2010-11,0.345247,3,level_pctl_10y|change_12m_raw_share|volatility_12m_raw_share,
china_east,2009-06,4,2004-07,0.429594,3,level_pctl_10y|change_12m_raw_share|volatility_12m_raw_share,
china_east,2009-06,5,1997-11,0.463181,3,level_pctl_10y|change_12m_raw_share|volatility_12m_raw_share,
china_east,2009-07,1,1980-07,0.118124,2,change_12m_raw_share|volatility_12m_raw_share,level_pctl_10y
china_east,2009-07,2,1980-04,0.174141,2,change_12m_raw_share|volatility_12m_raw_share,level_pctl_10y
china_east,2009-07,3,1980-11,0.175987,2,change_12m_raw_share|volatility_12m_raw_share,level_pctl_10y
china_east,2009-07,4,1980-12,0.175987,2,change_12m_raw_share|volatility_12m_raw_share,level_pctl_10y
china_east,2009-07,5,1981-01,0.175987,2,change_12m_raw_share|volatility_12m_raw_share,level_pctl_10y
china_east,2009-08,1,1980-04,0.080793,2,change_12m_raw_share|volatility_12m_raw_share,level_pctl_10y
china_east,2009-08,2,1980-11,0.086901,2,change_12m_raw_share|volatility_12m_raw_share,level_pctl_10y
china_east,2009-08,3,1980-12,0.086901,2,change_12m_raw_share|volatility_12m_raw_share,level_pctl_10y
china_east,2009-08,4,1981-01,0.086901,2,change_12m_raw_share|volatility_12m_raw_share,level_pctl_10y
china_east,2009-08,5,1983-02,0.089417,2,change_12m_raw_share|volatility_12m_raw_share,level_pctl_10y
china_east,2009-09,1,1980-11,0.086082,2,change_12m_raw_share|volatility_12m_raw_share,level_pctl_10y
china_east,2009-09,2,1980-12,0.086082,2,change_12m_raw_share|volatility_12m_raw_share,level_pctl_10y
china_east,2009-09,3,1981-01,0.086082,2,change_12m_raw_share|volatility_12m_raw_share,level_pctl_10y
china_east,2009-09,4,1980-04,0.090419,2,change_12m_raw_share|volatility_12m_raw_share,level_pctl_10y
china_east,2009-09,5,2015-12,0.159852,2,change_12m_raw_share|volatility_12m_raw_share,level_pctl_10y
china_east,2009-10,1,2003-06,0.851417,3,level_pctl_10y|change_12m_raw_share|volatility_12m_raw_share,
china_east,2009-10,2,1999-06,0.865333,3,level_pctl_10y|change_12m_raw_share|volatility_12m_raw_share,
china_east,2009-10,3,2006-11,1.005177,3,level_pctl_10y|change_12m_raw_share|volatility_12m_raw_share,
china_east,2009-10,4,2008-01,1.250655,3,level_pctl_10y|change_12m_raw_share|volatility_12m_raw_share,
china_east,2009-10,5,2014-09,1.302225,3,level_pctl_10y|change_12m_raw_share|volatility_12m_raw_share,
china_east,2009-11,1,2003-07,0.66534,3,level_pctl_10y|change_12m_raw_share|volatility_12m_raw_share,
china_east,2009-11,2,2008-03,0.741669,3,level_pctl_10y|change_12m_raw_share|volatility_12m_raw_share,
china_east,2009-11,3,2003-10,0.76417,3,level_pctl_10y|change_12m_raw_share|volatility_12m_raw_share,
china_east,2009-11,4,2008-06,0.818406,3,level_pctl_10y|change_12m_raw_share|volatility_12m_raw_share,
china_east,2009-11,5,2000-01,0.964639,3,level_pctl_10y|change_12m_raw_share|volatility_12m_raw_share,
china_east,2009-12,1,2010-08,0.320365,3,level_pctl_10y|change_12m_raw_share|volatility_12m_raw_share,
china_east,2009-12,2,2010-09,0.698803,3,level_pctl_10y|change_12m_raw_share|volatility_12m_raw_share,
china_east,2009-12,3,2004-01,0.748914,3,level_pctl_10y|change_12m_raw_share|volatility_12m_raw_share,
china_east,2009-12,4,2000-04,0.785172,3,level_pctl_10y|change_12m_raw_share|volatility_12m_raw_share,
china_east,2009-12,5,2008-07,0.789505,3,level_pctl_10y|change_12m_raw_share|volatility_12m_raw_share,
china_east,2010-01,1,2010-08,0.50455,3,level_pctl_10y|change_12m_raw_share|volatility_12m_raw_share,
china_east,2010-01,2,2008-07,0.729983,3,level_pctl_10y|change_12m_raw_share|volatility_12m_raw_share,
china_east,2010-01,3,2004-02,0.753968,3,level_pctl_10y|change_12m_raw_share|volatility_12m_raw_share,
china_east,2010-01,4,1999-09,0.768622,3,level_pctl_10y|change_12m_raw_share|volatility_12m_raw_share,
china_east,2010-01,5,2004-01,0.833835,3,level_pctl_10y|change_12m_raw_share|volatility_12m_raw_share,
china_east,2010-02,1,2003-09,0.713111,3,level_pctl_10y|change_12m_raw_share|volatility_12m_raw_share,
china_east,2010-02,2,2004-03,0.956567,3,level_pctl_10y|change_12m_raw_share|volatility_12m_raw_share,
china_east,2010-02,3,2015-02,1.004196,2,change_12m_raw_share|volatility_12m_raw_share,level_pctl_10y
china_east,2010-02,4,2007-03,1.004529,3,level_pctl_10y|change_12m_raw_share|volatility_12m_raw_share,
china_east,2010-02,5,1999-10,1.017656,3,level_pctl_10y|change_12m_raw_share|volatility_12m_raw_share,
china_east,2010-03,1,2015-02,1.049051,2,change_12m_raw_share|volatility_12m_raw_share,level_pctl_10y
china_east,2010-03,2,2015-08,1.057856,2,change_12m_raw_share|volatility_12m_raw_share,level_pctl_10y
china_east,2010-03,3,2015-07,1.082237,2,change_12m_raw_share|volatility_12m_raw_share,level_pctl_10y
china_east,2010-03,4,2015-03,1.096632,2,change_12m_raw_share|volatility_12m_raw_share,level_pctl_10y
china_east,2010-03,5,2015-04,1.125172,2,change_12m_raw_share|volatility_12m_raw_share,level_pctl_10y
china_east,2010-04,1,2008-04,0.741919,3,level_pctl_10y|change_12m_raw_share|volatility_12m_raw_share,
china_east,2010-04,2,2003-08,0.78406,3,level_pctl_10y|change_12m_raw_share|volatility_12m_raw_share,
china_east,2010-04,3,2008-06,0.792797,3,level_pctl_10y|change_12m_raw_share|volatility_12m_raw_share,
china_east,2010-04,4,2000-01,0.796294,3,level_pctl_10y|change_12m_raw_share|volatility_12m_raw_share,
china_east,2010-04,5,2003-07,0.836869,3,level_pctl_10y|change_12m_raw_share|volatility_12m_raw_share,
china_east,2010-05,1,2008-04,0.690485,3,level_pctl_10y|change_12m_raw_share|volatility_12m_raw_share,
china_east,2010-05,2,2003-08,0.697361,3,level_pctl_10y|change_12m_raw_share|volatility_12m_raw_share,
china_east,2010-05,3,2000-01,0.807887,3,level_pctl_10y|change_12m_raw_share|volatility_12m_raw_share,
china_east,2010-05,4,2000-05,0.810644,3,level_pctl_10y|change_12m_raw_share|volatility_12m_raw_share,
china_east,2010-05,5,2008-06,0.819333,3,level_pctl_10y|change_12m_raw_share|volatility_12m_raw_share,
china_east,2010-06,1,2003-09,0.668963,3,level_pctl_10y|change_12m_raw_share|volatility_12m_raw_share,
china_east,2010-06,2,2007-03,0.884936,3,level_pctl_10y|change_12m_raw_share|volatility_12m_raw_share,
china_east,2010-06,3,1999-10,0.903256,3,level_pctl_10y|change_12m_raw_share|volatility_12m_raw_share,
china_east,2010-06,4,2004-05,0.945604,3,level_pctl_10y|change_12m_raw_share|volatility_12m_raw_share,
china_east,2010-06,5,2000-02,0.98866,3,level_pctl_10y|change_12m_raw_share|volatility_12m_raw_share,
china_east,2010-07,1,2000-02,0.70215,3,level_pctl_10y|change_12m_raw_share|volatility_12m_raw_share,
china_east,2010-07,2,2003-12,0.720282,3,level_pctl_10y|change_12m_raw_share|volatility_12m_raw_share,
china_east,2010-07,3,2003-09,0.726327,3,level_pctl_10y|change_12m_raw_share|volatility_12m_raw_share,
china_east,2010-07,4,2004-03,0.732617,3,level_pctl_10y|change_12m_raw_share|volatility_12m_raw_share,
china_east,2010-07,5,1999-10,0.753522,3,level_pctl_10y|change_12m_raw_share|volatility_12m_raw_share,
china_east,2010-08,1,2009-12,0.320365,3,level_pctl_10y|change_12m_raw_share|volatility_12m_raw_share,
china_east,2010-08,2,2010-01,0.50455,3,level_pctl_10y|change_12m_raw_share|volatility_12m_raw_share,
china_east,2010-08,3,2000-02,0.661015,3,level_pctl_10y|change_12m_raw_share|volatility_12m_raw_share,
china_east,2010-08,4,1999-12,0.697364,3,level_pctl_10y|change_12m_raw_share|volatility_12m_raw_share,
china_east,2010-08,5,2003-12,0.721377,3,level_pctl_10y|change_12m_raw_share|volatility_12m_raw_share,
china_east,2010-09,1,2009-12,0.698803,3,level_pctl_10y|change_12m_raw_share|volatility_12m_raw_share,
china_east,2010-09,2,1999-12,0.762709,3,level_pctl_10y|change_12m_raw_share|volatility_12m_raw_share,
china_east,2010-09,3,2004-05,0.870009,3,level_pctl_10y|change_12m_raw_share|volatility_12m_raw_share,
china_east,2010-09,4,2000-02,0.906964,3,level_pctl_10y|change_12m_raw_share|volatility_12m_raw_share,
china_east,2010-09,5,1999-10,0.951966,3,level_pctl_10y|change_12m_raw_share|volatility_12m_raw_share,
china_east,2010-10,1,2000-06,0.85927,3,level_pctl_10y|change_12m_raw_share|volatility_12m_raw_share,
china_east,2010-10,2,2009-01,1.053698,3,level_pctl_10y|change_12m_raw_share|volatility_12m_raw_share,
china_east,2010-10,3,2004-06,1.242905,3,level_pctl_10y|change_12m_raw_share|volatility_12m_raw_share,
china_east,2010-10,4,2015-09,1.30509,2,change_12m_raw_share|volatility_12m_raw_share,level_pctl_10y
china_east,2010-10,5,1999-05,1.530478,3,level_pctl_10y|change_12m_raw_share|volatility_12m_raw_share,
china_east,2010-11,1,2009-06,0.345247,3,level_pctl_10y|change_12m_raw_share|volatility_12m_raw_share,
china_east,2010-11,2,1982-12,0.434003,2,change_12m_raw_share|volatility_12m_raw_share,level_pctl_10y
china_east,2010-11,3,1997-11,0.448815,3,level_pctl_10y|change_12m_raw_share|volatility_12m_raw_share,
china_east,2010-11,4,1992-12,0.615275,3,level_pctl_10y|change_12m_raw_share|volatility_12m_raw_share,
china_east,2010-11,5,2004-07,0.709427,3,level_pctl_10y|change_12m_raw_share|volatility_12m_raw_share,
china_east,2010-12,1,1983-11,0.14092,2,change_12m_raw_share|volatility_12m_raw_share,level_pctl_10y
china_east,2010-12,2,1980-06,0.19355,2,change_12m_raw_share|volatility_12m_raw_share,level_pctl_10y
china_east,2010-12,3,2006-05,0.2759,3,level_pctl_10y|change_12m_raw_share|volatility_12m_raw_share,
china_east,2010-12,4,2014-06,0.302091,3,level_pctl_10y|change_12m_raw_share|volatility_12m_raw_share,
china_east,2010-12,5,2005-09,0.304375,3,level_pctl_10y|change_12m_raw_share|volatility_12m_raw_share,
china_east,2011-01,1,1984-01,0.11536,3,level_pctl_10y|change_12m_raw_share|volatility_12m_raw_share,
china_east,2011-01,2,1984-02,0.120297,3,level_pctl_10y|change_12m_raw_share|volatility_12m_raw_share,
china_east,2011-01,3,1984-04,0.144569,3,level_pctl_10y|change_12m_raw_share|volatility_12m_raw_share,
china_east,2011-01,4,1980-07,0.151264,2,change_12m_raw_share|volatility_12m_raw_share,level_pctl_10y
china_east,2011-01,5,2002-02,0.161127,3,level_pctl_10y|change_12m_raw_share|volatility_12m_raw_share,
china_east,2011-02,1,1997-10,0.103961,3,level_pctl_10y|change_12m_raw_share|volatility_12m_raw_share,
china_east,2011-02,2,1982-11,0.118409,2,change_12m_raw_share|volatility_12m_raw_share,level_pctl_10y
china_east,2011-02,3,1983-02,0.165216,2,change_12m_raw_share|volatility_12m_raw_share,level_pctl_10y
china_east,2011-02,4,2005-11,0.167115,3,level_pctl_10y|change_12m_raw_share|volatility_12m_raw_share,
china_east,2011-02,5,1982-08,0.18199,2,change_12m_raw_share|volatility_12m_raw_share,level_pctl_10y
china_east,2011-03,1,1983-02,0.139396,2,change_12m_raw_share|volatility_12m_raw_share,level_pctl_10y
china_east,2011-03,2,1997-10,0.151386,3,level_pctl_10y|change_12m_raw_share|volatility_12m_raw_share,
china_east,2011-03,3,1983-04,0.16119,2,change_12m_raw_share|volatility_12m_raw_share,level_pctl_10y
china_east,2011-03,4,2006-02,0.166991,3,level_pctl_10y|change_12m_raw_share|volatility_12m_raw_share,
china_east,2011-03,5,1983-03,0.171528,2,change_12m_raw_share|volatility_12m_raw_share,level_pctl_10y
china_east,2011-04,1,1980-09,0.143228,2,change_12m_raw_share|volatility_12m_raw_share,level_pctl_10y
china_east,2011-04,2,1980-10,0.211316,2,change_12m_raw_share|volatility_12m_raw_share,level_pctl_10y
china_east,2011-04,3,1980-08,0.234551,2,change_12m_raw_share|volatility_12m_raw_share,level_pctl_10y
china_east,2011-04,4,1982-10,0.237326,2,change_12m_raw_share|volatility_12m_raw_share,level_pctl_10y
china_east,2011-04,5,1981-03,0.290833,2,change_12m_raw_share|volatility_12m_raw_share,level_pctl_10y
china_east,2011-05,1,1980-09,0.144028,2,change_12m_raw_share|volatility_12m_raw_share,level_pctl_10y
china_east,2011-05,2,1981-03,0.234926,2,change_12m_raw_share|volatility_12m_raw_share,level_pctl_10y
china_east,2011-05,3,1982-12,0.329486,2,change_12m_raw_share|volatility_12m_raw_share,level_pctl_10y
china_east,2011-05,4,1982-10,0.400014,2,change_12m_raw_share|volatility_12m_raw_share,level_pctl_10y
china_east,2011-05,5,1980-10,0.411186,2,change_12m_raw_share|volatility_12m_raw_share,level_pctl_10y
china_east,2011-06,1,1983-04,0.061465,2,change_12m_raw_share|volatility_12m_raw_share,level_pctl_10y
china_east,2011-06,2,1983-03,0.092207,2,change_12m_raw_share|volatility_12m_raw_share,level_pctl_10y
china_east,2011-06,3,1983-01,0.114347,2,change_12m_raw_share|volatility_12m_raw_share,level_pctl_10y
china_east,2011-06,4,1983-02,0.147992,2,change_12m_raw_share|volatility_12m_raw_share,level_pctl_10y
china_east,2011-06,5,1980-04,0.149661,2,change_12m_raw_share|volatility_12m_raw_share,level_pctl_10y
china_east,2011-07,1,1992-03,0.061563,3,level_pctl_10y|change_12m_raw_share|volatility_12m_raw_share,
china_east,2011-07,2,1992-01,0.069965,3,level_pctl_10y|change_12m_raw_share|volatility_12m_raw_share,
china_east,2011-07,3,1980-04,0.072535,2,change_12m_raw_share|volatility_12m_raw_share,level_pctl_10y
china_east,2011-07,4,1993-03,0.073393,3,level_pctl_10y|change_12m_raw_share|volatility_12m_raw_share,
china_east,2011-07,5,1980-11,0.078014,2,change_12m_raw_share|volatility_12m_raw_share,level_pctl_10y
china_east,2011-08,1,1980-08,0.126644,2,change_12m_raw_share|volatility_12m_raw_share,level_pctl_10y
china_east,2011-08,2,1980-07,0.161774,2,change_12m_raw_share|volatility_12m_raw_share,level_pctl_10y
china_east,2011-08,3,1980-10,0.201223,2,change_12m_raw_share|volatility_12m_raw_share,level_pctl_10y
china_east,2011-08,4,2016-02,0.286085,2,change_12m_raw_share|volatility_12m_raw_share,level_pctl_10y
china_east,2011-08,5,2015-10,0.318632,2,change_12m_raw_share|volatility_12m_raw_share,level_pctl_10y
china_east,2011-09,1,1980-07,0.018671,2,change_12m_raw_share|volatility_12m_raw_share,level_pctl_10y
china_east,2011-09,2,1984-01,0.060091,3,level_pctl_10y|change_12m_raw_share|volatility_12m_raw_share,
china_east,2011-09,3,1984-02,0.111619,3,level_pctl_10y|change_12m_raw_share|volatility_12m_raw_share,
china_east,2011-09,4,1993-04,0.111962,3,level_pctl_10y|change_12m_raw_share|volatility_12m_raw_share,
china_east,2011-09,5,1988-02,0.141736,3,level_pctl_10y|change_12m_raw_share|volatility_12m_raw_share,
china_east,2011-10,1,1984-02,0.128568,3,level_pctl_10y|change_12m_raw_share|volatility_12m_raw_share,
china_east,2011-10,2,1980-07,0.132312,2,change_12m_raw_share|volatility_12m_raw_share,level_pctl_10y
china_east,2011-10,3,1984-01,0.152211,3,level_pctl_10y|change_12m_raw_share|volatility_12m_raw_share,
china_east,2011-10,4,1988-01,0.158033,3,level_pctl_10y|change_12m_raw_share|volatility_12m_raw_share,
china_east,2011-10,5,1980-08,0.162829,2,change_12m_raw_share|volatility_12m_raw_share,level_pctl_10y
china_east,2011-11,1,1980-04,0.040627,2,change_12m_raw_share|volatility_12m_raw_share,level_pctl_10y
china_east,2011-11,2,1980-11,0.058269,2,change_12m_raw_share|volatility_12m_raw_share,level_pctl_10y
china_east,2011-11,3,1980-12,0.058269,2,change_12m_raw_share|volatility_12m_raw_share,level_pctl_10y
china_east,2011-11,4,1981-01,0.058269,2,change_12m_raw_share|volatility_12m_raw_share,level_pctl_10y
china_east,2011-11,5,1983-02,0.08193,2,change_12m_raw_share|volatility_12m_raw_share,level_pctl_10y
china_east,2011-12,1,1983-05,0.047986,2,change_12m_raw_share|volatility_12m_raw_share,level_pctl_10y
china_east,2011-12,2,2004-11,0.381397,3,level_pctl_10y|change_12m_raw_share|volatility_12m_raw_share,
china_east,2011-12,3,1988-06,0.393302,3,level_pctl_10y|change_12m_raw_share|volatility_12m_raw_share,
china_east,2011-12,4,1993-05,0.429489,3,level_pctl_10y|change_12m_raw_share|volatility_12m_raw_share,
china_east,2011-12,5,1991-08,0.504017,3,level_pctl_10y|change_12m_raw_share|volatility_12m_raw_share,
china_east,2012-01,1,2017-02,0.038774,2,change_12m_raw_share|volatility_12m_raw_share,level_pctl_10y
china_east,2012-01,2,2016-12,0.0644,2,change_12m_raw_share|volatility_12m_raw_share,level_pctl_10y
china_east,2012-01,3,1983-06,0.077448,2,change_12m_raw_share|volatility_12m_raw_share,level_pctl_10y
china_east,2012-01,4,2016-06,0.078012,2,change_12m_raw_share|volatility_12m_raw_share,level_pctl_10y
china_east,2012-01,5,2016-08,0.084352,2,change_12m_raw_share|volatility_12m_raw_share,level_pctl_10y
china_east,2012-02,1,2017-02,0.053342,2,change_12m_raw_share|volatility_12m_raw_share,level_pctl_10y
china_east,2012-02,2,2016-06,0.073847,2,change_12m_raw_share|volatility_12m_raw_share,level_pctl_10y
china_east,2012-02,3,2016-12,0.07673,2,change_12m_raw_share|volatility_12m_raw_share,level_pctl_10y
china_east,2012-02,4,1983-06,0.076926,2,change_12m_raw_share|volatility_12m_raw_share,level_pctl_10y
china_east,2012-02,5,2016-08,0.079449,2,change_12m_raw_share|volatility_12m_raw_share,level_pctl_10y
china_east,2012-03,1,2017-03,0.15611,2,change_12m_raw_share|volatility_12m_raw_share,level_pctl_10y
china_east,2012-03,2,2016-10,0.160304,2,change_12m_raw_share|volatility_12m_raw_share,level_pctl_10y
china_east,2012-03,3,1986-08,0.185381,3,level_pctl_10y|change_12m_raw_share|volatility_12m_raw_share,
china_east,2012-03,4,1994-07,0.207426,3,level_pctl_10y|change_12m_raw_share|volatility_12m_raw_share,
china_east,2012-03,5,1987-02,0.214793,3,level_pctl_10y|change_12m_raw_share|volatility_12m_raw_share,
china_east,2012-04,1,1983-07,0.089328,2,change_12m_raw_share|volatility_12m_raw_share,level_pctl_10y
china_east,2012-04,2,2016-11,0.114458,2,change_12m_raw_share|volatility_12m_raw_share,level_pctl_10y
china_east,2012-04,3,2004-12,0.128385,3,level_pctl_10y|change_12m_raw_share|volatility_12m_raw_share,
china_east,2012-04,4,2016-07,0.136494,2,change_12m_raw_share|volatility_12m_raw_share,level_pctl_10y
china_east,2012-04,5,2012-11,0.143891,3,level_pctl_10y|change_12m_raw_share|volatility_12m_raw_share,
china_east,2012-05,1,2017-03,0.04807,2,change_12m_raw_share|volatility_12m_raw_share,level_pctl_10y
china_east,2012-05,2,2016-10,0.053277,2,change_12m_raw_share|volatility_12m_raw_share,level_pctl_10y
china_east,2012-05,3,2016-08,0.121286,2,change_12m_raw_share|volatility_12m_raw_share,level_pctl_10y
china_east,2012-05,4,2016-06,0.128122,2,change_12m_raw_share|volatility_12m_raw_share,level_pctl_10y
china_east,2012-05,5,1983-09,0.155611,2,change_12m_raw_share|volatility_12m_raw_share,level_pctl_10y
china_east,2012-06,1,2016-11,0.047582,2,change_12m_raw_share|volatility_12m_raw_share,level_pctl_10y
china_east,2012-06,2,2016-07,0.052628,2,change_12m_raw_share|volatility_12m_raw_share,level_pctl_10y
china_east,2012-06,3,2016-09,0.075527,2,change_12m_raw_share|volatility_12m_raw_share,level_pctl_10y
china_east,2012-06,4,2004-12,0.086584,3,level_pctl_10y|change_12m_raw_share|volatility_12m_raw_share,
china_east,2012-06,5,1986-04,0.092364,3,level_pctl_10y|change_12m_raw_share|volatility_12m_raw_share,
china_east,2012-07,1,2016-11,0.037593,2,change_12m_raw_share|volatility_12m_raw_share,level_pctl_10y
china_east,2012-07,2,2016-07,0.040668,2,change_12m_raw_share|volatility_12m_raw_share,level_pctl_10y
china_east,2012-07,3,2016-09,0.064039,2,change_12m_raw_share|volatility_12m_raw_share,level_pctl_10y
china_east,2012-07,4,2019-02,0.077919,3,level_pctl_10y|change_12m_raw_share|volatility_12m_raw_share,
china_east,2012-07,5,2017-01,0.085294,2,change_12m_raw_share|volatility_12m_raw_share,level_pctl_10y
china_east,2012-08,1,2017-02,0.028663,2,change_12m_raw_share|volatility_12m_raw_share,level_pctl_10y
china_east,2012-08,2,2016-12,0.060309,2,change_12m_raw_share|volatility_12m_raw_share,level_pctl_10y
china_east,2012-08,3,1983-06,0.074085,2,change_12m_raw_share|volatility_12m_raw_share,level_pctl_10y
china_east,2012-08,4,2017-01,0.086835,2,change_12m_raw_share|volatility_12m_raw_share,level_pctl_10y
china_east,2012-08,5,2016-09,0.10209,2,change_12m_raw_share|volatility_12m_raw_share,level_pctl_10y
china_east,2012-09,1,2016-09,0.056704,2,change_12m_raw_share|volatility_12m_raw_share,level_pctl_10y
china_east,2012-09,2,2017-01,0.057708,2,change_12m_raw_share|volatility_12m_raw_share,level_pctl_10y
china_east,2012-09,3,1983-08,0.06387,2,change_12m_raw_share|volatility_12m_raw_share,level_pctl_10y
china_east,2012-09,4,2016-07,0.069141,2,change_12m_raw_share|volatility_12m_raw_share,level_pctl_10y
china_east,2012-09,5,2017-02,0.088759,2,change_12m_raw_share|volatility_12m_raw_share,level_pctl_10y
china_east,2012-10,1,2019-03,0.063025,3,level_pctl_10y|change_12m_raw_share|volatility_12m_raw_share,
china_east,2012-10,2,1983-07,0.081716,2,change_12m_raw_share|volatility_12m_raw_share,level_pctl_10y
china_east,2012-10,3,2016-11,0.125872,2,change_12m_raw_share|volatility_12m_raw_share,level_pctl_10y
china_east,2012-10,4,2016-07,0.147308,2,change_12m_raw_share|volatility_12m_raw_share,level_pctl_10y
china_east,2012-10,5,2005-02,0.155083,3,level_pctl_10y|change_12m_raw_share|volatility_12m_raw_share,
china_east,2012-11,1,1983-07,0.056393,2,change_12m_raw_share|volatility_12m_raw_share,level_pctl_10y
china_east,2012-11,2,2012-04,0.143891,3,level_pctl_10y|change_12m_raw_share|volatility_12m_raw_share,
china_east,2012-11,3,2016-11,0.14578,2,change_12m_raw_share|volatility_12m_raw_share,level_pctl_10y
china_east,2012-11,4,1991-10,0.159481,3,level_pctl_10y|change_12m_raw_share|volatility_12m_raw_share,
china_east,2012-11,5,2016-07,0.163214,2,change_12m_raw_share|volatility_12m_raw_share,level_pctl_10y
china_east,2012-12,1,2016-11,0.068461,2,change_12m_raw_share|volatility_12m_raw_share,level_pctl_10y
china_east,2012-12,2,2016-07,0.07169,2,change_12m_raw_share|volatility_12m_raw_share,level_pctl_10y
china_east,2012-12,3,1983-08,0.091089,2,change_12m_raw_share|volatility_12m_raw_share,level_pctl_10y
china_east,2012-12,4,2016-09,0.093092,2,change_12m_raw_share|volatility_12m_raw_share,level_pctl_10y
china_east,2012-12,5,2019-01,0.094015,3,level_pctl_10y|change_12m_raw_share|volatility_12m_raw_share,
china_east,2013-01,1,1998-02,0.065245,3,level_pctl_10y|change_12m_raw_share|volatility_12m_raw_share,
china_east,2013-01,2,1983-07,0.092212,2,change_12m_raw_share|volatility_12m_raw_share,level_pctl_10y
china_east,2013-01,3,2017-05,0.185421,2,change_12m_raw_share|volatility_12m_raw_share,level_pctl_10y
china_east,2013-01,4,2016-11,0.205048,2,change_12m_raw_share|volatility_12m_raw_share,level_pctl_10y
china_east,2013-01,5,2019-02,0.220248,3,level_pctl_10y|change_12m_raw_share|volatility_12m_raw_share,
china_east,2013-02,1,2016-07,0.037633,2,change_12m_raw_share|volatility_12m_raw_share,level_pctl_10y
china_east,2013-02,2,2016-09,0.042709,2,change_12m_raw_share|volatility_12m_raw_share,level_pctl_10y
china_east,2013-02,3,2017-01,0.058916,2,change_12m_raw_share|volatility_12m_raw_share,level_pctl_10y
china_east,2013-02,4,1983-08,0.066036,2,change_12m_raw_share|volatility_12m_raw_share,level_pctl_10y
china_east,2013-02,5,2016-11,0.067232,2,change_12m_raw_share|volatility_12m_raw_share,level_pctl_10y
china_east,2013-03,1,1995-07,0.125935,3,level_pctl_10y|change_12m_raw_share|volatility_12m_raw_share,
china_east,2013-03,2,1995-09,0.15194,3,level_pctl_10y|change_12m_raw_share|volatility_12m_raw_share,
china_east,2013-03,3,1983-07,0.188263,2,change_12m_raw_share|volatility_12m_raw_share,level_pctl_10y
china_east,2013-03,4,1994-08,0.191091,3,level_pctl_10y|change_12m_raw_share|volatility_12m_raw_share,
china_east,2013-03,5,2018-09,0.195628,3,level_pctl_10y|change_12m_raw_share|volatility_12m_raw_share,
china_east,2013-04,1,2017-04,0.058312,2,change_12m_raw_share|volatility_12m_raw_share,level_pctl_10y
china_east,2013-04,2,1986-12,0.15673,3,level_pctl_10y|change_12m_raw_share|volatility_12m_raw_share,
china_east,2013-04,3,1987-05,0.159197,3,level_pctl_10y|change_12m_raw_share|volatility_12m_raw_share,
china_east,2013-04,4,1987-01,0.215179,3,level_pctl_10y|change_12m_raw_share|volatility_12m_raw_share,
china_east,2013-04,5,1986-07,0.29925,3,level_pctl_10y|change_12m_raw_share|volatility_12m_raw_share,
china_east,2013-05,1,1988-11,0.280108,3,level_pctl_10y|change_12m_raw_share|volatility_12m_raw_share,
china_east,2013-05,2,1991-12,0.325256,3,level_pctl_10y|change_12m_raw_share|volatility_12m_raw_share,
china_east,2013-05,3,1992-05,0.335974,3,level_pctl_10y|change_12m_raw_share|volatility_12m_raw_share,
china_east,2013-05,4,2002-03,0.352172,3,level_pctl_10y|change_12m_raw_share|volatility_12m_raw_share,
china_east,2013-05,5,1996-11,0.364296,3,level_pctl_10y|change_12m_raw_share|volatility_12m_raw_share,
china_east,2013-06,1,2005-08,0.115804,3,level_pctl_10y|change_12m_raw_share|volatility_12m_raw_share,
china_east,2013-06,2,2003-02,0.14534,3,level_pctl_10y|change_12m_raw_share|volatility_12m_raw_share,
china_east,2013-06,3,1982-08,0.162211,2,change_12m_raw_share|volatility_12m_raw_share,level_pctl_10y
china_east,2013-06,4,1982-11,0.190254,2,change_12m_raw_share|volatility_12m_raw_share,level_pctl_10y
china_east,2013-06,5,2005-05,0.215126,3,level_pctl_10y|change_12m_raw_share|volatility_12m_raw_share,
china_east,2013-07,1,2006-03,0.18393,3,level_pctl_10y|change_12m_raw_share|volatility_12m_raw_share,
china_east,2013-07,2,1997-02,0.20227,3,level_pctl_10y|change_12m_raw_share|volatility_12m_raw_share,
china_east,2013-07,3,1997-04,0.222642,3,level_pctl_10y|change_12m_raw_share|volatility_12m_raw_share,
china_east,2013-07,4,1980-05,0.277037,2,change_12m_raw_share|volatility_12m_raw_share,level_pctl_10y
china_east,2013-07,5,1980-03,0.285623,2,change_12m_raw_share|volatility_12m_raw_share,level_pctl_10y
china_east,2013-08,1,2003-02,0.14536,3,level_pctl_10y|change_12m_raw_share|volatility_12m_raw_share,
china_east,2013-08,2,1983-01,0.183159,2,change_12m_raw_share|volatility_12m_raw_share,level_pctl_10y
china_east,2013-08,3,1983-03,0.200385,2,change_12m_raw_share|volatility_12m_raw_share,level_pctl_10y
china_east,2013-08,4,1983-04,0.230014,2,change_12m_raw_share|volatility_12m_raw_share,level_pctl_10y
china_east,2013-08,5,2005-08,0.248769,3,level_pctl_10y|change_12m_raw_share|volatility_12m_raw_share,
china_east,2013-09,1,1982-08,0.170309,2,change_12m_raw_share|volatility_12m_raw_share,level_pctl_10y
china_east,2013-09,2,1982-11,0.175061,2,change_12m_raw_share|volatility_12m_raw_share,level_pctl_10y
china_east,2013-09,3,1983-02,0.177912,2,change_12m_raw_share|volatility_12m_raw_share,level_pctl_10y
china_east,2013-09,4,1984-09,0.183149,3,level_pctl_10y|change_12m_raw_share|volatility_12m_raw_share,
china_east,2013-09,5,2005-08,0.1971,3,level_pctl_10y|change_12m_raw_share|volatility_12m_raw_share,
china_east,2013-10,1,2017-07,0.165706,3,level_pctl_10y|change_12m_raw_share|volatility_12m_raw_share,
china_east,2013-10,2,1981-06,0.277744,2,change_12m_raw_share|volatility_12m_raw_share,level_pctl_10y
china_east,2013-10,3,2003-04,0.319186,3,level_pctl_10y|change_12m_raw_share|volatility_12m_raw_share,
china_east,2013-10,4,2005-04,0.430804,3,level_pctl_10y|change_12m_raw_share|volatility_12m_raw_share,
china_east,2013-10,5,2002-03,0.519249,3,level_pctl_10y|change_12m_raw_share|volatility_12m_raw_share,
china_east,2013-11,1,2002-09,0.112221,3,level_pctl_10y|change_12m_raw_share|volatility_12m_raw_share,
china_east,2013-11,2,2002-06,0.117514,3,level_pctl_10y|change_12m_raw_share|volatility_12m_raw_share,
china_east,2013-11,3,2001-12,0.145895,3,level_pctl_10y|change_12m_raw_share|volatility_12m_raw_share,
china_east,2013-11,4,2017-11,0.160951,3,level_pctl_10y|change_12m_raw_share|volatility_12m_raw_share,
china_east,2013-11,5,1981-09,0.242187,2,change_12m_raw_share|volatility_12m_raw_share,level_pctl_10y
china_east,2013-12,1,2018-01,0.209406,3,level_pctl_10y|change_12m_raw_share|volatility_12m_raw_share,
china_east,2013-12,2,2001-09,0.250664,3,level_pctl_10y|change_12m_raw_share|volatility_12m_raw_share,
china_east,2013-12,3,1981-09,0.256691,2,change_12m_raw_share|volatility_12m_raw_share,level_pctl_10y
china_east,2013-12,4,1982-08,0.260734,2,change_12m_raw_share|volatility_12m_raw_share,level_pctl_10y
china_east,2013-12,5,2014-08,0.262373,3,level_pctl_10y|change_12m_raw_share|volatility_12m_raw_share,
china_east,2014-01,1,2002-04,0.107822,3,level_pctl_10y|change_12m_raw_share|volatility_12m_raw_share,
china_east,2014-01,2,1982-08,0.228196,2,change_12m_raw_share|volatility_12m_raw_share,level_pctl_10y
china_east,2014-01,3,2002-07,0.236986,3,level_pctl_10y|change_12m_raw_share|volatility_12m_raw_share,
china_east,2014-01,4,2002-08,0.277781,3,level_pctl_10y|change_12m_raw_share|volatility_12m_raw_share,
china_east,2014-01,5,1981-08,0.278832,2,change_12m_raw_share|volatility_12m_raw_share,level_pctl_10y
china_east,2014-02,1,2017-09,0.078667,3,level_pctl_10y|change_12m_raw_share|volatility_12m_raw_share,
china_east,2014-02,2,2001-02,0.133119,3,level_pctl_10y|change_12m_raw_share|volatility_12m_raw_share,
china_east,2014-02,3,2017-12,0.136102,3,level_pctl_10y|change_12m_raw_share|volatility_12m_raw_share,
china_east,2014-02,4,2002-12,0.242692,3,level_pctl_10y|change_12m_raw_share|volatility_12m_raw_share,
china_east,2014-02,5,1997-02,0.246402,3,level_pctl_10y|change_12m_raw_share|volatility_12m_raw_share,
china_east,2014-03,1,1982-09,0.222769,2,change_12m_raw_share|volatility_12m_raw_share,level_pctl_10y
china_east,2014-03,2,1982-08,0.249283,2,change_12m_raw_share|volatility_12m_raw_share,level_pctl_10y
china_east,2014-03,3,1981-08,0.265216,2,change_12m_raw_share|volatility_12m_raw_share,level_pctl_10y
china_east,2014-03,4,1982-11,0.281705,2,change_12m_raw_share|volatility_12m_raw_share,level_pctl_10y
china_east,2014-03,5,1982-02,0.332808,2,change_12m_raw_share|volatility_12m_raw_share,level_pctl_10y
china_east,2014-04,1,1982-10,0.323818,2,change_12m_raw_share|volatility_12m_raw_share,level_pctl_10y
china_east,2014-04,2,2009-02,0.397549,3,level_pctl_10y|change_12m_raw_share|volatility_12m_raw_share,
china_east,2014-04,3,1982-07,0.419559,2,change_12m_raw_share|volatility_12m_raw_share,level_pctl_10y
china_east,2014-04,4,1980-01,0.531982,2,change_12m_raw_share|volatility_12m_raw_share,level_pctl_10y
china_east,2014-04,5,2015-06,0.598603,2,change_12m_raw_share|volatility_12m_raw_share,level_pctl_10y
china_east,2014-05,1,1982-10,0.195531,2,change_12m_raw_share|volatility_12m_raw_share,level_pctl_10y
china_east,2014-05,2,1980-09,0.422712,2,change_12m_raw_share|volatility_12m_raw_share,level_pctl_10y
china_east,2014-05,3,2003-01,0.43861,3,level_pctl_10y|change_12m_raw_share|volatility_12m_raw_share,
china_east,2014-05,4,1982-12,0.48814,2,change_12m_raw_share|volatility_12m_raw_share,level_pctl_10y
china_east,2014-05,5,1982-07,0.509341,2,change_12m_raw_share|volatility_12m_raw_share,level_pctl_10y
china_east,2014-06,1,2003-05,0.212454,3,level_pctl_10y|change_12m_raw_share|volatility_12m_raw_share,
china_east,2014-06,2,2002-11,0.22979,3,level_pctl_10y|change_12m_raw_share|volatility_12m_raw_share,
china_east,2014-06,3,2005-09,0.245769,3,level_pctl_10y|change_12m_raw_share|volatility_12m_raw_share,
china_east,2014-06,4,2010-12,0.302091,3,level_pctl_10y|change_12m_raw_share|volatility_12m_raw_share,
china_east,2014-06,5,2017-08,0.313451,3,level_pctl_10y|change_12m_raw_share|volatility_12m_raw_share,
china_east,2014-07,1,1982-09,0.131001,2,change_12m_raw_share|volatility_12m_raw_share,level_pctl_10y
china_east,2014-07,2,1982-07,0.189054,2,change_12m_raw_share|volatility_12m_raw_share,level_pctl_10y
china_east,2014-07,3,2001-03,0.201357,3,level_pctl_10y|change_12m_raw_share|volatility_12m_raw_share,
china_east,2014-07,4,2018-03,0.262755,3,level_pctl_10y|change_12m_raw_share|volatility_12m_raw_share,
china_east,2014-07,5,2004-08,0.283685,3,level_pctl_10y|change_12m_raw_share|volatility_12m_raw_share,
china_east,2014-08,1,1982-09,0.138125,2,change_12m_raw_share|volatility_12m_raw_share,level_pctl_10y
china_east,2014-08,2,1982-08,0.155669,2,change_12m_raw_share|volatility_12m_raw_share,level_pctl_10y
china_east,2014-08,3,1982-11,0.172473,2,change_12m_raw_share|volatility_12m_raw_share,level_pctl_10y
china_east,2014-08,4,2018-03,0.174135,3,level_pctl_10y|change_12m_raw_share|volatility_12m_raw_share,
china_east,2014-08,5,2001-06,0.237667,3,level_pctl_10y|change_12m_raw_share|volatility_12m_raw_share,
china_east,2014-09,1,2008-01,0.17964,3,level_pctl_10y|change_12m_raw_share|volatility_12m_raw_share,
china_east,2014-09,2,1998-05,0.261034,3,level_pctl_10y|change_12m_raw_share|volatility_12m_raw_share,
china_east,2014-09,3,2006-11,0.458016,3,level_pctl_10y|change_12m_raw_share|volatility_12m_raw_share,
china_east,2014-09,4,2003-06,0.458768,3,level_pctl_10y|change_12m_raw_share|volatility_12m_raw_share,
china_east,2014-09,5,1999-06,0.471528,3,level_pctl_10y|change_12m_raw_share|volatility_12m_raw_share,
china_east,2014-10,1,2004-04,0.7446,3,level_pctl_10y|change_12m_raw_share|volatility_12m_raw_share,
china_east,2014-10,2,2015-06,0.809051,2,change_12m_raw_share|volatility_12m_raw_share,level_pctl_10y
china_east,2014-10,3,2004-07,1.210631,3,level_pctl_10y|change_12m_raw_share|volatility_12m_raw_share,
china_east,2014-10,4,2001-07,1.239241,3,level_pctl_10y|change_12m_raw_share|volatility_12m_raw_share,
china_east,2014-10,5,2004-05,1.250462,3,level_pctl_10y|change_12m_raw_share|volatility_12m_raw_share,
china_east,2014-11,1,2015-07,0.044913,2,change_12m_raw_share|volatility_12m_raw_share,level_pctl_10y
china_east,2014-11,2,2015-08,0.133916,2,change_12m_raw_share|volatility_12m_raw_share,level_pctl_10y
china_east,2014-11,3,1998-11,0.191696,3,level_pctl_10y|change_12m_raw_share|volatility_12m_raw_share,
china_east,2014-11,4,2007-07,0.24153,3,level_pctl_10y|change_12m_raw_share|volatility_12m_raw_share,
china_east,2014-11,5,1999-09,0.285736,3,level_pctl_10y|change_12m_raw_share|volatility_12m_raw_share,
china_east,2014-12,1,2015-08,0.071348,2,change_12m_raw_share|volatility_12m_raw_share,level_pctl_10y
china_east,2014-12,2,2015-07,0.090649,2,change_12m_raw_share|volatility_12m_raw_share,level_pctl_10y
china_east,2014-12,3,1982-02,0.356882,2,change_12m_raw_share|volatility_12m_raw_share,level_pctl_10y
china_east,2014-12,4,1982-03,0.35874,2,change_12m_raw_share|volatility_12m_raw_share,level_pctl_10y
china_east,2014-12,5,1982-04,0.35874,2,change_12m_raw_share|volatility_12m_raw_share,level_pctl_10y
china_east,2015-01,1,2015-08,0.139668,2,change_12m_raw_share|volatility_12m_raw_share,level_pctl_10y
china_east,2015-01,2,1982-03,0.354711,2,change_12m_raw_share|volatility_12m_raw_share,level_pctl_10y
china_east,2015-01,3,1982-04,0.354711,2,change_12m_raw_share|volatility_12m_raw_share,level_pctl_10y
china_east,2015-01,4,1982-01,0.356307,2,change_12m_raw_share|volatility_12m_raw_share,level_pctl_10y
china_east,2015-01,5,1982-02,0.363709,2,change_12m_raw_share|volatility_12m_raw_share,level_pctl_10y
china_east,2015-02,1,2007-06,0.055294,2,change_12m_raw_share|volatility_12m_raw_share,level_pctl_10y
china_east,2015-02,2,2006-12,0.11423,2,change_12m_raw_share|volatility_12m_raw_share,level_pctl_10y
china_east,2015-02,3,1998-06,0.172596,2,change_12m_raw_share|volatility_12m_raw_share,level_pctl_10y
china_east,2015-02,4,1998-11,0.177536,2,change_12m_raw_share|volatility_12m_raw_share,level_pctl_10y
china_east,2015-02,5,1998-12,0.196315,2,change_12m_raw_share|volatility_12m_raw_share,level_pctl_10y
china_east,2015-03,1,1998-06,0.072314,2,change_12m_raw_share|volatility_12m_raw_share,level_pctl_10y
china_east,2015-03,2,2007-06,0.095808,2,change_12m_raw_share|volatility_12m_raw_share,level_pctl_10y
china_east,2015-03,3,1998-12,0.09756,2,change_12m_raw_share|volatility_12m_raw_share,level_pctl_10y
china_east,2015-03,4,2006-12,0.153191,2,change_12m_raw_share|volatility_12m_raw_share,level_pctl_10y
china_east,2015-03,5,2007-08,0.214054,2,change_12m_raw_share|volatility_12m_raw_share,level_pctl_10y
china_east,2015-04,1,1998-06,0.045155,2,change_12m_raw_share|volatility_12m_raw_share,level_pctl_10y
china_east,2015-04,2,1998-12,0.069852,2,change_12m_raw_share|volatility_12m_raw_share,level_pctl_10y
china_east,2015-04,3,2007-06,0.12439,2,change_12m_raw_share|volatility_12m_raw_share,level_pctl_10y
china_east,2015-04,4,2006-12,0.182578,2,change_12m_raw_share|volatility_12m_raw_share,level_pctl_10y
china_east,2015-04,5,2007-08,0.205191,2,change_12m_raw_share|volatility_12m_raw_share,level_pctl_10y
china_east,2015-05,1,2007-08,0.075433,2,change_12m_raw_share|volatility_12m_raw_share,level_pctl_10y
china_east,2015-05,2,2007-10,0.079208,2,change_12m_raw_share|volatility_12m_raw_share,level_pctl_10y
china_east,2015-05,3,1998-12,0.097151,2,change_12m_raw_share|volatility_12m_raw_share,level_pctl_10y
china_east,2015-05,4,1998-06,0.103473,2,change_12m_raw_share|volatility_12m_raw_share,level_pctl_10y
china_east,2015-05,5,1998-10,0.133733,2,change_12m_raw_share|volatility_12m_raw_share,level_pctl_10y
china_east,2015-06,1,2004-05,0.518789,2,change_12m_raw_share|volatility_12m_raw_share,level_pctl_10y
china_east,2015-06,2,1999-12,0.536076,2,change_12m_raw_share|volatility_12m_raw_share,level_pctl_10y
china_east,2015-06,3,2007-05,0.567341,2,change_12m_raw_share|volatility_12m_raw_share,level_pctl_10y
china_east,2015-06,4,1998-09,0.589366,2,change_12m_raw_share|volatility_12m_raw_share,level_pctl_10y
china_east,2015-06,5,1998-08,0.592031,2,change_12m_raw_share|volatility_12m_raw_share,level_pctl_10y
china_east,2015-07,1,2014-11,0.044913,2,change_12m_raw_share|volatility_12m_raw_share,level_pctl_10y
china_east,2015-07,2,2014-12,0.090649,2,change_12m_raw_share|volatility_12m_raw_share,level_pctl_10y
china_east,2015-07,3,1998-11,0.116187,2,change_12m_raw_share|volatility_12m_raw_share,level_pctl_10y
china_east,2015-07,4,2007-06,0.119218,2,change_12m_raw_share|volatility_12m_raw_share,level_pctl_10y
china_east,2015-07,5,2006-12,0.171274,2,change_12m_raw_share|volatility_12m_raw_share,level_pctl_10y
china_east,2015-08,1,1998-11,0.056991,2,change_12m_raw_share|volatility_12m_raw_share,level_pctl_10y
china_east,2015-08,2,2014-12,0.071348,2,change_12m_raw_share|volatility_12m_raw_share,level_pctl_10y
china_east,2015-08,3,2007-07,0.131644,2,change_12m_raw_share|volatility_12m_raw_share,level_pctl_10y
china_east,2015-08,4,2014-11,0.133916,2,change_12m_raw_share|volatility_12m_raw_share,level_pctl_10y
china_east,2015-08,5,2015-01,0.139668,2,change_12m_raw_share|volatility_12m_raw_share,level_pctl_10y
china_east,2015-09,1,1999-05,0.169315,2,change_12m_raw_share|volatility_12m_raw_share,level_pctl_10y
china_east,2015-09,2,2007-11,0.26261,2,change_12m_raw_share|volatility_12m_raw_share,level_pctl_10y
china_east,2015-09,3,1980-02,0.588519,2,change_12m_raw_share|volatility_12m_raw_share,level_pctl_10y
china_east,2015-09,4,2000-06,0.596301,2,change_12m_raw_share|volatility_12m_raw_share,level_pctl_10y
china_east,2015-09,5,2004-06,0.754293,2,change_12m_raw_share|volatility_12m_raw_share,level_pctl_10y
china_east,2015-10,1,1996-01,0.05113,2,change_12m_raw_share|volatility_12m_raw_share,level_pctl_10y
china_east,2015-10,2,1996-03,0.058708,2,change_12m_raw_share|volatility_12m_raw_share,level_pctl_10y
china_east,2015-10,3,1996-04,0.060467,2,change_12m_raw_share|volatility_12m_raw_share,level_pctl_10y
china_east,2015-10,4,1987-08,0.080319,2,change_12m_raw_share|volatility_12m_raw_share,level_pctl_10y
china_east,2015-10,5,1996-10,0.081071,2,change_12m_raw_share|volatility_12m_raw_share,level_pctl_10y
china_east,2015-11,1,1996-01,0.027509,2,change_12m_raw_share|volatility_12m_raw_share,level_pctl_10y
china_east,2015-11,2,1996-10,0.064712,2,change_12m_raw_share|volatility_12m_raw_share,level_pctl_10y
china_east,2015-11,3,1996-04,0.075869,2,change_12m_raw_share|volatility_12m_raw_share,level_pctl_10y
china_east,2015-11,4,1996-03,0.081474,2,change_12m_raw_share|volatility_12m_raw_share,level_pctl_10y
china_east,2015-11,5,1987-08,0.107256,2,change_12m_raw_share|volatility_12m_raw_share,level_pctl_10y
china_east,2015-12,1,1996-02,0.024452,2,change_12m_raw_share|volatility_12m_raw_share,level_pctl_10y
china_east,2015-12,2,1987-09,0.034608,2,change_12m_raw_share|volatility_12m_raw_share,level_pctl_10y
china_east,2015-12,3,1981-04,0.041536,2,change_12m_raw_share|volatility_12m_raw_share,level_pctl_10y
china_east,2015-12,4,1993-07,0.061349,2,change_12m_raw_share|volatility_12m_raw_share,level_pctl_10y
china_east,2015-12,5,1987-11,0.06603,2,change_12m_raw_share|volatility_12m_raw_share,level_pctl_10y
china_east,2016-01,1,1981-04,0.013465,2,change_12m_raw_share|volatility_12m_raw_share,level_pctl_10y
china_east,2016-01,2,1996-02,0.033686,2,change_12m_raw_share|volatility_12m_raw_share,level_pctl_10y
china_east,2016-01,3,1993-07,0.046957,2,change_12m_raw_share|volatility_12m_raw_share,level_pctl_10y
china_east,2016-01,4,1993-08,0.063814,2,change_12m_raw_share|volatility_12m_raw_share,level_pctl_10y
china_east,2016-01,5,1996-07,0.067099,2,change_12m_raw_share|volatility_12m_raw_share,level_pctl_10y
china_east,2016-02,1,1988-05,0.077278,2,change_12m_raw_share|volatility_12m_raw_share,level_pctl_10y
china_east,2016-02,2,1987-12,0.086836,2,change_12m_raw_share|volatility_12m_raw_share,level_pctl_10y
china_east,2016-02,3,1993-10,0.095817,2,change_12m_raw_share|volatility_12m_raw_share,level_pctl_10y
china_east,2016-02,4,1981-05,0.104858,2,change_12m_raw_share|volatility_12m_raw_share,level_pctl_10y
china_east,2016-02,5,1984-11,0.13645,2,change_12m_raw_share|volatility_12m_raw_share,level_pctl_10y
china_east,2016-03,1,1996-01,0.028363,2,change_12m_raw_share|volatility_12m_raw_share,level_pctl_10y
china_east,2016-03,2,1996-10,0.067279,2,change_12m_raw_share|volatility_12m_raw_share,level_pctl_10y
china_east,2016-03,3,1996-05,0.094344,2,change_12m_raw_share|volatility_12m_raw_share,level_pctl_10y
china_east,2016-03,4,1987-09,0.09821,2,change_12m_raw_share|volatility_12m_raw_share,level_pctl_10y
china_east,2016-03,5,1996-04,0.098676,2,change_12m_raw_share|volatility_12m_raw_share,level_pctl_10y
china_east,2016-04,1,2019-11,0.041114,2,change_12m_raw_share|volatility_12m_raw_share,level_pctl_10y
china_east,2016-04,2,1993-09,0.051408,2,change_12m_raw_share|volatility_12m_raw_share,level_pctl_10y
china_east,2016-04,3,2019-12,0.05629,2,change_12m_raw_share|volatility_12m_raw_share,level_pctl_10y
china_east,2016-04,4,1993-08,0.057358,2,change_12m_raw_share|volatility_12m_raw_share,level_pctl_10y
china_east,2016-04,5,1993-12,0.062186,2,change_12m_raw_share|volatility_12m_raw_share,level_pctl_10y
china_east,2016-05,1,1986-05,0.065146,2,change_12m_raw_share|volatility_12m_raw_share,level_pctl_10y
china_east,2016-05,2,1986-03,0.103258,2,change_12m_raw_share|volatility_12m_raw_share,level_pctl_10y
china_east,2016-05,3,1994-08,0.132757,2,change_12m_raw_share|volatility_12m_raw_share,level_pctl_10y
china_east,2016-05,4,1994-06,0.150881,2,change_12m_raw_share|volatility_12m_raw_share,level_pctl_10y
china_east,2016-05,5,1990-03,0.167545,2,change_12m_raw_share|volatility_12m_raw_share,level_pctl_10y
china_east,2016-06,1,1994-07,0.07232,2,change_12m_raw_share|volatility_12m_raw_share,level_pctl_10y
china_east,2016-06,2,2012-02,0.073847,2,change_12m_raw_share|volatility_12m_raw_share,level_pctl_10y
china_east,2016-06,3,1986-11,0.074003,2,change_12m_raw_share|volatility_12m_raw_share,level_pctl_10y
china_east,2016-06,4,1994-09,0.077007,2,change_12m_raw_share|volatility_12m_raw_share,level_pctl_10y
china_east,2016-06,5,2012-01,0.078012,2,change_12m_raw_share|volatility_12m_raw_share,level_pctl_10y
china_east,2016-07,1,1998-01,0.031205,2,change_12m_raw_share|volatility_12m_raw_share,level_pctl_10y
china_east,2016-07,2,1990-06,0.036018,2,change_12m_raw_share|volatility_12m_raw_share,level_pctl_10y
china_east,2016-07,3,2013-02,0.037633,2,change_12m_raw_share|volatility_12m_raw_share,level_pctl_10y
china_east,2016-07,4,1986-04,0.037758,2,change_12m_raw_share|volatility_12m_raw_share,level_pctl_10y
china_east,2016-07,5,2012-07,0.040668,2,change_12m_raw_share|volatility_12m_raw_share,level_pctl_10y
china_east,2016-08,1,1994-07,0.067618,2,change_12m_raw_share|volatility_12m_raw_share,level_pctl_10y
china_east,2016-08,2,2012-02,0.079449,2,change_12m_raw_share|volatility_12m_raw_share,level_pctl_10y
china_east,2016-08,3,1986-08,0.080296,2,change_12m_raw_share|volatility_12m_raw_share,level_pctl_10y
china_east,2016-08,4,1994-09,0.080444,2,change_12m_raw_share|volatility_12m_raw_share,level_pctl_10y
china_east,2016-08,5,1986-11,0.080497,2,change_12m_raw_share|volatility_12m_raw_share,level_pctl_10y
china_east,2016-09,1,1986-04,0.022427,2,change_12m_raw_share|volatility_12m_raw_share,level_pctl_10y
china_east,2016-09,2,1990-06,0.025916,2,change_12m_raw_share|volatility_12m_raw_share,level_pctl_10y
china_east,2016-09,3,2013-02,0.042709,2,change_12m_raw_share|volatility_12m_raw_share,level_pctl_10y
china_east,2016-09,4,1998-01,0.044426,2,change_12m_raw_share|volatility_12m_raw_share,level_pctl_10y
china_east,2016-09,5,2012-09,0.056704,2,change_12m_raw_share|volatility_12m_raw_share,level_pctl_10y
china_east,2016-10,1,1986-08,0.006006,2,change_12m_raw_share|volatility_12m_raw_share,level_pctl_10y
china_east,2016-10,2,2012-05,0.053277,2,change_12m_raw_share|volatility_12m_raw_share,level_pctl_10y
china_east,2016-10,3,1987-02,0.069536,2,change_12m_raw_share|volatility_12m_raw_share,level_pctl_10y
china_east,2016-10,4,1994-07,0.071861,2,change_12m_raw_share|volatility_12m_raw_share,level_pctl_10y
china_east,2016-10,5,1986-07,0.109121,2,change_12m_raw_share|volatility_12m_raw_share,level_pctl_10y
china_east,2016-11,1,1986-09,0.023893,2,change_12m_raw_share|volatility_12m_raw_share,level_pctl_10y
china_east,2016-11,2,2012-07,0.037593,2,change_12m_raw_share|volatility_12m_raw_share,level_pctl_10y
china_east,2016-11,3,2012-06,0.047582,2,change_12m_raw_share|volatility_12m_raw_share,level_pctl_10y
china_east,2016-11,4,1990-04,0.050661,2,change_12m_raw_share|volatility_12m_raw_share,level_pctl_10y
china_east,2016-11,5,1990-06,0.053756,2,change_12m_raw_share|volatility_12m_raw_share,level_pctl_10y
china_east,2016-12,1,1986-11,0.02118,2,change_12m_raw_share|volatility_12m_raw_share,level_pctl_10y
china_east,2016-12,2,1986-06,0.039352,2,change_12m_raw_share|volatility_12m_raw_share,level_pctl_10y
china_east,2016-12,3,2012-08,0.060309,2,change_12m_raw_share|volatility_12m_raw_share,level_pctl_10y
china_east,2016-12,4,2012-01,0.0644,2,change_12m_raw_share|volatility_12m_raw_share,level_pctl_10y
china_east,2016-12,5,2012-02,0.07673,2,change_12m_raw_share|volatility_12m_raw_share,level_pctl_10y
china_east,2017-01,1,1986-04,0.022001,2,change_12m_raw_share|volatility_12m_raw_share,level_pctl_10y
china_east,2017-01,2,1990-06,0.029394,2,change_12m_raw_share|volatility_12m_raw_share,level_pctl_10y
china_east,2017-01,3,2012-09,0.057708,2,change_12m_raw_share|volatility_12m_raw_share,level_pctl_10y
china_east,2017-01,4,2013-02,0.058916,2,change_12m_raw_share|volatility_12m_raw_share,level_pctl_10y
china_east,2017-01,5,1998-01,0.063692,2,change_12m_raw_share|volatility_12m_raw_share,level_pctl_10y
china_east,2017-02,1,1986-06,0.016788,2,change_12m_raw_share|volatility_12m_raw_share,level_pctl_10y
china_east,2017-02,2,2012-08,0.028663,2,change_12m_raw_share|volatility_12m_raw_share,level_pctl_10y
china_east,2017-02,3,2012-01,0.038774,2,change_12m_raw_share|volatility_12m_raw_share,level_pctl_10y
china_east,2017-02,4,1986-11,0.050369,2,change_12m_raw_share|volatility_12m_raw_share,level_pctl_10y
china_east,2017-02,5,2012-02,0.053342,2,change_12m_raw_share|volatility_12m_raw_share,level_pctl_10y
china_east,2017-03,1,2012-05,0.04807,2,change_12m_raw_share|volatility_12m_raw_share,level_pctl_10y
china_east,2017-03,2,1994-07,0.049599,2,change_12m_raw_share|volatility_12m_raw_share,level_pctl_10y
china_east,2017-03,3,1995-08,0.066535,2,change_12m_raw_share|volatility_12m_raw_share,level_pctl_10y
china_east,2017-03,4,1986-08,0.084712,2,change_12m_raw_share|volatility_12m_raw_share,level_pctl_10y
china_east,2017-03,5,1983-09,0.11255,2,change_12m_raw_share|volatility_12m_raw_share,level_pctl_10y
china_east,2017-04,1,2013-04,0.058312,2,change_12m_raw_share|volatility_12m_raw_share,level_pctl_10y
china_east,2017-04,2,1986-12,0.068233,2,change_12m_raw_share|volatility_12m_raw_share,level_pctl_10y
china_east,2017-04,3,1998-04,0.104844,2,change_12m_raw_share|volatility_12m_raw_share,level_pctl_10y
china_east,2017-04,4,1987-05,0.123993,2,change_12m_raw_share|volatility_12m_raw_share,level_pctl_10y
china_east,2017-04,5,1995-11,0.13434,2,change_12m_raw_share|volatility_12m_raw_share,level_pctl_10y
china_east,2017-05,1,1991-03,0.048321,2,change_12m_raw_share|volatility_12m_raw_share,level_pctl_10y
china_east,2017-05,2,1990-10,0.051981,2,change_12m_raw_share|volatility_12m_raw_share,level_pctl_10y
china_east,2017-05,3,1985-10,0.057366,2,change_12m_raw_share|volatility_12m_raw_share,level_pctl_10y
china_east,2017-05,4,1985-11,0.086949,2,change_12m_raw_share|volatility_12m_raw_share,level_pctl_10y
china_east,2017-05,5,1990-07,0.117437,2,change_12m_raw_share|volatility_12m_raw_share,level_pctl_10y
china_east,2017-06,1,1987-06,0.114459,3,level_pctl_10y|change_12m_raw_share|volatility_12m_raw_share,
china_east,2017-06,2,1981-02,0.185275,2,change_12m_raw_share|volatility_12m_raw_share,level_pctl_10y
china_east,2017-06,3,1995-11,0.189957,3,level_pctl_10y|change_12m_raw_share|volatility_12m_raw_share,
china_east,2017-06,4,1980-03,0.21066,2,change_12m_raw_share|volatility_12m_raw_share,level_pctl_10y
china_east,2017-06,5,2000-07,0.2114,3,level_pctl_10y|change_12m_raw_share|volatility_12m_raw_share,
china_east,2017-07,1,2013-10,0.165706,3,level_pctl_10y|change_12m_raw_share|volatility_12m_raw_share,
china_east,2017-07,2,2003-04,0.28833,3,level_pctl_10y|change_12m_raw_share|volatility_12m_raw_share,
china_east,2017-07,3,1981-06,0.359012,2,change_12m_raw_share|volatility_12m_raw_share,level_pctl_10y
china_east,2017-07,4,2005-04,0.405758,3,level_pctl_10y|change_12m_raw_share|volatility_12m_raw_share,
china_east,2017-07,5,1988-11,0.534453,3,level_pctl_10y|change_12m_raw_share|volatility_12m_raw_share,
china_east,2017-08,1,2002-11,0.144602,3,level_pctl_10y|change_12m_raw_share|volatility_12m_raw_share,
china_east,2017-08,2,2001-01,0.259585,3,level_pctl_10y|change_12m_raw_share|volatility_12m_raw_share,
china_east,2017-08,3,1996-11,0.293071,3,level_pctl_10y|change_12m_raw_share|volatility_12m_raw_share,
china_east,2017-08,4,1981-10,0.311706,2,change_12m_raw_share|volatility_12m_raw_share,level_pctl_10y
china_east,2017-08,5,2014-06,0.313451,3,level_pctl_10y|change_12m_raw_share|volatility_12m_raw_share,
china_east,2017-09,1,2001-02,0.06462,3,level_pctl_10y|change_12m_raw_share|volatility_12m_raw_share,
china_east,2017-09,2,2014-02,0.078667,3,level_pctl_10y|change_12m_raw_share|volatility_12m_raw_share,
china_east,2017-09,3,2002-12,0.234289,3,level_pctl_10y|change_12m_raw_share|volatility_12m_raw_share,
china_east,2017-09,4,1997-02,0.244423,3,level_pctl_10y|change_12m_raw_share|volatility_12m_raw_share,
china_east,2017-09,5,1981-09,0.269977,2,change_12m_raw_share|volatility_12m_raw_share,level_pctl_10y
china_east,2017-10,1,2001-08,0.129993,3,level_pctl_10y|change_12m_raw_share|volatility_12m_raw_share,
china_east,2017-10,2,1982-09,0.219606,2,change_12m_raw_share|volatility_12m_raw_share,level_pctl_10y
china_east,2017-10,3,1982-08,0.228832,2,change_12m_raw_share|volatility_12m_raw_share,level_pctl_10y
china_east,2017-10,4,1982-11,0.265179,2,change_12m_raw_share|volatility_12m_raw_share,level_pctl_10y
china_east,2017-10,5,1981-08,0.276424,2,change_12m_raw_share|volatility_12m_raw_share,level_pctl_10y
china_east,2017-11,1,2002-06,0.051929,3,level_pctl_10y|change_12m_raw_share|volatility_12m_raw_share,
china_east,2017-11,2,2013-11,0.160951,3,level_pctl_10y|change_12m_raw_share|volatility_12m_raw_share,
china_east,2017-11,3,1982-08,0.244335,2,change_12m_raw_share|volatility_12m_raw_share,level_pctl_10y
china_east,2017-11,4,2002-09,0.259186,3,level_pctl_10y|change_12m_raw_share|volatility_12m_raw_share,
china_east,2017-11,5,2001-08,0.26444,3,level_pctl_10y|change_12m_raw_share|volatility_12m_raw_share,
china_east,2017-12,1,2014-02,0.136102,3,level_pctl_10y|change_12m_raw_share|volatility_12m_raw_share,
china_east,2017-12,2,2002-12,0.151976,3,level_pctl_10y|change_12m_raw_share|volatility_12m_raw_share,
china_east,2017-12,3,2001-02,0.159189,3,level_pctl_10y|change_12m_raw_share|volatility_12m_raw_share,
china_east,2017-12,4,1997-02,0.246211,3,level_pctl_10y|change_12m_raw_share|volatility_12m_raw_share,
china_east,2017-12,5,2006-03,0.267498,3,level_pctl_10y|change_12m_raw_share|volatility_12m_raw_share,
china_east,2018-01,1,1982-08,0.163602,2,change_12m_raw_share|volatility_12m_raw_share,level_pctl_10y
china_east,2018-01,2,1997-01,0.197043,3,level_pctl_10y|change_12m_raw_share|volatility_12m_raw_share,
china_east,2018-01,3,2013-12,0.209406,3,level_pctl_10y|change_12m_raw_share|volatility_12m_raw_share,
china_east,2018-01,4,1982-11,0.233122,2,change_12m_raw_share|volatility_12m_raw_share,level_pctl_10y
china_east,2018-01,5,2014-08,0.242579,3,level_pctl_10y|change_12m_raw_share|volatility_12m_raw_share,
china_east,2018-02,1,2002-07,0.126597,3,level_pctl_10y|change_12m_raw_share|volatility_12m_raw_share,
china_east,2018-02,2,1982-08,0.162907,2,change_12m_raw_share|volatility_12m_raw_share,level_pctl_10y
china_east,2018-02,3,2005-11,0.188234,3,level_pctl_10y|change_12m_raw_share|volatility_12m_raw_share,
china_east,2018-02,4,2002-04,0.199187,3,level_pctl_10y|change_12m_raw_share|volatility_12m_raw_share,
china_east,2018-02,5,2006-02,0.213171,3,level_pctl_10y|change_12m_raw_share|volatility_12m_raw_share,
china_east,2018-03,1,2001-06,0.108522,3,level_pctl_10y|change_12m_raw_share|volatility_12m_raw_share,
china_east,2018-03,2,2014-08,0.174135,3,level_pctl_10y|change_12m_raw_share|volatility_12m_raw_share,
china_east,2018-03,3,1982-09,0.179246,2,change_12m_raw_share|volatility_12m_raw_share,level_pctl_10y
china_east,2018-03,4,1982-08,0.218116,2,change_12m_raw_share|volatility_12m_raw_share,level_pctl_10y
china_east,2018-03,5,2001-09,0.219502,3,level_pctl_10y|change_12m_raw_share|volatility_12m_raw_share,
china_east,2018-04,1,1982-07,0.164024,2,change_12m_raw_share|volatility_12m_raw_share,level_pctl_10y
china_east,2018-04,2,1982-09,0.308358,2,change_12m_raw_share|volatility_12m_raw_share,level_pctl_10y
china_east,2018-04,3,2001-10,0.315797,3,level_pctl_10y|change_12m_raw_share|volatility_12m_raw_share,
china_east,2018-04,4,1980-01,0.365106,2,change_12m_raw_share|volatility_12m_raw_share,level_pctl_10y
china_east,2018-04,5,1982-10,0.386255,2,change_12m_raw_share|volatility_12m_raw_share,level_pctl_10y
china_east,2018-05,1,1982-09,0.168885,2,change_12m_raw_share|volatility_12m_raw_share,level_pctl_10y
china_east,2018-05,2,1982-08,0.277184,2,change_12m_raw_share|volatility_12m_raw_share,level_pctl_10y
china_east,2018-05,3,1982-11,0.282148,2,change_12m_raw_share|volatility_12m_raw_share,level_pctl_10y
china_east,2018-05,4,1980-01,0.319754,2,change_12m_raw_share|volatility_12m_raw_share,level_pctl_10y
china_east,2018-05,5,1981-08,0.32042,2,change_12m_raw_share|volatility_12m_raw_share,level_pctl_10y
china_east,2018-06,1,1982-07,0.21814,2,change_12m_raw_share|volatility_12m_raw_share,level_pctl_10y
china_east,2018-06,2,1982-10,0.32549,2,change_12m_raw_share|volatility_12m_raw_share,level_pctl_10y
china_east,2018-06,3,1980-01,0.404742,2,change_12m_raw_share|volatility_12m_raw_share,level_pctl_10y
china_east,2018-06,4,1982-09,0.410434,2,change_12m_raw_share|volatility_12m_raw_share,level_pctl_10y
china_east,2018-06,5,2001-07,0.4777,3,level_pctl_10y|change_12m_raw_share|volatility_12m_raw_share,
china_east,2018-07,1,2006-04,0.376764,3,level_pctl_10y|change_12m_raw_share|volatility_12m_raw_share,
china_east,2018-07,2,1980-02,0.48898,2,change_12m_raw_share|volatility_12m_raw_share,level_pctl_10y
china_east,2018-07,3,2003-03,0.552565,3,level_pctl_10y|change_12m_raw_share|volatility_12m_raw_share,
china_east,2018-07,4,1982-06,0.708666,2,change_12m_raw_share|volatility_12m_raw_share,level_pctl_10y
china_east,2018-07,5,1982-12,0.874892,2,change_12m_raw_share|volatility_12m_raw_share,level_pctl_10y
china_east,2018-08,1,1983-05,0.345986,2,change_12m_raw_share|volatility_12m_raw_share,level_pctl_10y
china_east,2018-08,2,1994-06,0.369934,3,level_pctl_10y|change_12m_raw_share|volatility_12m_raw_share,
china_east,2018-08,3,2016-05,0.377875,2,change_12m_raw_share|volatility_12m_raw_share,level_pctl_10y
china_east,2018-08,4,1981-03,0.380591,2,change_12m_raw_share|volatility_12m_raw_share,level_pctl_10y
china_east,2018-08,5,1981-05,0.411302,2,change_12m_raw_share|volatility_12m_raw_share,level_pctl_10y
china_east,2018-09,1,1983-07,0.056659,2,change_12m_raw_share|volatility_12m_raw_share,level_pctl_10y
china_east,2018-09,2,1995-09,0.084954,3,level_pctl_10y|change_12m_raw_share|volatility_12m_raw_share,
china_east,2018-09,3,1995-02,0.094828,3,level_pctl_10y|change_12m_raw_share|volatility_12m_raw_share,
china_east,2018-09,4,1991-09,0.129522,3,level_pctl_10y|change_12m_raw_share|volatility_12m_raw_share,
china_east,2018-09,5,1995-07,0.143305,3,level_pctl_10y|change_12m_raw_share|volatility_12m_raw_share,
china_east,2018-10,1,1983-07,0.108103,2,change_12m_raw_share|volatility_12m_raw_share,level_pctl_10y
china_east,2018-10,2,2005-02,0.194336,3,level_pctl_10y|change_12m_raw_share|volatility_12m_raw_share,
china_east,2018-10,3,2017-05,0.220528,2,change_12m_raw_share|volatility_12m_raw_share,level_pctl_10y
china_east,2018-10,4,2016-11,0.254077,2,change_12m_raw_share|volatility_12m_raw_share,level_pctl_10y
china_east,2018-10,5,2012-10,0.262771,3,level_pctl_10y|change_12m_raw_share|volatility_12m_raw_share,
china_east,2018-11,1,1983-07,0.083413,2,change_12m_raw_share|volatility_12m_raw_share,level_pctl_10y
china_east,2018-11,2,2005-02,0.117136,3,level_pctl_10y|change_12m_raw_share|volatility_12m_raw_share,
china_east,2018-11,3,2012-10,0.168388,3,level_pctl_10y|change_12m_raw_share|volatility_12m_raw_share,
china_east,2018-11,4,2017-05,0.208763,2,change_12m_raw_share|volatility_12m_raw_share,level_pctl_10y
china_east,2018-11,5,2016-11,0.220477,2,change_12m_raw_share|volatility_12m_raw_share,level_pctl_10y
china_east,2018-12,1,2016-05,0.168672,2,change_12m_raw_share|volatility_12m_raw_share,level_pctl_10y
china_east,2018-12,2,1983-07,0.223902,2,change_12m_raw_share|volatility_12m_raw_share,level_pctl_10y
china_east,2018-12,3,2005-02,0.22706,3,level_pctl_10y|change_12m_raw_share|volatility_12m_raw_share,
china_east,2018-12,4,2017-05,0.275398,2,change_12m_raw_share|volatility_12m_raw_share,level_pctl_10y
china_east,2018-12,5,1981-05,0.322729,2,change_12m_raw_share|volatility_12m_raw_share,level_pctl_10y
china_east,2019-01,1,1983-08,0.07221,2,change_12m_raw_share|volatility_12m_raw_share,level_pctl_10y
china_east,2019-01,2,1983-07,0.092207,2,change_12m_raw_share|volatility_12m_raw_share,level_pctl_10y
china_east,2019-01,3,2012-12,0.094015,3,level_pctl_10y|change_12m_raw_share|volatility_12m_raw_share,
china_east,2019-01,4,2016-07,0.113257,2,change_12m_raw_share|volatility_12m_raw_share,level_pctl_10y
china_east,2019-01,5,2016-11,0.119378,2,change_12m_raw_share|volatility_12m_raw_share,level_pctl_10y
china_east,2019-02,1,1983-08,0.025841,2,change_12m_raw_share|volatility_12m_raw_share,level_pctl_10y
china_east,2019-02,2,2012-07,0.077919,3,level_pctl_10y|change_12m_raw_share|volatility_12m_raw_share,
china_east,2019-02,3,2016-07,0.091179,2,change_12m_raw_share|volatility_12m_raw_share,level_pctl_10y
china_east,2019-02,4,2016-09,0.098687,2,change_12m_raw_share|volatility_12m_raw_share,level_pctl_10y
china_east,2019-02,5,2012-12,0.102076,3,level_pctl_10y|change_12m_raw_share|volatility_12m_raw_share,
china_east,2019-03,1,1983-07,0.021589,2,change_12m_raw_share|volatility_12m_raw_share,level_pctl_10y
china_east,2019-03,2,2012-10,0.063025,3,level_pctl_10y|change_12m_raw_share|volatility_12m_raw_share,
china_east,2019-03,3,2005-02,0.136659,3,level_pctl_10y|change_12m_raw_share|volatility_12m_raw_share,
china_east,2019-03,4,1983-08,0.15069,2,change_12m_raw_share|volatility_12m_raw_share,level_pctl_10y
china_east,2019-03,5,2016-11,0.160957,2,change_12m_raw_share|volatility_12m_raw_share,level_pctl_10y
china_east,2019-04,1,1983-07,0.126322,2,change_12m_raw_share|volatility_12m_raw_share,level_pctl_10y
china_east,2019-04,2,1995-05,0.169919,3,level_pctl_10y|change_12m_raw_share|volatility_12m_raw_share,
china_east,2019-04,3,2012-11,0.171359,3,level_pctl_10y|change_12m_raw_share|volatility_12m_raw_share,
china_east,2019-04,4,1991-10,0.1752,3,level_pctl_10y|change_12m_raw_share|volatility_12m_raw_share,
china_east,2019-04,5,1994-12,0.195902,3,level_pctl_10y|change_12m_raw_share|volatility_12m_raw_share,
china_east,2019-05,1,1983-06,0.081616,2,change_12m_raw_share|volatility_12m_raw_share,level_pctl_10y
china_east,2019-05,2,1991-11,0.096924,3,level_pctl_10y|change_12m_raw_share|volatility_12m_raw_share,
china_east,2019-05,3,1983-08,0.113074,2,change_12m_raw_share|volatility_12m_raw_share,level_pctl_10y
china_east,2019-05,4,1983-09,0.157769,2,change_12m_raw_share|volatility_12m_raw_share,level_pctl_10y
china_east,2019-05,5,2017-02,0.170473,2,change_12m_raw_share|volatility_12m_raw_share,level_pctl_10y
china_east,2019-06,1,1983-07,0.121332,2,change_12m_raw_share|volatility_12m_raw_share,level_pctl_10y
china_east,2019-06,2,2005-01,0.15288,3,level_pctl_10y|change_12m_raw_share|volatility_12m_raw_share,
china_east,2019-06,3,1983-08,0.162847,2,change_12m_raw_share|volatility_12m_raw_share,level_pctl_10y
china_east,2019-06,4,1991-10,0.187962,3,level_pctl_10y|change_12m_raw_share|volatility_12m_raw_share,
china_east,2019-06,5,2004-12,0.193763,3,level_pctl_10y|change_12m_raw_share|volatility_12m_raw_share,
china_east,2019-07,1,1983-08,0.12598,2,change_12m_raw_share|volatility_12m_raw_share,level_pctl_10y
china_east,2019-07,2,1983-07,0.126745,2,change_12m_raw_share|volatility_12m_raw_share,level_pctl_10y
china_east,2019-07,3,2016-07,0.215139,2,change_12m_raw_share|volatility_12m_raw_share,level_pctl_10y
china_east,2019-07,4,1983-06,0.219942,2,change_12m_raw_share|volatility_12m_raw_share,level_pctl_10y
china_east,2019-07,5,2016-09,0.224643,2,change_12m_raw_share|volatility_12m_raw_share,level_pctl_10y
china_east,2019-08,1,1995-06,0.134528,3,level_pctl_10y|change_12m_raw_share|volatility_12m_raw_share,
china_east,2019-08,2,1983-08,0.145283,2,change_12m_raw_share|volatility_12m_raw_share,level_pctl_10y
china_east,2019-08,3,1983-07,0.14987,2,change_12m_raw_share|volatility_12m_raw_share,level_pctl_10y
china_east,2019-08,4,1995-05,0.16482,3,level_pctl_10y|change_12m_raw_share|volatility_12m_raw_share,
china_east,2019-08,5,1994-12,0.189316,3,level_pctl_10y|change_12m_raw_share|volatility_12m_raw_share,
china_east,2019-09,1,1983-08,0.126472,2,change_12m_raw_share|volatility_12m_raw_share,level_pctl_10y
china_east,2019-09,2,2004-12,0.150366,3,level_pctl_10y|change_12m_raw_share|volatility_12m_raw_share,
china_east,2019-09,3,1983-06,0.175145,2,change_12m_raw_share|volatility_12m_raw_share,level_pctl_10y
china_east,2019-09,4,1991-10,0.184292,3,level_pctl_10y|change_12m_raw_share|volatility_12m_raw_share,
china_east,2019-09,5,2012-09,0.190869,3,level_pctl_10y|change_12m_raw_share|volatility_12m_raw_share,
china_east,2019-10,1,1993-06,0.17659,3,level_pctl_10y|change_12m_raw_share|volatility_12m_raw_share,
china_east,2019-10,2,1995-12,0.221841,3,level_pctl_10y|change_12m_raw_share|volatility_12m_raw_share,
china_east,2019-10,3,1983-10,0.228783,2,change_12m_raw_share|volatility_12m_raw_share,level_pctl_10y
china_east,2019-10,4,1990-08,0.237962,3,level_pctl_10y|change_12m_raw_share|volatility_12m_raw_share,
china_east,2019-10,5,1998-04,0.298527,3,level_pctl_10y|change_12m_raw_share|volatility_12m_raw_share,
china_east,2019-11,1,2016-04,0.041114,2,change_12m_raw_share|volatility_12m_raw_share,level_pctl_10y
china_east,2019-11,2,2016-01,0.087186,2,change_12m_raw_share|volatility_12m_raw_share,level_pctl_10y
china_east,2019-11,3,1981-04,0.095222,2,change_12m_raw_share|volatility_12m_raw_share,level_pctl_10y
china_east,2019-11,4,2015-12,0.124469,2,change_12m_raw_share|volatility_12m_raw_share,level_pctl_10y
china_east,2019-11,5,1996-07,0.150342,3,level_pctl_10y|change_12m_raw_share|volatility_12m_raw_share,
china_east,2019-12,1,2016-04,0.05629,2,change_12m_raw_share|volatility_12m_raw_share,level_pctl_10y
china_east,2019-12,2,1994-01,0.08358,3,level_pctl_10y|change_12m_raw_share|volatility_12m_raw_share,
china_east,2019-12,3,1993-09,0.118873,3,level_pctl_10y|change_12m_raw_share|volatility_12m_raw_share,
china_east,2019-12,4,2016-01,0.153113,2,change_12m_raw_share|volatility_12m_raw_share,level_pctl_10y
china_east,2019-12,5,1981-04,0.159195,2,change_12m_raw_share|volatility_12m_raw_share,level_pctl_10y
