date,pakistan_west,china_east,gulf_energy,us_trade,shipping,composite
2017-06-29,72.8,93.9,64.4,68.3,15.6,63.0
2017-06-30,64.6,95.0,47.5,66.9,32.0,61.2
2017-07-01,87.9,90.7,49.5,15.4,92.9,67.3
2017-07-02,61.2,94.5,49.7,4.4,41.0,50.2
2017-07-03,69.0,90.8,52.7,52.7,32.1,59.5
2017-07-04,51.4,93.5,55.7,19.5,61.1,56.2
2017-07-05,53.2,97.3,90.9,69.4,9.1,64.0
2017-07-06,31.6,96.3,96.8,95.2,55.6,75.1
2017-07-07,23.9,81.4,86.2,100.0,73.4,73.0
2017-07-08,95.8,83.1,87.8,92.6,74.1,86.7
2017-07-09,96.8,91.1,95.3,88.9,68.9,88.2
2017-07-10,89.0,95.3,93.7,47.6,79.1,80.9
2017-07-11,35.9,99.0,55.7,43.2,51.6,57.1
2017-07-12,60.6,83.9,48.7,15.5,94.8,60.7
2017-07-13,74.2,87.1,70.6,24.2,82.5,67.7
2017-07-14,41.5,91.3,47.2,15.9,6.7,40.5
2017-07-15,54.1,91.3,38.8,22.4,86.7,58.7
2017-07-16,91.4,83.8,58.9,0.5,23.4,51.6
2017-07-17,94.4,92.9,79.8,33.3,26.3,65.4
2017-07-18,92.0,95.0,71.4,8.5,36.2,60.6
2017-07-19,80.0,96.0,61.0,42.5,19.0,59.7
2017-07-20,78.1,92.0,61.7,41.8,4.5,55.6
2017-07-21,61.4,80.2,37.1,29.7,7.4,43.2
2017-07-22,62.1,85.7,68.5,19.2,15.8,50.2
2017-07-23,55.9,65.7,89.2,2.9,65.2,55.8
2017-07-24,37.1,99.5,79.0,19.0,10.2,49.0
2017-07-25,35.4,95.6,92.7,71.8,56.8,70.5
2017-07-26,49.8,94.7,100.0,20.3,60.9,65.1
2017-07-27,28.4,91.3,98.1,44.7,26.9,57.9
2017-07-28,29.7,81.8,91.4,14.8,45.9,52.7
2017-07-29,61.0,77.1,97.6,1.9,85.2,64.6
2017-07-30,52.6,76.8,70.6,7.1,48.8,51.2
2017-07-31,70.3,87.7,76.4,26.9,27.8,57.8
2017-08-01,52.1,93.4,70.9,41.8,87.3,69.1
2017-08-02,67.8,80.8,91.6,66.4,71.5,75.6
2017-08-03,54.0,86.5,93.5,54.4,63.7,70.4
2017-08-04,69.4,95.4,42.6,44.0,11.6,52.6
2017-08-05,37.3,93.1,98.6,5.1,66.4,60.1
2017-08-06,21.1,72.5,62.8,5.0,98.6,52.0
2017-08-07,66.7,72.1,23.3,10.5,89.5,52.4
2017-08-08,65.5,84.1,54.5,70.5,88.6,72.6
2017-08-09,27.6,87.3,33.9,41.2,89.1,55.8
2017-08-10,92.8,71.2,49.1,48.6,74.3,67.2
2017-08-11,17.5,93.3,37.7,26.5,96.9,54.3
2017-08-12,70.1,100.0,7.6,41.1,85.3,60.8
2017-08-13,90.7,88.4,50.7,28.4,85.3,68.7
2017-08-14,88.5,68.1,41.2,71.2,52.2,64.2
2017-08-15,80.2,75.8,52.0,71.8,14.5,58.9
2017-08-16,86.8,96.5,48.2,60.1,36.4,65.6
2017-08-17,54.1,83.4,27.1,65.9,66.8,59.5
2017-08-18,12.2,69.6,23.0,47.0,77.4,45.8
2017-08-19,29.4,72.7,12.1,60.2,69.3,48.7
2017-08-20,22.8,63.8,17.2,52.6,87.5,48.8
2017-08-21,48.9,93.1,26.6,84.5,100.0,70.6
2017-08-22,31.6,73.5,17.1,61.1,98.7,56.4
2017-08-23,18.7,54.0,34.0,33.6,93.6,46.8
2017-08-24,80.9,89.4,78.0,1.3,99.2,69.7
2017-08-25,46.0,56.5,21.1,30.4,89.5,48.7
2017-08-26,52.1,51.3,3.4,0.4,89.1,39.2
2017-08-27,51.5,69.0,66.1,6.3,90.8,56.7
2017-08-28,68.8,100.0,69.2,9.6,84.6,66.4
2017-08-29,35.7,97.1,51.9,25.7,21.6,46.4
2017-08-30,5.4,91.7,50.4,29.8,65.7,48.6
2017-08-31,17.3,66.3,50.2,11.1,91.8,47.3
2017-09-01,13.1,78.7,11.5,23.0,86.5,42.5
2017-09-02,16.3,66.5,18.8,2.4,22.9,25.4
2017-09-03,32.9,65.0,30.9,67.9,29.3,45.2
2017-09-04,10.5,90.3,27.5,86.6,21.5,47.3
2017-09-05,15.7,86.3,25.4,71.0,71.0,53.9
2017-09-06,22.5,39.4,13.7,30.5,94.0,40.0
2017-09-07,50.4,58.8,50.4,25.2,67.6,50.5
2017-09-08,7.2,51.0,51.8,14.3,80.9,41.0
2017-09-09,36.9,52.4,22.2,26.6,94.4,46.5
2017-09-10,49.8,62.5,73.9,26.9,59.3,54.5
2017-09-11,64.6,40.2,48.4,39.8,13.4,41.3
2017-09-12,49.4,27.1,30.6,20.8,69.4,39.5
2017-09-13,12.9,59.0,61.3,27.0,71.5,46.3
2017-09-14,35.8,66.5,80.5,57.2,36.6,55.3
2017-09-15,63.2,63.6,55.0,45.7,26.4,50.8
2017-09-16,93.1,56.0,2.3,5.0,27.0,36.7
2017-09-17,75.4,43.1,49.2,14.6,50.0,46.5
2017-09-18,36.4,43.3,81.2,29.1,24.1,42.8
2017-09-19,20.2,48.9,87.4,41.2,67.6,53.1
2017-09-20,42.6,40.3,85.6,33.1,72.6,54.8
2017-09-21,51.9,24.6,49.2,17.4,33.3,35.3
2017-09-22,95.8,17.7,54.7,49.1,51.7,53.8
2017-09-23,79.7,54.5,62.8,19.5,24.1,48.1
2017-09-24,89.1,53.2,67.8,31.8,54.7,59.3
2017-09-25,69.4,13.8,47.4,48.9,35.1,42.9
2017-09-26,89.2,24.2,77.3,41.6,79.9,62.5
2017-09-27,81.5,25.9,56.3,15.2,9.6,37.7
2017-09-28,43.9,22.9,39.9,22.5,40.2,33.9
2017-09-29,87.1,55.5,52.9,14.3,0.7,42.1
2017-09-30,80.2,89.0,35.5,9.2,30.4,48.9
2017-10-01,53.3,88.7,6.9,0.4,5.1,30.9
2017-10-02,86.5,62.2,28.7,7.6,58.2,48.7
2017-10-03,68.5,18.5,46.0,20.3,66.3,43.9
2017-10-04,85.6,24.5,36.1,53.1,45.8,49.0
2017-10-05,62.9,31.3,50.7,11.5,49.3,41.2
2017-10-06,58.8,98.2,40.9,30.8,82.1,62.2
2017-10-07,34.6,77.1,33.9,2.5,73.2,44.3
2017-10-08,39.5,95.4,13.2,1.8,33.5,36.7
2017-10-09,24.5,73.8,82.3,24.5,37.2,48.4
2017-10-10,23.3,27.9,51.2,26.9,53.7,36.6
2017-10-11,28.2,28.2,40.5,29.2,30.6,31.3
2017-10-12,19.6,9.5,70.9,35.1,4.6,27.9
2017-10-13,20.6,50.7,93.7,6.3,14.3,37.1
2017-10-14,35.9,54.0,95.8,8.0,33.1,45.4
2017-10-15,77.4,53.5,79.9,50.3,77.8,67.8
2017-10-16,6.6,32.5,86.5,18.3,44.3,37.6
2017-10-17,12.1,2.1,95.9,27.9,61.4,39.9
2017-10-18,14.4,14.1,88.0,12.7,35.4,32.9
2017-10-19,56.5,20.2,70.9,12.0,40.4,40.0
2017-10-20,9.9,73.4,74.7,38.2,64.2,52.1
2017-10-21,72.4,88.4,75.2,5.1,97.3,67.7
2017-10-22,17.3,58.6,51.9,4.7,75.6,41.6
2017-10-23,16.6,41.2,63.2,22.6,10.1,30.7
2017-10-24,26.6,58.2,41.4,23.9,85.9,47.2
2017-10-25,23.8,18.5,49.0,39.3,55.0,37.1
2017-10-26,31.1,7.7,35.1,68.6,73.9,43.3
2017-10-27,41.0,31.3,41.7,10.3,36.3,32.1
2017-10-28,41.2,20.6,0.7,37.2,52.2,30.4
2017-10-29,87.1,72.2,8.6,3.6,70.2,48.3
2017-10-30,50.2,65.0,27.7,17.8,16.2,35.4
2017-10-31,11.5,59.2,23.0,28.6,42.4,33.0
2017-11-01,1.6,26.6,42.0,24.3,51.1,29.1
2017-11-02,2.0,40.8,49.0,27.1,51.6,34.1
2017-11-03,1.0,32.6,25.7,48.2,67.1,34.9
2017-11-04,9.7,59.4,78.9,5.8,90.9,49.0
2017-11-05,46.6,23.0,33.7,40.8,94.8,47.8
2017-11-06,43.2,80.6,21.0,17.4,53.5,43.2
2017-11-07,11.3,13.2,9.3,30.2,88.7,30.5
2017-11-08,31.1,1.0,47.8,36.5,77.9,38.8
2017-11-09,5.1,22.4,16.9,37.1,75.1,31.3
2017-11-10,36.9,48.7,76.4,94.3,66.9,64.6
2017-11-11,76.8,56.5,46.3,86.3,90.8,71.4
2017-11-12,48.4,32.0,49.1,69.0,94.6,58.6
2017-11-13,33.8,3.2,35.0,60.6,84.5,43.4
2017-11-14,18.6,5.3,50.3,58.5,87.1,44.0
2017-11-15,40.8,0.3,56.7,51.4,63.3,42.5
2017-11-16,63.1,23.1,79.4,59.4,60.9,57.2
2017-11-17,67.9,49.8,58.9,68.5,50.2,59.1
2017-11-18,87.3,87.3,8.4,81.7,91.6,71.2
2017-11-19,34.4,65.3,11.5,7.4,92.3,42.2
2017-11-20,20.1,67.6,85.8,13.0,69.1,51.1
2017-11-21,28.0,46.2,72.9,19.1,36.6,40.6
2017-11-22,6.4,2.8,62.9,31.9,30.1,26.8
2017-11-23,32.4,37.9,47.1,63.6,43.7,45.0
2017-11-24,9.8,42.1,67.7,22.0,66.5,41.6
2017-11-25,47.7,24.3,82.1,2.4,100.0,51.3
2017-11-26,23.6,27.0,81.5,17.6,98.8,49.7
2017-11-27,39.6,2.7,38.7,36.9,82.8,40.1
2017-11-28,6.3,1.5,84.9,31.0,67.8,38.3
2017-11-29,6.0,24.9,73.6,26.4,88.9,44.0
2017-11-30,3.3,62.3,89.5,22.5,27.8,41.1
2017-12-03,65.4,21.8,93.7,0.9,37.3,43.8
2017-12-04,24.4,27.4,58.0,35.4,15.8,32.2
2017-12-05,17.5,15.4,89.6,28.5,22.3,34.7
2017-12-06,9.5,36.1,95.9,45.9,11.8,39.8
2017-12-07,56.3,92.9,93.2,49.3,4.4,59.2
2017-12-08,37.6,64.4,91.8,65.9,16.5,55.2
2017-12-09,39.0,59.2,80.6,6.7,83.3,53.8
2017-12-10,18.7,51.5,65.5,19.6,83.3,47.7
2017-12-11,47.8,57.4,52.8,20.7,77.6,51.3
2017-12-12,7.0,85.8,76.7,32.3,45.9,49.5
2017-12-13,11.0,59.4,90.7,41.7,34.8,47.5
2017-12-14,0.3,45.4,86.7,44.5,32.7,41.9
2017-12-15,0.3,35.2,75.5,77.5,11.5,40.0
2017-12-16,14.1,51.4,91.4,80.2,45.4,56.5
2017-12-17,57.9,63.0,49.9,50.7,52.4,54.8
2017-12-18,14.3,30.6,88.6,30.9,36.6,40.2
2017-12-19,35.3,55.8,71.2,33.6,30.5,45.3
2017-12-20,27.6,63.4,81.8,65.3,6.5,48.9
2017-12-21,17.0,61.8,44.2,28.3,54.1,41.1
2017-12-22,37.0,70.9,73.2,47.5,35.9,52.9
2017-12-23,74.6,69.3,40.6,23.9,98.9,61.5
2017-12-24,90.4,71.6,64.0,6.5,94.4,65.4
2017-12-25,79.8,52.4,98.9,47.9,58.8,67.6
2017-12-26,98.9,72.1,61.5,79.9,16.8,65.8
2017-12-27,89.4,59.9,36.2,71.6,11.1,53.6
2017-12-28,75.3,64.2,29.7,41.7,36.1,49.4
2017-12-29,53.7,28.5,29.6,84.2,44.3,48.1
2017-12-30,33.1,15.7,7.7,55.8,65.5,35.6
2017-12-31,96.4,74.9,41.3,86.5,77.1,75.3
2018-01-01,77.2,67.3,76.4,9.9,80.2,62.2
2018-01-02,56.2,33.4,78.9,44.4,12.3,45.0
2018-01-03,46.2,80.6,87.7,57.4,0.5,54.5
2018-01-04,36.8,66.8,95.9,59.7,43.3,60.5
2018-01-05,42.1,43.5,93.5,57.3,78.5,63.0
2018-01-06,55.3,18.7,73.4,60.7,17.1,45.0
2018-01-07,85.1,56.5,67.8,29.2,82.4,64.2
2018-01-08,19.7,70.6,27.2,15.1,12.7,29.1
2018-01-09,25.3,63.2,64.8,89.5,41.4,56.8
2018-01-10,20.6,34.6,61.1,85.8,24.4,45.3
2018-01-11,75.1,59.9,91.7,73.3,52.4,70.5
2018-01-12,60.0,80.3,97.1,37.6,10.7,57.1
2018-01-13,49.2,54.0,97.1,10.6,54.0,53.0
2018-01-14,56.0,52.5,59.4,4.8,83.8,51.3
2018-01-15,97.4,81.0,58.2,65.1,86.8,77.7
2018-01-16,77.3,45.6,38.8,34.0,53.8,49.9
2018-01-17,59.2,49.5,24.5,29.5,44.7,41.5
2018-01-18,80.6,77.7,49.6,29.9,18.6,51.3
2018-01-19,95.0,50.8,19.1,72.5,81.4,63.8
2018-01-20,98.7,31.6,1.0,67.1,74.7,54.6
2018-01-21,96.6,27.9,4.9,8.9,49.0,37.4
2018-01-22,75.3,21.3,59.7,65.2,6.5,45.6
2018-01-23,50.5,7.0,25.6,96.4,18.9,39.7
2018-01-24,43.7,23.5,5.2,90.7,21.4,36.9
2018-01-25,32.0,38.9,22.9,85.6,16.8,39.2
2018-01-26,61.7,60.4,32.6,86.1,36.5,55.5
2018-01-27,56.7,52.1,60.3,44.9,45.4,51.8
2018-01-28,22.0,55.2,8.7,48.6,26.1,32.1
2018-01-29,9.2,43.9,68.9,64.0,2.8,37.8
2018-01-30,20.4,28.2,56.2,92.1,0.5,39.5
2018-01-31,25.4,45.7,56.1,54.8,14.2,39.2
2018-02-01,2.8,39.0,21.5,27.6,3.5,18.9
2018-02-02,25.5,10.6,23.2,16.9,0.5,15.4
2018-02-03,39.0,76.6,39.3,2.0,52.1,41.8
2018-02-04,50.5,71.4,35.7,48.0,69.3,55.0
2018-02-05,94.5,25.6,29.3,38.8,65.9,50.8
2018-02-06,68.8,10.8,23.5,83.5,4.0,38.1
2018-02-07,13.2,12.0,26.4,27.4,21.4,20.1
2018-02-08,19.7,17.7,34.1,83.3,21.6,35.3
2018-02-09,23.3,17.1,48.4,43.9,13.6,29.3
2018-02-10,65.8,0.7,100.0,6.4,42.8,43.2
2018-02-11,84.7,19.3,99.8,9.6,38.8,50.4
2018-02-12,63.8,58.6,97.0,37.9,19.5,55.4
2018-02-13,81.8,59.2,88.5,66.1,2.9,59.7
2018-02-14,48.0,27.7,85.0,31.9,10.5,40.6
2018-02-15,62.1,88.0,86.1,45.7,5.1,57.4
2018-02-16,59.8,62.9,88.5,84.9,3.2,59.9
2018-02-17,12.9,39.2,82.0,90.3,20.9,49.1
2018-02-18,17.0,61.7,99.5,24.3,48.5,50.2
2018-02-19,25.9,34.1,89.1,37.0,54.0,48.0
2018-02-20,51.4,76.8,70.3,62.6,16.9,55.6
2018-02-21,41.2,45.8,36.6,49.4,14.0,37.4
2018-02-22,48.8,76.9,20.2,46.4,18.0,42.1
2018-02-23,66.7,39.1,29.7,89.9,25.9,50.3
2018-02-24,68.9,53.8,56.2,97.6,19.6,59.2
2018-02-25,76.4,23.6,38.9,63.2,44.2,49.3
2018-02-26,30.7,27.1,37.9,45.7,25.0,33.3
2018-02-27,54.2,30.6,67.5,42.0,10.5,41.0
2018-02-28,26.8,10.7,42.7,14.0,16.4,22.1
2018-03-01,49.2,50.6,41.4,70.9,25.8,47.6
2018-03-02,26.9,50.5,56.8,98.1,3.1,47.1
2018-03-03,22.6,84.7,80.2,98.4,15.1,60.2
2018-03-04,46.0,44.8,75.4,95.3,68.1,65.9
2018-03-05,12.9,37.7,96.3,98.8,90.9,67.3
2018-03-06,1.6,46.3,60.3,97.9,23.8,46.0
2018-03-07,51.5,16.1,37.5,98.8,37.8,48.3
2018-03-08,30.7,32.1,21.9,96.7,46.3,45.5
2018-03-09,50.8,28.3,14.4,99.3,30.9,44.7
2018-03-10,80.8,32.4,9.0,95.6,84.5,60.5
2018-03-11,49.7,63.3,85.7,98.4,50.8,69.6
2018-03-12,0.9,43.1,48.6,94.9,31.8,43.9
2018-03-13,9.9,44.6,31.0,90.1,2.8,35.7
2018-03-14,10.8,10.6,48.6,82.3,3.7,31.2
2018-03-15,33.6,9.6,72.8,95.7,50.6,52.4
2018-03-16,5.7,3.0,63.0,95.7,5.0,34.5
2018-03-17,68.1,4.6,63.8,90.4,82.2,61.8
2018-03-18,99.3,4.1,34.8,89.3,65.9,58.7
2018-03-19,72.3,27.7,69.4,89.8,6.1,53.1
2018-03-20,7.0,27.8,69.2,93.9,0.7,39.7
2018-03-21,8.1,22.1,69.8,94.1,2.5,39.3
2018-03-22,17.1,43.2,37.8,91.7,4.7,38.9
2018-03-23,71.5,39.3,27.2,99.6,6.1,48.7
2018-03-24,68.4,64.8,9.2,96.2,3.1,48.3
2018-03-25,44.7,54.6,9.2,97.8,34.9,48.2
2018-03-26,16.7,58.3,19.2,100.0,42.2,47.3
2018-03-27,2.9,36.1,34.5,98.9,12.7,37.0
2018-03-28,32.2,33.8,44.7,92.9,36.4,48.0
2018-03-29,28.2,35.7,27.1,89.4,17.5,39.6
2018-03-30,8.4,17.9,60.0,84.7,5.1,35.2
2018-03-31,75.3,90.7,81.2,86.5,15.9,69.9
2018-04-01,26.7,76.4,21.8,87.9,51.3,52.8
2018-04-02,33.2,50.1,52.1,94.3,17.4,49.4
2018-04-03,32.7,16.4,70.6,95.4,20.0,47.0
2018-04-04,11.2,16.6,72.4,97.6,29.1,45.4
2018-04-05,32.3,0.2,41.9,97.6,46.1,43.6
2018-04-06,28.3,12.4,12.0,97.2,5.7,31.1
2018-04-07,79.8,8.0,2.8,94.8,25.4,42.2
2018-04-08,87.2,81.3,3.5,93.3,28.9,58.8
2018-04-09,55.4,81.4,88.1,97.2,85.9,81.6
2018-04-10,40.4,44.9,92.0,94.4,68.0,67.9
2018-04-11,1.3,8.6,91.2,91.6,54.3,49.4
2018-04-12,6.9,12.5,95.7,93.5,16.1,44.9
2018-04-13,9.9,9.7,93.6,91.0,22.5,45.3
2018-04-14,5.1,7.5,73.9,88.2,27.6,40.5
2018-04-15,34.2,2.8,82.5,86.8,73.3,55.9
2018-04-16,1.7,13.2,92.1,88.3,26.0,44.3
2018-04-17,3.4,5.3,84.3,95.5,28.5,43.4
2018-04-18,48.0,0.2,82.0,86.2,8.7,45.0
2018-04-19,69.9,3.6,60.2,94.1,2.5,46.1
2018-04-20,34.5,14.0,77.0,91.8,3.6,44.1
2018-04-21,15.0,7.4,58.9,73.2,18.8,34.6
2018-04-22,52.0,73.9,54.7,78.5,54.5,62.7
2018-04-23,5.9,68.7,72.3,73.5,10.9,46.3
2018-04-24,50.1,76.3,85.3,89.3,53.7,70.9
2018-04-25,20.5,31.0,87.0,88.3,12.1,47.8
2018-04-26,30.7,79.5,95.4,92.1,1.0,59.7
2018-04-27,19.4,91.5,85.4,84.6,0.6,56.3
2018-04-28,63.0,99.6,80.7,83.8,15.4,68.5
2018-04-29,47.5,69.1,92.7,65.8,53.9,65.8
2018-04-30,16.8,65.6,99.6,71.2,8.5,52.3
2018-05-01,45.0,47.3,100.0,74.0,46.9,62.6
2018-05-02,17.5,61.6,96.5,79.4,8.2,52.7
2018-05-03,43.0,20.2,91.8,73.7,3.1,46.3
2018-05-04,6.2,14.0,87.5,54.4,16.2,35.6
2018-05-05,18.0,45.3,62.7,52.5,59.6,47.6
2018-05-06,50.5,45.8,97.8,51.7,36.2,56.4
2018-05-07,5.3,6.3,98.4,32.9,26.7,33.9
2018-05-08,9.6,14.3,99.8,74.1,50.5,49.7
2018-05-09,2.8,21.3,100.0,81.3,29.9,47.1
2018-05-10,19.5,24.5,100.0,72.8,5.9,44.5
2018-05-11,2.2,1.8,99.8,42.7,1.0,29.5
2018-05-12,1.6,0.8,98.6,57.8,1.8,32.1
2018-05-13,85.5,17.7,98.0,30.4,7.5,47.8
2018-05-14,58.8,3.4,98.8,77.3,36.8,55.0
2018-05-15,14.5,22.1,97.8,32.1,1.4,33.6
2018-05-16,1.2,15.4,95.6,40.1,0.2,30.5
2018-05-17,5.4,58.6,97.2,66.6,0.2,45.6
2018-05-18,92.8,16.8,96.4,72.5,1.0,55.9
2018-05-19,95.4,8.8,64.9,82.7,1.0,50.6
2018-05-20,84.3,73.2,87.5,90.1,18.9,70.8
2018-05-21,66.9,68.7,97.6,91.1,4.2,65.7
2018-05-22,76.4,40.2,93.5,93.1,8.7,62.4
2018-05-23,78.3,3.4,88.5,78.3,20.9,53.9
2018-05-24,44.2,9.3,92.5,76.1,59.2,56.3
2018-05-25,57.5,11.6,84.4,73.0,20.5,49.4
2018-05-26,96.7,23.0,75.8,47.7,57.6,60.2
2018-05-27,80.6,15.3,52.5,67.5,18.6,46.9
2018-05-28,83.2,6.3,93.7,71.8,28.8,56.8
2018-05-29,74.2,8.2,87.9,59.6,3.9,46.8
2018-05-30,93.8,0.2,85.8,76.4,27.5,56.7
2018-05-31,48.4,1.2,80.4,89.7,30.5,50.0
2018-06-01,22.3,6.2,69.1,97.5,36.3,46.3
2018-06-02,31.6,39.5,96.1,78.5,74.4,64.0
2018-06-03,97.7,16.6,83.2,78.1,75.4,70.2
2018-06-04,67.2,56.9,89.2,78.4,7.9,59.9
2018-06-05,55.7,16.2,89.0,78.2,13.7,50.6
2018-06-06,26.3,10.8,91.2,84.8,22.1,47.0
2018-06-07,56.8,21.7,68.3,86.9,14.6,49.7
2018-06-08,61.7,37.9,89.5,96.0,2.3,57.5
2018-06-09,44.7,64.4,77.4,98.1,3.8,57.7
2018-06-10,86.5,33.8,84.4,98.7,1.0,60.8
2018-06-11,15.8,17.0,70.5,85.5,0.2,37.8
2018-06-12,4.9,3.8,64.6,55.3,3.8,26.5
2018-06-13,65.7,4.0,59.8,52.2,63.4,49.0
2018-06-14,90.3,1.7,24.2,47.7,34.7,39.7
2018-06-15,42.5,5.7,48.4,80.7,0.2,35.5
2018-06-16,87.0,29.2,3.4,85.8,24.0,45.9
2018-06-17,37.7,35.6,2.6,93.0,35.2,40.8
2018-06-18,13.7,33.3,56.2,95.1,2.8,40.2
2018-06-19,42.2,10.7,52.5,97.0,3.2,41.1
2018-06-20,28.8,1.9,27.0,95.3,9.0,32.4
2018-06-21,15.3,51.6,40.9,98.9,9.2,43.2
2018-06-22,37.1,17.5,70.0,100.0,40.5,53.0
2018-06-23,50.7,2.0,8.6,92.4,46.6,40.0
2018-06-24,35.1,31.0,47.2,90.7,27.5,46.3
2018-06-25,12.6,4.6,26.9,94.1,30.2,33.7
2018-06-26,61.9,10.4,75.6,100.0,65.0,62.6
2018-06-27,35.5,6.3,72.3,99.1,24.6,47.5
2018-06-28,60.9,30.6,83.4,98.7,5.4,55.8
2018-06-29,28.9,14.0,74.4,96.9,28.0,48.4
2018-06-30,12.3,65.8,65.8,93.4,52.6,58.0
2018-07-01,44.2,20.6,68.1,98.5,33.0,52.9
2018-07-02,8.4,57.9,76.2,98.7,49.3,58.1
2018-07-03,15.2,42.6,90.3,95.6,34.0,55.5
2018-07-04,3.3,32.3,87.2,96.7,1.3,44.2
2018-07-05,0.2,34.6,94.5,95.1,17.7,48.4
2018-07-06,6.4,10.2,93.8,98.9,7.1,43.3
2018-07-07,4.0,1.3,48.6,94.4,3.3,30.3
2018-07-08,1.6,18.3,48.2,96.6,53.8,43.7
2018-07-09,0.9,7.6,77.2,95.8,59.5,48.2
2018-07-10,5.8,9.0,78.2,93.7,10.1,39.4
2018-07-11,0.2,4.3,90.5,98.2,6.3,39.9
2018-07-12,6.1,19.4,89.9,98.2,13.5,45.4
2018-07-13,11.5,21.5,81.3,98.0,59.4,54.4
2018-07-14,35.8,14.7,63.3,89.6,92.8,59.2
2018-07-15,0.7,9.3,80.1,79.4,76.7,49.3
2018-07-16,1.2,2.1,98.6,94.1,10.2,41.2
2018-07-17,0.9,0.7,97.0,99.1,17.5,43.0
2018-07-18,5.7,8.2,90.0,97.2,37.0,47.6
2018-07-19,9.8,15.5,85.6,93.4,11.7,43.2
2018-07-20,2.7,11.0,93.1,94.3,4.8,41.2
2018-07-21,18.2,30.6,97.2,100.0,23.5,53.9
2018-07-22,8.8,20.8,98.2,99.6,79.9,61.5
2018-07-23,85.7,6.0,98.2,89.4,57.1,67.3
2018-07-24,14.6,1.4,97.2,90.3,19.7,44.6
2018-07-25,8.6,17.6,96.8,99.3,63.6,57.2
2018-07-26,44.7,36.5,92.8,99.3,99.1,74.5
2018-07-27,9.5,54.5,92.1,96.1,98.6,70.2
2018-07-28,26.9,26.2,95.6,73.4,99.3,64.3
2018-07-29,14.7,5.6,93.7,89.0,98.4,60.3
2018-07-30,5.4,21.4,84.7,97.2,98.6,61.5
2018-07-31,37.0,11.5,95.8,91.1,93.9,65.9
2018-08-01,29.2,55.7,92.7,97.0,96.4,74.2
2018-08-02,21.5,25.0,96.9,93.4,97.2,66.8
2018-08-03,3.1,2.4,96.5,94.8,89.6,57.3
2018-08-04,15.4,5.2,92.9,92.1,98.8,60.9
2018-08-05,4.0,20.5,96.9,83.8,73.8,55.8
2018-08-06,1.5,16.9,98.8,87.3,86.4,58.2
2018-08-07,29.4,4.6,99.5,80.2,43.5,51.4
2018-08-08,0.5,2.9,97.9,79.9,37.9,43.8
2018-08-09,28.3,12.2,95.2,79.5,51.0,53.2
2018-08-10,10.9,40.0,91.8,82.1,47.0,54.4
2018-08-11,11.3,77.0,91.3,76.6,26.3,56.5
2018-08-12,73.8,71.2,85.3,90.8,10.1,66.2
2018-08-13,24.0,47.1,88.1,81.6,65.3,61.2
2018-08-14,52.5,62.5,77.9,81.2,37.4,62.3
2018-08-15,49.3,74.4,79.0,76.3,46.9,65.2
2018-08-16,62.1,29.8,81.2,80.7,30.1,56.8
2018-08-17,50.2,26.7,43.9,79.9,11.7,42.5
2018-08-18,88.5,16.5,75.2,71.0,57.2,61.7
2018-08-19,83.5,13.0,95.6,70.2,12.3,54.9
2018-08-20,32.1,25.2,89.4,82.5,1.0,46.1
2018-08-21,65.6,47.5,82.6,80.5,29.2,61.1
2018-08-22,13.9,31.2,85.6,80.1,52.8,52.7
2018-08-23,30.8,38.5,78.4,92.1,45.7,57.1
2018-08-24,5.7,56.4,54.3,84.1,27.5,45.6
2018-08-25,7.5,48.7,79.2,65.8,23.2,44.9
2018-08-26,12.5,7.7,87.4,78.2,53.1,47.8
2018-08-27,43.5,17.4,91.7,76.7,37.5,53.4
2018-08-28,32.8,11.6,89.9,81.9,59.2,55.1
2018-08-29,34.1,9.8,88.9,80.0,34.3,49.4
2018-08-30,21.5,64.0,79.2,75.7,25.5,53.2
2018-08-31,33.2,71.3,77.6,86.0,43.7,62.3
2018-09-01,16.3,33.8,81.9,85.0,82.5,59.9
2018-09-02,11.2,14.0,83.7,82.7,72.2,52.8
2018-09-03,1.8,34.0,79.8,87.8,51.1,50.9
2018-09-04,21.8,11.0,78.9,83.9,6.2,40.4
2018-09-05,55.3,31.4,74.3,88.7,20.3,54.0
2018-09-06,63.4,23.4,60.9,82.2,27.0,51.4
2018-09-07,39.8,2.6,52.7,75.7,5.5,35.3
2018-09-08,53.4,26.5,38.4,73.5,26.1,43.6
2018-09-09,9.8,68.0,42.4,64.9,8.1,38.6
2018-09-10,21.4,54.2,62.7,93.2,74.2,61.1
2018-09-11,30.5,15.1,79.6,85.7,5.5,43.3
2018-09-12,31.9,31.2,79.4,74.8,6.6,44.8
2018-09-13,21.0,30.2,71.9,54.1,51.2,45.7
2018-09-14,10.6,51.0,80.6,79.4,12.3,46.8
2018-09-15,4.8,73.6,50.2,63.1,9.0,40.2
2018-09-16,25.6,44.4,72.0,73.3,95.7,62.2
2018-09-17,12.7,2.1,86.5,82.2,33.4,43.4
2018-09-18,27.1,0.2,91.3,81.9,2.6,40.6
2018-09-19,34.2,5.8,76.3,81.4,17.9,43.1
2018-09-20,68.8,0.2,76.7,82.3,3.0,46.2
2018-09-21,79.1,35.1,79.3,87.6,13.4,58.9
2018-09-22,21.2,21.2,70.9,79.6,8.9,40.4
2018-09-23,17.6,23.4,81.1,83.6,24.2,46.0
2018-09-24,53.8,63.0,95.9,83.7,69.5,73.2
2018-09-25,56.9,22.2,96.2,73.5,64.0,62.6
2018-09-26,21.4,0.5,94.6,88.8,26.1,46.3
2018-09-27,11.2,16.1,93.5,79.1,7.0,41.4
2018-09-28,92.6,21.6,94.8,73.8,45.6,65.7
2018-09-29,99.7,19.7,93.5,61.9,18.6,58.7
2018-09-30,99.5,21.9,86.0,64.6,10.1,56.4
2018-10-01,82.3,2.2,65.9,87.9,8.9,49.5
2018-10-02,6.6,1.3,55.0,73.8,6.9,28.7
2018-10-03,7.7,14.9,87.0,79.2,19.4,41.6
2018-10-04,38.8,51.1,80.5,83.9,5.8,52.0
2018-10-05,76.0,37.9,59.1,96.7,15.6,57.1
2018-10-06,11.8,38.6,61.1,91.6,48.1,50.2
2018-10-07,0.6,21.8,61.4,82.6,6.4,34.6
2018-10-08,21.1,7.6,72.8,86.8,1.4,38.0
2018-10-09,16.1,23.9,69.5,87.6,27.3,44.9
2018-10-10,1.9,2.5,63.6,81.7,84.5,46.8
2018-10-11,16.1,5.7,63.8,95.7,81.5,52.6
2018-10-12,12.3,3.4,63.7,85.0,4.6,33.8
2018-10-13,15.4,17.3,61.8,71.3,26.7,38.5
2018-10-14,41.7,9.4,74.5,73.5,68.0,53.4
2018-10-15,39.5,49.0,65.4,71.7,12.4,47.6
2018-10-16,2.3,15.6,67.5,61.7,47.1,38.8
2018-10-17,2.5,15.5,59.7,65.2,50.1,38.6
2018-10-18,17.0,15.9,43.3,86.9,26.3,37.9
2018-10-19,8.7,68.4,73.0,72.5,48.9,54.3
2018-10-20,6.6,82.3,53.8,71.0,53.7,53.5
2018-10-21,80.5,79.1,67.7,64.8,23.7,63.2
2018-10-22,57.1,64.9,84.5,63.1,46.5,63.2
2018-10-23,82.7,17.3,85.1,67.5,17.0,53.9
2018-10-24,2.6,15.5,77.6,60.2,23.2,35.8
2018-10-25,20.3,59.5,69.6,61.0,9.5,44.0
2018-10-26,3.2,16.0,73.1,61.3,23.6,35.4
2018-10-27,81.0,71.6,90.5,45.2,94.6,76.6
2018-10-28,32.8,67.8,87.8,75.6,90.5,70.9
2018-10-29,23.6,10.2,88.3,86.3,92.8,60.2
2018-10-30,7.2,23.1,70.6,69.8,37.4,41.6
2018-10-31,3.7,50.5,78.7,78.7,23.5,47.0
2018-11-01,44.5,33.4,83.8,68.3,64.4,58.9
2018-11-02,9.4,38.1,97.2,95.5,34.1,54.9
2018-11-03,30.7,37.2,97.3,74.9,8.1,49.6
2018-11-04,30.8,2.5,97.3,80.5,14.5,45.1
2018-11-05,6.5,25.1,99.4,99.3,3.4,46.8
2018-11-06,26.0,15.6,98.2,81.4,21.7,48.6
2018-11-07,26.6,71.7,91.7,57.3,8.6,51.2
2018-11-08,1.0,21.3,92.4,67.4,59.3,48.3
2018-11-09,10.5,10.8,89.3,52.7,20.1,36.7
2018-11-10,36.3,21.6,83.3,52.3,39.3,46.6
2018-11-11,71.1,81.7,70.2,86.0,22.4,66.3
2018-11-12,17.2,18.3,85.0,95.9,14.7,46.2
2018-11-13,4.0,2.1,85.7,98.8,19.0,41.9
2018-11-14,4.6,57.4,72.8,97.8,29.8,52.5
2018-11-15,2.9,66.0,77.6,88.9,61.7,59.4
2018-11-16,21.4,47.3,70.7,64.7,93.3,59.5
2018-11-17,11.5,13.2,60.4,66.4,33.2,36.9
2018-11-18,16.5,1.9,80.7,77.7,8.8,37.1
2018-11-19,7.6,7.1,83.5,77.7,21.3,39.4
2018-11-20,8.7,8.3,85.9,63.0,47.0,42.6
2018-11-21,27.2,31.2,94.8,58.0,44.6,51.2
2018-11-22,36.6,6.4,74.7,86.4,6.8,42.2
2018-11-23,67.5,50.7,88.3,83.8,4.9,59.0
2018-11-24,60.5,90.9,92.5,60.3,87.8,78.4
2018-11-25,86.8,31.4,97.3,64.7,34.5,62.9
2018-11-26,81.8,40.8,91.1,66.5,17.7,59.6
2018-11-27,32.6,45.4,69.6,69.2,14.3,46.2
2018-11-28,81.6,4.0,80.1,68.9,10.4,49.0
2018-11-29,82.8,12.5,89.5,91.4,56.2,66.5
2018-11-30,46.1,39.3,77.2,99.4,16.8,55.8
2018-12-01,79.1,49.1,92.6,99.3,81.8,80.4
2018-12-02,82.1,54.9,95.4,89.6,21.6,68.7
2018-12-03,25.6,34.9,87.4,89.9,12.1,50.0
2018-12-04,5.4,42.1,87.9,84.3,44.2,52.8
2018-12-05,32.1,30.1,66.1,93.0,17.0,47.6
2018-12-06,40.7,12.9,96.2,62.2,35.8,49.6
2018-12-07,38.5,4.4,93.9,55.1,1.7,38.7
2018-12-08,95.3,0.9,97.9,58.2,3.0,51.0
2018-12-09,80.7,60.8,97.9,62.0,40.7,68.4
2018-12-10,21.6,19.2,86.7,60.1,47.1,47.0
2018-12-11,0.1,28.0,84.3,58.6,33.2,40.8
2018-12-12,15.5,14.1,93.5,70.0,17.3,42.1
2018-12-13,2.5,24.9,89.6,48.6,62.7,45.7
2018-12-14,1.0,11.0,73.8,48.7,0.7,27.0
2018-12-15,6.0,24.6,80.3,15.0,4.9,26.2
2018-12-16,38.6,4.6,79.5,37.9,5.0,33.1
2018-12-17,18.6,60.1,77.3,52.4,40.9,49.9
2018-12-18,57.5,90.2,69.7,55.1,3.1,55.1
2018-12-19,3.5,62.2,71.1,55.7,1.5,38.8
2018-12-20,11.7,52.6,85.4,50.9,1.5,40.4
2018-12-21,19.8,86.1,76.0,82.6,16.2,56.1
2018-12-22,50.9,60.5,84.4,30.6,8.1,46.9
2018-12-23,44.2,80.6,82.2,46.9,77.2,66.2
2018-12-24,46.7,64.4,84.6,55.9,63.1,62.9
2018-12-25,45.4,99.7,78.5,51.2,14.3,57.8
2018-12-26,6.9,82.4,69.7,83.7,49.5,58.5
2018-12-27,22.8,68.8,53.5,87.3,13.4,49.1
2018-12-28,26.6,69.4,38.5,65.4,30.3,46.0
2018-12-29,31.5,89.8,40.4,82.1,26.3,54.0
2018-12-30,51.4,81.8,60.9,72.1,94.8,72.2
2018-12-31,82.0,54.3,36.1,97.8,90.2,72.1
2019-01-01,97.5,49.6,48.4,96.7,8.4,60.1
2019-01-02,84.8,34.2,54.3,83.4,6.9,52.7
2019-01-03,48.1,18.5,60.0,71.6,2.7,40.2
2019-01-04,60.2,27.2,55.5,80.9,29.8,50.7
2019-01-05,35.7,29.0,37.6,65.1,5.8,34.6
2019-01-06,28.4,49.0,74.6,58.1,4.7,43.0
2019-01-07,27.6,33.4,42.2,78.3,15.8,39.5
2019-01-08,40.2,53.6,64.0,73.5,3.2,46.9
2019-01-09,50.0,35.3,75.3,74.0,4.5,47.8
2019-01-10,28.7,28.3,38.0,74.2,18.8,37.6
2019-01-11,61.3,25.0,52.7,60.3,3.3,40.5
2019-01-12,64.7,17.2,53.8,48.1,38.7,44.5
2019-01-13,69.4,79.9,88.0,47.0,9.8,58.8
2019-01-14,36.3,27.6,68.5,49.9,18.8,40.2
2019-01-15,56.0,9.9,77.1,57.3,17.3,43.5
2019-01-16,25.1,26.2,62.8,34.3,13.0,32.3
2019-01-17,54.4,28.6,73.2,47.8,8.2,42.4
2019-01-18,48.8,76.5,63.5,42.0,8.5,47.9
2019-01-19,72.4,85.3,59.1,68.0,15.9,60.1
2019-01-20,24.5,77.5,52.7,22.8,35.3,42.6
2019-01-21,25.1,20.2,76.4,57.3,26.6,41.1
2019-01-22,13.9,21.4,70.7,49.0,10.0,33.0
2019-01-23,12.4,28.2,78.3,52.6,12.6,36.8
2019-01-24,22.1,21.7,64.6,40.7,9.2,31.6
2019-01-25,7.0,6.3,60.2,62.4,36.4,34.5
2019-01-26,80.1,63.0,78.0,35.2,19.0,55.1
2019-01-27,69.9,19.6,89.8,46.8,17.6,48.8
2019-01-28,41.5,13.5,66.6,53.3,22.7,39.5
2019-01-29,55.9,15.9,91.8,70.7,8.5,48.6
2019-01-30,19.2,27.9,81.7,46.6,13.2,37.7
2019-01-31,46.3,15.7,71.7,76.0,38.9,49.7
2019-02-01,3.8,67.3,55.5,63.3,2.9,38.6
2019-02-02,2.7,22.4,37.9,10.9,0.8,14.9
2019-02-03,42.2,6.5,46.7,36.4,9.3,28.2
2019-02-04,15.9,8.9,42.4,45.6,0.8,22.7
2019-02-05,47.9,6.6,30.6,56.6,1.2,28.6
2019-02-06,14.8,18.3,32.7,70.1,43.8,35.9
2019-02-07,30.8,39.8,45.9,43.5,8.9,33.8
2019-02-08,27.2,62.8,69.4,75.5,5.9,48.2
2019-02-09,59.8,99.9,40.9,55.4,12.4,53.7
2019-02-10,25.3,89.0,75.7,61.8,10.4,52.4
2019-02-11,15.8,57.7,55.5,62.9,0.4,38.5
2019-02-12,12.0,43.7,77.7,56.2,14.6,40.8
2019-02-13,2.5,63.2,77.2,71.0,32.8,49.3
2019-02-14,73.5,29.8,74.3,37.6,6.2,44.3
2019-02-15,97.7,43.5,45.3,47.0,6.5,48.0
2019-02-16,100.0,26.4,77.5,29.1,64.1,59.4
2019-02-17,97.3,12.9,93.8,14.8,28.4,49.5
2019-02-18,96.3,39.7,79.1,49.5,20.7,57.1
2019-02-19,96.6,36.3,72.8,59.5,15.4,56.1
2019-02-20,91.5,47.3,63.5,50.4,43.0,59.1
2019-02-21,89.8,31.3,62.5,46.8,11.4,48.4
2019-02-22,97.5,49.7,63.6,55.4,0.5,53.4
2019-02-23,96.7,26.5,76.4,20.7,2.2,44.5
2019-02-24,86.3,72.8,81.5,10.0,2.1,50.5
2019-02-25,72.7,70.9,44.5,88.7,6.0,56.6
2019-02-26,100.0,62.1,62.1,74.9,18.1,63.4
2019-02-27,100.0,59.5,41.9,52.1,0.4,50.8
2019-02-28,99.7,60.6,37.8,86.0,0.3,56.9
2019-03-01,99.6,44.6,44.0,67.6,1.8,51.5
2019-03-02,99.7,83.1,56.9,60.7,1.4,60.4
2019-03-03,99.3,16.8,52.2,44.4,9.9,44.5
2019-03-04,99.0,11.8,63.7,60.4,3.6,47.7
2019-03-05,98.2,15.9,35.4,89.8,64.7,60.8
2019-03-06,98.2,11.7,29.1,87.2,6.9,46.6
2019-03-07,93.8,44.2,50.5,58.0,1.0,49.5
2019-03-08,92.3,14.3,33.5,61.8,6.3,41.6
2019-03-09,98.9,60.3,12.5,39.3,0.4,42.3
2019-03-10,98.4,98.2,38.2,65.9,13.6,62.9
2019-03-11,90.5,62.8,30.2,61.7,14.3,51.9
2019-03-12,92.2,25.7,49.0,68.0,41.8,55.3
2019-03-13,90.4,29.5,47.1,38.7,7.4,42.6
2019-03-14,58.8,31.7,66.6,44.5,39.1,48.2
2019-03-15,53.8,66.9,53.3,45.6,3.3,44.6
2019-03-16,88.2,72.8,33.7,15.9,0.5,42.2
2019-03-17,96.4,45.1,52.1,21.2,23.9,47.7
2019-03-18,93.0,48.8,59.8,57.6,39.7,59.8
2019-03-19,61.8,50.8,58.8,37.6,2.1,42.2
2019-03-20,69.2,33.8,74.9,52.7,8.9,47.9
2019-03-21,48.8,14.3,76.1,46.2,23.8,41.8
2019-03-22,59.2,10.0,84.2,35.0,3.7,38.4
2019-03-23,77.9,47.5,64.6,12.8,1.9,40.9
2019-03-24,90.7,35.3,36.1,25.5,14.4,40.4
2019-03-25,65.0,16.2,61.7,18.8,8.5,34.0
2019-03-26,58.4,76.5,66.5,28.8,10.3,48.1
2019-03-27,27.7,43.3,54.9,70.3,56.7,50.6
2019-03-28,72.9,21.0,38.6,48.8,1.4,36.5
2019-03-29,68.5,21.2,51.8,34.3,2.3,35.6
2019-03-30,86.4,90.8,64.0,2.9,3.2,49.5
2019-03-31,88.0,40.7,30.2,6.3,4.5,34.0
2019-04-01,79.4,26.0,27.1,19.5,84.2,47.2
2019-04-02,88.7,33.1,35.4,54.8,25.3,47.5
2019-04-03,47.9,75.8,28.4,52.7,16.1,44.2
2019-04-04,56.2,67.0,61.5,92.0,36.1,62.6
2019-04-05,64.1,58.4,11.1,59.9,54.9,49.7
2019-04-06,52.2,61.0,27.3,46.8,8.0,39.1
2019-04-07,79.7,52.6,54.3,27.5,24.5,47.7
2019-04-08,82.4,27.1,62.0,37.4,27.3,47.2
2019-04-09,50.3,60.9,60.4,49.7,73.8,59.0
2019-04-10,37.6,67.2,54.5,48.6,26.5,46.9
2019-04-11,43.3,93.1,36.7,29.8,32.6,47.1
2019-04-12,22.1,40.0,11.8,28.8,32.3,27.0
2019-04-13,46.8,95.3,16.5,43.8,1.0,40.7
2019-04-14,77.3,26.1,45.1,39.4,43.0,46.2
2019-04-15,34.2,7.8,42.7,52.6,14.6,30.4
2019-04-16,41.2,12.1,51.6,45.5,9.8,32.0
2019-04-17,22.5,16.6,24.6,29.7,94.1,37.5
2019-04-18,55.1,4.0,33.4,8.8,54.8,31.2
2019-04-19,85.9,1.9,38.5,56.7,8.8,38.4
2019-04-20,71.7,59.5,16.2,3.4,8.5,31.9
2019-04-21,93.7,51.5,28.7,18.0,9.8,40.3
2019-04-22,54.8,63.6,97.4,44.6,19.4,56.0
2019-04-23,20.7,68.3,95.6,42.3,60.3,57.4
2019-04-24,43.0,91.9,93.8,72.3,50.1,70.2
2019-04-25,21.6,17.0,84.1,59.9,74.9,51.5
2019-04-26,46.8,44.2,65.0,68.7,39.1,52.8
2019-04-27,57.3,57.4,82.4,73.9,61.5,66.5
2019-04-28,75.1,29.9,95.3,37.2,49.9,57.5
2019-04-29,75.4,15.1,88.0,83.8,4.8,53.4
2019-04-30,15.2,5.2,74.9,32.4,7.7,27.1
2019-05-01,48.9,33.8,42.2,37.2,8.7,34.1
2019-05-02,64.4,27.2,83.7,68.1,79.8,64.6
2019-05-03,74.7,49.9,81.2,48.2,48.8,60.5
2019-05-04,78.8,59.6,87.1,17.0,15.4,51.6
2019-05-05,81.5,32.3,85.6,25.7,39.6,52.9
2019-05-06,65.2,31.9,75.8,82.0,41.8,59.3
2019-05-07,16.3,2.5,76.1,63.2,40.7,39.8
2019-05-08,46.0,0.4,93.1,68.8,20.5,45.8
2019-05-09,37.6,21.0,87.4,59.6,78.6,56.8
2019-05-10,15.4,4.5,86.4,91.5,98.5,59.3
2019-05-11,26.0,61.1,92.2,51.8,98.2,65.9
2019-05-12,19.4,8.2,99.0,71.8,97.7,59.2
2019-05-13,22.7,14.0,99.3,90.4,98.5,65.0
2019-05-14,22.4,2.3,99.2,96.0,97.4,63.5
2019-05-15,3.6,0.7,97.9,83.4,97.8,56.7
2019-05-16,10.0,6.0,94.5,70.9,63.3,49.0
2019-05-17,2.1,9.2,92.0,81.3,27.3,42.4
2019-05-18,6.7,29.5,98.5,67.4,93.4,59.1
2019-05-19,45.3,75.3,94.6,58.2,45.9,63.9
2019-05-20,53.8,68.7,96.4,93.0,38.5,70.1
2019-05-21,18.8,78.2,78.0,83.4,69.5,65.6
2019-05-22,22.9,83.1,75.3,77.5,22.1,56.2
2019-05-23,13.2,95.9,61.3,96.7,8.8,55.2
2019-05-24,19.4,89.7,51.0,91.1,0.4,50.3
2019-05-25,19.5,82.3,68.8,77.1,9.1,51.3
2019-05-26,35.4,59.9,53.8,62.4,7.6,43.8
2019-05-27,7.4,43.4,50.1,86.4,3.0,38.1
2019-05-28,68.5,53.2,65.4,72.4,2.9,52.5
2019-05-29,21.6,32.0,80.8,92.4,6.7,46.7
2019-05-30,15.4,16.5,83.2,92.4,33.7,48.2
2019-05-31,5.6,49.7,92.9,91.3,14.6,50.8
2019-06-01,18.3,27.7,79.7,91.9,91.3,61.8
2019-06-02,71.6,37.2,50.3,97.1,63.9,64.0
2019-06-03,73.4,82.3,77.7,99.6,6.0,67.8
2019-06-04,16.8,79.7,53.7,97.8,13.0,52.2
2019-06-05,31.6,73.2,63.5,84.6,34.3,57.4
2019-06-06,10.3,40.9,72.3,98.6,0.5,44.5
2019-06-07,22.4,47.3,76.2,84.1,5.5,47.1
2019-06-08,26.8,69.2,67.0,93.4,58.8,63.0
2019-06-09,46.2,67.0,79.1,88.9,81.2,72.5
2019-06-10,17.3,62.5,83.0,92.6,8.2,52.7
2019-06-11,29.0,81.9,51.8,76.4,3.8,48.6
2019-06-12,23.9,54.7,64.1,94.1,58.4,59.0
2019-06-13,26.1,82.4,100.0,88.5,95.7,78.5
2019-06-14,38.9,49.9,100.0,88.6,78.4,71.2
2019-06-15,58.2,76.2,99.9,81.6,70.1,77.2
2019-06-16,50.0,65.7,99.7,94.6,79.7,77.9
2019-06-17,38.6,28.4,99.3,93.5,66.2,65.2
2019-06-18,2.6,10.2,99.3,73.6,98.1,56.8
2019-06-19,0.5,40.4,98.4,83.7,48.2,54.2
2019-06-20,37.4,30.5,99.7,95.7,39.0,60.5
2019-06-21,65.0,79.0,99.9,91.6,93.7,85.8
2019-06-22,5.9,49.6,99.0,94.1,91.5,68.0
2019-06-23,4.8,51.4,99.7,90.0,89.4,67.1
2019-06-24,63.2,47.5,98.8,87.6,99.5,79.3
2019-06-25,32.0,33.8,98.5,84.1,92.3,68.1
2019-06-26,42.2,48.8,97.0,97.1,47.3,66.5
2019-06-27,25.4,20.2,94.5,99.7,56.3,59.2
2019-06-28,62.9,30.4,93.4,100.0,58.8,69.1
2019-06-29,15.8,53.6,92.0,98.1,76.9,67.3
2019-06-30,37.0,55.9,88.7,85.0,21.8,57.7
2019-07-01,52.7,34.8,91.6,88.6,13.7,56.3
2019-07-02,22.4,34.9,89.1,76.9,48.8,54.4
2019-07-03,38.9,39.7,92.3,79.0,25.7,55.1
2019-07-04,24.0,2.3,88.7,76.2,75.5,53.4
2019-07-05,0.5,11.5,77.1,56.0,88.6,46.8
2019-07-06,39.8,52.7,87.5,37.1,52.5,53.9
2019-07-07,54.0,51.6,97.4,27.3,78.0,61.7
2019-07-08,80.5,48.2,95.6,54.7,95.9,75.0
2019-07-09,51.1,41.1,87.1,50.7,64.3,58.8
2019-07-10,24.7,20.6,89.7,58.8,92.3,57.2
2019-07-11,45.5,25.3,97.9,67.2,96.6,66.5
2019-07-12,59.3,69.0,90.5,66.2,82.4,73.5
2019-07-13,90.8,97.3,92.3,48.6,39.1,73.6
2019-07-14,79.7,95.7,91.1,38.9,36.0,68.3
2019-07-15,49.7,59.8,86.5,77.5,68.4,68.4
2019-07-16,61.5,33.1,89.1,52.6,50.0,57.3
2019-07-17,42.7,67.7,83.2,50.4,44.8,57.8
2019-07-18,42.9,73.1,97.9,83.0,93.1,78.0
2019-07-19,75.1,58.5,99.0,67.3,87.8,77.6
2019-07-20,84.3,83.9,100.0,50.0,99.0,83.5
2019-07-21,88.5,52.7,99.6,49.5,98.9,77.8
2019-07-22,95.9,13.5,98.2,50.5,97.9,71.2
2019-07-23,98.4,13.0,97.1,75.3,94.6,75.7
2019-07-24,89.4,81.7,96.2,54.5,88.0,82.0
2019-07-25,63.7,41.9,91.1,54.5,81.3,66.5
2019-07-26,87.0,51.0,92.6,58.0,87.4,75.2
2019-07-27,72.4,37.8,93.1,40.5,75.0,63.8
2019-07-28,84.3,68.3,97.1,41.9,84.3,75.2
2019-07-29,58.1,53.6,93.1,86.8,85.3,75.4
2019-07-30,48.2,50.0,89.0,42.7,60.9,58.2
2019-07-31,71.4,3.6,87.9,81.6,90.0,66.9
2019-08-01,47.4,47.3,84.2,64.6,76.1,63.9
2019-08-02,85.6,59.2,43.5,85.2,55.2,65.7
2019-08-03,96.7,81.9,54.4,72.8,73.4,75.8
2019-08-04,99.2,35.3,94.9,65.4,97.0,78.4
2019-08-05,99.0,80.4,89.8,85.9,95.2,90.1
2019-08-06,99.0,96.8,86.5,94.9,92.2,93.9
2019-08-07,95.6,81.0,79.0,99.7,56.0,82.3
2019-08-08,98.4,55.8,77.2,98.8,87.2,83.5
2019-08-09,96.4,69.4,80.8,92.0,72.4,82.2
2019-08-10,97.4,58.5,57.1,65.4,85.3,72.7
2019-08-11,95.3,88.9,78.8,68.0,79.9,82.2
2019-08-12,91.5,94.6,81.7,97.1,91.3,91.3
2019-08-13,94.6,90.1,74.2,94.4,65.5,83.8
2019-08-14,95.3,91.8,59.8,86.8,39.4,74.6
2019-08-15,98.4,95.6,89.7,95.9,92.0,94.3
2019-08-16,98.6,74.2,70.5,79.1,72.0,78.9
2019-08-17,98.4,70.7,86.7,65.7,47.9,73.9
2019-08-18,97.9,91.6,82.1,79.8,58.8,82.1
2019-08-19,96.3,45.1,84.2,70.7,93.4,77.9
2019-08-20,96.3,63.6,67.9,66.9,74.7,73.9
2019-08-21,90.0,8.4,90.4,64.6,86.1,67.9
2019-08-22,75.5,15.4,77.2,64.6,87.4,64.0
2019-08-23,92.3,5.8,76.4,97.9,89.0,72.3
2019-08-24,94.9,24.2,91.5,99.2,79.0,77.7
2019-08-25,78.3,40.9,96.2,99.3,84.6,79.9
2019-08-26,77.3,10.9,82.4,99.6,91.8,72.4
2019-08-27,84.2,37.0,80.8,91.1,31.2,64.8
2019-08-28,90.1,70.1,63.2,71.3,36.5,66.2
2019-08-29,92.7,33.4,64.1,85.6,79.1,71.0
2019-08-30,92.0,22.9,72.9,96.4,21.0,61.1
2019-08-31,81.6,0.3,78.6,50.5,5.9,43.4
2019-09-01,92.4,21.0,87.6,45.6,15.5,52.4
2019-09-02,92.2,24.3,75.8,83.9,39.7,63.2
2019-09-03,66.2,12.4,80.2,80.9,81.7,64.3
2019-09-04,76.5,74.2,83.4,82.3,29.1,69.1
2019-09-05,58.1,18.4,78.2,83.5,25.0,52.6
2019-09-06,73.8,4.3,63.5,56.0,35.4,46.6
2019-09-07,88.2,44.8,93.7,29.8,97.4,70.8
2019-09-08,78.0,42.7,79.0,54.1,23.1,55.4
2019-09-09,89.6,37.2,78.3,58.5,15.7,55.9
2019-09-10,92.4,38.3,72.9,76.8,2.1,56.5
2019-09-11,88.0,20.6,79.8,72.5,14.4,55.1
2019-09-12,88.5,93.1,77.9,68.3,40.1,73.6
2019-09-13,90.1,81.2,53.2,77.3,63.7,73.1
2019-09-14,93.5,12.6,79.1,57.6,88.9,66.3
2019-09-15,97.3,5.5,88.7,54.8,95.6,68.4
2019-09-16,82.8,85.2,89.6,83.5,75.1,83.2
2019-09-17,90.9,58.9,86.8,83.0,60.2,76.0
2019-09-18,93.0,82.7,92.9,60.0,97.8,85.3
2019-09-19,73.6,49.9,94.0,73.9,90.5,76.4
2019-09-20,63.2,22.0,84.6,91.3,80.8,68.4
2019-09-21,88.9,51.4,77.5,72.8,83.9,74.9
2019-09-22,93.1,39.0,97.1,96.4,95.2,84.2
2019-09-23,85.6,44.2,95.1,90.9,72.4,77.6
2019-09-24,89.1,34.1,80.8,93.5,87.4,77.0
2019-09-25,86.3,81.5,83.7,95.1,67.9,82.9
2019-09-26,58.8,19.8,85.0,93.1,7.8,52.9
2019-09-27,63.0,77.3,94.1,73.5,57.4,73.1
2019-09-28,90.1,94.9,78.7,83.4,30.2,75.5
2019-09-29,90.5,90.1,68.0,73.6,95.3,83.5
2019-09-30,78.2,42.4,48.9,92.4,33.0,59.0
2019-10-01,74.2,54.3,30.8,93.5,3.6,51.3
2019-10-02,84.5,88.5,58.8,76.1,13.2,64.2
2019-10-03,81.5,53.2,31.9,94.4,12.9,54.8
2019-10-04,71.7,32.1,49.5,87.4,9.1,49.9
2019-10-05,92.3,81.5,65.8,38.7,72.5,70.2
2019-10-06,93.7,87.8,76.4,63.0,69.5,78.1
2019-10-07,86.8,78.7,65.0,83.7,30.5,68.9
2019-10-08,67.4,66.1,31.0,59.1,20.6,48.8
2019-10-09,75.1,88.3,26.5,69.9,9.8,53.9
2019-10-10,82.7,93.7,54.1,67.7,6.9,61.0
2019-10-11,66.6,97.7,92.2,73.2,94.6,84.9
2019-10-12,88.9,99.9,57.8,47.5,79.3,74.7
2019-10-13,96.4,93.5,48.5,81.6,24.6,68.9
2019-10-14,87.5,63.6,23.8,84.6,16.3,55.2
2019-10-15,70.1,48.9,27.6,88.2,17.7,50.5
2019-10-16,63.7,32.1,61.3,91.3,22.0,54.1
2019-10-17,31.9,75.5,37.5,33.5,3.7,36.4
2019-10-18,43.0,35.3,32.0,52.6,24.0,37.4
2019-10-19,52.5,78.8,20.6,20.2,39.0,42.2
2019-10-20,99.3,97.9,50.8,77.7,57.8,76.7
2019-10-21,93.3,97.0,42.2,79.0,58.9,74.1
2019-10-22,92.0,50.0,25.7,85.0,61.3,62.8
2019-10-23,80.4,65.2,28.2,38.5,16.8,45.8
2019-10-24,69.5,51.6,16.6,73.6,8.5,44.0
2019-10-25,83.4,18.3,20.7,38.0,8.9,33.9
2019-10-26,89.8,74.5,9.8,33.9,15.9,44.8
2019-10-27,92.9,79.0,22.7,28.3,1.1,44.8
2019-10-28,76.1,31.2,30.6,76.9,4.4,43.8
2019-10-29,30.4,27.9,30.1,74.2,31.7,38.8
2019-10-30,46.2,62.8,39.4,91.8,28.4,53.7
2019-10-31,62.6,88.7,39.8,62.9,1.2,51.1
2019-11-01,50.1,67.7,37.0,72.5,3.7,46.2
2019-11-02,43.8,72.8,23.8,94.9,43.4,55.7
2019-11-03,58.2,46.0,63.5,98.5,90.7,71.4
2019-11-04,33.9,43.5,56.0,99.9,66.1,59.9
2019-11-05,1.1,14.3,49.2,97.5,19.1,36.2
2019-11-06,22.0,16.5,29.1,87.9,11.4,33.4
2019-11-07,36.0,25.5,40.5,92.6,12.6,41.5
2019-11-08,26.6,52.1,33.9,57.6,12.4,36.5
2019-11-09,62.4,12.6,23.5,51.9,67.9,43.7
2019-11-10,32.6,2.6,31.6,42.0,9.2,23.6
2019-11-11,5.6,34.6,51.1,94.4,56.3,48.4
2019-11-12,5.8,4.3,62.1,80.1,49.2,40.3
2019-11-13,11.5,78.3,69.6,89.6,48.8,59.6
2019-11-14,23.2,80.6,39.6,90.7,7.8,48.4
2019-11-15,50.8,95.5,25.0,68.3,23.4,52.6
2019-11-16,20.2,93.0,11.1,29.3,96.4,50.0
2019-11-17,25.7,11.3,42.6,41.8,95.1,43.3
2019-11-18,75.7,40.5,34.3,75.5,72.5,59.7
2019-11-19,49.7,38.7,51.2,26.9,19.0,37.1
2019-11-20,23.2,30.5,66.2,57.1,28.7,41.2
2019-11-21,19.1,37.5,38.9,71.0,7.0,34.7
2019-11-22,10.6,18.0,35.9,80.4,0.7,29.1
2019-11-23,32.8,79.7,39.1,37.4,50.4,47.9
2019-11-24,16.2,87.4,58.9,18.1,85.9,53.3
2019-11-25,7.4,39.7,34.6,56.6,25.8,32.8
2019-11-26,28.7,36.4,29.4,52.3,41.6,37.7
2019-11-27,36.5,34.6,22.8,60.6,54.1,41.7
2019-11-28,7.1,39.1,14.1,68.3,15.1,28.8
2019-11-29,2.6,85.3,18.5,43.0,22.1,34.3
2019-11-30,72.7,92.0,31.9,24.3,72.0,58.6
2019-12-01,74.8,76.7,44.7,0.1,51.3,49.5
2019-12-02,22.1,45.2,64.7,0.3,4.9,27.4
2019-12-03,37.8,8.1,51.9,0.4,63.7,32.4
2019-12-04,55.3,91.2,68.8,0.5,42.1,51.6
2019-12-05,2.9,26.4,45.8,0.7,33.6,21.9
2019-12-06,0.3,71.6,33.4,0.8,7.3,22.7
2019-12-07,0.1,39.3,35.1,1.0,46.3,24.4
2019-12-08,24.5,88.8,65.8,1.1,21.9,40.4
2019-12-09,15.9,90.5,62.3,1.2,28.4,39.7
2019-12-10,26.2,92.6,59.3,1.4,7.8,37.5
2019-12-11,17.5,91.0,31.8,1.5,6.3,29.6
2019-12-12,5.8,75.8,74.4,1.6,30.3,37.6
2019-12-13,9.9,97.7,50.3,1.8,36.8,39.3
2019-12-14,33.0,98.5,37.9,1.9,1.2,34.5
2019-12-15,69.5,90.5,74.1,33.4,77.5,69.0
2019-12-16,27.8,74.8,58.5,94.7,7.7,52.7
2019-12-17,43.3,51.1,66.3,72.5,22.1,51.0
2019-12-18,51.1,37.9,59.9,73.4,12.1,46.9
2019-12-19,72.3,32.9,50.5,42.2,7.4,41.1
2019-12-20,41.0,67.3,60.1,57.4,6.4,46.4
2019-12-21,74.4,88.4,86.4,17.5,16.0,56.5
2019-12-22,76.8,59.9,78.1,19.2,7.1,48.2
2019-12-23,47.1,15.5,81.4,63.0,29.7,47.3
2019-12-24,44.8,46.0,52.2,81.2,8.9,46.6
2019-12-25,81.8,87.1,80.1,87.8,13.8,70.1
2019-12-26,86.8,73.3,78.4,88.2,34.9,72.3
2019-12-27,79.3,57.9,87.7,91.6,86.4,80.6
2019-12-28,70.7,58.9,63.0,24.2,68.5,57.1
2019-12-29,67.9,26.2,91.4,54.5,93.4,66.7
2019-12-30,44.2,75.2,75.1,77.9,67.9,68.1
2019-12-31,86.0,95.6,92.1,86.2,87.8,89.5
2020-01-01,92.5,94.9,76.2,50.5,76.7,78.2
2020-01-02,79.7,61.2,70.7,48.6,27.0,57.5
2020-01-03,69.9,61.0,97.3,68.6,88.4,77.0
2020-01-04,43.3,65.1,97.3,43.2,62.5,62.2
2020-01-05,30.7,61.1,98.4,34.5,92.7,63.5
2020-01-06,16.3,28.6,97.4,56.6,75.8,54.9
2020-01-07,21.6,43.7,96.3,43.4,53.7,51.8
2020-01-08,2.2,32.3,99.0,21.4,47.7,40.5
2020-01-09,39.0,57.8,94.4,54.7,53.0,59.8
2020-01-10,56.8,34.0,95.5,25.6,39.9,50.4
2020-01-11,92.1,74.0,92.2,10.4,25.1,58.7
2020-01-12,84.7,41.0,92.5,19.3,30.7,53.6
2020-01-13,49.0,2.9,87.3,92.7,42.5,54.9
2020-01-14,75.2,8.4,67.4,61.9,19.3,46.4
2020-01-15,68.2,54.2,58.8,41.8,72.2,59.0
2020-01-16,52.5,27.5,52.3,87.5,88.2,61.6
2020-01-17,20.1,36.6,34.4,74.2,54.0,43.9
2020-01-18,48.9,18.9,50.3,30.1,53.2,40.3
2020-01-19,61.8,6.6,64.0,17.4,23.7,34.7
2020-01-20,18.6,20.7,51.2,80.8,32.7,40.8
2020-01-21,2.1,0.7,81.8,88.1,68.4,48.2
2020-01-22,20.3,6.8,50.7,61.5,21.8,32.2
2020-01-23,32.1,3.7,37.8,25.1,76.2,35.0
2020-01-24,35.9,35.2,41.0,49.3,79.7,48.2
2020-01-25,58.9,54.5,53.0,46.4,87.1,60.0
2020-01-26,79.9,82.6,63.7,28.6,7.1,52.4
2020-01-27,36.6,75.5,13.6,23.4,1.5,30.1
2020-01-28,36.0,73.0,36.4,30.8,18.4,38.9
2020-01-29,37.9,27.8,25.8,83.0,17.8,38.5
2020-01-30,13.6,5.3,16.0,72.9,2.1,22.0
2020-01-31,21.1,32.3,36.7,76.3,1.2,33.5
2020-02-01,16.7,15.2,35.1,49.6,54.4,34.2
2020-02-02,1.5,49.2,69.7,20.8,81.8,44.6
2020-02-03,46.4,35.8,28.9,69.7,9.2,38.0
2020-02-04,45.8,25.8,57.5,45.8,77.8,50.5
2020-02-05,54.5,28.9,25.5,55.1,5.1,33.8
2020-02-06,46.6,21.4,21.2,22.2,42.1,30.7
2020-02-07,6.0,23.8,10.3,38.5,24.8,20.7
2020-02-08,34.0,21.5,13.3,9.2,15.2,18.6
2020-02-09,68.5,60.1,36.2,3.8,3.2,34.4
2020-02-10,24.9,21.5,38.1,15.1,1.4,20.2
2020-02-11,6.2,34.5,23.7,27.5,16.7,21.7
2020-02-12,7.4,4.8,14.5,37.0,22.6,17.3
2020-02-13,21.4,2.7,23.8,35.3,15.1,19.7
2020-02-14,34.1,45.2,63.7,39.5,45.3,45.6
2020-02-15,65.2,23.2,71.4,32.6,10.0,40.5
2020-02-16,78.1,0.3,71.4,18.1,10.1,35.6
2020-02-17,84.0,16.2,47.8,26.3,11.4,37.1
2020-02-18,62.7,0.7,17.0,37.3,6.8,24.9
2020-02-19,55.9,26.2,15.5,93.8,10.5,40.4
2020-02-20,53.6,96.7,38.9,71.4,14.7,55.0
2020-02-21,24.8,61.8,65.5,64.0,7.4,44.7
2020-02-22,81.2,17.3,48.1,95.9,0.3,48.5
2020-02-23,61.0,22.5,74.2,97.9,41.5,59.4
2020-02-24,28.8,4.8,53.4,99.9,4.1,38.2
2020-02-25,61.5,5.5,31.6,99.9,59.7,51.6
2020-02-26,76.0,26.8,9.3,77.3,14.0,40.7
2020-02-27,52.7,11.5,13.0,31.6,2.5,22.3
2020-02-28,68.9,48.4,28.9,90.8,11.0,49.6
2020-02-29,34.9,56.0,10.8,11.1,19.0,26.4
2020-03-01,68.4,25.6,10.8,8.8,34.9,29.7
2020-03-02,19.6,78.4,15.3,33.4,11.5,31.6
2020-03-03,47.1,57.4,27.9,8.4,8.6,29.9
2020-03-04,1.1,5.6,22.9,3.3,18.1,10.2
2020-03-05,15.1,11.1,18.2,9.2,6.6,12.0
2020-03-06,18.8,29.6,4.2,7.7,5.6,13.2
2020-03-07,72.5,38.6,9.0,4.5,20.1,29.0
2020-03-08,33.0,92.6,44.1,2.9,16.8,37.9
2020-03-09,2.9,43.4,18.9,21.9,18.1,21.0
2020-03-10,0.3,14.7,29.6,6.3,1.0,10.4
2020-03-11,0.7,3.6,17.1,2.5,0.8,4.9
2020-03-12,2.7,25.9,13.3,3.7,0.7,9.3
2020-03-13,0.7,4.1,4.2,6.7,0.1,3.2
2020-03-14,18.4,17.5,45.2,4.1,0.1,17.1
2020-03-15,42.7,4.2,51.2,2.1,1.1,20.3
2020-03-16,1.2,7.5,13.7,2.2,0.4,5.0
2020-03-17,0.4,9.0,32.7,2.3,1.2,9.2
2020-03-18,1.0,16.8,11.8,2.5,0.1,6.4
2020-03-19,23.8,3.2,3.4,2.6,22.1,11.0
2020-03-20,2.6,1.2,14.1,2.7,59.0,15.9
2020-03-21,0.3,58.8,11.1,2.9,3.3,15.3
2020-03-22,39.2,31.5,27.0,7.0,0.5,21.0
2020-03-23,4.0,68.8,9.3,4.2,0.5,17.4
2020-03-24,3.6,3.4,3.4,3.7,3.3,3.5
2020-03-25,1.0,0.7,4.8,4.1,1.0,2.3
2020-03-26,5.1,0.4,11.2,4.7,14.0,7.1
2020-03-27,6.3,21.4,2.5,26.0,4.0,12.0
2020-03-28,33.0,27.3,9.5,7.3,51.8,25.8
2020-03-29,61.8,1.6,36.0,3.2,4.4,21.4
2020-03-30,11.8,11.5,4.2,22.9,1.1,10.3
2020-03-31,3.6,7.0,15.6,10.7,8.1,9.0
2020-04-01,1.6,23.0,22.5,20.0,5.2,14.5
2020-04-02,2.2,69.0,2.6,4.2,28.8,21.4
2020-04-03,2.3,54.2,3.4,10.0,1.5,14.3
2020-04-04,66.3,81.8,1.0,3.7,3.0,31.2
2020-04-05,63.2,90.5,9.6,3.0,68.2,46.9
2020-04-06,25.9,66.6,1.6,3.2,15.5,22.5
2020-04-07,9.0,54.5,1.1,3.3,0.4,13.7
2020-04-08,3.4,67.1,1.1,3.4,12.7,17.6
2020-04-09,67.4,64.7,1.9,3.6,1.0,27.7
2020-04-10,57.1,64.1,10.0,3.7,0.1,27.0
2020-04-11,68.4,82.2,14.1,3.8,40.4,41.8
2020-04-12,85.9,97.1,33.4,80.7,42.6,67.9
2020-04-13,73.6,86.4,3.2,72.6,78.4,62.8
2020-04-14,44.2,77.1,35.9,9.3,72.7,47.9
2020-04-15,22.7,61.1,13.2,10.3,15.2,24.5
2020-04-16,11.2,59.9,24.5,8.5,85.9,38.0
2020-04-17,47.9,59.0,34.4,7.8,0.7,30.0
2020-04-18,47.3,95.5,72.6,8.9,24.4,49.7
2020-04-19,42.3,71.2,80.0,8.8,89.5,58.4
2020-04-20,20.1,78.2,38.2,9.2,70.8,43.3
2020-04-21,14.1,66.8,26.4,17.3,12.6,27.5
2020-04-22,4.9,71.4,44.5,11.6,64.9,39.5
2020-04-23,2.6,62.6,67.5,10.5,8.5,30.4
2020-04-24,19.5,62.6,37.9,4.4,5.8,26.0
2020-04-25,46.6,74.7,50.5,18.5,36.8,45.4
2020-04-26,22.7,85.2,60.5,4.5,38.6,42.3
2020-04-27,10.8,68.6,27.9,4.7,35.3,29.5
2020-04-28,14.1,87.9,39.3,6.8,10.7,31.8
2020-04-29,33.4,64.0,25.8,10.4,4.9,27.7
2020-04-30,48.4,53.2,13.6,11.5,6.2,26.5
2020-05-01,18.1,80.8,24.9,8.9,2.2,27.0
2020-05-02,63.7,74.5,24.2,48.5,7.1,43.6
2020-05-03,63.7,67.5,53.8,19.9,7.4,42.5
2020-05-04,53.6,67.7,11.6,80.8,15.8,45.9
2020-05-05,60.1,58.9,14.9,34.2,52.5,44.1
2020-05-06,48.5,35.3,18.9,58.4,34.9,39.2
2020-05-07,50.3,62.9,35.5,36.7,16.8,40.4
2020-05-08,63.8,55.2,6.0,14.9,15.1,31.0
2020-05-09,55.1,76.8,22.3,33.7,2.3,38.1
2020-05-10,85.3,99.6,53.0,10.5,31.6,56.0
2020-05-11,60.3,96.2,92.5,13.2,12.9,55.0
2020-05-12,65.6,95.8,36.2,14.9,6.2,43.7
2020-05-13,22.7,86.7,61.6,28.9,6.8,41.4
2020-05-14,37.5,90.3,64.7,8.1,19.6,44.0
2020-05-15,43.0,86.2,51.2,45.2,4.1,45.9
2020-05-16,19.0,64.8,54.5,18.1,29.0,37.1
2020-05-17,59.3,94.9,64.4,38.1,91.5,69.6
2020-05-18,41.9,78.8,21.9,17.8,70.3,46.1
2020-05-19,48.5,78.1,34.5,42.1,38.5,48.3
2020-05-20,39.7,89.7,54.5,21.1,62.9,53.6
2020-05-21,77.9,96.0,60.3,26.7,48.1,61.8
2020-05-22,64.5,94.9,72.7,26.4,9.7,53.7
2020-05-23,77.9,99.0,69.0,11.1,20.8,55.6
2020-05-24,90.0,99.3,42.9,9.9,53.0,59.0
2020-05-25,78.1,97.7,43.3,10.0,38.8,53.6
2020-05-26,91.5,99.6,54.2,11.0,2.9,51.8
2020-05-27,95.6,100.0,59.6,23.6,10.7,57.9
2020-05-28,86.7,98.9,52.5,11.6,4.2,50.8
2020-05-29,89.0,99.6,16.3,23.7,18.5,49.4
2020-05-30,90.3,98.6,30.5,7.7,8.8,47.2
2020-05-31,87.0,98.8,35.9,10.3,18.9,50.2
2020-06-01,87.0,98.1,21.2,43.2,14.0,52.7
2020-06-02,87.7,98.8,19.2,26.8,16.4,49.8
2020-06-03,84.8,98.9,25.9,59.5,4.5,54.7
2020-06-04,83.3,97.0,20.3,23.0,31.6,51.0
2020-06-05,83.3,99.0,23.0,13.0,36.2,50.9
2020-06-06,95.3,100.0,17.9,18.2,3.6,47.0
2020-06-07,94.4,99.7,39.6,5.1,18.5,51.5
2020-06-08,86.6,98.6,3.8,46.7,39.3,55.0
2020-06-09,84.0,98.5,13.6,11.4,9.6,43.4
2020-06-10,84.7,97.9,5.5,37.3,29.9,51.0
2020-06-11,77.7,96.7,8.4,11.6,3.2,39.5
2020-06-12,82.2,96.2,12.2,27.4,8.8,45.3
2020-06-13,80.1,97.5,19.6,5.3,0.4,40.6
2020-06-14,96.7,98.5,26.6,4.8,8.2,47.0
2020-06-15,79.6,93.8,10.1,7.0,4.1,38.9
2020-06-16,98.4,100.0,27.9,11.1,1.5,47.8
2020-06-17,99.3,100.0,9.2,29.0,2.2,47.9
2020-06-18,98.6,99.9,42.6,32.3,24.1,59.5
2020-06-19,98.4,99.7,24.2,45.3,0.5,53.6
2020-06-20,99.2,99.9,39.5,28.8,6.0,54.7
2020-06-21,97.8,99.3,42.3,23.6,56.7,63.9
2020-06-22,96.8,99.2,20.5,34.7,16.2,53.5
2020-06-23,95.2,99.0,9.2,62.9,16.8,56.6
2020-06-24,93.0,98.9,27.4,61.0,13.2,58.7
2020-06-25,95.1,98.9,1.0,73.0,10.7,55.7
2020-06-26,94.2,98.6,13.3,20.3,11.2,47.5
2020-06-27,95.3,98.9,6.2,23.2,35.2,51.8
2020-06-28,95.2,99.2,8.5,27.1,10.8,48.2
2020-06-29,88.9,98.2,13.4,12.2,27.4,48.0
2020-06-30,93.6,98.9,4.0,18.8,5.8,44.2
2020-07-01,91.1,97.9,15.1,22.6,74.9,60.3
2020-07-02,90.0,97.3,1.1,15.2,41.0,48.9
2020-07-03,96.2,98.8,0.1,31.9,9.5,47.3
2020-07-04,94.5,98.9,0.3,61.9,32.5,57.6
2020-07-05,81.2,96.3,1.8,20.4,85.3,57.0
2020-07-06,95.8,99.0,32.9,54.7,37.4,63.9
2020-07-07,90.0,97.9,0.5,73.8,55.5,63.6
2020-07-08,83.8,96.0,1.4,33.3,61.5,55.2
2020-07-09,87.1,96.2,0.1,13.4,55.8,50.5
2020-07-10,89.0,96.3,0.3,39.3,15.9,48.2
2020-07-11,89.0,97.3,0.1,62.2,22.6,54.2
2020-07-12,90.0,97.3,0.3,33.0,59.5,56.0
2020-07-13,75.1,93.4,1.5,28.1,16.2,42.8
2020-07-14,68.1,93.0,3.0,30.0,37.8,46.4
2020-07-15,80.0,93.8,7.4,41.8,79.3,60.5
2020-07-16,80.7,93.2,3.3,34.0,21.9,46.6
2020-07-17,90.1,96.0,3.6,26.4,14.4,46.1
2020-07-18,94.0,96.2,4.5,30.4,41.2,53.3
2020-07-19,88.8,94.2,25.5,14.5,28.2,50.2
2020-07-20,70.4,91.1,8.8,26.7,71.8,53.8
2020-07-21,81.8,92.5,5.8,18.6,7.8,41.3
2020-07-22,80.1,93.0,13.3,17.8,39.2,48.7
2020-07-23,84.5,94.0,36.2,26.6,36.0,55.5
2020-07-24,78.6,92.1,17.4,38.9,6.3,46.7
2020-07-25,82.1,94.2,12.1,15.6,46.3,50.1
2020-07-26,82.1,95.8,12.7,25.5,48.1,52.8
2020-07-27,78.2,93.7,31.0,73.2,44.4,64.1
2020-07-28,79.3,93.6,55.6,23.3,63.8,63.1
2020-07-29,74.5,91.2,59.0,29.6,5.5,52.0
2020-07-30,76.7,91.9,3.3,48.2,19.2,47.9
2020-07-31,76.2,93.2,45.9,24.4,3.4,48.6
2020-08-01,87.8,94.7,13.8,18.1,5.1,43.9
2020-08-02,86.3,95.8,21.9,13.3,7.4,44.9
2020-08-03,72.7,89.9,8.2,28.8,5.8,41.1
2020-08-04,91.0,88.8,3.6,29.5,8.2,44.2
2020-08-05,87.5,85.3,4.5,37.7,9.7,45.0
2020-08-06,87.8,92.1,8.5,12.3,88.5,57.8
2020-08-07,80.5,88.4,4.9,23.8,90.4,57.6
2020-08-08,94.0,95.3,0.8,8.1,97.1,59.1
2020-08-09,70.0,87.8,16.2,5.6,77.7,51.5
2020-08-10,65.8,89.7,13.4,22.3,62.1,50.7
2020-08-11,52.9,83.7,16.4,54.2,60.8,53.6
2020-08-12,53.0,76.4,5.3,18.6,49.5,40.6
2020-08-13,76.0,80.8,81.4,34.7,54.2,65.4
2020-08-14,78.9,90.3,76.4,19.9,25.8,58.2
2020-08-15,91.9,95.2,87.4,29.0,61.9,73.1
2020-08-16,80.3,88.9,77.4,38.4,39.6,64.9
2020-08-17,66.2,88.8,11.9,20.3,44.8,46.4
2020-08-18,49.6,81.8,1.8,22.5,15.2,34.2
2020-08-19,56.0,86.3,19.3,17.7,82.7,52.4
2020-08-20,73.3,87.8,50.4,10.4,54.2,55.2
2020-08-21,64.9,84.2,56.6,9.9,24.1,47.9
2020-08-22,85.3,87.5,44.8,5.3,49.0,54.4
2020-08-23,73.3,87.5,16.0,14.9,47.8,47.9
2020-08-24,61.6,85.9,10.8,19.6,14.4,38.5
2020-08-25,58.9,82.7,44.7,21.8,29.3,47.5
2020-08-26,54.5,78.8,31.6,51.2,16.7,46.6
2020-08-27,58.2,83.0,4.2,23.2,48.6,43.5
2020-08-28,39.9,81.6,8.4,27.1,48.5,41.1
2020-08-29,65.3,87.8,3.7,97.1,44.8,59.8
2020-08-30,79.5,87.5,16.3,15.5,64.5,52.7
2020-08-31,94.4,98.2,11.2,95.3,35.5,66.9
2020-09-01,94.2,97.8,24.1,46.3,15.5,55.6
2020-09-02,87.7,97.7,4.4,17.9,86.6,58.8
2020-09-03,89.0,97.7,5.1,13.6,15.6,44.2
2020-09-04,88.2,96.8,4.0,40.4,24.8,50.8
2020-09-05,96.6,99.2,9.5,100.0,23.3,65.7
2020-09-06,94.4,97.1,6.3,15.2,91.8,61.0
2020-09-07,93.4,95.8,17.1,45.6,41.9,58.8
2020-09-08,98.6,99.5,12.2,11.0,51.6,54.6
2020-09-09,89.7,93.8,28.6,8.4,48.1,53.7
2020-09-10,92.7,94.9,8.4,8.5,54.9,51.9
2020-09-11,96.0,98.6,57.1,6.2,13.0,54.2
2020-09-12,89.6,97.5,18.9,4.1,67.8,55.6
2020-09-13,85.1,92.9,12.2,9.9,21.2,44.2
2020-09-14,75.3,93.4,4.1,25.1,27.8,45.2
2020-09-15,89.9,94.9,32.5,29.3,65.1,62.3
2020-09-16,92.2,94.4,17.5,35.1,70.0,61.8
2020-09-17,93.2,94.8,4.2,94.2,71.0,71.5
2020-09-18,76.6,87.1,9.0,57.1,87.7,63.5
2020-09-19,79.0,88.5,49.7,10.4,57.8,57.1
2020-09-20,85.3,92.3,90.4,11.6,51.0,66.1
2020-09-21,75.9,90.7,83.6,9.0,27.1,57.3
2020-09-22,76.0,87.5,37.0,19.5,73.8,58.8
2020-09-23,76.0,89.2,36.6,7.9,47.5,51.5
2020-09-24,81.0,79.0,24.8,20.4,12.6,43.6
2020-09-25,76.3,80.7,24.9,25.2,44.2,50.3
2020-09-26,81.4,84.4,0.8,7.1,68.8,48.5
2020-09-27,82.6,85.2,3.7,4.5,67.1,48.6
2020-09-28,60.7,80.4,25.2,10.0,56.8,46.6
2020-09-29,82.5,87.4,8.4,4.8,78.8,52.4
2020-09-30,61.8,81.1,6.2,5.5,32.6,37.4
2020-10-01,71.0,76.8,1.5,5.2,27.1,36.3
2020-10-02,46.2,69.9,11.9,11.8,69.2,41.8
2020-10-03,80.0,88.8,0.4,4.0,71.0,48.8
2020-10-04,65.9,87.9,1.1,4.7,84.4,48.8
2020-10-05,66.0,88.1,2.7,5.1,76.6,47.7
2020-10-06,40.5,79.7,0.8,40.3,89.3,50.1
2020-10-07,53.8,83.7,5.1,76.3,63.2,56.4
2020-10-08,41.6,72.5,0.3,64.8,88.2,53.5
2020-10-09,60.3,76.8,6.3,52.6,16.0,42.4
2020-10-10,87.8,87.7,4.2,68.2,53.6,60.3
2020-10-11,54.0,81.1,0.8,74.5,42.1,50.5
2020-10-12,85.9,93.4,12.2,93.7,7.0,58.4
2020-10-13,78.9,89.0,1.5,5.9,14.0,37.9
2020-10-14,47.3,73.8,1.5,67.7,50.0,48.1
2020-10-15,82.5,85.6,2.2,54.2,52.6,55.4
2020-10-16,55.2,76.7,9.0,4.1,54.5,39.9
2020-10-17,73.2,80.7,0.3,68.8,27.8,50.1
2020-10-18,54.1,91.2,15.6,14.8,14.5,38.1
2020-10-19,64.2,91.2,17.3,8.5,31.2,42.5
2020-10-21,73.7,88.3,9.3,21.9,76.3,53.9
2020-10-22,47.9,71.2,22.1,45.3,89.7,55.2
2020-10-23,57.8,87.7,4.1,67.9,76.5,58.8
2020-10-24,83.4,91.4,8.4,9.5,71.3,52.8
2020-10-25,87.4,98.8,1.8,33.3,80.7,60.4
2020-10-26,64.1,87.2,2.6,27.3,84.2,53.1
2020-10-27,73.1,91.8,3.8,38.5,68.6,55.2
2020-10-28,73.4,85.0,4.8,23.2,75.2,52.3
2020-10-29,52.0,73.1,11.8,76.7,96.7,62.1
2020-10-30,69.5,70.2,9.6,66.8,84.4,60.1
2020-10-31,42.0,63.0,4.1,4.1,61.2,34.9
2020-11-01,78.5,81.1,8.0,7.8,12.6,37.6
2020-11-02,57.8,72.8,12.5,16.9,21.5,36.3
2020-11-03,53.9,67.1,30.0,28.0,41.0,44.0
2020-11-04,43.8,66.3,1.1,32.9,16.7,32.2
2020-11-05,42.8,81.5,16.9,28.3,46.5,43.2
2020-11-06,94.0,94.2,2.9,24.4,10.0,45.1
2020-11-07,53.4,80.1,20.4,5.6,5.9,33.1
2020-11-08,92.6,90.9,59.8,72.3,3.3,63.8
2020-11-09,55.6,70.6,23.6,81.3,48.1,55.9
2020-11-10,35.4,80.1,28.4,27.3,37.7,41.8
2020-11-11,49.9,83.5,20.0,14.7,53.4,44.3
2020-11-12,31.7,77.5,3.8,47.3,58.7,43.8
2020-11-13,66.9,95.7,46.9,56.5,24.6,58.1
2020-11-14,97.7,82.0,12.2,41.8,85.7,63.9
2020-11-15,86.8,72.6,65.0,100.0,26.3,70.2
2020-11-16,72.0,63.5,3.4,97.0,54.0,58.0
2020-11-17,52.9,70.6,22.1,63.6,36.8,49.2
2020-11-18,54.0,74.3,46.2,48.6,31.0,50.8
2020-11-19,69.4,72.2,52.0,35.3,77.0,61.2
2020-11-20,52.8,60.8,15.9,25.8,84.9,48.0
2020-11-21,82.0,55.0,9.9,64.7,70.1,56.4
2020-11-22,63.6,62.3,54.5,57.2,61.9,59.9
2020-11-23,48.1,57.9,49.0,28.8,60.4,48.8
2020-11-24,42.9,71.7,18.8,20.4,64.9,43.8
2020-11-25,56.1,64.1,15.6,11.1,91.8,47.7
2020-11-26,66.7,77.1,38.7,50.6,76.3,61.9
2020-11-27,39.0,51.2,61.2,35.3,68.0,50.9
2020-11-28,59.8,62.6,91.5,8.9,90.1,62.6
2020-11-29,69.4,74.5,79.8,20.3,81.1,65.0
2020-11-30,70.8,70.6,81.9,17.6,59.4,60.1
2020-12-01,54.3,68.2,58.8,23.3,79.3,56.8
2020-12-02,41.6,71.5,41.7,65.6,51.0,54.3
2020-12-03,70.0,81.8,33.9,16.6,63.5,53.1
2020-12-04,34.0,61.3,62.0,65.2,48.6,54.2
2020-12-05,36.8,46.4,32.4,9.2,29.8,30.9
2020-12-06,28.4,62.1,52.5,6.7,54.5,40.9
2020-12-07,26.3,58.2,10.0,11.1,49.9,31.1
2020-12-08,33.1,70.8,31.8,13.2,12.2,32.2
2020-12-09,29.8,68.0,13.3,33.7,29.5,34.9
2020-12-10,57.5,67.8,9.6,9.2,69.3,42.7
2020-12-11,43.9,61.0,41.7,7.0,29.9,36.7
2020-12-12,54.2,78.7,19.9,30.9,31.4,43.0
2020-12-13,68.9,73.0,10.3,21.4,71.5,49.0
2020-12-14,52.7,74.3,36.1,25.5,80.1,53.7
2020-12-15,12.6,36.8,8.1,64.6,56.2,35.7
2020-12-16,44.2,68.7,2.6,56.5,27.0,39.8
2020-12-17,41.6,66.0,2.6,56.9,43.6,42.1
2020-12-18,77.4,75.9,3.8,29.5,29.8,43.3
2020-12-19,93.1,79.0,4.0,28.1,34.8,47.8
2020-12-20,58.2,77.1,2.5,22.1,27.0,37.4
2020-12-21,58.7,64.5,83.8,96.8,78.6,76.5
2020-12-22,30.2,54.9,54.3,76.1,37.4,50.6
2020-12-23,46.9,68.9,43.3,48.1,80.9,57.6
2020-12-24,61.7,73.5,84.2,87.1,36.8,68.7
2020-12-25,32.0,79.1,82.6,48.1,26.6,53.7
2020-12-26,37.3,76.5,47.6,56.4,59.4,55.4
2020-12-27,23.5,70.0,86.6,22.2,63.4,53.1
2020-12-28,20.4,71.6,51.9,54.9,62.4,52.2
2020-12-29,27.2,73.8,26.9,70.9,49.2,49.6
2020-12-30,62.4,79.3,31.3,21.3,15.0,41.8
2020-12-31,56.0,77.1,39.4,79.0,71.5,64.6
2021-01-01,70.6,65.2,71.1,77.5,80.1,72.9
2021-01-02,64.9,79.0,30.0,25.5,31.0,46.1
2021-01-03,28.1,58.4,52.7,26.3,85.2,50.2
2021-01-04,38.3,59.9,87.5,15.9,97.9,59.9
2021-01-05,23.6,59.9,89.3,28.9,54.5,51.2
2021-01-06,36.6,66.7,59.0,52.9,50.1,53.1
2021-01-07,27.7,50.8,35.9,47.3,28.0,37.9
2021-01-08,55.8,70.0,15.1,56.5,60.1,51.5
2021-01-09,77.6,84.5,2.9,14.3,8.8,37.6
2021-01-10,49.5,74.6,20.3,4.9,18.2,33.5
2021-01-11,63.2,82.9,14.8,15.6,50.6,45.4
2021-01-12,63.2,84.2,7.4,21.1,17.6,38.7
2021-01-13,16.7,45.4,32.1,18.5,60.4,34.6
2021-01-14,38.8,63.4,35.0,9.1,60.4,41.3
2021-01-15,40.2,60.5,43.8,49.9,21.8,43.2
2021-01-16,34.2,68.6,61.3,43.6,3.2,42.2
2021-01-17,45.7,80.1,35.1,31.1,89.3,56.3
2021-01-18,23.0,75.2,50.6,8.9,13.4,34.2
2021-01-19,24.3,78.6,73.9,34.4,43.3,50.9
2021-01-20,16.6,54.6,54.7,26.2,3.6,31.1
2021-01-21,8.0,61.2,50.3,60.4,74.1,50.8
2021-01-22,6.7,57.6,32.4,18.1,11.8,25.3
2021-01-23,80.0,86.7,51.2,6.7,95.3,64.0
2021-01-24,66.7,81.8,12.1,7.1,98.1,53.1
2021-01-25,94.8,97.0,20.2,57.8,83.3,70.6
2021-01-26,49.8,84.1,53.4,66.4,41.2,59.0
2021-01-27,20.9,64.5,66.0,58.2,31.6,48.2
2021-01-28,44.0,75.7,49.5,33.5,80.2,56.6
2021-01-29,45.3,74.1,13.3,56.4,79.3,53.7
2021-01-30,35.5,57.8,16.7,40.2,35.5,37.1
2021-01-31,26.6,71.6,20.7,24.8,26.9,34.1
2021-02-01,13.3,45.8,7.0,50.8,20.3,27.4
2021-02-02,16.6,30.5,44.7,5.3,52.1,29.8
2021-02-03,22.6,67.4,28.3,14.7,10.0,28.6
2021-02-04,27.2,50.2,22.5,27.7,12.5,28.0
2021-02-05,31.4,76.4,10.6,17.6,84.0,44.0
2021-02-06,46.1,73.3,5.8,19.5,46.1,38.1
2021-02-07,11.7,60.8,64.9,4.4,30.5,34.4
2021-02-08,63.2,83.3,17.6,46.2,79.1,57.9
2021-02-09,37.6,77.5,62.3,13.0,54.5,49.0
2021-02-10,57.1,84.1,43.5,11.9,44.7,48.3
2021-02-11,88.8,96.0,17.0,85.7,26.2,62.7
2021-02-12,72.7,92.5,6.7,23.2,31.8,45.4
2021-02-13,67.6,92.5,3.6,11.1,48.4,44.6
2021-02-14,47.6,83.1,1.1,4.4,58.3,38.9
2021-02-15,23.9,76.1,0.8,4.3,83.5,37.7
2021-02-16,28.1,66.5,18.4,17.0,91.8,44.4
2021-02-17,42.4,72.2,70.1,26.1,81.5,58.4
2021-02-18,44.4,58.2,25.4,37.3,75.9,48.2
2021-02-19,86.0,95.7,58.7,11.9,75.6,65.6
2021-02-20,83.5,95.7,67.9,7.1,49.4,60.7
2021-02-21,87.2,97.1,24.4,17.7,77.9,60.9
2021-02-22,44.9,81.5,51.9,5.5,76.3,52.0
2021-02-23,39.2,91.8,58.3,6.0,34.6,46.0
2021-02-24,9.2,71.2,38.5,7.4,68.9,39.0
2021-02-25,90.1,80.9,18.5,40.7,40.2,54.1
2021-02-26,90.3,82.6,66.1,13.7,96.0,69.7
2021-02-27,91.9,82.6,59.8,4.4,71.7,62.1
2021-02-28,78.1,71.6,83.8,5.2,89.0,65.5
2021-03-01,47.5,69.0,86.7,33.7,64.2,60.2
2021-03-02,46.4,60.4,26.3,53.9,34.3,44.3
2021-03-03,25.7,49.5,26.3,14.8,61.2,35.5
2021-03-04,29.5,51.9,38.4,26.9,57.8,40.9
2021-03-05,69.7,73.1,37.4,32.8,20.7,46.7
2021-03-06,42.7,71.1,30.0,8.6,32.1,36.9
2021-03-07,69.8,79.6,40.5,46.6,93.0,65.9
2021-03-08,21.5,50.6,69.7,13.0,84.1,47.8
2021-03-09,25.5,51.9,51.7,19.9,81.8,46.1
2021-03-10,34.0,64.6,59.8,42.1,89.0,57.9
2021-03-11,18.1,65.7,34.6,53.1,53.5,45.0
2021-03-12,29.9,90.3,38.3,47.9,86.1,58.5
2021-03-13,34.4,77.9,55.8,34.0,85.9,57.6
2021-03-14,29.6,76.1,19.3,21.1,79.0,45.0
2021-03-15,3.3,45.0,49.1,18.2,9.9,25.1
2021-03-16,3.6,49.0,23.9,48.8,47.9,34.6
2021-03-17,19.9,59.4,4.0,32.8,22.6,27.7
2021-03-18,53.9,66.4,64.9,34.2,46.9,53.3
2021-03-19,50.8,85.6,54.7,63.9,55.3,62.1
2021-03-20,67.9,91.9,2.3,43.8,58.2,52.8
2021-03-21,8.5,75.2,47.9,15.1,58.8,41.1
2021-03-22,36.1,47.6,26.6,13.6,79.6,40.7
2021-03-23,57.2,38.1,37.7,20.7,23.7,35.5
2021-03-24,26.7,41.8,17.4,75.7,100.0,52.3
2021-03-25,21.7,50.9,20.9,76.4,100.0,54.0
2021-03-26,33.9,47.5,55.6,73.8,100.0,62.1
2021-03-27,23.3,45.4,32.8,54.3,100.0,51.2
2021-03-28,23.9,71.1,20.0,16.6,100.0,46.3
2021-03-29,7.0,33.7,33.3,9.1,100.0,36.6
2021-03-30,29.1,50.2,39.0,43.6,99.5,52.3
2021-03-31,42.8,54.5,19.6,12.6,99.0,45.7
2021-04-01,15.1,37.7,11.7,53.4,98.9,43.3
2021-04-02,72.8,78.2,25.4,32.9,98.6,61.6
2021-04-03,38.0,67.8,16.7,18.2,98.9,47.9
2021-04-04,21.4,59.4,11.7,8.8,98.5,39.9
2021-04-05,5.1,44.9,22.4,4.9,96.7,34.8
2021-04-06,22.2,61.3,22.2,47.3,96.7,50.0
2021-04-07,9.5,46.8,62.7,47.3,97.3,52.7
2021-04-08,22.5,62.3,41.0,11.4,97.5,46.9
2021-04-09,42.0,54.9,69.5,7.8,95.7,54.0
2021-04-10,39.9,76.0,47.6,4.5,95.7,52.8
2021-04-11,58.7,75.7,96.2,6.7,93.3,66.1
2021-04-12,16.6,50.9,92.0,10.8,94.7,53.0
2021-04-13,7.3,64.5,79.4,16.2,97.0,52.9
2021-04-14,31.4,60.4,63.0,62.3,97.1,62.8
2021-04-15,50.1,48.7,61.6,7.7,90.3,51.7
2021-04-16,20.6,46.0,30.7,45.0,88.2,46.1
2021-04-17,9.7,56.5,36.5,89.0,82.3,54.8
2021-04-18,30.0,45.5,48.3,29.4,86.7,48.0
2021-04-19,12.1,44.2,12.8,12.9,88.2,34.0
2021-04-20,21.8,52.9,10.7,4.4,76.7,33.3
2021-04-21,21.0,39.4,10.0,4.1,74.2,29.7
2021-04-22,2.2,35.5,85.6,9.3,76.4,41.8
2021-04-23,0.1,18.7,41.4,11.8,86.8,31.8
2021-04-24,13.0,54.7,58.6,7.0,71.6,41.0
2021-04-25,22.4,36.1,52.8,67.2,88.6,53.4
2021-04-26,20.2,9.7,7.1,25.0,78.3,28.1
2021-04-27,10.7,37.0,51.3,16.3,91.8,41.4
2021-04-28,3.7,45.0,61.0,28.0,67.8,41.1
2021-04-29,0.4,33.9,17.3,37.4,77.0,33.2
2021-04-30,2.1,36.4,6.7,8.1,74.3,25.5
2021-05-01,12.5,54.0,52.5,29.2,66.9,43.0
2021-05-02,3.7,40.9,30.9,36.8,47.7,32.0
2021-05-03,10.6,32.6,0.7,45.3,45.1,26.9
2021-05-04,2.1,7.0,4.9,69.0,76.7,31.9
2021-05-05,10.0,22.5,20.4,35.9,91.9,36.2
2021-05-06,8.4,13.7,17.4,32.5,93.0,33.0
2021-05-07,0.5,23.5,43.2,73.3,66.1,41.3
2021-05-08,9.7,55.1,39.6,72.6,71.2,49.7
2021-05-09,21.7,34.0,2.5,6.7,41.0,21.2
2021-05-10,3.2,59.9,62.6,14.7,83.0,44.7
2021-05-11,7.3,54.6,82.0,44.4,88.1,55.3
2021-05-12,1.8,21.5,52.3,5.1,87.1,33.6
2021-05-13,11.4,11.2,52.4,4.1,58.4,27.5
2021-05-14,5.2,5.8,64.1,16.0,63.4,30.9
2021-05-15,5.8,26.9,46.9,32.6,72.3,36.9
2021-05-16,3.2,28.0,68.7,86.4,54.2,48.1
2021-05-17,3.7,29.1,82.2,33.9,58.8,41.5
2021-05-18,3.8,42.1,79.7,58.0,32.6,43.3
2021-05-19,10.8,36.1,88.5,9.1,60.1,40.9
2021-05-20,19.2,42.8,91.9,5.5,84.0,48.7
2021-05-21,15.8,83.5,81.6,6.2,55.4,48.5
2021-05-22,2.6,71.7,69.3,4.3,66.3,42.8
2021-05-23,6.4,70.2,59.8,13.9,96.4,49.4
2021-05-24,10.2,66.0,65.8,45.3,90.4,55.5
2021-05-25,2.1,40.6,50.3,53.1,88.5,46.9
2021-05-26,11.4,52.5,55.7,5.9,69.1,38.9
2021-05-27,17.8,39.8,17.4,6.2,70.5,30.3
2021-05-28,31.1,50.8,50.6,6.3,57.5,39.3
2021-05-29,38.7,77.2,16.6,7.1,93.3,46.6
2021-05-30,38.5,58.8,26.7,11.2,88.2,44.7
2021-05-31,7.1,34.7,49.5,23.2,81.5,39.2
2021-06-01,22.8,72.3,59.7,25.9,71.2,50.4
2021-06-02,28.8,28.4,92.0,50.3,77.5,55.4
2021-06-03,27.3,42.9,79.3,60.2,67.5,55.4
2021-06-04,7.8,32.5,55.7,12.6,56.2,33.0
2021-06-05,20.2,52.0,18.9,19.8,83.8,38.9
2021-06-06,27.2,70.8,8.1,33.6,85.9,45.1
2021-06-07,6.9,21.9,32.4,15.8,83.8,32.2
2021-06-08,12.2,48.0,23.9,14.0,54.5,30.5
2021-06-09,10.7,48.0,71.7,44.4,74.5,49.9
2021-06-10,12.3,77.8,72.7,6.3,76.1,49.1
2021-06-11,18.7,46.5,59.7,23.7,80.0,45.7
2021-06-12,64.3,36.4,5.8,93.3,56.7,51.3
2021-06-13,45.7,52.0,87.9,35.1,75.2,59.2
2021-06-14,29.4,47.6,74.9,10.6,83.3,49.1
2021-06-15,53.1,71.7,32.6,32.4,89.8,55.9
2021-06-16,6.6,30.6,32.0,16.5,80.5,33.2
2021-06-17,31.3,51.9,58.4,30.6,78.1,50.0
2021-06-18,20.9,42.2,43.1,8.0,72.8,37.4
2021-06-19,43.5,73.7,50.8,6.0,95.6,53.9
2021-06-20,59.1,46.9,93.7,6.4,93.4,59.9
2021-06-21,20.7,25.5,44.7,13.4,93.6,39.6
2021-06-22,48.1,50.2,16.6,5.2,93.6,42.7
2021-06-23,29.2,43.9,70.1,4.5,92.9,48.1
2021-06-24,56.4,47.7,11.1,8.2,90.9,42.9
2021-06-25,56.5,66.5,11.1,18.5,90.1,48.6
2021-06-26,60.1,51.3,31.8,4.0,86.7,46.8
2021-06-27,56.8,75.7,8.5,4.8,74.2,44.0
2021-06-28,44.4,82.4,38.3,29.2,86.7,56.2
2021-06-29,47.1,58.7,40.1,5.8,59.4,42.2
2021-06-30,18.4,40.5,14.3,4.5,39.6,23.5
2021-07-01,49.4,43.2,62.8,21.9,47.6,45.0
2021-07-02,61.3,72.0,54.2,5.5,39.0,46.4
2021-07-03,22.6,52.7,26.9,39.5,77.1,43.8
2021-07-04,28.1,43.6,47.1,40.2,96.6,51.1
2021-07-05,21.0,27.8,22.2,30.0,96.3,39.5
2021-07-06,18.0,52.9,17.8,22.2,84.0,39.0
2021-07-07,20.6,57.2,8.2,13.7,98.1,39.6
2021-07-08,13.4,34.3,16.7,13.7,93.6,34.3
2021-07-09,28.7,37.3,33.7,4.1,66.7,34.1
2021-07-10,52.3,31.1,23.0,4.0,45.0,31.1
2021-07-11,15.6,39.8,13.4,4.4,91.2,32.9
2021-07-12,9.7,44.7,42.4,10.0,73.5,36.1
2021-07-13,18.7,65.4,42.0,16.0,80.4,44.5
2021-07-14,69.5,84.6,27.8,8.0,59.5,49.9
2021-07-15,53.6,73.0,79.8,20.0,64.9,58.3
2021-07-16,42.1,38.4,84.2,8.4,54.9,45.6
2021-07-17,33.9,7.4,1.9,6.0,43.2,18.5
2021-07-18,62.8,31.3,6.2,5.8,40.3,29.3
2021-07-19,16.5,36.1,32.4,8.8,36.6,26.1
2021-07-20,10.4,32.9,49.0,5.3,60.9,31.7
2021-07-21,42.9,34.3,92.5,15.5,67.9,50.6
2021-07-22,12.2,36.5,97.9,80.0,68.0,58.9
2021-07-23,24.0,44.0,68.0,6.9,63.5,41.3
2021-07-24,55.1,57.1,3.7,4.0,32.2,30.4
2021-07-25,62.8,39.6,40.9,8.2,75.4,45.4
2021-07-26,76.1,62.4,4.8,9.2,65.2,43.5
2021-07-27,29.9,70.4,9.9,8.4,80.4,39.8
2021-07-28,13.2,50.9,14.3,10.6,70.0,31.8
2021-07-29,29.5,32.6,26.6,14.4,89.0,38.4
2021-07-30,45.3,47.3,83.5,11.5,96.7,56.9
2021-07-31,86.4,90.3,94.8,4.7,97.3,74.7
2021-08-01,42.9,78.2,96.8,7.8,98.6,64.9
2021-08-02,58.3,76.7,86.1,6.7,94.1,64.4
2021-08-03,67.2,49.9,94.5,5.6,91.9,61.8
2021-08-04,53.4,53.4,95.2,6.4,95.6,60.8
2021-08-05,50.2,38.4,84.1,12.2,97.3,56.4
2021-08-06,62.8,71.1,89.3,13.4,92.6,65.8
2021-08-07,37.3,49.5,48.8,5.9,80.9,44.5
2021-08-08,51.0,64.9,25.2,8.6,92.7,48.5
2021-08-09,25.1,46.6,48.8,69.0,97.3,57.4
2021-08-10,28.7,36.6,53.4,4.1,91.4,42.8
2021-08-11,7.4,28.5,54.7,4.9,75.2,34.2
2021-08-12,3.8,27.4,16.2,18.0,83.7,29.8
2021-08-13,23.6,37.0,1.6,6.4,64.9,26.7
2021-08-14,90.9,59.4,1.0,6.3,87.2,49.0
2021-08-15,70.1,57.3,23.2,6.7,85.6,48.6
2021-08-16,26.1,17.8,2.3,4.0,68.4,23.7
2021-08-17,34.4,43.1,1.5,4.5,56.4,28.0
2021-08-18,15.1,20.0,3.6,14.3,71.9,25.0
2021-08-19,13.0,33.1,32.8,5.6,66.4,30.2
2021-08-20,48.8,13.3,65.4,12.1,82.7,44.5
2021-08-21,25.9,14.1,27.0,5.6,81.6,30.9
2021-08-22,26.6,28.1,84.8,5.9,88.5,46.8
2021-08-23,39.5,15.2,71.6,63.6,82.0,54.4
2021-08-24,49.0,23.7,28.4,47.3,78.3,45.3
2021-08-25,45.8,35.3,73.5,8.6,82.4,49.1
2021-08-26,25.0,30.6,47.5,5.5,63.1,34.3
2021-08-27,30.2,27.3,56.2,8.5,36.9,31.8
2021-08-28,15.4,33.1,95.2,15.9,92.7,50.5
2021-08-29,30.6,48.6,1.8,38.8,73.9,38.7
2021-08-30,61.3,31.0,40.9,5.2,51.2,37.9
2021-08-31,23.0,26.3,56.5,4.7,85.9,39.3
2021-09-01,23.5,15.0,91.2,15.6,80.9,45.2
2021-09-02,15.5,4.7,87.0,38.0,56.5,40.3
2021-09-03,30.9,40.3,28.4,15.4,52.1,33.4
2021-09-04,26.7,44.0,44.4,6.2,50.1,34.3
2021-09-05,38.4,13.6,74.6,11.7,63.9,40.4
2021-09-06,27.4,28.1,38.0,12.5,73.9,36.0
2021-09-07,53.5,33.3,12.8,12.1,86.4,39.6
2021-09-08,33.9,16.0,11.5,56.2,86.6,40.9
2021-09-09,33.9,15.2,50.1,7.3,96.3,40.5
2021-09-10,16.6,19.1,78.6,27.3,62.6,40.8
2021-09-11,30.5,16.2,56.7,52.8,78.5,46.9
2021-09-12,52.4,33.6,39.5,8.8,63.1,39.5
2021-09-13,34.3,48.4,36.6,55.4,83.8,51.7
2021-09-14,21.9,20.6,26.7,20.9,59.0,29.8
2021-09-15,29.4,28.8,59.9,77.2,79.1,54.9
2021-09-16,36.5,32.4,51.0,26.1,89.4,47.1
2021-09-17,75.2,80.8,47.9,43.9,89.2,67.4
2021-09-18,64.5,31.6,87.1,27.8,46.4,51.5
2021-09-19,27.2,35.1,42.7,11.0,59.4,35.1
2021-09-20,17.7,56.8,33.5,93.4,64.1,53.1
2021-09-21,56.1,31.3,75.9,85.0,89.3,67.5
2021-09-22,60.5,19.5,78.5,63.0,59.3,56.1
2021-09-23,42.9,11.0,52.8,79.3,91.6,55.5
2021-09-24,78.6,51.7,82.2,48.3,91.8,70.5
2021-09-25,96.2,49.2,81.6,54.2,90.0,74.2
2021-09-26,76.5,65.2,76.0,40.2,83.7,68.3
2021-09-27,54.0,50.8,86.0,42.4,94.7,65.6
2021-09-28,59.3,32.6,90.1,14.8,63.5,52.1
2021-09-29,44.3,9.2,90.1,21.8,62.3,45.5
2021-09-30,70.9,68.2,54.7,31.0,57.8,56.5
2021-10-01,65.2,67.2,93.7,37.6,81.5,69.0
2021-10-02,78.1,78.6,36.1,15.4,77.5,57.1
2021-10-03,85.0,66.4,59.3,30.5,72.0,62.6
2021-10-04,11.4,33.2,57.8,16.2,48.8,33.5
2021-10-05,61.3,58.0,56.7,27.3,67.9,54.2
2021-10-06,7.4,28.0,78.6,63.8,86.4,52.8
2021-10-07,45.8,35.7,53.9,45.7,53.1,46.8
2021-10-08,65.4,73.8,83.0,66.0,50.8,67.8
2021-10-09,78.3,83.0,87.8,77.9,65.0,78.4
2021-10-10,93.4,92.2,88.8,8.9,63.0,69.2
2021-10-11,94.1,92.5,78.5,11.2,46.1,64.5
2021-10-12,56.0,41.0,91.6,22.8,72.3,56.7
2021-10-13,67.9,76.0,90.0,22.9,44.6,60.3
2021-10-14,58.4,67.4,92.6,25.4,57.8,60.3
2021-10-15,11.5,57.6,80.8,9.9,43.6,40.7
2021-10-16,45.1,44.6,46.0,20.0,49.2,41.0
2021-10-17,89.4,55.4,32.2,4.7,74.9,51.3
2021-10-18,42.7,57.8,80.4,23.6,65.6,54.0
2021-10-19,74.2,66.7,92.2,17.0,77.2,65.5
2021-10-20,33.9,53.1,90.7,17.3,70.0,53.0
2021-10-21,47.5,68.2,88.2,9.6,29.8,48.6
2021-10-22,49.2,48.6,95.3,15.8,35.0,48.8
2021-10-23,56.5,44.0,87.2,17.7,91.5,59.4
2021-10-24,74.9,84.0,93.8,21.9,22.5,59.4
2021-10-25,43.2,50.5,91.2,30.2,83.0,59.6
2021-10-26,10.3,29.6,77.6,21.5,81.6,44.1
2021-10-27,66.4,68.6,87.2,59.4,58.3,68.0
2021-10-28,59.9,69.7,91.9,42.5,49.1,62.6
2021-10-29,32.0,33.6,87.9,18.5,65.8,47.6
2021-10-30,11.8,20.0,87.7,17.4,47.6,36.9
2021-10-31,19.8,55.4,97.7,28.4,91.1,58.5
2021-11-01,18.9,40.1,90.3,57.3,71.5,55.6
2021-11-02,15.6,26.1,84.1,22.1,64.5,42.5
2021-11-03,22.1,68.0,87.5,14.8,88.2,56.1
2021-11-04,70.2,58.8,94.5,82.6,71.5,75.5
2021-11-05,33.1,37.4,79.1,4.1,94.0,49.5
2021-11-06,18.0,70.5,54.2,84.1,77.8,60.9
2021-11-07,16.6,81.2,95.1,65.7,70.6,65.8
2021-11-08,13.7,46.9,80.1,59.7,83.5,56.8
2021-11-09,41.7,45.8,81.9,35.1,52.0,51.3
2021-11-10,19.8,30.6,92.6,8.8,63.4,43.0
2021-11-11,43.3,62.8,91.6,6.6,72.0,55.3
2021-11-12,48.7,64.9,82.6,54.3,38.8,57.9
2021-11-13,25.5,46.2,41.0,66.7,80.9,52.1
2021-11-14,45.3,68.0,29.6,84.8,79.7,61.5
2021-11-15,14.0,39.6,45.8,73.4,54.6,45.5
2021-11-16,28.4,52.0,87.7,39.1,45.7,50.6
2021-11-17,50.1,43.6,87.9,28.7,75.9,57.2
2021-11-18,65.4,80.8,86.4,43.5,70.5,69.3
2021-11-19,35.1,64.1,55.7,18.5,63.1,47.3
2021-11-20,39.0,72.8,59.8,15.4,47.6,46.9
2021-11-21,36.2,50.6,17.3,9.1,0.1,22.7
2021-11-22,41.4,25.8,45.8,24.0,0.3,27.5
2021-11-23,37.3,46.5,91.1,18.9,0.4,38.8
2021-11-24,2.1,40.5,88.3,39.4,0.5,34.2
2021-11-25,18.7,50.2,68.0,10.7,0.7,29.7
2021-11-26,35.9,50.2,59.1,19.5,0.8,33.1
2021-11-27,12.8,39.2,48.3,8.2,1.0,21.9
2021-11-28,38.5,48.6,78.7,15.1,66.9,49.6
2021-11-29,8.5,19.8,76.0,8.4,38.0,30.1
2021-11-30,19.6,37.9,83.0,4.8,36.5,36.4
2021-12-01,14.4,26.5,72.2,18.4,68.9,40.1
2021-12-02,30.9,35.5,61.9,18.4,61.3,41.6
2021-12-03,14.5,39.2,77.0,66.3,29.5,45.3
2021-12-04,49.2,26.2,36.9,38.4,67.5,43.6
2021-12-05,12.9,66.9,62.0,66.4,72.3,56.1
2021-12-06,61.3,87.9,34.0,91.2,52.7,65.4
2021-12-07,16.6,47.7,54.9,62.1,96.0,55.5
2021-12-08,86.4,86.7,56.2,40.2,86.0,71.1
2021-12-09,40.3,56.1,83.3,13.3,59.8,50.6
2021-12-10,21.7,38.0,94.5,14.1,36.4,40.9
2021-12-11,36.8,49.7,90.4,47.6,30.7,51.0
2021-12-12,12.2,71.7,95.1,22.4,58.3,51.9
2021-12-13,6.3,51.9,80.8,23.0,49.4,42.3
2021-12-14,7.7,39.4,76.8,62.7,57.1,48.7
2021-12-15,2.3,26.7,81.8,42.4,70.6,44.8
2021-12-16,40.5,49.4,86.4,34.8,82.3,58.7
2021-12-17,15.5,46.6,78.9,26.1,83.7,50.2
2021-12-18,54.6,67.2,81.9,14.8,61.5,56.0
2021-12-19,67.5,44.0,19.6,83.3,90.1,60.9
2021-12-20,45.5,32.4,69.3,36.6,74.3,51.6
2021-12-21,30.7,37.0,72.4,10.4,51.9,40.5
2021-12-22,12.3,31.1,66.1,19.1,38.0,33.3
2021-12-23,8.1,66.4,83.3,23.6,44.3,45.1
2021-12-24,69.8,53.6,43.2,63.1,64.1,58.8
2021-12-25,18.2,21.5,48.1,51.4,83.1,44.5
2021-12-26,10.2,60.8,44.4,8.8,90.8,43.0
2021-12-27,11.7,31.7,72.6,14.1,78.9,41.8
2021-12-28,30.2,50.5,82.4,4.3,78.2,49.1
2021-12-29,8.0,23.2,54.5,18.4,92.5,39.3
2021-12-30,17.7,71.1,54.6,28.4,89.8,52.3
2021-12-31,74.6,90.4,81.5,95.6,87.2,85.9
2022-01-01,84.6,80.2,17.6,89.2,71.3,68.6
2022-01-02,52.5,67.5,10.3,77.2,92.7,60.1
2022-01-03,58.0,72.3,57.2,83.1,94.9,73.1
2022-01-04,52.7,77.1,67.1,56.0,43.1,59.2
2022-01-05,44.4,41.6,71.5,53.2,83.4,58.8
2022-01-06,31.6,56.8,53.9,17.4,35.5,39.0
2022-01-07,33.9,60.2,40.1,30.5,66.1,46.1
2022-01-08,24.6,46.2,44.2,2.5,38.4,31.2
2022-01-09,8.2,42.4,33.3,6.3,13.4,20.7
2022-01-10,9.1,22.1,58.6,9.9,17.1,23.3
2022-01-11,25.5,55.4,37.7,20.9,8.4,29.6
2022-01-12,66.8,70.6,34.2,5.8,38.5,43.2
2022-01-13,42.8,61.6,62.0,87.7,34.4,57.7
2022-01-14,58.7,65.7,52.5,53.8,43.3,54.8
2022-01-15,75.3,86.3,93.0,53.5,19.2,65.5
2022-01-16,22.5,32.2,55.4,12.1,66.9,37.8
2022-01-17,45.3,27.4,72.0,56.8,92.9,58.9
2022-01-18,24.3,64.1,70.8,29.5,79.0,53.5
2022-01-19,14.8,33.1,62.1,4.7,73.3,37.6
2022-01-20,41.2,71.9,82.9,91.4,78.7,73.2
2022-01-21,35.3,69.1,73.3,9.7,76.8,52.8
2022-01-22,28.4,54.7,46.8,63.0,91.6,56.9
2022-01-23,66.3,72.8,93.4,13.9,84.5,66.2
2022-01-24,18.9,30.3,76.0,15.6,76.8,43.5
2022-01-25,41.4,33.5,84.1,5.6,66.5,46.2
2022-01-26,51.4,47.3,87.0,9.7,97.9,58.7
2022-01-27,28.9,52.5,78.1,13.3,77.5,50.1
2022-01-28,27.0,55.6,97.7,35.7,47.5,52.7
2022-01-29,13.9,18.5,86.4,6.3,22.8,29.6
2022-01-30,14.0,34.6,54.6,40.1,83.8,45.4
2022-01-31,11.9,54.6,58.3,15.5,71.5,42.4
2022-02-01,25.1,31.8,85.0,12.6,66.8,44.3
2022-02-02,15.8,48.0,47.5,10.6,62.6,36.9
2022-02-03,72.8,80.7,58.7,3.2,61.9,55.4
2022-02-04,73.0,84.4,83.1,7.1,89.0,67.3
2022-02-05,74.8,70.4,81.8,2.3,90.7,64.0
2022-02-06,44.3,34.0,70.9,16.3,63.0,45.7
2022-02-07,42.8,39.9,94.8,27.3,56.4,52.2
2022-02-08,14.1,46.0,85.3,22.1,70.1,47.5
2022-02-09,9.7,43.2,71.5,18.9,70.6,42.8
2022-02-10,33.2,30.7,56.8,32.4,87.5,48.1
2022-02-11,62.8,11.4,62.3,79.3,94.2,62.0
2022-02-12,87.9,81.8,30.0,41.0,87.9,65.7
2022-02-13,29.2,29.2,28.9,9.1,78.7,35.0
2022-02-14,68.6,47.2,73.8,20.0,71.3,56.2
2022-02-15,51.0,8.8,88.1,6.7,44.0,39.7
2022-02-16,25.4,18.0,82.7,78.6,66.4,54.2
2022-02-17,12.1,19.8,83.1,74.6,84.8,54.9
2022-02-18,30.3,10.8,90.9,58.2,42.7,46.6
2022-02-19,59.7,21.0,62.8,90.7,71.5,61.1
2022-02-20,70.0,79.3,82.9,84.8,78.6,79.1
2022-02-21,31.1,22.4,86.0,29.8,90.4,51.9
2022-02-22,8.6,20.2,96.3,54.2,50.8,46.0
2022-02-23,24.1,15.1,91.5,35.5,52.5,43.8
2022-02-24,6.3,8.6,90.8,97.0,37.4,48.0
2022-02-25,5.6,6.3,95.1,99.7,20.4,45.4
2022-02-26,12.6,7.1,62.8,97.5,26.6,41.3
2022-02-27,16.5,31.4,79.3,95.5,45.1,53.6
2022-02-28,4.3,10.4,95.1,99.7,41.4,50.2
2022-03-01,21.8,6.4,97.1,98.5,68.0,58.4
2022-03-02,10.2,6.2,96.6,99.6,46.2,51.7
2022-03-03,29.6,8.2,96.0,98.6,69.8,60.5
2022-03-04,22.8,23.3,91.8,95.7,32.5,53.2
2022-03-05,15.0,29.6,95.1,97.0,7.7,48.9
2022-03-06,4.0,8.2,97.8,94.7,45.1,50.0
2022-03-07,23.7,20.4,99.7,98.2,50.5,58.5
2022-03-08,8.1,25.9,99.9,99.7,36.2,54.0
2022-03-09,25.2,25.9,99.7,99.3,69.4,63.9
2022-03-10,16.3,7.7,98.8,97.5,43.2,52.7
2022-03-11,24.8,18.9,97.0,96.4,40.2,55.5
2022-03-12,71.9,75.7,94.9,94.1,94.7,86.3
2022-03-13,44.6,22.5,93.7,90.7,68.3,64.0
2022-03-14,13.4,68.3,94.1,96.3,41.8,62.8
2022-03-15,7.1,5.9,97.4,97.7,94.2,60.5
2022-03-16,8.6,13.2,99.0,95.1,80.1,59.2
2022-03-17,20.6,20.7,98.6,95.5,38.8,54.8
2022-03-18,4.5,34.7,94.2,99.0,43.1,55.1
2022-03-19,8.0,39.6,92.6,98.5,72.7,62.3
2022-03-20,43.1,43.5,96.4,96.0,95.3,74.9
2022-03-21,27.3,62.0,98.5,94.7,97.8,76.0
2022-03-22,24.6,35.8,97.5,97.7,93.4,69.8
2022-03-23,25.4,24.3,99.5,97.8,77.2,64.8
2022-03-24,66.0,74.5,99.2,97.4,75.0,82.4
2022-03-25,83.3,93.1,99.3,96.7,86.6,91.8
2022-03-26,39.8,75.6,97.1,94.2,93.3,80.0
2022-03-27,17.0,51.0,98.8,85.3,90.5,68.5
2022-03-28,1.9,29.5,95.2,94.7,84.2,61.1
2022-03-29,5.6,59.5,96.7,90.8,85.0,67.5
2022-03-30,26.5,31.0,95.9,97.8,76.4,65.5
2022-03-31,39.1,65.2,92.0,99.5,76.1,74.4
2022-04-01,58.6,73.9,84.4,98.9,62.7,75.7
2022-04-02,67.4,68.4,96.6,98.9,32.4,72.7
2022-04-03,47.7,56.1,97.9,89.0,49.7,68.1
2022-04-04,10.6,3.7,97.3,97.9,60.5,54.0
2022-04-05,5.3,5.6,90.9,97.3,48.7,49.6
2022-04-06,6.3,2.7,93.1,94.8,46.2,48.6
2022-04-07,26.5,43.6,99.6,95.5,77.8,68.6
2022-04-08,12.6,14.0,95.2,90.9,56.0,53.7
2022-04-09,22.5,16.9,90.1,90.7,55.6,55.1
2022-04-10,34.4,18.1,78.1,99.2,35.3,53.0
2022-04-11,32.2,11.5,91.6,99.5,57.2,58.4
2022-04-12,53.9,63.0,96.3,98.4,41.2,70.5
2022-04-13,7.5,15.0,90.1,94.7,32.5,48.0
2022-04-14,4.4,2.2,86.6,92.2,76.3,52.3
2022-04-15,22.4,48.8,86.7,95.3,51.9,61.0
2022-04-16,20.2,11.5,55.1,98.5,87.2,54.5
2022-04-17,44.2,59.1,84.5,96.2,94.8,75.7
2022-04-18,53.6,31.3,95.7,90.8,80.4,70.4
2022-04-19,22.9,4.0,92.3,90.5,21.3,46.2
2022-04-20,5.8,21.3,90.3,94.1,53.2,52.9
2022-04-21,55.0,1.8,80.8,97.9,41.6,55.4
2022-04-22,46.5,6.2,93.6,99.7,22.6,53.7
2022-04-23,20.7,44.7,52.9,97.9,58.8,55.0
2022-04-24,25.4,33.2,63.6,0.1,55.0,35.5
2022-04-25,40.2,32.0,87.2,0.3,76.5,47.2
2022-04-26,5.5,5.9,82.2,0.4,41.8,27.2
2022-04-27,5.6,1.2,96.6,0.5,18.5,24.5
2022-04-28,3.7,9.3,90.9,0.7,35.9,28.1
2022-04-29,27.6,16.0,91.1,0.8,61.9,39.5
2022-04-30,53.5,90.8,80.5,1.0,17.8,48.7
2022-05-01,48.1,46.6,93.0,97.0,93.0,75.6
2022-05-02,26.1,8.6,93.4,99.5,92.2,64.0
2022-05-03,10.4,1.5,96.7,96.2,37.6,48.5
2022-05-04,3.4,1.1,95.6,97.9,36.8,47.0
2022-05-05,33.5,2.3,97.5,97.5,19.1,50.0
2022-05-06,15.8,8.4,86.7,95.6,12.6,43.8
2022-05-07,16.6,29.9,87.2,84.6,88.1,61.3
2022-05-08,45.5,5.6,78.2,1.1,92.5,44.6
2022-05-09,21.3,21.3,98.5,1.2,87.5,46.0
2022-05-10,44.4,18.0,99.5,1.4,49.4,42.5
2022-05-11,10.3,3.0,94.4,1.5,49.0,31.6
2022-05-12,29.4,17.0,89.3,1.6,43.3,36.1
2022-05-13,14.5,17.3,95.3,1.8,56.2,37.0
2022-05-14,9.5,7.3,58.2,1.9,73.7,30.1
2022-05-15,33.9,46.1,82.2,70.1,43.5,55.1
2022-05-16,27.2,49.8,96.2,76.4,37.2,57.3
2022-05-17,26.2,47.9,84.2,84.0,75.3,63.5
2022-05-18,33.6,42.8,89.4,80.8,60.8,61.5
2022-05-19,49.2,37.9,84.2,92.6,74.5,67.7
2022-05-20,42.5,51.9,83.0,88.5,64.6,66.1
2022-05-21,57.2,68.7,66.4,80.1,56.8,65.8
2022-05-22,49.5,64.6,77.4,94.7,83.5,73.9
2022-05-23,21.0,19.6,98.6,98.1,68.7,61.2
2022-05-24,38.4,32.6,99.5,97.9,86.7,71.0
2022-05-25,14.7,7.1,93.6,94.7,39.1,49.8
2022-05-26,21.0,8.6,94.9,85.5,61.7,54.3
2022-05-27,0.7,20.6,95.7,91.4,47.9,51.2
2022-05-28,14.5,18.4,84.5,82.0,92.3,58.4
2022-05-29,36.6,24.3,86.1,82.9,95.1,65.0
2022-05-30,60.1,9.5,99.0,88.3,71.2,65.6
2022-05-31,47.3,59.7,98.6,99.0,77.6,76.5
2022-06-01,3.3,15.1,88.1,97.1,66.1,53.9
2022-06-02,30.9,16.3,97.1,93.4,31.4,53.8
2022-06-03,20.6,5.2,81.5,96.4,15.9,43.9
2022-06-04,22.9,21.4,89.2,88.9,82.4,61.0
2022-06-05,13.6,29.2,81.2,83.5,78.3,57.2
2022-06-06,15.0,28.0,85.6,93.1,54.3,55.2
2022-06-07,17.4,12.2,83.5,86.8,76.5,55.3
2022-06-08,22.6,15.5,82.4,83.4,81.6,57.1
2022-06-09,29.5,54.2,87.2,92.9,75.9,67.9
2022-06-10,10.3,47.2,88.5,92.0,85.9,64.8
2022-06-11,5.2,23.9,80.9,81.5,80.7,54.4
2022-06-12,58.6,69.5,60.8,67.9,64.1,64.2
2022-06-13,6.0,23.0,86.1,97.0,79.6,58.4
2022-06-14,0.3,35.0,94.8,87.7,85.9,60.7
2022-06-15,3.0,6.3,93.0,79.4,42.5,44.9
2022-06-16,37.9,33.9,91.9,78.1,39.0,56.1
2022-06-17,29.5,7.8,83.4,82.4,10.3,42.7
2022-06-18,33.9,26.6,61.3,86.4,5.2,42.7
2022-06-19,29.6,53.6,85.3,78.6,24.3,54.3
2022-06-20,12.3,32.4,92.0,95.5,8.1,48.1
2022-06-21,9.2,49.1,98.2,83.5,16.0,51.2
2022-06-22,35.8,15.9,96.6,94.4,20.7,52.7
2022-06-23,68.9,72.3,97.9,93.3,26.6,71.8
2022-06-24,10.6,19.8,87.0,92.6,41.2,50.2
2022-06-25,23.9,32.0,87.5,78.6,27.0,49.8
2022-06-26,32.4,18.9,96.4,99.5,13.6,52.2
2022-06-27,3.4,8.0,97.1,99.7,32.0,48.0
2022-06-28,9.2,0.8,97.4,99.0,45.7,50.4
2022-06-29,1.9,0.5,90.3,89.6,26.1,41.7
2022-06-30,1.8,1.8,84.2,82.0,85.0,51.0
2022-07-01,13.3,1.9,86.1,88.2,89.6,55.8
2022-07-02,12.8,1.1,71.7,74.2,53.1,42.6
2022-07-03,47.2,27.7,60.8,78.3,90.3,60.9
2022-07-04,6.6,8.8,92.3,81.8,90.5,56.0
2022-07-05,4.5,9.6,89.2,83.1,81.6,53.6
2022-07-06,3.6,4.4,100.0,95.1,17.8,44.2
2022-07-07,70.2,83.1,97.5,85.3,58.3,78.9
2022-07-08,18.4,35.0,94.9,88.3,32.8,53.9
2022-07-09,32.4,47.2,94.0,83.3,11.0,53.6
2022-07-10,9.7,5.1,87.4,84.9,90.1,55.4
2022-07-11,20.6,15.4,97.1,83.4,66.8,56.7
2022-07-12,23.9,5.3,93.0,80.7,20.7,44.7
2022-07-13,57.9,62.6,89.4,94.7,90.4,79.0
2022-07-14,11.8,11.4,97.5,92.0,67.9,56.1
2022-07-15,44.0,64.3,98.4,95.6,41.7,68.8
2022-07-16,67.4,59.4,99.9,80.1,55.4,72.4
2022-07-17,84.0,89.3,98.9,78.9,97.0,89.6
2022-07-18,43.3,62.1,97.3,77.6,87.5,73.6
2022-07-19,35.5,66.3,88.9,92.0,56.4,67.8
2022-07-20,50.9,47.2,98.4,74.6,37.4,61.7
2022-07-21,32.6,32.8,89.3,68.4,50.5,54.7
2022-07-22,17.7,38.1,86.8,72.3,72.3,57.4
2022-07-23,38.4,37.2,76.7,90.4,85.6,65.7
2022-07-24,85.5,68.9,60.8,62.6,74.1,70.3
2022-07-25,49.0,61.7,84.2,67.1,62.1,64.8
2022-07-26,92.0,22.9,95.9,75.0,32.8,63.7
2022-07-27,10.0,39.5,93.3,80.1,92.0,63.0
2022-07-28,25.7,30.7,99.7,76.4,67.2,59.9
2022-07-29,13.9,74.2,96.4,86.8,71.9,68.6
2022-07-30,10.3,62.3,91.4,86.0,95.3,69.1
2022-07-31,0.7,63.5,70.9,63.8,90.7,57.9
2022-08-01,3.0,12.6,95.1,66.3,85.7,52.5
2022-08-02,14.4,7.5,83.8,55.3,87.4,49.7
2022-08-03,3.6,11.1,79.7,65.2,90.1,49.9
2022-08-04,19.9,44.4,78.5,73.7,87.9,60.9
2022-08-05,34.7,63.2,89.2,72.4,88.9,69.7
2022-08-06,82.2,66.8,75.7,59.5,87.4,74.3
2022-08-07,73.1,92.7,69.8,70.6,78.9,77.0
2022-08-08,9.3,30.6,82.0,69.0,65.2,51.2
2022-08-09,2.1,37.7,77.5,61.7,36.6,43.1
2022-08-10,3.3,4.5,81.5,68.9,93.8,50.4
2022-08-11,35.3,3.8,85.5,74.3,38.0,47.4
2022-08-12,76.4,74.9,86.1,67.6,16.2,64.3
2022-08-13,88.5,78.1,80.1,74.5,6.7,65.6
2022-08-14,83.5,64.6,77.2,78.3,97.3,80.2
2022-08-15,69.8,54.0,90.0,70.5,94.4,75.7
2022-08-16,47.5,46.5,77.2,85.0,82.4,67.7
2022-08-17,65.8,21.1,87.7,85.7,73.3,66.7
2022-08-18,16.7,41.4,74.6,76.1,52.5,52.3
2022-08-19,32.5,46.4,80.7,76.0,39.8,55.1
2022-08-20,67.1,42.4,71.1,66.4,40.5,57.5
2022-08-21,94.5,78.2,90.3,63.6,86.1,82.6
2022-08-22,5.9,12.8,74.6,68.7,25.1,37.4
2022-08-23,58.3,15.1,87.5,49.9,86.7,59.5
2022-08-24,68.0,3.6,83.4,86.3,90.7,66.4
2022-08-25,66.4,39.0,67.8,80.2,75.9,65.8
2022-08-26,59.0,28.7,87.9,70.4,83.5,65.9
2022-08-27,74.9,87.7,61.5,73.5,49.5,69.4
2022-08-28,34.6,79.1,64.9,76.4,88.1,68.6
2022-08-29,49.8,71.1,88.1,64.3,67.1,68.1
2022-08-30,29.2,74.6,93.7,78.5,69.5,69.1
2022-08-31,60.8,67.5,93.1,86.8,53.4,72.3
2022-09-01,39.4,25.7,86.6,82.7,92.9,65.4
2022-09-02,7.0,65.8,86.1,97.0,79.6,67.1
2022-09-03,28.1,67.9,64.6,93.7,90.0,68.9
2022-09-04,65.8,81.5,98.4,87.2,71.7,80.9
2022-09-05,4.1,37.7,90.8,88.3,21.5,48.5
2022-09-06,35.7,28.7,94.7,92.2,58.0,61.8
2022-09-07,8.2,45.4,87.1,89.2,16.9,49.4
2022-09-08,43.6,72.2,97.1,89.3,78.6,76.2
2022-09-09,85.7,94.1,78.9,76.8,80.8,83.3
2022-09-10,94.7,87.5,79.7,61.9,34.2,71.6
2022-09-11,59.0,66.5,60.1,81.5,52.9,64.0
2022-09-12,80.0,69.4,82.6,91.9,28.3,70.4
2022-09-13,65.8,74.3,78.7,73.9,56.9,70.0
2022-09-14,91.9,94.9,91.1,85.7,38.3,80.4
2022-09-15,93.4,88.6,75.2,94.8,34.6,77.3
2022-09-16,61.9,85.2,99.2,95.5,4.5,69.2
2022-09-17,61.5,47.5,95.3,96.4,63.1,72.8
2022-09-18,83.3,20.2,96.4,74.5,64.2,67.7
2022-09-19,30.3,13.9,95.9,76.4,23.5,48.0
2022-09-20,56.9,24.1,98.1,92.3,45.5,63.4
2022-09-21,9.2,11.9,97.1,83.8,52.9,51.0
2022-09-22,33.1,28.8,99.6,76.5,52.9,58.2
2022-09-23,38.5,84.1,94.0,83.3,25.2,65.0
2022-09-24,96.0,39.9,95.2,95.2,30.7,71.4
2022-09-25,96.4,23.9,91.4,74.9,49.2,67.2
2022-09-26,77.8,4.9,95.6,67.2,36.1,56.3
2022-09-27,74.9,41.2,98.8,63.9,50.1,65.8
2022-09-28,32.5,20.0,99.7,84.4,43.1,55.9
2022-09-29,65.3,63.0,95.7,57.1,72.4,70.7
2022-09-30,31.8,51.4,82.6,56.5,69.1,58.3
2022-10-01,3.4,28.7,94.7,61.7,38.0,45.3
2022-10-02,59.4,46.8,76.7,88.5,63.6,67.0
2022-10-03,58.6,11.8,61.7,63.2,65.8,52.2
2022-10-04,59.9,44.3,89.6,76.0,74.3,68.8
2022-10-05,11.5,6.4,88.6,80.0,56.8,48.7
2022-10-06,34.4,9.6,89.6,80.0,85.3,59.8
2022-10-07,64.9,51.7,97.4,75.9,70.8,72.1
2022-10-08,25.8,92.7,93.0,82.2,30.6,64.9
2022-10-09,42.5,35.1,74.6,87.1,64.3,60.7
2022-10-10,4.4,1.4,76.5,78.2,83.0,48.7
2022-10-11,8.8,7.3,82.2,71.2,15.9,37.1
2022-10-12,32.0,6.9,98.5,80.5,59.3,55.4
2022-10-13,87.1,13.4,93.6,74.2,18.0,57.3
2022-10-14,92.9,66.0,89.4,72.8,29.5,70.1
2022-10-15,65.8,63.5,84.6,35.0,53.9,60.6
2022-10-16,83.4,24.3,89.0,96.0,65.2,71.6
2022-10-17,9.7,24.8,94.2,63.5,36.1,45.7
2022-10-18,80.9,55.8,90.1,64.3,50.2,68.3
2022-10-19,43.3,31.3,83.1,75.2,41.6,54.9
2022-10-20,23.0,12.1,92.2,56.0,9.5,38.5
2022-10-21,43.3,51.2,85.2,59.3,22.2,52.2
2022-10-22,68.4,83.4,83.4,50.0,44.9,66.0
2022-10-23,38.2,79.3,60.1,64.8,28.8,54.2
2022-10-24,86.6,54.9,81.2,61.9,25.3,62.0
2022-10-25,23.2,71.0,77.3,90.4,27.1,57.8
2022-10-26,79.2,86.4,87.3,69.3,37.0,71.8
2022-10-27,94.7,80.3,98.8,92.6,10.4,75.3
2022-10-28,65.2,47.7,81.0,88.8,7.4,58.0
2022-10-29,26.6,44.4,91.6,96.7,95.1,70.9
2022-10-30,69.9,74.1,56.0,57.8,95.9,70.7
2022-10-31,44.5,73.8,75.8,79.9,95.1,73.8
2022-11-01,44.9,18.4,93.7,70.1,27.0,50.8
2022-11-02,73.3,52.6,97.1,82.7,13.4,63.8
2022-11-03,36.2,1.5,93.8,50.0,41.9,44.7
2022-11-04,44.8,21.1,97.8,57.7,9.9,46.2
2022-11-05,54.0,24.7,59.6,51.6,93.8,56.7
2022-11-06,12.6,15.5,90.7,78.6,85.8,56.6
2022-11-07,18.5,30.3,98.1,80.3,63.6,58.1
2022-11-08,3.8,16.0,93.7,86.2,60.8,52.1
2022-11-09,57.9,17.8,73.4,73.3,19.7,48.4
2022-11-10,25.5,27.1,78.4,67.1,19.5,43.5
2022-11-11,0.1,12.3,77.4,60.5,74.1,44.9
2022-11-12,69.7,61.2,65.5,95.5,98.2,78.0
2022-11-13,65.9,63.4,97.3,82.9,96.0,81.1
2022-11-14,4.7,32.5,99.0,88.8,61.1,57.2
2022-11-15,16.0,43.6,100.0,93.0,29.6,56.4
2022-11-16,7.7,49.5,99.0,94.7,54.4,61.0
2022-11-17,22.9,30.7,84.9,75.2,74.0,57.5
2022-11-18,8.5,49.3,90.7,66.4,5.9,44.2
2022-11-19,1.4,93.7,79.0,56.0,40.4,54.1
2022-11-20,2.7,22.2,81.0,47.1,51.0,40.8
2022-11-21,13.3,53.3,77.4,72.5,78.9,59.1
2022-11-22,23.7,6.0,83.7,68.8,80.5,52.5
2022-11-23,26.3,7.8,80.8,63.6,64.4,48.6
2022-11-24,99.9,1.6,73.6,90.5,68.6,66.8
2022-11-25,84.2,12.9,67.8,74.7,51.1,58.1
2022-11-26,96.2,51.0,52.9,54.8,63.6,63.7
2022-11-27,49.2,31.2,58.9,62.7,37.8,48.0
2022-11-28,15.6,15.2,78.1,68.5,43.8,44.2
2022-11-29,93.2,78.1,93.6,91.2,27.4,76.7
2022-11-30,81.2,77.4,80.7,68.9,81.6,78.0
2022-12-01,81.6,75.1,96.2,64.9,30.1,69.6
2022-12-02,44.1,31.8,86.6,99.6,15.3,55.5
2022-12-03,79.6,14.8,86.4,100.0,41.0,64.4
2022-12-04,92.7,79.6,85.2,99.9,51.8,81.8
2022-12-05,57.0,1.0,74.1,100.0,34.7,53.3
2022-12-06,38.5,15.8,87.9,94.5,46.4,56.6
2022-12-07,17.5,35.3,94.2,91.9,78.1,63.4
2022-12-08,22.9,0.1,68.5,84.2,49.5,45.0
2022-12-09,65.2,43.8,90.0,77.1,33.8,62.0
2022-12-10,78.4,15.8,98.4,68.1,34.5,59.0
2022-12-11,68.1,46.8,93.7,82.6,46.4,67.5
2022-12-12,93.6,97.8,89.6,80.0,60.4,84.3
2022-12-13,100.0,100.0,97.5,65.6,27.4,78.1
2022-12-14,98.5,99.9,81.6,74.4,85.2,87.9
2022-12-15,99.7,99.0,81.0,53.2,51.6,76.9
2022-12-16,97.1,98.6,86.2,88.1,76.4,89.3
2022-12-17,99.2,99.9,98.9,60.5,26.4,77.0
2022-12-18,97.3,99.6,98.9,61.2,10.0,73.4
2022-12-19,90.3,97.5,92.2,64.0,76.7,84.1
2022-12-20,89.5,96.8,74.5,52.3,80.7,78.8
2022-12-21,85.3,96.3,47.4,53.6,67.8,70.1
2022-12-22,83.4,95.8,60.3,55.5,86.3,76.2
2022-12-23,85.9,96.4,61.0,65.2,78.1,77.3
2022-12-24,88.2,95.9,63.4,42.9,35.5,65.2
2022-12-25,95.5,99.2,40.8,73.3,60.7,73.9
2022-12-26,96.3,94.2,60.0,65.1,72.9,77.7
2022-12-27,33.0,62.7,68.2,95.6,57.3,63.4
2022-12-28,30.4,72.1,77.3,84.8,39.3,60.8
2022-12-29,16.3,26.7,83.8,75.5,7.9,42.1
2022-12-30,37.3,31.0,93.8,57.8,10.0,46.0
2022-12-31,97.0,96.4,61.4,69.3,42.6,73.3
2023-01-01,94.4,96.4,67.7,49.7,85.9,78.8
2023-01-02,97.3,88.5,70.4,48.2,70.3,74.9
2023-01-03,97.8,96.2,61.1,57.3,27.8,68.0
2023-01-04,50.7,20.3,50.0,59.9,28.1,41.8
2023-01-05,58.6,29.2,74.8,67.1,52.5,56.4
2023-01-06,16.4,23.6,48.9,52.3,12.6,30.8
2023-01-07,42.3,81.4,9.5,57.3,86.3,55.3
2023-01-08,68.8,74.2,88.6,98.9,28.8,71.9
2023-01-09,21.2,65.5,63.4,99.7,98.2,69.6
2023-01-10,3.3,46.7,89.6,99.9,68.6,61.6
2023-01-11,7.3,34.1,90.3,98.9,73.7,60.8
2023-01-12,77.3,88.1,97.7,98.9,14.9,75.4
2023-01-13,34.5,73.8,96.4,99.6,33.0,67.5
2023-01-14,32.5,82.6,98.8,98.8,38.6,70.2
2023-01-15,97.4,95.5,94.7,2.1,67.3,71.4
2023-01-16,72.1,63.7,89.3,2.2,75.9,60.6
2023-01-17,67.7,63.2,98.9,2.3,66.3,59.7
2023-01-18,51.4,50.3,94.0,2.5,45.9,48.8
2023-01-19,36.8,50.5,91.6,2.6,12.9,38.9
2023-01-20,65.1,84.4,94.2,2.7,7.7,50.8
2023-01-21,40.4,74.7,65.8,11.9,11.0,40.7
2023-01-22,87.9,66.0,73.3,99.6,9.5,67.3
2023-01-23,92.3,72.2,73.7,99.9,45.3,76.7
2023-01-24,96.6,46.2,63.4,98.6,34.5,67.9
2023-01-25,86.4,64.0,60.7,98.9,48.9,71.8
2023-01-26,95.9,75.2,55.1,97.8,27.0,70.2
2023-01-27,93.7,85.1,64.9,98.2,48.4,78.1
2023-01-28,94.5,96.0,66.4,99.0,12.9,73.8
2023-01-29,64.9,89.2,99.3,99.7,23.7,75.4
2023-01-30,17.9,68.6,94.1,98.9,17.1,59.3
2023-01-31,38.2,36.4,93.8,97.3,32.5,59.6
2023-02-01,11.1,56.2,79.5,97.5,43.7,57.6
2023-02-02,88.4,64.0,92.5,96.6,33.4,75.0
2023-02-03,62.3,71.4,96.6,99.9,63.4,78.7
2023-02-04,63.6,51.1,65.9,99.6,69.9,70.0
2023-02-05,100.0,74.1,95.2,100.0,27.0,79.3
2023-02-06,56.8,59.3,79.3,99.7,36.8,66.4
2023-02-07,55.9,62.2,97.5,97.9,7.8,64.3
2023-02-08,28.8,78.9,84.5,98.2,3.0,58.7
2023-02-09,13.8,52.3,84.5,95.9,1.8,49.7
2023-02-10,16.2,66.0,84.8,97.0,1.6,53.1
2023-02-11,11.8,50.1,93.3,98.8,6.0,52.0
2023-02-12,80.7,86.6,79.3,98.6,48.6,78.8
2023-02-13,34.0,66.8,78.2,97.8,67.4,68.8
2023-02-14,17.9,45.5,87.1,97.3,47.7,59.1
2023-02-15,53.8,67.1,86.0,94.0,16.3,63.5
2023-02-16,37.9,57.4,97.3,96.3,40.4,65.9
2023-02-17,81.8,87.9,88.9,99.2,60.5,83.7
2023-02-18,59.3,83.4,90.3,99.0,52.7,77.0
2023-02-19,52.6,85.6,87.1,99.2,67.4,78.4
2023-02-20,8.4,47.5,94.8,99.6,45.2,59.1
2023-02-21,49.6,80.0,97.1,99.9,59.9,77.3
2023-02-22,71.5,79.3,85.2,97.1,88.2,84.3
2023-02-23,10.8,59.0,88.8,95.3,26.8,56.2
2023-02-24,10.5,24.1,87.7,95.3,3.7,44.3
2023-02-25,78.1,72.5,83.0,99.2,19.7,70.5
2023-02-26,77.3,89.3,61.0,94.0,84.1,81.1
2023-02-27,39.3,39.2,71.6,87.5,56.4,58.8
2023-02-28,54.8,45.2,96.3,94.0,50.3,68.1
2023-03-01,24.1,43.0,86.8,94.8,14.1,52.6
2023-03-02,80.7,79.6,99.6,94.1,65.6,83.9
2023-03-03,52.2,70.5,76.7,93.3,68.1,72.2
2023-03-04,66.3,61.1,71.8,98.1,12.3,61.9
2023-03-05,91.1,87.8,93.6,99.0,90.5,92.4
2023-03-06,34.7,69.9,91.8,98.1,57.1,70.3
2023-03-07,39.7,71.2,84.1,93.3,80.5,73.8
2023-03-08,37.0,6.2,69.2,92.6,61.0,53.2
2023-03-09,85.3,71.2,87.5,92.6,22.5,71.8
2023-03-10,82.9,52.7,97.9,91.4,38.8,72.7
2023-03-11,73.8,24.4,98.1,96.8,38.5,66.3
2023-03-12,25.8,79.5,90.7,95.6,54.8,69.3
2023-03-13,76.6,61.5,91.6,94.2,75.6,79.9
2023-03-14,43.7,34.9,96.2,93.2,35.9,60.8
2023-03-15,67.5,82.1,93.6,91.4,55.9,78.1
2023-03-16,66.6,61.9,93.8,97.5,33.4,70.7
2023-03-17,39.2,12.5,64.2,92.1,4.0,42.4
2023-03-18,77.3,92.7,68.2,95.6,23.0,71.4
2023-03-19,9.5,62.2,95.8,98.5,58.9,65.0
2023-03-20,64.1,17.1,76.6,94.0,51.9,60.7
2023-03-21,77.0,70.1,70.7,91.9,37.4,69.4
2023-03-22,10.5,31.2,77.7,82.2,68.2,54.0
2023-03-24,5.3,19.5,6.3,31.3,65.4,25.6
2023-03-25,34.4,33.7,24.6,73.0,32.6,39.7
2023-03-26,53.4,65.8,40.7,90.3,4.7,51.0
2023-03-27,7.0,19.2,57.1,87.8,31.4,40.5
2023-03-28,55.7,38.3,52.5,83.1,23.7,50.7
2023-03-29,15.6,55.3,62.3,89.4,2.1,44.9
2023-03-30,77.4,31.3,92.9,89.4,38.7,65.9
2023-03-31,77.6,57.2,48.7,91.1,17.4,58.4
2023-04-01,81.6,83.1,37.6,89.6,71.1,72.6
2023-04-02,92.3,69.3,55.6,88.3,47.9,70.7
2023-04-03,31.4,36.8,65.4,91.1,8.1,46.6
2023-04-04,69.7,98.9,56.7,90.0,14.5,66.0
2023-04-05,71.1,90.4,64.2,89.3,20.3,67.1
2023-04-06,18.7,48.3,64.2,89.7,28.0,49.8
2023-04-07,12.3,38.3,73.3,84.9,37.3,49.2
2023-04-08,24.6,84.8,52.7,87.1,99.5,69.7
2023-04-09,80.1,76.3,47.3,88.3,95.5,77.5
2023-04-10,47.7,95.9,44.3,92.5,95.7,75.2
2023-04-11,29.2,96.3,45.0,91.8,58.0,64.1
2023-04-12,1.6,55.0,52.3,89.0,25.5,44.7
2023-04-13,44.4,25.9,50.9,90.1,7.3,43.7
2023-04-14,51.3,35.9,49.1,88.3,1.8,45.3
2023-04-15,55.1,49.4,65.8,89.2,15.4,55.0
2023-04-16,74.6,28.5,99.6,90.7,25.2,63.7
2023-04-17,73.0,44.9,42.9,80.9,28.4,54.0
2023-04-18,43.8,23.2,22.9,47.9,1.4,27.8
2023-04-19,59.3,43.6,28.5,56.2,26.7,42.9
2023-04-20,72.7,28.1,45.0,49.2,9.7,41.0
2023-04-21,81.3,68.3,35.4,52.3,7.1,48.9
2023-04-22,44.9,79.7,14.4,48.8,17.1,41.0
2023-04-23,98.2,94.1,3.8,47.6,1.5,49.1
2023-04-24,90.3,76.5,44.9,54.6,32.1,59.7
2023-04-25,89.7,83.3,24.0,48.1,21.5,53.3
2023-04-26,52.9,16.9,28.4,43.3,41.8,36.7
2023-04-27,69.5,86.0,63.6,51.4,94.0,72.9
2023-04-28,80.2,92.7,69.4,57.9,76.7,75.4
2023-04-29,83.8,74.9,42.2,48.8,68.7,63.7
2023-04-30,95.7,71.1,39.2,48.0,27.6,56.3
2023-05-01,59.5,49.4,22.2,48.0,58.7,47.6
2023-05-02,68.6,33.3,21.3,40.1,56.2,43.9
2023-05-03,51.6,53.9,39.8,59.0,89.8,58.8
2023-05-04,86.8,94.0,26.2,64.1,10.8,56.4
2023-05-05,98.9,96.0,44.9,64.5,20.6,65.0
2023-05-06,96.3,72.3,32.5,36.9,12.2,50.0
2023-05-07,93.6,43.3,24.4,53.5,4.7,43.9
2023-05-08,44.0,55.8,35.0,41.0,67.2,48.6
2023-05-09,8.4,11.8,30.3,41.3,29.2,24.2
2023-05-10,21.4,4.4,35.8,46.8,39.1,29.5
2023-05-11,30.6,5.9,33.3,52.4,24.3,29.3
2023-05-12,34.8,10.3,32.2,30.9,39.6,29.6
2023-05-13,66.5,13.3,43.8,77.0,42.5,48.6
2023-05-14,25.4,17.1,26.9,32.1,92.2,38.7
2023-05-15,1.1,61.2,55.6,60.5,81.2,51.9
2023-05-16,27.0,33.6,58.2,72.4,71.5,52.5
2023-05-17,11.7,9.5,39.4,74.2,96.0,46.1
2023-05-18,16.9,55.4,49.2,82.6,72.0,55.2
2023-05-19,66.1,77.2,78.9,83.3,62.4,73.6
2023-05-20,68.0,50.1,67.9,72.8,98.4,71.4
2023-05-21,65.2,68.7,81.9,78.3,51.7,69.2
2023-05-22,70.8,73.8,42.8,74.1,65.0,65.3
2023-05-23,68.7,45.0,35.1,60.4,32.5,48.3
2023-05-24,22.1,6.3,24.7,70.1,39.0,32.4
2023-05-25,4.0,13.6,85.2,55.0,97.0,50.9
2023-05-26,18.5,22.5,30.3,43.6,35.9,30.2
2023-05-27,10.6,47.6,9.7,39.4,31.1,27.7
2023-05-28,84.8,67.5,36.2,36.2,61.7,57.3
2023-05-29,38.0,30.6,53.2,29.5,3.7,31.0
2023-05-30,46.2,9.5,33.1,35.4,68.0,38.4
2023-05-31,39.8,42.7,56.2,34.6,64.9,47.6
2023-06-01,82.6,61.7,54.3,37.3,69.0,61.0
2023-06-02,1.6,13.4,50.3,56.8,71.3,38.7
2023-06-03,19.2,60.4,26.9,41.3,73.9,44.3
2023-06-04,32.0,57.6,30.2,84.4,98.2,60.5
2023-06-05,55.3,71.6,52.3,40.2,86.6,61.2
2023-06-06,8.0,33.1,59.8,49.0,75.4,45.0
2023-06-07,0.7,11.0,31.1,32.9,68.7,28.9
2023-06-08,81.6,72.0,33.2,34.7,61.0,56.5
2023-06-09,9.2,38.3,51.0,25.4,60.4,36.8
2023-06-10,1.2,48.6,39.2,27.4,71.2,37.5
2023-06-11,38.4,5.8,31.3,38.4,47.7,32.3
2023-06-12,11.2,21.4,30.5,75.4,39.9,35.7
2023-06-13,15.5,6.6,18.8,48.0,28.4,23.5
2023-06-14,9.2,16.2,29.5,35.9,38.3,25.8
2023-06-15,33.5,60.8,45.5,42.0,27.3,41.8
2023-06-16,71.7,33.5,38.8,34.7,8.1,37.4
2023-06-17,14.0,9.1,28.9,46.1,60.2,31.7
2023-06-18,34.2,20.3,53.5,28.0,97.3,46.6
2023-06-19,46.9,18.9,38.5,53.1,94.8,50.5
2023-06-20,79.0,81.8,28.3,72.8,81.1,68.6
2023-06-21,59.7,42.7,16.5,73.9,83.8,55.3
2023-06-22,65.8,55.0,13.7,80.5,59.9,55.0
2023-06-23,93.4,64.7,28.8,74.9,33.6,59.1
2023-06-24,96.2,65.2,38.1,65.3,51.7,63.3
2023-06-25,84.1,22.1,26.2,35.3,86.8,50.9
2023-06-26,74.5,58.2,25.2,46.1,19.2,44.6
2023-06-27,90.7,21.9,26.7,37.3,13.7,38.1
2023-06-28,77.9,23.5,26.7,41.4,21.5,38.2
2023-06-29,64.2,38.5,38.1,37.7,63.2,48.4
2023-06-30,58.0,50.6,30.3,32.1,19.3,38.1
2023-07-01,9.2,46.0,7.3,26.2,72.0,32.1
2023-07-02,21.7,69.3,11.9,37.9,32.2,34.6
2023-07-03,88.5,92.5,28.4,61.3,58.7,65.9
2023-07-04,95.1,84.4,45.5,72.8,9.2,61.4
2023-07-05,49.0,14.1,51.7,63.2,41.8,44.0
2023-07-06,31.3,11.9,57.3,32.1,57.2,38.0
2023-07-07,31.4,29.9,44.6,45.0,27.8,35.7
2023-07-08,26.5,62.1,19.5,45.4,59.5,42.6
2023-07-09,25.9,48.8,21.4,43.1,37.4,35.3
2023-07-10,8.1,8.0,21.4,34.0,61.2,26.5
2023-07-11,20.0,15.9,46.8,30.3,77.8,38.2
2023-07-12,3.2,14.8,57.2,29.1,73.3,35.5
2023-07-13,5.9,12.8,25.9,30.5,47.1,24.4
2023-07-14,50.6,67.1,28.8,61.0,23.3,46.2
2023-07-15,81.1,88.9,39.6,46.2,85.7,68.3
2023-07-16,68.9,64.5,30.7,76.8,45.4,57.3
2023-07-17,44.9,8.5,31.1,65.7,67.4,43.5
2023-07-18,20.7,1.6,37.9,56.4,65.8,36.5
2023-07-19,34.8,33.6,64.1,40.1,33.6,41.2
2023-07-20,36.5,56.1,54.6,41.6,42.8,46.3
2023-07-21,32.4,19.8,24.4,31.6,67.4,35.1
2023-07-22,0.4,51.6,28.4,25.9,68.3,34.9
2023-07-23,8.6,35.1,1.8,20.7,60.6,25.4
2023-07-24,25.0,2.2,53.2,30.6,10.4,24.3
2023-07-25,87.1,82.0,33.3,40.1,84.4,65.4
2023-07-26,93.6,59.3,20.6,27.2,87.7,57.6
2023-07-27,82.4,90.7,33.9,43.3,75.9,65.2
2023-07-28,70.2,89.6,46.0,19.3,65.7,58.2
2023-07-29,29.8,75.6,18.1,47.1,87.2,51.6
2023-07-30,61.6,19.3,60.4,34.8,95.3,54.3
2023-07-31,24.0,42.0,94.5,22.9,87.4,54.2
2023-08-01,7.8,68.4,55.8,25.5,35.4,38.6
2023-08-02,15.2,27.2,72.6,30.6,32.6,35.6
2023-08-03,62.7,14.5,72.6,27.6,56.9,46.9
2023-08-04,59.9,27.8,44.7,35.4,48.6,43.3
2023-08-05,54.9,50.2,15.1,41.8,93.3,51.1
2023-08-06,68.4,28.0,8.9,30.7,99.2,47.1
2023-08-07,84.0,88.6,37.2,47.7,91.2,69.7
2023-08-08,30.7,54.0,40.1,54.0,78.9,51.6
2023-08-09,4.9,21.5,16.2,32.9,52.3,25.6
2023-08-10,34.4,35.5,21.1,43.1,34.6,33.7
2023-08-11,77.5,39.5,56.7,29.1,46.1,49.8
2023-08-12,62.3,88.1,38.4,27.3,98.1,62.8
2023-08-13,90.1,93.6,30.9,24.0,95.9,66.9
2023-08-14,77.4,86.7,11.0,27.4,91.8,58.8
2023-08-15,80.2,78.1,15.8,38.3,89.2,60.3
2023-08-16,75.6,73.8,11.5,22.1,24.1,41.4
2023-08-17,2.7,50.8,13.4,26.2,64.9,31.6
2023-08-18,44.7,26.2,21.3,38.4,11.5,28.4
2023-08-19,65.3,77.5,30.7,20.4,52.5,49.3
2023-08-20,59.4,90.1,52.3,61.5,69.1,66.5
2023-08-21,60.6,80.7,63.6,34.4,89.6,65.8
2023-08-22,68.2,64.6,25.9,34.7,78.3,54.3
2023-08-23,17.6,70.5,25.0,77.4,95.3,57.1
2023-08-24,91.2,96.6,39.2,48.0,35.9,62.2
2023-08-25,98.5,99.0,46.1,57.6,70.1,74.3
2023-08-26,50.1,84.2,8.5,41.6,50.9,47.1
2023-08-27,77.1,45.1,13.9,51.7,46.9,46.9
2023-08-28,5.8,31.4,28.7,44.2,29.2,27.8
2023-08-29,90.1,99.0,36.9,38.7,46.5,62.2
2023-08-30,95.5,99.5,30.5,59.9,80.4,73.1
2023-08-31,69.5,97.4,42.0,55.4,89.6,70.8
2023-09-01,44.9,99.2,15.5,61.0,13.4,46.8
2023-09-02,17.3,83.7,0.1,20.6,21.7,28.7
2023-09-03,9.2,94.4,24.6,48.4,24.7,40.2
2023-09-04,94.4,97.5,56.8,29.4,43.3,64.3
2023-09-05,46.1,89.2,56.8,40.9,40.5,54.7
2023-09-06,25.8,89.6,65.7,63.4,29.2,54.7
2023-09-07,52.5,88.3,63.8,67.4,67.2,67.8
2023-09-08,52.8,96.3,61.6,84.6,31.6,65.4
2023-09-09,20.3,88.8,98.8,92.7,87.9,77.7
2023-09-10,45.7,60.6,97.0,86.8,74.5,72.9
2023-09-11,5.5,17.7,83.3,61.3,60.9,45.7
2023-09-12,68.4,48.7,42.4,70.0,43.1,54.5
2023-09-13,0.7,31.8,44.7,41.2,30.3,29.7
2023-09-14,62.3,8.8,46.5,48.1,70.9,47.3
2023-09-15,13.7,4.8,21.0,42.8,43.2,25.1
2023-09-16,80.8,18.4,11.9,41.8,26.1,35.8
2023-09-17,90.7,82.9,1.4,54.0,49.4,55.7
2023-09-18,19.1,13.0,75.0,29.6,25.0,32.3
2023-09-19,15.5,9.2,59.3,68.0,11.8,32.8
2023-09-20,3.0,48.4,54.5,65.6,59.4,46.2
2023-09-21,22.4,8.8,67.5,67.1,60.2,45.2
2023-09-22,71.1,91.8,34.4,56.0,30.2,56.7
2023-09-23,91.9,95.7,72.3,20.9,29.9,62.1
2023-09-24,72.0,93.8,0.3,16.3,99.6,56.4
2023-09-25,18.8,55.4,10.3,28.1,57.2,34.0
2023-09-26,44.3,47.1,18.1,44.6,97.3,50.3
2023-09-27,62.0,68.2,51.0,22.9,66.0,54.0
2023-09-28,52.1,26.5,32.8,43.6,59.7,42.9
2023-09-29,23.0,34.0,44.2,37.7,18.8,31.6
2023-09-30,45.1,44.7,28.4,29.8,84.0,46.4
2023-10-01,64.2,64.5,5.2,21.7,95.1,50.1
2023-10-02,7.1,22.9,26.6,21.3,98.9,35.4
2023-10-03,47.1,35.1,20.3,41.0,16.6,32.0
2023-10-04,6.9,54.6,4.9,18.8,87.4,34.5
2023-10-05,20.9,76.8,17.4,21.1,74.6,42.2
2023-10-06,19.1,86.8,9.2,15.8,74.6,41.1
2023-10-07,4.3,18.7,92.7,24.0,77.5,43.4
2023-10-08,16.6,40.9,98.8,23.6,92.2,54.4
2023-10-09,29.2,32.8,99.5,17.3,80.2,51.8
2023-10-10,3.7,2.2,99.3,19.8,89.6,42.9
2023-10-11,18.1,24.7,95.9,24.4,89.3,50.5
2023-10-12,48.1,63.8,98.1,28.7,71.6,62.1
2023-10-13,94.2,35.7,99.0,21.0,49.4,59.9
2023-10-14,86.7,12.2,96.8,23.9,69.3,57.8
2023-10-15,57.2,7.4,99.3,16.0,59.9,48.0
2023-10-16,44.6,65.0,99.0,23.3,56.2,57.6
2023-10-17,2.3,16.9,98.5,18.9,76.8,42.7
2023-10-18,30.6,7.0,98.8,15.9,58.6,42.2
2023-10-19,22.2,7.7,97.4,20.7,74.2,44.4
2023-10-20,12.5,1.2,97.5,34.8,87.0,46.6
2023-10-21,7.7,31.4,92.5,25.0,11.8,33.7
2023-10-22,87.8,23.0,98.9,20.9,32.5,52.6
2023-10-23,74.6,25.4,98.6,44.7,11.4,50.9
2023-10-24,77.4,71.3,99.0,27.0,36.5,62.2
2023-10-25,17.3,50.1,94.2,55.4,33.6,50.1
2023-10-26,82.3,46.0,92.3,11.9,29.6,52.4
2023-10-27,89.0,40.7,98.2,16.9,29.8,54.9
2023-10-28,89.3,50.3,94.5,11.9,7.1,50.6
2023-10-29,47.7,1.4,96.4,13.0,91.6,50.0
2023-10-30,37.0,10.2,95.7,21.9,73.3,47.6
2023-10-31,10.6,5.2,91.9,17.3,52.9,35.6
2023-11-01,0.4,10.4,88.5,41.2,59.0,39.9
2023-11-02,8.8,17.3,90.8,13.0,24.7,30.9
2023-11-03,4.4,57.2,87.2,10.2,22.2,36.2
2023-11-04,45.4,7.3,85.7,10.0,42.2,38.1
2023-11-05,41.2,2.3,89.2,10.0,85.2,45.6
2023-11-06,8.5,26.9,87.7,40.5,97.1,52.1
2023-11-07,40.2,23.9,64.7,24.8,86.8,48.1
2023-11-08,22.4,33.2,66.7,24.8,24.3,34.3
2023-11-09,77.5,23.0,64.6,52.0,21.4,47.7
2023-11-10,85.5,82.2,71.7,18.4,36.5,58.8
2023-11-11,20.7,38.8,86.6,10.0,62.8,43.8
2023-11-12,93.6,15.4,50.9,38.0,71.2,53.8
2023-11-13,7.0,0.4,85.9,65.4,43.1,40.4
2023-11-14,34.7,6.6,80.2,42.9,63.8,45.7
2023-11-15,2.1,3.2,74.9,50.9,83.7,42.9
2023-11-16,44.7,52.3,63.9,64.2,79.7,61.0
2023-11-17,77.4,39.5,93.0,36.4,38.3,56.9
2023-11-18,4.3,1.5,55.4,21.4,37.4,24.0
2023-11-19,0.3,3.0,96.7,20.0,95.7,43.2
2023-11-20,0.5,3.4,92.2,17.3,98.8,42.4
2023-11-21,28.3,0.1,55.7,15.0,79.6,35.7
2023-11-22,0.4,2.2,49.2,10.3,57.6,24.0
2023-11-23,31.6,12.9,83.0,15.6,58.4,40.3
2023-11-24,0.5,24.0,56.4,34.0,12.5,25.5
2023-11-25,8.5,0.4,81.1,15.8,78.5,36.8
2023-11-26,65.3,42.8,70.6,8.0,98.4,57.0
2023-11-27,46.8,33.5,83.7,20.0,98.9,56.6
2023-11-28,30.6,40.7,55.3,23.7,77.0,45.5
2023-11-29,0.4,25.5,86.0,20.4,84.5,43.4
2023-11-30,33.7,91.5,59.1,15.8,87.0,57.4
2023-12-01,40.9,60.6,86.3,31.4,41.8,52.2
2023-12-02,32.8,18.1,74.1,45.0,35.3,41.0
2023-12-03,1.4,33.1,32.5,13.3,100.0,36.0
2023-12-04,1.0,9.7,79.3,17.1,99.9,41.4
2023-12-05,30.2,41.8,52.0,50.9,98.1,54.6
2023-12-06,77.0,4.4,29.4,15.4,87.7,42.7
2023-12-07,80.7,1.1,32.6,35.1,95.9,49.1
2023-12-08,12.6,5.1,27.2,14.7,60.9,24.1
2023-12-09,6.9,50.5,33.7,32.9,57.5,36.3
2023-12-10,9.7,74.5,86.4,39.6,87.0,59.5
2023-12-11,86.7,35.5,57.1,13.9,56.8,50.0
2023-12-12,71.9,14.8,53.1,20.9,98.4,51.8
2023-12-13,39.2,4.9,58.4,17.7,98.4,43.7
2023-12-14,20.7,5.1,30.6,10.2,97.3,32.8
2023-12-15,7.1,0.4,53.9,35.4,99.9,39.3
2023-12-16,61.7,38.0,68.4,15.6,100.0,56.8
2023-12-17,1.6,49.0,30.3,20.2,99.9,40.2
2023-12-18,31.0,18.2,50.6,48.3,99.7,49.6
2023-12-19,26.7,17.4,50.1,16.0,100.0,42.1
2023-12-20,2.2,2.5,64.5,32.6,99.5,40.2
2023-12-21,16.0,2.2,35.0,51.4,99.0,40.7
2023-12-22,14.7,11.5,20.0,24.6,99.3,34.0
2023-12-23,99.0,53.5,56.4,13.9,99.3,64.4
2023-12-24,21.4,18.9,13.9,20.0,99.3,34.7
2023-12-25,50.5,31.0,66.4,32.8,99.2,56.0
2023-12-26,10.4,4.5,70.4,71.1,99.9,51.2
2023-12-27,5.3,5.2,35.9,75.4,98.1,44.0
2023-12-28,18.8,35.7,63.8,39.0,98.1,51.1
2023-12-29,10.0,13.7,65.7,37.9,97.5,45.0
2023-12-30,20.6,51.9,11.5,23.3,94.9,40.4
2023-12-31,58.4,80.9,24.6,15.5,99.6,55.8
2024-01-01,77.4,68.6,37.4,35.0,99.5,63.6
2024-01-02,33.2,43.3,35.9,33.1,97.8,48.7
2024-01-03,1.1,10.4,67.9,28.8,97.8,41.2
2024-01-04,7.8,78.6,78.2,30.9,98.8,58.8
2024-01-05,18.5,32.5,43.8,19.5,99.0,42.7
2024-01-06,2.5,23.6,30.6,8.1,97.0,32.3
2024-01-07,6.6,14.3,55.7,6.9,96.4,36.0
2024-01-08,2.1,12.1,85.5,12.9,97.3,41.9
2024-01-09,15.2,19.3,17.1,11.9,94.9,31.7
2024-01-10,1.2,35.4,37.3,20.3,99.0,38.7
2024-01-11,51.4,77.0,77.5,7.4,98.5,62.4
2024-01-12,14.0,30.2,92.7,19.6,100.0,51.3
2024-01-13,91.6,80.5,72.8,20.9,99.9,73.1
2024-01-14,13.6,53.1,21.7,5.8,98.2,38.5
2024-01-15,55.1,17.3,43.8,9.7,99.7,45.1
2024-01-16,1.4,14.1,93.3,23.0,99.5,46.3
2024-01-17,13.2,21.1,41.2,23.0,99.3,39.6
2024-01-18,17.6,2.7,47.9,13.6,97.5,35.9
2024-01-19,16.0,35.4,43.9,13.6,96.7,41.1
2024-01-20,78.2,87.7,72.7,34.2,95.5,73.6
2024-01-21,81.5,87.8,58.6,11.5,96.6,67.2
2024-01-22,1.6,27.4,77.5,19.6,96.8,44.6
2024-01-23,1.9,25.9,51.6,6.6,98.5,36.9
2024-01-24,3.6,44.0,12.2,10.4,96.2,33.3
2024-01-25,53.1,46.6,21.4,11.7,94.7,45.5
2024-01-26,63.2,86.0,24.6,11.9,95.7,56.3
2024-01-27,22.4,21.4,30.2,22.6,98.2,39.0
2024-01-28,10.0,84.6,34.4,43.1,94.5,53.3
2024-01-29,2.7,27.7,58.3,12.5,94.9,39.2
2024-01-30,4.4,35.9,73.3,23.0,95.1,46.3
2024-01-31,5.5,47.9,31.1,18.9,93.7,39.4
2024-02-01,12.1,56.8,33.9,10.6,95.3,41.7
2024-02-02,12.5,52.7,14.0,8.0,92.6,35.9
2024-02-03,1.6,38.0,24.0,7.1,93.4,32.8
2024-02-04,64.7,17.7,58.0,3.4,99.7,48.7
2024-02-05,33.9,15.8,58.7,36.5,96.2,48.2
2024-02-06,35.9,74.5,25.5,17.3,92.6,49.2
2024-02-07,15.4,20.2,26.1,4.3,89.7,31.1
2024-02-08,2.3,63.9,30.2,36.5,91.9,45.0
2024-02-09,7.3,45.0,29.1,10.4,90.3,36.4
2024-02-10,5.9,11.5,22.6,5.9,80.5,25.3
2024-02-11,26.9,45.1,7.1,38.1,86.4,40.7
2024-02-12,39.2,23.5,16.0,20.0,93.1,38.4
2024-02-13,4.8,5.5,7.0,43.6,85.5,29.3
2024-02-14,17.3,1.0,8.6,26.9,81.9,27.1
2024-02-15,6.6,1.0,32.9,10.8,89.2,28.1
2024-02-16,1.5,8.0,10.2,16.5,84.4,24.1
2024-02-17,12.5,28.0,2.6,25.2,87.7,31.2
2024-02-18,21.8,36.5,7.7,26.6,86.4,35.8
2024-02-19,1.1,32.9,19.6,46.6,95.2,39.1
2024-02-20,23.5,72.4,12.8,62.4,93.0,52.8
2024-02-21,66.3,83.8,35.3,34.7,93.7,62.7
2024-02-22,31.4,48.6,43.6,24.1,89.8,47.5
2024-02-23,18.9,63.8,4.4,84.4,89.3,52.2
2024-02-24,19.6,49.8,3.3,62.0,90.1,45.0
2024-02-25,11.5,20.9,1.8,27.0,94.9,31.2
2024-02-26,19.2,35.3,41.7,31.3,88.5,43.2
2024-02-27,6.4,3.2,40.6,48.7,92.9,38.4
2024-02-28,5.8,0.3,62.6,28.4,89.7,37.3
2024-02-29,3.7,22.5,27.6,30.3,85.2,33.9
2024-03-01,21.9,52.3,70.1,8.1,68.0,44.1
2024-03-02,21.7,66.7,73.9,11.4,91.2,53.0
2024-03-03,30.3,39.5,46.6,26.3,94.0,47.4
2024-03-04,1.1,50.6,28.8,14.0,89.2,36.7
2024-03-05,15.0,15.5,18.0,7.7,87.1,28.6
2024-03-06,17.8,31.3,54.3,32.5,91.9,45.6
2024-03-07,35.0,76.3,32.5,29.5,94.2,53.5
2024-03-08,20.4,57.5,14.4,13.0,78.3,36.7
2024-03-09,76.1,98.2,20.7,12.5,90.0,59.5
2024-03-10,30.7,78.1,37.2,43.8,73.3,52.6
2024-03-11,3.0,54.6,17.7,42.8,81.9,40.0
2024-03-12,44.6,92.7,63.5,52.9,84.5,67.7
2024-03-13,3.2,28.5,12.8,10.4,73.1,25.6
2024-03-14,44.6,41.7,34.4,35.3,90.4,49.3
2024-03-15,40.3,81.1,20.0,28.5,90.4,52.1
2024-03-16,20.9,98.9,5.9,4.5,92.5,44.5
2024-03-17,30.0,94.4,14.0,8.8,94.1,48.3
2024-03-18,25.2,79.8,22.8,24.8,81.9,46.9
2024-03-19,42.4,71.9,73.5,38.5,74.8,60.2
2024-03-20,39.9,80.0,12.1,61.7,81.6,55.1
2024-03-21,89.3,93.8,67.2,63.1,82.3,79.1
2024-03-22,31.8,63.0,39.8,44.7,72.3,50.3
2024-03-23,25.0,73.1,10.4,17.8,86.8,42.6
2024-03-24,92.9,86.4,1.4,31.0,70.1,56.4
2024-03-25,45.3,72.2,16.0,9.9,62.4,41.2
2024-03-26,0.7,53.5,53.8,17.0,80.7,41.1
2024-03-27,33.9,66.7,17.0,10.0,86.4,42.8
2024-03-28,75.4,93.6,14.3,43.1,81.2,61.5
2024-03-29,10.0,27.0,27.4,48.3,79.1,38.4
2024-03-30,5.5,54.0,5.2,5.6,86.6,31.4
2024-03-31,11.7,79.8,2.9,24.0,76.5,39.0
2024-04-01,57.9,92.3,86.6,15.0,76.0,65.5
2024-04-02,65.0,93.0,95.6,23.2,85.5,72.5
2024-04-03,74.3,65.7,58.7,45.8,73.9,63.7
2024-04-04,31.3,62.1,58.0,59.9,53.4,52.9
2024-04-05,76.1,62.1,75.9,47.2,84.5,69.2
2024-04-06,63.4,61.3,84.4,14.3,90.7,62.8
2024-04-07,64.2,73.5,81.1,12.9,76.1,61.6
2024-04-08,16.5,44.2,72.8,9.2,89.0,46.3
2024-04-09,4.7,58.6,62.8,8.1,57.2,38.3
2024-04-10,40.7,51.3,77.6,38.5,65.7,54.8
2024-04-11,56.7,86.6,98.2,15.2,68.3,65.0
2024-04-12,62.3,65.0,100.0,51.4,61.5,68.0
2024-04-13,89.2,83.3,100.0,24.0,80.7,75.4
2024-04-14,78.1,89.6,100.0,4.4,90.7,72.5
2024-04-15,33.3,61.2,99.9,5.5,77.2,55.4
2024-04-16,37.0,46.6,99.6,42.1,81.5,61.4
2024-04-17,37.4,77.6,99.5,6.9,67.1,57.7
2024-04-18,11.5,81.5,99.3,9.1,55.1,51.3
2024-04-19,1.1,98.8,99.7,11.7,86.4,59.5
2024-04-20,62.8,55.1,99.3,12.2,48.8,55.7
2024-04-21,55.7,39.9,99.0,13.9,80.8,57.9
2024-04-22,78.3,52.7,98.8,6.0,69.3,61.0
2024-04-23,35.9,27.0,97.7,5.3,74.3,48.1
2024-04-24,25.1,55.6,93.8,4.0,77.0,51.1
2024-04-25,9.2,76.3,87.9,11.5,87.0,54.4
2024-04-26,50.9,40.3,78.1,46.2,61.3,55.4
2024-04-27,3.4,8.9,79.6,18.9,87.8,39.7
2024-04-28,48.7,19.9,63.5,5.5,70.0,41.5
2024-04-29,5.5,0.8,79.4,9.6,74.3,33.9
2024-04-30,3.4,22.1,70.4,7.0,79.4,36.5
2024-05-01,4.0,8.1,34.8,12.2,73.7,26.6
2024-05-02,51.3,18.4,24.0,17.1,32.5,28.7
2024-05-03,10.0,19.2,57.3,12.5,51.4,30.1
2024-05-04,75.4,50.6,36.6,2.2,31.4,39.3
2024-05-05,91.6,62.8,40.1,18.0,30.6,48.6
2024-05-06,61.6,22.6,30.3,16.2,24.3,31.0
2024-05-07,28.5,20.3,14.0,9.1,62.4,26.9
2024-05-08,17.4,11.7,20.6,33.9,13.7,19.5
2024-05-09,23.3,43.6,49.7,2.7,45.8,33.0
2024-05-10,73.7,59.0,73.1,17.4,39.9,52.6
2024-05-11,83.1,46.5,20.0,4.5,78.6,46.6
2024-05-12,90.5,46.6,16.5,15.9,29.8,39.9
2024-05-13,88.6,50.2,36.4,29.6,59.4,52.8
2024-05-14,57.6,6.4,21.5,40.3,64.6,38.1
2024-05-15,87.8,40.9,26.7,31.0,51.6,47.6
2024-05-16,54.6,24.0,73.9,30.0,28.7,42.2
2024-05-17,62.1,28.3,35.8,33.5,30.0,37.9
2024-05-18,85.7,47.2,11.7,35.3,64.9,48.9
2024-05-19,87.2,14.1,95.2,29.8,57.9,56.8
2024-05-20,62.7,42.5,97.4,3.3,56.9,52.6
2024-05-21,43.8,17.4,76.3,12.5,27.3,35.4
2024-05-22,59.5,11.8,64.9,1.6,62.6,40.1
2024-05-23,48.4,4.7,48.6,6.3,66.3,34.8
2024-05-24,40.7,15.2,58.6,25.1,25.0,32.9
2024-05-25,77.1,58.3,8.0,16.6,47.7,41.5
2024-05-26,63.4,66.1,5.8,63.0,25.2,44.7
2024-05-27,42.7,25.4,42.5,1.8,34.4,29.4
2024-05-28,15.1,42.5,53.1,9.3,61.6,36.3
2024-05-29,42.4,68.0,39.8,7.3,70.4,45.6
2024-05-30,37.4,74.2,64.7,5.2,77.2,51.8
2024-05-31,33.2,81.9,68.6,7.5,89.7,56.2
2024-06-01,5.2,99.0,50.5,1.8,83.8,48.1
2024-06-02,35.7,97.7,16.6,1.0,45.1,39.2
2024-06-03,25.1,91.2,27.4,19.6,58.6,44.4
2024-06-04,13.0,92.3,41.2,57.5,60.6,52.9
2024-06-05,8.2,52.5,55.3,9.9,33.7,31.9
2024-06-06,2.6,22.8,66.1,3.2,20.9,23.1
2024-06-07,4.3,26.5,10.0,15.8,62.8,23.9
2024-06-08,33.1,69.1,23.5,3.7,59.5,37.8
2024-06-09,24.0,61.6,53.6,7.8,78.5,45.1
2024-06-10,13.6,46.1,14.1,1.5,34.0,21.9
2024-06-11,87.8,67.8,39.5,21.1,25.2,48.3
2024-06-12,42.4,51.6,35.0,38.8,65.7,46.7
2024-06-13,49.1,39.0,63.1,27.6,67.8,49.3
2024-06-14,29.2,32.2,17.3,57.2,68.7,40.9
2024-06-15,49.2,68.3,19.8,11.5,87.9,47.4
2024-06-16,42.7,75.4,48.8,13.9,72.3,50.6
2024-06-17,24.0,17.3,30.6,18.1,59.0,29.8
2024-06-18,6.6,14.4,18.7,10.6,40.9,18.2
2024-06-19,2.6,19.2,73.0,6.6,82.7,36.8
2024-06-20,11.8,47.7,42.0,36.9,79.7,43.6
2024-06-21,28.8,73.3,20.4,40.2,29.9,38.5
2024-06-22,39.6,63.8,6.7,33.6,80.0,44.7
2024-06-23,36.5,40.1,19.1,8.1,84.0,37.5
2024-06-24,11.2,7.3,27.2,37.3,61.2,28.8
2024-06-25,5.1,24.3,18.0,36.1,33.2,23.3
2024-06-26,6.7,20.7,15.8,17.1,55.3,23.1
2024-06-27,0.3,43.5,28.7,11.5,44.3,25.7
2024-06-28,12.3,4.0,46.5,11.0,27.8,20.3
2024-06-29,70.2,94.0,35.0,16.0,66.4,56.3
2024-06-30,46.5,91.1,22.8,2.5,68.7,46.3
2024-07-01,19.2,83.7,10.0,14.4,11.8,27.8
2024-07-02,35.0,92.7,25.0,33.2,42.9,45.8
2024-07-03,5.5,9.6,53.9,15.8,31.4,23.2
2024-07-04,90.0,90.5,43.6,60.4,31.6,63.2
2024-07-05,44.2,68.6,62.6,54.2,6.0,47.1
2024-07-06,45.7,72.8,54.5,13.7,76.5,52.6
2024-07-07,71.9,81.1,7.8,53.9,44.6,51.9
2024-07-08,32.9,61.9,48.1,86.1,47.6,55.3
2024-07-09,14.1,57.6,41.8,87.4,37.9,47.8
2024-07-10,9.1,46.8,8.1,78.3,63.9,41.2
2024-07-11,29.6,42.8,10.3,30.3,66.3,35.9
2024-07-12,21.7,35.7,3.6,27.8,63.8,30.5
2024-07-13,9.2,21.4,8.0,2.1,57.5,19.6
2024-07-14,63.1,30.9,7.3,25.8,50.1,35.4
2024-07-15,52.4,52.5,38.4,4.5,64.7,42.5
2024-07-16,20.0,5.8,18.4,26.1,59.7,26.0
2024-07-17,8.6,8.4,22.6,19.8,67.5,25.4
2024-07-18,7.1,4.3,36.8,15.6,64.2,25.6
2024-07-19,2.5,17.6,66.1,36.2,63.5,37.2
2024-07-20,57.6,24.7,33.1,23.6,94.9,46.8
2024-07-21,56.8,21.7,34.3,19.6,94.7,45.4
2024-07-22,0.3,19.6,31.7,8.8,67.5,25.6
2024-07-23,18.5,35.1,60.9,25.9,69.4,42.0
2024-07-24,57.5,37.4,60.1,30.7,59.4,49.0
2024-07-25,90.0,80.7,64.1,62.4,35.9,66.6
2024-07-26,93.0,70.8,26.3,16.6,31.0,47.5
2024-07-27,84.9,85.0,26.2,5.1,41.2,48.5
2024-07-28,49.2,60.1,84.0,37.6,27.3,51.6
2024-07-29,40.7,56.1,54.7,18.1,47.7,43.5
2024-07-30,18.2,28.5,52.4,22.1,24.0,29.1
2024-07-31,25.5,50.3,97.5,10.6,20.4,40.9
2024-08-01,41.6,52.1,96.8,1.5,25.1,43.4
2024-08-02,29.8,34.0,94.8,2.3,37.2,39.6
2024-08-03,47.3,14.3,97.9,5.5,32.0,39.4
2024-08-04,77.8,40.9,98.4,2.3,66.1,57.1
2024-08-05,24.0,26.7,98.8,1.5,57.5,41.7
2024-08-06,11.9,9.5,98.1,12.9,69.8,40.4
2024-08-07,8.6,9.6,94.4,10.2,68.9,38.3
2024-08-08,25.0,18.8,92.3,5.9,43.5,37.1
2024-08-09,30.6,1.6,92.3,8.1,72.6,41.0
2024-08-10,59.9,17.4,76.8,1.9,67.2,44.7
2024-08-11,18.1,20.0,68.9,1.0,74.9,36.6
2024-08-12,2.3,43.9,94.9,1.5,49.1,38.4
2024-08-13,51.7,12.3,97.7,1.1,48.3,42.2
2024-08-14,45.3,21.1,92.9,1.5,54.0,43.0
2024-08-15,44.4,0.4,82.6,25.7,24.4,35.5
2024-08-16,43.9,7.3,86.7,23.7,24.6,37.2
2024-08-17,1.1,10.2,91.1,3.3,17.1,24.6
2024-08-18,12.2,6.2,44.3,1.4,67.1,26.2
2024-08-19,8.0,0.7,66.9,36.6,62.8,35.0
2024-08-20,18.0,2.1,30.9,11.0,24.8,17.3
2024-08-21,3.6,1.2,46.0,23.2,51.9,25.2
2024-08-22,10.3,35.8,69.3,68.3,68.3,50.4
2024-08-23,3.0,0.3,66.0,80.8,53.1,40.6
2024-08-24,73.1,1.1,84.8,54.6,63.6,55.4
2024-08-25,77.8,47.7,93.0,58.6,83.0,72.0
2024-08-26,31.1,3.6,78.5,31.8,73.1,43.6
2024-08-27,3.7,1.1,66.8,41.3,70.9,36.8
2024-08-28,26.2,2.7,46.5,9.5,39.0,24.8
2024-08-29,50.5,4.7,64.6,4.7,33.5,31.6
2024-08-30,56.8,46.1,50.3,26.7,44.3,44.9
2024-08-31,26.3,31.3,17.8,11.9,39.2,25.3
2024-09-01,23.9,15.4,14.5,12.2,49.8,23.2
2024-09-02,1.8,22.5,41.0,6.3,48.3,24.0
2024-09-03,9.6,4.4,52.9,26.7,61.5,31.0
2024-09-04,4.0,12.9,65.6,28.4,59.0,34.0
2024-09-05,6.4,21.7,18.1,46.5,16.3,21.8
2024-09-06,31.4,38.1,12.5,12.5,28.0,24.5
2024-09-07,63.8,2.3,1.6,6.7,76.5,30.2
2024-09-08,82.9,51.6,5.5,17.8,51.6,41.9
2024-09-09,71.9,44.0,49.9,61.5,29.9,51.4
2024-09-10,4.5,19.9,60.1,9.6,52.8,29.4
2024-09-11,72.4,65.4,24.8,9.1,42.4,42.8
2024-09-12,70.4,76.0,41.0,7.0,60.9,51.1
2024-09-13,67.6,66.7,30.5,2.7,54.9,44.5
2024-09-14,20.0,38.5,58.6,4.4,80.2,40.4
2024-09-15,13.0,1.1,28.0,20.6,68.3,26.2
2024-09-16,3.3,6.4,32.6,1.6,13.4,11.5
2024-09-17,24.8,7.1,56.5,29.9,18.0,27.3
2024-09-18,69.5,30.7,88.2,15.9,25.5,46.0
2024-09-19,80.5,46.4,89.7,59.7,46.5,64.6
2024-09-20,47.1,25.9,70.5,31.1,42.4,43.4
2024-09-21,42.8,46.4,90.8,44.3,87.0,62.2
2024-09-22,86.0,52.8,71.7,62.4,80.0,70.6
2024-09-23,18.5,22.9,76.5,23.9,33.3,35.0
2024-09-24,16.6,40.1,91.8,34.0,31.0,42.7
2024-09-25,60.1,53.1,77.0,30.6,44.4,53.0
2024-09-26,73.0,61.6,63.1,33.5,61.9,58.6
2024-09-27,64.5,74.3,69.3,13.7,33.6,51.1
2024-09-28,97.7,60.8,97.8,29.6,28.8,62.9
2024-09-29,86.3,24.0,98.5,1.5,85.9,59.2
2024-09-30,57.6,37.0,94.2,14.0,81.1,56.8
2024-10-01,60.9,78.3,99.3,3.0,77.0,63.7
2024-10-02,20.3,35.5,99.7,16.6,77.4,49.9
2024-10-03,16.5,8.2,98.8,14.0,79.1,43.3
2024-10-04,54.7,38.8,98.9,27.6,77.8,59.6
2024-10-05,93.7,41.2,98.2,7.8,80.4,64.3
2024-10-06,41.3,19.1,98.5,42.9,85.3,57.4
2024-10-07,27.7,35.9,97.4,3.0,81.2,49.1
2024-10-08,17.3,24.6,97.3,5.8,38.1,36.6
2024-10-09,18.8,13.7,96.7,29.9,62.8,44.4
2024-10-10,13.9,10.4,94.2,2.6,37.3,31.7
2024-10-11,36.6,51.6,96.4,31.7,49.9,53.3
2024-10-12,65.4,83.4,90.0,57.2,40.3,67.3
2024-10-13,29.4,42.7,96.6,11.7,42.2,44.5
2024-10-14,43.2,11.8,94.1,35.4,47.6,46.4
2024-10-15,74.2,14.8,93.1,44.9,26.5,50.7
2024-10-16,79.8,16.2,91.8,35.7,76.0,59.9
2024-10-17,45.0,33.5,90.3,27.0,63.8,51.9
2024-10-18,29.4,5.8,88.2,5.5,20.2,29.8
2024-10-19,6.3,0.7,89.2,43.3,46.8,37.3
2024-10-20,10.8,32.8,93.1,18.9,58.2,42.8
2024-10-21,93.4,93.3,89.7,48.1,62.6,77.4
2024-10-22,97.9,97.5,85.7,70.6,18.7,74.1
2024-10-23,95.7,96.8,78.2,67.4,25.1,72.6
2024-10-24,90.9,94.0,90.3,59.5,38.4,74.6
2024-10-25,91.8,91.4,82.6,76.8,32.5,75.0
2024-10-26,92.0,91.5,99.6,36.2,23.3,68.5
2024-10-27,98.8,92.6,98.1,29.2,32.1,70.2
2024-10-28,70.6,75.7,96.8,45.1,26.7,63.0
2024-10-29,56.4,67.6,92.9,32.8,45.3,59.0
2024-10-30,86.7,93.8,78.3,30.0,7.8,59.3
2024-10-31,81.2,86.8,76.3,45.0,18.1,61.5
2024-11-01,84.1,82.0,83.0,36.9,31.7,63.5
2024-11-02,49.2,54.3,81.2,27.2,56.4,53.7
2024-11-03,73.8,89.2,86.4,33.3,57.2,68.0
2024-11-04,19.3,68.6,89.6,27.6,47.2,50.5
2024-11-05,31.4,65.2,76.5,60.2,60.8,58.8
2024-11-06,15.1,50.6,68.3,77.8,6.4,43.6
2024-11-07,4.8,22.2,55.6,79.7,7.1,33.9
2024-11-08,16.2,43.1,60.8,77.1,25.8,44.6
2024-11-09,43.6,49.7,60.8,63.5,23.2,48.1
2024-11-10,15.1,10.6,45.0,74.9,74.6,44.0
2024-11-11,0.3,81.3,50.3,69.5,75.6,55.4
2024-11-12,48.0,46.4,77.6,79.0,46.2,59.5
2024-11-13,13.6,11.1,81.2,60.2,31.3,39.5
2024-11-14,13.2,32.2,59.1,56.0,53.9,42.9
2024-11-15,22.8,36.2,59.5,69.3,4.0,38.4
2024-11-16,65.0,66.0,68.3,44.4,26.3,54.0
2024-11-17,11.9,31.8,51.2,58.6,76.3,46.0
2024-11-18,29.5,25.0,65.8,72.4,57.8,50.1
2024-11-19,71.3,82.2,74.8,82.7,60.4,74.3
2024-11-20,49.9,66.0,36.5,63.2,37.4,50.6
2024-11-21,4.9,34.4,39.2,35.0,41.0,30.9
2024-11-22,14.7,26.9,48.4,14.1,8.2,22.5
2024-11-23,0.1,49.4,40.6,42.5,84.2,43.4
2024-11-24,43.1,28.8,29.1,23.7,31.4,31.2
2024-11-25,4.9,23.9,59.1,33.1,23.6,28.9
2024-11-26,18.0,11.9,82.0,55.3,36.6,40.8
2024-11-27,1.8,51.2,87.4,23.9,7.4,34.3
2024-11-28,28.3,27.6,66.9,40.2,7.0,34.0
2024-11-29,38.8,24.0,47.7,50.6,8.5,33.9
2024-11-30,17.1,44.4,84.2,31.1,51.0,45.6
2024-12-01,12.3,11.4,28.7,60.2,56.9,33.9
2024-12-02,9.9,28.7,36.5,68.7,60.5,40.9
2024-12-03,68.7,80.5,33.7,74.1,3.6,52.1
2024-12-04,36.2,50.5,26.7,42.0,22.4,35.6
2024-12-05,23.9,53.9,28.4,61.0,34.3,40.3
2024-12-06,41.6,81.1,18.0,42.1,54.5,47.4
2024-12-07,9.5,41.8,73.0,34.0,15.9,34.8
2024-12-08,83.4,93.7,92.3,27.0,35.4,66.4
2024-12-09,27.2,9.5,66.0,20.7,17.8,28.2
2024-12-10,3.0,31.8,45.4,3.7,33.1,23.4
2024-12-11,1.2,3.4,51.7,75.0,17.1,29.7
2024-12-12,3.4,4.8,68.9,62.3,24.8,32.8
2024-12-13,18.9,48.0,48.6,66.9,4.8,37.4
2024-12-14,14.5,41.4,17.8,23.2,25.7,24.5
2024-12-15,5.8,48.7,13.4,49.1,43.2,32.0
2024-12-16,51.7,71.1,52.5,81.6,49.0,61.2
2024-12-17,61.2,64.2,41.7,36.6,53.2,51.4
2024-12-18,75.7,89.7,12.5,68.2,11.5,51.5
2024-12-19,45.8,48.4,35.9,48.3,75.9,50.9
2024-12-20,29.8,72.8,23.3,54.2,32.8,42.6
2024-12-21,42.4,90.7,3.2,15.6,23.2,35.0
2024-12-22,55.6,36.6,59.8,31.1,73.3,51.3
2024-12-23,45.1,28.5,69.5,53.1,76.3,54.5
2024-12-24,6.7,6.4,42.9,42.5,81.6,36.0
2024-12-25,70.1,69.0,56.5,67.1,77.0,67.9
2024-12-26,85.0,96.0,33.9,50.5,90.9,71.3
2024-12-27,53.2,86.0,23.9,78.9,78.1,64.0
2024-12-28,37.7,67.5,23.0,82.0,75.9,57.2
2024-12-29,56.0,78.6,35.9,79.7,81.8,66.4
2024-12-30,58.6,74.9,40.3,78.2,83.3,67.1
2024-12-31,34.7,76.7,56.0,79.1,79.8,65.3
2025-01-01,83.8,87.0,75.3,67.8,89.7,80.7
2025-01-02,19.5,59.3,21.0,63.9,28.5,38.4
2025-01-03,47.5,78.3,18.5,72.6,50.9,53.6
2025-01-04,44.4,85.0,17.6,57.3,42.4,49.4
2025-01-05,59.5,78.5,12.1,24.8,45.7,44.1
2025-01-06,15.0,49.4,17.0,78.3,9.5,33.8
2025-01-07,7.4,17.1,10.8,48.3,34.4,23.6
2025-01-08,9.2,32.4,55.8,77.9,30.0,41.1
2025-01-09,30.7,18.9,41.8,56.4,64.2,42.4
2025-01-10,15.8,91.4,69.4,82.9,68.3,65.5
2025-01-11,46.0,63.4,35.9,83.4,63.6,58.5
2025-01-12,55.7,11.1,31.6,79.7,36.5,42.9
2025-01-13,65.0,70.2,28.3,88.6,59.0,62.2
2025-01-14,42.0,25.2,50.9,86.6,55.6,52.0
2025-01-15,43.6,34.7,60.2,80.9,78.6,59.6
2025-01-16,33.5,49.5,70.9,83.7,85.3,64.6
2025-01-17,9.5,4.9,50.1,84.5,63.2,42.4
2025-01-18,74.1,93.6,59.3,64.1,73.5,72.9
2025-01-19,45.3,93.3,57.9,59.5,62.3,63.6
2025-01-20,10.2,35.9,48.0,82.4,59.7,47.2
2025-01-21,5.9,25.9,37.9,82.6,72.7,45.0
2025-01-22,45.7,14.7,47.6,86.6,65.3,52.0
2025-01-23,35.9,66.0,40.1,81.5,73.3,59.3
2025-01-24,25.9,34.0,33.3,82.6,47.7,44.7
2025-01-25,58.4,71.2,26.9,79.3,81.1,63.4
2025-01-26,83.3,79.1,12.3,57.9,73.5,61.2
2025-01-27,69.0,77.4,72.0,75.4,34.0,65.6
2025-01-28,20.7,70.9,30.2,85.9,51.3,51.8
2025-01-29,1.6,12.8,13.6,82.2,15.0,25.0
2025-01-30,9.6,13.4,9.5,75.2,7.7,23.1
2025-01-31,14.3,25.1,20.3,83.7,23.3,33.3
2025-02-01,31.0,47.9,13.2,68.9,19.5,36.1
2025-02-02,1.8,38.7,12.6,75.6,84.4,42.6
2025-02-03,16.5,5.9,35.1,89.2,28.7,35.1
2025-02-04,22.9,83.1,66.0,89.2,5.3,53.3
2025-02-05,23.0,2.5,84.2,87.7,60.6,51.6
2025-02-06,10.8,50.5,67.9,80.2,18.1,45.5
2025-02-07,24.3,50.2,66.0,84.0,23.2,49.5
2025-02-08,14.8,63.1,60.8,84.9,42.8,53.3
2025-02-09,1.2,36.5,64.1,87.9,49.9,47.9
2025-02-10,2.1,72.4,52.8,92.2,28.3,49.5
2025-02-11,29.2,71.1,31.7,91.9,36.8,52.1
2025-02-12,40.2,54.9,34.0,90.5,30.5,50.0
2025-02-13,89.2,3.2,45.5,92.3,53.5,56.7
2025-02-14,81.5,64.9,52.7,97.9,51.7,69.7
2025-02-15,36.4,48.7,22.2,89.7,39.9,47.4
2025-02-16,40.5,2.3,71.9,86.6,61.7,52.6
2025-02-17,47.2,51.3,50.6,89.7,63.9,60.5
2025-02-18,10.6,11.4,38.1,86.6,55.4,40.4
2025-02-19,62.8,6.3,38.0,86.0,58.7,50.4
2025-02-20,29.8,67.2,36.8,84.6,38.0,51.3
2025-02-21,38.1,40.1,17.7,77.0,45.4,43.6
2025-02-22,53.6,32.8,32.2,79.0,60.5,51.6
2025-02-23,10.4,5.5,42.7,75.9,51.6,37.2
2025-02-24,14.1,15.0,74.8,91.1,3.7,39.7
2025-02-25,2.7,4.0,24.3,89.4,25.8,29.2
2025-02-26,29.8,38.1,25.8,72.6,29.2,39.1
2025-02-27,45.1,39.0,11.7,80.4,56.0,46.4
2025-02-28,74.9,35.5,27.7,89.8,45.4,54.7
2025-03-01,15.8,7.7,4.7,58.3,18.7,21.0
2025-03-02,7.7,10.2,8.2,55.1,52.1,26.7
2025-03-03,3.0,2.7,43.6,83.5,39.9,34.6
2025-03-04,30.3,11.1,17.4,97.9,1.2,31.6
2025-03-05,7.1,11.2,34.4,98.2,9.5,32.1
2025-03-06,73.8,53.9,25.9,94.5,7.8,51.2
2025-03-07,51.6,46.0,11.8,94.2,2.3,41.2
2025-03-08,67.6,42.1,18.8,92.5,6.7,45.5
2025-03-09,76.4,10.4,42.7,87.8,66.3,56.7
2025-03-10,36.6,68.4,45.8,90.8,43.5,57.0
2025-03-11,8.8,31.7,22.5,93.6,58.6,43.0
2025-03-12,37.3,6.9,17.8,90.9,55.6,41.7
2025-03-13,19.9,41.0,51.3,94.5,64.5,54.2
2025-03-14,9.5,98.8,26.2,95.3,4.1,46.8
2025-03-15,56.8,47.6,3.3,79.3,98.4,57.1
2025-03-16,56.9,60.8,19.3,84.0,99.3,64.1
2025-03-17,69.4,65.8,29.9,88.5,91.5,69.0
2025-03-18,16.6,5.3,71.5,86.1,88.8,53.7
2025-03-19,54.9,2.1,30.3,90.1,63.5,48.2
2025-03-20,42.5,22.8,42.1,81.1,62.6,50.2
2025-03-21,49.4,31.4,55.7,84.6,58.2,55.9
2025-03-22,52.3,51.5,23.0,81.5,63.2,54.3
2025-03-23,26.7,27.5,81.8,64.2,73.2,54.7
2025-03-24,11.4,46.6,50.4,94.8,77.7,56.2
2025-03-25,86.4,68.6,27.0,94.2,89.6,73.2
2025-03-26,29.9,47.9,34.1,88.6,88.2,57.8
2025-03-27,37.7,29.9,10.4,90.1,82.3,50.1
2025-03-28,18.4,21.2,50.3,92.1,54.8,47.3
2025-03-29,11.5,53.8,5.1,89.5,77.4,47.5
2025-03-30,3.2,50.8,2.2,96.8,29.2,36.4
2025-03-31,1.4,43.3,62.1,99.9,31.5,47.6
2025-04-01,6.2,54.4,65.1,99.9,32.5,51.6
2025-04-02,33.4,29.0,7.8,100.0,35.3,41.1
2025-04-03,37.5,46.6,10.4,100.0,41.8,47.3
2025-04-04,9.7,16.2,23.7,99.9,76.4,45.2
2025-04-05,35.3,43.0,33.3,99.7,34.8,49.2
2025-04-06,42.7,41.1,31.8,99.2,24.1,47.8
2025-04-07,88.2,49.0,54.2,99.6,41.2,66.5
2025-04-08,22.2,66.8,73.7,99.3,60.5,64.5
2025-04-09,49.9,67.7,54.9,99.9,34.0,61.3
2025-04-10,74.4,39.9,42.9,99.7,42.3,59.8
2025-04-11,43.8,31.8,43.4,99.2,28.4,49.3
2025-04-12,97.3,72.9,65.2,97.7,63.8,79.4
2025-04-13,79.2,16.4,35.3,97.5,15.6,48.8
2025-04-14,28.8,2.6,29.3,97.4,42.3,40.1
2025-04-15,11.5,27.1,29.2,97.5,51.6,43.4
2025-04-16,2.1,38.1,38.9,96.6,75.5,50.2
2025-04-17,2.1,45.5,25.6,96.7,35.9,41.2
2025-04-18,54.7,34.2,42.6,94.0,87.9,62.7
2025-04-19,35.5,35.9,13.3,90.4,75.5,50.1
2025-04-20,18.2,21.2,6.8,97.5,73.4,43.5
2025-04-21,33.3,10.8,32.6,99.3,46.0,44.4
2025-04-22,64.9,19.0,51.4,98.9,48.1,56.5
2025-04-23,100.0,51.0,47.5,96.8,51.5,69.4
2025-04-24,100.0,76.6,64.7,93.8,44.1,75.8
2025-04-25,99.9,48.5,72.7,96.6,44.2,72.4
2025-04-26,99.9,77.4,93.2,93.3,60.7,84.9
2025-04-27,99.6,67.3,83.6,93.0,92.5,87.2
2025-04-28,99.3,93.3,67.8,94.7,82.9,87.6
2025-04-29,99.2,32.7,64.4,96.7,77.3,74.1
2025-04-30,99.5,10.1,66.8,97.5,74.9,69.8
2025-05-01,99.3,17.0,11.8,97.1,52.5,55.5
2025-05-02,98.8,12.2,43.7,97.4,32.7,57.0
2025-05-03,99.5,50.7,4.8,92.3,68.5,63.2
2025-05-04,99.2,21.0,39.5,94.9,89.7,68.8
2025-05-05,98.9,25.5,64.7,93.3,68.9,70.2
2025-05-06,99.6,36.2,54.9,97.0,81.2,73.8
2025-05-07,100.0,68.4,56.8,97.0,91.0,82.6
2025-05-08,99.9,59.0,48.1,99.5,60.5,73.4
2025-05-09,99.7,68.6,23.4,95.9,48.1,67.2
2025-05-10,100.0,81.1,15.9,91.6,72.2,72.2
2025-05-11,99.7,65.2,5.3,93.7,29.3,58.7
2025-05-12,99.2,19.3,55.3,98.5,84.9,71.5
2025-05-13,98.1,34.0,37.1,95.8,69.6,66.9
2025-05-14,97.8,95.3,63.2,90.1,64.7,82.2
2025-05-15,97.5,78.1,26.8,94.4,57.7,70.9
2025-05-16,96.8,83.6,26.8,94.5,34.7,67.3
2025-05-17,98.4,86.7,12.3,89.2,5.9,58.5
2025-05-18,96.7,70.4,24.4,86.6,83.2,72.2
2025-05-19,96.4,54.4,22.3,91.9,29.5,58.9
2025-05-20,96.3,35.6,65.2,92.9,44.8,67.0
2025-05-21,96.2,49.9,79.7,91.1,53.2,74.0
2025-05-22,96.4,40.0,60.1,87.5,9.2,58.7
2025-05-23,96.3,81.0,45.3,95.3,17.3,67.0
2025-05-24,97.8,80.5,10.1,92.2,33.2,62.8
2025-05-25,95.9,86.3,6.4,84.0,59.9,66.5
2025-05-26,95.8,61.4,28.1,90.1,27.3,60.5
2025-05-27,95.3,32.2,31.8,89.5,35.5,56.8
2025-05-28,95.2,29.0,58.4,82.5,74.2,67.9
2025-05-29,95.8,41.9,60.7,94.9,17.0,62.1
2025-05-30,96.0,35.6,41.4,91.8,8.4,54.6
2025-05-31,96.2,95.1,8.8,85.1,84.5,73.9
2025-06-01,95.2,97.7,5.2,90.5,44.5,66.6
2025-06-02,94.5,93.6,24.4,91.0,49.0,70.5
2025-06-03,94.5,86.7,35.5,93.7,7.3,63.5
2025-06-04,94.2,50.5,54.1,86.6,32.6,63.6
2025-06-05,94.2,63.0,43.6,82.9,29.6,62.7
2025-06-06,93.8,44.4,27.8,86.3,36.4,57.8
2025-06-07,94.7,24.2,14.1,78.8,4.1,43.2
2025-06-08,92.3,55.2,11.8,70.7,4.9,47.0
2025-06-09,91.1,8.4,46.7,76.2,2.9,45.0
2025-06-10,92.9,13.7,68.6,87.1,50.4,62.5
2025-06-11,87.1,3.8,75.2,84.9,37.7,57.8
2025-06-12,90.7,49.3,94.7,87.9,9.7,66.5
2025-06-13,78.6,44.5,99.9,87.8,69.9,76.1
2025-06-14,80.0,77.7,99.9,77.4,43.0,75.6
2025-07-02,92.8,67.2,97.3,91.2,58.2,81.3
2025-07-03,87.0,25.0,96.1,92.6,63.0,72.7
2025-07-04,88.2,88.9,95.5,90.3,0.4,72.7
2025-07-05,79.8,88.1,95.0,94.5,1.3,71.7
2025-07-06,90.7,90.3,95.9,93.1,89.6,91.9
2025-07-07,82.5,69.4,93.5,98.0,89.2,86.5
2025-07-08,88.4,25.4,93.8,99.2,81.6,77.7
2025-07-09,75.2,63.3,87.5,96.2,80.4,80.5
2025-07-10,59.6,73.1,89.3,94.5,76.6,78.6
2025-07-11,83.9,17.1,86.7,92.0,60.4,68.0
2025-07-12,88.2,98.0,85.6,87.1,54.6,82.7
2025-07-13,91.0,95.7,84.3,89.5,74.9,87.1
2025-07-14,84.7,97.5,71.8,96.4,30.7,76.2
2025-07-15,84.0,95.5,74.8,98.9,5.6,71.8
2025-07-16,63.7,58.3,81.8,97.1,38.7,67.9
2025-07-17,70.5,50.6,75.2,95.9,24.4,63.3
2025-07-18,88.1,51.5,73.8,98.5,0.3,62.4
2025-07-19,89.9,92.7,60.0,95.5,9.8,69.6
2025-07-20,80.5,66.3,83.6,87.9,44.6,72.6
2025-07-21,89.1,80.9,81.9,90.2,45.3,77.5
2025-07-22,78.4,75.7,83.6,89.5,14.2,68.3
2025-07-23,92.8,82.7,80.9,96.1,54.8,81.5
2025-07-24,85.8,67.5,77.0,98.0,16.4,68.9
2025-07-25,85.3,56.0,82.3,92.0,44.0,71.9
2025-07-26,94.2,41.8,41.2,85.3,63.8,65.3
2025-07-27,91.6,66.9,65.1,87.2,64.0,75.0
2025-07-28,94.2,69.6,82.2,93.3,28.3,73.5
2025-07-29,94.0,64.4,77.6,98.6,37.2,74.3
2025-07-30,92.7,67.3,60.4,99.7,7.4,65.5
2025-07-31,74.5,57.5,72.7,99.9,26.1,66.1
2025-08-01,90.9,41.7,80.1,99.9,0.7,62.6
2025-08-02,90.5,75.7,62.8,99.4,3.8,66.5
2025-08-03,89.1,62.1,73.9,98.9,48.4,74.5
2025-08-04,71.8,87.7,78.4,99.4,55.8,78.6
2025-08-05,81.2,87.0,61.9,99.9,50.6,76.1
2025-08-06,60.0,74.1,82.0,100.0,36.2,70.5
2025-08-07,69.1,75.7,84.3,100.0,7.4,67.3
2025-08-08,59.0,68.6,80.4,99.4,44.7,70.4
2025-08-09,93.3,77.3,69.7,98.6,2.8,68.3
2025-08-10,91.6,86.4,56.5,95.1,20.5,70.0
2025-08-11,88.5,45.0,64.5,96.8,42.1,67.4
2025-08-12,91.2,70.7,45.4,95.4,73.4,75.2
2025-08-13,93.3,78.8,71.0,95.7,6.9,69.1
2025-08-14,92.4,69.4,48.2,96.1,26.1,66.5
2025-08-15,93.3,36.7,58.1,94.2,8.1,58.1
2025-08-16,86.0,83.7,17.1,97.9,54.4,67.8
2025-08-17,76.0,50.6,60.2,93.8,68.4,69.8
2025-08-18,89.6,79.1,64.4,94.1,42.6,74.0
2025-08-19,92.0,99.2,68.2,91.7,23.8,75.0
2025-08-20,82.6,94.0,65.6,94.2,28.6,73.0
2025-08-21,71.2,87.9,52.5,93.5,56.0,72.2
2025-08-22,77.6,76.4,84.4,91.3,15.3,69.0
2025-08-23,76.2,93.3,58.3,94.0,24.3,69.2
2025-08-24,85.0,83.9,60.3,93.0,82.7,81.0
2025-08-25,87.2,84.3,61.4,89.3,75.0,79.5
2025-08-26,82.7,67.9,74.9,94.5,21.7,68.4
2025-08-27,91.0,71.1,77.1,98.6,24.5,72.5
2025-08-28,85.8,95.5,81.5,97.8,55.5,83.2
2025-08-29,81.2,96.4,73.5,97.5,39.4,77.6
2025-08-30,92.0,98.3,63.7,98.3,88.2,88.1
2025-08-31,93.7,100.0,68.4,99.2,79.7,88.2
2025-09-01,93.0,99.4,67.2,98.0,69.6,85.4
2025-09-02,81.2,85.8,69.6,97.2,23.3,71.4
2025-09-03,59.6,79.9,37.9,94.7,8.1,56.0
2025-09-04,37.9,64.7,36.6,93.4,7.2,47.9
2025-09-05,90.3,89.2,65.2,96.1,7.6,69.7
2025-09-06,91.2,90.2,24.5,96.9,40.0,68.6
2025-09-07,46.8,85.0,25.4,96.4,84.6,67.6
2025-09-08,82.6,91.9,39.3,95.9,11.9,64.3
2025-09-09,72.9,55.4,54.6,90.6,20.6,58.8
2025-09-10,58.3,55.4,65.4,96.8,23.6,59.9
2025-09-11,33.0,74.5,83.3,86.7,57.4,67.0
2025-09-12,71.5,65.9,77.0,92.6,75.6,76.5
2025-09-13,69.0,92.8,67.6,98.6,21.6,69.9
2025-09-14,76.4,62.8,53.9,92.1,10.2,59.1
2025-09-15,45.3,51.1,72.8,89.3,20.2,55.7
2025-09-16,76.0,63.0,79.7,92.8,16.0,65.5
2025-09-17,79.2,21.3,72.7,89.3,25.4,57.6
2025-09-18,66.2,24.3,79.9,85.6,59.9,63.2
2025-09-19,77.6,62.1,61.3,94.8,48.7,68.9
2025-09-20,81.2,29.9,44.0,98.6,29.7,56.7
2025-09-21,79.9,78.3,85.4,96.8,22.2,72.5
2025-09-22,65.2,93.0,87.5,92.0,38.8,75.3
2025-09-23,65.2,44.5,84.6,96.8,41.5,66.5
2025-09-24,44.9,14.3,86.3,91.0,34.1,54.1
2025-09-25,65.2,35.9,79.0,92.7,24.8,59.5
2025-09-26,86.1,19.8,78.7,90.0,40.1,62.9
2025-09-27,90.5,61.9,87.2,80.4,57.1,75.4
2025-09-28,77.7,32.1,92.8,86.7,23.0,62.5
2025-09-29,67.0,23.0,83.0,79.2,26.1,55.7
2025-09-30,51.9,91.2,74.1,76.0,37.4,66.1
2025-10-01,35.3,67.3,44.2,80.6,19.4,49.4
2025-10-02,64.9,23.8,39.8,81.3,28.8,47.7
2025-10-03,90.3,19.1,23.0,79.1,52.5,52.8
2025-10-04,92.8,93.3,64.0,73.5,56.9,76.1
2025-10-05,87.8,91.9,20.1,75.6,48.4,64.7
2025-10-06,42.1,41.9,47.8,75.3,46.7,50.8
2025-10-07,82.2,37.3,73.9,80.1,63.0,67.3
2025-10-08,71.2,69.8,55.5,93.3,5.6,59.1
2025-10-09,80.8,16.8,71.7,88.5,69.0,65.4
2025-10-10,89.2,10.2,74.1,78.5,32.3,56.9
2025-10-11,85.7,47.7,74.9,75.9,27.9,62.4
2025-10-12,81.2,83.3,65.9,86.5,9.1,65.2
2025-10-13,75.0,54.8,83.9,80.1,0.1,58.8
2025-10-14,90.2,18.8,76.4,76.3,19.6,56.3
2025-10-15,68.6,25.7,71.9,77.3,3.8,49.5
2025-10-16,79.1,19.6,64.5,98.0,19.4,56.1
2025-10-17,71.8,21.6,44.6,90.9,21.5,50.1
2025-10-18,88.4,23.3,36.9,82.3,67.0,59.6
2025-10-19,91.7,17.1,23.1,81.1,34.8,49.6
2025-10-20,75.0,11.2,71.0,87.7,61.6,61.3
2025-10-21,58.6,12.3,44.5,85.7,28.9,46.0
2025-10-22,47.1,18.7,46.0,88.4,47.3,49.5
2025-10-23,27.2,37.9,65.5,98.9,49.8,55.8
2025-10-24,83.6,77.6,62.4,96.5,11.1,66.2
2025-10-25,86.3,32.7,23.3,89.9,22.4,50.9
2025-10-26,79.9,83.0,43.6,96.2,77.3,76.0
2025-10-27,58.9,64.8,58.1,90.2,69.7,68.3
2025-10-28,78.1,30.7,44.0,86.4,45.9,57.0
2025-10-29,87.0,85.4,76.3,86.1,42.5,75.5
2025-10-30,86.8,50.5,55.1,84.6,36.9,62.8
2025-10-31,59.9,41.7,43.2,83.9,49.6,55.7
2025-11-01,38.8,40.3,82.7,72.8,64.5,59.8
2025-11-02,51.2,98.0,46.0,77.4,31.7,60.9
2025-11-03,50.8,48.2,52.6,77.1,53.2,56.4
2025-11-04,65.5,55.1,33.7,72.9,46.6,54.8
2025-11-05,71.4,16.0,54.4,71.0,10.5,44.7
2025-11-06,59.6,2.8,80.8,73.5,50.9,53.5
2025-11-07,48.4,3.4,86.0,75.3,33.4,49.3
2025-11-08,70.0,13.5,80.6,75.6,23.7,52.7
2025-11-09,70.1,74.9,40.3,68.7,41.7,59.1
2025-11-10,49.8,27.5,48.1,72.8,64.7,52.6
2025-11-11,77.8,6.0,65.8,87.0,45.2,56.4
2025-11-12,70.8,56.2,76.6,75.2,60.7,67.9
2025-11-13,61.7,57.2,87.9,73.9,51.2,66.4
2025-11-14,53.4,10.8,58.8,63.1,75.7,52.4
2025-11-15,29.7,39.4,44.9,68.3,68.9,50.2
2025-11-16,60.2,31.6,88.9,65.4,73.6,63.9
2025-11-17,61.9,45.9,65.1,78.0,33.9,56.9
2025-11-18,34.8,11.1,73.2,77.1,35.2,46.3
2025-11-19,55.8,11.6,76.7,71.8,0.3,43.3
2025-11-20,58.5,19.2,67.2,73.8,34.2,50.6
2025-11-21,67.7,55.0,81.5,74.9,43.2,64.5
2025-11-22,88.9,46.4,59.3,56.0,16.0,53.3
2025-11-23,68.0,64.8,50.6,65.4,27.2,55.2
2025-11-24,40.3,66.2,40.0,69.4,25.2,48.2
2025-11-25,67.9,98.2,44.3,70.8,45.9,65.4
2025-11-26,64.4,94.7,49.8,67.9,34.4,62.2
2025-11-27,35.6,67.9,17.1,62.4,6.5,37.9
2025-11-28,41.0,44.6,70.7,71.0,71.5,59.7
2025-11-29,78.1,68.9,30.0,64.0,46.0,57.4
2025-11-30,47.7,64.9,43.1,62.8,12.6,46.2
2025-12-01,41.1,82.0,28.9,70.8,2.2,45.0
2025-12-02,35.5,12.3,26.2,72.9,21.2,33.6
2025-12-03,47.5,7.6,77.0,73.2,40.7,49.2
2025-12-04,54.3,29.9,75.2,88.5,54.6,60.5
2025-12-05,49.2,71.2,72.8,94.1,16.7,60.8
2025-12-06,96.2,0.1,0.1,96.4,0.1,38.6
2025-12-07,80.1,90.2,15.1,73.2,6.7,53.1
2025-12-08,79.4,93.1,36.6,71.7,29.6,62.1
2025-12-09,30.4,31.0,41.8,76.9,1.1,36.2
2025-12-10,39.7,7.7,59.3,70.4,19.5,39.3
2025-12-11,44.2,18.1,43.1,76.6,25.8,41.5
2025-12-12,26.2,68.2,45.0,73.4,22.0,47.0
2025-12-13,39.7,46.1,30.0,67.2,9.5,38.5
2025-12-14,21.3,54.0,55.0,53.6,30.4,42.9
2025-12-15,54.6,30.9,82.6,70.1,11.2,49.9
2025-12-16,85.4,49.9,50.8,65.5,1.1,50.5
2025-12-17,53.2,47.3,73.6,69.3,4.3,49.5
2025-12-18,61.4,24.0,49.6,65.5,25.8,45.3
2025-12-19,62.7,7.6,39.8,62.0,29.0,40.2
2025-12-20,36.3,74.2,47.0,60.0,6.9,44.9
2025-12-21,58.3,51.9,51.2,74.5,38.4,54.9
2025-12-22,42.6,69.3,91.4,71.7,18.2,58.7
2025-12-23,59.3,13.2,61.7,71.9,20.2,45.3
2025-12-24,73.2,92.8,74.5,65.6,59.3,73.1
2025-12-25,71.1,97.5,84.2,67.5,51.5,74.3
2025-12-26,67.2,91.7,26.5,61.6,26.9,54.8
2025-12-27,81.8,87.1,65.9,64.4,78.7,75.6
2025-12-28,89.8,76.3,58.3,52.9,58.6,67.2
2025-12-29,76.7,72.1,80.2,62.1,42.5,66.7
2025-12-30,83.3,91.9,86.1,60.6,51.8,74.7
2025-12-31,92.7,94.2,65.6,72.8,51.5,75.4
2026-01-01,90.7,85.6,66.3,77.6,24.7,69.0
2026-01-02,74.1,48.0,43.2,65.1,14.6,49.0
2026-01-03,77.3,55.5,40.0,50.6,6.0,45.9
2026-01-04,64.8,46.1,54.1,75.6,29.3,54.0
2026-01-05,71.8,55.4,84.4,81.8,52.6,69.2
2026-01-06,39.7,36.0,74.8,78.5,59.2,57.6
2026-01-07,59.2,47.3,65.8,67.6,50.8,58.1
2026-01-08,36.7,21.0,54.8,86.7,43.9,48.6
2026-01-09,54.1,33.4,65.8,82.7,24.5,52.1
2026-01-10,64.4,12.2,84.3,71.9,49.9,56.5
2026-01-11,34.5,71.0,91.2,71.2,63.4,66.3
2026-01-12,52.0,31.0,86.8,75.9,31.8,55.5
2026-01-13,88.8,91.9,88.5,86.8,63.0,83.8
2026-01-14,66.5,48.5,91.7,71.2,58.8,67.3
2026-01-15,60.7,14.9,86.8,65.5,65.5,58.7
2026-01-16,67.3,37.3,86.1,74.6,81.6,69.4
2026-01-17,55.3,68.4,52.2,64.4,63.1,60.7
2026-01-18,42.1,20.2,61.4,62.3,53.7,47.9
2026-01-19,81.3,15.7,73.8,70.3,70.7,62.4
2026-01-20,44.2,2.5,65.4,81.5,86.1,55.9
2026-01-21,33.8,1.5,82.9,74.6,89.1,56.4
2026-01-22,27.8,24.0,77.6,73.6,61.6,52.9
2026-01-23,41.5,2.1,71.5,65.1,52.2,46.5
2026-01-24,56.5,36.0,43.3,69.7,73.5,55.8
2026-01-25,85.1,64.5,36.3,71.8,59.5,63.5
2026-01-26,88.4,83.7,78.5,82.3,75.9,81.8
2026-01-27,81.6,14.3,73.8,95.5,79.2,68.9
2026-01-28,41.2,80.1,81.5,88.4,6.3,59.5
2026-01-29,2.4,8.8,87.9,76.7,37.4,42.7
2026-01-30,61.4,44.3,89.8,74.5,58.3,65.7
2026-01-31,78.5,15.8,91.7,73.5,6.0,53.1
2026-02-01,78.8,96.2,94.4,87.7,50.8,81.6
2026-02-02,49.1,90.3,82.9,96.1,10.5,65.8
2026-02-03,47.1,86.1,86.7,99.9,57.2,75.4
2026-02-04,49.8,92.8,91.6,96.8,51.6,76.5
2026-02-05,41.7,79.7,90.7,91.4,27.3,66.2
2026-02-06,53.3,49.9,88.8,83.0,1.7,55.3
2026-02-07,63.7,81.2,77.6,98.9,9.4,66.1
2026-02-08,75.6,68.7,91.6,94.8,90.6,84.3
2026-02-09,71.5,61.6,89.6,92.1,67.0,76.4
2026-02-10,9.3,72.4,77.8,88.5,15.6,52.7
2026-02-11,67.3,83.9,83.3,86.0,39.3,71.9
2026-02-12,59.6,81.1,78.1,86.8,57.4,72.6
2026-02-13,51.9,56.7,68.9,75.6,76.7,65.9
2026-02-14,89.6,83.9,71.2,81.5,38.6,73.0
2026-02-15,32.4,79.4,70.5,77.7,43.5,60.7
2026-02-16,53.0,69.4,80.1,74.3,44.3,64.2
2026-02-17,48.5,91.3,94.7,61.6,84.4,76.1
2026-02-18,57.9,8.3,88.5,61.7,55.8,54.4
2026-02-19,9.7,58.5,93.1,60.2,44.7,53.2
2026-02-20,17.0,74.3,90.9,88.4,75.5,69.2
2026-02-21,58.9,73.6,80.8,95.9,6.5,63.1
2026-02-22,81.2,79.1,85.1,86.3,29.9,72.3
2026-02-23,55.7,31.3,87.0,84.6,48.5,61.4
2026-02-24,4.1,38.7,88.5,85.3,52.3,53.8
2026-02-25,66.8,64.2,91.7,78.0,95.9,79.3
2026-02-26,59.6,5.5,92.0,56.7,49.2,52.6
2026-02-27,61.9,6.7,87.4,55.8,45.3,51.4
2026-02-28,0.1,0.3,100.0,0.1,100.0,40.1
2026-03-01,52.5,15.6,99.9,51.1,99.6,63.7
2026-03-02,47.0,41.7,99.3,61.6,99.6,69.8
2026-03-03,55.0,37.4,99.2,56.0,98.9,69.3
2026-03-04,28.2,1.0,99.0,55.3,98.5,56.4
2026-03-05,56.5,1.7,98.9,54.4,99.3,62.2
2026-03-06,25.4,8.8,98.7,97.3,95.2,65.1
2026-03-07,11.4,89.9,98.9,95.8,94.5,78.1
2026-03-08,8.3,31.7,98.6,87.0,96.8,64.5
2026-03-09,0.8,35.6,98.9,79.5,95.1,62.0
2026-03-10,73.4,29.9,99.0,90.3,93.5,77.2
2026-03-11,19.1,31.0,98.6,74.1,98.2,64.2
2026-03-12,29.6,16.8,98.6,88.1,99.3,66.5
2026-03-13,6.7,66.8,98.5,95.1,97.8,73.0
2026-03-14,23.4,44.9,98.3,85.8,94.7,69.4
2026-03-15,42.5,16.1,98.3,58.6,97.3,62.6
2026-03-16,10.5,42.8,98.3,59.5,98.2,61.9
2026-03-17,20.8,48.8,97.3,53.0,95.7,63.1
2026-03-18,15.4,14.7,97.6,67.9,87.4,56.6
2026-03-19,42.1,18.1,97.8,53.3,98.2,61.9
2026-03-20,48.9,21.6,96.8,60.3,94.7,64.5
2026-03-21,47.0,71.1,97.5,63.7,98.2,75.5
2026-03-22,55.7,57.1,98.5,53.4,95.8,72.1
2026-03-23,2.4,16.4,97.8,48.9,90.5,51.2
2026-03-24,8.6,51.9,96.2,47.0,93.0,59.3
2026-03-25,19.9,9.8,96.2,47.7,93.7,53.5
2026-03-26,44.2,17.5,96.2,52.9,97.3,61.6
2026-03-27,16.5,50.2,95.9,43.9,95.0,60.3
2026-03-28,14.9,55.1,95.5,39.4,99.3,60.8
2026-03-29,15.3,74.9,96.2,37.2,99.9,64.7
2026-03-30,64.0,17.7,95.2,44.0,98.9,64.0
2026-03-31,1.4,58.9,96.6,50.1,96.6,60.7
2026-04-01,18.2,65.1,96.6,45.3,98.2,64.7
2026-04-02,31.7,8.0,96.9,46.8,96.6,56.0
2026-04-03,27.1,54.6,94.8,39.8,94.5,62.2
2026-04-04,38.1,0.4,94.7,35.3,98.3,53.4
2026-04-05,43.6,48.1,96.8,33.5,99.4,64.3
2026-04-06,62.0,30.0,98.5,34.1,99.0,64.7
2026-04-07,31.8,4.8,96.6,36.5,90.0,51.9
2026-04-08,1.0,44.3,99.4,38.6,94.8,55.6
2026-04-09,43.8,46.3,97.9,43.3,87.8,63.8
2026-04-10,41.5,18.2,95.0,41.0,89.6,57.1
2026-04-11,24.7,19.8,93.7,46.7,91.0,55.2
2026-04-12,71.2,90.9,98.5,30.3,97.1,77.6
2026-04-13,59.9,71.7,96.5,30.6,97.2,71.2
2026-04-14,33.0,40.5,95.7,44.9,91.3,61.1
2026-04-15,18.1,20.9,93.3,50.2,90.0,54.5
2026-04-16,60.6,36.9,93.0,48.5,87.9,65.4
2026-04-17,35.2,12.8,93.3,29.0,92.8,52.6
2026-04-18,55.3,37.2,94.7,49.9,97.9,67.0
2026-04-19,24.5,45.4,93.3,40.5,98.7,60.5
2026-04-20,57.8,30.4,93.3,42.1,95.1,63.7
2026-04-21,77.1,26.4,92.1,41.5,91.7,65.8
2026-04-22,90.6,22.3,92.1,36.3,97.2,67.7
2026-04-23,71.7,33.9,92.3,43.5,97.3,67.7
2026-04-24,66.6,73.4,91.7,41.0,96.6,73.9
2026-04-25,90.2,64.0,91.6,40.7,92.3,75.7
2026-04-26,34.1,60.4,91.3,35.1,50.1,54.2
2026-04-27,47.8,8.1,91.4,37.2,89.2,54.8
2026-04-28,65.6,35.3,91.6,46.6,87.1,65.2
2026-04-29,49.8,18.5,91.7,27.9,87.2,55.0
2026-04-30,35.8,42.5,91.3,31.4,91.4,58.5
2026-05-01,2.4,26.8,91.4,22.4,88.4,46.3
2026-05-02,10.0,77.0,91.3,11.2,86.1,55.1
2026-05-03,25.7,54.7,90.7,27.8,85.4,56.9
2026-05-04,87.8,25.4,92.4,35.9,99.0,68.1
2026-05-05,91.4,1.8,91.7,28.5,91.6,61.0
2026-05-06,69.1,9.5,91.4,27.5,97.2,59.0
2026-05-07,94.1,17.3,90.2,30.6,93.3,65.1
2026-05-08,86.0,43.1,90.0,26.4,82.0,65.5
2026-05-09,79.5,57.9,89.6,2.9,94.4,64.9
2026-05-10,78.3,80.6,90.2,7.9,94.5,70.3
2026-05-11,57.4,23.6,90.9,28.9,92.3,58.6
2026-05-12,39.8,11.2,90.5,50.5,85.4,55.5
2026-05-13,25.4,27.9,89.3,55.0,69.7,53.5
2026-05-14,57.9,36.2,89.2,48.2,79.4,62.2
2026-05-15,42.5,34.2,89.2,50.2,89.6,61.2
2026-05-16,91.2,34.8,88.5,34.5,82.6,66.3
2026-05-17,89.3,46.3,88.4,63.1,91.9,75.8
2026-05-18,68.7,9.8,88.6,56.4,81.6,61.0
2026-05-19,43.6,25.1,88.5,48.8,73.1,55.8
2026-05-20,35.8,40.3,88.8,53.6,73.9,58.5
2026-05-21,81.3,7.9,88.1,36.3,82.9,59.3
2026-05-22,81.5,20.6,88.1,26.2,83.2,59.9
2026-05-23,76.0,82.2,88.6,56.4,86.0,77.8
2026-05-24,77.8,64.0,90.9,73.9,86.1,78.5
2026-05-25,46.0,75.5,88.8,49.6,81.9,68.4
2026-05-26,89.5,27.8,88.5,44.2,94.5,68.9
2026-05-27,83.9,26.5,87.4,31.3,69.0,59.6
2026-05-28,59.9,52.6,88.8,34.4,69.7,61.1
2026-05-29,59.6,39.6,87.1,35.1,72.2,58.7
2026-05-30,69.3,19.6,86.5,20.9,83.3,55.9
2026-05-31,82.3,66.5,86.3,61.7,84.0,76.2
2026-06-01,31.7,79.1,88.2,37.6,95.0,66.3
2026-06-02,28.8,73.1,86.7,52.2,95.0,67.1
2026-06-03,27.2,40.5,86.8,83.9,81.2,63.9
2026-06-04,26.4,74.6,86.5,60.2,85.3,66.6
2026-06-05,69.1,91.6,85.1,71.1,68.6,77.1
2026-06-06,64.9,77.7,86.4,39.7,76.4,69.0
2026-06-07,43.5,87.0,88.1,19.6,90.2,65.7
2026-06-08,58.9,72.4,93.0,41.2,97.8,72.7
2026-06-09,86.8,77.7,91.0,75.5,86.1,83.4
2026-06-10,83.6,81.1,89.8,32.5,95.9,76.6
2026-06-11,73.4,17.5,90.2,29.7,80.4,58.2
2026-06-12,64.2,64.9,88.2,56.5,85.6,71.9
2026-06-13,73.4,86.5,87.8,33.7,88.2,73.9
2026-06-14,4.8,58.8,88.9,42.4,53.4,49.6
2026-06-15,69.1,33.9,93.8,41.9,94.5,66.7
2026-06-16,12.8,38.6,89.1,42.9,89.2,54.5
2026-06-17,39.3,33.9,90.9,70.4,91.9,65.3
2026-06-18,50.6,75.2,91.0,50.8,84.6,70.4
2026-06-19,89.5,85.8,88.2,33.0,89.6,77.2
2026-06-20,78.5,87.8,87.5,30.2,72.2,71.2
2026-06-21,82.3,90.7,90.7,23.8,87.7,75.1
2026-06-22,67.2,81.8,87.2,32.3,80.1,69.7
2026-06-23,60.4,64.7,84.6,36.6,74.2,64.1
2026-06-24,59.9,46.6,83.9,54.7,82.5,65.5
2026-06-25,53.0,30.4,83.5,37.0,72.9,55.4
2026-06-26,56.2,81.3,82.6,31.3,82.0,66.7
2026-06-27,87.4,86.5,84.9,38.6,91.3,77.7
2026-06-28,49.4,95.8,84.0,25.1,96.5,70.2
2026-06-29,41.2,90.3,83.5,28.1,76.3,63.9
2026-06-30,79.1,76.2,81.9,40.3,69.6,69.4
2026-07-01,90.5,68.9,81.6,27.8,62.1,66.2
2026-07-02,80.8,6.0,81.1,28.1,62.1,51.6
2026-07-03,83.9,21.3,80.2,18.2,66.5,54.0
2026-07-04,74.8,68.4,80.8,9.5,66.3,60.0
2026-07-05,39.0,36.7,82.5,31.1,73.9,52.7
2026-07-06,78.8,16.3,80.2,11.2,66.2,50.5
2026-07-07,55.3,15.1,82.6,28.1,95.4,55.3
2026-07-08,82.3,26.6,91.9,25.7,99.4,65.2
2026-07-09,65.5,64.4,88.2,43.1,95.4,71.3
2026-07-10,83.3,82.0,81.5,57.9,86.4,78.2
2026-07-11,82.7,61.6,81.6,45.4,92.4,72.8
2026-07-12,48.9,78.8,87.5,21.9,89.5,65.3
2026-07-13,63.8,14.9,88.2,41.9,77.4,57.3
2026-07-14,52.9,18.8,89.8,34.9,87.9,56.9
2026-07-15,60.0,30.2,84.2,72.1,91.6,67.6
2026-07-16,62.6,9.4,84.3,41.7,83.7,56.3
2026-07-17,66.1,23.0,81.6,28.2,74.5,54.7
2026-07-18,66.2,35.2,85.3,49.2,75.9,62.4
2026-07-19,42.5,6.0,87.2,26.2,72.2,46.8
2026-07-20,50.5,40.1,86.5,34.9,91.0,60.6
2026-07-21,87.5,1.7,81.5,47.3,97.3,63.1
2026-07-22,17.5,84.9,84.0,45.4,98.2,66.0
2026-07-23,89.3,12.1,82.6,34.4,98.9,63.5
2026-07-24,82.7,10.8,79.8,88.8,98.9,72.2
2026-07-25,81.3,22.4,78.7,60.6,97.2,68.1
2026-07-26,93.3,30.4,82.2,25.1,97.5,65.7
2026-07-27,70.7,30.3,78.5,27.6,97.2,60.9
2026-07-28,87.9,61.0,78.1,42.2,85.8,71.0
2026-07-29,79.8,7.6,80.8,70.3,97.5,67.2
2026-07-30,81.5,71.9,79.9,18.0,98.6,70.0
2026-07-31,85.8,38.7,77.8,26.6,91.9,64.2
2026-08-01,75.5,36.7,76.6,14.0,93.7,59.3
2026-08-02,91.2,77.4,80.4,25.1,90.6,72.9
2026-08-03,74.3,33.5,80.4,25.1,83.3,59.3
2026-08-04,91.4,74.3,78.8,35.8,95.0,75.1
2026-08-05,90.2,4.5,78.5,35.6,83.2,58.4
2026-08-06,65.1,5.3,77.7,15.6,80.9,48.9
2026-08-07,68.0,27.3,76.3,46.1,61.7,55.9
2026-08-08,59.3,26.4,77.8,83.0,72.4,63.8
2026-08-09,65.2,5.5,78.5,39.3,83.9,54.5
2026-08-10,48.8,12.5,79.8,32.3,90.5,52.8
2026-08-13,18.0,7.2,74.7,29.0,74.1,40.6
2026-08-14,90.6,35.9,76.5,47.1,64.4,62.9
2026-08-15,91.8,0.8,76.9,25.3,43.9,47.8
2026-08-16,84.1,0.4,75.1,11.4,3.1,34.8
2026-08-17,76.1,2.7,77.9,17.2,32.8,41.3
2026-08-18,78.8,0.6,77.4,17.3,60.9,47.0
2026-08-19,34.5,0.7,75.9,17.7,52.2,36.2
2026-08-20,56.5,34.5,74.3,39.1,16.0,44.1
2026-08-21,39.9,1.3,74.7,40.1,63.6,43.9
2026-08-22,58.4,1.4,74.3,40.1,70.3,48.9
2026-08-23,74.5,66.1,76.5,14.6,34.3,53.2
2026-08-24,3.0,59.4,77.1,41.5,14.5,39.1
2026-08-25,48.1,79.5,75.8,67.7,4.2,55.0
2026-08-26,73.8,44.6,74.7,43.5,0.3,47.4
2026-08-27,29.3,67.1,72.2,27.6,1.7,39.5
2026-08-28,55.0,30.8,75.2,10.7,4.8,35.3
2026-08-29,87.6,81.2,73.1,39.9,1.1,56.6
2026-08-30,73.0,15.2,74.4,48.2,5.1,43.2
2026-08-31,91.7,25.5,86.1,60.2,0.3,52.7
2026-09-01,87.1,8.9,78.3,27.3,3.1,40.9
2026-09-02,38.8,4.4,80.6,28.7,23.5,35.2
2026-09-03,50.2,0.6,76.4,41.2,52.2,44.1
