date,pakistan_west,china_east,gulf_energy,us_trade,shipping,source
2017-01-01,0.1005,0.025,0.0568,0.0196,0.0713,doc_api
2017-01-02,0.0554,0.0241,0.0435,0.0123,0.0511,doc_api
2017-01-03,0.0479,0.026,0.0509,0.0359,0.0457,doc_api
2017-01-04,0.0472,0.0284,0.0531,0.016,0.0643,doc_api
2017-01-05,0.07,0.0163,0.067,0.0186,0.071,doc_api
2017-01-06,0.0574999999999999,0.0164,0.0588,0.0172,0.0411,doc_api
2017-01-07,0.0586,0.0248,0.063,0.0133,0.0858,doc_api
2017-01-08,0.036,0.0192,0.0534,0.0239,0.0915,doc_api
2017-01-09,0.0356999999999999,0.0146,0.1991,0.0204,0.0607,doc_api
2017-01-10,0.0351999999999999,0.0142,0.1235,0.0234,0.0459,doc_api
2017-01-11,0.034,0.0145,0.0878,0.0218,0.0616,doc_api
2017-01-12,0.0295,0.0088,0.1175,0.0245,0.0636,doc_api
2017-01-13,0.0416,0.0092,0.1129,0.0276,0.036,doc_api
2017-01-14,0.031,0.0106,0.0914,0.0171,0.0492,doc_api
2017-01-15,0.0718999999999999,0.0223,0.1092,0.0249,0.1067,doc_api
2017-01-16,0.0579,0.0122,0.1134,0.0389,0.0956,doc_api
2017-01-17,0.0683,0.0165,0.0739,0.1047,0.0431,doc_api
2017-01-18,0.0359,0.0163,0.0856,0.0728,0.0424,doc_api
2017-01-19,0.0325,0.013,0.0935,0.0478,0.0562,doc_api
2017-01-20,0.0281,0.0144,0.0722,0.0734,0.0277,doc_api
2017-01-21,0.1122,0.0063,0.0781,0.0431,0.03,doc_api
2017-01-22,0.0272,0.0239,0.0838,0.0375,0.0595,doc_api
2017-01-23,0.0179,0.0131,0.0666,0.0492,0.0459,doc_api
2017-01-24,0.0344,0.0121,0.1073,0.0763,0.0444,doc_api
2017-01-25,0.03,0.0087,0.1413,0.0559,0.044,doc_api
2017-01-26,0.0613,0.0261,0.0885,0.0432,0.0506,doc_api
2017-01-27,0.0386,0.0162,0.077,0.0451,0.0375,doc_api
2017-01-28,0.0831,0.02,0.1007,0.0341,0.0531,doc_api
2017-01-29,0.0368,0.0122,0.0994,0.0427,0.0738,doc_api
2017-01-30,0.0355,0.0091,0.0626,0.0306,0.051,doc_api
2017-01-31,0.0834,0.0134,0.089,0.0961,0.0744,doc_api
2017-02-01,0.0284,0.0091,0.1182,0.0514,0.0505,doc_api
2017-02-02,0.0250999999999999,0.0072,0.1069,0.0546,0.0535,doc_api
2017-02-03,0.0355,0.0108,0.2325,0.0415,0.0632,doc_api
2017-02-04,0.0546,0.0336,0.1686,0.0383,0.0484,doc_api
2017-02-05,0.0437,0.0182,0.1833,0.03,0.0615,doc_api
2017-02-06,0.0385999999999999,0.0107,0.1644,0.0332,0.03,doc_api
2017-02-07,0.048,0.006,0.0987,0.0221,0.0558,doc_api
2017-02-08,0.0341,0.008,0.0769,0.0292,0.0621,doc_api
2017-02-09,0.0207,0.0041,0.088,0.0166,0.0473,doc_api
2017-02-10,0.0137,0.0058,0.0979,0.016,0.0455,doc_api
2017-02-11,0.0407,0.0107,0.1166,0.0144,0.0592,doc_api
2017-02-12,0.0188,0.0092,0.1681,0.0148,0.0636,doc_api
2017-02-13,0.0205,0.0548,0.1162,0.0477,0.0394,doc_api
2017-02-14,0.0303999999999999,0.016,0.1061,0.0234,0.0364,doc_api
2017-02-15,0.0308,0.0136,0.1613,0.0305,0.0347,doc_api
2017-02-16,0.0136,0.0172,0.1721,0.0196,0.036,doc_api
2017-02-17,0.0109,0.0123,0.1484,0.0155,0.0373,doc_api
2017-02-18,0.0192,0.0101,0.1371,0.0095,0.0536,doc_api
2017-02-19,0.0232,0.011,0.1034,0.0152,0.0746,doc_api
2017-02-20,0.0192,0.0147,0.0949,0.0236,0.0604,doc_api
2017-02-21,0.0326,0.0063,0.1428,0.0383,0.0477,doc_api
2017-02-22,0.0183,0.0137,0.0846,0.0271,0.0369,doc_api
2017-02-23,0.0108,0.0163,0.1206,0.0136,0.0375,doc_api
2017-02-24,0.0212,0.0103,0.0817,0.0209,0.0688,doc_api
2017-02-25,0.0216,0.013,0.0586,0.0957,0.0849,doc_api
2017-02-26,0.0261,0.0067,0.1879,0.0214,0.1777,doc_api
2017-02-27,0.0104,0.0049,0.1492,0.023,0.1193,doc_api
2017-02-28,0.0115,0.0098,0.1089,0.0216,0.0623,doc_api
2017-03-01,0.0247,0.0073,0.0779,0.0104,0.0651,doc_api
2017-03-02,0.0196,0.0058,0.0743,0.0113,0.0465,doc_api
2017-03-03,0.0246,0.0552,0.0745,0.023,0.0405,doc_api
2017-03-04,0.0191,0.0402,0.0761,0.0254,0.1131,doc_api
2017-03-05,0.0189,0.0091,0.1321,0.0321,0.1242,doc_api
2017-03-06,0.046,0.0184,0.156,0.0264,0.0696,doc_api
2017-03-07,0.0242,0.0091,0.1239,0.0137,0.0622,doc_api
2017-03-08,0.0098999999999999,0.0056,0.1226,0.0114,0.0714,doc_api
2017-03-09,0.0435,0.0104,0.1425,0.0265,0.0515,doc_api
2017-03-10,0.0454,0.0095,0.0993,0.0214,0.0508,doc_api
2017-03-11,0.0517,0.0145,0.0689,0.01,0.0697,doc_api
2017-03-12,0.031,0.014,0.0738,0.0117,0.0535,doc_api
2017-03-13,0.0229,0.005,0.0675,0.0083,0.0406,doc_api
2017-03-14,0.0392,0.0094,0.1285,0.0076,0.2063,doc_api
2017-03-15,0.029,0.0074,0.1331,0.0118,0.1256,doc_api
2017-03-16,0.0319,0.0119,0.1202,0.0112,0.1102,doc_api
2017-03-17,0.0259,0.0156,0.0702,0.0153,0.1105,doc_api
2017-03-18,0.0345,0.0103,0.0532,0.0246,0.0754,doc_api
2017-03-19,0.0322,0.0116,0.0776,0.0172,0.0742,doc_api
2017-03-20,0.0383,0.0166,0.0771,0.0197,0.0618,doc_api
2017-03-21,0.0282,0.0134,0.0899,0.0155,0.0527,doc_api
2017-03-22,0.0269,0.0065,0.1384,0.0154,0.0516,doc_api
2017-03-23,0.0303,0.0137,0.1093,0.0165,0.0364,doc_api
2017-03-24,0.0214,0.0134,0.2766,0.018,0.049,doc_api
2017-03-25,0.0389,0.0133,0.1464,0.0098,0.0628,doc_api
2017-03-26,0.0135,0.0095,0.273,0.0104,0.0678,doc_api
2017-03-27,0.01,0.0085,0.1024,0.019,0.0523,doc_api
2017-03-28,0.0106,0.008,0.2521,0.0163,0.0494,doc_api
2017-03-29,0.0112,0.0137,0.1196,0.021,0.0362,doc_api
2017-03-30,0.0135,0.0101,0.1219,0.0138,0.0568,doc_api
2017-03-31,0.0141,0.0189,0.0869,0.0351,0.0765,doc_api
2017-04-01,0.0218,0.0705,0.0742,0.0126,0.061,doc_api
2017-04-02,0.0213,0.0361,0.0576,0.012,0.0508,doc_api
2017-04-03,0.0289,0.0229,0.071,0.0291,0.1554,doc_api
2017-04-04,0.0149,0.0584,0.0631,0.0359,0.0745,doc_api
2017-04-05,0.0247,0.0811,0.0626,0.0227,0.0675,doc_api
2017-04-06,0.0152,0.0711,0.0825,0.0226,0.0771,doc_api
2017-04-07,0.0115,0.0311,0.0928,0.0331,0.0491,doc_api
2017-04-08,0.017,0.0744,0.095,0.0128,0.1383,doc_api
2017-04-09,0.009,0.0391,0.1062,0.0189,0.2948,doc_api
2017-04-10,0.0392,0.0321,0.1506,0.0305,0.1408,doc_api
2017-04-11,0.0244,0.0185,0.0917,0.0219,0.0648,doc_api
2017-04-12,0.0218,0.0398,0.0867,0.0221,0.0802,doc_api
2017-04-13,0.0147,0.0142,0.0773,0.0229,0.0505,doc_api
2017-04-14,0.0139,0.0141,0.0838,0.0129,0.0364,doc_api
2017-04-15,0.0351,0.0103,0.0917,0.012,0.0762,doc_api
2017-04-16,0.017,0.0127,0.0782,0.0078,0.0653,doc_api
2017-04-17,0.0217,0.0204,0.0703,0.0128,0.0542,doc_api
2017-04-18,0.0163,0.0139,0.0695,0.1318,0.0338,doc_api
2017-04-19,0.0185,0.0332,0.1103,0.0665,0.0519,doc_api
2017-04-20,0.0072,0.0306,0.1146,0.0412,0.0611,doc_api
2017-04-21,0.0126,0.0342,0.0755,0.0416,0.0536,doc_api
2017-04-22,0.0153,0.0162,0.0728,0.0389,0.0459,doc_api
2017-04-23,0.0115,0.0205,0.0744,0.0272,0.1023,doc_api
2017-04-24,0.0169,0.0122,0.0849,0.0261,0.0645,doc_api
2017-04-25,0.014,0.0162,0.0892,0.0267,0.0781,doc_api
2017-04-26,0.0121999999999999,0.0089,0.1214,0.0215,0.0682,doc_api
2017-04-27,0.0647,0.0122,0.1595,0.0185,0.0553,doc_api
2017-04-28,0.0242,0.0126,0.1367,0.0207,0.0351,doc_api
2017-04-29,0.0182,0.0112,0.0919,0.0172,0.099,doc_api
2017-04-30,0.0269,0.0108,0.0727,0.0138,0.0835,doc_api
2017-05-01,0.1259,0.0072,0.0812,0.0146,0.0571,doc_api
2017-05-02,0.1523,0.0097,0.0797,0.0391,0.0524,doc_api
2017-05-03,0.1148,0.0059,0.0875,0.0179,0.0428,doc_api
2017-05-04,0.0646,0.005,0.0924,0.0154,0.0415,doc_api
2017-05-05,0.0246,0.0127,0.0761,0.0135,0.0336,doc_api
2017-05-06,0.0313,0.0099,0.0625,0.0167,0.0454,doc_api
2017-05-07,0.0559,0.0056,0.057,0.0117,0.0486,doc_api
2017-05-08,0.0485,0.0062,0.0769,0.0112,0.0761,doc_api
2017-05-09,0.0419,0.0116,0.0868,0.0097,0.0433,doc_api
2017-05-10,0.0299,0.0132,0.0865,0.0163,0.0419,doc_api
2017-05-11,0.0595,0.0057,0.0786,0.0212,0.0425,doc_api
2017-05-12,0.0394,0.0061,0.0598,0.0202,0.0466,doc_api
2017-05-13,0.1651,0.0246,0.0813,0.0227,0.0709,doc_api
2017-05-14,0.1321999999999999,0.0297,0.0667,0.0247,0.0776,doc_api
2017-05-15,0.0504,0.0137,0.0798,0.0191,0.0642,doc_api
2017-05-16,0.0348,0.0134,0.1184,0.0179,0.0584,doc_api
2017-05-17,0.0272,0.0117,0.1124,0.0357,0.0595,doc_api
2017-05-18,0.0204999999999999,0.0121,0.1321,0.0232,0.0401,doc_api
2017-05-19,0.0216999999999999,0.0077,0.1112,0.0157,0.0552,doc_api
2017-05-20,0.0402,0.0334,0.1002,0.0214,0.0438,doc_api
2017-05-21,0.0431,0.0196,0.1214,0.0202,0.068,doc_api
2017-05-22,0.037,0.0213,0.2155,0.0336,0.0442,doc_api
2017-05-23,0.0564,0.0151,0.1444,0.014,0.0407,doc_api
2017-05-24,0.1087,0.0153,0.1265,0.0171,0.0361,doc_api
2017-05-25,0.0459,0.0286,0.1476,0.0165,0.0404,doc_api
2017-05-26,0.0467,0.082,0.0883,0.0118,0.021,doc_api
2017-05-27,0.076,0.0253,0.0881,0.0069,0.1342,doc_api
2017-05-28,0.0506,0.0276,0.0704,0.0076,0.0586,doc_api
2017-05-29,0.0177,0.0656,0.0818,0.0154,0.0456,doc_api
2017-05-30,0.0266,0.0454,0.0771,0.0157,0.0274,doc_api
2017-05-31,0.0121,0.0191,0.093,0.0204,0.0374,doc_api
2017-06-01,0.0681,0.0077,0.1335,0.0403,0.0515,doc_api
2017-06-02,0.0438,0.0092,0.1725,0.0215,0.0378,doc_api
2017-06-03,0.1099999999999999,0.0241,0.1298,0.0197,0.056,doc_api
2017-06-04,0.0563,0.0172,0.0756,0.0244,0.0756,doc_api
2017-06-05,0.0475,0.0158,0.2577,0.0314,0.075,doc_api
2017-06-06,0.0242,0.0141,0.1497,0.0227,0.0659,doc_api
2017-06-07,0.0394,0.0179,0.2038,0.0177,0.0696,doc_api
2017-06-08,0.0444,0.0104,0.2533,0.0114,0.0449,doc_api
2017-06-09,0.0562,0.0241,0.2063,0.0174,0.0496,doc_api
2017-06-10,0.0684,0.023,0.1138,0.0088,0.0523,doc_api
2017-06-11,0.0573,0.0242,0.1108,0.0067,0.0827,doc_api
2017-06-12,0.0493,0.0229,0.1046,0.0151,0.0899,doc_api
2017-06-13,0.0237999999999999,0.0141,0.1522,0.0182,0.0453,doc_api
2017-06-14,0.0294,0.0077,0.1309,0.0112,0.0468,doc_api
2017-06-15,0.0284999999999999,0.0062,0.1694,0.0173,0.0531,doc_api
2017-06-16,0.0210999999999999,0.005,0.1279,0.0121,0.047,doc_api
2017-06-17,0.0307999999999999,0.007,0.112,0.0156,0.0469,doc_api
2017-06-18,0.0311,0.013,0.128,0.018,0.0527,doc_api
2017-06-19,0.0132,0.008,0.1471,0.0329,0.0585,doc_api
2017-06-20,0.0214,0.0073,0.1492,0.024,0.0692,doc_api
2017-06-21,0.018,0.0066,0.1165,0.01,0.0371,doc_api
2017-06-22,0.026,0.008,0.1285,0.0215,0.0312,doc_api
2017-06-23,0.0379,0.0097,0.0947,0.0243,0.0281,doc_api
2017-06-24,0.0174,0.0079,0.0965,0.028,0.0282,doc_api
2017-06-25,0.0374,0.0172,0.0945,0.058,0.0424,doc_api
2017-06-26,0.086,0.0225,0.1072,0.0496,0.0461,doc_api
2017-06-27,0.0679,0.0354,0.0984,0.0772,0.0901,doc_api
2017-06-28,0.0458999999999999,0.042,0.118,0.0509,0.0431,doc_api
2017-06-29,0.0437,0.0416,0.1151,0.0258,0.04,doc_api
2017-06-30,0.0384,0.049,0.0948,0.0248,0.0461,doc_api
2017-07-01,0.0603,0.0358,0.0971,0.0121,0.1092,doc_api
2017-07-02,0.0366,0.0462,0.0971,0.0094,0.0505,doc_api
2017-07-03,0.0405,0.0383,0.0996,0.0214,0.0462,doc_api
2017-07-04,0.0311,0.0442,0.1051,0.0133,0.0609,doc_api
2017-07-05,0.0322,0.0702,0.1679,0.0259,0.0363,doc_api
2017-07-06,0.0229,0.0599,0.2163,0.0599,0.0564,doc_api
2017-07-07,0.0197,0.0267,0.1496,0.1377,0.068,doc_api
2017-07-08,0.1057,0.0295,0.1542,0.052,0.0686,doc_api
2017-07-09,0.1104,0.0411,0.2047,0.0457,0.0645,doc_api
2017-07-10,0.0647,0.0555,0.1961,0.0206,0.0727,doc_api
2017-07-11,0.0246,0.0745,0.1071,0.0195,0.0542,doc_api
2017-07-12,0.0361,0.0328,0.0986,0.0122,0.1164,doc_api
2017-07-13,0.0455,0.0359,0.1221,0.0149,0.0754,doc_api
2017-07-14,0.0273,0.0422,0.0976,0.0122,0.0352,doc_api
2017-07-15,0.0334,0.0429,0.0909,0.0139,0.0821,doc_api
2017-07-16,0.0694,0.0334,0.1095,0.0061,0.0436,doc_api
2017-07-17,0.0904,0.0476,0.1398,0.0163,0.0451,doc_api
2017-07-18,0.0742,0.0556,0.1234,0.0108,0.0485,doc_api
2017-07-19,0.053,0.0628,0.1126,0.0184,0.0417,doc_api
2017-07-20,0.0498,0.0486,0.1133,0.0181,0.0327,doc_api
2017-07-21,0.0377,0.0327,0.0892,0.0155,0.0357,doc_api
2017-07-22,0.038,0.0385,0.1202,0.0129,0.0395,doc_api
2017-07-23,0.0354,0.02,0.1639,0.0076,0.0624,doc_api
2017-07-24,0.0264,0.0811,0.1379,0.0128,0.0363,doc_api
2017-07-25,0.0252,0.0648,0.1799,0.0265,0.0571,doc_api
2017-07-26,0.0315,0.0601,0.3075,0.0132,0.0607,doc_api
2017-07-27,0.0223,0.0502,0.2572,0.0185,0.0446,doc_api
2017-07-28,0.023,0.0357,0.1747,0.012,0.0517,doc_api
2017-07-29,0.0369,0.0317,0.2552,0.0075,0.0767,doc_api
2017-07-30,0.033,0.0313,0.1253,0.0098,0.053,doc_api
2017-07-31,0.0419,0.0428,0.1367,0.0146,0.0452,doc_api
2017-08-01,0.0327999999999999,0.0561,0.1265,0.0178,0.0814,doc_api
2017-08-02,0.0399,0.0356,0.1817,0.024,0.0666,doc_api
2017-08-03,0.0341,0.0421,0.2,0.0213,0.0619,doc_api
2017-08-04,0.0414,0.0633,0.0965,0.0181,0.0364,doc_api
2017-08-05,0.0267,0.0569,0.263,0.0091,0.063,doc_api
2017-08-06,0.0199,0.0293,0.1182,0.0089,0.1624,doc_api
2017-08-07,0.0392,0.0292,0.0789,0.011,0.0888,doc_api
2017-08-08,0.0390999999999999,0.041,0.1096,0.025,0.085,doc_api
2017-08-09,0.0223,0.0429,0.089,0.0175,0.0859,doc_api
2017-08-10,0.0746,0.0287,0.1045,0.0194,0.0694,doc_api
2017-08-11,0.0187,0.0575,0.092,0.0144,0.1363,doc_api
2017-08-12,0.0414,0.0871,0.0645,0.0174,0.0805,doc_api
2017-08-13,0.0691,0.0481,0.1059,0.0149,0.0807,doc_api
2017-08-14,0.0669,0.0262,0.0948,0.0252,0.0561,doc_api
2017-08-15,0.0512,0.0333,0.1068,0.0255,0.0381,doc_api
2017-08-16,0.0643,0.0702,0.1015,0.0219,0.0488,doc_api
2017-08-17,0.0348,0.0417,0.0841,0.0237,0.0644,doc_api
2017-08-18,0.0159,0.0287,0.0794,0.0186,0.0727,doc_api
2017-08-19,0.0237,0.0315,0.0715,0.022,0.0663,doc_api
2017-08-20,0.0211,0.0243,0.076,0.0205,0.0846,doc_api
2017-08-21,0.0321,0.0587,0.082,0.0365,0.3771,doc_api
2017-08-22,0.0243999999999999,0.0321,0.0756,0.0222,0.1811,doc_api
2017-08-23,0.0191,0.0182,0.0883,0.016,0.1135,doc_api
2017-08-24,0.0527,0.0546,0.1378,0.0068,0.2789,doc_api
2017-08-25,0.0308,0.0197,0.0774,0.0154,0.0932,doc_api
2017-08-26,0.0332,0.017,0.0571,0.0057,0.0927,doc_api
2017-08-27,0.0329,0.0287,0.1195,0.0091,0.1059,doc_api
2017-08-28,0.0405,0.1897,0.122,0.0103,0.0841,doc_api
2017-08-29,0.026,0.074,0.1055,0.0142,0.0431,doc_api
2017-08-30,0.012,0.0581,0.1044,0.0152,0.0652,doc_api
2017-08-31,0.0187999999999999,0.0279,0.1034,0.0109,0.1092,doc_api
2017-09-01,0.0169,0.0373,0.0705,0.0133,0.0874,doc_api
2017-09-02,0.0182,0.0285,0.0763,0.0074,0.0438,doc_api
2017-09-03,0.0245,0.0274,0.0865,0.0237,0.046,doc_api
2017-09-04,0.0147,0.056,0.0821,0.0387,0.0432,doc_api
2017-09-05,0.0179,0.0478,0.081,0.0247,0.0694,doc_api
2017-09-06,0.0201,0.014,0.0735,0.0152,0.119,doc_api
2017-09-07,0.0319,0.0238,0.1021,0.0138,0.0678,doc_api
2017-09-08,0.0132,0.0181,0.1039,0.0114,0.0789,doc_api
2017-09-09,0.0258,0.0184,0.0777,0.014,0.1237,doc_api
2017-09-10,0.0314,0.0248,0.1273,0.0141,0.0627,doc_api
2017-09-11,0.038,0.0141,0.0994,0.0166,0.0384,doc_api
2017-09-12,0.0313,0.0116,0.0855,0.0128,0.0691,doc_api
2017-09-13,0.0166,0.0232,0.1124,0.014,0.0696,doc_api
2017-09-14,0.0247,0.0281,0.1396,0.0212,0.0504,doc_api
2017-09-15,0.0373,0.0253,0.1063,0.0179,0.0454,doc_api
2017-09-16,0.0733999999999999,0.0205,0.0558,0.0083,0.0455,doc_api
2017-09-17,0.045,0.0152,0.1005,0.0114,0.0562,doc_api
2017-09-18,0.0252,0.0152,0.1409,0.0145,0.0446,doc_api
2017-09-19,0.0191,0.0171,0.1568,0.0169,0.0679,doc_api
2017-09-20,0.0282,0.0143,0.1505,0.0153,0.0707,doc_api
2017-09-21,0.0321,0.0109,0.1008,0.012,0.048,doc_api
2017-09-22,0.0963,0.0094,0.1062,0.0183,0.058,doc_api
2017-09-23,0.0485,0.0192,0.1136,0.0124,0.0446,doc_api
2017-09-24,0.0651,0.0185,0.1198,0.0151,0.0604,doc_api
2017-09-25,0.0402,0.0087,0.1,0.0181,0.0489,doc_api
2017-09-26,0.0656,0.0107,0.1334,0.0168,0.0766,doc_api
2017-09-27,0.0523999999999999,0.0111,0.1072,0.0117,0.0365,doc_api
2017-09-28,0.0298,0.0104,0.0939,0.013,0.051,doc_api
2017-09-29,0.0636,0.0194,0.1055,0.0115,0.0273,doc_api
2017-09-30,0.051,0.0513,0.0892,0.0101,0.0461,doc_api
2017-10-01,0.033,0.0508,0.0637,0.0055,0.035,doc_api
2017-10-02,0.0603,0.0241,0.0847,0.0096,0.0617,doc_api
2017-10-03,0.0402999999999999,0.0096,0.099,0.0122,0.0659,doc_api
2017-10-04,0.0588,0.0107,0.0897,0.0187,0.0531,doc_api
2017-10-05,0.038,0.0123,0.1032,0.0108,0.0558,doc_api
2017-10-06,0.036,0.0763,0.0946,0.0144,0.0781,doc_api
2017-10-07,0.0255,0.0349,0.0885,0.007,0.0705,doc_api
2017-10-08,0.0273,0.0675,0.0737,0.0067,0.0482,doc_api
2017-10-09,0.0214,0.0326,0.1417,0.0129,0.0499,doc_api
2017-10-10,0.0212,0.0118,0.1033,0.0135,0.059,doc_api
2017-10-11,0.0229,0.0118,0.0941,0.0139,0.0465,doc_api
2017-10-12,0.0195,0.0075,0.1215,0.0151,0.0338,doc_api
2017-10-13,0.0197999999999999,0.0174,0.1938,0.0088,0.0396,doc_api
2017-10-14,0.0255,0.019,0.209,0.0094,0.0474,doc_api
2017-10-15,0.0476,0.0186,0.138,0.0179,0.0745,doc_api
2017-10-16,0.0133,0.0128,0.1511,0.0118,0.0524,doc_api
2017-10-17,0.0166,0.005,0.2122,0.0136,0.0627,doc_api
2017-10-18,0.0178,0.0088,0.1599,0.0108,0.0488,doc_api
2017-10-19,0.0346,0.01,0.1226,0.0106,0.0508,doc_api
2017-10-20,0.0147,0.0316,0.1288,0.0153,0.0643,doc_api
2017-10-21,0.0426,0.0502,0.1308,0.0078,0.1451,doc_api
2017-10-22,0.0186,0.0216,0.1047,0.0077,0.0726,doc_api
2017-10-23,0.0182,0.0142,0.1153,0.0122,0.0366,doc_api
2017-10-24,0.0215,0.0207,0.0954,0.0127,0.0844,doc_api
2017-10-25,0.0207,0.0096,0.1027,0.0153,0.0602,doc_api
2017-10-26,0.0234,0.0071,0.0913,0.0222,0.0707,doc_api
2017-10-27,0.027,0.0122,0.0964,0.0098,0.0493,doc_api
2017-10-28,0.0271,0.01,0.0501,0.0151,0.0576,doc_api
2017-10-29,0.0597,0.0301,0.0676,0.0075,0.0686,doc_api
2017-10-30,0.0313,0.0248,0.085,0.0116,0.041,doc_api
2017-10-31,0.0164,0.0219,0.0804,0.0134,0.0518,doc_api
2017-11-01,0.0101,0.0111,0.0953,0.0126,0.0564,doc_api
2017-11-02,0.0101,0.0141,0.1011,0.0129,0.057,doc_api
2017-11-03,0.0096,0.0126,0.0834,0.0169,0.0662,doc_api
2017-11-04,0.0144999999999999,0.0216,0.1368,0.0082,0.0991,doc_api
2017-11-05,0.0298,0.0104,0.089,0.0153,0.1226,doc_api
2017-11-06,0.0278999999999999,0.0371,0.0783,0.0114,0.0586,doc_api
2017-11-07,0.015,0.0087,0.0697,0.0135,0.091,doc_api
2017-11-08,0.0229,0.0049,0.0998,0.0147,0.0745,doc_api
2017-11-09,0.0118,0.0103,0.0761,0.0148,0.0724,doc_api
2017-11-10,0.0249,0.0163,0.1308,0.0493,0.0671,doc_api
2017-11-11,0.0457,0.0195,0.0992,0.0342,0.1015,doc_api
2017-11-12,0.0303,0.0122,0.1005,0.0221,0.1196,doc_api
2017-11-13,0.0242,0.0056,0.0894,0.0198,0.0835,doc_api
2017-11-14,0.0185,0.0061,0.1011,0.0193,0.0885,doc_api
2017-11-15,0.0264,0.0036,0.1062,0.0175,0.065,doc_api
2017-11-16,0.0362,0.0103,0.1367,0.0195,0.0636,doc_api
2017-11-17,0.0386,0.0164,0.1088,0.022,0.0572,doc_api
2017-11-18,0.0589,0.0469,0.0679,0.0274,0.109,doc_api
2017-11-19,0.0244999999999999,0.0245,0.0717,0.009,0.1098,doc_api
2017-11-20,0.0189,0.0258,0.1492,0.0107,0.0689,doc_api
2017-11-21,0.0216,0.0156,0.1247,0.0117,0.0507,doc_api
2017-11-22,0.0131,0.0055,0.1129,0.0138,0.0474,doc_api
2017-11-23,0.0235,0.0134,0.0996,0.0209,0.0532,doc_api
2017-11-24,0.0143,0.0141,0.1193,0.0121,0.0676,doc_api
2017-11-25,0.0295,0.0104,0.1405,0.0069,0.3779,doc_api
2017-11-26,0.0199,0.0109,0.1396,0.0114,0.2252,doc_api
2017-11-27,0.0255,0.005,0.094,0.0147,0.0826,doc_api
2017-11-28,0.0126,0.0049,0.1482,0.0136,0.0685,doc_api
2017-11-29,0.0121999999999999,0.0105,0.1266,0.0128,0.0973,doc_api
2017-11-30,0.0108,0.0225,0.161,0.0121,0.0467,doc_api
2017-12-03,0.0371,0.0101,0.1908,0.0058,0.0509,doc_api
2017-12-04,0.0199,0.0108,0.109,0.0142,0.0417,doc_api
2017-12-05,0.0181,0.009,0.1627,0.0131,0.0451,doc_api
2017-12-06,0.0137,0.0129,0.2079,0.0158,0.0384,doc_api
2017-12-07,0.0322,0.0574,0.1899,0.0167,0.0349,doc_api
2017-12-08,0.0246,0.0239,0.1782,0.0212,0.0417,doc_api
2017-12-09,0.025,0.0201,0.1406,0.0087,0.0833,doc_api
2017-12-10,0.0182,0.0166,0.1189,0.0117,0.0834,doc_api
2017-12-11,0.0288,0.0192,0.1056,0.0119,0.0755,doc_api
2017-12-12,0.0128,0.0423,0.1351,0.0136,0.0552,doc_api
2017-12-13,0.0143,0.0201,0.1716,0.0152,0.0496,doc_api
2017-12-14,0.007,0.0147,0.1557,0.0154,0.0488,doc_api
2017-12-15,0.0067,0.0128,0.1333,0.0245,0.0383,doc_api
2017-12-16,0.0153,0.0169,0.1738,0.0256,0.0541,doc_api
2017-12-17,0.0325,0.0226,0.1041,0.0169,0.0587,doc_api
2017-12-18,0.0155,0.012,0.163,0.0135,0.0505,doc_api
2017-12-19,0.024,0.0188,0.127,0.0138,0.0477,doc_api
2017-12-20,0.021,0.0227,0.1452,0.0209,0.0361,doc_api
2017-12-21,0.0171,0.0217,0.0996,0.0131,0.06,doc_api
2017-12-22,0.0243,0.0269,0.13,0.0161,0.0504,doc_api
2017-12-23,0.041,0.0257,0.0973,0.0123,0.2427,doc_api
2017-12-24,0.0643,0.0276,0.1186,0.0085,0.1212,doc_api
2017-12-25,0.0461,0.0176,0.2617,0.0161,0.0625,doc_api
2017-12-26,0.1227,0.0279,0.1161,0.0252,0.042,doc_api
2017-12-27,0.0625,0.0206,0.0943,0.0221,0.0379,doc_api
2017-12-28,0.0425,0.0235,0.0889,0.0152,0.0504,doc_api
2017-12-29,0.0311,0.0116,0.0887,0.0288,0.0531,doc_api
2017-12-30,0.0229,0.0091,0.0679,0.0179,0.0662,doc_api
2017-12-31,0.0911999999999999,0.0294,0.0976,0.0321,0.0748,doc_api
2018-01-01,0.0445999999999999,0.0247,0.1358,0.0097,0.0773,doc_api
2018-01-02,0.0321,0.0126,0.1384,0.0154,0.0384,doc_api
2018-01-03,0.0274,0.0346,0.1601,0.0181,0.0268,doc_api
2018-01-04,0.0244,0.0245,0.2089,0.0188,0.053,doc_api
2018-01-05,0.0259,0.0145,0.1932,0.0181,0.0759,doc_api
2018-01-06,0.0315,0.0097,0.1317,0.0192,0.0419,doc_api
2018-01-07,0.0556,0.0192,0.1227,0.0133,0.0807,doc_api
2018-01-08,0.0183,0.0265,0.0875,0.0112,0.039,doc_api
2018-01-09,0.0199,0.0229,0.12,0.0362,0.0519,doc_api
2018-01-10,0.0186,0.0129,0.1164,0.0312,0.0454,doc_api
2018-01-11,0.0423,0.0211,0.1789,0.0228,0.0585,doc_api
2018-01-12,0.0334,0.0334,0.2167,0.0147,0.0375,doc_api
2018-01-13,0.0294,0.0186,0.2254,0.0098,0.0593,doc_api
2018-01-14,0.0319,0.0183,0.115,0.0077,0.0831,doc_api
2018-01-15,0.1059,0.0345,0.1133,0.0207,0.086,doc_api
2018-01-16,0.0444,0.0159,0.0969,0.0139,0.0593,doc_api
2018-01-17,0.0331,0.0169,0.085,0.0133,0.0534,doc_api
2018-01-18,0.0475,0.0319,0.1048,0.0134,0.0428,doc_api
2018-01-19,0.0828,0.0173,0.0791,0.0225,0.0791,doc_api
2018-01-20,0.1153999999999999,0.0123,0.0513,0.0212,0.0733,doc_api
2018-01-21,0.1039,0.0117,0.0626,0.0094,0.0563,doc_api
2018-01-22,0.0436999999999999,0.0103,0.1139,0.0207,0.0361,doc_api
2018-01-23,0.0306,0.0065,0.0856,0.0529,0.043,doc_api
2018-01-24,0.027,0.0106,0.0628,0.0386,0.0441,doc_api
2018-01-25,0.0229,0.0138,0.0826,0.0306,0.0417,doc_api
2018-01-26,0.0349,0.0207,0.0904,0.0314,0.0504,doc_api
2018-01-27,0.0324,0.0177,0.1144,0.0155,0.0534,doc_api
2018-01-28,0.0191,0.0188,0.0695,0.0165,0.0458,doc_api
2018-01-29,0.0138,0.0148,0.1228,0.0206,0.0315,doc_api
2018-01-30,0.0187,0.0117,0.1101,0.0407,0.0244,doc_api
2018-01-31,0.0204,0.0156,0.1098,0.0179,0.04,doc_api
2018-02-01,0.0105,0.0139,0.0813,0.0132,0.0328,doc_api
2018-02-02,0.0201,0.0079,0.0826,0.0114,0.0219,doc_api
2018-02-03,0.0248,0.0299,0.0964,0.0068,0.0571,doc_api
2018-02-04,0.0301999999999999,0.0263,0.0937,0.0163,0.0684,doc_api
2018-02-05,0.0779,0.0109,0.0884,0.0149,0.0659,doc_api
2018-02-06,0.0384,0.0079,0.0837,0.0284,0.0333,doc_api
2018-02-07,0.0156,0.0082,0.0857,0.0131,0.0434,doc_api
2018-02-08,0.0185,0.0096,0.0914,0.0283,0.0435,doc_api
2018-02-09,0.0194,0.0095,0.103,0.0154,0.0393,doc_api
2018-02-10,0.0368,0.0043,0.4407,0.0085,0.0522,doc_api
2018-02-11,0.0548,0.0098,0.4296,0.0096,0.0505,doc_api
2018-02-12,0.0357,0.0195,0.2406,0.0147,0.0427,doc_api
2018-02-13,0.0487999999999999,0.0198,0.1648,0.0209,0.0306,doc_api
2018-02-14,0.0292,0.0114,0.1541,0.0136,0.0371,doc_api
2018-02-15,0.0349999999999999,0.0427,0.1593,0.0156,0.034,doc_api
2018-02-16,0.0334,0.0217,0.1648,0.03,0.0307,doc_api
2018-02-17,0.0155,0.0137,0.1483,0.038,0.0429,doc_api
2018-02-18,0.0179,0.021,0.3628,0.0127,0.0539,doc_api
2018-02-19,0.0201,0.0127,0.169,0.0146,0.0578,doc_api
2018-02-20,0.0306,0.0296,0.1271,0.0197,0.0407,doc_api
2018-02-21,0.0258,0.0153,0.0945,0.0165,0.0385,doc_api
2018-02-22,0.0294,0.0296,0.0812,0.0159,0.0415,doc_api
2018-02-23,0.0369,0.0137,0.0888,0.0371,0.0448,doc_api
2018-02-24,0.038,0.0182,0.1101,0.0642,0.0419,doc_api
2018-02-25,0.0436,0.0106,0.0955,0.0202,0.052,doc_api
2018-02-26,0.0219,0.0113,0.0948,0.0157,0.0443,doc_api
2018-02-27,0.0313,0.0121,0.1224,0.0153,0.0369,doc_api
2018-02-28,0.0208,0.0079,0.0991,0.0111,0.0404,doc_api
2018-03-01,0.0295999999999999,0.0167,0.0977,0.022,0.0445,doc_api
2018-03-02,0.0209,0.0166,0.1104,0.073,0.0306,doc_api
2018-03-03,0.0192,0.0369,0.1427,0.0755,0.0394,doc_api
2018-03-04,0.0279,0.0148,0.1353,0.0512,0.066,doc_api
2018-03-05,0.0157999999999999,0.0135,0.2173,0.0815,0.0989,doc_api
2018-03-06,0.0098999999999999,0.0154,0.1147,0.0743,0.0434,doc_api
2018-03-07,0.0303,0.0094,0.0949,0.0954,0.0492,doc_api
2018-03-08,0.0217,0.0122,0.0832,0.0667,0.0526,doc_api
2018-03-09,0.0301,0.0116,0.0764,0.0985,0.0459,doc_api
2018-03-10,0.0469,0.0122,0.0704,0.0584,0.0814,doc_api
2018-03-11,0.0295999999999999,0.0214,0.1571,0.0914,0.0547,doc_api
2018-03-12,0.0088,0.0142,0.1038,0.0572,0.0461,doc_api
2018-03-13,0.0142,0.0146,0.0893,0.0411,0.0303,doc_api
2018-03-14,0.0146,0.0079,0.1036,0.0301,0.0308,doc_api
2018-03-15,0.0229,0.0078,0.1306,0.0619,0.0541,doc_api
2018-03-16,0.0121,0.0055,0.1181,0.0624,0.0334,doc_api
2018-03-17,0.0371,0.0058,0.1184,0.0417,0.0773,doc_api
2018-03-18,0.1268,0.0057,0.0938,0.0408,0.0644,doc_api
2018-03-19,0.0392,0.0113,0.1244,0.0413,0.0342,doc_api
2018-03-20,0.013,0.0113,0.124,0.0533,0.0241,doc_api
2018-03-21,0.0133,0.0103,0.1248,0.055,0.0285,doc_api
2018-03-22,0.0178,0.0141,0.0951,0.0478,0.0321,doc_api
2018-03-23,0.039,0.0136,0.0882,0.1222,0.0336,doc_api
2018-03-24,0.0376,0.0216,0.0709,0.0709,0.03,doc_api
2018-03-25,0.027,0.0175,0.0707,0.0785,0.0472,doc_api
2018-03-26,0.0177,0.0188,0.0805,0.1402,0.0505,doc_api
2018-03-27,0.0104,0.0129,0.0931,0.1025,0.0371,doc_api
2018-03-28,0.0219,0.0125,0.0996,0.0546,0.0481,doc_api
2018-03-29,0.0209999999999999,0.0128,0.0879,0.0448,0.04,doc_api
2018-03-30,0.0133,0.0096,0.1138,0.0378,0.0321,doc_api
2018-03-31,0.0412999999999999,0.047,0.143,0.0397,0.0388,doc_api
2018-04-01,0.0202,0.0286,0.0826,0.0413,0.0537,doc_api
2018-04-02,0.0225,0.0162,0.1061,0.0617,0.0398,doc_api
2018-04-03,0.022,0.0094,0.1263,0.0673,0.041,doc_api
2018-04-04,0.0144,0.0094,0.1282,0.0888,0.045,doc_api
2018-04-05,0.0218,0.0035,0.0985,0.0907,0.0517,doc_api
2018-04-06,0.0209,0.0082,0.0743,0.0827,0.0332,doc_api
2018-04-07,0.0452,0.0071,0.0578,0.0705,0.0433,doc_api
2018-04-08,0.0562999999999999,0.0321,0.0593,0.0617,0.0446,doc_api
2018-04-09,0.0312,0.0324,0.1629,0.0827,0.0826,doc_api
2018-04-10,0.0247,0.0143,0.1813,0.0693,0.0649,doc_api
2018-04-11,0.0093,0.0072,0.1752,0.0571,0.0559,doc_api
2018-04-12,0.0127999999999999,0.008,0.2131,0.0661,0.0392,doc_api
2018-04-13,0.0137,0.0075,0.1967,0.0553,0.0422,doc_api
2018-04-14,0.0116,0.0068,0.1311,0.0485,0.0442,doc_api
2018-04-15,0.0225,0.005,0.1491,0.0443,0.0685,doc_api
2018-04-16,0.0097,0.008,0.1867,0.0488,0.0434,doc_api
2018-04-17,0.0104999999999999,0.0059,0.1526,0.0742,0.0445,doc_api
2018-04-18,0.0277,0.0034,0.1486,0.0439,0.0359,doc_api
2018-04-19,0.0379,0.0055,0.1151,0.0678,0.0289,doc_api
2018-04-20,0.0228,0.008,0.1379,0.059,0.0304,doc_api
2018-04-21,0.0157,0.0063,0.1143,0.0267,0.0403,doc_api
2018-04-22,0.0296999999999999,0.0261,0.1099,0.0333,0.0556,doc_api
2018-04-23,0.0118999999999999,0.0232,0.1304,0.0272,0.0363,doc_api
2018-04-24,0.0289,0.0283,0.156,0.0525,0.0543,doc_api
2018-04-25,0.0182,0.0116,0.1621,0.0502,0.0365,doc_api
2018-04-26,0.0213,0.03,0.2121,0.0607,0.0263,doc_api
2018-04-27,0.018,0.0477,0.1581,0.0418,0.0239,doc_api
2018-04-28,0.0336,0.0846,0.1476,0.0414,0.0379,doc_api
2018-04-29,0.0272,0.0239,0.1909,0.0233,0.0542,doc_api
2018-04-30,0.0169,0.0218,0.3723,0.0262,0.0349,doc_api
2018-05-01,0.0262,0.0147,0.5065,0.0287,0.0515,doc_api
2018-05-02,0.0173,0.0199,0.2297,0.036,0.0348,doc_api
2018-05-03,0.0254,0.0096,0.1903,0.0286,0.0299,doc_api
2018-05-04,0.012,0.008,0.1653,0.0197,0.0382,doc_api
2018-05-05,0.0174,0.0142,0.1199,0.0192,0.058,doc_api
2018-05-06,0.0286,0.0143,0.2576,0.0189,0.0464,doc_api
2018-05-07,0.0115,0.0061,0.2715,0.0148,0.0432,doc_api
2018-05-08,0.0134,0.008,0.4854,0.0287,0.0527,doc_api
2018-05-09,0.0103,0.0097,0.6897,0.0384,0.0444,doc_api
2018-05-10,0.0178,0.0103,1.1515,0.0277,0.0326,doc_api
2018-05-11,0.0098999999999999,0.0049,0.8153,0.0165,0.0241,doc_api
2018-05-12,0.0096,0.0037,0.4018,0.0209,0.0269,doc_api
2018-05-13,0.0509,0.0091,0.3417,0.0144,0.0334,doc_api
2018-05-14,0.0313,0.0054,0.4319,0.0326,0.0462,doc_api
2018-05-15,0.0151999999999999,0.0097,0.3567,0.0147,0.0249,doc_api
2018-05-16,0.0091,0.0085,0.2556,0.0159,0.0197,doc_api
2018-05-17,0.0113,0.0184,0.3029,0.0239,0.0194,doc_api
2018-05-18,0.0676,0.0089,0.2673,0.0273,0.0235,doc_api
2018-05-19,0.0791,0.0067,0.1241,0.0392,0.0232,doc_api
2018-05-20,0.049,0.025,0.1775,0.0543,0.0388,doc_api
2018-05-21,0.0356,0.0229,0.3511,0.057,0.0285,doc_api
2018-05-22,0.0411,0.0133,0.2186,0.062,0.0334,doc_api
2018-05-23,0.0427,0.0051,0.187,0.0344,0.0398,doc_api
2018-05-24,0.0256,0.0068,0.2139,0.0317,0.0567,doc_api
2018-05-25,0.0312,0.0075,0.1673,0.0286,0.0395,doc_api
2018-05-26,0.0951,0.0097,0.1445,0.018,0.0558,doc_api
2018-05-27,0.0452,0.008,0.1121,0.0247,0.0384,doc_api
2018-05-28,0.0476,0.0059,0.2258,0.0275,0.0432,doc_api
2018-05-29,0.0395999999999999,0.0063,0.1853,0.0217,0.0282,doc_api
2018-05-30,0.0698,0.0033,0.1733,0.0319,0.0428,doc_api
2018-05-31,0.0276,0.0037,0.1566,0.054,0.0436,doc_api
2018-06-01,0.0183,0.0058,0.1322,0.0878,0.0457,doc_api
2018-06-02,0.0213,0.0128,0.2658,0.0355,0.0678,doc_api
2018-06-03,0.107,0.0084,0.1644,0.035,0.0684,doc_api
2018-06-04,0.036,0.0172,0.1924,0.0353,0.0328,doc_api
2018-06-05,0.0308,0.0081,0.1914,0.0352,0.0363,doc_api
2018-06-06,0.0196,0.0071,0.2084,0.0419,0.04,doc_api
2018-06-07,0.0311,0.0094,0.1321,0.0481,0.0364,doc_api
2018-06-08,0.0329,0.0124,0.1951,0.0748,0.0255,doc_api
2018-06-09,0.026,0.02,0.1501,0.0925,0.0281,doc_api
2018-06-10,0.0538999999999999,0.0116,0.1697,0.0974,0.0229,doc_api
2018-06-11,0.0158,0.0084,0.1376,0.0456,0.0176,doc_api
2018-06-12,0.011,0.0052,0.1279,0.0209,0.0275,doc_api
2018-06-13,0.0351999999999999,0.0053,0.1218,0.02,0.0588,doc_api
2018-06-14,0.0615999999999999,0.0043,0.088,0.0184,0.0448,doc_api
2018-06-15,0.0253,0.0056,0.109,0.0387,0.0145,doc_api
2018-06-16,0.0555,0.0105,0.0606,0.0463,0.0404,doc_api
2018-06-17,0.0239,0.0118,0.0584,0.0644,0.0449,doc_api
2018-06-18,0.0148,0.0114,0.1178,0.0737,0.0249,doc_api
2018-06-19,0.0251,0.0069,0.1133,0.0871,0.026,doc_api
2018-06-20,0.0206,0.0046,0.0891,0.0746,0.0327,doc_api
2018-06-21,0.0155,0.0148,0.1009,0.1014,0.0327,doc_api
2018-06-22,0.0232999999999999,0.0083,0.1358,0.1849,0.0463,doc_api
2018-06-23,0.0286,0.0048,0.0707,0.0664,0.0497,doc_api
2018-06-24,0.0225,0.0107,0.1069,0.0611,0.0419,doc_api
2018-06-25,0.0144,0.0053,0.089,0.073,0.0431,doc_api
2018-06-26,0.0327999999999999,0.0066,0.1474,0.2048,0.0593,doc_api
2018-06-27,0.0228,0.0056,0.1393,0.1295,0.0405,doc_api
2018-06-28,0.0322,0.0106,0.1649,0.1188,0.0282,doc_api
2018-06-29,0.0206,0.0075,0.1433,0.0923,0.0421,doc_api
2018-06-30,0.0143,0.02,0.1292,0.0733,0.0521,doc_api
2018-07-01,0.0255999999999999,0.009,0.1321,0.1096,0.0439,doc_api
2018-07-02,0.0129,0.017,0.1482,0.1191,0.0506,doc_api
2018-07-03,0.0154,0.0129,0.1977,0.0871,0.0443,doc_api
2018-07-04,0.0103,0.0108,0.1832,0.0935,0.022,doc_api
2018-07-05,0.0054,0.0115,0.242,0.0839,0.0372,doc_api
2018-07-06,0.0115,0.0065,0.2268,0.1284,0.0303,doc_api
2018-07-07,0.0104,0.004,0.1097,0.0817,0.0256,doc_api
2018-07-08,0.0093,0.0082,0.1094,0.094,0.0523,doc_api
2018-07-09,0.0084,0.0058,0.1496,0.092,0.0555,doc_api
2018-07-10,0.011,0.0061,0.1514,0.0809,0.0331,doc_api
2018-07-11,0.005,0.0051,0.2013,0.1115,0.0289,doc_api
2018-07-12,0.0111,0.0084,0.1983,0.1179,0.0351,doc_api
2018-07-13,0.0134,0.009,0.1627,0.1118,0.0552,doc_api
2018-07-14,0.0221,0.0076,0.1274,0.0668,0.0981,doc_api
2018-07-15,0.0068,0.0061,0.1595,0.0417,0.0682,doc_api
2018-07-16,0.0075,0.0047,0.416,0.0865,0.0329,doc_api
2018-07-17,0.0069,0.0035,0.2917,0.1303,0.0367,doc_api
2018-07-18,0.0107,0.0058,0.2011,0.1037,0.0449,doc_api
2018-07-19,0.0123,0.0076,0.1795,0.0832,0.0337,doc_api
2018-07-20,0.0094,0.0064,0.2217,0.0884,0.028,doc_api
2018-07-21,0.0155,0.0103,0.3057,0.227,0.0396,doc_api
2018-07-22,0.0119,0.0085,0.3808,0.1909,0.0697,doc_api
2018-07-23,0.0507,0.0055,0.3824,0.0723,0.0535,doc_api
2018-07-24,0.0142,0.0037,0.3465,0.0735,0.0375,doc_api
2018-07-25,0.0118,0.0079,0.3177,0.1491,0.0577,doc_api
2018-07-26,0.025,0.0113,0.2291,0.1691,0.2358,doc_api
2018-07-27,0.012,0.0151,0.2222,0.102,0.1918,doc_api
2018-07-28,0.0188,0.0095,0.2718,0.0376,0.2688,doc_api
2018-07-29,0.0141,0.0054,0.2537,0.0729,0.2057,doc_api
2018-07-30,0.0104999999999999,0.0085,0.1819,0.114,0.2134,doc_api
2018-07-31,0.0219,0.0064,0.2762,0.0774,0.1093,doc_api
2018-08-01,0.0195,0.0154,0.234,0.1134,0.1295,doc_api
2018-08-02,0.017,0.0093,0.3276,0.0902,0.1515,doc_api
2018-08-03,0.0096,0.0046,0.3121,0.0956,0.0867,doc_api
2018-08-04,0.0142,0.0052,0.2521,0.086,0.2265,doc_api
2018-08-05,0.0098999999999999,0.0082,0.3397,0.058,0.067,doc_api
2018-08-06,0.0077,0.0077,0.4311,0.0696,0.0814,doc_api
2018-08-07,0.0192,0.005,0.5789,0.0496,0.0479,doc_api
2018-08-08,0.0064,0.0048,0.3965,0.0493,0.0454,doc_api
2018-08-09,0.019,0.0064,0.2962,0.049,0.0515,doc_api
2018-08-10,0.0121999999999999,0.0117,0.2486,0.0543,0.0499,doc_api
2018-08-11,0.0125,0.0251,0.2371,0.0429,0.0411,doc_api
2018-08-12,0.038,0.0218,0.1941,0.0785,0.033,doc_api
2018-08-13,0.0178,0.0133,0.2105,0.0542,0.0593,doc_api
2018-08-14,0.0275,0.0179,0.1641,0.0529,0.0453,doc_api
2018-08-15,0.0260999999999999,0.0239,0.1659,0.0429,0.0497,doc_api
2018-08-16,0.0315,0.0099,0.1748,0.0524,0.043,doc_api
2018-08-17,0.0266999999999999,0.0094,0.1084,0.0502,0.0337,doc_api
2018-08-18,0.0557,0.0076,0.1572,0.0377,0.0537,doc_api
2018-08-19,0.047,0.0066,0.306,0.0363,0.034,doc_api
2018-08-20,0.0201,0.0091,0.2176,0.0547,0.0218,doc_api
2018-08-21,0.0331,0.0133,0.1829,0.052,0.0424,doc_api
2018-08-22,0.0135,0.0102,0.1975,0.0512,0.0519,doc_api
2018-08-23,0.0197,0.0115,0.1671,0.0855,0.0489,doc_api
2018-08-24,0.0104,0.0153,0.1204,0.0591,0.0418,doc_api
2018-08-25,0.0110999999999999,0.0135,0.1686,0.0317,0.0397,doc_api
2018-08-26,0.013,0.0056,0.208,0.049,0.0519,doc_api
2018-08-27,0.0243,0.0077,0.244,0.046,0.0452,doc_api
2018-08-28,0.0202,0.0063,0.2251,0.0543,0.055,doc_api
2018-08-29,0.0207,0.006,0.2168,0.0516,0.0442,doc_api
2018-08-30,0.0167,0.0182,0.1704,0.0444,0.0406,doc_api
2018-08-31,0.0204,0.0216,0.1665,0.065,0.0476,doc_api
2018-09-01,0.0142,0.0104,0.182,0.0618,0.0746,doc_api
2018-09-02,0.0124,0.0068,0.1913,0.0567,0.0645,doc_api
2018-09-03,0.0081999999999999,0.0104,0.1742,0.071,0.051,doc_api
2018-09-04,0.0166,0.0062,0.1706,0.0596,0.0291,doc_api
2018-09-05,0.0286,0.0101,0.1603,0.0732,0.0383,doc_api
2018-09-06,0.032,0.0087,0.1317,0.0562,0.0416,doc_api
2018-09-07,0.0224,0.0047,0.1201,0.046,0.0283,doc_api
2018-09-08,0.0275,0.0093,0.1039,0.042,0.0407,doc_api
2018-09-09,0.0119,0.0196,0.1074,0.0324,0.0307,doc_api
2018-09-10,0.0164,0.0144,0.1338,0.088,0.066,doc_api
2018-09-11,0.0193,0.0071,0.1729,0.066,0.0282,doc_api
2018-09-12,0.0197999999999999,0.01,0.1725,0.0448,0.0295,doc_api
2018-09-13,0.0162,0.0097,0.1541,0.0236,0.0509,doc_api
2018-09-14,0.0121,0.0137,0.1752,0.052,0.0337,doc_api
2018-09-15,0.0102,0.0227,0.118,0.0307,0.032,doc_api
2018-09-16,0.0179,0.0123,0.1544,0.0428,0.1234,doc_api
2018-09-17,0.0129,0.0045,0.2031,0.0565,0.0434,doc_api
2018-09-18,0.0182,0.0027,0.2358,0.0561,0.0246,doc_api
2018-09-19,0.0203999999999999,0.0052,0.1652,0.0552,0.0366,doc_api
2018-09-20,0.0345,0.0014,0.1662,0.0565,0.0252,doc_api
2018-09-21,0.0412,0.0104,0.1726,0.0705,0.034,doc_api
2018-09-22,0.016,0.008,0.1537,0.0539,0.031,doc_api
2018-09-23,0.0144,0.0086,0.1794,0.0594,0.0396,doc_api
2018-09-24,0.0273,0.0172,0.3065,0.0594,0.0619,doc_api
2018-09-25,0.0291,0.0083,0.3127,0.0447,0.0574,doc_api
2018-09-26,0.0161,0.003,0.2764,0.073,0.0404,doc_api
2018-09-27,0.0122,0.0072,0.2656,0.0533,0.0298,doc_api
2018-09-28,0.0645999999999999,0.0081,0.2878,0.0453,0.048,doc_api
2018-09-29,0.1472,0.0079,0.2662,0.0307,0.0368,doc_api
2018-09-30,0.145,0.0081,0.2052,0.0343,0.0326,doc_api
2018-10-01,0.0451,0.0041,0.1448,0.072,0.0308,doc_api
2018-10-02,0.0107,0.0035,0.1251,0.0455,0.0296,doc_api
2018-10-03,0.0110999999999999,0.0068,0.2095,0.0535,0.037,doc_api
2018-10-04,0.0216,0.0136,0.1801,0.0603,0.0282,doc_api
2018-10-05,0.0389,0.0107,0.1317,0.1082,0.0353,doc_api
2018-10-06,0.0124,0.0108,0.1357,0.082,0.0491,doc_api
2018-10-07,0.0064,0.008,0.1364,0.0588,0.0286,doc_api
2018-10-08,0.0157,0.0055,0.1609,0.0695,0.0221,doc_api
2018-10-09,0.0139,0.0084,0.1515,0.0714,0.0404,doc_api
2018-10-10,0.0079,0.0042,0.1396,0.0577,0.076,doc_api
2018-10-11,0.0138,0.005,0.1403,0.0978,0.0724,doc_api
2018-10-12,0.0125,0.0046,0.1401,0.0659,0.0275,doc_api
2018-10-13,0.0135,0.0073,0.1374,0.0434,0.0403,doc_api
2018-10-14,0.0224,0.0057,0.1641,0.0474,0.0601,doc_api
2018-10-15,0.0216,0.0129,0.1439,0.0446,0.0333,doc_api
2018-10-16,0.0085,0.0069,0.1484,0.0322,0.0485,doc_api
2018-10-17,0.0087,0.0068,0.1343,0.0369,0.05,doc_api
2018-10-18,0.0139,0.0069,0.1123,0.0703,0.04,doc_api
2018-10-19,0.0113,0.0191,0.1608,0.0453,0.0492,doc_api
2018-10-20,0.0104999999999999,0.0283,0.1251,0.0436,0.0513,doc_api
2018-10-21,0.0423,0.025,0.149,0.0368,0.0391,doc_api
2018-10-22,0.0288,0.0177,0.1962,0.035,0.0481,doc_api
2018-10-23,0.045,0.0072,0.1989,0.0393,0.0361,doc_api
2018-10-24,0.0087,0.0068,0.1705,0.0315,0.0384,doc_api
2018-10-25,0.0148,0.0154,0.1522,0.0321,0.0309,doc_api
2018-10-26,0.0092,0.0069,0.1612,0.0325,0.0385,doc_api
2018-10-27,0.0428,0.0205,0.2319,0.0213,0.1123,doc_api
2018-10-28,0.0194,0.0188,0.213,0.0493,0.0868,doc_api
2018-10-29,0.0163,0.0058,0.2159,0.0674,0.1003,doc_api
2018-10-30,0.0106,0.008,0.1565,0.0419,0.0443,doc_api
2018-10-31,0.0095,0.0133,0.1741,0.054,0.0385,doc_api
2018-11-01,0.0229,0.0099,0.1957,0.0412,0.057,doc_api
2018-11-02,0.0114,0.0106,0.3471,0.0965,0.0431,doc_api
2018-11-03,0.0187,0.0104,0.3549,0.0492,0.0302,doc_api
2018-11-04,0.0187,0.0042,0.3555,0.0561,0.0341,doc_api
2018-11-05,0.0104,0.0084,0.5674,0.1567,0.0257,doc_api
2018-11-06,0.0172,0.0068,0.4061,0.0572,0.0377,doc_api
2018-11-07,0.0174,0.0204,0.2542,0.0298,0.0303,doc_api
2018-11-08,0.0068,0.0079,0.2577,0.0408,0.0534,doc_api
2018-11-09,0.0115,0.0059,0.2292,0.0252,0.0369,doc_api
2018-11-10,0.0201,0.0079,0.1968,0.0251,0.0446,doc_api
2018-11-11,0.0353,0.027,0.1588,0.0669,0.038,doc_api
2018-11-12,0.0137,0.0073,0.2051,0.099,0.0341,doc_api
2018-11-13,0.0095,0.004,0.2085,0.1387,0.0364,doc_api
2018-11-14,0.0096,0.0145,0.1641,0.1208,0.0409,doc_api
2018-11-15,0.0088,0.0181,0.1744,0.0734,0.0545,doc_api
2018-11-16,0.0148,0.0124,0.1603,0.0381,0.1045,doc_api
2018-11-17,0.0118999999999999,0.0063,0.1393,0.0394,0.0425,doc_api
2018-11-18,0.0134,0.0039,0.1877,0.0539,0.0304,doc_api
2018-11-19,0.0104999999999999,0.0053,0.1981,0.0539,0.0373,doc_api
2018-11-20,0.0108,0.0055,0.2087,0.0363,0.0477,doc_api
2018-11-21,0.0172,0.0094,0.2992,0.0312,0.0462,doc_api
2018-11-22,0.0199,0.0051,0.1689,0.0695,0.0289,doc_api
2018-11-23,0.0327,0.0131,0.2215,0.062,0.028,doc_api
2018-11-24,0.0296999999999999,0.0396,0.2577,0.0333,0.0817,doc_api
2018-11-25,0.0487999999999999,0.0094,0.3604,0.0383,0.043,doc_api
2018-11-26,0.0432,0.0108,0.2536,0.0403,0.0362,doc_api
2018-11-27,0.0188,0.012,0.1602,0.0427,0.0339,doc_api
2018-11-28,0.0429,0.0047,0.1893,0.0426,0.0313,doc_api
2018-11-29,0.0439,0.0061,0.233,0.0822,0.0517,doc_api
2018-11-30,0.0232,0.0106,0.176,0.1734,0.0357,doc_api
2018-12-01,0.0405,0.0127,0.2619,0.1712,0.0715,doc_api
2018-12-02,0.0436,0.0139,0.3114,0.0753,0.0372,doc_api
2018-12-03,0.0167,0.01,0.2193,0.0767,0.0329,doc_api
2018-12-04,0.0099,0.0112,0.2225,0.0663,0.046,doc_api
2018-12-05,0.0187,0.0093,0.1538,0.0898,0.0357,doc_api
2018-12-06,0.0213,0.0062,0.3414,0.0366,0.0431,doc_api
2018-12-07,0.0206,0.0048,0.283,0.0292,0.0233,doc_api
2018-12-08,0.0718999999999999,0.0034,0.3894,0.0321,0.0251,doc_api
2018-12-09,0.0423,0.0153,0.3955,0.0363,0.0447,doc_api
2018-12-10,0.0149,0.0073,0.2191,0.0348,0.0472,doc_api
2018-12-11,0.0040999999999999,0.0088,0.2089,0.0326,0.0421,doc_api
2018-12-12,0.0131,0.0063,0.282,0.0441,0.0359,doc_api
2018-12-13,0.0086,0.0081,0.2472,0.0244,0.0544,doc_api
2018-12-14,0.0067,0.0058,0.172,0.0244,0.0197,doc_api
2018-12-15,0.01,0.008,0.1954,0.0128,0.0275,doc_api
2018-12-16,0.0205,0.0048,0.1921,0.0195,0.0275,doc_api
2018-12-17,0.0138,0.0149,0.1821,0.027,0.0446,doc_api
2018-12-18,0.0281,0.0367,0.1639,0.0292,0.0249,doc_api
2018-12-19,0.009,0.0158,0.1656,0.0302,0.0228,doc_api
2018-12-20,0.0117,0.0133,0.214,0.0256,0.0225,doc_api
2018-12-21,0.0141,0.0306,0.1789,0.0616,0.0345,doc_api
2018-12-22,0.0249,0.0152,0.2101,0.0167,0.0293,doc_api
2018-12-23,0.0221,0.0252,0.2026,0.0235,0.0667,doc_api
2018-12-24,0.023,0.0166,0.2118,0.0303,0.0544,doc_api
2018-12-25,0.0228,0.0846,0.1904,0.0259,0.0335,doc_api
2018-12-26,0.0103,0.0275,0.1646,0.0625,0.0481,doc_api
2018-12-27,0.0151,0.0186,0.133,0.0722,0.0331,doc_api
2018-12-28,0.0168,0.0188,0.1105,0.0391,0.0404,doc_api
2018-12-29,0.0183,0.0358,0.1133,0.0604,0.0385,doc_api
2018-12-30,0.0249999999999999,0.0267,0.1479,0.0462,0.1103,doc_api
2018-12-31,0.043,0.0137,0.1085,0.1227,0.0854,doc_api
2019-01-01,0.0967,0.0128,0.1246,0.1125,0.0296,doc_api
2019-01-02,0.0454,0.0098,0.1338,0.0636,0.0282,doc_api
2019-01-03,0.0238,0.0072,0.1451,0.0461,0.0242,doc_api
2019-01-04,0.0291,0.0086,0.1367,0.0592,0.0402,doc_api
2019-01-05,0.0195,0.009,0.1103,0.0398,0.0278,doc_api
2019-01-06,0.0175,0.0126,0.1744,0.0328,0.0268,doc_api
2019-01-07,0.0171,0.0096,0.1168,0.0557,0.0337,doc_api
2019-01-08,0.0207,0.0134,0.1529,0.0495,0.0248,doc_api
2019-01-09,0.0243999999999999,0.0099,0.1759,0.0502,0.0262,doc_api
2019-01-10,0.0175999999999999,0.0088,0.112,0.0511,0.0353,doc_api
2019-01-11,0.0292,0.0081,0.1325,0.036,0.0248,doc_api
2019-01-12,0.0309,0.0069,0.1346,0.0251,0.0432,doc_api
2019-01-13,0.0327,0.0248,0.2282,0.0245,0.0299,doc_api
2019-01-14,0.0195,0.0086,0.1633,0.0263,0.0351,doc_api
2019-01-15,0.0264,0.0057,0.1826,0.0326,0.034,doc_api
2019-01-16,0.0161,0.0083,0.1512,0.0184,0.0324,doc_api
2019-01-17,0.0255999999999999,0.0087,0.1725,0.0249,0.0285,doc_api
2019-01-18,0.0236,0.0227,0.1532,0.0217,0.0288,doc_api
2019-01-19,0.0345,0.0298,0.1455,0.0427,0.0334,doc_api
2019-01-20,0.0157,0.0236,0.1344,0.015,0.0418,doc_api
2019-01-21,0.016,0.0075,0.1816,0.0323,0.0381,doc_api
2019-01-22,0.0121999999999999,0.0077,0.1673,0.0253,0.0299,doc_api
2019-01-23,0.0118999999999999,0.0086,0.1895,0.0283,0.0314,doc_api
2019-01-24,0.0147,0.0078,0.1566,0.0212,0.0293,doc_api
2019-01-25,0.0103,0.005,0.1487,0.0367,0.0419,doc_api
2019-01-26,0.04,0.0161,0.189,0.0187,0.0348,doc_api
2019-01-27,0.0326,0.0073,0.2484,0.024,0.0339,doc_api
2019-01-28,0.0207,0.0062,0.1612,0.0284,0.0363,doc_api
2019-01-29,0.0258,0.0067,0.2603,0.045,0.0288,doc_api
2019-01-30,0.0138,0.0084,0.2015,0.0239,0.0315,doc_api
2019-01-31,0.0222,0.0066,0.1716,0.0522,0.0429,doc_api
2019-02-01,0.0092,0.018,0.1405,0.0376,0.0243,doc_api
2019-02-02,0.0086,0.0078,0.1144,0.0117,0.0207,doc_api
2019-02-03,0.0208,0.005,0.1278,0.0192,0.0289,doc_api
2019-02-04,0.0128999999999999,0.0055,0.1212,0.0231,0.02,doc_api
2019-02-05,0.0226,0.005,0.1055,0.0309,0.0214,doc_api
2019-02-06,0.0123,0.0069,0.1075,0.0441,0.0443,doc_api
2019-02-07,0.0177,0.0103,0.1253,0.022,0.0287,doc_api
2019-02-08,0.0163,0.0156,0.1653,0.0518,0.027,doc_api
2019-02-09,0.027,0.1073,0.1194,0.0301,0.0304,doc_api
2019-02-10,0.0156,0.035,0.1801,0.036,0.0293,doc_api
2019-02-11,0.0126,0.0141,0.1404,0.0368,0.0189,doc_api
2019-02-12,0.0115,0.0111,0.1891,0.0309,0.0315,doc_api
2019-02-13,0.0084,0.016,0.1871,0.0452,0.0398,doc_api
2019-02-14,0.0337,0.0087,0.1775,0.02,0.0272,doc_api
2019-02-15,0.1003,0.011,0.1259,0.0241,0.0273,doc_api
2019-02-16,0.2055,0.0081,0.1882,0.0165,0.0535,doc_api
2019-02-17,0.0963,0.0061,0.2869,0.0128,0.0379,doc_api
2019-02-18,0.0793,0.0103,0.1928,0.0252,0.0346,doc_api
2019-02-19,0.0882,0.0097,0.1744,0.0333,0.0321,doc_api
2019-02-20,0.0569,0.0117,0.1567,0.0259,0.0434,doc_api
2019-02-21,0.0529,0.009,0.1551,0.0243,0.0296,doc_api
2019-02-22,0.1018,0.0123,0.157,0.0304,0.0191,doc_api
2019-02-23,0.0936,0.0081,0.1866,0.0145,0.0221,doc_api
2019-02-24,0.0465999999999999,0.0201,0.2012,0.0116,0.022,doc_api
2019-02-25,0.0345,0.0192,0.1255,0.0732,0.0264,doc_api
2019-02-26,0.6416,0.0154,0.1544,0.0509,0.0332,doc_api
2019-02-27,0.7241,0.0146,0.1219,0.0273,0.0183,doc_api
2019-02-28,0.4612,0.0151,0.1163,0.0674,0.015,doc_api
2019-03-01,0.4236999999999999,0.0113,0.125,0.0417,0.0213,doc_api
2019-03-02,0.6066,0.0281,0.1462,0.0356,0.0197,doc_api
2019-03-03,0.2902,0.0068,0.1372,0.0232,0.0282,doc_api
2019-03-04,0.1856,0.006,0.1572,0.0353,0.0232,doc_api
2019-03-05,0.1273,0.0067,0.1136,0.0748,0.0531,doc_api
2019-03-06,0.1294,0.0059,0.1056,0.0711,0.0265,doc_api
2019-03-07,0.0735,0.0112,0.1348,0.0328,0.0191,doc_api
2019-03-08,0.0660999999999999,0.0063,0.1105,0.0365,0.0256,doc_api
2019-03-09,0.1749,0.0148,0.0848,0.0211,0.0168,doc_api
2019-03-10,0.1471,0.0705,0.1169,0.0409,0.0298,doc_api
2019-03-11,0.0617,0.0157,0.1069,0.0365,0.0301,doc_api
2019-03-12,0.0672,0.008,0.1322,0.0426,0.0426,doc_api
2019-03-13,0.0617,0.0086,0.1301,0.0209,0.0265,doc_api
2019-03-14,0.0278,0.009,0.1633,0.0238,0.0416,doc_api
2019-03-15,0.0255,0.0178,0.1389,0.0243,0.0222,doc_api
2019-03-16,0.0557,0.0203,0.1114,0.0134,0.0169,doc_api
2019-03-17,0.1059,0.0114,0.1372,0.0148,0.0347,doc_api
2019-03-18,0.0711,0.0122,0.1507,0.033,0.0416,doc_api
2019-03-19,0.0295,0.0127,0.1493,0.0207,0.0205,doc_api
2019-03-20,0.033,0.0094,0.181,0.0294,0.0273,doc_api
2019-03-21,0.0235,0.0063,0.1839,0.0245,0.0341,doc_api
2019-03-22,0.0279,0.0057,0.2117,0.0195,0.0222,doc_api
2019-03-23,0.0404,0.0119,0.1603,0.0127,0.0199,doc_api
2019-03-24,0.0644,0.0096,0.115,0.0157,0.0296,doc_api
2019-03-25,0.0312,0.0067,0.1555,0.0141,0.0268,doc_api
2019-03-26,0.0276,0.0228,0.1634,0.0171,0.0278,doc_api
2019-03-27,0.0168,0.0109,0.1436,0.045,0.0479,doc_api
2019-03-28,0.0366,0.0075,0.1191,0.026,0.0191,doc_api
2019-03-29,0.0329,0.0075,0.1377,0.0194,0.0203,doc_api
2019-03-30,0.0513,0.0379,0.1596,0.0078,0.0214,doc_api
2019-03-31,0.0562,0.0104,0.1089,0.0104,0.0226,doc_api
2019-04-01,0.0424,0.008,0.1054,0.0144,0.0701,doc_api
2019-04-02,0.0586,0.0093,0.1145,0.0312,0.0344,doc_api
2019-04-03,0.0236,0.0221,0.1064,0.0298,0.0299,doc_api
2019-04-04,0.027,0.0178,0.1553,0.0854,0.0393,doc_api
2019-04-05,0.0312,0.0142,0.0849,0.0358,0.0461,doc_api
2019-04-06,0.0254,0.0151,0.1058,0.0251,0.0257,doc_api
2019-04-07,0.0427,0.0128,0.1419,0.0165,0.0339,doc_api
2019-04-08,0.0454,0.0081,0.1563,0.0208,0.0351,doc_api
2019-04-09,0.0247,0.0149,0.1539,0.027,0.0574,doc_api
2019-04-10,0.0201,0.0175,0.1433,0.0259,0.0348,doc_api
2019-04-11,0.0219,0.0422,0.1174,0.0177,0.0372,doc_api
2019-04-12,0.0150999999999999,0.0103,0.0863,0.0171,0.0371,doc_api
2019-04-13,0.0232999999999999,0.0499,0.0926,0.0239,0.0185,doc_api
2019-04-14,0.0408,0.008,0.1292,0.0213,0.0417,doc_api
2019-04-15,0.0191,0.0054,0.1262,0.0297,0.0291,doc_api
2019-04-16,0.0213,0.006,0.1382,0.0246,0.027,doc_api
2019-04-17,0.0153,0.0067,0.1039,0.0178,0.096,doc_api
2019-04-18,0.0268,0.0047,0.1136,0.0115,0.0457,doc_api
2019-04-19,0.0511,0.0037,0.12,0.0324,0.0264,doc_api
2019-04-20,0.0363,0.0143,0.0934,0.0086,0.0262,doc_api
2019-04-21,0.075,0.0124,0.1085,0.014,0.0268,doc_api
2019-04-22,0.0269,0.0154,0.3738,0.0242,0.0309,doc_api
2019-04-23,0.0147,0.0177,0.3324,0.0227,0.0482,doc_api
2019-04-24,0.0222,0.0402,0.2926,0.0479,0.0438,doc_api
2019-04-25,0.0150999999999999,0.0067,0.2113,0.0353,0.0575,doc_api
2019-04-26,0.0236,0.0108,0.1612,0.0435,0.0398,doc_api
2019-04-27,0.0277,0.0139,0.2066,0.0499,0.0488,doc_api
2019-04-28,0.0391,0.0084,0.3195,0.0207,0.0436,doc_api
2019-04-29,0.0392,0.0063,0.2299,0.0637,0.0226,doc_api
2019-04-30,0.013,0.0049,0.1822,0.0184,0.0254,doc_api
2019-05-01,0.0245,0.0091,0.1267,0.0208,0.026,doc_api
2019-05-02,0.0313,0.008,0.2111,0.0432,0.0636,doc_api
2019-05-03,0.0385,0.0121,0.2037,0.0258,0.0432,doc_api
2019-05-04,0.0421,0.0143,0.2254,0.0138,0.029,doc_api
2019-05-05,0.0441,0.0088,0.2173,0.0161,0.0398,doc_api
2019-05-06,0.032,0.0087,0.1886,0.0605,0.0404,doc_api
2019-05-07,0.0133,0.004,0.1891,0.0385,0.0402,doc_api
2019-05-08,0.0232,0.0029,0.2862,0.0441,0.0313,doc_api
2019-05-09,0.0204,0.0074,0.2286,0.0358,0.0613,doc_api
2019-05-10,0.013,0.0047,0.2249,0.0823,0.1871,doc_api
2019-05-11,0.0166,0.0148,0.2686,0.0297,0.1628,doc_api
2019-05-12,0.0142,0.0053,0.4519,0.0484,0.1399,doc_api
2019-05-13,0.0153,0.0062,0.56,0.0776,0.1899,doc_api
2019-05-14,0.0152,0.0039,0.5154,0.1034,0.1381,doc_api
2019-05-15,0.009,0.0032,0.4146,0.0638,0.1622,doc_api
2019-05-16,0.0113,0.0049,0.3175,0.0477,0.0499,doc_api
2019-05-17,0.0079,0.0054,0.28,0.0604,0.0345,doc_api
2019-05-18,0.0102,0.0082,0.4348,0.0439,0.0951,doc_api
2019-05-19,0.0226999999999999,0.0209,0.3203,0.0356,0.0421,doc_api
2019-05-20,0.0257,0.0178,0.3645,0.0883,0.0394,doc_api
2019-05-21,0.0138,0.0227,0.1991,0.0643,0.0533,doc_api
2019-05-22,0.0151,0.0266,0.1909,0.0556,0.0326,doc_api
2019-05-23,0.0121,0.054,0.1611,0.1118,0.0261,doc_api
2019-05-24,0.0139,0.035,0.1441,0.0823,0.015,doc_api
2019-05-25,0.0139,0.0258,0.1745,0.0553,0.0261,doc_api
2019-05-26,0.0191,0.0144,0.1494,0.0401,0.0251,doc_api
2019-05-27,0.0103,0.0105,0.143,0.0711,0.0208,doc_api
2019-05-28,0.0323,0.0127,0.1677,0.0502,0.0205,doc_api
2019-05-29,0.0144,0.0086,0.2088,0.0876,0.0243,doc_api
2019-05-30,0.0128,0.0065,0.2166,0.0876,0.0369,doc_api
2019-05-31,0.0098,0.0117,0.3005,0.084,0.0284,doc_api
2019-06-01,0.0135,0.008,0.2075,0.0867,0.0844,doc_api
2019-06-02,0.0336,0.0095,0.1443,0.1155,0.0501,doc_api
2019-06-03,0.0354,0.0252,0.2002,0.1892,0.0237,doc_api
2019-06-04,0.0131,0.0237,0.1502,0.1229,0.0279,doc_api
2019-06-05,0.0178,0.0196,0.1649,0.0703,0.037,doc_api
2019-06-06,0.0112,0.0102,0.1857,0.1478,0.0164,doc_api
2019-06-07,0.0144999999999999,0.0112,0.1955,0.0695,0.0228,doc_api
2019-06-08,0.0158,0.0179,0.1726,0.0923,0.0464,doc_api
2019-06-09,0.0222,0.017,0.2032,0.079,0.0652,doc_api
2019-06-10,0.0132,0.015,0.2158,0.0901,0.0249,doc_api
2019-06-11,0.0166,0.025,0.1485,0.057,0.0217,doc_api
2019-06-12,0.0149,0.0128,0.1668,0.0963,0.0461,doc_api
2019-06-13,0.0155,0.0253,1.2077,0.0786,0.1131,doc_api
2019-06-14,0.0197,0.0117,1.5576,0.0807,0.0607,doc_api
2019-06-15,0.0266999999999999,0.0215,1.2625,0.0663,0.0532,doc_api
2019-06-16,0.0232,0.0163,1.244,0.0985,0.0629,doc_api
2019-06-17,0.0196,0.0081,0.8527,0.0952,0.0509,doc_api
2019-06-18,0.0084,0.0055,0.8698,0.0547,0.1806,doc_api
2019-06-19,0.006,0.0101,0.5272,0.0708,0.0426,doc_api
2019-06-20,0.0191,0.0084,1.2546,0.1112,0.0385,doc_api
2019-06-21,0.0301,0.0231,1.5173,0.0884,0.0987,doc_api
2019-06-22,0.0097,0.0117,1.1446,0.0976,0.0854,doc_api
2019-06-23,0.0093,0.0122,1.2671,0.086,0.0814,doc_api
2019-06-24,0.0291,0.0114,0.9371,0.0799,0.2586,doc_api
2019-06-25,0.0176,0.009,0.8656,0.0724,0.09,doc_api
2019-06-26,0.0204,0.0116,0.4751,0.1207,0.0423,doc_api
2019-06-27,0.0152,0.0071,0.366,0.2003,0.0454,doc_api
2019-06-28,0.0287,0.0084,0.3482,0.281,0.0464,doc_api
2019-06-29,0.0126,0.0126,0.3184,0.1389,0.0598,doc_api
2019-06-30,0.0189,0.013,0.2745,0.074,0.0313,doc_api
2019-07-01,0.0241,0.0092,0.3145,0.0833,0.0279,doc_api
2019-07-02,0.0143,0.0092,0.2823,0.0616,0.0429,doc_api
2019-07-03,0.0194,0.0099,0.3226,0.0654,0.0333,doc_api
2019-07-04,0.0147,0.0037,0.2817,0.0606,0.0579,doc_api
2019-07-05,0.0056,0.0057,0.2083,0.0383,0.0806,doc_api
2019-07-06,0.0195,0.0122,0.2671,0.0237,0.0441,doc_api
2019-07-07,0.0243999999999999,0.012,0.5241,0.0181,0.0608,doc_api
2019-07-08,0.0396,0.0113,0.4098,0.0366,0.119,doc_api
2019-07-09,0.0231,0.0101,0.2665,0.0332,0.0501,doc_api
2019-07-10,0.0148,0.0071,0.2984,0.0408,0.0894,doc_api
2019-07-11,0.0211,0.0079,0.6203,0.0493,0.1247,doc_api
2019-07-12,0.0260999999999999,0.0169,0.308,0.0488,0.0672,doc_api
2019-07-13,0.0562,0.0568,0.3404,0.0321,0.0389,doc_api
2019-07-14,0.0389,0.0492,0.3176,0.0246,0.0376,doc_api
2019-07-15,0.0226,0.0137,0.2671,0.0619,0.0522,doc_api
2019-07-16,0.027,0.0087,0.299,0.0359,0.0431,doc_api
2019-07-17,0.0202,0.016,0.2449,0.034,0.0412,doc_api
2019-07-18,0.0203,0.0183,0.6891,0.0717,0.0971,doc_api
2019-07-19,0.0344,0.0133,1.1538,0.05,0.0784,doc_api
2019-07-20,0.0425,0.0247,1.7514,0.0337,0.2328,doc_api
2019-07-21,0.0487,0.0121,1.3107,0.0332,0.2322,doc_api
2019-07-22,0.0834999999999999,0.006,0.929,0.0347,0.1881,doc_api
2019-07-23,0.1356,0.0059,0.5801,0.0595,0.1111,doc_api
2019-07-24,0.0523,0.0227,0.5106,0.0372,0.081,doc_api
2019-07-25,0.028,0.0101,0.3348,0.0372,0.0669,doc_api
2019-07-26,0.0464,0.0116,0.359,0.0408,0.0798,doc_api
2019-07-27,0.0327,0.0094,0.3688,0.0268,0.0583,doc_api
2019-07-28,0.0429,0.0157,0.6026,0.0283,0.0712,doc_api
2019-07-29,0.0255999999999999,0.0121,0.3726,0.0789,0.0735,doc_api
2019-07-30,0.022,0.0114,0.3137,0.0289,0.0483,doc_api
2019-07-31,0.0321,0.0042,0.3054,0.0703,0.0845,doc_api
2019-08-01,0.0217,0.0108,0.2663,0.0478,0.0596,doc_api
2019-08-02,0.0446,0.0132,0.1409,0.0745,0.0452,doc_api
2019-08-03,0.0983,0.0218,0.1604,0.0567,0.057,doc_api
2019-08-04,0.2661,0.009,0.4316,0.0491,0.1601,doc_api
2019-08-05,0.235,0.0209,0.3219,0.0766,0.1194,doc_api
2019-08-06,0.2521,0.0488,0.2921,0.1063,0.0953,doc_api
2019-08-07,0.0936,0.0215,0.2255,0.2264,0.0455,doc_api
2019-08-08,0.1546999999999999,0.0123,0.2173,0.1722,0.0795,doc_api
2019-08-09,0.1033,0.0157,0.2389,0.0929,0.056,doc_api
2019-08-10,0.1268,0.0128,0.1649,0.0494,0.0738,doc_api
2019-08-11,0.0958,0.0262,0.2255,0.0528,0.0657,doc_api
2019-08-12,0.0636,0.0354,0.2512,0.1278,0.0889,doc_api
2019-08-13,0.0883,0.0275,0.2102,0.1055,0.0509,doc_api
2019-08-14,0.0962,0.0295,0.1721,0.0817,0.0393,doc_api
2019-08-15,0.1715999999999999,0.0395,0.3206,0.1155,0.0942,doc_api
2019-08-16,0.2039,0.0178,0.1996,0.069,0.0557,doc_api
2019-08-17,0.1749,0.0163,0.2976,0.0508,0.0428,doc_api
2019-08-18,0.1691,0.0286,0.2561,0.0699,0.0471,doc_api
2019-08-19,0.1118,0.0104,0.2711,0.0564,0.1012,doc_api
2019-08-20,0.1138,0.0141,0.1937,0.0525,0.0576,doc_api
2019-08-21,0.0608999999999999,0.0052,0.3369,0.0501,0.0752,doc_api
2019-08-22,0.0361,0.0062,0.2225,0.0501,0.0786,doc_api
2019-08-23,0.0729,0.0048,0.2192,0.1461,0.0823,doc_api
2019-08-24,0.0968,0.0076,0.3513,0.1899,0.0634,doc_api
2019-08-25,0.0391,0.0097,0.5181,0.1921,0.071,doc_api
2019-08-26,0.0384,0.0055,0.2643,0.2255,0.0886,doc_api
2019-08-27,0.0453,0.0092,0.2521,0.0931,0.0357,doc_api
2019-08-28,0.062,0.0154,0.1845,0.0572,0.0381,doc_api
2019-08-29,0.0784,0.0086,0.188,0.081,0.0629,doc_api
2019-08-30,0.0732,0.0074,0.2111,0.1234,0.0307,doc_api
2019-08-31,0.0429,0.0025,0.2304,0.0379,0.023,doc_api
2019-09-01,0.0766,0.0069,0.3084,0.0347,0.0284,doc_api
2019-09-02,0.0738,0.0075,0.2215,0.0767,0.0392,doc_api
2019-09-03,0.0306999999999999,0.0057,0.2509,0.0725,0.0666,doc_api
2019-09-04,0.0384,0.0169,0.2681,0.0739,0.0342,doc_api
2019-09-05,0.0265,0.0066,0.2315,0.0762,0.0329,doc_api
2019-09-06,0.0359,0.0045,0.1888,0.0434,0.0371,doc_api
2019-09-07,0.0579,0.0102,0.3968,0.0234,0.1587,doc_api
2019-09-08,0.04,0.0098,0.2409,0.0417,0.0319,doc_api
2019-09-09,0.0622,0.009,0.2341,0.0453,0.0284,doc_api
2019-09-10,0.0771,0.0092,0.2146,0.067,0.0195,doc_api
2019-09-11,0.0586,0.0068,0.2502,0.0606,0.028,doc_api
2019-09-12,0.0597,0.029,0.2335,0.056,0.0389,doc_api
2019-09-13,0.0645,0.0196,0.1657,0.0678,0.0492,doc_api
2019-09-14,0.0911,0.0057,0.2446,0.0452,0.0799,doc_api
2019-09-15,0.1363,0.0047,0.3192,0.0429,0.1187,doc_api
2019-09-16,0.0454,0.0217,0.3276,0.0765,0.0572,doc_api
2019-09-17,0.0703,0.0123,0.3062,0.075,0.0472,doc_api
2019-09-18,0.0861,0.0204,0.3791,0.0488,0.1783,doc_api
2019-09-19,0.0368,0.0107,0.4062,0.0625,0.0836,doc_api
2019-09-20,0.0295,0.007,0.2896,0.0952,0.0647,doc_api
2019-09-21,0.0624,0.0109,0.238,0.0618,0.0685,doc_api
2019-09-22,0.0864,0.0092,0.6037,0.1275,0.1129,doc_api
2019-09-23,0.0543,0.0099,0.4435,0.095,0.0551,doc_api
2019-09-24,0.0626,0.0085,0.2638,0.1076,0.0773,doc_api
2019-09-25,0.0557999999999999,0.0198,0.2828,0.1173,0.0519,doc_api
2019-09-26,0.0271,0.0067,0.2981,0.1059,0.0245,doc_api
2019-09-27,0.0294,0.0178,0.4276,0.0641,0.0457,doc_api
2019-09-28,0.0655,0.0324,0.2523,0.0778,0.0344,doc_api
2019-09-29,0.0691,0.0254,0.2088,0.0643,0.1174,doc_api
2019-09-30,0.0419,0.0096,0.164,0.1023,0.0359,doc_api
2019-10-01,0.0377,0.0115,0.1326,0.1091,0.0208,doc_api
2019-10-02,0.05,0.0239,0.1842,0.0693,0.0273,doc_api
2019-10-03,0.0447,0.0113,0.1351,0.1125,0.0272,doc_api
2019-10-04,0.035,0.0082,0.1647,0.0876,0.025,doc_api
2019-10-05,0.0786999999999999,0.0198,0.2024,0.0324,0.0549,doc_api
2019-10-06,0.0934,0.0235,0.2375,0.0537,0.0529,doc_api
2019-10-07,0.0569,0.0184,0.2006,0.0801,0.0342,doc_api
2019-10-08,0.032,0.0139,0.135,0.0498,0.03,doc_api
2019-10-09,0.0388,0.0236,0.1269,0.0609,0.0254,doc_api
2019-10-10,0.0464,0.0287,0.1741,0.0586,0.0236,doc_api
2019-10-11,0.0315999999999999,0.0413,0.3742,0.0654,0.1105,doc_api
2019-10-12,0.0631999999999999,0.1011,0.1831,0.0402,0.0626,doc_api
2019-10-13,0.1227999999999999,0.0293,0.1645,0.0757,0.0319,doc_api
2019-10-14,0.0608999999999999,0.0133,0.1227,0.0821,0.0282,doc_api
2019-10-15,0.0344,0.0105,0.1293,0.0891,0.0287,doc_api
2019-10-16,0.0304,0.0082,0.1905,0.0982,0.0303,doc_api
2019-10-17,0.0176,0.0172,0.1464,0.03,0.021,doc_api
2019-10-18,0.0209999999999999,0.0086,0.1358,0.0446,0.031,doc_api
2019-10-19,0.0247,0.0187,0.1167,0.0207,0.0378,doc_api
2019-10-20,0.2974,0.0432,0.1668,0.0722,0.045,doc_api
2019-10-21,0.0918,0.0379,0.1551,0.0732,0.0454,doc_api
2019-10-22,0.0794,0.0107,0.1262,0.0829,0.0465,doc_api
2019-10-23,0.0448999999999999,0.0137,0.1308,0.0338,0.0283,doc_api
2019-10-24,0.0338,0.011,0.1103,0.0671,0.0247,doc_api
2019-10-25,0.0506,0.0065,0.1176,0.0335,0.0248,doc_api
2019-10-26,0.0699999999999999,0.0167,0.0964,0.0311,0.0281,doc_api
2019-10-27,0.0886,0.0186,0.1206,0.0266,0.0179,doc_api
2019-10-28,0.0411,0.0081,0.1349,0.0715,0.0214,doc_api
2019-10-29,0.017,0.0079,0.1343,0.0678,0.034,doc_api
2019-10-30,0.0224,0.0132,0.1494,0.1002,0.033,doc_api
2019-10-31,0.0302,0.0244,0.1502,0.0552,0.0181,doc_api
2019-11-01,0.0241,0.0143,0.1463,0.0665,0.0207,doc_api
2019-11-02,0.0217,0.0159,0.1249,0.1171,0.0389,doc_api
2019-11-03,0.0278,0.0102,0.1957,0.1738,0.0845,doc_api
2019-11-04,0.0186,0.0097,0.1792,0.2413,0.0494,doc_api
2019-11-05,0.0065,0.0059,0.1649,0.1493,0.0287,doc_api
2019-11-06,0.0143,0.0062,0.1342,0.0911,0.0256,doc_api
2019-11-07,0.0191,0.0075,0.1534,0.1076,0.0262,doc_api
2019-11-08,0.0156,0.011,0.1408,0.0511,0.0261,doc_api
2019-11-09,0.0301,0.0057,0.1252,0.0455,0.0503,doc_api
2019-11-10,0.0179,0.0037,0.1375,0.0376,0.0247,doc_api
2019-11-11,0.0095,0.0084,0.1678,0.1167,0.0434,doc_api
2019-11-12,0.0095,0.0044,0.1921,0.0762,0.0408,doc_api
2019-11-13,0.0113,0.018,0.2128,0.096,0.0405,doc_api
2019-11-14,0.0146,0.0191,0.1524,0.0985,0.0237,doc_api
2019-11-15,0.0242,0.0325,0.1283,0.0621,0.03,doc_api
2019-11-16,0.0138,0.0283,0.1057,0.0296,0.1241,doc_api
2019-11-17,0.0152,0.0055,0.1569,0.0379,0.1121,doc_api
2019-11-18,0.04,0.0093,0.1436,0.0719,0.0524,doc_api
2019-11-19,0.0233999999999999,0.009,0.1693,0.0279,0.0284,doc_api
2019-11-20,0.0145999999999999,0.008,0.2042,0.0517,0.0326,doc_api
2019-11-21,0.0136,0.0088,0.152,0.0665,0.0231,doc_api
2019-11-22,0.011,0.0064,0.1477,0.077,0.0167,doc_api
2019-11-23,0.0177,0.0186,0.1524,0.0356,0.0409,doc_api
2019-11-24,0.0127999999999999,0.0229,0.1871,0.0215,0.0693,doc_api
2019-11-25,0.0101,0.0091,0.1454,0.0512,0.0307,doc_api
2019-11-26,0.0158,0.0086,0.1363,0.0482,0.0375,doc_api
2019-11-27,0.0188,0.0084,0.1263,0.055,0.0424,doc_api
2019-11-28,0.0098999999999999,0.009,0.1119,0.0628,0.027,doc_api
2019-11-29,0.0079,0.0217,0.1188,0.0403,0.0293,doc_api
2019-11-30,0.0374,0.0272,0.1402,0.0266,0.0515,doc_api
2019-12-01,0.0391,0.0177,0.1609,0.0,0.0411,doc_api
2019-12-02,0.0142,0.0098,0.2,0.0,0.0216,doc_api
2019-12-03,0.0192,0.0051,0.1717,0.0,0.0457,doc_api
2019-12-04,0.0259,0.0264,0.2105,0.0,0.0375,doc_api
2019-12-05,0.0083,0.0077,0.163,0.0,0.0339,doc_api
2019-12-06,0.0042,0.0154,0.1434,0.0,0.023,doc_api
2019-12-07,0.0029,0.009,0.1456,0.0,0.0392,doc_api
2019-12-08,0.0147999999999999,0.0239,0.2029,0.0,0.0291,doc_api
2019-12-09,0.0124,0.0255,0.1949,0.0,0.0318,doc_api
2019-12-10,0.0151,0.0276,0.1882,0.0,0.0232,doc_api
2019-12-11,0.0129,0.0262,0.1404,0.0,0.0223,doc_api
2019-12-12,0.0093,0.0173,0.2288,0.0,0.0326,doc_api
2019-12-13,0.0104,0.0396,0.1679,0.0,0.0347,doc_api
2019-12-14,0.0175,0.0472,0.1508,0.0,0.0178,doc_api
2019-12-15,0.0343,0.0261,0.2282,0.0328,0.0547,doc_api
2019-12-16,0.0155,0.017,0.1871,0.1175,0.023,doc_api
2019-12-17,0.0207,0.0107,0.2052,0.069,0.0289,doc_api
2019-12-18,0.0237999999999999,0.0089,0.1902,0.07,0.0253,doc_api
2019-12-19,0.037,0.0082,0.17,0.04,0.0229,doc_api
2019-12-20,0.0201,0.0142,0.1904,0.0528,0.0222,doc_api
2019-12-21,0.039,0.0246,0.3107,0.022,0.0269,doc_api
2019-12-22,0.0418,0.0123,0.2512,0.0238,0.0227,doc_api
2019-12-23,0.0223,0.0061,0.2676,0.0574,0.0316,doc_api
2019-12-24,0.0213,0.0098,0.1742,0.0789,0.0234,doc_api
2019-12-25,0.0454,0.0233,0.2648,0.0923,0.0258,doc_api
2019-12-26,0.0602,0.0158,0.2526,0.0933,0.0336,doc_api
2019-12-27,0.0435,0.0119,0.3189,0.104,0.0683,doc_api
2019-12-28,0.0352,0.0121,0.199,0.0278,0.0479,doc_api
2019-12-29,0.0329,0.0076,0.3655,0.0509,0.0918,doc_api
2019-12-30,0.0211,0.0167,0.2343,0.0746,0.0472,doc_api
2019-12-31,0.0562,0.033,0.3739,0.0897,0.072,doc_api
2020-01-01,0.0851,0.0319,0.2445,0.0483,0.0536,doc_api
2020-01-02,0.0438999999999999,0.0126,0.2196,0.0455,0.0303,doc_api
2020-01-03,0.0346999999999999,0.0125,0.657,0.0654,0.0736,doc_api
2020-01-04,0.0207,0.0134,0.6752,0.0417,0.0445,doc_api
2020-01-05,0.0166,0.0125,0.9785,0.0357,0.0868,doc_api
2020-01-06,0.0125,0.0079,0.702,0.0529,0.0533,doc_api
2020-01-07,0.0139,0.0095,0.5832,0.0419,0.0411,doc_api
2020-01-08,0.0075,0.0081,1.2544,0.0262,0.0389,doc_api
2020-01-09,0.0194,0.0117,0.4597,0.0513,0.0408,doc_api
2020-01-10,0.0266999999999999,0.0083,0.5309,0.0297,0.0353,doc_api
2020-01-11,0.0796,0.0157,0.4028,0.018,0.0298,doc_api
2020-01-12,0.0547,0.0091,0.4083,0.0247,0.0319,doc_api
2020-01-13,0.0226,0.0039,0.3339,0.1101,0.0366,doc_api
2020-01-14,0.0394,0.0051,0.2145,0.0576,0.0281,doc_api
2020-01-15,0.0332,0.0111,0.1931,0.0415,0.0502,doc_api
2020-01-16,0.0241,0.0078,0.1806,0.0928,0.072,doc_api
2020-01-17,0.0136,0.0085,0.1503,0.0719,0.0409,doc_api
2020-01-18,0.0225,0.0065,0.1744,0.0331,0.0406,doc_api
2020-01-19,0.0291,0.0048,0.2076,0.0243,0.0291,doc_api
2020-01-20,0.0131,0.0067,0.1782,0.0806,0.0327,doc_api
2020-01-21,0.0070999999999999,0.0029,0.2893,0.0939,0.0469,doc_api
2020-01-22,0.0135,0.0048,0.1772,0.0579,0.0286,doc_api
2020-01-23,0.0167,0.0041,0.1567,0.03,0.0526,doc_api
2020-01-24,0.018,0.0083,0.1624,0.0483,0.0553,doc_api
2020-01-25,0.027,0.0109,0.1823,0.0452,0.0684,doc_api
2020-01-26,0.0433,0.0191,0.2075,0.0325,0.0226,doc_api
2020-01-27,0.0184,0.0158,0.1167,0.0291,0.0179,doc_api
2020-01-28,0.018,0.0152,0.1558,0.0338,0.0275,doc_api
2020-01-29,0.0188,0.0077,0.1388,0.0839,0.0274,doc_api
2020-01-30,0.0116,0.0046,0.1221,0.071,0.0187,doc_api
2020-01-31,0.0137,0.008,0.1563,0.0739,0.0176,doc_api
2020-02-01,0.0125,0.0059,0.1539,0.0488,0.0408,doc_api
2020-02-02,0.0066,0.0099,0.2224,0.0274,0.0577,doc_api
2020-02-03,0.0214,0.0083,0.1448,0.0677,0.0232,doc_api
2020-02-04,0.0212,0.0074,0.1917,0.0452,0.0538,doc_api
2020-02-05,0.0245,0.0078,0.1395,0.0532,0.0213,doc_api
2020-02-06,0.0213,0.0067,0.133,0.0287,0.036,doc_api
2020-02-07,0.0093,0.007,0.1122,0.0405,0.0291,doc_api
2020-02-08,0.0174,0.0067,0.1182,0.0191,0.0261,doc_api
2020-02-09,0.0327999999999999,0.0118,0.1562,0.0133,0.0195,doc_api
2020-02-10,0.0144,0.0067,0.1587,0.024,0.0176,doc_api
2020-02-11,0.0093,0.0081,0.1371,0.0325,0.0265,doc_api
2020-02-12,0.0096,0.0045,0.1207,0.0391,0.0284,doc_api
2020-02-13,0.0136,0.0037,0.137,0.0377,0.026,doc_api
2020-02-14,0.0172,0.0093,0.2073,0.0412,0.037,doc_api
2020-02-15,0.0301,0.0068,0.2271,0.0362,0.0234,doc_api
2020-02-16,0.0414,0.0019,0.2275,0.026,0.0234,doc_api
2020-02-17,0.0498,0.006,0.1727,0.0323,0.0242,doc_api
2020-02-18,0.029,0.0028,0.1253,0.0396,0.0221,doc_api
2020-02-19,0.0251,0.0072,0.1232,0.1141,0.0235,doc_api
2020-02-20,0.0238999999999999,0.0358,0.1599,0.0702,0.0255,doc_api
2020-02-21,0.0143,0.012,0.2104,0.0617,0.0222,doc_api
2020-02-22,0.0447,0.0061,0.1739,0.1235,0.0145,doc_api
2020-02-23,0.0276,0.0067,0.2383,0.1716,0.0347,doc_api
2020-02-24,0.0152,0.0043,0.1851,0.2413,0.0199,doc_api
2020-02-25,0.0277,0.0045,0.15,0.2518,0.0426,doc_api
2020-02-26,0.0393,0.0072,0.1122,0.0757,0.0249,doc_api
2020-02-27,0.0232999999999999,0.0054,0.1193,0.036,0.0185,doc_api
2020-02-28,0.0327,0.0095,0.1455,0.1053,0.0234,doc_api
2020-02-29,0.0174,0.0107,0.1155,0.0221,0.0268,doc_api
2020-03-01,0.0326,0.007,0.1161,0.0203,0.0325,doc_api
2020-03-02,0.0131,0.0166,0.1246,0.0371,0.0236,doc_api
2020-03-03,0.0214,0.0109,0.1444,0.0196,0.0226,doc_api
2020-03-04,0.0063,0.0045,0.1363,0.0131,0.0262,doc_api
2020-03-05,0.0119,0.0053,0.1286,0.0203,0.0217,doc_api
2020-03-06,0.0129,0.0075,0.0996,0.019,0.0211,doc_api
2020-03-07,0.0359,0.0083,0.1128,0.0146,0.0269,doc_api
2020-03-08,0.0166,0.0264,0.1666,0.0123,0.0257,doc_api
2020-03-09,0.0078999999999999,0.0088,0.1307,0.0292,0.0261,doc_api
2020-03-10,0.0039,0.0057,0.1466,0.0169,0.0167,doc_api
2020-03-11,0.0047,0.0039,0.127,0.0109,0.0164,doc_api
2020-03-12,0.0073,0.0069,0.1209,0.0132,0.0154,doc_api
2020-03-13,0.0044,0.004,0.1049,0.0169,0.0127,doc_api
2020-03-14,0.0127,0.006,0.1683,0.0137,0.0121,doc_api
2020-03-15,0.0197999999999999,0.004,0.1805,0.0,0.0162,doc_api
2020-03-16,0.0055,0.0047,0.1226,0.0,0.0138,doc_api
2020-03-17,0.0039,0.0049,0.1516,0.0,0.0159,doc_api
2020-03-18,0.0045,0.0059,0.1191,0.0,0.0096,doc_api
2020-03-19,0.0138,0.0037,0.0989,0.0,0.0271,doc_api
2020-03-20,0.0066,0.0031,0.1228,0.0,0.0413,doc_api
2020-03-21,0.0033,0.0109,0.1176,0.0,0.0179,doc_api
2020-03-22,0.0185,0.0076,0.1436,0.0159,0.0132,doc_api
2020-03-23,0.0076,0.0131,0.1145,0.0127,0.0129,doc_api
2020-03-24,0.0072,0.0038,0.1019,0.0115,0.0178,doc_api
2020-03-25,0.0042,0.0027,0.1067,0.0121,0.0138,doc_api
2020-03-26,0.008,0.0019,0.1181,0.0127,0.0236,doc_api
2020-03-27,0.0086,0.0063,0.0981,0.0303,0.018,doc_api
2020-03-28,0.016,0.0069,0.1152,0.0154,0.0383,doc_api
2020-03-29,0.0275,0.0031,0.1563,0.0085,0.0183,doc_api
2020-03-30,0.0103,0.0051,0.106,0.0279,0.0138,doc_api
2020-03-31,0.0069,0.0045,0.1258,0.019,0.0212,doc_api
2020-04-01,0.0052,0.0065,0.1368,0.0258,0.019,doc_api
2020-04-02,0.0059,0.0129,0.0989,0.012,0.0285,doc_api
2020-04-03,0.0059,0.01,0.1044,0.0182,0.0147,doc_api
2020-04-04,0.0302,0.0178,0.0832,0.0114,0.0168,doc_api
2020-04-05,0.028,0.0247,0.1158,0.0,0.0452,doc_api
2020-04-06,0.0139,0.0124,0.0915,0.0,0.024,doc_api
2020-04-07,0.0094,0.0101,0.0879,0.0,0.0123,doc_api
2020-04-08,0.0066999999999999,0.0125,0.0872,0.0,0.0229,doc_api
2020-04-09,0.0311,0.012,0.0916,0.0,0.0136,doc_api
2020-04-10,0.0249999999999999,0.0119,0.1158,0.0,0.0082,doc_api
2020-04-11,0.0317,0.0179,0.1222,0.0007,0.0328,doc_api
2020-04-12,0.0555,0.037,0.152,0.0789,0.0336,doc_api
2020-04-13,0.0359,0.0212,0.1016,0.0701,0.0531,doc_api
2020-04-14,0.0197999999999999,0.0157,0.1555,0.0161,0.048,doc_api
2020-04-15,0.0134,0.0114,0.1201,0.0169,0.0235,doc_api
2020-04-16,0.01,0.0112,0.138,0.0149,0.0646,doc_api
2020-04-17,0.0212,0.011,0.1535,0.0144,0.0125,doc_api
2020-04-18,0.0207,0.0302,0.2307,0.0151,0.0269,doc_api
2020-04-19,0.0192,0.0138,0.2689,0.0149,0.0736,doc_api
2020-04-20,0.0127,0.0165,0.159,0.0153,0.0467,doc_api
2020-04-21,0.0108,0.0126,0.1431,0.0221,0.0227,doc_api
2020-04-22,0.0075,0.0138,0.167,0.0179,0.0433,doc_api
2020-04-23,0.0060999999999999,0.0117,0.2164,0.0166,0.0207,doc_api
2020-04-24,0.0124,0.0117,0.1589,0.0095,0.0186,doc_api
2020-04-25,0.0205,0.0149,0.1787,0.0234,0.0307,doc_api
2020-04-26,0.0132,0.0196,0.1991,0.01,0.0318,doc_api
2020-04-27,0.0098,0.0129,0.1447,0.01,0.0301,doc_api
2020-04-28,0.0106,0.0217,0.1608,0.013,0.0219,doc_api
2020-04-29,0.0157,0.012,0.1405,0.0159,0.0179,doc_api
2020-04-30,0.0208,0.0101,0.1217,0.0168,0.0188,doc_api
2020-05-01,0.0119,0.0172,0.1395,0.0147,0.0147,doc_api
2020-05-02,0.0282,0.0148,0.1383,0.0441,0.0193,doc_api
2020-05-03,0.0283,0.0127,0.184,0.0238,0.0194,doc_api
2020-05-04,0.0231,0.0127,0.1182,0.0794,0.0233,doc_api
2020-05-05,0.0266,0.0111,0.1245,0.0332,0.0374,doc_api
2020-05-06,0.0211,0.008,0.1307,0.0531,0.0296,doc_api
2020-05-07,0.0217,0.0118,0.1542,0.0355,0.0235,doc_api
2020-05-08,0.0283,0.0105,0.1088,0.0199,0.0231,doc_api
2020-05-09,0.0237999999999999,0.0154,0.1357,0.0331,0.0148,doc_api
2020-05-10,0.054,0.0769,0.1815,0.0159,0.0285,doc_api
2020-05-11,0.0266999999999999,0.0328,0.3925,0.0181,0.0222,doc_api
2020-05-12,0.0295,0.0322,0.1548,0.0198,0.0185,doc_api
2020-05-13,0.0133,0.0211,0.1989,0.0301,0.0189,doc_api
2020-05-14,0.0175999999999999,0.0243,0.2053,0.0142,0.0247,doc_api
2020-05-15,0.0195,0.0208,0.176,0.0418,0.0173,doc_api
2020-05-16,0.0124,0.0123,0.183,0.0223,0.028,doc_api
2020-05-17,0.026,0.0293,0.2038,0.0361,0.082,doc_api
2020-05-18,0.0192999999999999,0.0168,0.135,0.022,0.0459,doc_api
2020-05-19,0.0212,0.0164,0.1526,0.0388,0.0308,doc_api
2020-05-20,0.0186999999999999,0.0237,0.1829,0.0243,0.0422,doc_api
2020-05-21,0.0401,0.0327,0.1947,0.0286,0.0349,doc_api
2020-05-22,0.0284,0.0295,0.2256,0.0283,0.0207,doc_api
2020-05-23,0.04,0.052,0.2143,0.0166,0.0251,doc_api
2020-05-24,0.0655,0.0679,0.164,0.0155,0.0373,doc_api
2020-05-25,0.0402,0.0399,0.1641,0.0155,0.0308,doc_api
2020-05-26,0.0732999999999999,0.0834,0.1827,0.0162,0.0156,doc_api
2020-05-27,0.103,0.1151,0.1927,0.0253,0.0212,doc_api
2020-05-28,0.0567,0.0616,0.1799,0.0166,0.017,doc_api
2020-05-29,0.063,0.0976,0.1256,0.0255,0.0238,doc_api
2020-05-30,0.0672,0.0588,0.1471,0.0137,0.0197,doc_api
2020-05-31,0.0579,0.065,0.1543,0.0155,0.024,doc_api
2020-06-01,0.0583,0.0535,0.1344,0.0394,0.0224,doc_api
2020-06-02,0.0604,0.0676,0.1316,0.0282,0.0231,doc_api
2020-06-03,0.0541,0.0688,0.1395,0.0536,0.0173,doc_api
2020-06-04,0.0489,0.0465,0.1327,0.025,0.0282,doc_api
2020-06-05,0.0489,0.0748,0.1359,0.0172,0.0295,doc_api
2020-06-06,0.0988,0.1152,0.1282,0.0216,0.0165,doc_api
2020-06-07,0.0946,0.109,0.1582,0.011,0.0235,doc_api
2020-06-08,0.0579999999999999,0.0724,0.1044,0.0424,0.0305,doc_api
2020-06-09,0.0526,0.0717,0.1211,0.0161,0.02,doc_api
2020-06-10,0.0548,0.0676,0.107,0.0351,0.0279,doc_api
2020-06-11,0.0419,0.0512,0.1127,0.0164,0.016,doc_api
2020-06-12,0.0474,0.048,0.1187,0.0281,0.0195,doc_api
2020-06-13,0.0442,0.0633,0.1314,0.0114,0.0118,doc_api
2020-06-14,0.1277,0.0717,0.1397,0.0101,0.0192,doc_api
2020-06-15,0.0438,0.0358,0.1163,0.0127,0.0167,doc_api
2020-06-16,0.1965,0.2814,0.1424,0.0158,0.0137,doc_api
2020-06-17,0.3403,0.4838,0.1151,0.0289,0.0145,doc_api
2020-06-18,0.237,0.3273,0.1625,0.0309,0.0256,doc_api
2020-06-19,0.2134,0.3249,0.1373,0.0403,0.0119,doc_api
2020-06-20,0.3330999999999999,0.4117,0.1576,0.0286,0.0178,doc_api
2020-06-21,0.2004,0.2508,0.1614,0.0246,0.0383,doc_api
2020-06-22,0.156,0.1793,0.1338,0.0324,0.0226,doc_api
2020-06-23,0.1217999999999999,0.1651,0.116,0.0553,0.0228,doc_api
2020-06-24,0.0945,0.1275,0.1419,0.0536,0.0215,doc_api
2020-06-25,0.1178999999999999,0.1545,0.0885,0.069,0.02,doc_api
2020-06-26,0.1024,0.1252,0.1213,0.0233,0.0205,doc_api
2020-06-27,0.1246,0.1571,0.1104,0.0244,0.0287,doc_api
2020-06-28,0.1245,0.2004,0.1146,0.0267,0.0201,doc_api
2020-06-29,0.0719,0.1238,0.1211,0.0163,0.0262,doc_api
2020-06-30,0.0993,0.1738,0.1059,0.0213,0.0177,doc_api
2020-07-01,0.0865,0.1204,0.1239,0.0242,0.0484,doc_api
2020-07-02,0.079,0.1026,0.0896,0.0182,0.0303,doc_api
2020-07-03,0.1404,0.1728,0.0755,0.0298,0.0194,doc_api
2020-07-04,0.1144,0.1777,0.0787,0.0535,0.028,doc_api
2020-07-05,0.0525999999999999,0.0787,0.0923,0.023,0.0631,doc_api
2020-07-06,0.1333,0.1827,0.1493,0.0461,0.0292,doc_api
2020-07-07,0.0799,0.1282,0.0833,0.0676,0.0371,doc_api
2020-07-08,0.0583,0.0799,0.088,0.0305,0.0403,doc_api
2020-07-09,0.0683,0.0836,0.0708,0.0168,0.0372,doc_api
2020-07-10,0.0774,0.0916,0.0743,0.0343,0.0222,doc_api
2020-07-11,0.0783,0.1165,0.0556,0.0531,0.0246,doc_api
2020-07-12,0.0817,0.1185,0.0647,0.0302,0.0391,doc_api
2020-07-13,0.0429,0.0606,0.0849,0.0267,0.0223,doc_api
2020-07-14,0.0354,0.0552,0.0931,0.0283,0.0292,doc_api
2020-07-15,0.052,0.0668,0.1096,0.0358,0.0525,doc_api
2020-07-16,0.054,0.0589,0.0942,0.0306,0.0241,doc_api
2020-07-17,0.0841,0.0972,0.0965,0.0256,0.0217,doc_api
2020-07-18,0.1061999999999999,0.0991,0.103,0.0284,0.0302,doc_api
2020-07-19,0.0785,0.0714,0.1366,0.0177,0.0263,doc_api
2020-07-20,0.0392,0.0474,0.1118,0.0256,0.0457,doc_api
2020-07-21,0.0563,0.0587,0.1056,0.0209,0.0185,doc_api
2020-07-22,0.054,0.063,0.1179,0.0203,0.0295,doc_api
2020-07-23,0.0624,0.0691,0.1513,0.0253,0.0286,doc_api
2020-07-24,0.051,0.0582,0.1233,0.0328,0.0178,doc_api
2020-07-25,0.057,0.0716,0.1162,0.0183,0.0322,doc_api
2020-07-26,0.057,0.0935,0.1167,0.0248,0.033,doc_api
2020-07-27,0.0507,0.0704,0.1424,0.0628,0.031,doc_api
2020-07-28,0.0535,0.0693,0.1794,0.024,0.0407,doc_api
2020-07-29,0.044,0.0563,0.186,0.0269,0.0175,doc_api
2020-07-30,0.0467999999999999,0.0596,0.0939,0.0392,0.023,doc_api
2020-07-31,0.0455999999999999,0.0679,0.1631,0.0243,0.0157,doc_api
2020-08-01,0.0747,0.0762,0.1179,0.0205,0.0168,doc_api
2020-08-02,0.0697,0.0946,0.1301,0.0167,0.0179,doc_api
2020-08-03,0.0429,0.051,0.1102,0.0259,0.0173,doc_api
2020-08-04,0.0887999999999999,0.0444,0.0963,0.0263,0.0183,doc_api
2020-08-05,0.0741,0.032,0.0998,0.0318,0.019,doc_api
2020-08-06,0.0755,0.0639,0.1099,0.0163,0.0663,doc_api
2020-08-07,0.0562,0.0431,0.1026,0.024,0.0721,doc_api
2020-08-08,0.1072,0.0905,0.0785,0.0135,0.1171,doc_api
2020-08-09,0.0414,0.0402,0.1198,0.0114,0.0489,doc_api
2020-08-10,0.037,0.0514,0.1163,0.0233,0.0392,doc_api
2020-08-11,0.0267,0.0293,0.1198,0.0428,0.0387,doc_api
2020-08-12,0.0268,0.0217,0.1036,0.0203,0.0331,doc_api
2020-08-13,0.0482,0.0259,0.2545,0.0294,0.0349,doc_api
2020-08-14,0.0542,0.0556,0.2276,0.0209,0.0249,doc_api
2020-08-15,0.0959,0.0874,0.3078,0.0257,0.039,doc_api
2020-08-16,0.0562,0.0498,0.2313,0.0311,0.0291,doc_api
2020-08-17,0.0387,0.0496,0.1149,0.0212,0.0307,doc_api
2020-08-18,0.0246,0.0275,0.0862,0.0231,0.0215,doc_api
2020-08-19,0.0284,0.0383,0.1228,0.0195,0.054,doc_api
2020-08-20,0.0444,0.0455,0.1657,0.015,0.0348,doc_api
2020-08-21,0.0366999999999999,0.0325,0.1774,0.0147,0.0243,doc_api
2020-08-22,0.0688,0.0432,0.1588,0.0113,0.0326,doc_api
2020-08-23,0.0446,0.0437,0.1189,0.0169,0.0319,doc_api
2020-08-24,0.0335,0.0393,0.1125,0.0205,0.0212,doc_api
2020-08-25,0.0312,0.0298,0.1586,0.0215,0.0261,doc_api
2020-08-26,0.028,0.0254,0.1401,0.0391,0.0221,doc_api
2020-08-27,0.0308,0.0315,0.0968,0.0227,0.0321,doc_api
2020-08-28,0.0207,0.0292,0.1078,0.0243,0.032,doc_api
2020-08-29,0.038,0.0463,0.0941,0.1371,0.0306,doc_api
2020-08-30,0.0559,0.0452,0.1184,0.0173,0.0395,doc_api
2020-08-31,0.1169,0.1578,0.1123,0.1159,0.0281,doc_api
2020-09-01,0.1163,0.1369,0.1292,0.0353,0.0215,doc_api
2020-09-02,0.0779,0.1314,0.0965,0.0193,0.0616,doc_api
2020-09-03,0.0818,0.1358,0.099,0.0165,0.0215,doc_api
2020-09-04,0.079,0.1214,0.0955,0.0311,0.0243,doc_api
2020-09-05,0.1501,0.2227,0.1088,0.2811,0.0236,doc_api
2020-09-06,0.1183,0.1278,0.1038,0.0169,0.079,doc_api
2020-09-07,0.1079,0.115,0.1184,0.0342,0.0295,doc_api
2020-09-08,0.2607,0.3073,0.113,0.0151,0.0331,doc_api
2020-09-09,0.0887,0.0864,0.1351,0.0134,0.0316,doc_api
2020-09-10,0.1042,0.1,0.1068,0.0134,0.0344,doc_api
2020-09-11,0.1452,0.1794,0.1768,0.0115,0.0205,doc_api
2020-09-12,0.0903,0.1557,0.1203,0.0083,0.0408,doc_api
2020-09-13,0.0737,0.0824,0.1127,0.0143,0.0231,doc_api
2020-09-14,0.0523999999999999,0.0868,0.0962,0.0231,0.0252,doc_api
2020-09-15,0.0921,0.1065,0.1393,0.0245,0.0394,doc_api
2020-09-16,0.1028999999999999,0.0998,0.1186,0.0274,0.0421,doc_api
2020-09-17,0.1109,0.1038,0.0962,0.1114,0.0426,doc_api
2020-09-18,0.0550999999999999,0.053,0.1072,0.0425,0.0642,doc_api
2020-09-19,0.0581,0.0592,0.1624,0.0145,0.036,doc_api
2020-09-20,0.0761,0.0826,0.34,0.015,0.0329,doc_api
2020-09-21,0.0546,0.071,0.2688,0.0136,0.025,doc_api
2020-09-22,0.0547,0.0579,0.1443,0.0192,0.045,doc_api
2020-09-23,0.0547,0.0651,0.1438,0.0129,0.0314,doc_api
2020-09-24,0.0624,0.0301,0.1272,0.0195,0.0204,doc_api
2020-09-25,0.0556,0.0333,0.1274,0.0225,0.0301,doc_api
2020-09-26,0.0631999999999999,0.0458,0.0755,0.0123,0.0415,doc_api
2020-09-27,0.0682,0.0491,0.0937,0.0089,0.0406,doc_api
2020-09-28,0.0363,0.0338,0.1272,0.0139,0.0352,doc_api
2020-09-29,0.0665999999999999,0.058,0.1058,0.0099,0.0486,doc_api
2020-09-30,0.0378,0.0363,0.1004,0.0105,0.0268,doc_api
2020-10-01,0.0455,0.0288,0.0838,0.01,0.0249,doc_api
2020-10-02,0.0252,0.0217,0.1112,0.0146,0.0417,doc_api
2020-10-03,0.0612,0.0633,0.0665,0.0042,0.0427,doc_api
2020-10-04,0.0419,0.0595,0.0781,0.0088,0.0558,doc_api
2020-10-05,0.0421,0.0601,0.0878,0.0098,0.0467,doc_api
2020-10-06,0.0225,0.0348,0.0745,0.0292,0.0686,doc_api
2020-10-07,0.0302,0.0458,0.0961,0.0648,0.039,doc_api
2020-10-08,0.0231,0.025,0.063,0.0484,0.0664,doc_api
2020-10-09,0.0365,0.0293,0.098,0.0365,0.0215,doc_api
2020-10-10,0.0831,0.0594,0.0927,0.0516,0.034,doc_api
2020-10-11,0.0308,0.0387,0.0712,0.0616,0.0295,doc_api
2020-10-12,0.0775,0.0926,0.1097,0.1083,0.0178,doc_api
2020-10-13,0.0591,0.0651,0.077,0.0101,0.0207,doc_api
2020-10-14,0.0267,0.0267,0.0758,0.0511,0.0325,doc_api
2020-10-15,0.0674,0.0539,0.0822,0.0376,0.0335,doc_api
2020-10-16,0.0324,0.0299,0.104,0.0067,0.0341,doc_api
2020-10-17,0.0525,0.039,0.0621,0.0526,0.025,doc_api
2020-10-18,0.0315,0.0735,0.1128,0.0157,0.021,doc_api
2020-10-19,0.0413,0.0737,0.1151,0.0126,0.0261,doc_api
2020-10-21,0.0535,0.0642,0.1042,0.0194,0.046,doc_api
2020-10-22,0.0274,0.0252,0.1194,0.032,0.0696,doc_api
2020-10-23,0.0346,0.0629,0.0881,0.0514,0.0462,doc_api
2020-10-24,0.0706,0.0749,0.1006,0.0128,0.0428,doc_api
2020-10-25,0.0808,0.1857,0.0759,0.0248,0.051,doc_api
2020-10-26,0.0411,0.0625,0.0826,0.0223,0.0555,doc_api
2020-10-27,0.0532,0.0808,0.0867,0.0277,0.0415,doc_api
2020-10-28,0.0537,0.0566,0.0895,0.0199,0.0456,doc_api
2020-10-29,0.0304,0.0278,0.1059,0.0645,0.1112,doc_api
2020-10-30,0.0460999999999999,0.0252,0.1034,0.0504,0.0556,doc_api
2020-10-31,0.0244,0.0187,0.0877,0.0057,0.0374,doc_api
2020-11-01,0.0595,0.0432,0.0978,0.0115,0.0201,doc_api
2020-11-02,0.0358,0.0276,0.1062,0.0163,0.023,doc_api
2020-11-03,0.0325,0.023,0.1282,0.0224,0.0289,doc_api
2020-11-04,0.0258,0.0224,0.0731,0.0244,0.0215,doc_api
2020-11-05,0.0253,0.0452,0.1124,0.0226,0.0306,doc_api
2020-11-06,0.1168,0.1005,0.0828,0.0204,0.019,doc_api
2020-11-07,0.0321,0.042,0.1162,0.0099,0.0173,doc_api
2020-11-08,0.1057,0.0761,0.1747,0.0564,0.0155,doc_api
2020-11-09,0.0337,0.0263,0.119,0.0711,0.0311,doc_api
2020-11-10,0.0218,0.0428,0.1252,0.0218,0.028,doc_api
2020-11-11,0.0298,0.0516,0.1158,0.0152,0.0331,doc_api
2020-11-12,0.0205,0.0363,0.0851,0.0323,0.0355,doc_api
2020-11-13,0.044,0.1202,0.1525,0.0381,0.0235,doc_api
2020-11-14,0.2018,0.048,0.1057,0.0288,0.0577,doc_api
2020-11-15,0.08,0.0291,0.1866,0.5357,0.0242,doc_api
2020-11-16,0.0526,0.0212,0.0841,0.1283,0.0333,doc_api
2020-11-17,0.0324,0.027,0.1168,0.0452,0.0277,doc_api
2020-11-18,0.0327999999999999,0.031,0.1509,0.0326,0.0257,doc_api
2020-11-19,0.0475,0.0289,0.1588,0.025,0.0462,doc_api
2020-11-20,0.0325,0.0188,0.1103,0.0208,0.0569,doc_api
2020-11-21,0.0689999999999999,0.0158,0.1006,0.0464,0.042,doc_api
2020-11-22,0.0421,0.0207,0.1624,0.0385,0.0373,doc_api
2020-11-23,0.0294,0.0175,0.1542,0.0224,0.0365,doc_api
2020-11-24,0.0266,0.0283,0.1134,0.0178,0.039,doc_api
2020-11-25,0.0346999999999999,0.0217,0.11,0.0134,0.0738,doc_api
2020-11-26,0.0443,0.0362,0.1381,0.0332,0.046,doc_api
2020-11-27,0.0241,0.0148,0.1745,0.0247,0.0408,doc_api
2020-11-28,0.0388,0.0211,0.3459,0.0123,0.0699,doc_api
2020-11-29,0.048,0.0317,0.2307,0.0175,0.0517,doc_api
2020-11-30,0.0512,0.0275,0.2477,0.0163,0.0359,doc_api
2020-12-01,0.0332999999999999,0.0254,0.168,0.0193,0.0487,doc_api
2020-12-02,0.0257,0.0283,0.1429,0.0473,0.0323,doc_api
2020-12-03,0.0498,0.0478,0.1317,0.016,0.0387,doc_api
2020-12-04,0.0221999999999999,0.0208,0.1765,0.0455,0.0311,doc_api
2020-12-05,0.0233,0.013,0.1284,0.0126,0.0252,doc_api
2020-12-06,0.0196,0.0212,0.1576,0.0106,0.0335,doc_api
2020-12-07,0.0188,0.0183,0.1014,0.0133,0.0318,doc_api
2020-12-08,0.0214,0.0278,0.1272,0.0143,0.0198,doc_api
2020-12-09,0.0204999999999999,0.0258,0.1059,0.024,0.0251,doc_api
2020-12-10,0.0361999999999999,0.0255,0.0998,0.0124,0.0412,doc_api
2020-12-11,0.0269,0.021,0.1406,0.0109,0.0252,doc_api
2020-12-12,0.0332,0.04,0.1144,0.0225,0.0257,doc_api
2020-12-13,0.047,0.0297,0.1014,0.0173,0.0424,doc_api
2020-12-14,0.0326,0.0319,0.1341,0.0198,0.0499,doc_api
2020-12-15,0.013,0.0111,0.0964,0.0452,0.0341,doc_api
2020-12-16,0.0271,0.0266,0.0819,0.0369,0.0245,doc_api
2020-12-17,0.026,0.0251,0.0788,0.0373,0.0293,doc_api
2020-12-18,0.0585,0.0345,0.0844,0.0218,0.0252,doc_api
2020-12-19,0.1113,0.0405,0.0845,0.021,0.0268,doc_api
2020-12-20,0.037,0.0365,0.0785,0.0178,0.0246,doc_api
2020-12-21,0.0380999999999999,0.0242,0.2538,0.1274,0.0481,doc_api
2020-12-22,0.0209,0.0176,0.1575,0.0616,0.0278,doc_api
2020-12-23,0.0293,0.0267,0.141,0.0313,0.0507,doc_api
2020-12-24,0.0402,0.0306,0.2623,0.0803,0.0273,doc_api
2020-12-25,0.0214,0.0408,0.2487,0.0316,0.0244,doc_api
2020-12-26,0.0241,0.0359,0.1483,0.0369,0.0354,doc_api
2020-12-27,0.0179,0.028,0.2825,0.0179,0.0381,doc_api
2020-12-28,0.0162,0.0292,0.1546,0.0359,0.0374,doc_api
2020-12-29,0.0196,0.0317,0.1195,0.0523,0.0312,doc_api
2020-12-30,0.0411,0.0416,0.1254,0.0173,0.0208,doc_api
2020-12-31,0.0354,0.0373,0.137,0.0655,0.0422,doc_api
2021-01-01,0.0511,0.0251,0.1939,0.0632,0.0493,doc_api
2021-01-02,0.043,0.0412,0.1241,0.0197,0.0256,doc_api
2021-01-03,0.0202,0.0206,0.1561,0.0201,0.0568,doc_api
2021-01-04,0.0245,0.0212,0.2961,0.0153,0.1244,doc_api
2021-01-05,0.0179,0.0212,0.3146,0.021,0.0334,doc_api
2021-01-06,0.024,0.0259,0.1649,0.0338,0.0317,doc_api
2021-01-07,0.0201,0.0159,0.1329,0.0302,0.0248,doc_api
2021-01-08,0.0355,0.0283,0.1067,0.0363,0.036,doc_api
2021-01-09,0.0588,0.0561,0.0818,0.0146,0.0184,doc_api
2021-01-10,0.0314,0.0331,0.1141,0.0086,0.0219,doc_api
2021-01-11,0.0419,0.0501,0.106,0.015,0.0318,doc_api
2021-01-12,0.0419999999999999,0.0554,0.0932,0.017,0.0215,doc_api
2021-01-13,0.0146,0.014,0.1258,0.0162,0.0364,doc_api
2021-01-14,0.0251,0.0246,0.1294,0.0121,0.0364,doc_api
2021-01-15,0.0258,0.0222,0.1419,0.0321,0.0229,doc_api
2021-01-16,0.0229,0.0278,0.1686,0.0282,0.0153,doc_api
2021-01-17,0.0289999999999999,0.0446,0.1296,0.0219,0.0669,doc_api
2021-01-18,0.0178,0.0356,0.1533,0.012,0.0202,doc_api
2021-01-19,0.0186999999999999,0.0413,0.2065,0.0235,0.0291,doc_api
2021-01-20,0.0145999999999999,0.0183,0.158,0.0195,0.0155,doc_api
2021-01-21,0.0103,0.023,0.1525,0.0392,0.0446,doc_api
2021-01-22,0.0097,0.0209,0.1259,0.016,0.0194,doc_api
2021-01-23,0.063,0.0619,0.1537,0.0104,0.0942,doc_api
2021-01-24,0.045,0.0489,0.1033,0.0107,0.1329,doc_api
2021-01-25,0.1252,0.1362,0.1128,0.037,0.0543,doc_api
2021-01-26,0.0317,0.0559,0.156,0.0461,0.0284,doc_api
2021-01-27,0.0166,0.0255,0.1821,0.0373,0.0255,doc_api
2021-01-28,0.0278,0.0378,0.1508,0.0228,0.0506,doc_api
2021-01-29,0.0285,0.0352,0.1046,0.0362,0.0498,doc_api
2021-01-30,0.0237,0.0214,0.1079,0.0256,0.0267,doc_api
2021-01-31,0.0197,0.0318,0.1131,0.0189,0.0241,doc_api
2021-02-01,0.0135,0.015,0.0925,0.0324,0.0222,doc_api
2021-02-02,0.0146,0.0104,0.1425,0.009,0.0324,doc_api
2021-02-03,0.0178,0.0279,0.12,0.0145,0.0187,doc_api
2021-02-04,0.02,0.0171,0.1151,0.02,0.0195,doc_api
2021-02-05,0.0216,0.039,0.0994,0.0155,0.0555,doc_api
2021-02-06,0.0293,0.0339,0.0878,0.0162,0.03,doc_api
2021-02-07,0.013,0.0239,0.1785,0.0071,0.0251,doc_api
2021-02-08,0.0423,0.0532,0.1092,0.0292,0.0498,doc_api
2021-02-09,0.0246,0.0406,0.1706,0.0136,0.0333,doc_api
2021-02-10,0.0373,0.0558,0.1406,0.0132,0.0295,doc_api
2021-02-11,0.0898,0.1243,0.1083,0.0767,0.0237,doc_api
2021-02-12,0.0542,0.0881,0.0896,0.0172,0.0255,doc_api
2021-02-13,0.0466,0.0898,0.0829,0.0127,0.0308,doc_api
2021-02-14,0.0304,0.0541,0.0722,0.0068,0.0351,doc_api
2021-02-15,0.019,0.0399,0.0682,0.0057,0.0552,doc_api
2021-02-16,0.0206,0.0282,0.1093,0.015,0.0772,doc_api
2021-02-17,0.0272,0.0334,0.1903,0.0186,0.0527,doc_api
2021-02-18,0.0282,0.0229,0.1163,0.024,0.0465,doc_api
2021-02-19,0.0784,0.1217,0.1615,0.013,0.0464,doc_api
2021-02-20,0.073,0.1232,0.184,0.0103,0.0313,doc_api
2021-02-21,0.0806,0.1396,0.1159,0.0151,0.0487,doc_api
2021-02-22,0.0283,0.0513,0.1524,0.0087,0.0471,doc_api
2021-02-23,0.0257,0.0875,0.1609,0.0092,0.0262,doc_api
2021-02-24,0.0121,0.0332,0.1337,0.0101,0.0419,doc_api
2021-02-25,0.0927,0.0502,0.1095,0.025,0.0283,doc_api
2021-02-26,0.0933,0.0545,0.1798,0.0134,0.1072,doc_api
2021-02-27,0.1008,0.055,0.1635,0.0065,0.0439,doc_api
2021-02-28,0.0591,0.0348,0.2575,0.0083,0.0683,doc_api
2021-03-01,0.03,0.0318,0.2891,0.0218,0.0393,doc_api
2021-03-02,0.0291,0.0253,0.1172,0.0334,0.0263,doc_api
2021-03-03,0.0195,0.0179,0.1169,0.0137,0.0377,doc_api
2021-03-04,0.021,0.02,0.1332,0.0182,0.0358,doc_api
2021-03-05,0.0479,0.0368,0.1316,0.021,0.0227,doc_api
2021-03-06,0.027,0.034,0.1206,0.0108,0.0259,doc_api
2021-03-07,0.0475,0.0488,0.1362,0.0283,0.0814,doc_api
2021-03-08,0.0176,0.0192,0.19,0.0131,0.0568,doc_api
2021-03-09,0.0194,0.0204,0.1525,0.0156,0.0534,doc_api
2021-03-10,0.0228,0.0282,0.1641,0.0252,0.0684,doc_api
2021-03-11,0.0152,0.0289,0.1272,0.0324,0.0336,doc_api
2021-03-12,0.0209999999999999,0.0781,0.1338,0.029,0.0619,doc_api
2021-03-13,0.0228,0.0452,0.1583,0.0216,0.0613,doc_api
2021-03-14,0.0208,0.0416,0.111,0.016,0.0507,doc_api
2021-03-15,0.0070999999999999,0.0166,0.1494,0.015,0.0189,doc_api
2021-03-16,0.0072,0.0184,0.1158,0.0296,0.0315,doc_api
2021-03-17,0.0164,0.0253,0.083,0.0209,0.0232,doc_api
2021-03-18,0.0327,0.0293,0.1779,0.0216,0.031,doc_api
2021-03-19,0.031,0.0617,0.1563,0.0418,0.0345,doc_api
2021-03-20,0.0443999999999999,0.0896,0.0768,0.026,0.0364,doc_api
2021-03-21,0.011,0.041,0.146,0.0137,0.037,doc_api
2021-03-22,0.0232,0.0182,0.1178,0.0133,0.0515,doc_api
2021-03-23,0.0354,0.0136,0.1324,0.0159,0.0235,doc_api
2021-03-24,0.0195,0.0154,0.1081,0.0595,0.5917,doc_api
2021-03-25,0.0174,0.0207,0.1124,0.0614,0.89,doc_api
2021-03-26,0.0221999999999999,0.018,0.1574,0.0555,1.1004,doc_api
2021-03-27,0.0179,0.0174,0.1249,0.0333,1.3,doc_api
2021-03-28,0.0184,0.0355,0.1114,0.0145,1.3603,doc_api
2021-03-29,0.0098,0.0122,0.1252,0.0112,1.9903,doc_api
2021-03-30,0.0202,0.0202,0.1333,0.0264,0.9236,doc_api
2021-03-31,0.0264,0.0224,0.111,0.013,0.4067,doc_api
2021-04-01,0.0139,0.0137,0.0997,0.0328,0.2945,doc_api
2021-04-02,0.0506,0.0464,0.1164,0.0212,0.2542,doc_api
2021-04-03,0.0237,0.0318,0.1069,0.015,0.3657,doc_api
2021-04-04,0.0171,0.0255,0.0997,0.0109,0.258,doc_api
2021-04-05,0.0085,0.0173,0.1137,0.0075,0.148,doc_api
2021-04-06,0.0174,0.0269,0.1135,0.0287,0.1503,doc_api
2021-04-07,0.0116,0.0181,0.1695,0.0287,0.1676,doc_api
2021-04-08,0.0174,0.0277,0.1353,0.0123,0.1827,doc_api
2021-04-09,0.0256999999999999,0.0233,0.1889,0.0102,0.1253,doc_api
2021-04-10,0.0243,0.0425,0.1445,0.0065,0.1291,doc_api
2021-04-11,0.0359,0.0416,0.5571,0.0097,0.0995,doc_api
2021-04-12,0.0145,0.021,0.3599,0.0118,0.1181,doc_api
2021-04-13,0.0098,0.0289,0.2299,0.0137,0.1656,doc_api
2021-04-14,0.0207,0.0264,0.1731,0.0402,0.1733,doc_api
2021-04-15,0.0299,0.0198,0.1683,0.01,0.0824,doc_api
2021-04-16,0.0163,0.0181,0.1217,0.0276,0.0744,doc_api
2021-04-17,0.0118999999999999,0.0248,0.13,0.0842,0.0598,doc_api
2021-04-18,0.0202,0.018,0.1476,0.0193,0.0709,doc_api
2021-04-19,0.0129,0.0177,0.1026,0.0127,0.0746,doc_api
2021-04-20,0.0166,0.0222,0.0989,0.0059,0.0523,doc_api
2021-04-21,0.0163,0.0156,0.0971,0.0052,0.0498,doc_api
2021-04-22,0.006,0.0132,0.2722,0.0108,0.0519,doc_api
2021-04-23,0.0018,0.0085,0.1367,0.0121,0.0715,doc_api
2021-04-24,0.013,0.0235,0.1627,0.0097,0.0471,doc_api
2021-04-25,0.0167,0.0136,0.154,0.0474,0.0781,doc_api
2021-04-26,0.0155,0.0063,0.0908,0.0166,0.0542,doc_api
2021-04-27,0.0123,0.0139,0.1522,0.0136,0.0917,doc_api
2021-04-28,0.0071,0.0179,0.166,0.0179,0.045,doc_api
2021-04-29,0.0031,0.0127,0.1079,0.0227,0.0529,doc_api
2021-04-30,0.0058,0.0137,0.0894,0.01,0.0503,doc_api
2021-05-01,0.0127999999999999,0.023,0.1531,0.0183,0.0444,doc_api
2021-05-02,0.007,0.0163,0.1214,0.0223,0.0325,doc_api
2021-05-03,0.0116,0.0125,0.0664,0.0272,0.0315,doc_api
2021-05-04,0.0057,0.0055,0.0843,0.0491,0.0526,doc_api
2021-05-05,0.011,0.0097,0.1116,0.022,0.0929,doc_api
2021-05-06,0.0098,0.0075,0.1074,0.0203,0.1044,doc_api
2021-05-07,0.0032,0.01,0.1374,0.0546,0.0436,doc_api
2021-05-08,0.0104,0.0237,0.1336,0.0534,0.0474,doc_api
2021-05-09,0.0156,0.0129,0.0767,0.0094,0.0299,doc_api
2021-05-10,0.0061,0.0262,0.1664,0.013,0.0629,doc_api
2021-05-11,0.0093999999999999,0.0236,0.2444,0.0261,0.0747,doc_api
2021-05-12,0.0049,0.0096,0.1518,0.0067,0.0732,doc_api
2021-05-13,0.0114,0.0069,0.1518,0.0045,0.0386,doc_api
2021-05-14,0.0074,0.0054,0.1682,0.0133,0.0413,doc_api
2021-05-15,0.0076999999999999,0.0111,0.1428,0.0201,0.0483,doc_api
2021-05-16,0.006,0.0115,0.1801,0.0783,0.0359,doc_api
2021-05-17,0.0063,0.0117,0.2375,0.0205,0.0388,doc_api
2021-05-18,0.0063999999999999,0.017,0.2249,0.0354,0.0265,doc_api
2021-05-19,0.0108,0.0137,0.2948,0.0101,0.039,doc_api
2021-05-20,0.0144999999999999,0.0172,0.3366,0.0069,0.0646,doc_api
2021-05-21,0.0131,0.0572,0.2338,0.0084,0.0367,doc_api
2021-05-22,0.0058,0.036,0.1822,0.005,0.0431,doc_api
2021-05-23,0.0078,0.0342,0.1623,0.0125,0.1433,doc_api
2021-05-24,0.0101999999999999,0.0295,0.1736,0.0257,0.0819,doc_api
2021-05-25,0.0054,0.0163,0.1483,0.0306,0.0759,doc_api
2021-05-26,0.0108,0.0222,0.1555,0.0071,0.0461,doc_api
2021-05-27,0.0137,0.0159,0.107,0.0075,0.047,doc_api
2021-05-28,0.0196,0.0212,0.1486,0.0079,0.0384,doc_api
2021-05-29,0.0227999999999999,0.0451,0.106,0.0086,0.0992,doc_api
2021-05-30,0.0226,0.0258,0.1165,0.0108,0.0757,doc_api
2021-05-31,0.008,0.0136,0.1459,0.0154,0.0602,doc_api
2021-06-01,0.0162,0.0369,0.1606,0.0162,0.0478,doc_api
2021-06-02,0.0189,0.0117,0.3383,0.0283,0.0536,doc_api
2021-06-03,0.0183,0.0175,0.2234,0.0354,0.0456,doc_api
2021-06-04,0.0092,0.0127,0.1547,0.0114,0.0379,doc_api
2021-06-05,0.0147,0.0219,0.1089,0.0142,0.0658,doc_api
2021-06-06,0.0182,0.0355,0.0921,0.0196,0.0706,doc_api
2021-06-07,0.0078999999999999,0.0099,0.1216,0.0127,0.0663,doc_api
2021-06-08,0.0111,0.0204,0.1137,0.0121,0.0371,doc_api
2021-06-09,0.0102,0.0204,0.1861,0.0244,0.0512,doc_api
2021-06-10,0.011,0.0457,0.1891,0.0077,0.0528,doc_api
2021-06-11,0.014,0.0193,0.1589,0.0153,0.0572,doc_api
2021-06-12,0.0401,0.0142,0.0853,0.0983,0.0384,doc_api
2021-06-13,0.0266,0.0219,0.2888,0.02,0.0519,doc_api
2021-06-14,0.0191,0.0203,0.1968,0.0103,0.0646,doc_api
2021-06-15,0.0306,0.0363,0.1214,0.0185,0.0805,doc_api
2021-06-16,0.0077,0.0123,0.1208,0.0128,0.0577,doc_api
2021-06-17,0.0196,0.0221,0.1569,0.0175,0.055,doc_api
2021-06-18,0.015,0.0175,0.1355,0.009,0.0499,doc_api
2021-06-19,0.0252,0.0398,0.146,0.0071,0.1195,doc_api
2021-06-20,0.0355,0.0199,0.3464,0.0076,0.0994,doc_api
2021-06-21,0.0148,0.0111,0.137,0.0114,0.1005,doc_api
2021-06-22,0.0279999999999999,0.0212,0.1059,0.0065,0.1006,doc_api
2021-06-23,0.0191,0.0181,0.1794,0.0054,0.0969,doc_api
2021-06-24,0.0328,0.0204,0.0975,0.0088,0.0825,doc_api
2021-06-25,0.0331,0.0317,0.0972,0.0131,0.0811,doc_api
2021-06-26,0.0361999999999999,0.0218,0.1202,0.0039,0.0723,doc_api
2021-06-27,0.0334,0.0424,0.0923,0.0056,0.0518,doc_api
2021-06-28,0.026,0.0554,0.1273,0.0164,0.073,doc_api
2021-06-29,0.0274,0.0263,0.1305,0.0066,0.0395,doc_api
2021-06-30,0.0142,0.0173,0.1023,0.0051,0.03,doc_api
2021-07-01,0.0288,0.0182,0.1609,0.0139,0.0331,doc_api
2021-07-02,0.0374,0.0374,0.1507,0.0059,0.0296,doc_api
2021-07-03,0.0163,0.023,0.1159,0.0207,0.0541,doc_api
2021-07-04,0.0189,0.0184,0.1383,0.0209,0.1402,doc_api
2021-07-05,0.0153,0.0121,0.1116,0.0165,0.1327,doc_api
2021-07-06,0.0139999999999999,0.0233,0.1062,0.014,0.0679,doc_api
2021-07-07,0.0150999999999999,0.0255,0.0916,0.0111,0.1993,doc_api
2021-07-08,0.0123,0.0149,0.1057,0.011,0.1036,doc_api
2021-07-09,0.0189,0.0164,0.1209,0.0039,0.0456,doc_api
2021-07-10,0.0305,0.0133,0.112,0.0035,0.0319,doc_api
2021-07-11,0.013,0.0174,0.0999,0.0039,0.0854,doc_api
2021-07-12,0.0098999999999999,0.0194,0.1321,0.0093,0.051,doc_api
2021-07-13,0.0141999999999999,0.0301,0.1314,0.0119,0.0578,doc_api
2021-07-14,0.0448,0.0594,0.1159,0.0076,0.0399,doc_api
2021-07-15,0.0315,0.0391,0.2008,0.013,0.0443,doc_api
2021-07-16,0.0248,0.0171,0.2267,0.008,0.0373,doc_api
2021-07-17,0.0207,0.006,0.0749,0.006,0.0314,doc_api
2021-07-18,0.0388,0.0134,0.0864,0.0058,0.0302,doc_api
2021-07-19,0.0132,0.0158,0.119,0.0082,0.0287,doc_api
2021-07-20,0.0102,0.014,0.1385,0.0055,0.0407,doc_api
2021-07-21,0.0251,0.0153,0.2928,0.0112,0.0459,doc_api
2021-07-22,0.011,0.0159,0.4282,0.0538,0.0459,doc_api
2021-07-23,0.0165,0.019,0.1649,0.0065,0.0421,doc_api
2021-07-24,0.0323,0.0256,0.0796,0.0031,0.027,doc_api
2021-07-25,0.0383,0.0174,0.1283,0.0073,0.0518,doc_api
2021-07-26,0.0541,0.0288,0.083,0.0079,0.0432,doc_api
2021-07-27,0.019,0.0358,0.0936,0.0073,0.0562,doc_api
2021-07-28,0.0118,0.0223,0.1003,0.0086,0.0467,doc_api
2021-07-29,0.0188,0.0144,0.1142,0.0103,0.0752,doc_api
2021-07-30,0.0260999999999999,0.021,0.2114,0.0091,0.1359,doc_api
2021-07-31,0.0757,0.0797,0.3186,0.0039,0.1521,doc_api
2021-08-01,0.0249,0.0464,0.3705,0.0068,0.2738,doc_api
2021-08-02,0.0343,0.0447,0.228,0.0061,0.1094,doc_api
2021-08-03,0.0419,0.0221,0.3112,0.0054,0.0913,doc_api
2021-08-04,0.0306,0.0242,0.3193,0.0058,0.1221,doc_api
2021-08-05,0.0288,0.0173,0.2172,0.009,0.1528,doc_api
2021-08-06,0.0377,0.0366,0.2486,0.0098,0.0964,doc_api
2021-08-07,0.0214,0.022,0.1371,0.0055,0.0572,doc_api
2021-08-08,0.0291999999999999,0.0306,0.1127,0.007,0.0974,doc_api
2021-08-09,0.0167,0.021,0.137,0.0365,0.1529,doc_api
2021-08-10,0.0184,0.0169,0.1433,0.0034,0.0899,doc_api
2021-08-11,0.0083,0.013,0.1453,0.004,0.0517,doc_api
2021-08-12,0.0063,0.0126,0.1034,0.0111,0.0649,doc_api
2021-08-13,0.016,0.0169,0.0739,0.0056,0.0428,doc_api
2021-08-14,0.0821,0.0274,0.0666,0.0055,0.073,doc_api
2021-08-15,0.0436,0.026,0.1103,0.0056,0.0695,doc_api
2021-08-16,0.0172,0.0093,0.0749,0.0009,0.046,doc_api
2021-08-17,0.0202,0.0189,0.0715,0.0035,0.0377,doc_api
2021-08-18,0.0125,0.01,0.078,0.0095,0.0486,doc_api
2021-08-19,0.0114,0.0152,0.1179,0.0048,0.0448,doc_api
2021-08-20,0.0271,0.008,0.1576,0.0083,0.0629,doc_api
2021-08-21,0.0169,0.0082,0.1133,0.0046,0.0594,doc_api
2021-08-22,0.0173,0.0128,0.2127,0.0049,0.0744,doc_api
2021-08-23,0.0218,0.0085,0.167,0.0303,0.0605,doc_api
2021-08-24,0.027,0.0116,0.1147,0.0212,0.054,doc_api
2021-08-25,0.0255,0.0161,0.1719,0.0062,0.0614,doc_api
2021-08-26,0.0165,0.0137,0.1343,0.0044,0.0417,doc_api
2021-08-27,0.0185,0.0126,0.1451,0.0059,0.0288,doc_api
2021-08-28,0.0125,0.0152,0.3181,0.0098,0.0989,doc_api
2021-08-29,0.0186,0.0215,0.0727,0.0171,0.0503,doc_api
2021-08-30,0.0341,0.0139,0.1257,0.0039,0.0347,doc_api
2021-08-31,0.0153999999999999,0.0125,0.1449,0.0038,0.0687,doc_api
2021-09-01,0.0155,0.0087,0.2513,0.0095,0.0576,doc_api
2021-09-02,0.0126,0.0053,0.2254,0.0166,0.0379,doc_api
2021-09-03,0.0185,0.0179,0.1145,0.0094,0.0355,doc_api
2021-09-04,0.0169,0.0196,0.13,0.0046,0.0342,doc_api
2021-09-05,0.0209999999999999,0.0083,0.1726,0.0073,0.0425,doc_api
2021-09-06,0.0172,0.013,0.1216,0.0078,0.0503,doc_api
2021-09-07,0.0284999999999999,0.0154,0.0969,0.0075,0.0696,doc_api
2021-09-08,0.0193,0.0091,0.0958,0.0246,0.0701,doc_api
2021-09-09,0.0192999999999999,0.0088,0.136,0.0054,0.1336,doc_api
2021-09-10,0.0129,0.0103,0.1804,0.0131,0.042,doc_api
2021-09-11,0.0182,0.0091,0.1439,0.0226,0.0548,doc_api
2021-09-12,0.0277,0.0155,0.1228,0.0058,0.0422,doc_api
2021-09-13,0.0192999999999999,0.0213,0.1203,0.0241,0.0647,doc_api
2021-09-14,0.0146,0.0109,0.1127,0.0109,0.0396,doc_api
2021-09-15,0.0177,0.0133,0.1482,0.0408,0.0551,doc_api
2021-09-16,0.0197999999999999,0.0151,0.1363,0.0127,0.076,doc_api
2021-09-17,0.0449,0.0518,0.1333,0.0186,0.0754,doc_api
2021-09-18,0.0351,0.0144,0.2113,0.0131,0.0326,doc_api
2021-09-19,0.0169,0.0159,0.1265,0.0068,0.0401,doc_api
2021-09-20,0.0131,0.0256,0.1178,0.0818,0.0425,doc_api
2021-09-21,0.0291,0.0147,0.1703,0.054,0.0753,doc_api
2021-09-22,0.0319,0.0108,0.1778,0.0281,0.0396,doc_api
2021-09-23,0.0223,0.0079,0.1372,0.0436,0.0861,doc_api
2021-09-24,0.0502,0.0232,0.1858,0.0204,0.0879,doc_api
2021-09-25,0.1104,0.0218,0.1837,0.0227,0.0782,doc_api
2021-09-26,0.0467,0.0313,0.17,0.0168,0.0646,doc_api
2021-09-27,0.0281,0.0226,0.1997,0.0177,0.1119,doc_api
2021-09-28,0.0308999999999999,0.0153,0.2261,0.0086,0.0423,doc_api
2021-09-29,0.023,0.0072,0.2264,0.0111,0.0418,doc_api
2021-09-30,0.0408,0.0338,0.1398,0.0137,0.0391,doc_api
2021-10-01,0.035,0.0328,0.2546,0.016,0.0597,doc_api
2021-10-02,0.0483,0.0475,0.1195,0.0088,0.0539,doc_api
2021-10-03,0.0586999999999999,0.0324,0.1455,0.0136,0.0497,doc_api
2021-10-04,0.0105,0.0156,0.1438,0.0091,0.0341,doc_api
2021-10-05,0.0322999999999999,0.0265,0.1425,0.0129,0.0459,doc_api
2021-10-06,0.0081,0.0134,0.1768,0.0275,0.0705,doc_api
2021-10-07,0.0237,0.0165,0.139,0.0188,0.0371,doc_api
2021-10-08,0.0347,0.0407,0.1869,0.0285,0.0356,doc_api
2021-10-09,0.0487,0.0563,0.2104,0.0381,0.0436,doc_api
2021-10-10,0.0902,0.0907,0.2143,0.0058,0.0422,doc_api
2021-10-11,0.094,0.0916,0.1769,0.0068,0.033,doc_api
2021-10-12,0.0285,0.0181,0.2309,0.0112,0.0495,doc_api
2021-10-13,0.0369,0.0445,0.2261,0.0112,0.0325,doc_api
2021-10-14,0.0301999999999999,0.0334,0.2473,0.0121,0.0394,doc_api
2021-10-15,0.0104,0.0264,0.1822,0.0064,0.0322,doc_api
2021-10-16,0.0232,0.0204,0.1307,0.0102,0.0348,doc_api
2021-10-17,0.0749,0.0255,0.1165,0.0036,0.0515,doc_api
2021-10-18,0.0218,0.0265,0.1817,0.0113,0.0445,doc_api
2021-10-19,0.0435,0.0329,0.2404,0.0092,0.0535,doc_api
2021-10-20,0.0189,0.0246,0.2283,0.0093,0.0472,doc_api
2021-10-21,0.0242,0.0341,0.2163,0.0059,0.0263,doc_api
2021-10-22,0.0251,0.022,0.2903,0.0087,0.0288,doc_api
2021-10-23,0.0285,0.0204,0.212,0.0093,0.0858,doc_api
2021-10-24,0.0437,0.059,0.2603,0.0107,0.0239,doc_api
2021-10-25,0.0221999999999999,0.0231,0.2314,0.013,0.0643,doc_api
2021-10-26,0.0099,0.0144,0.1784,0.0104,0.0604,doc_api
2021-10-27,0.0351999999999999,0.035,0.213,0.0238,0.0405,doc_api
2021-10-28,0.0304,0.0359,0.2437,0.0165,0.0351,doc_api
2021-10-29,0.0184,0.0161,0.2178,0.0096,0.0451,doc_api
2021-10-30,0.0104999999999999,0.0113,0.2167,0.0092,0.0344,doc_api
2021-10-31,0.0136,0.0258,0.3574,0.0126,0.0843,doc_api
2021-11-01,0.0133999999999999,0.0183,0.2303,0.0223,0.0495,doc_api
2021-11-02,0.0124,0.0132,0.2009,0.0105,0.0439,doc_api
2021-11-03,0.0143,0.0345,0.2177,0.0083,0.0738,doc_api
2021-11-04,0.0387,0.0277,0.2806,0.0411,0.0496,doc_api
2021-11-05,0.0186,0.0177,0.1829,0.0025,0.1019,doc_api
2021-11-06,0.0130999999999999,0.0365,0.141,0.0435,0.0544,doc_api
2021-11-07,0.0127,0.0541,0.2897,0.026,0.049,doc_api
2021-11-08,0.0115,0.0218,0.1861,0.0232,0.065,doc_api
2021-11-09,0.0212,0.0215,0.1924,0.0139,0.0373,doc_api
2021-11-10,0.0135,0.0155,0.2521,0.0057,0.0433,doc_api
2021-11-11,0.0218,0.0302,0.2452,0.0047,0.0499,doc_api
2021-11-12,0.0246,0.0323,0.1984,0.0208,0.0309,doc_api
2021-11-13,0.0159,0.0217,0.1255,0.0261,0.0601,doc_api
2021-11-14,0.023,0.0348,0.1152,0.0427,0.0574,doc_api
2021-11-15,0.0118,0.0187,0.1318,0.0303,0.0389,doc_api
2021-11-16,0.0171,0.0248,0.2249,0.0152,0.0336,doc_api
2021-11-17,0.0252,0.021,0.226,0.0124,0.0531,doc_api
2021-11-18,0.0344,0.0537,0.2171,0.0163,0.049,doc_api
2021-11-19,0.0192,0.0318,0.1437,0.0093,0.0433,doc_api
2021-11-20,0.0206,0.0404,0.1501,0.0083,0.0349,doc_api
2021-11-21,0.0195,0.0242,0.1035,0.0057,0.0,doc_api
2021-11-22,0.0212,0.0137,0.1316,0.0108,0.0,doc_api
2021-11-23,0.02,0.0219,0.243,0.0093,0.0,doc_api
2021-11-24,0.0053,0.0201,0.2268,0.015,0.0,doc_api
2021-11-25,0.0132,0.024,0.161,0.0063,0.0,doc_api
2021-11-26,0.0195,0.024,0.1487,0.0094,0.0,doc_api
2021-11-27,0.0111,0.0193,0.1351,0.0055,0.0,doc_api
2021-11-28,0.0205,0.0231,0.1844,0.008,0.0461,doc_api
2021-11-29,0.0093,0.0121,0.1795,0.0055,0.0306,doc_api
2021-11-30,0.0135,0.0183,0.2012,0.0037,0.0299,doc_api
2021-12-01,0.012,0.0143,0.1704,0.0091,0.0472,doc_api
2021-12-02,0.018,0.0177,0.1531,0.0091,0.0422,doc_api
2021-12-03,0.012,0.0192,0.1809,0.025,0.0267,doc_api
2021-12-04,0.0249,0.0142,0.1207,0.0146,0.0466,doc_api
2021-12-05,0.0114,0.0341,0.1532,0.0252,0.0499,doc_api
2021-12-06,0.0313,0.0704,0.1182,0.0542,0.0374,doc_api
2021-12-07,0.0128,0.0226,0.1426,0.0237,0.1309,doc_api
2021-12-08,0.0593,0.0669,0.1441,0.0152,0.0699,doc_api
2021-12-09,0.0209999999999999,0.0265,0.2028,0.0076,0.042,doc_api
2021-12-10,0.0143,0.0184,0.2856,0.008,0.03,doc_api
2021-12-11,0.0198,0.0236,0.2362,0.0172,0.0275,doc_api
2021-12-12,0.0113,0.0397,0.2899,0.0103,0.0412,doc_api
2021-12-13,0.0077,0.0248,0.1909,0.0106,0.036,doc_api
2021-12-14,0.0089,0.0193,0.1807,0.0239,0.0406,doc_api
2021-12-15,0.0057,0.0144,0.1966,0.0159,0.0494,doc_api
2021-12-16,0.0209999999999999,0.0234,0.2191,0.0136,0.063,doc_api
2021-12-17,0.0124,0.0221,0.1842,0.0113,0.065,doc_api
2021-12-18,0.0276,0.0347,0.1969,0.0084,0.0427,doc_api
2021-12-19,0.0356,0.0214,0.1059,0.0382,0.0794,doc_api
2021-12-20,0.023,0.017,0.1628,0.014,0.0523,doc_api
2021-12-21,0.018,0.0183,0.1705,0.0067,0.038,doc_api
2021-12-22,0.0110999999999999,0.0165,0.1581,0.0094,0.031,doc_api
2021-12-23,0.0092,0.034,0.2009,0.0106,0.0337,doc_api
2021-12-24,0.0374,0.0255,0.1277,0.0236,0.0453,doc_api
2021-12-25,0.013,0.0129,0.1342,0.0184,0.0647,doc_api
2021-12-26,0.01,0.0296,0.1297,0.0059,0.0823,doc_api
2021-12-27,0.0106,0.0169,0.1698,0.0081,0.0569,doc_api
2021-12-28,0.0176,0.0242,0.1965,0.0042,0.0556,doc_api
2021-12-29,0.0089,0.0136,0.1416,0.0092,0.0925,doc_api
2021-12-30,0.0128,0.0385,0.1417,0.0116,0.0793,doc_api
2021-12-31,0.0426,0.0809,0.1892,0.0708,0.0735,doc_api
2022-01-01,0.0562,0.0535,0.1037,0.0468,0.0502,doc_api
2022-01-02,0.026,0.0354,0.0925,0.031,0.095,doc_api
2022-01-03,0.0286,0.0403,0.1439,0.0365,0.116,doc_api
2022-01-04,0.0264,0.0471,0.1576,0.0201,0.0333,doc_api
2022-01-05,0.0221999999999999,0.021,0.1645,0.019,0.0652,doc_api
2022-01-06,0.0181,0.0277,0.14,0.009,0.0301,doc_api
2022-01-07,0.0188,0.0296,0.1228,0.0123,0.0465,doc_api
2022-01-08,0.0152,0.0225,0.1283,0.0032,0.0313,doc_api
2022-01-09,0.0092,0.0212,0.1176,0.0054,0.0207,doc_api
2022-01-10,0.0094,0.0136,0.1447,0.0063,0.0224,doc_api
2022-01-11,0.0155,0.0267,0.1207,0.0096,0.0182,doc_api
2022-01-12,0.0344,0.0388,0.1179,0.0051,0.0312,doc_api
2022-01-13,0.0212,0.0314,0.1505,0.042,0.0295,doc_api
2022-01-14,0.0288,0.0341,0.1372,0.0189,0.0332,doc_api
2022-01-15,0.0431,0.0653,0.2373,0.0186,0.0231,doc_api
2022-01-16,0.0142,0.0177,0.1406,0.0069,0.0467,doc_api
2022-01-17,0.0224,0.016,0.1629,0.0199,0.0972,doc_api
2022-01-18,0.0149,0.0332,0.1612,0.0116,0.0575,doc_api
2022-01-19,0.0118,0.018,0.1503,0.0044,0.0518,doc_api
2022-01-20,0.0208,0.0402,0.1862,0.0504,0.0572,doc_api
2022-01-21,0.019,0.0368,0.1647,0.006,0.0552,doc_api
2022-01-22,0.0169,0.0271,0.1314,0.0222,0.0906,doc_api
2022-01-23,0.034,0.041,0.2386,0.0075,0.0685,doc_api
2022-01-24,0.013,0.0174,0.1715,0.0082,0.0553,doc_api
2022-01-25,0.0209,0.0182,0.1917,0.0049,0.047,doc_api
2022-01-26,0.0253,0.0237,0.2088,0.0059,0.1786,doc_api
2022-01-27,0.0171,0.0262,0.178,0.0072,0.0564,doc_api
2022-01-28,0.0163999999999999,0.0277,0.3011,0.013,0.0359,doc_api
2022-01-29,0.0114,0.0131,0.2057,0.0053,0.0245,doc_api
2022-01-30,0.0114,0.0188,0.14,0.0139,0.0678,doc_api
2022-01-31,0.0107,0.0274,0.1439,0.0079,0.051,doc_api
2022-02-01,0.0154,0.018,0.1988,0.0068,0.0476,doc_api
2022-02-02,0.0121,0.0244,0.1323,0.0062,0.0455,doc_api
2022-02-03,0.0404,0.0541,0.1441,0.0036,0.0449,doc_api
2022-02-04,0.0408,0.0607,0.1898,0.0054,0.0788,doc_api
2022-02-05,0.0424,0.0392,0.1858,0.0027,0.0848,doc_api
2022-02-06,0.0219,0.0189,0.1624,0.0079,0.0457,doc_api
2022-02-07,0.0212,0.0212,0.2536,0.0106,0.0417,doc_api
2022-02-08,0.0115,0.0236,0.2006,0.0093,0.0501,doc_api
2022-02-09,0.0098999999999999,0.0223,0.1636,0.0086,0.0504,doc_api
2022-02-10,0.0185,0.018,0.1432,0.0119,0.0748,doc_api
2022-02-11,0.0316,0.0111,0.1509,0.0301,0.1077,doc_api
2022-02-12,0.0636999999999999,0.0561,0.1157,0.0138,0.0757,doc_api
2022-02-13,0.0172,0.0177,0.1146,0.0057,0.0594,doc_api
2022-02-14,0.0361,0.0242,0.1682,0.0089,0.0516,doc_api
2022-02-15,0.0253,0.01,0.2141,0.0053,0.0348,doc_api
2022-02-16,0.0155,0.0136,0.1889,0.0289,0.0485,doc_api
2022-02-17,0.0109,0.0142,0.1899,0.026,0.0704,doc_api
2022-02-18,0.0174999999999999,0.0112,0.2273,0.0192,0.0342,doc_api
2022-02-19,0.0295999999999999,0.0148,0.1518,0.0445,0.0517,doc_api
2022-02-20,0.0370999999999999,0.0531,0.1894,0.0351,0.0596,doc_api
2022-02-21,0.0178,0.0154,0.2011,0.011,0.0846,doc_api
2022-02-22,0.0094,0.0144,0.2849,0.0172,0.039,doc_api
2022-02-23,0.015,0.0129,0.23,0.0126,0.0403,doc_api
2022-02-24,0.0078,0.0106,0.2274,0.0681,0.0321,doc_api
2022-02-25,0.0075,0.0089,0.2564,0.1703,0.0242,doc_api
2022-02-26,0.0109,0.0097,0.1523,0.0762,0.0269,doc_api
2022-02-27,0.0121,0.0182,0.1822,0.0564,0.0359,doc_api
2022-02-28,0.0066,0.0113,0.2568,0.1914,0.034,doc_api
2022-03-01,0.0135,0.0091,0.2924,0.0883,0.0498,doc_api
2022-03-02,0.0098999999999999,0.0089,0.2891,0.1761,0.037,doc_api
2022-03-03,0.0169,0.0101,0.2851,0.1102,0.0509,doc_api
2022-03-04,0.0141,0.0158,0.2341,0.0644,0.0305,doc_api
2022-03-05,0.0115,0.0179,0.2629,0.0712,0.0179,doc_api
2022-03-06,0.0064,0.0104,0.3107,0.0588,0.0361,doc_api
2022-03-07,0.0144999999999999,0.0148,0.4009,0.0894,0.039,doc_api
2022-03-08,0.0089,0.0169,0.493,0.2727,0.0319,doc_api
2022-03-09,0.015,0.0169,0.4815,0.1711,0.0506,doc_api
2022-03-10,0.012,0.0103,0.3481,0.0827,0.0354,doc_api
2022-03-11,0.0149,0.0143,0.3037,0.0742,0.0337,doc_api
2022-03-12,0.0389,0.0459,0.283,0.0603,0.1153,doc_api
2022-03-13,0.0216,0.0157,0.258,0.0487,0.0501,doc_api
2022-03-14,0.0112,0.0369,0.2634,0.0732,0.0348,doc_api
2022-03-15,0.0088,0.0099,0.3139,0.0858,0.1102,doc_api
2022-03-16,0.0094,0.0127,0.363,0.0661,0.0639,doc_api
2022-03-17,0.0133,0.0152,0.352,0.0698,0.0335,doc_api
2022-03-18,0.0072,0.0199,0.2816,0.1394,0.0356,doc_api
2022-03-19,0.0093,0.0214,0.2567,0.1221,0.0531,doc_api
2022-03-20,0.0211,0.0227,0.3036,0.0743,0.1229,doc_api
2022-03-21,0.0162,0.0327,0.3508,0.0676,0.1774,doc_api
2022-03-22,0.0149,0.0206,0.3303,0.0919,0.1068,doc_api
2022-03-23,0.0152,0.0168,0.4189,0.1011,0.0583,doc_api
2022-03-24,0.0337,0.045,0.3929,0.09,0.056,doc_api
2022-03-25,0.0546,0.0977,0.4101,0.0835,0.0752,doc_api
2022-03-26,0.0203,0.0459,0.3322,0.0684,0.1067,doc_api
2022-03-27,0.0126,0.0262,0.3871,0.0394,0.0909,doc_api
2022-03-28,0.0059,0.0181,0.2972,0.0701,0.0722,doc_api
2022-03-29,0.008,0.0315,0.3264,0.0539,0.0736,doc_api
2022-03-30,0.0157,0.0184,0.3132,0.1015,0.0578,doc_api
2022-03-31,0.02,0.0352,0.2643,0.1766,0.0577,doc_api
2022-04-01,0.0288,0.0446,0.2187,0.16,0.0481,doc_api
2022-04-02,0.0351999999999999,0.0384,0.3214,0.1692,0.0317,doc_api
2022-04-03,0.0233,0.0292,0.3508,0.0525,0.0401,doc_api
2022-04-04,0.0107,0.0098,0.3455,0.1194,0.0466,doc_api
2022-04-05,0.0081,0.0105,0.2593,0.1066,0.0394,doc_api
2022-04-06,0.009,0.0089,0.2888,0.0764,0.0385,doc_api
2022-04-07,0.016,0.0233,0.4588,0.0811,0.0606,doc_api
2022-04-08,0.0113,0.0136,0.3112,0.0595,0.0441,doc_api
2022-04-09,0.0144999999999999,0.0144,0.2572,0.059,0.0437,doc_api
2022-04-10,0.0187,0.0151,0.1951,0.1713,0.0332,doc_api
2022-04-11,0.0179,0.0129,0.2782,0.1858,0.0451,doc_api
2022-04-12,0.0265,0.0339,0.3276,0.1521,0.0359,doc_api
2022-04-13,0.0095,0.0138,0.2581,0.0789,0.032,doc_api
2022-04-14,0.0077,0.0086,0.236,0.0665,0.0582,doc_api
2022-04-15,0.0143,0.0255,0.2362,0.0834,0.0419,doc_api
2022-04-16,0.0133999999999999,0.0129,0.1499,0.1677,0.0777,doc_api
2022-04-17,0.0212,0.0315,0.2274,0.0945,0.1189,doc_api
2022-04-18,0.0260999999999999,0.0189,0.319,0.0631,0.0656,doc_api
2022-04-19,0.0144999999999999,0.0097,0.2871,0.062,0.0268,doc_api
2022-04-20,0.0087,0.0159,0.2616,0.0784,0.0422,doc_api
2022-04-21,0.0268,0.0082,0.2138,0.1375,0.0363,doc_api
2022-04-22,0.0226,0.0105,0.2942,0.2738,0.028,doc_api
2022-04-23,0.0138,0.0239,0.1449,0.1514,0.0459,doc_api
2022-04-24,0.0154,0.0202,0.1624,0.0,0.0434,doc_api
2022-04-25,0.0203,0.0194,0.2445,0.0,0.0595,doc_api
2022-04-26,0.0085,0.0104,0.2214,0.0,0.0366,doc_api
2022-04-27,0.0086,0.0075,0.3322,0.0,0.0255,doc_api
2022-04-28,0.0075,0.0122,0.2803,0.0,0.0339,doc_api
2022-04-29,0.0163,0.0143,0.2814,0.0,0.0477,doc_api
2022-04-30,0.0263,0.0855,0.2158,0.0,0.0254,doc_api
2022-05-01,0.0234,0.025,0.2907,0.1201,0.1052,doc_api
2022-05-02,0.0156,0.0118,0.2947,0.1988,0.1,doc_api
2022-05-03,0.0105,0.0079,0.338,0.1091,0.0348,doc_api
2022-05-04,0.0073,0.0073,0.3204,0.1585,0.0345,doc_api
2022-05-05,0.0182,0.0082,0.3482,0.141,0.0262,doc_api
2022-05-06,0.0121,0.0116,0.2486,0.1074,0.0231,doc_api
2022-05-07,0.0124,0.0186,0.2537,0.0481,0.0814,doc_api
2022-05-08,0.0218,0.0101,0.2106,0.0,0.1018,doc_api
2022-05-09,0.0139,0.0161,0.3741,0.0,0.081,doc_api
2022-05-10,0.0212,0.0151,0.4412,0.0,0.0412,doc_api
2022-05-11,0.0104,0.0087,0.3135,0.0,0.041,doc_api
2022-05-12,0.0166,0.0146,0.2652,0.0,0.0379,doc_api
2022-05-13,0.0116999999999999,0.0147,0.3209,0.0,0.0452,doc_api
2022-05-14,0.01,0.011,0.1562,0.0,0.0571,doc_api
2022-05-15,0.0181,0.0245,0.2275,0.0276,0.0383,doc_api
2022-05-16,0.0158,0.0258,0.3358,0.0326,0.0351,doc_api
2022-05-17,0.0154,0.0253,0.2374,0.0461,0.0578,doc_api
2022-05-18,0.0179,0.0231,0.2797,0.0391,0.0475,doc_api
2022-05-19,0.0233999999999999,0.0214,0.2385,0.0764,0.0576,doc_api
2022-05-20,0.0207,0.0266,0.2323,0.0596,0.05,doc_api
2022-05-21,0.0277,0.0387,0.1729,0.0382,0.0458,doc_api
2022-05-22,0.0234,0.0351,0.212,0.0914,0.0728,doc_api
2022-05-23,0.0136,0.0154,0.3921,0.1669,0.0526,doc_api
2022-05-24,0.0192999999999999,0.0196,0.4496,0.1663,0.0781,doc_api
2022-05-25,0.0116,0.0108,0.3119,0.0966,0.0363,doc_api
2022-05-26,0.0135,0.0115,0.3213,0.0532,0.0487,doc_api
2022-05-27,0.005,0.0156,0.3353,0.0737,0.0411,doc_api
2022-05-28,0.0115,0.015,0.2465,0.0446,0.1007,doc_api
2022-05-29,0.0186,0.0169,0.2553,0.0462,0.1223,doc_api
2022-05-30,0.0286,0.012,0.428,0.0619,0.0554,doc_api
2022-05-31,0.0221,0.0309,0.4083,0.1812,0.0638,doc_api
2022-06-01,0.0071,0.0137,0.2708,0.1471,0.0515,doc_api
2022-06-02,0.0168,0.0142,0.351,0.0868,0.0334,doc_api
2022-06-03,0.0133,0.0099,0.2334,0.1317,0.0258,doc_api
2022-06-04,0.0141,0.0156,0.2836,0.0655,0.071,doc_api
2022-06-05,0.0113,0.018,0.2326,0.0506,0.0646,doc_api
2022-06-06,0.0115,0.0178,0.2564,0.0859,0.0453,doc_api
2022-06-07,0.0123,0.0129,0.2471,0.0598,0.0616,doc_api
2022-06-08,0.0138,0.0137,0.2386,0.0512,0.0699,doc_api
2022-06-09,0.0161,0.0266,0.2636,0.085,0.0608,doc_api
2022-06-10,0.0102,0.024,0.2807,0.0814,0.077,doc_api
2022-06-11,0.0079,0.0163,0.2344,0.0465,0.0692,doc_api
2022-06-12,0.0268,0.0364,0.1636,0.0278,0.0508,doc_api
2022-06-13,0.0084,0.0159,0.2582,0.1427,0.0673,doc_api
2022-06-14,0.0026,0.0197,0.3281,0.0638,0.0771,doc_api
2022-06-15,0.0068,0.0103,0.3138,0.0434,0.0391,doc_api
2022-06-16,0.0184,0.019,0.305,0.04,0.0374,doc_api
2022-06-17,0.0156,0.011,0.2501,0.0504,0.0238,doc_api
2022-06-18,0.0171,0.0172,0.1679,0.0609,0.0201,doc_api
2022-06-19,0.0156,0.0261,0.2576,0.0423,0.0313,doc_api
2022-06-20,0.0107,0.0183,0.3093,0.1184,0.0223,doc_api
2022-06-21,0.0097,0.0242,0.3925,0.0532,0.0266,doc_api
2022-06-22,0.0176,0.0137,0.3497,0.1035,0.0298,doc_api
2022-06-23,0.0324,0.038,0.3916,0.0902,0.0321,doc_api
2022-06-24,0.01,0.015,0.2794,0.0866,0.0388,doc_api
2022-06-25,0.0138,0.0182,0.2812,0.0427,0.0324,doc_api
2022-06-26,0.0164,0.0147,0.3502,0.2176,0.0256,doc_api
2022-06-27,0.0070999999999999,0.011,0.3598,0.2752,0.0344,doc_api
2022-06-28,0.0096,0.0066,0.3691,0.1934,0.0411,doc_api
2022-06-29,0.0059,0.0059,0.2961,0.0748,0.0321,doc_api
2022-06-30,0.0058,0.0075,0.2581,0.0515,0.0754,doc_api
2022-07-01,0.0107,0.0076,0.2785,0.0684,0.0908,doc_api
2022-07-02,0.0105,0.0068,0.2111,0.0366,0.0454,doc_api
2022-07-03,0.0206,0.0171,0.1704,0.0444,0.0929,doc_api
2022-07-04,0.0081,0.011,0.3144,0.0512,0.0961,doc_api
2022-07-05,0.0073,0.0112,0.2918,0.0536,0.0714,doc_api
2022-07-06,0.007,0.0089,0.8466,0.1187,0.0288,doc_api
2022-07-07,0.0322999999999999,0.0492,0.3848,0.061,0.0483,doc_api
2022-07-08,0.0118,0.0184,0.342,0.0707,0.0349,doc_api
2022-07-09,0.016,0.0227,0.3332,0.0541,0.0247,doc_api
2022-07-10,0.0094,0.0094,0.2881,0.0606,0.0935,doc_api
2022-07-11,0.0124,0.0134,0.3699,0.0547,0.0533,doc_api
2022-07-12,0.0133,0.0096,0.3264,0.0509,0.0304,doc_api
2022-07-13,0.0247,0.029,0.3009,0.1117,0.0955,doc_api
2022-07-14,0.01,0.0118,0.3869,0.088,0.0543,doc_api
2022-07-15,0.0191,0.0297,0.4039,0.1277,0.0393,doc_api
2022-07-16,0.0292,0.0272,0.7812,0.0507,0.0466,doc_api
2022-07-17,0.0446,0.0589,0.4392,0.048,0.1527,doc_api
2022-07-18,0.0189,0.0283,0.3885,0.0455,0.0825,doc_api
2022-07-19,0.0167,0.0314,0.3017,0.0885,0.0472,doc_api
2022-07-20,0.0211,0.0224,0.4103,0.0396,0.0374,doc_api
2022-07-21,0.0159,0.018,0.3083,0.0312,0.0447,doc_api
2022-07-22,0.0115,0.0194,0.2904,0.0368,0.0579,doc_api
2022-07-23,0.0175,0.0191,0.238,0.0818,0.0786,doc_api
2022-07-24,0.0456,0.0324,0.1787,0.0252,0.0612,doc_api
2022-07-25,0.0205999999999999,0.0278,0.2811,0.0299,0.0508,doc_api
2022-07-26,0.0605,0.0153,0.3627,0.0411,0.0358,doc_api
2022-07-27,0.0095,0.02,0.3374,0.051,0.1016,doc_api
2022-07-28,0.0136,0.0176,0.5782,0.0438,0.0546,doc_api
2022-07-29,0.0106,0.0356,0.3829,0.0676,0.058,doc_api
2022-07-30,0.0096,0.0278,0.3232,0.0648,0.1284,doc_api
2022-07-31,0.0048,0.0285,0.2236,0.0273,0.0978,doc_api
2022-08-01,0.0063,0.0125,0.3535,0.0293,0.0801,doc_api
2022-08-02,0.0106,0.0103,0.2824,0.0212,0.0847,doc_api
2022-08-03,0.0066,0.0116,0.2572,0.0286,0.0968,doc_api
2022-08-04,0.0118,0.0212,0.2538,0.0393,0.0883,doc_api
2022-08-05,0.0161,0.028,0.3119,0.0378,0.0925,doc_api
2022-08-06,0.0401,0.0297,0.241,0.0239,0.0859,doc_api
2022-08-07,0.0315,0.0635,0.222,0.0362,0.07,doc_api
2022-08-08,0.0092,0.0174,0.2722,0.033,0.0539,doc_api
2022-08-09,0.0058,0.0189,0.2519,0.0256,0.0381,doc_api
2022-08-10,0.0063,0.0089,0.2683,0.0329,0.1142,doc_api
2022-08-11,0.0161,0.0087,0.2898,0.0402,0.0389,doc_api
2022-08-12,0.0335,0.0352,0.2919,0.0318,0.0291,doc_api
2022-08-13,0.0493,0.0375,0.2606,0.0408,0.0231,doc_api
2022-08-14,0.0412,0.0287,0.2525,0.048,0.1652,doc_api
2022-08-15,0.0291,0.0244,0.3165,0.0363,0.121,doc_api
2022-08-16,0.0193,0.0217,0.2531,0.0624,0.0755,doc_api
2022-08-17,0.0269,0.0146,0.303,0.0647,0.0621,doc_api
2022-08-18,0.011,0.0203,0.2416,0.045,0.0466,doc_api
2022-08-19,0.0153,0.0216,0.2636,0.0449,0.0397,doc_api
2022-08-20,0.0275,0.0205,0.2292,0.0314,0.0405,doc_api
2022-08-21,0.0711,0.0368,0.3189,0.0286,0.0838,doc_api
2022-08-22,0.0076,0.0122,0.2442,0.0344,0.0333,doc_api
2022-08-23,0.0229,0.0129,0.3033,0.0193,0.0851,doc_api
2022-08-24,0.0278,0.0086,0.2848,0.0659,0.0992,doc_api
2022-08-25,0.0269,0.019,0.2199,0.0516,0.0671,doc_api
2022-08-26,0.0231,0.0168,0.3052,0.0366,0.0785,doc_api
2022-08-27,0.0322,0.0512,0.1902,0.0409,0.0458,doc_api
2022-08-28,0.0157,0.0375,0.2109,0.0459,0.0913,doc_api
2022-08-29,0.0198,0.0318,0.3085,0.0296,0.0568,doc_api
2022-08-30,0.0142,0.0345,0.3461,0.0497,0.0581,doc_api
2022-08-31,0.0238999999999999,0.0293,0.34,0.0668,0.0476,doc_api
2022-09-01,0.0169,0.0156,0.3013,0.0586,0.1086,doc_api
2022-09-02,0.0078999999999999,0.0283,0.2984,0.1562,0.0733,doc_api
2022-09-03,0.0138,0.0293,0.2114,0.1043,0.0977,doc_api
2022-09-04,0.0260999999999999,0.0391,0.4264,0.0687,0.0616,doc_api
2022-09-05,0.0068,0.0185,0.3233,0.0732,0.0324,doc_api
2022-09-06,0.0159,0.0166,0.3513,0.0885,0.0504,doc_api
2022-09-07,0.0083,0.0211,0.3081,0.0766,0.0304,doc_api
2022-09-08,0.0179,0.0318,0.3922,0.0778,0.0721,doc_api
2022-09-09,0.0413,0.0629,0.265,0.048,0.0748,doc_api
2022-09-10,0.0621,0.0466,0.2775,0.0285,0.0383,doc_api
2022-09-11,0.0226,0.0285,0.1933,0.0563,0.048,doc_api
2022-09-12,0.0345,0.0298,0.2887,0.0884,0.0355,doc_api
2022-09-13,0.0258,0.0336,0.2675,0.0445,0.0501,doc_api
2022-09-14,0.0527,0.0633,0.3299,0.0667,0.0405,doc_api
2022-09-15,0.0555,0.0486,0.2556,0.1134,0.0386,doc_api
2022-09-16,0.0238,0.0419,0.4794,0.1265,0.0218,doc_api
2022-09-17,0.0235,0.0214,0.3675,0.141,0.054,doc_api
2022-09-18,0.0369,0.0142,0.3875,0.0456,0.0548,doc_api
2022-09-19,0.0144,0.0126,0.3834,0.0484,0.0334,doc_api
2022-09-20,0.0216999999999999,0.0152,0.4191,0.0904,0.0447,doc_api
2022-09-21,0.0088,0.0117,0.394,0.0641,0.0481,doc_api
2022-09-22,0.0150999999999999,0.0164,0.5673,0.0498,0.0481,doc_api
2022-09-23,0.0164,0.04,0.3577,0.0626,0.0343,doc_api
2022-09-24,0.0634,0.0189,0.3762,0.1242,0.0367,doc_api
2022-09-25,0.0678,0.0151,0.3392,0.0475,0.0464,doc_api
2022-09-26,0.0322,0.009,0.3855,0.0367,0.0392,doc_api
2022-09-27,0.03,0.0192,0.4562,0.0324,0.0466,doc_api
2022-09-28,0.0149,0.014,0.582,0.0653,0.0432,doc_api
2022-09-29,0.0251,0.0264,0.3877,0.0257,0.063,doc_api
2022-09-30,0.0146,0.0221,0.293,0.0254,0.0582,doc_api
2022-10-01,0.0063,0.0161,0.3806,0.0302,0.0406,doc_api
2022-10-02,0.0221999999999999,0.021,0.2681,0.0775,0.0547,doc_api
2022-10-03,0.0218,0.0116,0.214,0.0323,0.0566,doc_api
2022-10-04,0.0224,0.0203,0.3327,0.0498,0.0657,doc_api
2022-10-05,0.0094,0.0097,0.3268,0.0556,0.0503,doc_api
2022-10-06,0.0153,0.0109,0.3329,0.0558,0.0836,doc_api
2022-10-07,0.0245,0.022,0.413,0.0498,0.0611,doc_api
2022-10-08,0.013,0.0544,0.3594,0.0614,0.037,doc_api
2022-10-09,0.0172,0.0178,0.2622,0.0736,0.0552,doc_api
2022-10-10,0.0069,0.0069,0.2741,0.0532,0.0782,doc_api
2022-10-11,0.0084,0.0099,0.2956,0.0436,0.0305,doc_api
2022-10-12,0.0145,0.0098,0.4505,0.0583,0.0517,doc_api
2022-10-13,0.04,0.012,0.3678,0.0475,0.0315,doc_api
2022-10-14,0.0496,0.027,0.3363,0.0458,0.0366,doc_api
2022-10-15,0.0246,0.0261,0.3113,0.0133,0.0496,doc_api
2022-10-16,0.0351,0.0149,0.3343,0.1388,0.056,doc_api
2022-10-17,0.0088,0.015,0.3775,0.0327,0.0398,doc_api
2022-10-18,0.033,0.023,0.3402,0.0337,0.0473,doc_api
2022-10-19,0.0173,0.0167,0.3063,0.0487,0.0431,doc_api
2022-10-20,0.0121,0.0115,0.3565,0.0258,0.0261,doc_api
2022-10-21,0.0172,0.0215,0.3164,0.0288,0.0335,doc_api
2022-10-22,0.0256,0.0373,0.3102,0.0217,0.0451,doc_api
2022-10-23,0.016,0.0345,0.2174,0.0352,0.0364,doc_api
2022-10-24,0.0374,0.0225,0.2989,0.0317,0.035,doc_api
2022-10-25,0.0121,0.0288,0.285,0.085,0.0358,doc_api
2022-10-26,0.0315,0.0401,0.3273,0.0408,0.0401,doc_api
2022-10-27,0.0529,0.035,0.4667,0.0946,0.0266,doc_api
2022-10-28,0.0238999999999999,0.0209,0.2992,0.0796,0.025,doc_api
2022-10-29,0.013,0.0197,0.3515,0.1476,0.1273,doc_api
2022-10-30,0.0259,0.0309,0.2037,0.0284,0.1339,doc_api
2022-10-31,0.0174,0.0308,0.2818,0.0571,0.1287,doc_api
2022-11-01,0.0175,0.0134,0.374,0.0433,0.0357,doc_api
2022-11-02,0.0274,0.0218,0.4153,0.0632,0.0294,doc_api
2022-11-03,0.0154,0.0069,0.3767,0.0219,0.0429,doc_api
2022-11-04,0.0174,0.0139,0.4389,0.0285,0.0264,doc_api
2022-11-05,0.0197,0.0148,0.2225,0.0234,0.1196,doc_api
2022-11-06,0.0096,0.0126,0.3508,0.0546,0.0852,doc_api
2022-11-07,0.0110999999999999,0.016,0.4423,0.059,0.0551,doc_api
2022-11-08,0.0065,0.0127,0.3776,0.0721,0.0531,doc_api
2022-11-09,0.0208,0.0131,0.2788,0.0473,0.033,doc_api
2022-11-10,0.0127999999999999,0.0152,0.2929,0.0391,0.0329,doc_api
2022-11-11,0.0,0.0115,0.2903,0.0316,0.0661,doc_api
2022-11-12,0.0254,0.0243,0.2454,0.1284,0.205,doc_api
2022-11-13,0.0236,0.0254,0.4274,0.0642,0.1417,doc_api
2022-11-14,0.0068,0.0165,0.4817,0.0813,0.0537,doc_api
2022-11-15,0.0104,0.0189,0.8523,0.1023,0.0372,doc_api
2022-11-16,0.0078,0.0209,0.5458,0.1198,0.0499,doc_api
2022-11-17,0.0118,0.0159,0.325,0.0504,0.0663,doc_api
2022-11-18,0.008,0.0208,0.3572,0.0387,0.0245,doc_api
2022-11-19,0.0053,0.053,0.3,0.0278,0.0425,doc_api
2022-11-20,0.0059,0.0141,0.3088,0.0206,0.0481,doc_api
2022-11-21,0.0095,0.0215,0.2932,0.0472,0.0743,doc_api
2022-11-22,0.0119,0.0095,0.3192,0.042,0.0755,doc_api
2022-11-23,0.0125,0.0099,0.3092,0.0359,0.0563,doc_api
2022-11-24,0.1151,0.0069,0.2846,0.087,0.0599,doc_api
2022-11-25,0.0336999999999999,0.0115,0.258,0.0498,0.0486,doc_api
2022-11-26,0.0584,0.021,0.2095,0.0268,0.0554,doc_api
2022-11-27,0.0179,0.0159,0.2278,0.0352,0.0418,doc_api
2022-11-28,0.01,0.0122,0.2971,0.0422,0.0451,doc_api
2022-11-29,0.046,0.0324,0.3836,0.0891,0.0363,doc_api
2022-11-30,0.0312,0.0318,0.3088,0.0433,0.0777,doc_api
2022-12-01,0.0314,0.0307,0.4133,0.0375,0.0375,doc_api
2022-12-02,0.0168,0.016,0.3352,0.2267,0.0311,doc_api
2022-12-03,0.0294,0.0121,0.3348,0.3048,0.0432,doc_api
2022-12-04,0.0446,0.0338,0.3288,0.2861,0.0491,doc_api
2022-12-05,0.0199,0.0064,0.2889,0.3646,0.0398,doc_api
2022-12-06,0.0154,0.0124,0.3408,0.125,0.0464,doc_api
2022-12-07,0.0105,0.0169,0.388,0.0997,0.0733,doc_api
2022-12-08,0.0116,0.0043,0.2645,0.0702,0.0479,doc_api
2022-12-09,0.0226,0.0187,0.3557,0.0552,0.0396,doc_api
2022-12-10,0.0289,0.0122,0.4777,0.0433,0.04,doc_api
2022-12-11,0.0237999999999999,0.0194,0.3871,0.0664,0.0465,doc_api
2022-12-12,0.0466,0.0765,0.3556,0.0617,0.0538,doc_api
2022-12-13,0.1945,0.2768,0.4477,0.0402,0.0369,doc_api
2022-12-14,0.0856,0.1494,0.3183,0.0513,0.0849,doc_api
2022-12-15,0.1194,0.1066,0.3144,0.0275,0.0493,doc_api
2022-12-16,0.0655,0.0911,0.3372,0.0825,0.071,doc_api
2022-12-17,0.1043999999999999,0.1654,0.5037,0.0348,0.0364,doc_api
2022-12-18,0.0728,0.1456,0.5138,0.0358,0.0278,doc_api
2022-12-19,0.0417,0.087,0.3809,0.0383,0.0718,doc_api
2022-12-20,0.0405,0.0766,0.294,0.0269,0.0759,doc_api
2022-12-21,0.035,0.0668,0.1945,0.028,0.0597,doc_api
2022-12-22,0.033,0.0629,0.2439,0.0288,0.0896,doc_api
2022-12-23,0.0351999999999999,0.067,0.2457,0.0398,0.0739,doc_api
2022-12-24,0.0381,0.0649,0.2554,0.019,0.0411,doc_api
2022-12-25,0.0568,0.1295,0.1757,0.05,0.0545,doc_api
2022-12-26,0.0605,0.0579,0.2436,0.0396,0.0668,doc_api
2022-12-27,0.0141,0.0245,0.2753,0.1403,0.0523,doc_api
2022-12-28,0.0133999999999999,0.0291,0.3049,0.0724,0.0433,doc_api
2022-12-29,0.0102,0.0149,0.3302,0.0534,0.0263,doc_api
2022-12-30,0.015,0.0158,0.3889,0.0316,0.0287,doc_api
2022-12-31,0.0661,0.0743,0.2495,0.0454,0.0454,doc_api
2023-01-01,0.054,0.0747,0.2745,0.0249,0.0875,doc_api
2023-01-02,0.0723,0.0448,0.2848,0.0234,0.0641,doc_api
2023-01-03,0.0783,0.071,0.2496,0.0309,0.0374,doc_api
2023-01-04,0.0181,0.0135,0.2115,0.0334,0.0376,doc_api
2023-01-05,0.0205,0.0153,0.2955,0.0423,0.0499,doc_api
2023-01-06,0.0102,0.0141,0.2095,0.0274,0.0304,doc_api
2023-01-07,0.0161,0.0355,0.1104,0.0311,0.0887,doc_api
2023-01-08,0.0243,0.0309,0.3528,0.2067,0.0382,doc_api
2023-01-09,0.0113,0.0256,0.257,0.2985,0.2243,doc_api
2023-01-10,0.0062,0.0193,0.3581,0.3084,0.0614,doc_api
2023-01-11,0.0076,0.0164,0.3651,0.2535,0.0686,doc_api
2023-01-12,0.0285,0.0442,0.4562,0.2545,0.032,doc_api
2023-01-13,0.0142,0.0305,0.4379,0.2985,0.0404,doc_api
2023-01-14,0.0137,0.0364,0.5069,0.2574,0.0433,doc_api
2023-01-15,0.0732,0.0661,0.4091,0.0,0.0602,doc_api
2023-01-16,0.0257,0.025,0.3626,0.0,0.0715,doc_api
2023-01-17,0.0234,0.0247,0.5159,0.0,0.0596,doc_api
2023-01-18,0.0181,0.0204,0.3958,0.0,0.0471,doc_api
2023-01-19,0.0147999999999999,0.0205,0.384,0.0,0.0312,doc_api
2023-01-20,0.0224,0.0378,0.4049,0.0,0.0268,doc_api
2023-01-21,0.0155,0.0311,0.274,0.0062,0.03,doc_api
2023-01-22,0.0378,0.0258,0.2959,0.2994,0.0292,doc_api
2023-01-23,0.0463,0.0292,0.2979,0.3275,0.0467,doc_api
2023-01-24,0.0676,0.0192,0.2623,0.2732,0.0414,doc_api
2023-01-25,0.0356999999999999,0.0251,0.2559,0.2796,0.0485,doc_api
2023-01-26,0.0619,0.0311,0.2367,0.244,0.0377,doc_api
2023-01-27,0.052,0.0383,0.2692,0.2636,0.0482,doc_api
2023-01-28,0.0554999999999999,0.0693,0.2793,0.2893,0.0312,doc_api
2023-01-29,0.0225,0.045,0.5711,0.3135,0.0363,doc_api
2023-01-30,0.0105,0.027,0.4058,0.2946,0.0333,doc_api
2023-01-31,0.0151,0.017,0.4046,0.2481,0.0402,doc_api
2023-02-01,0.0088,0.022,0.32,0.2562,0.0461,doc_api
2023-02-02,0.0389,0.0251,0.3889,0.2108,0.0407,doc_api
2023-02-03,0.0214,0.0287,0.4425,0.3514,0.0571,doc_api
2023-02-04,0.022,0.0209,0.2798,0.3248,0.0637,doc_api
2023-02-05,0.2461,0.0302,0.4204,0.4933,0.0379,doc_api
2023-02-06,0.0196,0.0231,0.3211,0.36,0.0427,doc_api
2023-02-07,0.0194,0.0242,0.4751,0.2851,0.0287,doc_api
2023-02-08,0.0129,0.0337,0.3473,0.2941,0.0236,doc_api
2023-02-09,0.0095,0.0211,0.3475,0.2177,0.0211,doc_api
2023-02-10,0.01,0.0256,0.3493,0.2719,0.0206,doc_api
2023-02-11,0.0091,0.0204,0.4041,0.3006,0.0263,doc_api
2023-02-12,0.031,0.0393,0.3251,0.2995,0.0482,doc_api
2023-02-13,0.014,0.0259,0.3205,0.2914,0.0603,doc_api
2023-02-14,0.0104999999999999,0.0191,0.3587,0.2824,0.048,doc_api
2023-02-15,0.0186,0.0259,0.3536,0.1807,0.0333,doc_api
2023-02-16,0.0149,0.0222,0.4653,0.2709,0.045,doc_api
2023-02-17,0.0318,0.0404,0.3757,0.3191,0.0549,doc_api
2023-02-18,0.0202,0.0362,0.3841,0.3165,0.0501,doc_api
2023-02-19,0.0183,0.0378,0.3602,0.3247,0.0602,doc_api
2023-02-20,0.0078,0.0196,0.42,0.3585,0.0467,doc_api
2023-02-21,0.0174,0.0338,0.4642,0.3798,0.0546,doc_api
2023-02-22,0.025,0.0333,0.3548,0.2917,0.0945,doc_api
2023-02-23,0.0087,0.0229,0.3769,0.2643,0.0381,doc_api
2023-02-24,0.0085,0.0142,0.3698,0.2699,0.024,doc_api
2023-02-25,0.0286,0.0286,0.3492,0.3497,0.035,doc_api
2023-02-26,0.0281,0.0413,0.2704,0.2267,0.0825,doc_api
2023-02-27,0.0151,0.0177,0.3038,0.1156,0.0524,doc_api
2023-02-28,0.0186,0.0189,0.4477,0.2366,0.0495,doc_api
2023-03-01,0.0115,0.0183,0.3635,0.2575,0.0323,doc_api
2023-03-02,0.0302,0.033,0.6254,0.2509,0.0591,doc_api
2023-03-03,0.018,0.0271,0.3215,0.2248,0.0609,doc_api
2023-03-04,0.0223,0.0234,0.3082,0.3066,0.0314,doc_api
2023-03-05,0.0413,0.0396,0.4114,0.3428,0.1001,doc_api
2023-03-06,0.014,0.0266,0.3931,0.3131,0.0531,doc_api
2023-03-07,0.0151,0.0274,0.3545,0.239,0.0759,doc_api
2023-03-08,0.0144999999999999,0.0091,0.2998,0.2188,0.0553,doc_api
2023-03-09,0.0341,0.0274,0.374,0.2243,0.0363,doc_api
2023-03-10,0.0319,0.021,0.4854,0.1891,0.0443,doc_api
2023-03-11,0.0258,0.0142,0.4962,0.2951,0.0441,doc_api
2023-03-12,0.0118,0.0325,0.3904,0.2805,0.0516,doc_api
2023-03-13,0.0275,0.0235,0.3952,0.2636,0.071,doc_api
2023-03-14,0.0159,0.0166,0.4529,0.2501,0.0426,doc_api
2023-03-15,0.0228,0.0341,0.4162,0.207,0.052,doc_api
2023-03-16,0.0224,0.0236,0.4198,0.3033,0.0416,doc_api
2023-03-17,0.015,0.0113,0.2897,0.2248,0.0249,doc_api
2023-03-18,0.0278,0.0477,0.3003,0.2835,0.0367,doc_api
2023-03-19,0.0081,0.0236,0.4479,0.323,0.0541,doc_api
2023-03-20,0.0214,0.0126,0.3293,0.2649,0.0501,doc_api
2023-03-21,0.0276,0.0265,0.3092,0.2296,0.0435,doc_api
2023-03-22,0.0085,0.0156,0.3332,0.0922,0.061,doc_api
2023-03-24,0.0069,0.0131,0.1081,0.0131,0.0584,doc_api
2023-03-25,0.0139,0.0162,0.1539,0.0656,0.0412,doc_api
2023-03-26,0.0181,0.0251,0.2139,0.2041,0.0258,doc_api
2023-03-27,0.0075,0.013,0.2668,0.1599,0.0405,doc_api
2023-03-28,0.0186,0.0173,0.254,0.1035,0.0372,doc_api
2023-03-29,0.0098,0.0216,0.2864,0.1821,0.0222,doc_api
2023-03-30,0.0277,0.0156,0.4132,0.1832,0.0439,doc_api
2023-03-31,0.0278,0.022,0.2434,0.219,0.0342,doc_api
2023-04-01,0.0306,0.0347,0.204,0.1903,0.0637,doc_api
2023-04-02,0.0435,0.0263,0.2627,0.1734,0.048,doc_api
2023-04-03,0.0131,0.0169,0.2944,0.2206,0.0288,doc_api
2023-04-04,0.0237,0.0915,0.2672,0.2051,0.0328,doc_api
2023-04-05,0.0246,0.0423,0.2918,0.1911,0.0355,doc_api
2023-04-06,0.0104999999999999,0.0196,0.2918,0.1999,0.0386,doc_api
2023-04-07,0.009,0.0173,0.3191,0.1393,0.043,doc_api
2023-04-08,0.0115,0.036,0.2568,0.1686,0.1847,doc_api
2023-04-09,0.0293,0.0303,0.2413,0.1817,0.1182,doc_api
2023-04-10,0.0167,0.0632,0.2307,0.2495,0.1192,doc_api
2023-04-11,0.0126,0.065,0.2326,0.2343,0.0524,doc_api
2023-04-12,0.0055,0.0215,0.2559,0.192,0.0375,doc_api
2023-04-13,0.0159,0.0145,0.2532,0.2127,0.028,doc_api
2023-04-14,0.0175,0.0168,0.247,0.1901,0.0207,doc_api
2023-04-15,0.0185,0.02,0.2949,0.1997,0.033,doc_api
2023-04-16,0.0262,0.0151,0.7645,0.2199,0.0373,doc_api
2023-04-17,0.0254,0.0187,0.2279,0.1085,0.0385,doc_api
2023-04-18,0.0158,0.0139,0.1556,0.0316,0.0196,doc_api
2023-04-19,0.0196,0.0183,0.1775,0.0434,0.0378,doc_api
2023-04-20,0.0253,0.015,0.2347,0.0345,0.0299,doc_api
2023-04-21,0.0305,0.0259,0.203,0.0385,0.0272,doc_api
2023-04-22,0.016,0.0327,0.1363,0.0341,0.0334,doc_api
2023-04-23,0.0732999999999999,0.0552,0.1009,0.0319,0.0198,doc_api
2023-04-24,0.0402,0.0308,0.2341,0.0417,0.0396,doc_api
2023-04-25,0.0389,0.0351,0.1618,0.0327,0.0355,doc_api
2023-04-26,0.0182,0.0126,0.1778,0.028,0.0442,doc_api
2023-04-27,0.0238999999999999,0.0372,0.2915,0.0376,0.1037,doc_api
2023-04-28,0.0301,0.0498,0.3081,0.0454,0.0679,doc_api
2023-04-29,0.0325,0.0299,0.2276,0.0346,0.0593,doc_api
2023-04-30,0.0578,0.0274,0.2184,0.0333,0.0378,doc_api
2023-05-01,0.0203,0.0203,0.1575,0.0333,0.0519,doc_api
2023-05-02,0.0237999999999999,0.0161,0.1538,0.0256,0.0507,doc_api
2023-05-03,0.0181,0.0214,0.2217,0.047,0.0913,doc_api
2023-05-04,0.0353,0.0549,0.171,0.0536,0.0303,doc_api
2023-05-05,0.0872,0.0637,0.235,0.054,0.035,doc_api
2023-05-06,0.0614,0.0286,0.1952,0.0219,0.0311,doc_api
2023-05-07,0.0487999999999999,0.0187,0.1665,0.0402,0.0251,doc_api
2023-05-08,0.0163,0.0219,0.2057,0.0263,0.0577,doc_api
2023-05-09,0.008,0.0114,0.1862,0.0269,0.0383,doc_api
2023-05-10,0.0113,0.0088,0.2109,0.0323,0.0426,doc_api
2023-05-11,0.0134999999999999,0.0091,0.2001,0.0392,0.0365,doc_api
2023-05-12,0.0144,0.0109,0.1964,0.0152,0.0427,doc_api
2023-05-13,0.0232,0.0116,0.2324,0.0867,0.0442,doc_api
2023-05-14,0.0121999999999999,0.0128,0.1783,0.0167,0.0988,doc_api
2023-05-15,0.0054,0.0236,0.2648,0.0493,0.074,doc_api
2023-05-16,0.0126,0.0164,0.2791,0.0713,0.0609,doc_api
2023-05-17,0.0092,0.0107,0.2216,0.0772,0.1194,doc_api
2023-05-18,0.0104999999999999,0.0218,0.2498,0.1243,0.0615,doc_api
2023-05-19,0.023,0.0316,0.3376,0.1324,0.0547,doc_api
2023-05-20,0.0237999999999999,0.0206,0.3028,0.0741,0.1489,doc_api
2023-05-21,0.0227999999999999,0.0265,0.3511,0.0905,0.0487,doc_api
2023-05-22,0.0252,0.0293,0.2305,0.0778,0.0567,doc_api
2023-05-23,0.0244,0.0191,0.2106,0.0499,0.0398,doc_api
2023-05-24,0.0115,0.0096,0.1704,0.0679,0.0427,doc_api
2023-05-25,0.0069,0.0117,0.3669,0.0435,0.1273,doc_api
2023-05-26,0.0109,0.0141,0.1904,0.0309,0.0414,doc_api
2023-05-27,0.009,0.0197,0.1233,0.0268,0.0393,doc_api
2023-05-28,0.0343,0.0261,0.2124,0.0234,0.0543,doc_api
2023-05-29,0.0152,0.0157,0.2589,0.0152,0.0239,doc_api
2023-05-30,0.0171,0.0105,0.2027,0.0224,0.0579,doc_api
2023-05-31,0.0155,0.0184,0.2694,0.0213,0.0561,doc_api
2023-06-01,0.0322999999999999,0.0237,0.2634,0.0247,0.059,doc_api
2023-06-02,0.0058,0.0116,0.2551,0.0457,0.0607,doc_api
2023-06-03,0.011,0.0233,0.1817,0.0284,0.064,doc_api
2023-06-04,0.0139,0.0222,0.1925,0.1435,0.1435,doc_api
2023-06-05,0.0192999999999999,0.0277,0.2577,0.0277,0.0842,doc_api
2023-06-06,0.0081,0.0162,0.2828,0.0368,0.0654,doc_api
2023-06-07,0.0052,0.011,0.1978,0.0202,0.059,doc_api
2023-06-08,0.0318,0.0278,0.2048,0.0223,0.0542,doc_api
2023-06-09,0.0086,0.0176,0.2564,0.0126,0.0539,doc_api
2023-06-10,0.0054,0.02,0.2259,0.0138,0.0607,doc_api
2023-06-11,0.0153,0.0092,0.2005,0.026,0.0467,doc_api
2023-06-12,0.0091,0.0137,0.1971,0.0828,0.0432,doc_api
2023-06-13,0.0101,0.0096,0.1552,0.0364,0.0381,doc_api
2023-06-14,0.0085,0.0125,0.1943,0.0238,0.0425,doc_api
2023-06-15,0.0141999999999999,0.0234,0.2414,0.0289,0.0377,doc_api
2023-06-16,0.0256999999999999,0.0162,0.2242,0.0231,0.0283,doc_api
2023-06-17,0.0097,0.0103,0.1928,0.0336,0.0536,doc_api
2023-06-18,0.0142,0.0134,0.2615,0.0148,0.1322,doc_api
2023-06-19,0.0171,0.013,0.2241,0.0421,0.113,doc_api
2023-06-20,0.0294,0.0339,0.1915,0.0754,0.0738,doc_api
2023-06-21,0.0209,0.0183,0.1493,0.0783,0.0773,doc_api
2023-06-22,0.023,0.0216,0.1417,0.1085,0.0533,doc_api
2023-06-23,0.0487,0.025,0.193,0.0822,0.0402,doc_api
2023-06-24,0.0611,0.0252,0.2218,0.0598,0.0485,doc_api
2023-06-25,0.0337,0.0138,0.186,0.0242,0.0839,doc_api
2023-06-26,0.0272999999999999,0.0225,0.1823,0.0348,0.0343,doc_api
2023-06-27,0.0419,0.0137,0.1878,0.0263,0.0317,doc_api
2023-06-28,0.0288,0.0141,0.1883,0.0301,0.0352,doc_api
2023-06-29,0.0224,0.0173,0.2218,0.0271,0.0547,doc_api
2023-06-30,0.0204,0.0204,0.199,0.0219,0.0343,doc_api
2023-07-01,0.0085,0.019,0.1215,0.0142,0.0607,doc_api
2023-07-02,0.0114,0.0264,0.139,0.0273,0.0396,doc_api
2023-07-03,0.0388,0.0486,0.1931,0.0525,0.0519,doc_api
2023-07-04,0.0564,0.0353,0.2415,0.0764,0.0288,doc_api
2023-07-05,0.0176,0.0117,0.257,0.0552,0.0435,doc_api
2023-07-06,0.0135,0.0112,0.2752,0.0224,0.0508,doc_api
2023-07-07,0.0135,0.0153,0.2396,0.0341,0.0377,doc_api
2023-07-08,0.0124,0.0239,0.1675,0.0347,0.052,doc_api
2023-07-09,0.0123,0.0199,0.1738,0.0323,0.0418,doc_api
2023-07-10,0.0082,0.0099,0.1738,0.0247,0.0535,doc_api
2023-07-11,0.011,0.0122,0.2462,0.0216,0.0669,doc_api
2023-07-12,0.0063,0.0118,0.2749,0.0199,0.061,doc_api
2023-07-13,0.0075,0.0114,0.1896,0.0218,0.0461,doc_api
2023-07-14,0.018,0.0256,0.197,0.0531,0.036,doc_api
2023-07-15,0.0313,0.0399,0.2274,0.0359,0.0785,doc_api
2023-07-16,0.0239,0.0247,0.2014,0.088,0.0455,doc_api
2023-07-17,0.0166,0.0101,0.2036,0.0615,0.0574,doc_api
2023-07-18,0.0111,0.0074,0.2241,0.0474,0.0563,doc_api
2023-07-19,0.0142,0.016,0.2922,0.0302,0.0403,doc_api
2023-07-20,0.0146,0.0218,0.2644,0.0316,0.0444,doc_api
2023-07-21,0.0137,0.013,0.1866,0.0235,0.0574,doc_api
2023-07-22,0.0042,0.0209,0.1969,0.0168,0.0578,doc_api
2023-07-23,0.0082,0.0164,0.0983,0.0119,0.0536,doc_api
2023-07-24,0.0118,0.0078,0.261,0.0224,0.0302,doc_api
2023-07-25,0.0364,0.0339,0.2118,0.0302,0.0763,doc_api
2023-07-26,0.0494,0.0228,0.1777,0.019,0.0842,doc_api
2023-07-27,0.0321,0.0445,0.2128,0.0331,0.0647,doc_api
2023-07-28,0.0248,0.0405,0.2446,0.0112,0.0568,doc_api
2023-07-29,0.0130999999999999,0.0297,0.1703,0.0367,0.0838,doc_api
2023-07-30,0.0213,0.0129,0.2833,0.0266,0.1132,doc_api
2023-07-31,0.0117,0.0182,0.4327,0.0141,0.0838,doc_api
2023-08-01,0.008,0.0261,0.2676,0.0174,0.0411,doc_api
2023-08-02,0.0098,0.0147,0.3145,0.0233,0.0398,doc_api
2023-08-03,0.0216,0.0116,0.3157,0.0204,0.0513,doc_api
2023-08-04,0.0207,0.0148,0.2426,0.027,0.0471,doc_api
2023-08-05,0.0186,0.0203,0.1575,0.0322,0.0982,doc_api
2023-08-06,0.0234,0.0148,0.1387,0.0234,0.1651,doc_api
2023-08-07,0.0327999999999999,0.0393,0.2231,0.0379,0.0923,doc_api
2023-08-08,0.0132,0.0213,0.2286,0.0445,0.0689,doc_api
2023-08-09,0.007,0.0134,0.1628,0.0254,0.0488,doc_api
2023-08-10,0.0139,0.0163,0.1794,0.0332,0.0405,doc_api
2023-08-11,0.0284,0.0175,0.2712,0.0225,0.0459,doc_api
2023-08-12,0.0213,0.0389,0.2266,0.0213,0.132,doc_api
2023-08-13,0.041,0.0531,0.2075,0.0172,0.1149,doc_api
2023-08-14,0.0282,0.0377,0.1446,0.0216,0.0937,doc_api
2023-08-15,0.03,0.0314,0.1635,0.029,0.0856,doc_api
2023-08-16,0.0274999999999999,0.0287,0.1467,0.0153,0.0364,doc_api
2023-08-17,0.0062,0.0204,0.1551,0.0204,0.0555,doc_api
2023-08-18,0.0162,0.0145,0.1813,0.0295,0.0307,doc_api
2023-08-19,0.0225,0.0311,0.206,0.014,0.049,doc_api
2023-08-20,0.0206,0.0412,0.2586,0.0534,0.0581,doc_api
2023-08-21,0.0209999999999999,0.0334,0.2914,0.0269,0.0865,doc_api
2023-08-22,0.0234,0.025,0.1938,0.0271,0.068,doc_api
2023-08-23,0.0104,0.0272,0.1918,0.0888,0.1128,doc_api
2023-08-24,0.0425,0.0659,0.2278,0.0386,0.0411,doc_api
2023-08-25,0.0774,0.0937,0.2464,0.0494,0.059,doc_api
2023-08-26,0.0178,0.0355,0.142,0.0325,0.0481,doc_api
2023-08-27,0.0282,0.0191,0.1594,0.0428,0.0465,doc_api
2023-08-28,0.0073,0.0158,0.201,0.0349,0.0383,doc_api
2023-08-29,0.0411,0.0945,0.2245,0.0308,0.0462,doc_api
2023-08-30,0.0582,0.1376,0.2076,0.0513,0.071,doc_api
2023-08-31,0.0241,0.076,0.2351,0.0468,0.0867,doc_api
2023-09-01,0.0163,0.1142,0.1674,0.0532,0.0319,doc_api
2023-09-02,0.0103,0.0355,0.0872,0.0155,0.0355,doc_api
2023-09-03,0.0082,0.0598,0.1921,0.0396,0.0366,doc_api
2023-09-04,0.0545,0.0775,0.2722,0.0241,0.0448,doc_api
2023-09-05,0.0167,0.0417,0.2734,0.0326,0.0432,doc_api
2023-09-06,0.0118,0.0444,0.2947,0.0567,0.0383,doc_api
2023-09-07,0.0182999999999999,0.0405,0.2915,0.0651,0.0573,doc_api
2023-09-08,0.0183,0.0679,0.2876,0.1484,0.0394,doc_api
2023-09-09,0.0107,0.0414,0.5632,0.252,0.0842,doc_api
2023-09-10,0.0165,0.0243,0.476,0.1768,0.0622,doc_api
2023-09-11,0.0072,0.013,0.3572,0.054,0.0535,doc_api
2023-09-12,0.0237,0.0208,0.2389,0.0712,0.0445,doc_api
2023-09-13,0.0049,0.0161,0.2453,0.0334,0.0389,doc_api
2023-09-14,0.0217,0.0106,0.2515,0.0406,0.0595,doc_api
2023-09-15,0.0093,0.0093,0.1872,0.0351,0.0445,doc_api
2023-09-16,0.0311,0.0131,0.1589,0.0345,0.0373,doc_api
2023-09-17,0.0422,0.0355,0.1119,0.0465,0.0471,doc_api
2023-09-18,0.0104999999999999,0.0116,0.3258,0.0259,0.0369,doc_api
2023-09-19,0.0096,0.0107,0.2829,0.0668,0.031,doc_api
2023-09-20,0.0062,0.0205,0.2682,0.063,0.052,doc_api
2023-09-21,0.0110999999999999,0.0105,0.3016,0.0655,0.0526,doc_api
2023-09-22,0.0247,0.05,0.224,0.0488,0.0387,doc_api
2023-09-23,0.0448999999999999,0.0665,0.3157,0.0184,0.0385,doc_api
2023-09-24,0.0252,0.0595,0.0896,0.0133,0.1841,doc_api
2023-09-25,0.0104,0.0225,0.1534,0.0248,0.0507,doc_api
2023-09-26,0.0159,0.0203,0.1816,0.0368,0.124,doc_api
2023-09-27,0.0213,0.0272,0.2608,0.0207,0.0556,doc_api
2023-09-28,0.018,0.015,0.2192,0.0365,0.052,doc_api
2023-09-29,0.0112,0.0168,0.2462,0.0318,0.0343,doc_api
2023-09-30,0.016,0.0194,0.209,0.0261,0.0757,doc_api
2023-10-01,0.0220999999999999,0.0258,0.1372,0.0199,0.1121,doc_api
2023-10-02,0.0076999999999999,0.0142,0.2014,0.0194,0.1606,doc_api
2023-10-03,0.0164,0.0169,0.1879,0.0344,0.0333,doc_api
2023-10-04,0.0075,0.022,0.1371,0.0166,0.0841,doc_api
2023-10-05,0.0106,0.0319,0.1807,0.0194,0.0619,doc_api
2023-10-06,0.0104,0.0399,0.1508,0.0133,0.0618,doc_api
2023-10-07,0.0066,0.0132,0.415,0.022,0.0659,doc_api
2023-10-08,0.0098,0.0185,0.5637,0.0218,0.0968,doc_api
2023-10-09,0.0121999999999999,0.0164,0.7297,0.0147,0.071,doc_api
2023-10-10,0.0063,0.0079,0.6753,0.0182,0.0885,doc_api
2023-10-11,0.01,0.0146,0.4619,0.0222,0.0881,doc_api
2023-10-12,0.0165,0.0254,0.5199,0.0254,0.0603,doc_api
2023-10-13,0.0511,0.017,0.5882,0.0197,0.0477,doc_api
2023-10-14,0.0345,0.0115,0.4819,0.0219,0.0584,doc_api
2023-10-15,0.019,0.0102,0.6957,0.014,0.0534,doc_api
2023-10-16,0.0158,0.0256,0.634,0.0218,0.0512,doc_api
2023-10-17,0.0058,0.0128,0.5792,0.0176,0.0657,doc_api
2023-10-18,0.0124,0.01,0.6056,0.0141,0.0524,doc_api
2023-10-19,0.0108,0.0102,0.5266,0.0198,0.0629,doc_api
2023-10-20,0.0088,0.007,0.5573,0.0298,0.0841,doc_api
2023-10-21,0.0076,0.0159,0.4329,0.0227,0.031,doc_api
2023-10-22,0.0353,0.0141,0.6331,0.02,0.04,doc_api
2023-10-23,0.0253,0.0145,0.6182,0.0373,0.0309,doc_api
2023-10-24,0.0271,0.0281,0.6434,0.0242,0.0417,doc_api
2023-10-25,0.0098,0.0205,0.4621,0.0483,0.0404,doc_api
2023-10-26,0.0305,0.0193,0.4397,0.0117,0.0387,doc_api
2023-10-27,0.0376,0.0182,0.5937,0.0164,0.0387,doc_api
2023-10-28,0.0383,0.0205,0.4745,0.0116,0.0273,doc_api
2023-10-29,0.0162,0.0072,0.5167,0.0127,0.095,doc_api
2023-10-30,0.0139,0.0108,0.497,0.0215,0.0615,doc_api
2023-10-31,0.0083,0.0094,0.4412,0.0171,0.0496,doc_api
2023-11-01,0.004,0.0108,0.4094,0.0345,0.0528,doc_api
2023-11-02,0.0078,0.0126,0.432,0.0132,0.0371,doc_api
2023-11-03,0.0065,0.0223,0.4029,0.0105,0.0361,doc_api
2023-11-04,0.0158,0.0099,0.391,0.0099,0.0445,doc_api
2023-11-05,0.0149,0.0078,0.4139,0.0102,0.0792,doc_api
2023-11-06,0.0077,0.0147,0.4052,0.034,0.1257,doc_api
2023-11-07,0.0146,0.0141,0.3067,0.0229,0.084,doc_api
2023-11-08,0.0106,0.016,0.3114,0.0227,0.0367,doc_api
2023-11-09,0.0273,0.0139,0.3072,0.0449,0.0358,doc_api
2023-11-10,0.0334,0.0348,0.3285,0.0184,0.0413,doc_api
2023-11-11,0.0104,0.0174,0.3955,0.0104,0.0548,doc_api
2023-11-12,0.0474,0.0118,0.2731,0.0323,0.0602,doc_api
2023-11-13,0.0074,0.006,0.3927,0.063,0.045,doc_api
2023-11-14,0.0133999999999999,0.0097,0.365,0.036,0.0553,doc_api
2023-11-15,0.0057,0.0085,0.3442,0.0441,0.0775,doc_api
2023-11-16,0.0155,0.0208,0.3072,0.061,0.071,doc_api
2023-11-17,0.0274,0.0174,0.4559,0.0316,0.0426,doc_api
2023-11-18,0.0063,0.0071,0.2873,0.0214,0.0421,doc_api
2023-11-19,0.0016,0.008,0.5269,0.02,0.1161,doc_api
2023-11-20,0.0037,0.0082,0.4478,0.0179,0.1567,doc_api
2023-11-21,0.0115,0.0025,0.2888,0.0151,0.0714,doc_api
2023-11-22,0.0017,0.0074,0.2715,0.0108,0.0523,doc_api
2023-11-23,0.0121999999999999,0.011,0.3843,0.0157,0.0528,doc_api
2023-11-24,0.0023,0.0138,0.2903,0.0299,0.0315,doc_api
2023-11-25,0.0075,0.0052,0.3756,0.0164,0.0709,doc_api
2023-11-26,0.0216999999999999,0.0181,0.3289,0.009,0.1455,doc_api
2023-11-27,0.0158,0.0158,0.3871,0.0201,0.1649,doc_api
2023-11-28,0.012,0.0174,0.2895,0.0224,0.068,doc_api
2023-11-29,0.0016,0.0141,0.3954,0.0206,0.0793,doc_api
2023-11-30,0.0128999999999999,0.0473,0.2969,0.017,0.0844,doc_api
2023-12-01,0.0145999999999999,0.0232,0.3966,0.0278,0.045,doc_api
2023-12-02,0.0125,0.0124,0.3461,0.0381,0.0414,doc_api
2023-12-03,0.0045,0.0157,0.2326,0.0142,0.344,doc_api
2023-12-04,0.0031999999999999,0.0102,0.3659,0.0185,0.3048,doc_api
2023-12-05,0.0118,0.0177,0.2834,0.0444,0.1491,doc_api
2023-12-06,0.0269,0.0086,0.2253,0.0167,0.086,doc_api
2023-12-07,0.0289,0.0066,0.2343,0.031,0.121,doc_api
2023-12-08,0.0083,0.0088,0.22,0.0162,0.0548,doc_api
2023-12-09,0.0069,0.0197,0.237,0.0291,0.0531,doc_api
2023-12-10,0.0076999999999999,0.029,0.4025,0.0338,0.0849,doc_api
2023-12-11,0.0344,0.016,0.2936,0.0152,0.0528,doc_api
2023-12-12,0.0241,0.0114,0.287,0.0214,0.1571,doc_api
2023-12-13,0.0141999999999999,0.0087,0.2966,0.0192,0.1595,doc_api
2023-12-14,0.01,0.0087,0.2289,0.0124,0.143,doc_api
2023-12-15,0.007,0.0045,0.2888,0.0314,0.3169,doc_api
2023-12-16,0.0205,0.0164,0.3255,0.0172,0.492,doc_api
2023-12-17,0.0047,0.0191,0.2289,0.0211,0.4578,doc_api
2023-12-18,0.012,0.012,0.2819,0.0411,0.4349,doc_api
2023-12-19,0.0112,0.0117,0.2813,0.0182,0.7042,doc_api
2023-12-20,0.0050999999999999,0.0073,0.3128,0.0291,0.3917,doc_api
2023-12-21,0.009,0.0071,0.2436,0.0445,0.3145,doc_api
2023-12-22,0.0087,0.0103,0.2007,0.0234,0.3661,doc_api
2023-12-23,0.0804999999999999,0.0204,0.2931,0.0166,0.3679,doc_api
2023-12-24,0.0101,0.012,0.182,0.0212,0.3898,doc_api
2023-12-25,0.0163,0.0148,0.319,0.0295,0.3707,doc_api
2023-12-26,0.0077,0.0083,0.3307,0.0739,0.5295,doc_api
2023-12-27,0.0063,0.0086,0.2464,0.0865,0.2505,doc_api
2023-12-28,0.0095,0.0158,0.3117,0.0336,0.2515,doc_api
2023-12-29,0.0076,0.0108,0.3175,0.033,0.1962,doc_api
2023-12-30,0.0098999999999999,0.0197,0.1745,0.0233,0.1378,doc_api
2023-12-31,0.0185,0.0332,0.2191,0.0185,0.4914,doc_api
2024-01-01,0.0269,0.0258,0.2534,0.0314,0.4709,doc_api
2024-01-02,0.0123,0.0176,0.2471,0.0299,0.2788,doc_api
2024-01-03,0.0036,0.01,0.3248,0.0271,0.2805,doc_api
2024-01-04,0.007,0.0309,0.3616,0.0285,0.3814,doc_api
2024-01-05,0.0094,0.015,0.2651,0.0213,0.3927,doc_api
2024-01-06,0.0051,0.013,0.2353,0.0116,0.2324,doc_api
2024-01-07,0.0067,0.0109,0.2935,0.0101,0.1954,doc_api
2024-01-08,0.0048,0.0103,0.3941,0.0165,0.2575,doc_api
2024-01-09,0.0085,0.0118,0.1974,0.0152,0.1573,doc_api
2024-01-10,0.0036,0.0156,0.254,0.0217,0.4014,doc_api
2024-01-11,0.0163,0.0297,0.3591,0.0113,0.3847,doc_api
2024-01-12,0.0082,0.0145,0.4556,0.0214,1.5547,doc_api
2024-01-13,0.0414,0.032,0.3447,0.0218,0.8092,doc_api
2024-01-14,0.0081,0.0197,0.2136,0.0089,0.3897,doc_api
2024-01-15,0.0173,0.0115,0.2679,0.0137,0.7109,doc_api
2024-01-16,0.0036,0.0108,0.4602,0.0229,0.5763,doc_api
2024-01-17,0.008,0.0123,0.2623,0.0229,0.5304,doc_api
2024-01-18,0.0089,0.0073,0.2811,0.017,0.3831,doc_api
2024-01-19,0.0085,0.0155,0.2687,0.017,0.3346,doc_api
2024-01-20,0.0273,0.0383,0.345,0.0307,0.2462,doc_api
2024-01-21,0.0292,0.0386,0.3027,0.0152,0.3319,doc_api
2024-01-22,0.0039,0.0138,0.3599,0.0215,0.3607,doc_api
2024-01-23,0.0041,0.0134,0.289,0.0109,0.4401,doc_api
2024-01-24,0.0053,0.0173,0.1895,0.0143,0.3285,doc_api
2024-01-25,0.0165,0.018,0.2165,0.0154,0.2282,doc_api
2024-01-26,0.0203,0.0365,0.2264,0.0157,0.3137,doc_api
2024-01-27,0.0098,0.0123,0.2397,0.0228,0.4097,doc_api
2024-01-28,0.0073999999999999,0.0354,0.2516,0.0363,0.2348,doc_api
2024-01-29,0.0048,0.0138,0.3019,0.0166,0.2569,doc_api
2024-01-30,0.0057,0.0155,0.3479,0.0232,0.2699,doc_api
2024-01-31,0.0059,0.0182,0.2436,0.0214,0.218,doc_api
2024-02-01,0.0076,0.0205,0.2507,0.0152,0.2905,doc_api
2024-02-02,0.0076999999999999,0.0194,0.1947,0.0135,0.1759,doc_api
2024-02-03,0.0038,0.0158,0.2271,0.0128,0.2075,doc_api
2024-02-04,0.0208,0.0115,0.3018,0.0072,0.7259,doc_api
2024-02-05,0.0118999999999999,0.0111,0.3035,0.032,0.3397,doc_api
2024-02-06,0.0123,0.0278,0.2294,0.0206,0.1883,doc_api
2024-02-07,0.0081,0.0119,0.2313,0.01,0.1373,doc_api
2024-02-08,0.0044,0.0228,0.2425,0.0321,0.1729,doc_api
2024-02-09,0.0063999999999999,0.0173,0.2389,0.0154,0.1467,doc_api
2024-02-10,0.006,0.0102,0.2247,0.0119,0.0868,doc_api
2024-02-11,0.0104,0.0173,0.1713,0.0329,0.1142,doc_api
2024-02-12,0.0133,0.0127,0.2045,0.0218,0.21,doc_api
2024-02-13,0.0057,0.0086,0.1715,0.0366,0.1105,doc_api
2024-02-14,0.0084,0.0063,0.1809,0.0264,0.0926,doc_api
2024-02-15,0.0062,0.0062,0.2471,0.0164,0.1346,doc_api
2024-02-16,0.0036,0.0091,0.1875,0.0204,0.1021,doc_api
2024-02-17,0.0075,0.0137,0.145,0.0253,0.1225,doc_api
2024-02-18,0.0093,0.0154,0.175,0.0262,0.118,doc_api
2024-02-19,0.0035,0.0147,0.2166,0.0394,0.3072,doc_api
2024-02-20,0.0095,0.0265,0.1943,0.0586,0.2141,doc_api
2024-02-21,0.0209999999999999,0.0344,0.2543,0.0314,0.2448,doc_api
2024-02-22,0.0111,0.0182,0.2711,0.0242,0.1489,doc_api
2024-02-23,0.0085,0.0227,0.1569,0.1512,0.1446,doc_api
2024-02-24,0.0087,0.0186,0.1517,0.0576,0.1554,doc_api
2024-02-25,0.0073,0.012,0.1381,0.0266,0.2961,doc_api
2024-02-26,0.0086,0.0152,0.2657,0.0289,0.1408,doc_api
2024-02-27,0.006,0.0073,0.2642,0.0413,0.2242,doc_api
2024-02-28,0.0058,0.0039,0.312,0.0271,0.1548,doc_api
2024-02-29,0.005,0.0125,0.236,0.0284,0.1187,doc_api
2024-03-01,0.0091,0.0192,0.3345,0.0144,0.0698,doc_api
2024-03-02,0.009,0.0242,0.3497,0.0166,0.1773,doc_api
2024-03-03,0.0106,0.016,0.2806,0.0259,0.2555,doc_api
2024-03-04,0.0032,0.0189,0.2392,0.0189,0.1515,doc_api
2024-03-05,0.0078,0.011,0.2112,0.0141,0.1336,doc_api
2024-03-06,0.0083,0.0145,0.2941,0.029,0.1983,doc_api
2024-03-07,0.0117,0.0289,0.2468,0.0273,0.2688,doc_api
2024-03-08,0.0087,0.0206,0.1981,0.0174,0.091,doc_api
2024-03-09,0.0253,0.087,0.2198,0.017,0.1645,doc_api
2024-03-10,0.0106,0.03,0.2567,0.0358,0.0805,doc_api
2024-03-11,0.0045,0.0201,0.2108,0.0347,0.1042,doc_api
2024-03-12,0.0141,0.0482,0.3143,0.0441,0.1193,doc_api
2024-03-13,0.0046999999999999,0.014,0.1941,0.0158,0.0807,doc_api
2024-03-14,0.0141,0.0166,0.2503,0.0307,0.1681,doc_api
2024-03-15,0.0131,0.0318,0.216,0.0268,0.1717,doc_api
2024-03-16,0.0087,0.0999,0.1656,0.0109,0.2196,doc_api
2024-03-17,0.0105,0.059,0.1968,0.0149,0.2577,doc_api
2024-03-18,0.0097,0.0314,0.223,0.0239,0.1089,doc_api
2024-03-19,0.0136,0.0267,0.3471,0.0319,0.0842,doc_api
2024-03-20,0.0129,0.0314,0.1924,0.0523,0.1064,doc_api
2024-03-21,0.0361,0.055,0.3235,0.0534,0.1111,doc_api
2024-03-22,0.0109,0.0229,0.2584,0.0356,0.0803,doc_api
2024-03-23,0.0096999999999999,0.0276,0.1868,0.0207,0.1392,doc_api
2024-03-24,0.0437,0.0364,0.1312,0.0275,0.0769,doc_api
2024-03-25,0.0141,0.027,0.2011,0.0152,0.0631,doc_api
2024-03-26,0.0017,0.0197,0.291,0.0203,0.1009,doc_api
2024-03-27,0.0113,0.0248,0.2039,0.0152,0.1357,doc_api
2024-03-28,0.025,0.0536,0.1958,0.0339,0.1042,doc_api
2024-03-29,0.0068,0.0137,0.231,0.0374,0.0973,doc_api
2024-03-30,0.0056,0.02,0.1592,0.0119,0.1374,doc_api
2024-03-31,0.0071,0.0311,0.1449,0.0231,0.0889,doc_api
2024-04-01,0.0173,0.0485,0.3973,0.0184,0.0882,doc_api
2024-04-02,0.0203,0.0505,0.5003,0.0226,0.1318,doc_api
2024-04-03,0.0242,0.0242,0.2994,0.0351,0.0845,doc_api
2024-04-04,0.0106,0.0226,0.2976,0.0481,0.0564,doc_api
2024-04-05,0.0252,0.0226,0.3513,0.0362,0.1229,doc_api
2024-04-06,0.0194,0.0222,0.3901,0.0177,0.1788,doc_api
2024-04-07,0.0202,0.0277,0.3764,0.0169,0.0892,doc_api
2024-04-08,0.008,0.0175,0.3413,0.0151,0.1577,doc_api
2024-04-09,0.0051,0.0214,0.3099,0.0141,0.0597,doc_api
2024-04-10,0.013,0.0194,0.3589,0.0312,0.0713,doc_api
2024-04-11,0.0169,0.0366,0.595,0.0183,0.076,doc_api
2024-04-12,0.0187,0.024,0.9611,0.039,0.0641,doc_api
2024-04-13,0.0358,0.0339,2.3632,0.0226,0.106,doc_api
2024-04-14,0.0262,0.0401,7.5813,0.0108,0.1819,doc_api
2024-04-15,0.0112,0.0224,3.6151,0.0118,0.0938,doc_api
2024-04-16,0.0119,0.0184,2.0306,0.0323,0.1122,doc_api
2024-04-17,0.012,0.03,1.4801,0.0132,0.075,doc_api
2024-04-18,0.007,0.0326,1.196,0.0143,0.0588,doc_api
2024-04-19,0.0031,0.0953,2.5507,0.0155,0.1392,doc_api
2024-04-20,0.0192,0.0205,1.504,0.016,0.0544,doc_api
2024-04-21,0.0166,0.0167,1.2927,0.0167,0.1095,doc_api
2024-04-22,0.0267,0.02,0.9819,0.0123,0.0785,doc_api
2024-04-23,0.0117,0.014,0.6851,0.0117,0.0876,doc_api
2024-04-24,0.0096,0.0207,0.5035,0.0106,0.0944,doc_api
2024-04-25,0.0063,0.0296,0.4251,0.0154,0.1445,doc_api
2024-04-26,0.0156,0.0168,0.3736,0.0342,0.0661,doc_api
2024-04-27,0.0046,0.0098,0.3797,0.0202,0.1494,doc_api
2024-04-28,0.0150999999999999,0.0122,0.3185,0.0122,0.082,doc_api
2024-04-29,0.0053999999999999,0.0054,0.3779,0.0151,0.0883,doc_api
2024-04-30,0.0045,0.0127,0.3423,0.0133,0.1023,doc_api
2024-05-01,0.0047,0.0094,0.2512,0.0159,0.0872,doc_api
2024-05-02,0.0156,0.0118,0.225,0.0187,0.0449,doc_api
2024-05-03,0.0063999999999999,0.012,0.3023,0.016,0.0568,doc_api
2024-05-04,0.0249,0.0195,0.254,0.0074,0.0444,doc_api
2024-05-05,0.0412,0.023,0.2612,0.0191,0.044,doc_api
2024-05-06,0.0185,0.0129,0.2402,0.0177,0.0402,doc_api
2024-05-07,0.0102,0.0124,0.1956,0.0145,0.0688,doc_api
2024-05-08,0.008,0.0106,0.2145,0.0271,0.0356,doc_api
2024-05-09,0.0091,0.0176,0.2855,0.0103,0.0533,doc_api
2024-05-10,0.024,0.0217,0.3512,0.0187,0.0494,doc_api
2024-05-11,0.0295,0.0185,0.2126,0.0118,0.0996,doc_api
2024-05-12,0.039,0.0186,0.2025,0.0178,0.0432,doc_api
2024-05-13,0.0353,0.0194,0.2536,0.0249,0.0637,doc_api
2024-05-14,0.0173,0.0089,0.2187,0.031,0.0715,doc_api
2024-05-15,0.0346,0.017,0.2306,0.0258,0.0571,doc_api
2024-05-16,0.0164,0.0132,0.354,0.0253,0.0429,doc_api
2024-05-17,0.0189,0.0141,0.2523,0.0269,0.0434,doc_api
2024-05-18,0.0323,0.0186,0.1913,0.0275,0.0722,doc_api
2024-05-19,0.0343,0.0111,0.5583,0.0249,0.0618,doc_api
2024-05-20,0.0192,0.0173,0.652,0.0111,0.0613,doc_api
2024-05-21,0.0137,0.0117,0.3629,0.0163,0.0418,doc_api
2024-05-22,0.018,0.0106,0.3228,0.009,0.0693,doc_api
2024-05-23,0.015,0.0082,0.2833,0.0132,0.0751,doc_api
2024-05-24,0.0129,0.0114,0.3038,0.0221,0.0405,doc_api
2024-05-25,0.0260999999999999,0.0212,0.1769,0.0179,0.0546,doc_api
2024-05-26,0.0195,0.0242,0.1654,0.0468,0.0406,doc_api
2024-05-27,0.0135,0.0135,0.2667,0.0098,0.0461,doc_api
2024-05-28,0.0076,0.0173,0.2919,0.0147,0.0671,doc_api
2024-05-29,0.0134,0.0252,0.2601,0.0135,0.0826,doc_api
2024-05-30,0.0119,0.0281,0.3198,0.0119,0.0947,doc_api
2024-05-31,0.0110999999999999,0.0327,0.3337,0.0135,0.1664,doc_api
2024-06-01,0.0051,0.1093,0.2882,0.0096,0.1265,doc_api
2024-06-02,0.0115,0.0852,0.2021,0.0051,0.0534,doc_api
2024-06-03,0.0095,0.0456,0.2312,0.0191,0.0631,doc_api
2024-06-04,0.0072,0.0497,0.2631,0.0401,0.0665,doc_api
2024-06-05,0.006,0.02,0.296,0.0145,0.0459,doc_api
2024-06-06,0.0039,0.0129,0.325,0.0105,0.0388,doc_api
2024-06-07,0.0047,0.0138,0.1835,0.0168,0.0704,doc_api
2024-06-08,0.0108,0.0259,0.2221,0.0108,0.0652,doc_api
2024-06-09,0.0091,0.0225,0.2934,0.0134,0.0992,doc_api
2024-06-10,0.0072,0.0185,0.1951,0.0084,0.0459,doc_api
2024-06-11,0.0348,0.0254,0.2596,0.0196,0.0406,doc_api
2024-06-12,0.0132,0.0198,0.2512,0.0279,0.0749,doc_api
2024-06-13,0.0150999999999999,0.0167,0.3154,0.0222,0.0778,doc_api
2024-06-14,0.0103,0.0151,0.203,0.0388,0.08,doc_api
2024-06-15,0.0150999999999999,0.0257,0.211,0.0151,0.1538,doc_api
2024-06-16,0.0133,0.029,0.2838,0.0157,0.0852,doc_api
2024-06-17,0.0092,0.0117,0.2397,0.0176,0.0645,doc_api
2024-06-18,0.0056,0.0113,0.2079,0.0145,0.0507,doc_api
2024-06-19,0.0039,0.0121,0.3511,0.0126,0.1203,doc_api
2024-06-20,0.0068,0.0189,0.2645,0.0268,0.1065,doc_api
2024-06-21,0.01,0.028,0.2116,0.028,0.0441,doc_api
2024-06-22,0.0122,0.0235,0.1706,0.025,0.1092,doc_api
2024-06-23,0.0116,0.0169,0.2093,0.0133,0.1277,doc_api
2024-06-24,0.0066999999999999,0.0091,0.2281,0.0268,0.0689,doc_api
2024-06-25,0.005,0.0131,0.2043,0.0262,0.0461,doc_api
2024-06-26,0.0055,0.0124,0.1996,0.0169,0.0611,doc_api
2024-06-27,0.0013,0.0177,0.2309,0.015,0.0535,doc_api
2024-06-28,0.0068,0.0078,0.274,0.0145,0.0432,doc_api
2024-06-29,0.0228,0.0584,0.2469,0.0165,0.0774,doc_api
2024-06-30,0.0141,0.0466,0.2176,0.0099,0.082,doc_api
2024-07-01,0.0081,0.0349,0.1837,0.0156,0.0355,doc_api
2024-07-02,0.0112,0.0528,0.2231,0.0239,0.0528,doc_api
2024-07-03,0.0050999999999999,0.0101,0.2918,0.0163,0.045,doc_api
2024-07-04,0.0383,0.045,0.2654,0.0393,0.045,doc_api
2024-07-05,0.0135,0.026,0.3104,0.0345,0.0305,doc_api
2024-07-06,0.0139999999999999,0.028,0.2922,0.0153,0.0955,doc_api
2024-07-07,0.0237,0.0328,0.1764,0.0344,0.0535,doc_api
2024-07-08,0.0108,0.023,0.2792,0.1291,0.0548,doc_api
2024-07-09,0.0072,0.0216,0.2618,0.1512,0.0491,doc_api
2024-07-10,0.006,0.019,0.1769,0.0685,0.0732,doc_api
2024-07-11,0.0102,0.018,0.185,0.0224,0.0764,doc_api
2024-07-12,0.0085,0.0161,0.1533,0.0217,0.0731,doc_api
2024-07-13,0.006,0.0128,0.1763,0.009,0.0633,doc_api
2024-07-14,0.0192,0.015,0.1728,0.0207,0.0571,doc_api
2024-07-15,0.0157,0.0203,0.2533,0.0109,0.0745,doc_api
2024-07-16,0.0082,0.0088,0.2032,0.0208,0.0663,doc_api
2024-07-17,0.0059,0.0098,0.2138,0.0174,0.0781,doc_api
2024-07-18,0.0055,0.0082,0.2493,0.0159,0.0736,doc_api
2024-07-19,0.0038,0.0119,0.3176,0.025,0.0727,doc_api
2024-07-20,0.017,0.0134,0.2399,0.0194,0.2964,doc_api
2024-07-21,0.0166,0.0127,0.2433,0.0173,0.2959,doc_api
2024-07-22,0.0011,0.0123,0.2356,0.0134,0.0782,doc_api
2024-07-23,0.0079,0.0158,0.3028,0.0205,0.0831,doc_api
2024-07-24,0.0167,0.0162,0.3017,0.022,0.067,doc_api
2024-07-25,0.0380999999999999,0.0325,0.3107,0.0394,0.0484,doc_api
2024-07-26,0.0434,0.0266,0.224,0.0163,0.0453,doc_api
2024-07-27,0.0319,0.0359,0.2237,0.0114,0.0523,doc_api
2024-07-28,0.0148,0.0221,0.3905,0.0253,0.0432,doc_api
2024-07-29,0.0123,0.0209,0.2907,0.0166,0.0554,doc_api
2024-07-30,0.0078,0.0141,0.2854,0.0183,0.0414,doc_api
2024-07-31,0.0091,0.0196,0.648,0.0141,0.0398,doc_api
2024-08-01,0.0127,0.02,0.6224,0.0079,0.0421,doc_api
2024-08-02,0.0101,0.0157,0.5282,0.0095,0.0486,doc_api
2024-08-03,0.0141999999999999,0.0114,0.6887,0.0114,0.0456,doc_api
2024-08-04,0.0263,0.0172,0.8413,0.0091,0.0752,doc_api
2024-08-05,0.0088,0.0139,1.0537,0.0076,0.0631,doc_api
2024-08-06,0.0066,0.01,0.8034,0.0147,0.0809,doc_api
2024-08-07,0.0058,0.01,0.557,0.0135,0.0785,doc_api
2024-08-08,0.009,0.0121,0.4859,0.0115,0.0532,doc_api
2024-08-09,0.0102,0.0066,0.4949,0.0126,0.0845,doc_api
2024-08-10,0.0178,0.0118,0.361,0.0085,0.0769,doc_api
2024-08-11,0.0078,0.0123,0.3298,0.0034,0.0886,doc_api
2024-08-12,0.0036,0.0176,0.5649,0.0073,0.0566,doc_api
2024-08-13,0.0151,0.0108,0.7188,0.0049,0.0556,doc_api
2024-08-14,0.0135,0.0125,0.513,0.007,0.0606,doc_api
2024-08-15,0.0133999999999999,0.0039,0.393,0.019,0.0419,doc_api
2024-08-16,0.0132,0.0093,0.424,0.0179,0.042,doc_api
2024-08-17,0.0022,0.0101,0.4781,0.0094,0.0383,doc_api
2024-08-18,0.0066,0.0088,0.2658,0.0051,0.0767,doc_api
2024-08-19,0.0056,0.0044,0.3257,0.0231,0.0711,doc_api
2024-08-20,0.0077,0.0067,0.2346,0.0134,0.0421,doc_api
2024-08-21,0.0040999999999999,0.0056,0.271,0.0175,0.0585,doc_api
2024-08-22,0.006,0.0157,0.3347,0.0455,0.0779,doc_api
2024-08-23,0.0038,0.0038,0.324,0.0767,0.0596,doc_api
2024-08-24,0.0236,0.0051,0.4094,0.0326,0.0715,doc_api
2024-08-25,0.0254,0.0185,0.5144,0.0347,0.1218,doc_api
2024-08-26,0.0101999999999999,0.0072,0.3771,0.0215,0.085,doc_api
2024-08-27,0.004,0.005,0.3281,0.0256,0.0834,doc_api
2024-08-28,0.009,0.0067,0.2734,0.0129,0.0503,doc_api
2024-08-29,0.0145,0.0075,0.3202,0.0102,0.0466,doc_api
2024-08-30,0.0162,0.0178,0.285,0.019,0.0535,doc_api
2024-08-31,0.009,0.0144,0.2027,0.0135,0.0504,doc_api
2024-09-01,0.0086,0.0112,0.195,0.0137,0.0567,doc_api
2024-09-02,0.0034,0.0124,0.2598,0.011,0.0554,doc_api
2024-09-03,0.0058,0.0073,0.2904,0.0189,0.0687,doc_api
2024-09-04,0.004,0.0105,0.3233,0.0196,0.0652,doc_api
2024-09-05,0.005,0.0122,0.2027,0.0271,0.0382,doc_api
2024-09-06,0.01,0.0158,0.1914,0.0137,0.0436,doc_api
2024-09-07,0.0184,0.0064,0.1363,0.0112,0.0925,doc_api
2024-09-08,0.0291,0.0191,0.1606,0.0153,0.0581,doc_api
2024-09-09,0.0226999999999999,0.0172,0.2832,0.0356,0.0448,doc_api
2024-09-10,0.0042,0.0118,0.3048,0.0126,0.0592,doc_api
2024-09-11,0.0229,0.0229,0.22,0.0123,0.053,doc_api
2024-09-12,0.0219,0.0278,0.2583,0.0113,0.0675,doc_api
2024-09-13,0.0203999999999999,0.0234,0.2322,0.0088,0.0608,doc_api
2024-09-14,0.0079,0.0158,0.3003,0.0099,0.1097,doc_api
2024-09-15,0.0064,0.0048,0.2268,0.0161,0.078,doc_api
2024-09-16,0.0038,0.0083,0.2379,0.0068,0.037,doc_api
2024-09-17,0.0086,0.0086,0.2944,0.0196,0.0392,doc_api
2024-09-18,0.0212,0.014,0.4457,0.0145,0.0429,doc_api
2024-09-19,0.027,0.0175,0.4604,0.0339,0.055,doc_api
2024-09-20,0.0134,0.0129,0.3366,0.0201,0.0531,doc_api
2024-09-21,0.0122,0.0175,0.4754,0.0256,0.147,doc_api
2024-09-22,0.0315,0.0192,0.3444,0.0349,0.1096,doc_api
2024-09-23,0.0076,0.0123,0.361,0.0169,0.047,doc_api
2024-09-24,0.0072999999999999,0.016,0.4861,0.0213,0.0456,doc_api
2024-09-25,0.0167,0.0193,0.363,0.0198,0.0542,doc_api
2024-09-26,0.0226999999999999,0.0215,0.3114,0.0209,0.0704,doc_api
2024-09-27,0.0183,0.0266,0.3313,0.0139,0.0474,doc_api
2024-09-28,0.0653,0.0213,0.7427,0.0193,0.0447,doc_api
2024-09-29,0.0316,0.0125,0.9703,0.0053,0.1415,doc_api
2024-09-30,0.0162,0.0156,0.5576,0.0139,0.1144,doc_api
2024-10-01,0.0172,0.0291,1.9529,0.0086,0.0965,doc_api
2024-10-02,0.0078,0.0151,3.2339,0.0145,0.0983,doc_api
2024-10-03,0.0072,0.009,1.429,0.0138,0.1076,doc_api
2024-10-04,0.0153,0.0158,1.4815,0.0179,0.1002,doc_api
2024-10-05,0.043,0.0162,1.1139,0.0113,0.1123,doc_api
2024-10-06,0.0118,0.0117,1.3253,0.0235,0.1388,doc_api
2024-10-07,0.009,0.0152,0.9406,0.0085,0.1162,doc_api
2024-10-08,0.0074,0.0126,0.9019,0.0103,0.0508,doc_api
2024-10-09,0.0076,0.0106,0.8007,0.0189,0.0726,doc_api
2024-10-10,0.0066,0.0098,0.6024,0.0077,0.0503,doc_api
2024-10-11,0.0106,0.0189,0.7482,0.0194,0.0583,doc_api
2024-10-12,0.0185,0.0329,0.4945,0.0315,0.0527,doc_api
2024-10-13,0.0093999999999999,0.0166,0.7954,0.013,0.0534,doc_api
2024-10-14,0.0121,0.0101,0.6133,0.0208,0.0565,doc_api
2024-10-15,0.0231,0.0108,0.5763,0.0242,0.0438,doc_api
2024-10-16,0.026,0.0112,0.53,0.0209,0.0963,doc_api
2024-10-17,0.0125,0.0145,0.5051,0.0175,0.074,doc_api
2024-10-18,0.0093999999999999,0.008,0.4765,0.0101,0.0406,doc_api
2024-10-19,0.0048,0.0039,0.4864,0.0233,0.0562,doc_api
2024-10-20,0.0059,0.0143,0.5763,0.0151,0.0665,doc_api
2024-10-21,0.042,0.0513,0.502,0.0259,0.0726,doc_api
2024-10-22,0.0666,0.0823,0.4539,0.0402,0.0402,doc_api
2024-10-23,0.0537999999999999,0.0754,0.3886,0.0369,0.0432,doc_api
2024-10-24,0.0381,0.0574,0.511,0.0322,0.0521,doc_api
2024-10-25,0.0393,0.0461,0.4178,0.0524,0.0478,doc_api
2024-10-26,0.0402999999999999,0.0468,2.8348,0.021,0.0427,doc_api
2024-10-27,0.0777,0.0502,1.2894,0.0183,0.0472,doc_api
2024-10-28,0.0213,0.0277,0.8634,0.024,0.0443,doc_api
2024-10-29,0.0157,0.0236,0.5855,0.0196,0.055,doc_api
2024-10-30,0.0321,0.0563,0.3919,0.0185,0.0335,doc_api
2024-10-31,0.0274,0.0369,0.3821,0.0235,0.0402,doc_api
2024-11-01,0.0295,0.0325,0.4309,0.0211,0.0469,doc_api
2024-11-02,0.0136,0.0194,0.4119,0.0174,0.064,doc_api
2024-11-03,0.0231,0.0407,0.4665,0.0197,0.0652,doc_api
2024-11-04,0.0076,0.0246,0.5084,0.0175,0.0564,doc_api
2024-11-05,0.0097,0.0229,0.3845,0.0321,0.0698,doc_api
2024-11-06,0.0068,0.0187,0.3418,0.0524,0.0324,doc_api
2024-11-07,0.0043,0.0122,0.2949,0.058,0.033,doc_api
2024-11-08,0.007,0.0168,0.3109,0.0509,0.0439,doc_api
2024-11-09,0.0121,0.0185,0.3112,0.0339,0.0427,doc_api
2024-11-10,0.0068,0.0098,0.2679,0.0459,0.0895,doc_api
2024-11-11,0.0011,0.0322,0.2863,0.0384,0.0934,doc_api
2024-11-12,0.0133,0.0175,0.3889,0.0536,0.0555,doc_api
2024-11-13,0.0064,0.0099,0.411,0.0321,0.0466,doc_api
2024-11-14,0.0063,0.0142,0.3071,0.0291,0.061,doc_api
2024-11-15,0.008,0.0154,0.308,0.0375,0.0301,doc_api
2024-11-16,0.0184,0.0233,0.3381,0.0233,0.0441,doc_api
2024-11-17,0.006,0.0141,0.2886,0.0312,0.0945,doc_api
2024-11-18,0.0091,0.0126,0.328,0.0406,0.0658,doc_api
2024-11-19,0.0217,0.0326,0.3708,0.0715,0.0696,doc_api
2024-11-20,0.0138,0.0233,0.2489,0.0337,0.0513,doc_api
2024-11-21,0.0043999999999999,0.0148,0.2546,0.0202,0.0532,doc_api
2024-11-22,0.0066999999999999,0.013,0.2798,0.0135,0.0348,doc_api
2024-11-23,0.0007,0.0184,0.2572,0.0225,0.1286,doc_api
2024-11-24,0.0119,0.0137,0.2301,0.0164,0.0466,doc_api
2024-11-25,0.0042,0.0125,0.3053,0.0194,0.043,doc_api
2024-11-26,0.0072999999999999,0.0101,0.4138,0.0284,0.0506,doc_api
2024-11-27,0.0031999999999999,0.0187,0.4771,0.0164,0.0333,doc_api
2024-11-28,0.0089,0.0132,0.3336,0.0217,0.033,doc_api
2024-11-29,0.0108,0.0125,0.2771,0.0261,0.0346,doc_api
2024-11-30,0.0070999999999999,0.0171,0.444,0.0187,0.0592,doc_api
2024-12-01,0.0060999999999999,0.01,0.2289,0.0315,0.0645,doc_api
2024-12-02,0.0056,0.0136,0.2472,0.0359,0.0694,doc_api
2024-12-03,0.0198,0.0313,0.2416,0.0419,0.0294,doc_api
2024-12-04,0.0103,0.0185,0.2252,0.0221,0.0426,doc_api
2024-12-05,0.008,0.0193,0.2283,0.0316,0.0486,doc_api
2024-12-06,0.0113999999999999,0.0316,0.2024,0.0221,0.0615,doc_api
2024-12-07,0.0055,0.0164,0.3602,0.0196,0.0392,doc_api
2024-12-08,0.0283,0.0558,0.5696,0.0172,0.0498,doc_api
2024-12-09,0.0085,0.0096,0.327,0.0153,0.0402,doc_api
2024-12-10,0.0036,0.0141,0.2674,0.0089,0.048,doc_api
2024-12-11,0.0018,0.0071,0.2868,0.0417,0.04,doc_api
2024-12-12,0.0037,0.0076,0.3404,0.0319,0.0433,doc_api
2024-12-13,0.0072,0.0177,0.2753,0.0343,0.0307,doc_api
2024-12-14,0.0063,0.0162,0.202,0.0162,0.0436,doc_api
2024-12-15,0.0043,0.018,0.1924,0.0248,0.0539,doc_api
2024-12-16,0.0135,0.0253,0.2875,0.0571,0.0577,doc_api
2024-12-17,0.0162,0.0223,0.2575,0.0203,0.0608,doc_api
2024-12-18,0.0228,0.0403,0.19,0.0345,0.037,doc_api
2024-12-19,0.012,0.0178,0.2449,0.0241,0.0944,doc_api
2024-12-20,0.0088,0.0258,0.2156,0.0269,0.0474,doc_api
2024-12-21,0.0112,0.0409,0.1451,0.014,0.0428,doc_api
2024-12-22,0.0143,0.0153,0.3031,0.0184,0.0878,doc_api
2024-12-23,0.0118,0.0135,0.3422,0.0265,0.0948,doc_api
2024-12-24,0.0046,0.0083,0.2608,0.0219,0.1149,doc_api
2024-12-25,0.0192,0.0238,0.2945,0.034,0.0974,doc_api
2024-12-26,0.028,0.0582,0.2397,0.0252,0.1913,doc_api
2024-12-27,0.0138,0.0347,0.2175,0.0485,0.1021,doc_api
2024-12-28,0.0103,0.0233,0.2138,0.0579,0.0952,doc_api
2024-12-29,0.0144,0.0288,0.2438,0.0516,0.1177,doc_api
2024-12-30,0.0151999999999999,0.0265,0.2542,0.0473,0.1235,doc_api
2024-12-31,0.0097,0.0275,0.2932,0.0494,0.1115,doc_api
2025-01-01,0.0271,0.0353,0.3682,0.0344,0.1728,doc_api
2025-01-02,0.0072,0.0204,0.209,0.0324,0.0451,doc_api
2025-01-03,0.0121999999999999,0.0284,0.2026,0.0382,0.0596,doc_api
2025-01-04,0.0116999999999999,0.0333,0.201,0.0284,0.0539,doc_api
2025-01-05,0.0154,0.0286,0.1879,0.0165,0.0561,doc_api
2025-01-06,0.0063,0.0182,0.1997,0.0482,0.0357,doc_api
2025-01-07,0.0047,0.0113,0.1857,0.0239,0.0491,doc_api
2025-01-08,0.0051,0.0141,0.293,0.0468,0.0462,doc_api
2025-01-09,0.0089,0.0116,0.2569,0.0276,0.075,doc_api
2025-01-10,0.0064,0.0405,0.3398,0.0592,0.0824,doc_api
2025-01-11,0.0118,0.0219,0.2433,0.062,0.0747,doc_api
2025-01-12,0.0141,0.0099,0.2313,0.0494,0.0508,doc_api
2025-01-13,0.0167,0.0243,0.2257,0.1451,0.0684,doc_api
2025-01-14,0.011,0.0126,0.2807,0.0865,0.0637,doc_api
2025-01-15,0.0113,0.0146,0.3021,0.0532,0.1071,doc_api
2025-01-16,0.0093,0.0181,0.3432,0.0643,0.1387,doc_api
2025-01-17,0.0052,0.0077,0.2786,0.0687,0.0745,doc_api
2025-01-18,0.021,0.0466,0.2992,0.0326,0.0925,doc_api
2025-01-19,0.0116999999999999,0.0462,0.2944,0.0308,0.0734,doc_api
2025-01-20,0.0054,0.0149,0.2694,0.0587,0.0699,doc_api
2025-01-21,0.0043,0.0127,0.2464,0.0588,0.0894,doc_api
2025-01-22,0.0116999999999999,0.0106,0.2681,0.0862,0.0777,doc_api
2025-01-23,0.0097,0.0225,0.2516,0.0546,0.0924,doc_api
2025-01-24,0.008,0.0143,0.2354,0.0586,0.0581,doc_api
2025-01-25,0.0145,0.0244,0.2237,0.0507,0.115,doc_api
2025-01-26,0.0254,0.0284,0.1889,0.0294,0.093,doc_api
2025-01-27,0.0181,0.0274,0.3463,0.0433,0.0505,doc_api
2025-01-28,0.0072999999999999,0.0242,0.2285,0.072,0.0609,doc_api
2025-01-29,0.0024,0.0101,0.1919,0.0565,0.0398,doc_api
2025-01-30,0.0051,0.0102,0.1805,0.042,0.035,doc_api
2025-01-31,0.006,0.0125,0.2035,0.0591,0.0436,doc_api
2025-02-01,0.0087,0.0174,0.1912,0.0348,0.0424,doc_api
2025-02-02,0.0027,0.0154,0.1894,0.0426,0.1323,doc_api
2025-02-03,0.0063999999999999,0.0081,0.2386,0.0994,0.0462,doc_api
2025-02-04,0.0075,0.0315,0.3164,0.0962,0.0327,doc_api
2025-02-05,0.0075,0.0064,0.4281,0.0778,0.0724,doc_api
2025-02-06,0.0054,0.0178,0.3244,0.0509,0.0415,doc_api
2025-02-07,0.0076,0.0177,0.3163,0.0587,0.0436,doc_api
2025-02-08,0.0061,0.0211,0.3013,0.0618,0.055,doc_api
2025-02-09,0.0017,0.0147,0.3098,0.0777,0.0604,doc_api
2025-02-10,0.0028,0.0249,0.2829,0.1713,0.0462,doc_api
2025-02-11,0.0082,0.0241,0.2299,0.1538,0.0525,doc_api
2025-02-12,0.0102,0.0188,0.2346,0.1152,0.0479,doc_api
2025-02-13,0.0295,0.0067,0.2606,0.1679,0.0633,doc_api
2025-02-14,0.0242,0.0217,0.2811,0.2793,0.0614,doc_api
2025-02-15,0.0094,0.0174,0.2079,0.0906,0.0536,doc_api
2025-02-16,0.0102,0.0063,0.3366,0.0706,0.0738,doc_api
2025-02-17,0.0115,0.0179,0.272,0.089,0.0768,doc_api
2025-02-18,0.0053,0.0098,0.2434,0.0692,0.0659,doc_api
2025-02-19,0.0155,0.008,0.2433,0.0661,0.0706,doc_api
2025-02-20,0.0083,0.0224,0.24,0.0605,0.0532,doc_api
2025-02-21,0.0097,0.0155,0.199,0.0447,0.0573,doc_api
2025-02-22,0.013,0.0139,0.2301,0.0482,0.0724,doc_api
2025-02-23,0.0052,0.0077,0.2529,0.0429,0.0617,doc_api
2025-02-24,0.0059,0.0104,0.345,0.0925,0.0311,doc_api
2025-02-25,0.0033,0.0071,0.2134,0.0785,0.045,doc_api
2025-02-26,0.0082,0.0148,0.2175,0.0383,0.0471,doc_api
2025-02-27,0.011,0.015,0.1868,0.0497,0.0665,doc_api
2025-02-28,0.0203999999999999,0.0142,0.2218,0.0803,0.0574,doc_api
2025-03-01,0.0061,0.0084,0.1565,0.0296,0.0425,doc_api
2025-03-02,0.0046,0.0091,0.1748,0.0274,0.0623,doc_api
2025-03-03,0.0034999999999999,0.0064,0.2531,0.0546,0.054,doc_api
2025-03-04,0.0082,0.0094,0.197,0.2252,0.0263,doc_api
2025-03-05,0.0044,0.0094,0.2318,0.234,0.037,doc_api
2025-03-06,0.0192,0.0181,0.216,0.1671,0.0357,doc_api
2025-03-07,0.012,0.0163,0.1867,0.1518,0.0295,doc_api
2025-03-08,0.0165,0.0156,0.1999,0.0999,0.0348,doc_api
2025-03-09,0.0209,0.0092,0.2475,0.0686,0.0786,doc_api
2025-03-10,0.0092,0.0223,0.2543,0.0832,0.0562,doc_api
2025-03-11,0.0047,0.0134,0.2049,0.1279,0.0701,doc_api
2025-03-12,0.0093,0.008,0.1973,0.0848,0.0661,doc_api
2025-03-13,0.0067,0.0153,0.2665,0.1464,0.0772,doc_api
2025-03-14,0.0049,0.0857,0.2153,0.1561,0.0314,doc_api
2025-03-15,0.0133,0.0166,0.1471,0.0479,0.4446,doc_api
2025-03-16,0.0133,0.0196,0.2001,0.056,0.6909,doc_api
2025-03-17,0.0168,0.0212,0.2235,0.0704,0.2111,doc_api
2025-03-18,0.0061,0.0074,0.3231,0.0608,0.1649,doc_api
2025-03-19,0.0127,0.006,0.2238,0.0768,0.0768,doc_api
2025-03-20,0.0102,0.0117,0.2453,0.0502,0.0755,doc_api
2025-03-21,0.0116,0.0133,0.2753,0.0574,0.0707,doc_api
2025-03-22,0.012,0.0174,0.2056,0.0509,0.0764,doc_api
2025-03-23,0.0076999999999999,0.0125,0.3886,0.0326,0.0931,doc_api
2025-03-24,0.0052,0.0163,0.2624,0.1354,0.1074,doc_api
2025-03-25,0.0269,0.022,0.2172,0.1201,0.1757,doc_api
2025-03-26,0.0081,0.0167,0.2294,0.0689,0.1642,doc_api
2025-03-27,0.0093,0.0129,0.1817,0.0759,0.1244,doc_api
2025-03-28,0.0063,0.0115,0.2617,0.0832,0.0675,doc_api
2025-03-29,0.0052,0.0178,0.1581,0.0713,0.1084,doc_api
2025-03-30,0.0034999999999999,0.0173,0.1404,0.1645,0.0483,doc_api
2025-03-31,0.0017,0.0157,0.2919,0.2681,0.0505,doc_api
2025-04-01,0.0040999999999999,0.0179,0.2997,0.2702,0.0509,doc_api
2025-04-02,0.0085,0.0127,0.1727,0.2934,0.053,doc_api
2025-04-03,0.0091,0.0162,0.1811,0.8826,0.0563,doc_api
2025-04-04,0.0048,0.0103,0.2067,0.4636,0.1058,doc_api
2025-04-05,0.0088,0.0156,0.2274,0.3451,0.0528,doc_api
2025-04-06,0.0101,0.0151,0.2245,0.2682,0.0454,doc_api
2025-04-07,0.0277,0.0167,0.2709,0.3219,0.0561,doc_api
2025-04-08,0.0069,0.021,0.3294,0.2804,0.074,doc_api
2025-04-09,0.0114,0.0213,0.273,0.6323,0.0525,doc_api
2025-04-10,0.0185,0.0148,0.2462,0.4659,0.0565,doc_api
2025-04-11,0.0102,0.0132,0.2465,0.3144,0.0481,doc_api
2025-04-12,0.0448,0.0232,0.3008,0.2175,0.0776,doc_api
2025-04-13,0.0216,0.0104,0.2299,0.2075,0.0415,doc_api
2025-04-14,0.0078999999999999,0.0063,0.2216,0.1847,0.0566,doc_api
2025-04-15,0.0051,0.0124,0.2209,0.1858,0.0644,doc_api
2025-04-16,0.0026,0.0144,0.2366,0.1574,0.0993,doc_api
2025-04-17,0.0025,0.0158,0.2122,0.1659,0.0534,doc_api
2025-04-18,0.0121,0.0137,0.2452,0.1038,0.1584,doc_api
2025-04-19,0.0087,0.014,0.1888,0.0769,0.0997,doc_api
2025-04-20,0.0062,0.0114,0.1686,0.1914,0.0948,doc_api
2025-04-21,0.0084,0.0091,0.2253,0.3334,0.06,doc_api
2025-04-22,0.0147,0.0108,0.2635,0.2982,0.0613,doc_api
2025-04-23,0.2387,0.0169,0.255,0.1831,0.0647,doc_api
2025-04-24,0.5283,0.0246,0.2986,0.121,0.0587,doc_api
2025-04-25,0.4605,0.0163,0.3255,0.1753,0.0588,doc_api
2025-04-26,0.492,0.025,0.5832,0.1098,0.0749,doc_api
2025-04-27,0.376,0.0208,0.3986,0.1048,0.2435,doc_api
2025-04-28,0.2314,0.0418,0.3095,0.1457,0.1303,doc_api
2025-04-29,0.2222,0.0133,0.2992,0.1807,0.1078,doc_api
2025-04-30,0.2947,0.0089,0.3048,0.2231,0.0994,doc_api
2025-05-01,0.2525,0.0104,0.1869,0.1944,0.0661,doc_api
2025-05-02,0.2142,0.0094,0.2488,0.2186,0.0529,doc_api
2025-05-03,0.3657,0.0167,0.1589,0.1067,0.0856,doc_api
2025-05-04,0.2652,0.0112,0.2411,0.155,0.1765,doc_api
2025-05-05,0.2438,0.0119,0.3003,0.1308,0.0868,doc_api
2025-05-06,0.4369,0.0138,0.2751,0.1944,0.1221,doc_api
2025-05-07,1.1145,0.0209,0.2826,0.1957,0.2018,doc_api
2025-05-08,0.7344,0.0184,0.259,0.3537,0.0762,doc_api
2025-05-09,0.73,0.0211,0.2093,0.1812,0.0627,doc_api
2025-05-10,1.1727,0.0267,0.1948,0.1088,0.0945,doc_api
2025-05-11,0.908,0.0201,0.1627,0.1487,0.0516,doc_api
2025-05-12,0.5126000000000001,0.0108,0.2771,0.2887,0.1431,doc_api
2025-05-13,0.2593999999999999,0.0136,0.2385,0.1825,0.0887,doc_api
2025-05-14,0.2464,0.0496,0.295,0.0929,0.0823,doc_api
2025-05-15,0.2425999999999999,0.0252,0.2185,0.1575,0.0734,doc_api
2025-05-16,0.2081,0.0286,0.2182,0.1652,0.0537,doc_api
2025-05-17,0.3307,0.0318,0.188,0.0883,0.036,doc_api
2025-05-18,0.2136,0.022,0.2118,0.0761,0.1339,doc_api
2025-05-19,0.1776,0.0175,0.2066,0.1281,0.0518,doc_api
2025-05-20,0.134,0.0138,0.301,0.1483,0.0604,doc_api
2025-05-21,0.1315,0.0166,0.3667,0.1119,0.0684,doc_api
2025-05-22,0.2012,0.0146,0.2903,0.0793,0.039,doc_api
2025-05-23,0.1931,0.0269,0.2537,0.1792,0.0435,doc_api
2025-05-24,0.2531,0.0266,0.1828,0.1436,0.0533,doc_api
2025-05-25,0.1615,0.0315,0.1698,0.0671,0.0754,doc_api
2025-05-26,0.1536,0.0191,0.2205,0.1059,0.0504,doc_api
2025-05-27,0.127,0.0132,0.2262,0.0965,0.0541,doc_api
2025-05-28,0.1206,0.0126,0.286,0.0618,0.0985,doc_api
2025-05-29,0.1593,0.015,0.2913,0.1727,0.0435,doc_api
2025-05-30,0.1856,0.0138,0.2455,0.1395,0.0386,doc_api
2025-05-31,0.1952999999999999,0.0485,0.1795,0.0745,0.14,doc_api
2025-06-01,0.1391,0.0605,0.161,0.1144,0.0605,doc_api
2025-06-02,0.0910999999999999,0.0453,0.212,0.1239,0.0644,doc_api
2025-06-03,0.1017,0.0322,0.2315,0.1563,0.0374,doc_api
2025-06-04,0.089,0.0167,0.2738,0.0817,0.0531,doc_api
2025-06-05,0.0894,0.0195,0.2483,0.0673,0.0518,doc_api
2025-06-06,0.0788,0.0156,0.2201,0.0794,0.0543,doc_api
2025-06-07,0.1227,0.0119,0.1916,0.057,0.0345,doc_api
2025-06-08,0.0529,0.0176,0.187,0.0414,0.0353,doc_api
2025-06-09,0.043,0.0083,0.2544,0.0513,0.0325,doc_api
2025-06-10,0.06,0.0099,0.3108,0.0841,0.0653,doc_api
2025-06-11,0.0343,0.0069,0.3386,0.0762,0.055,doc_api
2025-06-12,0.0426,0.0165,0.6386,0.0886,0.0391,doc_api
2025-06-13,0.024,0.0156,6.3693,0.0884,0.089,doc_api
2025-06-14,0.0252,0.0252,6.4419,0.0542,0.0589,doc_api
2025-07-02,0.0604,0.0206,1.0749,0.1291,0.0745,doc_api
2025-07-03,0.0334,0.0119,0.8233,0.1498,0.0789,doc_api
2025-07-04,0.036,0.0348,0.7895,0.1215,0.0275,doc_api
2025-07-05,0.0248,0.0337,0.7256,0.17,0.0305,doc_api
2025-07-06,0.0426,0.0366,0.8163,0.1551,0.1798,doc_api
2025-07-07,0.0271,0.0215,0.6399,0.2716,0.1767,doc_api
2025-07-08,0.037,0.012,0.6502,0.3353,0.1283,doc_api
2025-07-09,0.0215,0.0195,0.4922,0.1947,0.1224,doc_api
2025-07-10,0.014,0.0229,0.5227,0.1763,0.1093,doc_api
2025-07-11,0.0285,0.0104,0.4795,0.1517,0.0774,doc_api
2025-07-12,0.0364,0.0751,0.4624,0.0944,0.0714,doc_api
2025-07-13,0.0432,0.0522,0.4463,0.1278,0.1053,doc_api
2025-07-14,0.0303999999999999,0.0635,0.3345,0.2056,0.0529,doc_api
2025-07-15,0.0294,0.0527,0.3488,0.3245,0.0359,doc_api
2025-07-16,0.0156,0.0184,0.4099,0.2447,0.0567,doc_api
2025-07-17,0.0186,0.0168,0.3525,0.2015,0.0482,doc_api
2025-07-18,0.0369,0.0171,0.346,0.3034,0.0265,doc_api
2025-07-19,0.0416,0.0445,0.2984,0.1951,0.0394,doc_api
2025-07-20,0.0267,0.0205,0.4351,0.1174,0.0614,doc_api
2025-07-21,0.0399,0.0279,0.4133,0.1475,0.0618,doc_api
2025-07-22,0.0249999999999999,0.0246,0.4391,0.143,0.0424,doc_api
2025-07-23,0.0645,0.029,0.4069,0.2091,0.072,doc_api
2025-07-24,0.0339,0.021,0.3736,0.2923,0.0434,doc_api
2025-07-25,0.0322999999999999,0.0179,0.4204,0.1586,0.0611,doc_api
2025-07-26,0.1104,0.0152,0.2535,0.096,0.0824,doc_api
2025-07-27,0.0503,0.0207,0.3142,0.1198,0.0828,doc_api
2025-07-28,0.1174,0.0216,0.4184,0.1762,0.0514,doc_api
2025-07-29,0.104,0.02,0.3835,0.3194,0.0559,doc_api
2025-07-30,0.0709,0.0208,0.3016,0.4797,0.0381,doc_api
2025-07-31,0.0221,0.0182,0.3457,0.6622,0.0496,doc_api
2025-08-01,0.0448999999999999,0.0152,0.3977,0.7201,0.0285,doc_api
2025-08-02,0.0447,0.0243,0.3072,0.5485,0.0334,doc_api
2025-08-03,0.0421,0.0194,0.352,0.451,0.0647,doc_api
2025-08-04,0.0208,0.0335,0.3895,0.5867,0.0724,doc_api
2025-08-05,0.0281,0.0328,0.3066,0.7569,0.0666,doc_api
2025-08-06,0.0146,0.0235,0.417,1.0552,0.0551,doc_api
2025-08-07,0.0186,0.0244,0.4467,1.3355,0.0371,doc_api
2025-08-08,0.0143,0.0214,0.4065,0.7439,0.0613,doc_api
2025-08-09,0.0808,0.0253,0.337,0.5151,0.0322,doc_api
2025-08-10,0.0578,0.0325,0.2945,0.2512,0.0452,doc_api
2025-08-11,0.0416,0.0158,0.3161,0.3089,0.0594,doc_api
2025-08-12,0.0532,0.0223,0.2677,0.2699,0.0977,doc_api
2025-08-13,0.0835,0.026,0.3433,0.2735,0.0368,doc_api
2025-08-14,0.075,0.0218,0.2757,0.2898,0.0495,doc_api
2025-08-15,0.0887999999999999,0.0142,0.3002,0.2397,0.0381,doc_api
2025-08-16,0.0375,0.0292,0.2049,0.3771,0.0708,doc_api
2025-08-17,0.0241,0.0171,0.3031,0.2268,0.0881,doc_api
2025-08-18,0.0447,0.026,0.3162,0.2424,0.0598,doc_api
2025-08-19,0.0681,0.0939,0.3304,0.193,0.0475,doc_api
2025-08-20,0.0317,0.0476,0.3232,0.2474,0.0515,doc_api
2025-08-21,0.0205,0.0333,0.29,0.2296,0.0721,doc_api
2025-08-22,0.0258,0.0247,0.4521,0.1923,0.0428,doc_api
2025-08-23,0.0248,0.0461,0.3016,0.2435,0.0478,doc_api
2025-08-24,0.0355,0.0295,0.3063,0.2246,0.1339,doc_api
2025-08-25,0.0408,0.0298,0.3097,0.1753,0.1032,doc_api
2025-08-26,0.032,0.0212,0.3643,0.2595,0.0461,doc_api
2025-08-27,0.0558,0.0224,0.3854,0.5422,0.048,doc_api
2025-08-28,0.0375,0.051,0.4145,0.4308,0.0717,doc_api
2025-08-29,0.0294,0.0538,0.3598,0.3571,0.057,doc_api
2025-08-30,0.0671,0.0709,0.3174,0.4901,0.1698,doc_api
2025-08-31,0.0988,0.3259,0.3354,0.6831,0.1197,doc_api
2025-09-01,0.0878,0.0947,0.33,0.4809,0.0921,doc_api
2025-09-02,0.0297,0.0317,0.3417,0.4169,0.0475,doc_api
2025-09-03,0.0149,0.0266,0.254,0.2829,0.0383,doc_api
2025-09-04,0.0093999999999999,0.0204,0.2525,0.2604,0.0372,doc_api
2025-09-05,0.053,0.0343,0.3248,0.3222,0.0374,doc_api
2025-09-06,0.061,0.0353,0.226,0.3737,0.0578,doc_api
2025-09-07,0.0112,0.0302,0.2279,0.3419,0.1442,doc_api
2025-09-08,0.0324,0.0396,0.2556,0.333,0.0407,doc_api
2025-09-09,0.0228,0.0179,0.2965,0.2145,0.0457,doc_api
2025-09-10,0.0144,0.0179,0.3247,0.3693,0.0475,doc_api
2025-09-11,0.0086,0.0237,0.4333,0.1682,0.0739,doc_api
2025-09-12,0.0216,0.0206,0.3852,0.2599,0.1066,doc_api
2025-09-13,0.0197999999999999,0.044,0.3334,0.5495,0.0462,doc_api
2025-09-14,0.0255,0.0199,0.2951,0.2576,0.0399,doc_api
2025-09-15,0.011,0.0173,0.352,0.198,0.0456,doc_api
2025-09-16,0.0252,0.0199,0.4,0.2683,0.0433,doc_api
2025-09-17,0.0274999999999999,0.0115,0.3523,0.203,0.0491,doc_api
2025-09-18,0.0183,0.012,0.4047,0.1677,0.0764,doc_api
2025-09-19,0.0268,0.0196,0.3129,0.3093,0.0655,doc_api
2025-09-20,0.03,0.013,0.2719,0.5589,0.0526,doc_api
2025-09-21,0.0289999999999999,0.0256,0.4606,0.3811,0.047,doc_api
2025-09-22,0.0177,0.0432,0.4925,0.2651,0.057,doc_api
2025-09-23,0.0173,0.0158,0.4552,0.4044,0.0595,doc_api
2025-09-24,0.011,0.01,0.4766,0.2476,0.0542,doc_api
2025-09-25,0.0175999999999999,0.0141,0.4014,0.2722,0.0488,doc_api
2025-09-26,0.0381,0.0112,0.3988,0.2353,0.0581,doc_api
2025-09-27,0.0556,0.0194,0.4905,0.1298,0.0736,doc_api
2025-09-28,0.027,0.0135,0.6305,0.1896,0.0476,doc_api
2025-09-29,0.0186999999999999,0.0118,0.4414,0.1228,0.0499,doc_api
2025-09-30,0.0125,0.0365,0.3736,0.0922,0.0563,doc_api
2025-10-01,0.009,0.0209,0.2757,0.1423,0.0455,doc_api
2025-10-02,0.0173,0.0119,0.2639,0.1466,0.0518,doc_api
2025-10-03,0.0542,0.011,0.2263,0.1276,0.069,doc_api
2025-10-04,0.0838,0.0441,0.3268,0.0795,0.0731,doc_api
2025-10-05,0.0426,0.0395,0.221,0.0923,0.0649,doc_api
2025-10-06,0.0103,0.0154,0.2877,0.0914,0.0631,doc_api
2025-10-07,0.0324,0.0143,0.3716,0.1326,0.0784,doc_api
2025-10-08,0.0223,0.0217,0.3022,0.2848,0.0361,doc_api
2025-10-09,0.0311,0.0105,0.3531,0.2122,0.0888,doc_api
2025-10-10,0.0499,0.0089,0.3691,0.126,0.0532,doc_api
2025-10-11,0.0389,0.0165,0.3742,0.098,0.0509,doc_api
2025-10-12,0.0319,0.0288,0.332,0.192,0.0397,doc_api
2025-10-13,0.0257,0.0178,0.4412,0.1428,0.024,doc_api
2025-10-14,0.0553,0.0109,0.3846,0.1064,0.0454,doc_api
2025-10-15,0.0205,0.0122,0.3531,0.1195,0.0335,doc_api
2025-10-16,0.0292,0.0111,0.327,0.5321,0.0451,doc_api
2025-10-17,0.0236,0.0115,0.2787,0.2578,0.0461,doc_api
2025-10-18,0.0442,0.0118,0.2554,0.1561,0.0851,doc_api
2025-10-19,0.0708,0.0107,0.2267,0.1507,0.054,doc_api
2025-10-20,0.0262,0.0093,0.3478,0.2051,0.0773,doc_api
2025-10-21,0.0154,0.0097,0.2765,0.1872,0.0515,doc_api
2025-10-22,0.0118,0.0108,0.2812,0.2152,0.0635,doc_api
2025-10-23,0.0078,0.0143,0.328,0.6361,0.066,doc_api
2025-10-24,0.036,0.025,0.3184,0.4117,0.0409,doc_api
2025-10-25,0.0413,0.0134,0.2267,0.2447,0.0471,doc_api
2025-10-26,0.03,0.0286,0.2737,0.3824,0.1094,doc_api
2025-10-27,0.0154,0.0201,0.3053,0.2551,0.0911,doc_api
2025-10-28,0.0284,0.0129,0.2749,0.1988,0.0626,doc_api
2025-10-29,0.0424,0.0312,0.3704,0.1968,0.0597,doc_api
2025-10-30,0.0422,0.0171,0.3002,0.1874,0.056,doc_api
2025-10-31,0.0158999999999999,0.0153,0.2726,0.1827,0.066,doc_api
2025-11-01,0.01,0.015,0.4057,0.0964,0.0814,doc_api
2025-11-02,0.0131,0.0606,0.28,0.1367,0.0532,doc_api
2025-11-03,0.0129,0.0166,0.2936,0.1328,0.0702,doc_api
2025-11-04,0.0189,0.0178,0.2491,0.0995,0.0634,doc_api
2025-11-05,0.0236,0.0104,0.2967,0.0896,0.041,doc_api
2025-11-06,0.0161,0.0063,0.3923,0.1059,0.0668,doc_api
2025-11-07,0.0121,0.0064,0.4437,0.1222,0.0539,doc_api
2025-11-08,0.0224,0.0099,0.3925,0.1249,0.0482,doc_api
2025-11-09,0.0225,0.024,0.2635,0.0806,0.0595,doc_api
2025-11-10,0.0125,0.0124,0.2835,0.1044,0.0812,doc_api
2025-11-11,0.0282,0.0075,0.3251,0.2071,0.0621,doc_api
2025-11-12,0.0228,0.018,0.3676,0.1229,0.0767,doc_api
2025-11-13,0.017,0.0182,0.4654,0.1171,0.0677,doc_api
2025-11-14,0.0137,0.0091,0.3043,0.0604,0.106,doc_api
2025-11-15,0.0084,0.0149,0.2753,0.0822,0.0888,doc_api
2025-11-16,0.0163,0.0132,0.481,0.071,0.0993,doc_api
2025-11-17,0.017,0.016,0.3242,0.1437,0.0544,doc_api
2025-11-18,0.0092,0.0093,0.3503,0.1371,0.0551,doc_api
2025-11-19,0.0145,0.0094,0.3678,0.1004,0.0253,doc_api
2025-11-20,0.0156,0.0111,0.3286,0.1182,0.0544,doc_api
2025-11-21,0.0206,0.0178,0.3955,0.1233,0.0608,doc_api
2025-11-22,0.0473,0.0162,0.3065,0.0454,0.0441,doc_api
2025-11-23,0.0209,0.0201,0.2905,0.0745,0.0514,doc_api
2025-11-24,0.0105,0.0206,0.2624,0.0908,0.0502,doc_api
2025-11-25,0.0208,0.0635,0.2748,0.0969,0.063,doc_api
2025-11-26,0.0186,0.048,0.2879,0.0856,0.0545,doc_api
2025-11-27,0.0094,0.0212,0.2141,0.0637,0.0378,doc_api
2025-11-28,0.0106,0.0158,0.341,0.0983,0.0941,doc_api
2025-11-29,0.0287,0.0215,0.2406,0.0711,0.0626,doc_api
2025-11-30,0.0121999999999999,0.0204,0.2707,0.0685,0.0427,doc_api
2025-12-01,0.0107,0.0282,0.2386,0.0981,0.0323,doc_api
2025-12-02,0.0094,0.0098,0.2311,0.1122,0.047,doc_api
2025-12-03,0.0121,0.0084,0.367,0.1161,0.0583,doc_api
2025-12-04,0.0141999999999999,0.0129,0.3567,0.2292,0.0702,doc_api
2025-12-05,0.0127999999999999,0.0224,0.3466,0.3203,0.0447,doc_api
2025-12-06,0.2024,0.0,0.0,0.4049,0.0,doc_api
2025-12-07,0.0312,0.0355,0.2079,0.1185,0.0376,doc_api
2025-12-08,0.0299,0.0447,0.254,0.1071,0.0525,doc_api
2025-12-09,0.0087999999999999,0.0132,0.2663,0.1419,0.0289,doc_api
2025-12-10,0.0104999999999999,0.0085,0.3052,0.1006,0.0458,doc_api
2025-12-11,0.0116,0.0109,0.2691,0.1374,0.0495,doc_api
2025-12-12,0.008,0.0214,0.2742,0.1202,0.047,doc_api
2025-12-13,0.0104,0.0163,0.2415,0.0904,0.04,doc_api
2025-12-14,0.0072,0.0178,0.2978,0.0468,0.0525,doc_api
2025-12-15,0.0142,0.0132,0.4036,0.1031,0.0411,doc_api
2025-12-16,0.0403,0.0172,0.2897,0.0843,0.0288,doc_api
2025-12-17,0.0139999999999999,0.0166,0.3509,0.0989,0.0346,doc_api
2025-12-18,0.0172,0.0121,0.2874,0.0851,0.0488,doc_api
2025-12-19,0.018,0.0085,0.2622,0.0729,0.051,doc_api
2025-12-20,0.0097,0.0238,0.2794,0.0676,0.0372,doc_api
2025-12-21,0.0161,0.0175,0.2904,0.125,0.0558,doc_api
2025-12-22,0.0112,0.0218,0.5271,0.1122,0.0449,doc_api
2025-12-23,0.0163999999999999,0.01,0.3115,0.1159,0.0456,doc_api
2025-12-24,0.0250999999999999,0.0442,0.3526,0.0873,0.0724,doc_api
2025-12-25,0.0235,0.0584,0.4174,0.094,0.0648,doc_api
2025-12-26,0.0206,0.0406,0.232,0.0732,0.0494,doc_api
2025-12-27,0.0327,0.0327,0.3253,0.0837,0.1048,doc_api
2025-12-28,0.0541,0.0251,0.3031,0.0487,0.0716,doc_api
2025-12-29,0.0278,0.0232,0.3896,0.0764,0.0578,doc_api
2025-12-30,0.0361999999999999,0.0407,0.4443,0.0711,0.0647,doc_api
2025-12-31,0.0854,0.0472,0.3253,0.1197,0.0646,doc_api
2026-01-01,0.0644,0.0319,0.3279,0.1441,0.0478,doc_api
2026-01-02,0.0260999999999999,0.017,0.2722,0.0869,0.0431,doc_api
2026-01-03,0.0287,0.0183,0.264,0.0455,0.0367,doc_api
2026-01-04,0.0197999999999999,0.0166,0.2967,0.1321,0.0506,doc_api
2026-01-05,0.0249,0.0182,0.4234,0.1708,0.0647,doc_api
2026-01-06,0.0109,0.0145,0.3589,0.1504,0.0712,doc_api
2026-01-07,0.0169,0.0168,0.3257,0.0976,0.0634,doc_api
2026-01-08,0.0102,0.0118,0.2994,0.2085,0.0583,doc_api
2026-01-09,0.015,0.014,0.3258,0.181,0.0475,doc_api
2026-01-10,0.0197,0.0099,0.4219,0.1197,0.0629,doc_api
2026-01-11,0.0097,0.0227,0.5223,0.1178,0.0739,doc_api
2026-01-12,0.0141,0.0135,0.4551,0.139,0.0521,doc_api
2026-01-13,0.0526,0.0409,0.4783,0.2099,0.0735,doc_api
2026-01-14,0.0208,0.0171,0.5305,0.1194,0.0701,doc_api
2026-01-15,0.0178,0.0104,0.4584,0.0933,0.0751,doc_api
2026-01-16,0.0214,0.0149,0.4516,0.1313,0.1055,doc_api
2026-01-17,0.0155,0.0218,0.2945,0.0906,0.0734,doc_api
2026-01-18,0.0116999999999999,0.0117,0.3159,0.0846,0.0651,doc_api
2026-01-19,0.0334,0.0106,0.3536,0.1165,0.0807,doc_api
2026-01-20,0.012,0.0063,0.3262,0.1714,0.1171,doc_api
2026-01-21,0.0097,0.0055,0.4157,0.1323,0.1335,doc_api
2026-01-22,0.0087,0.0122,0.3788,0.1282,0.0723,doc_api
2026-01-23,0.0116,0.0062,0.3485,0.0954,0.0642,doc_api
2026-01-24,0.016,0.0144,0.275,0.1162,0.0851,doc_api
2026-01-25,0.0403,0.0206,0.2579,0.1219,0.0703,doc_api
2026-01-26,0.0496,0.0296,0.3862,0.1795,0.0889,doc_api
2026-01-27,0.0346,0.0102,0.3569,0.3711,0.0951,doc_api
2026-01-28,0.0116,0.0271,0.4058,0.2342,0.0368,doc_api
2026-01-29,0.0031999999999999,0.009,0.4769,0.1465,0.0542,doc_api
2026-01-30,0.0184,0.0162,0.4971,0.136,0.0691,doc_api
2026-01-31,0.0301,0.0105,0.5343,0.1308,0.0361,doc_api
2026-02-01,0.0311,0.0532,0.6611,0.2263,0.063,doc_api
2026-02-02,0.0136,0.0393,0.4199,0.4017,0.0401,doc_api
2026-02-03,0.0132,0.0322,0.4627,1.0931,0.0669,doc_api
2026-02-04,0.0139,0.0452,0.5448,0.4624,0.0631,doc_api
2026-02-05,0.0117,0.0272,0.5261,0.2801,0.049,doc_api
2026-02-06,0.015,0.0173,0.4934,0.1915,0.03,doc_api
2026-02-07,0.0196,0.0283,0.3892,0.669,0.0391,doc_api
2026-02-08,0.028,0.0221,0.5497,0.3698,0.1272,doc_api
2026-02-09,0.0251,0.02,0.5066,0.2974,0.0747,doc_api
2026-02-10,0.0051,0.0234,0.3912,0.2511,0.0431,doc_api
2026-02-11,0.0222,0.0304,0.4365,0.2207,0.0546,doc_api
2026-02-12,0.0179,0.0283,0.3926,0.2295,0.0663,doc_api
2026-02-13,0.0147,0.0187,0.3479,0.1491,0.088,doc_api
2026-02-14,0.055,0.0306,0.3563,0.1858,0.0543,doc_api
2026-02-15,0.01,0.0275,0.3527,0.1609,0.0567,doc_api
2026-02-16,0.0151,0.0225,0.4069,0.1457,0.0571,doc_api
2026-02-17,0.0139,0.0408,0.6998,0.0947,0.1029,doc_api
2026-02-18,0.0171,0.0089,0.4948,0.0959,0.065,doc_api
2026-02-19,0.0052,0.0194,0.6219,0.0912,0.0576,doc_api
2026-02-20,0.0069,0.0244,0.5307,0.2505,0.083,doc_api
2026-02-21,0.0175,0.0242,0.417,0.4061,0.0367,doc_api
2026-02-22,0.0343,0.0274,0.4616,0.2285,0.0503,doc_api
2026-02-23,0.0163,0.0137,0.4855,0.2111,0.0598,doc_api
2026-02-24,0.0038,0.0153,0.4972,0.2195,0.0627,doc_api
2026-02-25,0.0219,0.0211,0.5612,0.1686,0.16,doc_api
2026-02-26,0.018,0.0078,0.5712,0.084,0.0605,doc_api
2026-02-27,0.019,0.0083,0.4926,0.0812,0.0577,doc_api
2026-02-28,0.0,0.0,9.7486,0.0,0.9236,doc_api
2026-03-01,0.0153,0.0105,7.8265,0.0676,0.3913,doc_api
2026-03-02,0.0137,0.0158,5.9665,0.0967,0.3958,doc_api
2026-03-03,0.0162,0.015,5.5863,0.0823,0.2668,doc_api
2026-03-04,0.0093,0.0044,5.0,0.0803,0.237,doc_api
2026-03-05,0.0168,0.0054,4.0495,0.0778,0.3024,doc_api
2026-03-06,0.0088,0.0089,3.8733,0.4931,0.1565,doc_api
2026-03-07,0.0057,0.039,4.3131,0.4114,0.1439,doc_api
2026-03-08,0.0050999999999999,0.0137,4.0075,0.242,0.1717,doc_api
2026-03-09,0.0013,0.0144,4.9848,0.1813,0.1512,doc_api
2026-03-10,0.0265,0.0133,5.0048,0.2785,0.1389,doc_api
2026-03-11,0.0072999999999999,0.0135,4.3913,0.1503,0.2126,doc_api
2026-03-12,0.0096,0.0106,4.5729,0.2543,0.3287,doc_api
2026-03-13,0.0046,0.0216,4.5014,0.3954,0.2098,doc_api
2026-03-14,0.0083,0.0165,4.4467,0.2312,0.1511,doc_api
2026-03-15,0.0124,0.0105,4.4512,0.0925,0.1879,doc_api
2026-03-16,0.0054,0.0158,4.4565,0.0956,0.2363,doc_api
2026-03-17,0.0077,0.0171,3.8975,0.0792,0.1621,doc_api
2026-03-18,0.0065,0.0103,4.2379,0.1273,0.1079,doc_api
2026-03-19,0.0121999999999999,0.0108,4.333,0.0796,0.2166,doc_api
2026-03-20,0.0142,0.0117,3.8343,0.0973,0.153,doc_api
2026-03-21,0.0137,0.0226,4.3085,0.1129,0.2288,doc_api
2026-03-22,0.0165,0.0185,4.5373,0.0809,0.1667,doc_api
2026-03-23,0.0028,0.0105,4.4208,0.0694,0.1254,doc_api
2026-03-24,0.0050999999999999,0.0175,3.6456,0.0625,0.1408,doc_api
2026-03-25,0.0074,0.0091,3.6649,0.0674,0.1467,doc_api
2026-03-26,0.013,0.0106,3.6722,0.0801,0.2002,doc_api
2026-03-27,0.0067,0.0172,3.6614,0.0555,0.1604,doc_api
2026-03-28,0.0063,0.0179,3.5442,0.0448,0.3389,doc_api
2026-03-29,0.0063999999999999,0.024,3.7742,0.0387,0.8677,doc_api
2026-03-30,0.0201,0.0106,3.3505,0.0564,0.3192,doc_api
2026-03-31,0.002,0.0188,3.9268,0.0731,0.1904,doc_api
2026-04-01,0.0071,0.0207,3.9454,0.0589,0.2504,doc_api
2026-04-02,0.0098999999999999,0.0086,4.1729,0.0655,0.1927,doc_api
2026-04-03,0.0089,0.0178,3.5416,0.0468,0.1655,doc_api
2026-04-04,0.0115,0.0035,3.541,0.0353,0.2846,doc_api
2026-04-05,0.0125,0.0167,4.069,0.0333,0.4137,doc_api
2026-04-06,0.0186,0.013,4.5566,0.0341,0.3648,doc_api
2026-04-07,0.0098,0.0072,4.0974,0.0386,0.1327,doc_api
2026-04-08,0.0014,0.0158,6.4183,0.0439,0.1724,doc_api
2026-04-09,0.0126,0.0163,4.4948,0.0559,0.1182,doc_api
2026-04-10,0.012,0.0106,3.6906,0.0495,0.13,doc_api
2026-04-11,0.0084999999999999,0.011,3.4882,0.0651,0.1395,doc_api
2026-04-12,0.0249,0.0384,4.5934,0.0291,0.2189,doc_api
2026-04-13,0.0178,0.0223,4.2721,0.0303,0.2319,doc_api
2026-04-14,0.0101,0.0151,3.9978,0.0588,0.1416,doc_api
2026-04-15,0.007,0.0112,3.2369,0.074,0.1352,doc_api
2026-04-16,0.018,0.0142,3.1152,0.07,0.1236,doc_api
2026-04-17,0.0104,0.0098,3.2938,0.0276,0.1558,doc_api
2026-04-18,0.0161,0.0142,3.7382,0.0731,0.2733,doc_api
2026-04-19,0.0084,0.0159,3.4446,0.0502,0.3302,doc_api
2026-04-20,0.0168,0.0129,3.4612,0.0542,0.1799,doc_api
2026-04-21,0.0292,0.0122,2.7793,0.0525,0.1498,doc_api
2026-04-22,0.0632,0.0115,2.8183,0.0418,0.2409,doc_api
2026-04-23,0.0250999999999999,0.0135,2.8363,0.0577,0.2452,doc_api
2026-04-24,0.0215,0.0226,2.6012,0.0516,0.2332,doc_api
2026-04-25,0.06,0.0196,2.3534,0.0513,0.1586,doc_api
2026-04-26,0.0102,0.0186,1.7762,0.0399,0.0612,doc_api
2026-04-27,0.0138,0.0085,2.1631,0.0454,0.1354,doc_api
2026-04-28,0.0209999999999999,0.0138,2.4587,0.0667,0.1247,doc_api
2026-04-29,0.0143,0.0107,2.6898,0.0281,0.1254,doc_api
2026-04-30,0.0108,0.0153,2.4246,0.0339,0.1516,doc_api
2026-05-01,0.0027,0.0123,2.5939,0.0229,0.1328,doc_api
2026-05-02,0.0053,0.0242,2.4769,0.0151,0.1226,doc_api
2026-05-03,0.0087999999999999,0.0176,2.3475,0.0282,0.1199,doc_api
2026-05-04,0.0478,0.0121,3.1223,0.0425,0.3708,doc_api
2026-05-05,0.0705,0.0054,2.7883,0.0296,0.1545,doc_api
2026-05-06,0.0232,0.0089,2.7783,0.0282,0.2453,doc_api
2026-05-07,0.1187,0.0105,2.2825,0.0326,0.1712,doc_api
2026-05-08,0.0429,0.0155,2.2486,0.0275,0.1074,doc_api
2026-05-09,0.0322999999999999,0.018,1.864,0.009,0.183,doc_api
2026-05-10,0.0312999999999999,0.026,2.3295,0.0134,0.1888,doc_api
2026-05-11,0.017,0.0117,2.5348,0.0312,0.1652,doc_api
2026-05-12,0.0118,0.0093,2.4412,0.0753,0.1238,doc_api
2026-05-13,0.0087,0.0124,2.1619,0.0846,0.0777,doc_api
2026-05-14,0.0171,0.014,2.0867,0.0704,0.0996,doc_api
2026-05-15,0.0122999999999999,0.0136,2.1457,0.0745,0.1444,doc_api
2026-05-16,0.0697,0.0137,1.5909,0.041,0.1107,doc_api
2026-05-17,0.0559,0.0158,1.5862,0.1118,0.1621,doc_api
2026-05-18,0.023,0.009,1.818,0.089,0.1091,doc_api
2026-05-19,0.0126,0.0119,1.7958,0.072,0.086,doc_api
2026-05-20,0.0108,0.0148,1.8726,0.0827,0.0887,doc_api
2026-05-21,0.0348,0.0084,1.646,0.0467,0.1148,doc_api
2026-05-22,0.0357,0.0111,1.7532,0.0284,0.1159,doc_api
2026-05-23,0.029,0.0274,1.8722,0.0892,0.1276,doc_api
2026-05-24,0.0307999999999999,0.0198,2.5782,0.1508,0.128,doc_api
2026-05-25,0.0133999999999999,0.0237,1.9854,0.0756,0.1112,doc_api
2026-05-26,0.0586,0.0124,1.9391,0.0631,0.1898,doc_api
2026-05-27,0.0405,0.0122,1.7205,0.0361,0.0788,doc_api
2026-05-28,0.0182,0.0171,2.0007,0.0427,0.0812,doc_api
2026-05-29,0.0180999999999999,0.0146,1.7196,0.0453,0.0871,doc_api
2026-05-30,0.0237,0.0108,1.5656,0.0237,0.1196,doc_api
2026-05-31,0.0378,0.0205,1.4396,0.1047,0.1219,doc_api
2026-06-01,0.01,0.0251,1.9284,0.0501,0.1929,doc_api
2026-06-02,0.0093,0.0224,1.5914,0.0804,0.1935,doc_api
2026-06-03,0.009,0.0148,1.6813,0.2153,0.1102,doc_api
2026-06-04,0.0089,0.0229,1.6118,0.0985,0.1269,doc_api
2026-06-05,0.0237,0.0375,1.2587,0.1429,0.079,doc_api
2026-06-06,0.0214,0.0243,1.6059,0.0554,0.0981,doc_api
2026-06-07,0.0128,0.0314,1.8898,0.0233,0.1536,doc_api
2026-06-08,0.018,0.0223,3.3935,0.0583,0.2905,doc_api
2026-06-09,0.0455,0.0243,2.6333,0.1601,0.132,doc_api
2026-06-10,0.0404999999999999,0.026,2.3566,0.0424,0.2306,doc_api
2026-06-11,0.0274,0.0105,2.4678,0.0362,0.1097,doc_api
2026-06-12,0.0212,0.02,2.0038,0.0918,0.1292,doc_api
2026-06-13,0.0274,0.0308,1.9804,0.0453,0.1429,doc_api
2026-06-14,0.0039,0.0181,2.2672,0.0606,0.0658,doc_api
2026-06-15,0.0243999999999999,0.0135,3.5561,0.0597,0.1932,doc_api
2026-06-16,0.0060999999999999,0.0143,2.3365,0.062,0.1499,doc_api
2026-06-17,0.0119,0.0135,2.6591,0.1405,0.169,doc_api
2026-06-18,0.0152,0.0233,2.7286,0.0799,0.1277,doc_api
2026-06-19,0.0595,0.0297,2.26,0.0453,0.1533,doc_api
2026-06-20,0.032,0.032,2.11,0.04,0.0902,doc_api
2026-06-21,0.0382,0.0354,2.6863,0.0308,0.1418,doc_api
2026-06-22,0.0232,0.0269,2.1016,0.0446,0.1117,doc_api
2026-06-23,0.0194,0.02,1.7047,0.051,0.0948,doc_api
2026-06-24,0.0191,0.0158,1.6034,0.0884,0.1221,doc_api
2026-06-25,0.0164,0.0129,1.5893,0.0522,0.0932,doc_api
2026-06-26,0.0177,0.0266,1.38,0.0428,0.1218,doc_api
2026-06-27,0.0512,0.0313,1.7254,0.0558,0.165,doc_api
2026-06-28,0.0152,0.0472,1.6329,0.0335,0.2389,doc_api
2026-06-29,0.0126,0.0351,1.6,0.0376,0.1044,doc_api
2026-06-30,0.0327,0.0241,1.2895,0.0586,0.0879,ngram_bridge
2026-07-01,0.0646487952115414,0.0214836962989408,1.2868397543271917,0.0375862742036227,0.0748478838202171,ngram_bridge
2026-07-02,0.0364720929042819,0.0079537070094014,1.0722618648799551,0.0382674890693316,0.0748939388845934,ngram_bridge
2026-07-03,0.0419225456591804,0.0112522313459478,0.8482205471803462,0.0246080574640849,0.0805244226308535,ngram_bridge
2026-07-04,0.0292003888064664,0.0212266452457455,0.9998944723618092,0.0167114303560274,0.0791491578982754,ngram_bridge
2026-07-05,0.0121374123906481,0.0141169820302272,1.4747962032384143,0.0432214241099312,0.0957064577940632,ngram_bridge
2026-07-06,0.0330869187087532,0.0104956563132214,0.9388955890563933,0.0183623516552154,0.0790610817897603,ngram_bridge
2026-07-07,0.0175648437100322,0.0102148042365821,1.5062345058626463,0.0382952061211742,0.21764883853834,ngram_bridge
2026-07-08,0.0394843198444774,0.0122465191003213,2.870022892238973,0.0341470174890693,0.4341560493495143,ngram_bridge
2026-07-09,0.0228321481557272,0.019916993930739,2.3032339475153547,0.0634685352904434,0.2282630181194742,ngram_bridge
2026-07-10,0.0411004246175883,0.0267702011186481,1.349306532663317,0.0953435352904434,0.1404393720375163,ngram_bridge
2026-07-11,0.0403473678825395,0.0189515649172914,1.4209771077610274,0.0698653185509056,0.1794691901704373,ngram_bridge
2026-07-12,0.0154003171842226,0.0248774247292633,2.1924533780011166,0.0300312304809494,0.1585380038323192,ngram_bridge
2026-07-13,0.0221686192254565,0.0101294180649767,2.3175181462869903,0.0616239850093691,0.109253706256093,ngram_bridge
2026-07-14,0.0168266230112037,0.0106753540402237,2.5494014517029595,0.0501940193628981,0.1507795744108649,ngram_bridge
2026-07-15,0.020373970430245,0.0127597286683327,1.7344120603015076,0.1459009993753904,0.1719820486099438,ngram_bridge
2026-07-16,0.0214621169488924,0.0089152683565393,1.7584824120603015,0.0608307307932542,0.1309577436380139,ngram_bridge
2026-07-17,0.0234450299278661,0.011686600023801,1.538931881630374,0.0396143035602748,0.1023393955693011,ngram_bridge
2026-07-18,0.0235867396531437,0.0137171248363679,1.8976270240089337,0.0771377264209868,0.1073879718963256,ngram_bridge
2026-07-19,0.0136205044252314,0.0079209806021658,2.209381351200447,0.0363772642098688,0.0962144081756143,ngram_bridge
2026-07-20,0.0162562029979024,0.0146105557538974,2.1387426018983806,0.0507471892567145,0.1680014791407537,ngram_bridge
2026-07-21,0.0529462321583874,0.005308818279186,1.588104969290899,0.073838226108682,0.250737553366726,ngram_bridge
2026-07-22,0.0076988796234716,0.0286552421754135,1.7881094360692351,0.0704996876951905,0.3197364440111608,ngram_bridge
2026-07-23,0.0596715608533278,0.0096394144948232,1.6462417643774427,0.0505937695190505,0.3768605237502941,ngram_bridge
2026-07-24,0.0406558551184324,0.0092517553254789,1.416028475711893,0.2616747345409119,0.3902722963660201,ngram_bridge
2026-07-25,0.0391620197472757,0.0113873021539926,1.126064768285874,0.1022930980637101,0.2781194742326957,ngram_bridge
2026-07-26,0.092972834706093,0.0128296441746995,1.6252523729759911,0.0360739381636477,0.2930406427538912,ngram_bridge
2026-07-27,0.0270711618151122,0.0127442580030941,1.2071312116136237,0.0403306527170518,0.2871570242377382,ngram_bridge
2026-07-28,0.0548406405074947,0.0186040699750089,1.088995533221664,0.0639338694565896,0.1431441826066494,ngram_bridge
2026-07-29,0.0368291809484831,0.0083809353802213,1.5676158570630931,0.1405172548407245,0.2998779708878206,ngram_bridge
2026-07-30,0.0397718319946794,0.0222396763060811,1.4658202121719712,0.0280145221736414,0.3719121255924967,ngram_bridge
2026-07-31,0.0471785951808461,0.0142672259907176,1.093667783361251,0.0388811680199875,0.1835290953709618,ngram_bridge
2026-08-01,0.0313505908835115,0.0139420445079138,0.915785594639866,0.0225156152404747,0.2120667630349279,ngram_bridge
2026-08-02,0.070583721287154,0.0242077234321075,1.5249017308766053,0.0372884134915677,0.1736319628870138,ngram_bridge
2026-08-03,0.0303284391466721,0.0134380578364869,1.5289413735343382,0.0374699406620862,0.1385558207550341,ngram_bridge
2026-08-04,0.0713255230981736,0.0231512555039866,1.361381351200447,0.0531613054341036,0.2354334890913369,ngram_bridge
2026-08-05,0.0662812707832403,0.0070082113530881,1.3317079843662758,0.0528767176764522,0.1385813695498705,ngram_bridge
2026-08-06,0.02364301427329,0.0073330953230988,1.2076281407035174,0.0252580418488444,0.1284311022960298,ngram_bridge
2026-08-07,0.025851537320304905,0.012214982744258003,0.9451853713009493,0.07274242660836977,0.07856624197398057,ngram_bridge
2026-08-08,0.02091625313347317,0.012163810543853385,1.2742065884980458,0.210389209868832,0.10370558375634518,ngram_bridge
2026-08-09,0.023916201974727578,0.007489289539450196,1.3452702400893355,0.05896158650843224,0.14023128382694056,ngram_bridge
2026-08-10,0.016269504271755258,0.009461799357372366,1.4755968732551648,0.0496603685196752,0.17533263858540357,ngram_bridge
2026-08-13,0.007866168721542948,0.008005474235392121,0.8177219430485763,0.045017957526545915,0.10854573570444079,ngram_bridge
2026-08-14,0.0693354478948176,0.013794478162560988,1.091284757118928,0.07518582136164897,0.0863260160688473,ngram_bridge
2026-08-15,0.07972783547347419,0.004121444722123052,1.1582685650474596,0.03920713616489694,0.06170370121356775,ngram_bridge
2026-08-16,0.043886529902286794,0.0,0.9350563930764936,0.02184064647095565,0.032599926042962316,ngram_bridge
2026-08-17,0.03245561978820279,0.006005593240509342,1.3251049692908987,0.029268816364772018,0.05428648267052139,ngram_bridge
