date,hormuz,bab_el_mandeb,suez,malacca
2019-01-01,0.0081,0.0007,0.0134,0.002
2019-01-02,0.0134,0.0009,0.0159,0.0034
2019-01-03,0.0036,0.0012,0.0098,0.0066
2019-01-04,0.0176,0.0008,0.0232,0.0027
2019-01-05,0.0074,0.0009,0.0108,0.0022
2019-01-06,0.0083,0.001,0.0156,0.001
2019-01-07,0.0075,0.0018,0.0213,0.0026
2019-01-08,0.0032,0.0011,0.0161,0.0028
2019-01-09,0.0023,0.0007,0.0095,0.0016
2019-01-10,0.0041,0.0009,0.0168,0.0034
2019-01-11,0.0046,0.0004,0.0116,0.0046
2019-01-12,0.0084,0.0009,0.0156,0.0043
2019-01-13,0.0032,0.0019,0.0191,0.0013
2019-01-14,0.0105,0.0015,0.0191,0.0073
2019-01-15,0.009,0.0007,0.0156,0.0032
2019-01-16,0.0067,0.0016,0.016,0.0047
2019-01-17,0.0026,0.0009,0.0139,0.0035
2019-01-18,0.0074,0.0011,0.01,0.0013
2019-01-19,0.0121,0.0008,0.018,0.0022
2019-01-20,0.0032,0.0016,0.0207,0.0013
2019-01-21,0.0061,0.0006,0.018,0.003
2019-01-22,0.0048,0.0005,0.0167,0.0023
2019-01-23,0.0031,0.0002,0.0136,0.0085
2019-01-24,0.012,0.0005,0.0135,0.0056
2019-01-25,0.004,0.0006,0.0132,0.0039
2019-01-26,0.0038,0.0012,0.0245,0.0032
2019-01-27,0.007,0.0,0.0247,0.0035
2019-01-28,0.0058,0.0028,0.0261,0.0036
2019-01-29,0.0056,0.0171,0.0194,0.0024
2019-01-30,0.0052,0.0314,0.0132,0.0052
2019-01-31,0.0044,0.0086,0.0281,0.0049
2019-02-01,0.0034,0.0032,0.0128,0.0068
2019-02-02,0.0033,0.0025,0.01,0.0025
2019-02-03,0.0062,0.0031,0.0214,0.0028
2019-02-04,0.0022,0.0012,0.0127,0.0027
2019-02-05,0.0043,0.0009,0.0089,0.0021
2019-02-06,0.0019,0.0019,0.0105,0.0014
2019-02-07,0.0021,0.0012,0.0117,0.004
2019-02-08,0.0028,0.0004,0.0083,0.0024
2019-02-09,0.0083,0.0011,0.0129,0.0017
2019-02-10,0.0083,0.0035,0.0105,0.0019
2019-02-11,0.0026,0.0011,0.0094,0.003
2019-02-12,0.0049,0.0023,0.017,0.0113
2019-02-13,0.0042,0.0012,0.0185,0.0032
2019-02-14,0.0057,0.0013,0.0128,0.005
2019-02-15,0.0049,0.0013,0.0108,0.0049
2019-02-16,0.007,0.0017,0.0193,0.0042
2019-02-17,0.0209,0.0013,0.0234,0.0061
2019-02-18,0.0064,0.0026,0.0143,0.0036
2019-02-19,0.0039,0.0016,0.0144,0.0041
2019-02-20,0.0027,0.0007,0.0154,0.0027
2019-02-21,0.0227,0.0017,0.0122,0.003
2019-02-22,0.0254,0.0016,0.0077,0.0018
2019-02-23,0.0707,0.0006,0.0112,0.0014
2019-02-24,0.0802,0.0061,0.0146,0.0034
2019-02-25,0.0123,0.0047,0.0108,0.0065
2019-02-26,0.0102,0.001,0.0199,0.0073
2019-02-27,0.0035,0.0017,0.0086,0.003
2019-02-28,0.0018,0.0003,0.0072,0.0024
2019-03-01,0.0025,0.0016,0.0079,0.0016
2019-03-02,0.0006,0.0009,0.0107,0.0009
2019-03-03,0.0043,0.0003,0.0192,0.0071
2019-03-04,0.0011,0.0008,0.0126,0.0079
2019-03-05,0.0007,0.0005,0.0157,0.0042
2019-03-06,0.0023,0.0009,0.0146,0.0034
2019-03-07,0.0053,0.0009,0.0072,0.0079
2019-03-08,0.0037,0.0024,0.0107,0.0067
2019-03-09,0.002,0.0032,0.0081,0.002
2019-03-10,0.0034,0.0015,0.0185,0.0012
2019-03-11,0.0019,0.0011,0.0215,0.0043
2019-03-12,0.0034,0.002,0.0134,0.0053
2019-03-13,0.0071,0.0033,0.0134,0.0055
2019-03-14,0.0073,0.0003,0.0194,0.0032
2019-03-15,0.0051,0.0002,0.0082,0.0024
2019-03-16,0.0043,0.0003,0.0083,0.0031
2019-03-17,0.0041,0.0032,0.0246,0.0013
2019-03-18,0.0009,0.0024,0.0126,0.0028
2019-03-19,0.0015,0.0015,0.0107,0.0019
2019-03-20,0.0012,0.0012,0.0169,0.0015
2019-03-21,0.0024,0.0005,0.0159,0.0021
2019-03-22,0.0021,0.0016,0.0107,0.0032
2019-03-23,0.0017,0.0006,0.0125,0.0033
2019-03-24,0.012,0.0022,0.017,0.0003
2019-03-25,0.0078,0.0018,0.0122,0.0037
2019-03-26,0.0038,0.0027,0.0098,0.0038
2019-03-27,0.0038,0.0013,0.0109,0.0033
2019-03-28,0.0008,0.0007,0.0075,0.0029
2019-03-29,0.0024,0.0012,0.0084,0.0021
2019-03-30,0.0039,0.0047,0.0097,0.005
2019-03-31,0.0009,0.0021,0.0119,0.0039
2019-04-01,0.0026,0.0007,0.0458,0.0035
2019-04-02,0.0015,0.001,0.0191,0.0049
2019-04-03,0.0077,0.0009,0.0142,0.0068
2019-04-04,0.0034,0.0007,0.0107,0.0044
2019-04-05,0.0022,0.0004,0.0221,0.0044
2019-04-06,0.0182,0.0003,0.0182,0.0023
2019-04-07,0.0059,0.0012,0.0249,0.0022
2019-04-08,0.0059,0.0013,0.0129,0.004
2019-04-09,0.0164,0.0007,0.0149,0.0027
2019-04-10,0.0092,0.0008,0.016,0.0018
2019-04-11,0.0047,0.0008,0.0146,0.0055
2019-04-12,0.0041,0.0009,0.0095,0.0049
2019-04-13,0.0045,0.0008,0.0112,0.0045
2019-04-14,0.0121,0.0015,0.0185,0.0019
2019-04-15,0.0035,0.0017,0.0161,0.0028
2019-04-16,0.0055,0.0017,0.0131,0.0028
2019-04-17,0.0054,0.0747,0.0124,0.0045
2019-04-18,0.0028,0.0047,0.0152,0.0037
2019-04-19,0.0023,0.0012,0.0087,0.0029
2019-04-20,0.0009,0.0003,0.0158,0.006
2019-04-21,0.0048,0.0013,0.0182,0.0195
2019-04-22,0.0835,0.0017,0.0123,0.0073
2019-04-23,0.1054,0.0053,0.0183,0.0044
2019-04-24,0.104,0.0042,0.0252,0.0041
2019-04-25,0.0469,0.0012,0.0397,0.0019
2019-04-26,0.0176,0.0018,0.0256,0.0044
2019-04-27,0.0502,0.0026,0.038,0.0031
2019-04-28,0.1368,0.0012,0.0268,0.0027
2019-04-29,0.0763,0.0019,0.0105,0.005
2019-04-30,0.0351,0.0019,0.013,0.0032
2019-05-01,0.028,0.0012,0.0091,0.0004
2019-05-02,0.0173,0.0027,0.0346,0.0027
2019-05-03,0.037,0.0006,0.0157,0.0017
2019-05-04,0.041,0.0008,0.0163,0.0006
2019-05-05,0.0152,0.0023,0.0325,0.0026
2019-05-06,0.0569,0.001,0.025,0.0054
2019-05-07,0.0489,0.0085,0.0204,0.0012
2019-05-08,0.049,0.0029,0.011,0.0033
2019-05-09,0.0204,0.0031,0.0417,0.0036
2019-05-10,0.0525,0.0263,0.1236,0.0031
2019-05-11,0.0707,0.02,0.1443,0.0014
2019-05-12,0.1805,0.1,0.0607,0.0009
2019-05-13,0.2815,0.0767,0.0248,0.0037
2019-05-14,0.2859,0.0181,0.021,0.0038
2019-05-15,0.1962,0.1022,0.0386,0.0027
2019-05-16,0.0709,0.0198,0.0193,0.0029
2019-05-17,0.103,0.0104,0.0102,0.0099
2019-05-18,0.1837,0.0074,0.0566,0.0025
2019-05-19,0.1302,0.0071,0.0141,0.0028
2019-05-20,0.1843,0.0042,0.0099,0.0025
2019-05-21,0.0466,0.0347,0.0082,0.0045
2019-05-22,0.0404,0.0048,0.0092,0.0034
2019-05-23,0.0378,0.0038,0.0118,0.0026
2019-05-24,0.0297,0.0027,0.0049,0.0023
2019-05-25,0.0695,0.0023,0.0162,0.0014
2019-05-26,0.0315,0.0032,0.0189,0.0024
2019-05-27,0.0144,0.0027,0.0105,0.006
2019-05-28,0.0386,0.0025,0.0083,0.004
2019-05-29,0.0273,0.0014,0.0054,0.0088
2019-05-30,0.0281,0.0088,0.0068,0.0059
2019-05-31,0.0327,0.0045,0.0069,0.0043
2019-06-01,0.0186,0.0066,0.0052,0.0049
2019-06-02,0.0119,0.003,0.02,0.003
2019-06-03,0.0746,0.0023,0.0071,0.0065
2019-06-04,0.0237,0.0011,0.0076,0.0024
2019-06-05,0.0062,0.0099,0.0082,0.0024
2019-06-06,0.0166,0.0011,0.0075,0.0015
2019-06-07,0.0253,0.0004,0.0077,0.0039
2019-06-08,0.0063,0.0012,0.0104,0.0012
2019-06-09,0.0246,0.0052,0.0193,0.002
2019-06-10,0.0728,0.0012,0.0093,0.0077
2019-06-11,0.024,0.0023,0.0086,0.0021
2019-06-12,0.0368,0.0216,0.0079,0.0023
2019-06-13,0.618,0.0078,0.0126,0.0046
2019-06-14,0.7874,0.0073,0.0186,0.0051
2019-06-15,0.553,0.0157,0.0124,0.0033
2019-06-16,0.4668,0.0103,0.0193,0.0283
2019-06-17,0.4293,0.004,0.0119,0.0036
2019-06-18,0.307,0.0022,0.0077,0.0069
2019-06-19,0.2177,0.0022,0.0119,0.0038
2019-06-20,0.9311,0.003,0.0096,0.0034
2019-06-21,1.0677,0.0066,0.0082,0.0029
2019-06-22,0.6747,0.0044,0.0173,0.0016
2019-06-23,0.7045,0.0172,0.0125,0.0014
2019-06-24,0.4555,0.0153,0.0112,0.0024
2019-06-25,0.4189,0.0032,0.0122,0.0038
2019-06-26,0.1761,0.0134,0.008,0.0021
2019-06-27,0.1212,0.002,0.0063,0.0032
2019-06-28,0.1088,0.0029,0.014,0.0048
2019-06-29,0.0869,0.0033,0.0165,0.0015
2019-06-30,0.0665,0.0023,0.013,0.001
2019-07-01,0.1106,0.0014,0.0126,0.0024
2019-07-02,0.0882,0.0109,0.0077,0.0028
2019-07-03,0.1187,0.0044,0.0059,0.0053
2019-07-04,0.0983,0.0016,0.0432,0.0063
2019-07-05,0.0674,0.005,0.0672,0.0063
2019-07-06,0.1209,0.0054,0.0233,0.0029
2019-07-07,0.2159,0.0023,0.0488,0.0017
2019-07-08,0.1604,0.0024,0.0145,0.003
2019-07-09,0.0779,0.0163,0.0141,0.0054
2019-07-10,0.1062,0.0509,0.0302,0.004
2019-07-11,0.4746,0.028,0.0581,0.0072
2019-07-12,0.19,0.0107,0.0198,0.0043
2019-07-13,0.1966,0.0089,0.0133,0.0022
2019-07-14,0.1294,0.0037,0.0156,0.0027
2019-07-15,0.1004,0.0044,0.0115,0.0079
2019-07-16,0.1586,0.0041,0.0135,0.0059
2019-07-17,0.138,0.0029,0.0162,0.0053
2019-07-18,0.5406,0.0123,0.0142,0.0078
2019-07-19,1.0313,0.0117,0.0119,0.0074
2019-07-20,1.6271,0.0309,0.0122,0.0053
2019-07-21,1.1245,0.0124,0.0178,0.0017
2019-07-22,0.7918,0.0056,0.0159,0.0383
2019-07-23,0.4375,0.0057,0.0265,0.007
2019-07-24,0.3824,0.0096,0.0167,0.0044
2019-07-25,0.2353,0.0094,0.0179,0.0092
2019-07-26,0.2266,0.0043,0.0145,0.012
2019-07-27,0.2577,0.0044,0.0222,0.0081
2019-07-28,0.4528,0.0034,0.0221,0.0017
2019-07-29,0.2739,0.0043,0.0121,0.0064
2019-07-30,0.1882,0.0041,0.0114,0.0052
2019-07-31,0.1675,0.0053,0.0169,0.0042
2019-08-01,0.1349,0.0158,0.0094,0.0048
2019-08-02,0.0598,0.0034,0.0126,0.0032
2019-08-03,0.0596,0.0022,0.0112,0.007
2019-08-04,0.33,0.0298,0.0181,0.0007
2019-08-05,0.2134,0.0046,0.0124,0.0025
2019-08-06,0.1638,0.0027,0.0216,0.0036
2019-08-07,0.091,0.0019,0.0174,0.0037
2019-08-08,0.1071,0.0022,0.0108,0.0032
2019-08-09,0.108,0.0037,0.0088,0.0029
2019-08-10,0.0447,0.0041,0.0147,0.0022
2019-08-11,0.0671,0.0014,0.0147,0.0038
2019-08-12,0.1449,0.0035,0.005,0.003
2019-08-13,0.1055,0.0042,0.0075,0.0024
2019-08-14,0.0555,0.0027,0.0074,0.0033
2019-08-15,0.1855,0.0033,0.0056,0.0031
2019-08-16,0.1009,0.002,0.0123,0.0154
2019-08-17,0.1669,0.0061,0.0217,0.0054
2019-08-18,0.0788,0.0065,0.0123,0.0038
2019-08-19,0.1344,0.0044,0.0143,0.0031
2019-08-20,0.0615,0.0109,0.0129,0.0041
2019-08-21,0.1616,0.0084,0.0129,0.0028
2019-08-22,0.0754,0.004,0.0132,0.0036
2019-08-23,0.0388,0.0036,0.006,0.0028
2019-08-24,0.1887,0.0024,0.0194,0.0006
2019-08-25,0.1322,0.006,0.0167,0.001
2019-08-26,0.0553,0.0025,0.0508,0.0023
2019-08-27,0.0625,0.0017,0.0126,0.004
2019-08-28,0.0262,0.0017,0.0152,0.0026
2019-08-29,0.0486,0.008,0.011,0.0056
2019-08-30,0.0494,0.0034,0.009,0.0032
2019-08-31,0.0348,0.0031,0.0112,0.0019
2019-09-01,0.0522,0.0013,0.0162,0.001
2019-09-02,0.0433,0.005,0.0134,0.0057
2019-09-03,0.0582,0.0352,0.0274,0.0025
2019-09-04,0.0666,0.0053,0.0188,0.0044
2019-09-05,0.0757,0.0015,0.021,0.0062
2019-09-06,0.0351,0.0024,0.0187,0.0022
2019-09-07,0.2537,0.001,0.0134,0.0016
2019-09-08,0.097,0.001,0.017,0.0048
2019-09-09,0.0223,0.001,0.0145,0.0049
2019-09-10,0.015,0.0019,0.0099,0.0058
2019-09-11,0.0473,0.0039,0.0079,0.0013
2019-09-12,0.0367,0.0017,0.008,0.0028
2019-09-13,0.0441,0.0012,0.0095,0.0022
2019-09-14,0.0669,0.0121,0.0201,0.0013
2019-09-15,0.0727,0.0811,0.0142,0.0014
2019-09-16,0.0902,0.0237,0.0102,0.0088
2019-09-17,0.0792,0.0085,0.0079,0.0026
2019-09-18,0.1503,0.1111,0.0077,0.0028
2019-09-19,0.0706,0.0263,0.0133,0.0063
2019-09-20,0.0593,0.0277,0.0052,0.0014
2019-09-21,0.0457,0.0106,0.0084,0.0026
2019-09-22,0.276,0.0051,0.0146,0.002
2019-09-23,0.1562,0.0088,0.0169,0.0039
2019-09-24,0.0639,0.0038,0.0187,0.0026
2019-09-25,0.0978,0.0178,0.0135,0.0037
2019-09-26,0.038,0.0019,0.0084,0.0037
2019-09-27,0.2232,0.0024,0.0065,0.0041
2019-09-28,0.0947,0.0023,0.0078,0.0019
2019-09-29,0.0302,0.0017,0.009,0.0021
2019-09-30,0.0172,0.0023,0.0133,0.0046
2019-10-01,0.0253,0.0025,0.0095,0.0019
2019-10-02,0.0154,0.0022,0.0133,0.0022
2019-10-03,0.0175,0.0024,0.0149,0.0036
2019-10-04,0.0107,0.0012,0.0084,0.0014
2019-10-05,0.0251,0.002,0.0215,0.0007
2019-10-06,0.011,0.0044,0.039,0.0018
2019-10-07,0.0102,0.0026,0.0177,0.0041
2019-10-08,0.0089,0.0022,0.0185,0.0022
2019-10-09,0.0062,0.0016,0.0142,0.0027
2019-10-10,0.0107,0.001,0.0123,0.001
2019-10-11,0.1608,0.0109,0.0469,0.003
2019-10-12,0.0256,0.0036,0.047,0.0026
2019-10-13,0.0196,0.0029,0.021,0.0022
2019-10-14,0.0109,0.0033,0.0164,0.0094
2019-10-15,0.0064,0.0018,0.0166,0.0018
2019-10-16,0.0079,0.0021,0.0211,0.0024
2019-10-17,0.0206,0.0023,0.0095,0.0052
2019-10-18,0.0184,0.0026,0.0098,0.0044
2019-10-19,0.0264,0.0013,0.0114,0.0017
2019-10-20,0.0112,0.0015,0.0093,0.0026
2019-10-21,0.0121,0.0036,0.0161,0.0063
2019-10-22,0.0117,0.001,0.0234,0.0039
2019-10-23,0.0074,0.0008,0.0164,0.0029
2019-10-24,0.0062,0.0014,0.0124,0.0029
2019-10-25,0.0053,0.0006,0.011,0.002
2019-10-26,0.0033,0.0013,0.0124,0.0013
2019-10-27,0.0077,0.0022,0.0098,0.0018
2019-10-28,0.0035,0.0011,0.0101,0.0013
2019-10-29,0.0057,0.0012,0.0176,0.002
2019-10-30,0.0053,0.0019,0.0101,0.0031
2019-10-31,0.0086,0.0021,0.0078,0.0053
2019-11-01,0.0041,0.0013,0.0107,0.008
2019-11-02,0.0189,0.0014,0.0146,0.0017
2019-11-03,0.0146,0.0011,0.0146,0.004
2019-11-04,0.0121,0.005,0.0196,0.008
2019-11-05,0.008,0.0019,0.0119,0.0029
2019-11-06,0.0049,0.0018,0.0127,0.0025
2019-11-07,0.017,0.0115,0.0104,0.0022
2019-11-08,0.029,0.0034,0.0123,0.004
2019-11-09,0.0108,0.0022,0.024,0.0003
2019-11-10,0.0074,0.002,0.0135,0.0017
2019-11-11,0.0084,0.0009,0.0281,0.0041
2019-11-12,0.0048,0.0002,0.0224,0.0052
2019-11-13,0.0045,0.0014,0.0123,0.0022
2019-11-14,0.0072,0.0004,0.0121,0.0013
2019-11-15,0.0037,0.001,0.0125,0.0019
2019-11-16,0.0087,0.0013,0.0186,0.0013
2019-11-17,0.0141,0.0028,0.0483,0.0003
2019-11-18,0.0093,0.0062,0.0199,0.0019
2019-11-19,0.0142,0.0092,0.0146,0.0012
2019-11-20,0.0485,0.0051,0.0131,0.0025
2019-11-21,0.0182,0.0025,0.0099,0.0023
2019-11-22,0.0099,0.0006,0.006,0.0018
2019-11-23,0.0307,0.0031,0.0096,0.0022
2019-11-24,0.0296,0.002,0.0165,0.003
2019-11-25,0.0287,0.0016,0.0099,0.0012
2019-11-26,0.0151,0.0017,0.0177,0.0015
2019-11-27,0.0082,0.0045,0.0196,0.0012
2019-11-28,0.0079,0.0029,0.0115,0.0015
2019-11-29,0.0044,0.0011,0.0117,0.0044
2019-11-30,0.0141,0.002,0.0092,0.0036
2019-12-01,0.0139,0.0037,0.0119,0.0007
2019-12-02,0.0142,0.0016,0.0082,0.0042
2019-12-03,0.0328,0.0019,0.0101,0.0025
2019-12-04,0.0137,0.0009,0.0109,0.0007
2019-12-05,0.023,0.0028,0.0104,0.004
2019-12-06,0.0056,0.0026,0.0062,0.0028
2019-12-07,0.0055,0.0032,0.0145,0.0035
2019-12-08,0.0049,0.0021,0.0165,0.0039
2019-12-09,0.0061,0.0021,0.0165,0.0017
2019-12-10,0.0138,0.0038,0.0101,0.0033
2019-12-11,0.0087,0.0029,0.0092,0.0019
2019-12-12,0.0122,0.001,0.0118,0.0024
2019-12-13,0.0175,0.0018,0.0052,0.0018
2019-12-14,0.0102,0.0007,0.0069,0.002
2019-12-15,0.0093,0.0022,0.01,0.0007
2019-12-16,0.0085,0.0023,0.0083,0.0023
2019-12-17,0.0199,0.0078,0.009,0.0012
2019-12-18,0.0164,0.0021,0.0091,0.0008
2019-12-19,0.0086,0.0002,0.0121,0.001
2019-12-20,0.0191,0.0027,0.0066,0.0025
2019-12-21,0.0259,0.0059,0.0118,0.0023
2019-12-22,0.0217,0.0036,0.0108,0.0018
2019-12-23,0.0129,0.0014,0.0101,0.0045
2019-12-24,0.0075,0.0003,0.0139,0.0064
2019-12-25,0.0389,0.0033,0.0171,0.0051
2019-12-26,0.031,0.0014,0.0195,0.0066
2019-12-27,0.0896,0.0342,0.0114,0.0048
2019-12-28,0.0395,0.0091,0.0157,0.0033
2019-12-29,0.1343,0.0413,0.0228,0.0048
2019-12-30,0.0407,0.0029,0.0115,0.0052
2019-12-31,0.0391,0.0014,0.0399,0.0033
2020-01-01,0.0148,0.0004,0.0164,0.0194
2020-01-02,0.0146,0.0018,0.0103,0.0046
2020-01-03,0.3326,0.0048,0.0125,0.0038
2020-01-04,0.3911,0.0162,0.0245,0.0014
2020-01-05,0.6896,0.0066,0.0162,0.0037
2020-01-06,0.2796,0.0081,0.0146,0.0067
2020-01-07,0.2687,0.0048,0.0101,0.0021
2020-01-08,0.4601,0.003,0.0114,0.0032
2020-01-09,0.126,0.0038,0.0129,0.0034
2020-01-10,0.1113,0.0037,0.0076,0.0072
2020-01-11,0.1098,0.0026,0.0132,0.0026
2020-01-12,0.0688,0.0027,0.0122,0.0
2020-01-13,0.0513,0.0015,0.0099,0.0018
2020-01-14,0.0467,0.0027,0.0096,0.0041
2020-01-15,0.0347,0.0036,0.0208,0.0062
2020-01-16,0.0351,0.0024,0.0525,0.004
2020-01-17,0.0229,0.0013,0.0121,0.0195
2020-01-18,0.0208,0.0027,0.0123,0.0167
2020-01-19,0.0162,0.0026,0.0077,0.0103
2020-01-20,0.0249,0.0028,0.0129,0.0069
2020-01-21,0.0983,0.0025,0.0127,0.0035
2020-01-22,0.0316,0.0032,0.0066,0.0028
2020-01-23,0.0174,0.0021,0.0209,0.0068
2020-01-24,0.0122,0.0023,0.0354,0.0041
2020-01-25,0.0359,0.0007,0.0157,0.0021
2020-01-26,0.0176,0.0008,0.0103,0.0004
2020-01-27,0.0077,0.0016,0.0091,0.0016
2020-01-28,0.0048,0.0009,0.0127,0.0026
2020-01-29,0.0118,0.0046,0.0131,0.0018
2020-01-30,0.0118,0.0031,0.0098,0.0027
2020-01-31,0.008,0.0017,0.0067,0.003
2020-02-01,0.0052,0.0021,0.0131,0.0038
2020-02-02,0.0464,0.0069,0.027,0.0033
2020-02-03,0.0107,0.0004,0.0101,0.0016
2020-02-04,0.0056,0.0006,0.0134,0.0038
2020-02-05,0.0037,0.0014,0.0084,0.0023
2020-02-06,0.0069,0.0006,0.0079,0.0045
2020-02-07,0.0042,0.0055,0.0086,0.0044
2020-02-08,0.0044,0.002,0.0087,0.002
2020-02-09,0.0022,0.0026,0.0085,0.0044
2020-02-10,0.0054,0.0011,0.0058,0.0056
2020-02-11,0.0014,0.0008,0.0123,0.0038
2020-02-12,0.0049,0.0008,0.0137,0.0023
2020-02-13,0.0055,0.0012,0.0106,0.0026
2020-02-14,0.0076,0.0114,0.0116,0.0025
2020-02-15,0.0142,0.003,0.0078,0.0027
2020-02-16,0.0264,0.0004,0.0123,0.0023
2020-02-17,0.005,0.0012,0.0105,0.0022
2020-02-18,0.003,0.0002,0.0072,0.0057
2020-02-19,0.002,0.0002,0.0119,0.0054
2020-02-20,0.0074,0.0,0.0125,0.0038
2020-02-21,0.0095,0.0021,0.0059,0.0036
2020-02-22,0.0064,0.0034,0.0037,0.0024
2020-02-23,0.006,0.0142,0.0097,0.0034
2020-02-24,0.0027,0.002,0.0097,0.0034
2020-02-25,0.0041,0.0008,0.0244,0.0029
2020-02-26,0.0024,0.0006,0.0139,0.002
2020-02-27,0.0046,0.0012,0.0064,0.0034
2020-02-28,0.0029,0.0004,0.0067,0.0029
2020-02-29,0.003,0.0003,0.0107,0.0027
2020-03-01,0.0018,0.0004,0.0189,0.0018
2020-03-02,0.0009,0.0002,0.0083,0.002
2020-03-03,0.0036,0.0014,0.0145,0.0022
2020-03-04,0.0055,0.0055,0.0127,0.0084
2020-03-05,0.0075,0.0022,0.0118,0.0008
2020-03-06,0.005,0.0008,0.0109,0.004
2020-03-07,0.0033,0.011,0.0067,0.0007
2020-03-08,0.0014,0.0188,0.0159,0.0029
2020-03-09,0.0018,0.0033,0.0148,0.0038
2020-03-10,0.0035,0.0049,0.0106,0.0026
2020-03-11,0.0021,0.0025,0.0072,0.0012
2020-03-12,0.0043,0.0022,0.0061,0.0024
2020-03-13,0.0024,0.0016,0.0054,0.003
2020-03-14,0.0035,0.0006,0.0076,0.0
2020-03-15,0.0023,0.001,0.0125,0.003
2020-03-16,0.002,0.001,0.0075,0.0057
2020-03-17,0.0023,0.0051,0.0064,0.0028
2020-03-18,0.0009,0.0017,0.0053,0.0006
2020-03-19,0.0021,0.0006,0.0228,0.0015
2020-03-20,0.001,0.0002,0.0148,0.0017
2020-03-21,0.0024,0.0024,0.0152,0.0003
2020-03-22,0.0023,0.0003,0.0119,0.0023
2020-03-23,0.0004,0.001,0.008,0.0091
2020-03-24,0.0006,0.0013,0.0136,0.0074
2020-03-25,0.0017,0.0006,0.0047,0.0017
2020-03-26,0.0045,0.0009,0.0157,0.0024
2020-03-27,0.0041,0.002,0.0119,0.0014
2020-03-28,0.0022,0.0006,0.01,0.0013
2020-03-29,0.0017,0.0024,0.0085,0.001
2020-03-30,0.0006,0.0016,0.0079,0.0004
2020-03-31,0.0017,0.0017,0.0119,0.0009
2020-04-01,0.0032,0.0089,0.0129,0.0034
2020-04-02,0.0028,0.0023,0.0099,0.0061
2020-04-03,0.0022,0.0006,0.0084,0.0141
2020-04-04,0.0019,0.0,0.0118,0.0019
2020-04-05,0.0039,0.0014,0.0075,0.0036
2020-04-06,0.0034,0.0006,0.0064,0.0047
2020-04-07,0.003,0.0008,0.0068,0.0032
2020-04-08,0.0008,0.0008,0.0067,0.0018
2020-04-09,0.0016,0.0008,0.0073,0.0018
2020-04-10,0.0012,0.0005,0.0042,0.0009
2020-04-11,0.0007,0.0014,0.0277,0.0014
2020-04-12,0.0008,0.0026,0.0238,0.0008
2020-04-13,0.001,0.0015,0.0458,0.0015
2020-04-14,0.061,0.0014,0.0118,0.001
2020-04-15,0.0143,0.0016,0.0072,0.0022
2020-04-16,0.0302,0.0004,0.0098,0.0012
2020-04-17,0.0023,0.0002,0.0054,0.0025
2020-04-18,0.0128,0.0043,0.0187,0.0
2020-04-19,0.0214,0.0033,0.0656,0.0004
2020-04-20,0.0047,0.0016,0.0391,0.0016
2020-04-21,0.0036,0.0047,0.0105,0.0022
2020-04-22,0.0378,0.0014,0.034,0.0026
2020-04-23,0.034,0.0008,0.0109,0.001
2020-04-24,0.0074,0.0002,0.0091,0.0012
2020-04-25,0.005,0.001,0.0228,0.001
2020-04-26,0.005,0.0018,0.026,0.0018
2020-04-27,0.0072,0.0004,0.0122,0.0063
2020-04-28,0.0048,0.0004,0.012,0.0042
2020-04-29,0.0032,0.0012,0.0076,0.0022
2020-04-30,0.0047,0.0006,0.0071,0.004
2020-05-01,0.0045,0.0005,0.0095,0.0077
2020-05-02,0.0045,0.0014,0.0121,0.0159
2020-05-03,0.0026,0.0007,0.0164,0.0022
2020-05-04,0.0016,0.0016,0.0132,0.0032
2020-05-05,0.0013,0.0171,0.0107,0.0048
2020-05-06,0.0012,0.001,0.0197,0.0018
2020-05-07,0.0082,0.0012,0.0167,0.0036
2020-05-08,0.004,0.0004,0.0151,0.0153
2020-05-09,0.0013,0.001,0.0084,0.0026
2020-05-10,0.0033,0.0026,0.0144,0.0007
2020-05-11,0.1314,0.0014,0.0159,0.0014
2020-05-12,0.0149,0.0022,0.013,0.0037
2020-05-13,0.0046,0.0042,0.0121,0.0028
2020-05-14,0.0318,0.0004,0.019,0.0014
2020-05-15,0.0022,0.0004,0.0106,0.0035
2020-05-16,0.0013,0.0003,0.0193,0.0007
2020-05-17,0.003,0.0053,0.0654,0.0011
2020-05-18,0.0037,0.0023,0.0351,0.0023
2020-05-19,0.0144,0.001,0.0232,0.0016
2020-05-20,0.0105,0.0016,0.0322,0.0024
2020-05-21,0.0072,0.0002,0.0249,0.0013
2020-05-22,0.0128,0.0009,0.0144,0.0025
2020-05-23,0.0042,0.0,0.0156,0.0021
2020-05-24,0.0036,0.0016,0.0175,0.0048
2020-05-25,0.0011,0.0005,0.0166,0.0027
2020-05-26,0.0022,0.0004,0.0084,0.0022
2020-05-27,0.0018,0.0004,0.008,0.001
2020-05-28,0.0066,0.001,0.0086,0.0102
2020-05-29,0.0051,0.0002,0.0095,0.0017
2020-05-30,0.0047,0.0007,0.0124,0.002
2020-05-31,0.0044,0.0,0.0192,0.0022
2020-06-01,0.0025,0.0005,0.0129,0.003
2020-06-02,0.0015,0.0019,0.0104,0.0028
2020-06-03,0.0018,0.0008,0.0129,0.0012
2020-06-04,0.001,0.0006,0.0075,0.0019
2020-06-05,0.0019,0.0004,0.0162,0.0024
2020-06-06,0.0007,0.0007,0.0103,0.0014
2020-06-07,0.0019,0.0008,0.0174,0.003
2020-06-08,0.0011,0.0002,0.0192,0.0021
2020-06-09,0.0271,0.0008,0.0119,0.001
2020-06-10,0.0072,0.0004,0.0144,0.0068
2020-06-11,0.0077,0.0013,0.0085,0.0094
2020-06-12,0.0024,0.0009,0.0099,0.0159
2020-06-13,0.01,0.0003,0.008,0.0031
2020-06-14,0.0026,0.0011,0.0135,0.0034
2020-06-15,0.0053,0.0004,0.0109,0.002
2020-06-16,0.0023,0.0023,0.0082,0.0045
2020-06-17,0.0008,0.0012,0.0095,0.0057
2020-06-18,0.023,0.0008,0.0113,0.0127
2020-06-19,0.0045,0.0009,0.0069,0.0028
2020-06-20,0.0148,0.0017,0.0118,0.0024
2020-06-21,0.0027,0.0015,0.0322,0.0034
2020-06-22,0.0025,0.0014,0.0183,0.0041
2020-06-23,0.0041,0.0023,0.0135,0.0019
2020-06-24,0.0033,0.001,0.0092,0.0023
2020-06-25,0.0109,0.0023,0.0089,0.0023
2020-06-26,0.005,0.0009,0.01,0.0032
2020-06-27,0.0025,0.0011,0.0202,0.0011
2020-06-28,0.0022,0.0015,0.0117,0.0026
2020-06-29,0.003,0.006,0.0152,0.0016
2020-06-30,0.0043,0.0031,0.0091,0.0023
2020-07-01,0.0114,0.0012,0.0122,0.0017
2020-07-02,0.0022,0.0019,0.0078,0.0026
2020-07-03,0.0026,0.0045,0.0088,0.0024
2020-07-04,0.0044,0.0004,0.0186,0.0018
2020-07-05,0.0097,0.0019,0.0191,0.0016
2020-07-06,0.0061,0.0016,0.0101,0.0026
2020-07-07,0.0038,0.0015,0.0193,0.0106
2020-07-08,0.0012,0.0008,0.0158,0.0087
2020-07-09,0.0027,0.0111,0.0151,0.0059
2020-07-10,0.0025,0.0038,0.0094,0.0076
2020-07-11,0.0028,0.0014,0.015,0.0299
2020-07-12,0.0054,0.0023,0.0147,0.005
2020-07-13,0.0032,0.0007,0.0079,0.0032
2020-07-14,0.0034,0.0013,0.0127,0.0109
2020-07-15,0.0077,0.0014,0.0122,0.0091
2020-07-16,0.0093,0.0082,0.0095,0.0051
2020-07-17,0.0038,0.0014,0.0072,0.0077
2020-07-18,0.0032,0.0025,0.0135,0.0053
2020-07-19,0.0381,0.0063,0.0145,0.0086
2020-07-20,0.0026,0.0026,0.0108,0.0115
2020-07-21,0.0026,0.0017,0.0059,0.0201
2020-07-22,0.0028,0.0019,0.0083,0.0045
2020-07-23,0.0009,0.0009,0.0092,0.0031
2020-07-24,0.0044,0.0007,0.0074,0.0025
2020-07-25,0.0058,0.0015,0.0132,0.0026
2020-07-26,0.0075,0.002,0.0208,0.0043
2020-07-27,0.0604,0.0005,0.0109,0.0055
2020-07-28,0.0709,0.0011,0.0114,0.0205
2020-07-29,0.0871,0.0022,0.0081,0.005
2020-07-30,0.0163,0.0013,0.0152,0.0033
2020-07-31,0.0108,0.0,0.0051,0.0035
2020-08-01,0.0059,0.0004,0.0073,0.0022
2020-08-02,0.0077,0.0024,0.0094,0.0041
2020-08-03,0.0037,0.0022,0.0081,0.0022
2020-08-04,0.0034,0.0009,0.0095,0.0016
2020-08-05,0.004,0.0004,0.0119,0.0031
2020-08-06,0.0042,0.002,0.0498,0.0029
2020-08-07,0.0039,0.0023,0.0198,0.0023
2020-08-08,0.0062,0.0029,0.0167,0.0018
2020-08-09,0.0024,0.0004,0.0177,0.0028
2020-08-10,0.0055,0.0036,0.0132,0.0031
2020-08-11,0.0034,0.0018,0.0231,0.0016
2020-08-12,0.0022,0.0007,0.0132,0.0018
2020-08-13,0.0946,0.0009,0.0124,0.0018
2020-08-14,0.0397,0.0017,0.0097,0.005
2020-08-15,0.0108,0.0015,0.0204,0.0022
2020-08-16,0.0056,0.0004,0.0223,0.0012
2020-08-17,0.0168,0.0007,0.0085,0.0022
2020-08-18,0.0018,0.0011,0.0098,0.004
2020-08-19,0.0031,0.0011,0.0073,0.0015
2020-08-20,0.0053,0.0004,0.0062,0.0015
2020-08-21,0.004,0.0016,0.0075,0.0028
2020-08-22,0.0015,0.0011,0.0143,0.0029
2020-08-23,0.024,0.0032,0.0177,0.0051
2020-08-24,0.0147,0.0007,0.0123,0.0031
2020-08-25,0.0035,0.0011,0.0134,0.0026
2020-08-26,0.0015,0.0009,0.0124,0.0033
2020-08-27,0.0009,0.0011,0.0076,0.002
2020-08-28,0.0019,0.0028,0.0139,0.0028
2020-08-29,0.0018,0.0011,0.0113,0.0022
2020-08-30,0.0037,0.0041,0.0247,0.0029
2020-08-31,0.0014,0.0036,0.0079,0.005
2020-09-01,0.0077,0.0011,0.0103,0.0035
2020-09-02,0.0098,0.0024,0.015,0.0269
2020-09-03,0.0046,0.0015,0.007,0.0124
2020-09-04,0.0041,0.0021,0.0098,0.0131
2020-09-05,0.0102,0.0029,0.0091,0.0044
2020-09-06,0.0098,0.0012,0.0126,0.0098
2020-09-07,0.0068,0.001,0.0167,0.0089
2020-09-08,0.0025,0.0021,0.0203,0.0075
2020-09-09,0.0074,0.0013,0.01,0.0071
2020-09-10,0.0307,0.005,0.0105,0.007
2020-09-11,0.0151,0.0007,0.0082,0.0127
2020-09-12,0.013,0.0036,0.0119,0.0014
2020-09-13,0.006,0.0024,0.0104,0.0028
2020-09-14,0.0038,0.0047,0.0109,0.0014
2020-09-15,0.0164,0.0031,0.0125,0.0015
2020-09-16,0.0055,0.0024,0.0145,0.0193
2020-09-17,0.0052,0.0026,0.0144,0.0163
2020-09-18,0.0128,0.0012,0.0153,0.0409
2020-09-19,0.0124,0.0011,0.0094,0.0029
2020-09-20,0.0098,0.0016,0.0195,0.0053
2020-09-21,0.0505,0.0019,0.01,0.0035
2020-09-22,0.0045,0.0037,0.0127,0.0026
2020-09-23,0.0139,0.001,0.0077,0.0023
2020-09-24,0.0104,0.0012,0.0114,0.0043
2020-09-25,0.0054,0.0011,0.0122,0.0027
2020-09-26,0.0057,0.0038,0.0165,0.0052
2020-09-27,0.0062,0.0018,0.0232,0.0013
2020-09-28,0.0051,0.0014,0.0227,0.0054
2020-09-29,0.0034,0.0018,0.0175,0.0018
2020-09-30,0.0041,0.0026,0.0092,0.0013
2020-10-01,0.0039,0.0024,0.0078,0.0015
2020-10-02,0.0022,0.0011,0.0244,0.0033
2020-10-03,0.0005,0.0011,0.0111,0.0016
2020-10-04,0.0083,0.0047,0.0228,0.0041
2020-10-05,0.0046,0.0039,0.017,0.0033
2020-10-06,0.002,0.0038,0.0353,0.0029
2020-10-07,0.0006,0.0018,0.0127,0.0021
2020-10-08,0.0031,0.0017,0.0138,0.0017
2020-10-09,0.0021,0.0007,0.0079,0.0021
2020-10-10,0.0043,0.0021,0.0168,0.0032
2020-10-11,0.0013,0.0009,0.0145,0.0009
2020-10-12,0.0027,0.0014,0.0127,0.0038
2020-10-13,0.0019,0.0006,0.0126,0.0025
2020-10-14,0.0017,0.0027,0.0163,0.0014
2020-10-15,0.0022,0.0011,0.0078,0.0052
2020-10-16,0.0017,0.0017,0.0083,0.0033
2020-10-17,0.002,0.001,0.0125,0.0015
2020-10-18,0.0021,0.001,0.0136,0.0016
2020-10-19,0.0018,0.0,0.0135,0.0018
2020-10-21,0.0008,0.0004,0.0139,0.0024
2020-10-22,0.0023,0.0009,0.0545,0.0014
2020-10-23,0.0052,0.0,0.0136,0.0031
2020-10-24,0.0021,0.0011,0.0139,0.0032
2020-10-25,0.0191,0.0007,0.0135,0.0021
2020-10-26,0.0022,0.0035,0.0131,0.0026
2020-10-27,0.0004,0.0018,0.0134,0.0031
2020-10-28,0.0008,0.002,0.0122,0.0041
2020-10-29,0.0042,0.0016,0.033,0.0042
2020-10-30,0.0026,0.0009,0.0052,0.0035
2020-10-31,0.0,0.0,0.0158,0.0029
2020-11-01,0.0038,0.0029,0.0106,0.0029
2020-11-02,0.0026,0.0015,0.0163,0.0
2020-11-03,0.0006,0.0006,0.0189,0.0053
2020-11-04,0.0015,0.0005,0.0117,0.0015
2020-11-05,0.0033,0.0,0.0153,0.0013
2020-11-06,0.0027,0.0,0.0095,0.0014
2020-11-07,0.0049,0.0,0.0099,0.0074
2020-11-08,0.0014,0.0,0.0085,0.0
2020-11-09,0.0021,0.0016,0.0189,0.0026
2020-11-10,0.0054,0.0016,0.0086,0.0101
2020-11-11,0.0007,0.0,0.0205,0.0026
2020-11-12,0.0032,0.0032,0.0118,0.0055
2020-11-13,0.0029,0.0,0.0059,0.0059
2020-11-14,0.0,0.0,0.0096,0.0
2020-11-15,0.0,0.0024,0.0145,0.0
2020-11-16,0.0012,0.0012,0.0163,0.0103
2020-11-17,0.0,0.002,0.0203,0.0014
2020-11-18,0.0038,0.0018,0.0127,0.0025
2020-11-19,0.0037,0.0026,0.0151,0.025
2020-11-20,0.0032,0.0014,0.038,0.0034
2020-11-21,0.0022,0.0007,0.0259,0.004
2020-11-22,0.0045,0.0004,0.0174,0.0008
2020-11-23,0.0012,0.0019,0.0139,0.0024
2020-11-24,0.002,0.004,0.016,0.0033
2020-11-25,0.0018,0.0342,0.0134,0.0016
2020-11-26,0.0052,0.002,0.0133,0.0034
2020-11-27,0.0039,0.0055,0.006,0.0029
2020-11-28,0.01,0.0027,0.0134,0.0012
2020-11-29,0.0033,0.0028,0.0334,0.0028
2020-11-30,0.0027,0.0037,0.0198,0.0052
2020-12-01,0.0027,0.0076,0.0314,0.0061
2020-12-02,0.002,0.0044,0.019,0.0024
2020-12-03,0.002,0.0013,0.0271,0.004
2020-12-04,0.0021,0.0045,0.0106,0.0014
2020-12-05,0.0045,0.0397,0.0141,0.0041
2020-12-06,0.0535,0.0016,0.0229,0.0037
2020-12-07,0.009,0.003,0.0115,0.008
2020-12-08,0.0046,0.0005,0.0113,0.0018
2020-12-09,0.0018,0.0013,0.0073,0.0022
2020-12-10,0.0018,0.0011,0.0177,0.0011
2020-12-11,0.0118,0.0021,0.0106,0.0012
2020-12-12,0.0018,0.0011,0.0168,0.0011
2020-12-13,0.0029,0.0033,0.0247,0.0016
2020-12-14,0.016,0.0172,0.0322,0.0021
2020-12-15,0.0053,0.0083,0.0138,0.0007
2020-12-16,0.0025,0.0014,0.0115,0.0005
2020-12-17,0.0048,0.0021,0.0104,0.0012
2020-12-18,0.0005,0.0027,0.0066,0.0012
2020-12-19,0.0019,0.0011,0.0092,0.0008
2020-12-20,0.0025,0.0021,0.014,0.0025
2020-12-21,0.0294,0.0011,0.0202,0.0024
2020-12-22,0.0191,0.001,0.0139,0.0007
2020-12-23,0.0222,0.0091,0.0257,0.0091
2020-12-24,0.0227,0.0039,0.0167,0.0048
2020-12-25,0.0038,0.0046,0.0143,0.0042
2020-12-26,0.0137,0.0066,0.0198,0.0014
2020-12-27,0.0216,0.0046,0.0275,0.0009
2020-12-28,0.013,0.0029,0.0292,0.0032
2020-12-29,0.0095,0.0027,0.0182,0.0024
2020-12-30,0.0327,0.0014,0.0146,0.0011
2020-12-31,0.0357,0.0022,0.0171,0.0043
2021-01-01,0.0389,0.0061,0.0164,0.0056
2021-01-02,0.0229,0.0018,0.0156,0.0037
2021-01-03,0.0147,0.0023,0.0444,0.0032
2021-01-04,0.1653,0.0031,0.0164,0.005
2021-01-05,0.1905,0.0023,0.0078,0.001
2021-01-06,0.0489,0.002,0.0118,0.002
2021-01-07,0.0169,0.0017,0.0096,0.0015
2021-01-08,0.0156,0.0005,0.0089,0.0036
2021-01-09,0.0069,0.0015,0.0104,0.0012
2021-01-10,0.0383,0.0034,0.0146,0.0022
2021-01-11,0.0199,0.0049,0.014,0.0023
2021-01-12,0.008,0.0009,0.0109,0.0024
2021-01-13,0.0094,0.0041,0.0172,0.0014
2021-01-14,0.0088,0.0037,0.0174,0.0021
2021-01-15,0.0058,0.0019,0.0118,0.0034
2021-01-16,0.0046,0.0019,0.0072,0.0027
2021-01-17,0.005,0.0013,0.0206,0.0412
2021-01-18,0.0061,0.0016,0.0109,0.0016
2021-01-19,0.0101,0.0022,0.0154,0.0005
2021-01-20,0.0026,0.0,0.0067,0.0012
2021-01-21,0.0023,0.0002,0.0131,0.0016
2021-01-22,0.0015,0.0024,0.0087,0.0083
2021-01-23,0.0023,0.0027,0.055,0.0061
2021-01-24,0.0257,0.0069,0.0403,0.0026
2021-01-25,0.0071,0.0031,0.0224,0.0033
2021-01-26,0.024,0.0023,0.0115,0.0023
2021-01-27,0.0045,0.0023,0.0116,0.0014
2021-01-28,0.0023,0.0034,0.0271,0.0073
2021-01-29,0.0038,0.0014,0.0163,0.0029
2021-01-30,0.0026,0.0015,0.0132,0.003
2021-01-31,0.0024,0.002,0.0117,0.0016
2021-02-01,0.0012,0.0052,0.0117,0.0032
2021-02-02,0.0294,0.0063,0.0192,0.007
2021-02-03,0.0122,0.003,0.0072,0.0046
2021-02-04,0.0077,0.0024,0.0111,0.0017
2021-02-05,0.0032,0.0015,0.0136,0.0073
2021-02-06,0.0035,0.0023,0.0177,0.0065
2021-02-07,0.0075,0.0017,0.0134,0.0109
2021-02-08,0.0034,0.0237,0.0098,0.0039
2021-02-09,0.0031,0.0101,0.0117,0.0031
2021-02-10,0.0026,0.0035,0.0106,0.0024
2021-02-11,0.0044,0.0059,0.0084,0.0017
2021-02-12,0.0023,0.0052,0.0107,0.0023
2021-02-13,0.0004,0.0108,0.0085,0.0008
2021-02-14,0.0038,0.0072,0.0156,0.0017
2021-02-15,0.0023,0.0048,0.0144,0.0014
2021-02-16,0.0056,0.0051,0.0122,0.0013
2021-02-17,0.0026,0.0038,0.0234,0.0014
2021-02-18,0.0021,0.0121,0.0142,0.0023
2021-02-19,0.0081,0.0059,0.0086,0.0034
2021-02-20,0.0044,0.0022,0.0148,0.0022
2021-02-21,0.0013,0.0082,0.0215,0.0039
2021-02-22,0.0095,0.004,0.0132,0.004
2021-02-23,0.0041,0.0024,0.0109,0.001
2021-02-24,0.0023,0.0012,0.0124,0.0033
2021-02-25,0.0014,0.0019,0.0117,0.0014
2021-02-26,0.0706,0.0078,0.0098,0.0022
2021-02-27,0.0246,0.0073,0.0154,0.0027
2021-02-28,0.0565,0.0191,0.0144,0.0026
2021-03-01,0.0195,0.0187,0.0082,0.008
2021-03-02,0.0064,0.0085,0.0097,0.0076
2021-03-03,0.0121,0.007,0.0212,0.003
2021-03-04,0.0035,0.0064,0.0231,0.0045
2021-03-05,0.0032,0.0025,0.0128,0.0025
2021-03-06,0.0027,0.0066,0.0131,0.0031
2021-03-07,0.0051,0.0535,0.0201,0.0128
2021-03-08,0.0064,0.0336,0.0125,0.0083
2021-03-09,0.0065,0.0077,0.011,0.005
2021-03-10,0.004,0.0056,0.0094,0.0063
2021-03-11,0.0028,0.0024,0.0061,0.0021
2021-03-12,0.0045,0.0025,0.0072,0.0037
2021-03-13,0.0031,0.0027,0.0161,0.0008
2021-03-14,0.0078,0.026,0.016,0.0017
2021-03-15,0.0125,0.0043,0.0079,0.0033
2021-03-16,0.0062,0.0057,0.0122,0.0041
2021-03-17,0.0009,0.0056,0.0089,0.0019
2021-03-18,0.0014,0.0111,0.0094,0.0014
2021-03-19,0.0028,0.0103,0.0108,0.0035
2021-03-20,0.002,0.014,0.01,0.0044
2021-03-21,0.0009,0.0062,0.0132,0.0009
2021-03-22,0.0021,0.0185,0.0086,0.0013
2021-03-23,0.001,0.0038,0.0109,0.0029
2021-03-24,0.004,0.005,0.5784,0.0021
2021-03-25,0.0118,0.0035,0.8709,0.0108
2021-03-26,0.0165,0.0094,1.0594,0.0079
2021-03-27,0.0107,0.0052,1.2698,0.0024
2021-03-28,0.0114,0.0132,1.3252,0.0105
2021-03-29,0.012,0.0064,1.9592,0.0128
2021-03-30,0.0077,0.0038,0.9094,0.0086
2021-03-31,0.0047,0.0033,0.3916,0.0052
2021-04-01,0.003,0.0045,0.2818,0.0035
2021-04-02,0.0047,0.0041,0.2383,0.0079
2021-04-03,0.0064,0.0021,0.3515,0.0052
2021-04-04,0.0047,0.0014,0.2329,0.0118
2021-04-05,0.005,0.0003,0.1341,0.0088
2021-04-06,0.0043,0.0023,0.1287,0.0118
2021-04-07,0.0058,0.0576,0.0948,0.0072
2021-04-08,0.0032,0.0044,0.1464,0.0054
2021-04-09,0.0894,0.0056,0.0807,0.0118
2021-04-10,0.0085,0.0032,0.0591,0.0085
2021-04-11,0.0049,0.0031,0.0694,0.008
2021-04-12,0.0066,0.0026,0.0697,0.0095
2021-04-13,0.0025,0.0066,0.1484,0.0039
2021-04-14,0.0042,0.0035,0.1518,0.0035
2021-04-15,0.0032,0.0054,0.0655,0.0034
2021-04-16,0.0028,0.0054,0.0506,0.0038
2021-04-17,0.0342,0.0058,0.0429,0.0012
2021-04-18,0.0117,0.0202,0.0494,0.0031
2021-04-19,0.004,0.0077,0.0471,0.0053
2021-04-20,0.0034,0.0061,0.0349,0.0034
2021-04-21,0.0017,0.0059,0.0292,0.0022
2021-04-22,0.0038,0.0055,0.0344,0.0014
2021-04-23,0.0034,0.0098,0.0524,0.0026
2021-04-24,0.0106,0.0101,0.0406,0.0093
2021-04-25,0.0031,0.0097,0.0662,0.0053
2021-04-26,0.0026,0.0042,0.0345,0.0053
2021-04-27,0.0332,0.0012,0.0392,0.0022
2021-04-28,0.0482,0.002,0.0274,0.0024
2021-04-29,0.0054,0.0017,0.0326,0.0049
2021-04-30,0.0045,0.0008,0.0393,0.0037
2021-05-01,0.0077,0.0017,0.023,0.0051
2021-05-02,0.0046,0.0084,0.0144,0.0019
2021-05-03,0.0018,0.0031,0.0196,0.0028
2021-05-04,0.0014,0.0022,0.0379,0.003
2021-05-05,0.001,0.0013,0.0514,0.0092
2021-05-06,0.0028,0.0023,0.0291,0.0048
2021-05-07,0.0008,0.0013,0.0307,0.0016
2021-05-08,0.0012,0.0088,0.0209,0.0036
2021-05-09,0.0031,0.0045,0.0147,0.0018
2021-05-10,0.0408,0.0066,0.0464,0.0006
2021-05-11,0.0722,0.0015,0.0635,0.0017
2021-05-12,0.0096,0.002,0.0611,0.001
2021-05-13,0.0034,0.0013,0.0262,0.0034
2021-05-14,0.0084,0.0057,0.0242,0.0014
2021-05-15,0.0051,0.0034,0.0376,0.0051
2021-05-16,0.0046,0.0009,0.0281,0.0023
2021-05-17,0.0016,0.0005,0.0292,0.0016
2021-05-18,0.0015,0.001,0.0147,0.0015
2021-05-19,0.0049,0.002,0.0241,0.0025
2021-05-20,0.0027,0.001,0.0389,0.0042
2021-05-21,0.0024,0.0008,0.0226,0.0021
2021-05-22,0.0021,0.0017,0.0319,0.0054
2021-05-23,0.0005,0.0018,0.1239,0.0018
2021-05-24,0.0012,0.0052,0.0709,0.0012
2021-05-25,0.0018,0.0204,0.0487,0.0015
2021-05-26,0.0005,0.003,0.0297,0.001
2021-05-27,0.0025,0.0197,0.0363,0.0017
2021-05-28,0.0106,0.004,0.0286,0.0003
2021-05-29,0.0112,0.0043,0.0622,0.0013
2021-05-30,0.0127,0.0033,0.0597,0.0009
2021-05-31,0.0059,0.0025,0.0472,0.0019
2021-06-01,0.0027,0.0032,0.0281,0.0021
2021-06-02,0.1191,0.0042,0.0296,0.0031
2021-06-03,0.0105,0.0037,0.0285,0.0037
2021-06-04,0.0032,0.0008,0.03,0.0022
2021-06-05,0.0022,0.0017,0.0504,0.0082
2021-06-06,0.0131,0.0037,0.0598,0.0056
2021-06-07,0.0028,0.0008,0.0556,0.0065
2021-06-08,0.0015,0.001,0.0214,0.0026
2021-06-09,0.0028,0.0028,0.0318,0.0018
2021-06-10,0.0158,0.0064,0.035,0.0018
2021-06-11,0.0038,0.0081,0.0279,0.0019
2021-06-12,0.0009,0.003,0.0254,0.0112
2021-06-13,0.0024,0.001,0.04,0.001
2021-06-14,0.0012,0.0109,0.0352,0.0009
2021-06-15,0.0013,0.0069,0.0509,0.0026
2021-06-16,0.0013,0.0026,0.0296,0.0015
2021-06-17,0.0005,0.0023,0.0396,0.0013
2021-06-18,0.0027,0.0011,0.036,0.0033
2021-06-19,0.0004,0.0022,0.085,0.0035
2021-06-20,0.0208,0.0028,0.0705,0.0033
2021-06-21,0.0009,0.004,0.0479,0.0068
2021-06-22,0.0016,0.0029,0.0625,0.001
2021-06-23,0.002,0.0059,0.0644,0.0028
2021-06-24,0.001,0.0021,0.0685,0.0039
2021-06-25,0.0036,0.0014,0.0374,0.0068
2021-06-26,0.0118,0.0017,0.0257,0.0091
2021-06-27,0.0212,0.0014,0.0372,0.0019
2021-06-28,0.002,0.0025,0.0198,0.0303
2021-06-29,0.0068,0.0011,0.0211,0.0032
2021-06-30,0.0074,0.0025,0.0155,0.0053
2021-07-01,0.0003,0.0015,0.0198,0.0059
2021-07-02,0.002,0.0025,0.0148,0.0008
2021-07-03,0.0068,0.0027,0.0248,0.0009
2021-07-04,0.0082,0.0039,0.131,0.0019
2021-07-05,0.0031,0.0025,0.1184,0.0028
2021-07-06,0.0016,0.0014,0.0523,0.0008
2021-07-07,0.0031,0.0026,0.1828,0.0021
2021-07-08,0.0086,0.0003,0.0825,0.0018
2021-07-09,0.01,0.0025,0.0303,0.0019
2021-07-10,0.0031,0.0009,0.023,0.0013
2021-07-11,0.001,0.0,0.0782,0.0019
2021-07-12,0.0046,0.0006,0.0403,0.0017
2021-07-13,0.0016,0.0008,0.0411,0.0011
2021-07-14,0.0029,0.001,0.0237,0.0016
2021-07-15,0.0039,0.0016,0.0302,0.0026
2021-07-16,0.0044,0.0014,0.0224,0.0061
2021-07-17,0.0022,0.0,0.0263,0.0004
2021-07-18,0.0043,0.0019,0.0245,0.0019
2021-07-19,0.0114,0.0018,0.0199,0.0056
2021-07-20,0.005,0.0008,0.0154,0.0019
2021-07-21,0.0068,0.0019,0.017,0.0003
2021-07-22,0.0374,0.0008,0.0302,0.0008
2021-07-23,0.0074,0.0009,0.019,0.0048
2021-07-24,0.0018,0.0009,0.0157,0.0027
2021-07-25,0.0015,0.0019,0.0334,0.0024
2021-07-26,0.0003,0.0006,0.0253,0.0109
2021-07-27,0.0016,0.0008,0.0372,0.0071
2021-07-28,0.0038,0.0021,0.0223,0.0064
2021-07-29,0.0012,0.0018,0.0561,0.0038
2021-07-30,0.0701,0.0098,0.0383,0.0027
2021-07-31,0.0045,0.005,0.0273,0.0022
2021-08-01,0.0096,0.0017,0.0362,0.0028
2021-08-02,0.005,0.0018,0.0586,0.0046
2021-08-03,0.0465,0.0042,0.0513,0.0077
2021-08-04,0.1127,0.004,0.0533,0.0024
2021-08-05,0.0208,0.0016,0.0756,0.0042
2021-08-06,0.0065,0.0091,0.05,0.0062
2021-08-07,0.0227,0.0041,0.0413,0.0055
2021-08-08,0.0049,0.0028,0.0292,0.0049
2021-08-09,0.0043,0.0043,0.0322,0.0116
2021-08-10,0.0034,0.0011,0.0338,0.0019
2021-08-11,0.0083,0.0014,0.0311,0.0029
2021-08-12,0.0078,0.0015,0.0234,0.0019
2021-08-13,0.0017,0.0069,0.0182,0.0004
2021-08-14,0.0036,0.0073,0.0538,0.0
2021-08-15,0.0019,0.0019,0.038,0.0037
2021-08-16,0.0014,0.0014,0.0344,0.0014
2021-08-17,0.0018,0.0013,0.0202,0.0004
2021-08-18,0.0013,0.0013,0.0351,0.0022
2021-08-19,0.0015,0.0006,0.0299,0.003
2021-08-20,0.0015,0.0009,0.0511,0.0056
2021-08-21,0.0027,0.0009,0.0512,0.0027
2021-08-22,0.0025,0.003,0.0428,0.0025
2021-08-23,0.0018,0.0033,0.036,0.0027
2021-08-24,0.0017,0.0008,0.0276,0.0052
2021-08-25,0.0038,0.0013,0.0239,0.0038
2021-08-26,0.0011,0.0016,0.0247,0.0019
2021-08-27,0.0015,0.0,0.0156,0.0047
2021-08-28,0.0045,0.0013,0.0192,0.0022
2021-08-29,0.0044,0.0044,0.0386,0.0029
2021-08-30,0.0024,0.0054,0.0208,0.0024
2021-08-31,0.0014,0.0041,0.0176,0.003
2021-09-01,0.0016,0.0011,0.0376,0.0016
2021-09-02,0.0005,0.0005,0.0206,0.0021
2021-09-03,0.0014,0.0006,0.0219,0.0023
2021-09-04,0.0023,0.0005,0.0123,0.0032
2021-09-05,0.0015,0.0083,0.0259,0.0034
2021-09-06,0.001,0.0036,0.0285,0.0026
2021-09-07,0.0008,0.0017,0.0386,0.0028
2021-09-08,0.0161,0.0163,0.0519,0.0016
2021-09-09,0.0048,0.0021,0.1108,0.0024
2021-09-10,0.0011,0.0025,0.0213,0.0014
2021-09-11,0.0017,0.0065,0.0204,0.0017
2021-09-12,0.0049,0.0044,0.018,0.0005
2021-09-13,0.0006,0.002,0.048,0.0011
2021-09-14,0.0016,0.0,0.0146,0.0023
2021-09-15,0.0023,0.0029,0.0369,0.0016
2021-09-16,0.0021,0.0114,0.0333,0.0008
2021-09-17,0.0031,0.0053,0.0184,0.0014
2021-09-18,0.0021,0.0021,0.0174,0.0013
2021-09-19,0.0029,0.0019,0.0256,0.0019
2021-09-20,0.0018,0.0042,0.0223,0.0033
2021-09-21,0.0014,0.003,0.0474,0.0011
2021-09-22,0.0013,0.0026,0.0207,0.0034
2021-09-23,0.0016,0.0029,0.0299,0.0037
2021-09-24,0.0008,0.0022,0.0145,0.0028
2021-09-25,0.0025,0.0025,0.0173,0.0025
2021-09-26,0.0043,0.0055,0.0282,0.0008
2021-09-27,0.006,0.0047,0.0273,0.0036
2021-09-28,0.0027,0.0017,0.021,0.004
2021-09-29,0.003,0.0002,0.022,0.0042
2021-09-30,0.002,0.0017,0.0229,0.0015
2021-10-01,0.0019,0.0011,0.0437,0.0014
2021-10-02,0.0021,0.0046,0.0181,0.0013
2021-10-03,0.0009,0.0033,0.0333,0.0009
2021-10-04,0.002,0.0009,0.0261,0.0011
2021-10-05,0.0013,0.0042,0.0299,0.0026
2021-10-06,0.001,0.0073,0.0466,0.001
2021-10-07,0.0107,0.0065,0.018,0.0021
2021-10-08,0.0049,0.0019,0.0177,0.0057
2021-10-09,0.0013,0.0119,0.0199,0.0034
2021-10-10,0.001,0.0087,0.0301,0.0029
2021-10-11,0.0036,0.0039,0.0166,0.0009
2021-10-12,0.0128,0.0085,0.0144,0.0048
2021-10-13,0.001,0.007,0.0146,0.0016
2021-10-14,0.0021,0.0034,0.0194,0.0026
2021-10-15,0.0017,0.0048,0.0157,0.002
2021-10-16,0.0037,0.0014,0.0171,0.0046
2021-10-17,0.0047,0.0104,0.0291,0.001
2021-10-18,0.0017,0.0017,0.0131,0.0023
2021-10-19,0.0021,0.0024,0.0155,0.0037
2021-10-20,0.0021,0.0031,0.0187,0.0013
2021-10-21,0.0059,0.0023,0.0116,0.0021
2021-10-22,0.0014,0.0019,0.0122,0.0011
2021-10-23,0.0,0.0093,0.0129,0.0036
2021-10-24,0.0015,0.0081,0.0173,0.0025
2021-10-25,0.002,0.0014,0.0202,0.0017
2021-10-26,0.0053,0.0021,0.0399,0.0061
2021-10-27,0.0018,0.0065,0.0186,0.005
2021-10-28,0.0039,0.0013,0.0149,0.0055
2021-10-29,0.0025,0.0016,0.0314,0.0022
2021-10-30,0.0035,0.0031,0.017,0.0004
2021-10-31,0.0665,0.0347,0.0543,0.0009
2021-11-01,0.0092,0.0137,0.0263,0.0095
2021-11-02,0.0108,0.0062,0.0208,0.0027
2021-11-03,0.0242,0.0034,0.0275,0.0226
2021-11-04,0.0307,0.0035,0.032,0.0104
2021-11-05,0.0042,0.009,0.0332,0.0014
2021-11-06,0.0065,0.0017,0.0361,0.0035
2021-11-07,0.0857,0.0025,0.025,0.001
2021-11-08,0.0149,0.0049,0.0258,0.0026
2021-11-09,0.016,0.0045,0.0168,0.0021
2021-11-10,0.0316,0.0026,0.0153,0.0023
2021-11-11,0.0081,0.005,0.0229,0.0047
2021-11-12,0.0047,0.0016,0.0156,0.0025
2021-11-13,0.0018,0.0035,0.0402,0.011
2021-11-14,0.0279,0.0025,0.0304,0.0132
2021-11-15,0.0037,0.0049,0.0205,0.0035
2021-11-16,0.0043,0.0021,0.0208,0.0069
2021-11-17,0.0021,0.0011,0.0318,0.0018
2021-11-18,0.0034,0.0024,0.0265,0.0018
2021-11-19,0.0011,0.0066,0.0244,0.0005
2021-11-20,0.0046,0.0051,0.0156,0.0032
2021-11-21,0.0046,0.001,0.0242,0.001
2021-11-22,0.002,0.0043,0.0137,0.0029
2021-11-23,0.004,0.0008,0.0168,0.0043
2021-11-24,0.0026,0.0016,0.0201,0.0021
2021-11-25,0.0026,0.002,0.0147,0.0014
2021-11-26,0.0018,0.0027,0.0152,0.0067
2021-11-27,0.0018,0.0009,0.0142,0.0018
2021-11-28,0.0075,0.002,0.0246,0.0005
2021-11-29,0.009,0.0038,0.0168,0.0029
2021-11-30,0.0069,0.0016,0.0156,0.0029
2021-12-01,0.0018,0.0036,0.0172,0.0031
2021-12-02,0.0023,0.0029,0.0128,0.0042
2021-12-03,0.0003,0.0019,0.0075,0.0025
2021-12-04,0.0031,0.0018,0.0133,0.0129
2021-12-05,0.0079,0.002,0.0217,0.0054
2021-12-06,0.0018,0.0027,0.0168,0.0032
2021-12-07,0.0033,0.0033,0.0963,0.0008
2021-12-08,0.0027,0.003,0.0432,0.003
2021-12-09,0.0281,0.0018,0.0236,0.0026
2021-12-10,0.0368,0.0014,0.0179,0.0025
2021-12-11,0.0099,0.003,0.0189,0.0047
2021-12-12,0.0103,0.002,0.0294,0.0005
2021-12-13,0.0015,0.0003,0.0263,0.0015
2021-12-14,0.0099,0.0043,0.0242,0.003
2021-12-15,0.0044,0.0165,0.0293,0.0034
2021-12-16,0.0027,0.009,0.0175,0.0021
2021-12-17,0.0036,0.0019,0.0376,0.0017
2021-12-18,0.0018,0.0036,0.0262,0.0044
2021-12-19,0.0051,0.0076,0.0484,0.0036
2021-12-20,0.0122,0.0009,0.0427,0.0018
2021-12-21,0.0094,0.0022,0.0233,0.0011
2021-12-22,0.0028,0.0023,0.0177,0.0031
2021-12-23,0.0044,0.0038,0.0239,0.0038
2021-12-24,0.0075,0.0019,0.0307,0.006
2021-12-25,0.0089,0.0238,0.0375,0.0034
2021-12-26,0.0071,0.0136,0.0492,0.013
2021-12-27,0.0015,0.0048,0.0363,0.0088
2021-12-28,0.0013,0.0144,0.0382,0.0026
2021-12-29,0.0057,0.0048,0.0748,0.0019
2021-12-30,0.0064,0.0032,0.063,0.0048
2021-12-31,0.0027,0.0012,0.0627,0.0252
2022-01-01,0.0033,0.0013,0.0375,0.002
2022-01-02,0.0037,0.0068,0.0826,0.0019
2022-01-03,0.0026,0.0437,0.1021,0.0038
2022-01-04,0.0021,0.0093,0.0213,0.003
2022-01-05,0.0009,0.0017,0.0514,0.0029
2022-01-06,0.0033,0.003,0.0135,0.0045
2022-01-07,0.0022,0.0028,0.04,0.0022
2022-01-08,0.0023,0.0064,0.0225,0.0009
2022-01-09,0.0016,0.0027,0.012,0.0011
2022-01-10,0.0033,0.0033,0.0145,0.0012
2022-01-11,0.0011,0.0022,0.0113,0.0017
2022-01-12,0.0027,0.0019,0.0156,0.0024
2022-01-13,0.0019,0.0029,0.0133,0.0037
2022-01-14,0.0017,0.0023,0.0138,0.0045
2022-01-15,0.0014,0.0018,0.0141,0.0023
2022-01-16,0.002,0.0005,0.0403,0.002
2022-01-17,0.0019,0.0536,0.0346,0.0035
2022-01-18,0.0003,0.0329,0.0185,0.0041
2022-01-19,0.001,0.0167,0.0144,0.0026
2022-01-20,0.0018,0.0097,0.0147,0.0032
2022-01-21,0.0006,0.019,0.0132,0.0017
2022-01-22,0.0013,0.0386,0.028,0.0049
2022-01-23,0.01,0.0235,0.0165,0.0025
2022-01-24,0.0021,0.0294,0.0124,0.0029
2022-01-25,0.0033,0.0176,0.0073,0.0057
2022-01-26,0.0011,0.0143,0.021,0.0024
2022-01-27,0.0011,0.0147,0.015,0.0029
2022-01-28,0.0031,0.0073,0.0116,0.0048
2022-01-29,0.0,0.0066,0.014,0.0031
2022-01-30,0.001,0.0327,0.0242,0.0035
2022-01-31,0.0009,0.0224,0.0151,0.0022
2022-02-01,0.0031,0.0185,0.0191,0.0017
2022-02-02,0.0025,0.0216,0.016,0.0014
2022-02-03,0.0129,0.0179,0.0196,0.0025
2022-02-04,0.0018,0.0101,0.0369,0.0021
2022-02-05,0.0018,0.0216,0.0514,0.0
2022-02-06,0.0045,0.0139,0.0253,0.001
2022-02-07,0.0028,0.0106,0.0221,0.0012
2022-02-08,0.0115,0.0112,0.0189,0.0022
2022-02-09,0.0027,0.008,0.0164,0.0011
2022-02-10,0.0016,0.0214,0.0182,0.0005
2022-02-11,0.002,0.0099,0.0151,0.0014
2022-02-12,0.0058,0.016,0.0254,0.0
2022-02-13,0.0031,0.0229,0.0224,0.0021
2022-02-14,0.0042,0.0131,0.014,0.0009
2022-02-15,0.0025,0.0058,0.0156,0.0033
2022-02-16,0.0008,0.0087,0.0201,0.0016
2022-02-17,0.002,0.0078,0.0154,0.0017
2022-02-18,0.0011,0.006,0.0135,0.002
2022-02-19,0.0004,0.0036,0.0175,0.0018
2022-02-20,0.002,0.007,0.0341,0.0085
2022-02-21,0.0169,0.0144,0.0266,0.0028
2022-02-22,0.0066,0.0061,0.0219,0.0033
2022-02-23,0.0027,0.0088,0.0192,0.0027
2022-02-24,0.0021,0.0034,0.0166,0.0073
2022-02-25,0.0011,0.0039,0.0114,0.0081
2022-02-26,0.0013,0.0046,0.0109,0.0038
2022-02-27,0.0009,0.0047,0.0158,0.0037
2022-02-28,0.0015,0.0069,0.0218,0.0018
2022-03-01,0.0006,0.0118,0.0286,0.0019
2022-03-02,0.0008,0.0032,0.0234,0.0032
2022-03-03,0.0022,0.0052,0.0174,0.0033
2022-03-04,0.0012,0.0023,0.0132,0.002
2022-03-05,0.0009,0.0026,0.0072,0.0026
2022-03-06,0.0005,0.0054,0.0212,0.0005
2022-03-07,0.0006,0.0037,0.0266,0.0022
2022-03-08,0.0,0.0078,0.0144,0.0033
2022-03-09,0.0022,0.0055,0.0312,0.0027
2022-03-10,0.0027,0.0049,0.0182,0.0024
2022-03-11,0.0011,0.0046,0.0185,0.0037
2022-03-12,0.0009,0.0039,0.0952,0.0031
2022-03-13,0.0015,0.0044,0.028,0.0034
2022-03-14,0.0006,0.0024,0.0272,0.003
2022-03-15,0.0016,0.0014,0.1003,0.003
2022-03-16,0.0028,0.0003,0.0564,0.0017
2022-03-17,0.0044,0.0028,0.0169,0.0008
2022-03-18,0.0015,0.0012,0.0244,0.0024
2022-03-19,0.0047,0.0065,0.0275,0.0009
2022-03-20,0.0046,0.0718,0.032,0.0021
2022-03-21,0.0009,0.0648,0.0685,0.0061
2022-03-22,0.0017,0.0234,0.042,0.0025
2022-03-23,0.0028,0.0099,0.029,0.0022
2022-03-24,0.0006,0.0083,0.0193,0.0017
2022-03-25,0.0041,0.0369,0.0177,0.0032
2022-03-26,0.0086,0.0612,0.018,0.0018
2022-03-27,0.0015,0.0212,0.0313,0.0015
2022-03-28,0.0021,0.0083,0.0339,0.0015
2022-03-29,0.0052,0.0074,0.0473,0.0014
2022-03-30,0.0019,0.0063,0.0281,0.0014
2022-03-31,0.0043,0.006,0.0263,0.0027
2022-04-01,0.0017,0.0069,0.0135,0.002
2022-04-02,0.0,0.0031,0.0179,0.0022
2022-04-03,0.001,0.0045,0.0218,0.004
2022-04-04,0.0021,0.0025,0.0163,0.0025
2022-04-05,0.0012,0.0047,0.0175,0.002
2022-04-06,0.0014,0.0036,0.0209,0.0011
2022-04-07,0.0011,0.0036,0.0158,0.0144
2022-04-08,0.0012,0.0029,0.0174,0.0012
2022-04-09,0.0158,0.0113,0.0293,0.0009
2022-04-10,0.0119,0.0016,0.0208,0.0016
2022-04-11,0.0006,0.0101,0.0178,0.0009
2022-04-12,0.0,0.0014,0.0131,0.002
2022-04-13,0.0003,0.0109,0.0179,0.0017
2022-04-14,0.0006,0.0071,0.0145,0.003
2022-04-15,0.001,0.0042,0.0122,0.0024
2022-04-16,0.003,0.0594,0.0643,0.0005
2022-04-17,0.0033,0.0027,0.1097,0.0005
2022-04-18,0.0039,0.0032,0.0474,0.0039
2022-04-19,0.0038,0.0012,0.0145,0.0027
2022-04-20,0.0017,0.0014,0.0176,0.0028
2022-04-21,0.0017,0.0008,0.0217,0.0023
2022-04-22,0.0012,0.0009,0.012,0.0042
2022-04-23,0.0014,0.0028,0.0202,0.0032
2022-04-24,0.0029,0.0024,0.027,0.0
2022-04-25,0.0013,0.001,0.0423,0.0022
2022-04-26,0.0011,0.0017,0.0175,0.0011
2022-04-27,0.0008,0.0008,0.0113,0.0011
2022-04-28,0.0014,0.0006,0.0122,0.0028
2022-04-29,0.0009,0.0012,0.0259,0.002
2022-04-30,0.0023,0.0051,0.0083,0.0005
2022-05-01,0.0037,0.0,0.0956,0.0016
2022-05-02,0.0044,0.0059,0.0185,0.003
2022-05-03,0.0009,0.0019,0.0187,0.0006
2022-05-04,0.001,0.0013,0.0215,0.0013
2022-05-05,0.0009,0.0015,0.0138,0.0015
2022-05-06,0.0003,0.0,0.0067,0.0027
2022-05-07,0.0,0.001,0.0742,0.0005
2022-05-08,0.0021,0.0011,0.1002,0.0011
2022-05-09,0.0025,0.0022,0.0405,0.0019
2022-05-10,0.0012,0.0017,0.0249,0.0023
2022-05-11,0.0006,0.002,0.0298,0.0008
2022-05-12,0.0039,0.0048,0.0177,0.0022
2022-05-13,0.0009,0.0003,0.0111,0.0012
2022-05-14,0.001,0.0005,0.0162,0.01
2022-05-15,0.0016,0.0005,0.0239,0.0016
2022-05-16,0.0019,0.0053,0.013,0.0025
2022-05-17,0.0003,0.0009,0.0139,0.0023
2022-05-18,0.0011,0.0028,0.0177,0.0025
2022-05-19,0.002,0.0023,0.0151,0.0078
2022-05-20,0.0021,0.0027,0.0126,0.0012
2022-05-21,0.0019,0.0024,0.0291,0.0024
2022-05-22,0.0011,0.0,0.0356,0.0016
2022-05-23,0.0022,0.0016,0.0242,0.0009
2022-05-24,0.0006,0.0037,0.0147,0.0043
2022-05-25,0.0,0.0008,0.0161,0.0023
2022-05-26,0.0015,0.0009,0.021,0.003
2022-05-27,0.0547,0.0009,0.0093,0.0031
2022-05-28,0.0421,0.0005,0.021,0.0065
2022-05-29,0.0107,0.0006,0.0614,0.0017
2022-05-30,0.0189,0.0014,0.0196,0.0031
2022-05-31,0.0082,0.0012,0.0169,0.0021
2022-06-01,0.012,0.0029,0.0318,0.0017
2022-06-02,0.0021,0.0027,0.0153,0.003
2022-06-03,0.0017,0.0007,0.0165,0.0066
2022-06-04,0.0917,0.002,0.0146,0.004
2022-06-05,0.0264,0.0011,0.0494,0.0006
2022-06-06,0.0017,0.0003,0.0198,0.0013
2022-06-07,0.0015,0.0,0.0132,0.0111
2022-06-08,0.0006,0.0003,0.0137,0.0056
2022-06-09,0.0134,0.0009,0.0149,0.0061
2022-06-10,0.0022,0.0009,0.0142,0.0043
2022-06-11,0.0005,0.0138,0.0208,0.0035
2022-06-12,0.0005,0.0037,0.023,0.0053
2022-06-13,0.001,0.0036,0.0459,0.0097
2022-06-14,0.002,0.0029,0.0319,0.0064
2022-06-15,0.0066,0.0006,0.0137,0.006
2022-06-16,0.0012,0.002,0.0152,0.0023
2022-06-17,0.0009,0.0003,0.0128,0.0012
2022-06-18,0.0,0.002,0.0113,0.0015
2022-06-19,0.0031,0.0052,0.0199,0.0037
2022-06-20,0.0013,0.0013,0.013,0.0013
2022-06-21,0.0765,0.0012,0.016,0.0024
2022-06-22,0.0099,0.002,0.0067,0.0041
2022-06-23,0.0032,0.0038,0.0144,0.0015
2022-06-24,0.0009,0.0013,0.0259,0.0025
2022-06-25,0.0074,0.0,0.0201,0.0044
2022-06-26,0.0022,0.0011,0.0164,0.0027
2022-06-27,0.0016,0.0006,0.0156,0.0019
2022-06-28,0.003,0.0012,0.0158,0.0009
2022-06-29,0.0018,0.0009,0.0162,0.0015
2022-06-30,0.0032,0.0009,0.0136,0.0023
2022-07-01,0.0019,0.0009,0.0098,0.0019
2022-07-02,0.0104,0.001,0.0099,0.0042
2022-07-03,0.0017,0.0023,0.0165,0.0028
2022-07-04,0.0409,0.004,0.0353,0.0018
2022-07-05,0.0092,0.001,0.0306,0.0019
2022-07-06,0.0034,0.0009,0.0132,0.0021
2022-07-07,0.0027,0.0006,0.0112,0.0015
2022-07-08,0.0019,0.0013,0.0108,0.0013
2022-07-09,0.001,0.0005,0.0093,0.0005
2022-07-10,0.0,0.0,0.0165,0.0006
2022-07-11,0.0014,0.0007,0.011,0.0
2022-07-12,0.0016,0.0012,0.009,0.0022
2022-07-13,0.0024,0.0006,0.0107,0.0031
2022-07-14,0.0018,0.0015,0.0173,0.0042
2022-07-15,0.0019,0.0006,0.014,0.0019
2022-07-16,0.0661,0.0759,0.0128,0.0005
2022-07-17,0.0132,0.0126,0.0189,0.0097
2022-07-18,0.0044,0.004,0.0138,0.0057
2022-07-19,0.0025,0.0018,0.012,0.0031
2022-07-20,0.0037,0.0003,0.0147,0.0052
2022-07-21,0.0018,0.0031,0.0125,0.008
2022-07-22,0.0016,0.0033,0.024,0.0013
2022-07-23,0.0096,0.0,0.034,0.0
2022-07-24,0.003,0.0024,0.0492,0.003
2022-07-25,0.0014,0.0017,0.0285,0.0007
2022-07-26,0.0041,0.0003,0.0193,0.0041
2022-07-27,0.0071,0.0018,0.0276,0.0071
2022-07-28,0.0022,0.0006,0.0188,0.0015
2022-07-29,0.004,0.0036,0.0129,0.0016
2022-07-30,0.0048,0.0016,0.0139,0.0016
2022-07-31,0.0042,0.0012,0.0184,0.013
2022-08-01,0.0024,0.0021,0.0115,0.007
2022-08-02,0.0064,0.0016,0.0196,0.0048
2022-08-03,0.0035,0.0035,0.0179,0.0035
2022-08-04,0.0025,0.0012,0.0212,0.0009
2022-08-05,0.0013,0.0,0.0122,0.002
2022-08-06,0.0016,0.0,0.0271,0.0005
2022-08-07,0.0024,0.0006,0.0237,0.0083
2022-08-08,0.0057,0.0007,0.0138,0.0018
2022-08-09,0.001,0.0003,0.0134,0.0016
2022-08-10,0.0028,0.0022,0.0199,0.0016
2022-08-11,0.0003,0.0006,0.0199,0.0035
2022-08-12,0.0014,0.0017,0.0122,0.0027
2022-08-13,0.0011,0.0021,0.0113,0.0
2022-08-14,0.0019,0.0006,0.0125,0.0037
2022-08-15,0.0008,0.0012,0.0106,0.0099
2022-08-16,0.0003,0.0007,0.0125,0.0003
2022-08-17,0.0013,0.0003,0.0309,0.0027
2022-08-18,0.0019,0.0016,0.0158,0.0019
2022-08-19,0.0003,0.0007,0.0143,0.0007
2022-08-20,0.0059,0.0005,0.0168,0.0011
2022-08-21,0.0025,0.0006,0.0476,0.0038
2022-08-22,0.0007,0.0007,0.0122,0.0122
2022-08-23,0.0013,0.0013,0.0384,0.0042
2022-08-24,0.0042,0.0016,0.0134,0.0019
2022-08-25,0.0032,0.0009,0.0304,0.0041
2022-08-26,0.0003,0.0013,0.0104,0.0027
2022-08-27,0.0011,0.0016,0.0213,0.0022
2022-08-28,0.026,0.0006,0.0193,0.0018
2022-08-29,0.0025,0.0007,0.0169,0.0035
2022-08-30,0.0145,0.0116,0.0355,0.0013
2022-08-31,0.0142,0.0117,0.0328,0.0016
2022-09-01,0.0022,0.0028,0.0886,0.0019
2022-09-02,0.0215,0.0177,0.0314,0.0027
2022-09-03,0.0215,0.0149,0.0508,0.0006
2022-09-04,0.0195,0.003,0.0195,0.0166
2022-09-05,0.0023,0.0023,0.0174,0.0034
2022-09-06,0.002,0.001,0.0163,0.0013
2022-09-07,0.0071,0.0019,0.0102,0.0019
2022-09-08,0.0006,0.0015,0.0491,0.0018
2022-09-09,0.003,0.0,0.0308,0.0033
2022-09-10,0.001,0.0005,0.0223,0.0026
2022-09-11,0.0012,0.0006,0.0296,0.0
2022-09-12,0.0011,0.0011,0.0256,0.0014
2022-09-13,0.0006,0.0009,0.018,0.0009
2022-09-14,0.005,0.0053,0.0243,0.0022
2022-09-15,0.0006,0.0006,0.0262,0.0022
2022-09-16,0.007,0.007,0.0114,0.0017
2022-09-17,0.0,0.0011,0.0417,0.0016
2022-09-18,0.0031,0.0006,0.0437,0.0037
2022-09-19,0.0126,0.0004,0.0298,0.0025
2022-09-20,0.0049,0.0,0.0175,0.0045
2022-09-21,0.0101,0.002,0.015,0.0081
2022-09-22,0.0036,0.001,0.0183,0.002
2022-09-23,0.0017,0.001,0.0188,0.002
2022-09-24,0.0,0.0016,0.021,0.001
2022-09-25,0.0012,0.0058,0.0307,0.0
2022-09-26,0.0003,0.001,0.0184,0.0031
2022-09-27,0.0003,0.0017,0.0152,0.0036
2022-09-28,0.001,0.0019,0.0166,0.0029
2022-09-29,0.0012,0.0047,0.0158,0.0022
2022-09-30,0.0026,0.0026,0.0179,0.0039
2022-10-01,0.001,0.001,0.0213,0.0026
2022-10-02,0.0006,0.0006,0.0385,0.0024
2022-10-03,0.0029,0.0044,0.0435,0.0015
2022-10-04,0.0017,0.001,0.0237,0.0014
2022-10-05,0.0027,0.0007,0.0233,0.007
2022-10-06,0.001,0.001,0.0418,0.0048
2022-10-07,0.0124,0.0039,0.0398,0.0039
2022-10-08,0.0082,0.0022,0.0207,0.0016
2022-10-09,0.0053,0.0006,0.0225,0.0036
2022-10-10,0.0022,0.0054,0.046,0.0011
2022-10-11,0.0019,0.0016,0.0164,0.0006
2022-10-12,0.0006,0.0022,0.0154,0.0028
2022-10-13,0.0016,0.0009,0.016,0.0028
2022-10-14,0.0017,0.0003,0.0195,0.0027
2022-10-15,0.0059,0.0,0.0288,0.0107
2022-10-16,0.0018,0.0006,0.028,0.0066
2022-10-17,0.0014,0.0007,0.0214,0.0211
2022-10-18,0.0087,0.001,0.0207,0.0065
2022-10-19,0.0037,0.0012,0.0189,0.0016
2022-10-20,0.0022,0.0012,0.0149,0.0037
2022-10-21,0.0023,0.001,0.0129,0.0056
2022-10-22,0.0111,0.0067,0.0295,0.0033
2022-10-23,0.0019,0.0032,0.0237,0.0013
2022-10-24,0.0007,0.0025,0.0228,0.0014
2022-10-25,0.0026,0.0013,0.0198,0.0019
2022-10-26,0.0006,0.0003,0.0185,0.0025
2022-10-27,0.0016,0.0055,0.0132,0.0013
2022-10-28,0.0034,0.0067,0.0091,0.003
2022-10-29,0.0006,0.0017,0.0682,0.0023
2022-10-30,0.0012,0.0019,0.0241,0.0006
2022-10-31,0.0039,0.0028,0.0188,0.005
2022-11-01,0.0024,0.0024,0.0148,0.0027
2022-11-02,0.003,0.0017,0.0096,0.0013
2022-11-03,0.001,0.0023,0.0209,0.0029
2022-11-04,0.001,0.0014,0.0122,0.0031
2022-11-05,0.0006,0.0006,0.0555,0.0006
2022-11-06,0.0012,0.003,0.0318,0.0018
2022-11-07,0.0018,0.0046,0.0277,0.0281
2022-11-08,0.002,0.002,0.0408,0.0062
2022-11-09,0.0018,0.0015,0.0202,0.0049
2022-11-10,0.0003,0.0024,0.0197,0.0052
2022-11-11,0.0115,0.0057,0.0517,0.0
2022-11-12,0.0031,0.0041,0.0207,0.0031
2022-11-13,0.0018,0.0,0.0248,0.003
2022-11-14,0.0007,0.0007,0.0227,0.0024
2022-11-15,0.0259,0.0009,0.0202,0.0016
2022-11-16,0.0047,0.0003,0.0356,0.0022
2022-11-17,0.0025,0.0022,0.0464,0.0019
2022-11-18,0.002,0.0003,0.0129,0.0046
2022-11-19,0.0026,0.0037,0.01,0.0021
2022-11-20,0.0047,0.0018,0.0341,0.0012
2022-11-21,0.0007,0.0032,0.0303,0.0011
2022-11-22,0.002,0.0046,0.0253,0.0049
2022-11-23,0.0016,0.0046,0.0194,0.0023
2022-11-24,0.0022,0.0029,0.0395,0.0018
2022-11-25,0.0011,0.0027,0.0279,0.0019
2022-11-26,0.0029,0.0041,0.0222,0.0018
2022-11-27,0.002,0.0046,0.0186,0.0
2022-11-28,0.0014,0.0014,0.0218,0.0011
2022-11-29,0.0006,0.0019,0.0211,0.001
2022-11-30,0.0025,0.0016,0.0156,0.0019
2022-12-01,0.007,0.0026,0.0128,0.0048
2022-12-02,0.0038,0.0034,0.0123,0.0024
2022-12-03,0.0035,0.0012,0.0184,0.004
2022-12-04,0.0045,0.0019,0.0274,0.0038
2022-12-05,0.0057,0.0004,0.0274,0.0032
2022-12-06,0.0062,0.0013,0.0285,0.0049
2022-12-07,0.0405,0.0013,0.0382,0.001
2022-12-08,0.0123,0.0017,0.0333,0.0017
2022-12-09,0.0017,0.0069,0.0212,0.0142
2022-12-10,0.0022,0.0017,0.0216,0.0266
2022-12-11,0.0077,0.0013,0.0213,0.0013
2022-12-12,0.013,0.0094,0.0278,0.0032
2022-12-13,0.0023,0.0059,0.0222,0.0023
2022-12-14,0.0061,0.0045,0.0165,0.0039
2022-12-15,0.0048,0.0019,0.025,0.0154
2022-12-16,0.0017,0.0021,0.0253,0.0447
2022-12-17,0.0033,0.0011,0.0207,0.0
2022-12-18,0.0056,0.0031,0.016,0.0019
2022-12-19,0.0019,0.0004,0.032,0.0086
2022-12-20,0.0024,0.0014,0.0521,0.0048
2022-12-21,0.0027,0.002,0.0351,0.003
2022-12-22,0.0038,0.0017,0.0667,0.0059
2022-12-23,0.0057,0.0023,0.0455,0.0019
2022-12-24,0.0048,0.0006,0.028,0.0089
2022-12-25,0.0023,0.0023,0.0356,0.0061
2022-12-26,0.0021,0.001,0.0542,0.0063
2022-12-27,0.005,0.0042,0.0386,0.0029
2022-12-28,0.0016,0.0016,0.0295,0.0028
2022-12-29,0.0102,0.0012,0.0188,0.0035
2022-12-30,0.0557,0.0012,0.0171,0.0004
2022-12-31,0.0336,0.0029,0.0354,0.0035
2023-01-01,0.0263,0.0021,0.0469,0.0014
2023-01-02,0.0061,0.0015,0.0422,0.002
2023-01-03,0.0019,0.0012,0.0255,0.0012
2023-01-04,0.0028,0.0007,0.0263,0.0007
2023-01-05,0.0035,0.0007,0.0316,0.0035
2023-01-06,0.003,0.0004,0.0217,0.003
2023-01-07,0.0072,0.0006,0.0216,0.0011
2023-01-08,0.0115,0.0024,0.0212,0.0042
2023-01-09,0.0188,0.0032,0.198,0.0057
2023-01-10,0.018,0.0003,0.0389,0.0023
2023-01-11,0.0126,0.0009,0.0242,0.0044
2023-01-12,0.0141,0.0067,0.017,0.0013
2023-01-13,0.0156,0.003,0.0212,0.0007
2023-01-14,0.0142,0.0011,0.0332,0.0
2023-01-15,0.0137,0.0024,0.0518,0.0012
2023-01-16,0.0166,0.0011,0.0544,0.0072
2023-01-17,0.0211,0.024,0.0243,0.001
2023-01-18,0.0134,0.0033,0.0197,0.0073
2023-01-19,0.0139,0.0013,0.0177,0.005
2023-01-20,0.0144,0.0057,0.0191,0.0013
2023-01-21,0.0166,0.0031,0.0186,0.0021
2023-01-22,0.0183,0.004,0.0172,0.0057
2023-01-23,0.016,0.0015,0.0284,0.0004
2023-01-24,0.0159,0.003,0.0298,0.0116
2023-01-25,0.0129,0.0017,0.034,0.002
2023-01-26,0.0079,0.002,0.0262,0.0007
2023-01-27,0.0102,0.0039,0.0341,0.0039
2023-01-28,0.0138,0.0026,0.0201,0.0021
2023-01-29,0.0133,0.004,0.0254,0.0052
2023-01-30,0.0144,0.0014,0.021,0.0172
2023-01-31,0.0088,0.0031,0.0201,0.0066
2023-02-01,0.0098,0.0031,0.0321,0.0015
2023-02-02,0.0191,0.0013,0.0269,0.0016
2023-02-03,0.0123,0.0007,0.0407,0.003
2023-02-04,0.007,0.0021,0.0551,0.0005
2023-02-05,0.0107,0.0006,0.0314,0.0
2023-02-06,0.0093,0.0024,0.0179,0.0014
2023-02-07,0.0077,0.0052,0.0139,0.0023
2023-02-08,0.0094,0.0006,0.0151,0.0022
2023-02-09,0.0116,0.0013,0.0135,0.0013
2023-02-10,0.012,0.0003,0.0113,0.004
2023-02-11,0.0113,0.007,0.0145,0.0016
2023-02-12,0.0077,0.0054,0.0268,0.0042
2023-02-13,0.0077,0.0028,0.0242,0.0028
2023-02-14,0.0086,0.0016,0.0277,0.0006
2023-02-15,0.0086,0.0006,0.0205,0.0016
2023-02-16,0.0067,0.0016,0.0232,0.0022
2023-02-17,0.0096,0.0026,0.0103,0.0013
2023-02-18,0.0128,0.0059,0.016,0.0027
2023-02-19,0.0118,0.0059,0.0248,0.0024
2023-02-20,0.0085,0.0033,0.0182,0.0019
2023-02-21,0.0141,0.0094,0.0154,0.001
2023-02-22,0.0048,0.0035,0.0247,0.0013
2023-02-23,0.0094,0.0058,0.0174,0.0032
2023-02-24,0.0084,0.002,0.0166,0.0047
2023-02-25,0.0064,0.0026,0.0164,0.0048
2023-02-26,0.006,0.006,0.0676,0.0066
2023-02-27,0.0011,0.0101,0.0249,0.0014
2023-02-28,0.0063,0.0016,0.029,0.0013
2023-03-01,0.004,0.0031,0.018,0.0012
2023-03-02,0.0054,0.0035,0.0213,0.0013
2023-03-03,0.0077,0.004,0.0191,0.0013
2023-03-04,0.0048,0.0064,0.0154,0.0048
2023-03-05,0.0064,0.0064,0.0797,0.0017
2023-03-06,0.0028,0.0052,0.0339,0.0021
2023-03-07,0.0057,0.0035,0.0205,0.0038
2023-03-08,0.0054,0.003,0.0158,0.0081
2023-03-09,0.0032,0.008,0.021,0.0057
2023-03-10,0.0061,0.0052,0.0149,0.0016
2023-03-11,0.0042,0.0021,0.0194,0.0032
2023-03-12,0.0107,0.0022,0.0286,0.0011
2023-03-13,0.008,0.0056,0.056,0.0013
2023-03-14,0.0057,0.001,0.0203,0.01
2023-03-15,0.0053,0.0025,0.0169,0.0053
2023-03-16,0.0081,0.0028,0.0214,0.0019
2023-03-17,0.0027,0.0013,0.0133,0.0017
2023-03-18,0.0026,0.0021,0.0173,0.001
2023-03-19,0.0012,0.0023,0.0322,0.0035
2023-03-20,0.0014,0.0014,0.0208,0.0089
2023-03-21,0.0014,0.0018,0.0269,0.0021
2023-03-22,0.0014,0.0028,0.0397,0.0028
2023-03-24,0.0017,0.0061,0.0244,0.0
2023-03-25,0.002,0.0043,0.0191,0.001
2023-03-26,0.0011,0.0084,0.0167,0.0007
2023-03-27,0.001,0.0055,0.015,0.0015
2023-03-28,0.0093,0.0087,0.0204,0.0087
2023-03-29,0.0016,0.0027,0.0076,0.0097
2023-03-30,0.002,0.0045,0.0146,0.0025
2023-03-31,0.0015,0.0015,0.0132,0.0034
2023-04-01,0.0032,0.0,0.0355,0.0097
2023-04-02,0.0098,0.003,0.0278,0.0083
2023-04-03,0.0013,0.0025,0.0194,0.0013
2023-04-04,0.0006,0.0023,0.0192,0.0017
2023-04-05,0.0006,0.0011,0.0132,0.0017
2023-04-06,0.0,0.0049,0.0175,0.0056
2023-04-07,0.0006,0.0058,0.0315,0.0019
2023-04-08,0.1012,0.0966,0.151,0.0031
2023-04-09,0.0283,0.042,0.0645,0.0
2023-04-10,0.0011,0.0194,0.0161,0.0022
2023-04-11,0.0,0.0006,0.02,0.0057
2023-04-12,0.0006,0.0022,0.0149,0.0011
2023-04-13,0.0024,0.0024,0.0183,0.0005
2023-04-14,0.0091,0.0,0.011,0.0019
2023-04-15,0.0038,0.0015,0.0138,0.0008
2023-04-16,0.0061,0.0,0.0222,0.002
2023-04-17,0.0033,0.0006,0.027,0.0006
2023-04-18,0.0063,0.0032,0.012,0.0025
2023-04-19,0.0183,0.0057,0.0139,0.0
2023-04-20,0.0414,0.0035,0.0173,0.0017
2023-04-21,0.01,0.0053,0.0119,0.0013
2023-04-22,0.0028,0.0049,0.0174,0.0007
2023-04-23,0.0026,0.0086,0.0095,0.0034
2023-04-24,0.0005,0.0031,0.024,0.0016
2023-04-25,0.0029,0.0029,0.0211,0.0125
2023-04-26,0.0028,0.0012,0.0203,0.0069
2023-04-27,0.0601,0.0037,0.0174,0.0041
2023-04-28,0.0274,0.0011,0.0115,0.0044
2023-04-29,0.0136,0.0016,0.0278,0.0037
2023-04-30,0.0059,0.0007,0.0207,0.0
2023-05-01,0.0032,0.0032,0.0227,0.0049
2023-05-02,0.0036,0.0013,0.022,0.004
2023-05-03,0.0671,0.0014,0.0196,0.0028
2023-05-04,0.017,0.0019,0.0101,0.0032
2023-05-05,0.0071,0.0049,0.0093,0.0035
2023-05-06,0.0135,0.0017,0.0194,0.0017
2023-05-07,0.0552,0.0,0.0172,0.0
2023-05-08,0.0082,0.0031,0.0132,0.0044
2023-05-09,0.0063,0.0006,0.0171,0.0051
2023-05-10,0.0029,0.0005,0.0225,0.0029
2023-05-11,0.0035,0.0004,0.0191,0.0044
2023-05-12,0.017,0.0022,0.017,0.0035
2023-05-13,0.0204,0.0011,0.0226,0.0039
2023-05-14,0.0083,0.0045,0.0327,0.0013
2023-05-15,0.0055,0.0011,0.0302,0.0033
2023-05-16,0.0082,0.0016,0.0164,0.0027
2023-05-17,0.0076,0.002,0.0378,0.0028
2023-05-18,0.0033,0.0029,0.0247,0.0033
2023-05-19,0.0135,0.003,0.0155,0.0025
2023-05-20,0.0461,0.0049,0.0165,0.0025
2023-05-21,0.0086,0.0012,0.024,0.0025
2023-05-22,0.0088,0.0029,0.0263,0.0047
2023-05-23,0.0058,0.0011,0.017,0.0037
2023-05-24,0.005,0.0035,0.0266,0.0035
2023-05-25,0.0037,0.0048,0.1082,0.0021
2023-05-26,0.0036,0.0005,0.0259,0.0023
2023-05-27,0.0063,0.0,0.0241,0.034
2023-05-28,0.0021,0.0021,0.0481,0.0048
2023-05-29,0.0114,0.0016,0.0157,0.0152
2023-05-30,0.0044,0.0031,0.0298,0.0219
2023-05-31,0.0063,0.0005,0.0256,0.0179
2023-06-01,0.0035,0.001,0.0161,0.0045
2023-06-02,0.0029,0.0017,0.0237,0.0052
2023-06-03,0.0013,0.0006,0.0252,0.011
2023-06-04,0.0056,0.0009,0.1175,0.0111
2023-06-05,0.0711,0.0005,0.0538,0.0115
2023-06-06,0.0119,0.0011,0.0249,0.0032
2023-06-07,0.0046,0.0012,0.0197,0.0133
2023-06-08,0.0027,0.0009,0.0355,0.005
2023-06-09,0.0025,0.0015,0.0141,0.0005
2023-06-10,0.0015,0.0,0.0169,0.0046
2023-06-11,0.0023,0.0031,0.0306,0.0038
2023-06-12,0.001,0.0051,0.0193,0.001
2023-06-13,0.0013,0.0048,0.0276,0.0048
2023-06-14,0.0023,0.0028,0.0255,0.0023
2023-06-15,0.0021,0.0025,0.0226,0.0033
2023-06-16,0.0016,0.0005,0.0152,0.0031
2023-06-17,0.0027,0.0022,0.0412,0.0016
2023-06-18,0.0035,0.0035,0.0396,0.0014
2023-06-19,0.0028,0.0005,0.0287,0.0005
2023-06-20,0.0008,0.002,0.0335,0.004
2023-06-21,0.0005,0.0,0.0574,0.0037
2023-06-22,0.0028,0.0009,0.0299,0.0069
2023-06-23,0.0024,0.0006,0.0195,0.0049
2023-06-24,0.004,0.004,0.0226,0.0027
2023-06-25,0.0009,0.0017,0.0588,0.0078
2023-06-26,0.0021,0.0016,0.022,0.0064
2023-06-27,0.0015,0.0,0.0137,0.0034
2023-06-28,0.0006,0.0006,0.0224,0.0013
2023-06-29,0.0012,0.0,0.0202,0.0017
2023-06-30,0.0,0.0,0.0168,0.0182
2023-07-01,0.0,0.0019,0.0541,0.0
2023-07-02,0.0,0.0009,0.0317,0.0018
2023-07-03,0.0,0.0013,0.021,0.002
2023-07-04,0.0,0.0006,0.0112,0.0029
2023-07-05,0.044,0.001,0.0122,0.0122
2023-07-06,0.0372,0.0006,0.0159,0.0171
2023-07-07,0.0147,0.0012,0.0141,0.0053
2023-07-08,0.0041,0.0025,0.0355,0.0008
2023-07-09,0.0028,0.0028,0.0323,0.0009
2023-07-10,0.0049,0.0008,0.0288,0.0008
2023-07-11,0.0028,0.0011,0.0304,0.0066
2023-07-12,0.0095,0.0009,0.0194,0.0018
2023-07-13,0.001,0.0025,0.0203,0.003
2023-07-14,0.008,0.0012,0.0172,0.0028
2023-07-15,0.0499,0.004,0.0273,0.0
2023-07-16,0.0193,0.0085,0.0286,0.0008
2023-07-17,0.0243,0.003,0.0337,0.0018
2023-07-18,0.0367,0.0,0.027,0.0023
2023-07-19,0.0101,0.0,0.0219,0.0047
2023-07-20,0.0107,0.003,0.0222,0.0051
2023-07-21,0.0437,0.0059,0.0202,0.0033
2023-07-22,0.0084,0.0226,0.0243,0.0017
2023-07-23,0.0119,0.0186,0.0492,0.0007
2023-07-24,0.0078,0.0039,0.0173,0.0151
2023-07-25,0.0086,0.0105,0.0597,0.0025
2023-07-26,0.006,0.0065,0.0451,0.0022
2023-07-27,0.0067,0.0021,0.0347,0.0031
2023-07-28,0.0045,0.0056,0.0259,0.0006
2023-07-29,0.0035,0.0044,0.0323,0.0026
2023-07-30,0.0,0.0046,0.0251,0.0015
2023-07-31,0.0029,0.0018,0.0235,0.0082
2023-08-01,0.0087,0.0075,0.0193,0.051
2023-08-02,0.0184,0.0073,0.0233,0.0275
2023-08-03,0.0338,0.0012,0.0338,0.0041
2023-08-04,0.054,0.0016,0.0217,0.0037
2023-08-05,0.0161,0.0025,0.0754,0.0034
2023-08-06,0.0132,0.0039,0.1457,0.0031
2023-08-07,0.0301,0.0046,0.0746,0.0046
2023-08-08,0.0294,0.0025,0.0507,0.0025
2023-08-09,0.0169,0.0055,0.0369,0.0025
2023-08-10,0.0374,0.0018,0.0278,0.0024
2023-08-11,0.0426,0.0025,0.0108,0.0075
2023-08-12,0.0521,0.0139,0.0557,0.0015
2023-08-13,0.0668,0.0057,0.0704,0.0
2023-08-14,0.0133,0.0039,0.0587,0.0011
2023-08-15,0.0092,0.0015,0.0363,0.0029
2023-08-16,0.0115,0.0026,0.0108,0.0057
2023-08-17,0.0079,0.0011,0.034,0.0062
2023-08-18,0.0052,0.0012,0.0151,0.0041
2023-08-19,0.0054,0.0031,0.0202,0.0016
2023-08-20,0.1012,0.0037,0.0309,0.0009
2023-08-21,0.0429,0.0051,0.0574,0.0036
2023-08-22,0.017,0.0011,0.0558,0.0032
2023-08-23,0.0044,0.0016,0.091,0.0033
2023-08-24,0.0025,0.0015,0.0312,0.003
2023-08-25,0.0067,0.0008,0.0448,0.0021
2023-08-26,0.0044,0.0015,0.0348,0.0015
2023-08-27,0.0064,0.0055,0.0346,0.0055
2023-08-28,0.0169,0.0023,0.022,0.0011
2023-08-29,0.0087,0.0036,0.0226,0.0046
2023-08-30,0.002,0.0015,0.0222,0.0123
2023-08-31,0.0009,0.0014,0.0403,0.0051
2023-09-01,0.0039,0.0022,0.0196,0.0084
2023-09-02,0.003,0.0,0.0207,0.0015
2023-09-03,0.0037,0.0045,0.0202,0.0007
2023-09-04,0.0006,0.0011,0.0189,0.0029
2023-09-05,0.003,0.003,0.0242,0.003
2023-09-06,0.0019,0.0,0.0156,0.0028
2023-09-07,0.0308,0.0,0.0169,0.0029
2023-09-08,0.0074,0.0006,0.0131,0.0011
2023-09-09,0.0014,0.0007,0.0328,0.0036
2023-09-10,0.0029,0.001,0.0262,0.0
2023-09-11,0.0022,0.0013,0.022,0.0031
2023-09-12,0.0097,0.0013,0.0246,0.003
2023-09-13,0.0241,0.0006,0.013,0.0019
2023-09-14,0.005,0.0017,0.0301,0.0033
2023-09-15,0.0033,0.0016,0.0203,0.0022
2023-09-16,0.0014,0.0,0.0214,0.0021
2023-09-17,0.0024,0.0031,0.0312,0.0
2023-09-18,0.1381,0.0017,0.0242,0.0028
2023-09-19,0.0561,0.003,0.0185,0.0024
2023-09-20,0.0073,0.0031,0.0289,0.0026
2023-09-21,0.0053,0.0029,0.024,0.0023
2023-09-22,0.0034,0.0017,0.0123,0.0028
2023-09-23,0.0,0.0048,0.0152,0.0016
2023-09-24,0.0007,0.0021,0.0623,0.0014
2023-09-25,0.0006,0.0017,0.0202,0.0075
2023-09-26,0.0027,0.0044,0.0587,0.006
2023-09-27,0.0019,0.0006,0.0285,0.0071
2023-09-28,0.005,0.0025,0.028,0.003
2023-09-29,0.0019,0.0006,0.0131,0.0056
2023-09-30,0.0007,0.0027,0.0509,0.0047
2023-10-01,0.0007,0.0015,0.0516,0.0029
2023-10-02,0.0013,0.0052,0.1405,0.0026
2023-10-03,0.0012,0.0035,0.0233,0.0035
2023-10-04,0.0112,0.0011,0.0445,0.0059
2023-10-05,0.0037,0.0032,0.0448,0.0028
2023-10-06,0.0012,0.0029,0.037,0.0035
2023-10-07,0.0066,0.0011,0.0439,0.0022
2023-10-08,0.0109,0.0011,0.0457,0.0033
2023-10-09,0.0675,0.0069,0.0364,0.0043
2023-10-10,0.0332,0.0032,0.0584,0.0063
2023-10-11,0.0161,0.0023,0.0582,0.0008
2023-10-12,0.0118,0.0006,0.0455,0.0106
2023-10-13,0.0068,0.0,0.0381,0.0068
2023-10-14,0.0083,0.0,0.0355,0.0063
2023-10-15,0.0089,0.0038,0.0432,0.0051
2023-10-16,0.0151,0.0023,0.0271,0.0045
2023-10-17,0.0139,0.0016,0.0475,0.0048
2023-10-18,0.0088,0.0,0.0353,0.0024
2023-10-19,0.0153,0.0011,0.0363,0.0062
2023-10-20,0.0386,0.0018,0.0596,0.0018
2023-10-21,0.026,0.0034,0.0227,0.0008
2023-10-22,0.0082,0.0,0.0271,0.0024
2023-10-23,0.0158,0.0019,0.0234,0.0013
2023-10-24,0.0045,0.0017,0.0276,0.0011
2023-10-25,0.0163,0.0023,0.0298,0.0033
2023-10-26,0.007,0.0018,0.0205,0.0012
2023-10-27,0.0164,0.0012,0.0158,0.0018
2023-10-28,0.0048,0.0027,0.0185,0.0014
2023-10-29,0.01,0.0,0.0878,0.0027
2023-10-30,0.0192,0.0,0.04,0.0092
2023-10-31,0.0094,0.0077,0.0319,0.0012
2023-11-01,0.0027,0.0244,0.0189,0.002
2023-11-02,0.0072,0.0066,0.0168,0.0048
2023-11-03,0.0085,0.0072,0.0157,0.0046
2023-11-04,0.002,0.004,0.0228,0.004
2023-11-05,0.0031,0.0055,0.0611,0.0024
2023-11-06,0.0045,0.0006,0.1019,0.0019
2023-11-07,0.0047,0.0041,0.0629,0.0035
2023-11-08,0.008,0.002,0.0207,0.0047
2023-11-09,0.0033,0.0033,0.0182,0.0053
2023-11-10,0.0035,0.004,0.0144,0.0025
2023-11-11,0.0043,0.0026,0.0183,0.0017
2023-11-12,0.0054,0.0,0.0301,0.0011
2023-11-13,0.0052,0.0022,0.0217,0.003
2023-11-14,0.0027,0.0048,0.022,0.007
2023-11-15,0.0007,0.0156,0.0206,0.0085
2023-11-16,0.0015,0.0162,0.0139,0.0031
2023-11-17,0.0021,0.0063,0.0168,0.0047
2023-11-18,0.0032,0.0071,0.0143,0.0016
2023-11-19,0.0048,0.0569,0.0577,0.004
2023-11-20,0.003,0.0858,0.053,0.0067
2023-11-21,0.0302,0.0206,0.0292,0.002
2023-11-22,0.021,0.021,0.025,0.0006
2023-11-23,0.0017,0.0134,0.0238,0.0041
2023-11-24,0.0028,0.0061,0.0127,0.0028
2023-11-25,0.0045,0.0052,0.0157,0.0052
2023-11-26,0.0027,0.0407,0.0623,0.0045
2023-11-27,0.0749,0.0651,0.0834,0.0067
2023-11-28,0.0121,0.0098,0.0322,0.0049
2023-11-29,0.0125,0.0163,0.0272,0.0043
2023-11-30,0.0139,0.0237,0.0427,0.0021
2023-12-01,0.0086,0.0073,0.0212,0.0106
2023-12-02,0.0041,0.005,0.0215,0.0017
2023-12-03,0.0007,0.2745,0.0486,0.0037
2023-12-04,0.0057,0.161,0.0477,0.0025
2023-12-05,0.0041,0.1106,0.0272,0.0041
2023-12-06,0.0038,0.0339,0.0435,0.0043
2023-12-07,0.0076,0.0371,0.0361,0.0107
2023-12-08,0.0037,0.0149,0.0306,0.0158
2023-12-09,0.0017,0.0222,0.0299,0.0103
2023-12-10,0.0019,0.0415,0.0434,0.0058
2023-12-11,0.004,0.0224,0.0192,0.0024
2023-12-12,0.0014,0.148,0.0957,0.0005
2023-12-13,0.0064,0.1051,0.0887,0.0032
2023-12-14,0.005,0.0827,0.0485,0.0149
2023-12-15,0.0026,0.2433,0.1255,0.0013
2023-12-16,0.0098,0.3304,0.232,0.0025
2023-12-17,0.0053,0.1794,0.2157,0.0026
2023-12-18,0.0028,0.3032,0.2522,0.0092
2023-12-19,0.0042,0.4392,0.4074,0.0126
2023-12-20,0.0129,0.2126,0.2434,0.0073
2023-12-21,0.02,0.1624,0.2172,0.0148
2023-12-22,0.0147,0.192,0.2214,0.0033
2023-12-23,0.046,0.1948,0.1731,0.0019
2023-12-24,0.0249,0.1894,0.1496,0.0055
2023-12-25,0.0148,0.1462,0.158,0.0059
2023-12-26,0.0083,0.3772,0.1555,0.0108
2023-12-27,0.0023,0.141,0.1272,0.0023
2023-12-28,0.0038,0.1432,0.1571,0.0051
2023-12-29,0.0032,0.1143,0.0959,0.0032
2023-12-30,0.0054,0.0725,0.0913,0.0009
2023-12-31,0.0054,0.3517,0.2229,0.0039
2024-01-01,0.009,0.2904,0.1626,0.0022
2024-01-02,0.0132,0.153,0.1733,0.0114
2024-01-03,0.005,0.1527,0.1542,0.005
2024-01-04,0.0052,0.2783,0.1776,0.007
2024-01-05,0.005,0.2382,0.1519,0.0025
2024-01-06,0.0065,0.1578,0.1072,0.0022
2024-01-07,0.005,0.1417,0.0662,0.0042
2024-01-08,0.0089,0.1559,0.0989,0.0041
2024-01-09,0.0028,0.0733,0.0727,0.0062
2024-01-10,0.0006,0.26,0.2377,0.0054
2024-01-11,0.0624,0.2097,0.1877,0.002
2024-01-12,0.069,1.1964,0.6672,0.0035
2024-01-13,0.0238,0.5929,0.221,0.002
2024-01-14,0.0116,0.3075,0.1278,0.0018
2024-01-15,0.0223,0.502,0.4357,0.0187
2024-01-16,0.0179,0.4136,0.296,0.0079
2024-01-17,0.0144,0.3998,0.1951,0.0043
2024-01-18,0.0146,0.277,0.1847,0.0041
2024-01-19,0.0101,0.2223,0.1402,0.0015
2024-01-20,0.0034,0.161,0.1158,0.0034
2024-01-21,0.0082,0.2571,0.1063,0.0012
2024-01-22,0.0737,0.2387,0.1765,0.0169
2024-01-23,0.0142,0.3257,0.1937,0.005
2024-01-24,0.003,0.2571,0.1684,0.0083
2024-01-25,0.009,0.1688,0.1152,0.0037
2024-01-26,0.0036,0.2178,0.167,0.0025
2024-01-27,0.0055,0.2742,0.1559,0.0018
2024-01-28,0.0093,0.1733,0.1342,0.0019
2024-01-29,0.0208,0.1509,0.126,0.0076
2024-01-30,0.017,0.1672,0.0867,0.0046
2024-01-31,0.0043,0.133,0.0882,0.0027
2024-02-01,0.0035,0.2032,0.0961,0.0035
2024-02-02,0.0047,0.0859,0.0771,0.0029
2024-02-03,0.003,0.1316,0.1376,0.0023
2024-02-04,0.0079,0.6244,0.3421,0.0022
2024-02-05,0.0084,0.2763,0.1156,0.0042
2024-02-06,0.0051,0.1322,0.0808,0.0031
2024-02-07,0.0113,0.0702,0.0783,0.0013
2024-02-08,0.0054,0.0723,0.1071,0.0049
2024-02-09,0.0045,0.0699,0.0674,0.0069
2024-02-10,0.0017,0.034,0.0528,0.0009
2024-02-11,0.0061,0.0727,0.0666,0.0017
2024-02-12,0.0067,0.1244,0.1007,0.0036
2024-02-13,0.0036,0.0696,0.0545,0.0057
2024-02-14,0.0021,0.0439,0.054,0.0053
2024-02-15,0.0018,0.0837,0.058,0.0018
2024-02-16,0.0018,0.0536,0.0499,0.0009
2024-02-17,0.0041,0.0595,0.0369,0.0021
2024-02-18,0.0039,0.0817,0.0578,0.0046
2024-02-19,0.0088,0.2248,0.1224,0.0018
2024-02-20,0.0095,0.1016,0.1097,0.0038
2024-02-21,0.0025,0.1526,0.0578,0.0085
2024-02-22,0.002,0.0793,0.0591,0.0061
2024-02-23,0.0047,0.0794,0.0661,0.0028
2024-02-24,0.0012,0.1028,0.0563,0.0025
2024-02-25,0.0033,0.2357,0.1275,0.0
2024-02-26,0.0043,0.1141,0.0477,0.0007
2024-02-27,0.0047,0.1224,0.1091,0.0
2024-02-28,0.0034,0.0827,0.0706,0.0029
2024-02-29,0.002,0.0394,0.0499,0.004
2024-03-01,0.0011,0.0389,0.0368,0.0048
2024-03-02,0.0028,0.1205,0.0831,0.0069
2024-03-03,0.0008,0.1757,0.0912,0.0061
2024-03-04,0.0005,0.0768,0.0541,0.0076
2024-03-05,0.0047,0.0718,0.0513,0.0073
2024-03-06,0.0575,0.1336,0.0637,0.014
2024-03-07,0.046,0.1585,0.1012,0.0129
2024-03-08,0.0037,0.0336,0.0498,0.0075
2024-03-09,0.0041,0.0981,0.1075,0.0012
2024-03-10,0.0,0.037,0.0446,0.0018
2024-03-11,0.0025,0.0488,0.0387,0.0025
2024-03-12,0.007,0.0517,0.0411,0.0047
2024-03-13,0.0064,0.0281,0.0333,0.0029
2024-03-14,0.0018,0.1104,0.0411,0.0006
2024-03-15,0.0019,0.0674,0.0868,0.0044
2024-03-16,0.0066,0.0343,0.0467,0.0007
2024-03-17,0.0025,0.0795,0.1068,0.0484
2024-03-18,0.004,0.0365,0.0479,0.0051
2024-03-19,0.0074,0.0398,0.0302,0.0063
2024-03-20,0.0029,0.0437,0.0342,0.0024
2024-03-21,0.0022,0.0216,0.0809,0.0059
2024-03-22,0.0042,0.0332,0.0435,0.003
2024-03-23,0.0034,0.0303,0.051,0.0021
2024-03-24,0.0016,0.0259,0.0413,0.0016
2024-03-25,0.0028,0.0203,0.0344,0.0039
2024-03-26,0.0028,0.0434,0.0609,0.0017
2024-03-27,0.0023,0.0344,0.0924,0.0034
2024-03-28,0.001,0.0427,0.0365,0.0036
2024-03-29,0.0016,0.0295,0.0368,0.0021
2024-03-30,0.0019,0.0281,0.0674,0.0
2024-03-31,0.0044,0.0169,0.0498,0.0036
2024-04-01,0.0017,0.0246,0.0329,0.0022
2024-04-02,0.0006,0.0633,0.0609,0.0046
2024-04-03,0.0015,0.0351,0.0277,0.002
2024-04-04,0.0028,0.0203,0.0208,0.0009
2024-04-05,0.0032,0.0242,0.0131,0.0026
2024-04-06,0.0017,0.1139,0.0296,0.0006
2024-04-07,0.0014,0.0473,0.0547,0.0034
2024-04-08,0.0033,0.0241,0.0637,0.0099
2024-04-09,0.0101,0.0197,0.0276,0.0017
2024-04-10,0.013,0.0306,0.0289,0.0177
2024-04-11,0.0028,0.0192,0.0413,0.0052
2024-04-12,0.0059,0.0107,0.0187,0.0027
2024-04-13,0.5384,0.0546,0.0251,0.0
2024-04-14,0.3947,0.0331,0.0339,0.0023
2024-04-15,0.1339,0.026,0.0472,0.0035
2024-04-16,0.0655,0.0611,0.0442,0.0025
2024-04-17,0.0342,0.0318,0.0312,0.003
2024-04-18,0.0336,0.0188,0.0316,0.002
2024-04-19,0.0557,0.0773,0.0266,0.0037
2024-04-20,0.0198,0.0173,0.0205,0.0013
2024-04-21,0.0254,0.0167,0.0289,0.0026
2024-04-22,0.0128,0.0084,0.0245,0.0056
2024-04-23,0.0082,0.0076,0.0321,0.0105
2024-04-24,0.0111,0.0382,0.0584,0.0042
2024-04-25,0.0064,0.0889,0.072,0.0053
2024-04-26,0.0029,0.0261,0.0273,0.0197
2024-04-27,0.0241,0.092,0.0313,0.0059
2024-04-28,0.0094,0.0264,0.0358,0.0009
2024-04-29,0.0079,0.0423,0.0351,0.0042
2024-04-30,0.0094,0.0315,0.0459,0.0083
2024-05-01,0.0037,0.0412,0.0384,0.0009
2024-05-02,0.0044,0.0131,0.0224,0.0037
2024-05-03,0.0104,0.0336,0.0232,0.0008
2024-05-04,0.0054,0.0175,0.0235,0.0047
2024-05-05,0.0048,0.0124,0.0239,0.0
2024-05-06,0.0032,0.0193,0.0193,0.0032
2024-05-07,0.0048,0.0188,0.0306,0.0038
2024-05-08,0.0026,0.0086,0.0172,0.004
2024-05-09,0.0055,0.0115,0.0255,0.0042
2024-05-10,0.0127,0.0112,0.0202,0.0052
2024-05-11,0.0037,0.0672,0.0244,0.003
2024-05-12,0.0025,0.0068,0.0263,0.0008
2024-05-13,0.0083,0.0125,0.0374,0.0035
2024-05-14,0.0032,0.0247,0.0268,0.0016
2024-05-15,0.0022,0.0143,0.0346,0.0066
2024-05-16,0.0016,0.0214,0.022,0.0044
2024-05-17,0.0024,0.0153,0.022,0.0049
2024-05-18,0.0041,0.0488,0.0365,0.0028
2024-05-19,0.0026,0.0283,0.024,0.0146
2024-05-20,0.0031,0.0142,0.0347,0.0037
2024-05-21,0.0013,0.0098,0.017,0.002
2024-05-22,0.0026,0.0143,0.0175,0.0064
2024-05-23,0.0032,0.0364,0.0255,0.0009
2024-05-24,0.0023,0.0168,0.0145,0.0023
2024-05-25,0.0024,0.0253,0.0171,0.0008
2024-05-26,0.0031,0.0078,0.0242,0.0055
2024-05-27,0.0031,0.0135,0.0238,0.0036
2024-05-28,0.0,0.0193,0.0239,0.001
2024-05-29,0.0,0.0381,0.0328,0.0035
2024-05-30,0.001,0.0414,0.0433,0.0057
2024-05-31,0.0038,0.1048,0.0471,0.012
2024-06-01,0.0,0.0792,0.039,0.0096
2024-06-02,0.0,0.0253,0.018,0.0014
2024-06-03,0.0005,0.0212,0.0324,0.0042
2024-06-04,0.0012,0.012,0.0425,0.0036
2024-06-05,0.001,0.0125,0.0314,0.004
2024-06-06,0.001,0.0057,0.0254,0.0014
2024-06-07,0.0026,0.0389,0.025,0.0047
2024-06-08,0.0025,0.0342,0.0272,0.0057
2024-06-09,0.0,0.0338,0.045,0.0007
2024-06-10,0.0,0.0137,0.028,0.0257
2024-06-11,0.0015,0.0137,0.0181,0.0068
2024-06-12,0.0007,0.0184,0.0309,0.0022
2024-06-13,0.0005,0.0303,0.0435,0.004
2024-06-14,0.003,0.0394,0.0321,0.0012
2024-06-15,0.0057,0.1124,0.0377,0.0031
2024-06-16,0.0033,0.0571,0.0298,0.0025
2024-06-17,0.0008,0.036,0.0268,0.0059
2024-06-18,0.0005,0.0202,0.0225,0.0047
2024-06-19,0.0009,0.0511,0.0351,0.0061
2024-06-20,0.0005,0.0383,0.021,0.0037
2024-06-21,0.0013,0.016,0.0167,0.002
2024-06-22,0.003,0.0644,0.0258,0.0008
2024-06-23,0.0027,0.0887,0.0266,0.0009
2024-06-24,0.0018,0.0189,0.0226,0.0037
2024-06-25,0.0062,0.0137,0.023,0.0019
2024-06-26,0.0005,0.0278,0.0189,0.0045
2024-06-27,0.0027,0.0217,0.0288,0.0035
2024-06-28,0.0005,0.0131,0.0179,0.0019
2024-06-29,0.0013,0.0165,0.0482,0.0025
2024-06-30,0.0,0.0092,0.0671,0.0049
2024-07-01,0.0025,0.01,0.0193,0.0019
2024-07-02,0.0017,0.0145,0.0256,0.0039
2024-07-03,0.0011,0.0129,0.0304,0.0034
2024-07-04,0.001,0.0078,0.03,0.0057
2024-07-05,0.0025,0.007,0.0135,0.003
2024-07-06,0.0013,0.0726,0.0121,0.0013
2024-07-07,0.0069,0.0084,0.0336,0.0015
2024-07-08,0.002,0.0135,0.0277,0.0047
2024-07-09,0.0013,0.0131,0.0327,0.0026
2024-07-10,0.0023,0.0403,0.0199,0.0037
2024-07-11,0.0078,0.0243,0.0268,0.0039
2024-07-12,0.0025,0.0212,0.0383,0.003
2024-07-13,0.0023,0.0121,0.0445,0.003
2024-07-14,0.0036,0.0171,0.0293,0.0029
2024-07-15,0.0005,0.0261,0.0323,0.0036
2024-07-16,0.0033,0.023,0.0263,0.0049
2024-07-17,0.0022,0.0103,0.0239,0.0011
2024-07-18,0.0011,0.0132,0.0291,0.0033
2024-07-19,0.0011,0.0337,0.0309,0.0043
2024-07-20,0.0024,0.2399,0.037,0.0024
2024-07-21,0.0007,0.2019,0.0893,0.0033
2024-07-22,0.0011,0.048,0.019,0.0034
2024-07-23,0.0026,0.0389,0.0247,0.0063
2024-07-24,0.0012,0.0191,0.0191,0.0035
2024-07-25,0.0021,0.0118,0.0221,0.0021
2024-07-26,0.0012,0.006,0.0248,0.0024
2024-07-27,0.0033,0.0155,0.0269,0.0016
2024-07-28,0.0,0.0074,0.0242,0.0011
2024-07-29,0.0006,0.0062,0.0148,0.0018
2024-07-30,0.0016,0.0052,0.0209,0.0042
2024-07-31,0.002,0.0106,0.0186,0.004
2024-08-01,0.0058,0.0084,0.0195,0.0053
2024-08-02,0.0028,0.0101,0.0145,0.0039
2024-08-03,0.0043,0.0085,0.0264,0.0028
2024-08-04,0.0054,0.029,0.0625,0.0036
2024-08-05,0.0114,0.024,0.0315,0.0164
2024-08-06,0.0027,0.0274,0.0541,0.0127
2024-08-07,0.0041,0.0211,0.0433,0.007
2024-08-08,0.0036,0.0175,0.0315,0.0103
2024-08-09,0.0024,0.0413,0.0324,0.0066
2024-08-10,0.0042,0.0135,0.0313,0.0017
2024-08-11,0.0022,0.0123,0.0494,0.0011
2024-08-12,0.0007,0.0059,0.0404,0.0051
2024-08-13,0.0016,0.0135,0.0335,0.007
2024-08-14,0.005,0.0085,0.0325,0.0075
2024-08-15,0.0028,0.0117,0.0268,0.0078
2024-08-16,0.0023,0.0078,0.0226,0.0078
2024-08-17,0.0014,0.0072,0.0209,0.0014
2024-08-18,0.0022,0.0102,0.0496,0.0037
2024-08-19,0.0012,0.0069,0.0243,0.0156
2024-08-20,0.001,0.0105,0.0249,0.0019
2024-08-21,0.0005,0.0118,0.0323,0.0041
2024-08-22,0.0015,0.0222,0.0349,0.0025
2024-08-23,0.0019,0.0165,0.0292,0.0063
2024-08-24,0.0006,0.0198,0.0377,0.0032
2024-08-25,0.0008,0.0332,0.0393,0.0031
2024-08-26,0.0024,0.0126,0.0503,0.0066
2024-08-27,0.0025,0.0246,0.0503,0.0015
2024-08-28,0.0006,0.0112,0.0302,0.0017
2024-08-29,0.0005,0.0145,0.0214,0.0027
2024-08-30,0.0022,0.0134,0.0262,0.0022
2024-08-31,0.0018,0.0153,0.0297,0.0018
2024-09-01,0.0,0.0112,0.0378,0.0026
2024-09-02,0.0019,0.0134,0.0306,0.0057
2024-09-03,0.0019,0.0266,0.0281,0.0029
2024-09-04,0.0015,0.0211,0.0371,0.005
2024-09-05,0.0017,0.0033,0.0216,0.0072
2024-09-06,0.0042,0.0105,0.0231,0.0032
2024-09-07,0.0016,0.0104,0.0351,0.0024
2024-09-08,0.0015,0.0054,0.0375,0.0038
2024-09-09,0.0,0.0037,0.0282,0.0031
2024-09-10,0.0017,0.0113,0.042,0.0055
2024-09-11,0.0011,0.0089,0.0368,0.0033
2024-09-12,0.0018,0.0095,0.0267,0.0036
2024-09-13,0.0015,0.0122,0.0243,0.0029
2024-09-14,0.0007,0.0375,0.0276,0.002
2024-09-15,0.0016,0.0249,0.0322,0.0048
2024-09-16,0.0,0.006,0.0166,0.003
2024-09-17,0.0,0.0165,0.019,0.0037
2024-09-18,0.0009,0.0068,0.0154,0.005
2024-09-19,0.0,0.0069,0.0323,0.0037
2024-09-20,0.0009,0.0067,0.0147,0.0031
2024-09-21,0.002,0.0074,0.0236,0.002
2024-09-22,0.0007,0.0062,0.0253,0.0027
2024-09-23,0.0026,0.0087,0.0184,0.0061
2024-09-24,0.0058,0.0126,0.0184,0.0039
2024-09-25,0.0047,0.0187,0.0187,0.0036
2024-09-26,0.0018,0.0316,0.0262,0.0054
2024-09-27,0.0,0.0202,0.012,0.0019
2024-09-28,0.0021,0.0179,0.02,0.0021
2024-09-29,0.0026,0.0612,0.0941,0.0033
2024-09-30,0.0092,0.0682,0.0676,0.0052
2024-10-01,0.0166,0.0503,0.0531,0.0017
2024-10-02,0.0324,0.0302,0.0743,0.0084
2024-10-03,0.0397,0.0379,0.0637,0.0036
2024-10-04,0.0629,0.0532,0.0419,0.0036
2024-10-05,0.024,0.0565,0.0494,0.0021
2024-10-06,0.0244,0.0225,0.1124,0.002
2024-10-07,0.0152,0.0288,0.0462,0.0023
2024-10-08,0.0205,0.0091,0.0302,0.0057
2024-10-09,0.0159,0.006,0.0544,0.0234
2024-10-10,0.0115,0.0115,0.0246,0.0027
2024-10-11,0.0118,0.0141,0.0218,0.0024
2024-10-12,0.0082,0.011,0.0384,0.0
2024-10-13,0.0094,0.005,0.0361,0.0014
2024-10-14,0.0047,0.0034,0.0303,0.0013
2024-10-15,0.0088,0.0067,0.0227,0.0031
2024-10-16,0.0112,0.0469,0.0387,0.0041
2024-10-17,0.006,0.034,0.0175,0.001
2024-10-18,0.0043,0.0138,0.0196,0.0022
2024-10-19,0.0039,0.0155,0.0252,0.0
2024-10-20,0.0118,0.0084,0.0471,0.0008
2024-10-21,0.0069,0.0133,0.0513,0.0017
2024-10-22,0.0042,0.0048,0.021,0.0036
2024-10-23,0.0047,0.009,0.0269,0.0047
2024-10-24,0.0018,0.007,0.0269,0.0035
2024-10-25,0.0125,0.0097,0.0233,0.0028
2024-10-26,0.0113,0.0056,0.0331,0.0008
2024-10-27,0.0061,0.0015,0.0358,0.0053
2024-10-28,0.0048,0.0101,0.0224,0.0016
2024-10-29,0.0022,0.0101,0.0286,0.0011
2024-10-30,0.0029,0.0057,0.0214,0.0007
2024-10-31,0.0039,0.0095,0.0184,0.0028
2024-11-01,0.0012,0.0132,0.0223,0.0042
2024-11-02,0.0029,0.0271,0.0359,0.0048
2024-11-03,0.0048,0.0081,0.0462,0.0034
2024-11-04,0.0022,0.0142,0.0274,0.0044
2024-11-05,0.002,0.0081,0.0244,0.0046
2024-11-06,0.0025,0.0044,0.0162,0.0006
2024-11-07,0.0055,0.0043,0.0189,0.0043
2024-11-08,0.0023,0.0173,0.0196,0.004
2024-11-09,0.0008,0.0073,0.0234,0.0016
2024-11-10,0.0038,0.0128,0.0271,0.0
2024-11-11,0.0022,0.0094,0.0233,0.0033
2024-11-12,0.0043,0.0161,0.028,0.0033
2024-11-13,0.0017,0.0239,0.0157,0.0035
2024-11-14,0.0017,0.0097,0.0359,0.0006
2024-11-15,0.0018,0.0061,0.0191,0.0031
2024-11-16,0.0,0.0049,0.0221,0.0012
2024-11-17,0.001,0.0101,0.0664,0.002
2024-11-18,0.0006,0.0149,0.0258,0.0017
2024-11-19,0.0026,0.0357,0.0185,0.0019
2024-11-20,0.0019,0.0048,0.0276,0.0029
2024-11-21,0.0005,0.0064,0.0197,0.0034
2024-11-22,0.0026,0.0088,0.0177,0.0021
2024-11-23,0.0014,0.0054,0.0327,0.0007
2024-11-24,0.0027,0.0037,0.0347,0.0037
2024-11-25,0.0014,0.0069,0.0278,0.0042
2024-11-26,0.001,0.0067,0.0313,0.0034
2024-11-27,0.0005,0.015,0.0108,0.0033
2024-11-28,0.0014,0.0014,0.0217,0.0052
2024-11-29,0.0006,0.0045,0.0238,0.004
2024-11-30,0.0008,0.0093,0.0428,0.0031
2024-12-01,0.0,0.0038,0.0423,0.0038
2024-12-02,0.0012,0.0316,0.0173,0.0037
2024-12-03,0.001,0.0053,0.012,0.0034
2024-12-04,0.0021,0.0026,0.0159,0.0031
2024-12-05,0.0005,0.0019,0.0208,0.0038
2024-12-06,0.0006,0.0042,0.0275,0.003
2024-12-07,0.0023,0.0078,0.0196,0.0008
2024-12-08,0.0009,0.0086,0.0266,0.0026
2024-12-09,0.0023,0.0057,0.0227,0.0023
2024-12-10,0.0,0.0063,0.0255,0.0031
2024-12-11,0.0006,0.0041,0.0276,0.0018
2024-12-12,0.0011,0.0065,0.0216,0.0022
2024-12-13,0.0016,0.0031,0.0156,0.0062
2024-12-14,0.0014,0.0028,0.0253,0.0056
2024-12-15,0.0017,0.0068,0.0333,0.0026
2024-12-16,0.0012,0.0088,0.0283,0.01
2024-12-17,0.0035,0.0096,0.0264,0.001
2024-12-18,0.0012,0.0071,0.02,0.0046
2024-12-19,0.0,0.0587,0.0252,0.0058
2024-12-20,0.0035,0.0105,0.0193,0.0029
2024-12-21,0.0,0.013,0.0177,0.0084
2024-12-22,0.002,0.0357,0.048,0.001
2024-12-23,0.0018,0.0177,0.0719,0.0047
2024-12-24,0.003,0.0325,0.0695,0.0038
2024-12-25,0.0023,0.0125,0.0691,0.0011
2024-12-26,0.0049,0.1233,0.0666,0.0035
2024-12-27,0.0025,0.0719,0.0265,0.0038
2024-12-28,0.0028,0.0504,0.0523,0.0
2024-12-29,0.0048,0.0096,0.0565,0.0012
2024-12-30,0.0008,0.0112,0.0409,0.0032
2024-12-31,0.0025,0.059,0.0407,0.0071
2025-01-01,0.0009,0.0199,0.0688,0.0081
2025-01-02,0.0012,0.0084,0.0306,0.0036
2025-01-03,0.0012,0.0185,0.0226,0.0064
2025-01-04,0.0039,0.0137,0.0333,0.0049
2025-01-05,0.0011,0.0099,0.0385,0.0033
2025-01-06,0.0031,0.0063,0.0182,0.005
2025-01-07,0.004,0.0086,0.0212,0.004
2025-01-08,0.0017,0.0056,0.0214,0.0017
2025-01-09,0.0055,0.0281,0.0386,0.0039
2025-01-10,0.0013,0.0225,0.0245,0.0051
2025-01-11,0.0027,0.0073,0.0319,0.0036
2025-01-12,0.0028,0.0085,0.0324,0.0028
2025-01-13,0.0015,0.0114,0.0243,0.0015
2025-01-14,0.0016,0.0039,0.0275,0.0031
2025-01-15,0.0013,0.0166,0.0339,0.004
2025-01-16,0.0007,0.0123,0.0296,0.0036
2025-01-17,0.0026,0.0302,0.0276,0.0026
2025-01-18,0.0031,0.0474,0.0241,0.0
2025-01-19,0.0082,0.019,0.0317,0.0018
2025-01-20,0.0016,0.0229,0.0469,0.0011
2025-01-21,0.0019,0.032,0.0626,0.0028
2025-01-22,0.0021,0.0186,0.0468,0.0037
2025-01-23,0.0,0.0327,0.0322,0.002
2025-01-24,0.0048,0.0238,0.0253,0.0021
2025-01-25,0.0009,0.0471,0.0453,0.0009
2025-01-26,0.001,0.0157,0.0382,0.0
2025-01-27,0.0022,0.0087,0.0245,0.005
2025-01-28,0.0016,0.0126,0.0263,0.0032
2025-01-29,0.0018,0.0095,0.0214,0.0006
2025-01-30,0.0,0.0064,0.0242,0.0019
2025-01-31,0.0,0.0096,0.0269,0.0078
2025-02-01,0.0065,0.0043,0.0326,0.0033
2025-02-02,0.0063,0.0317,0.1259,0.0018
2025-02-03,0.0027,0.007,0.0301,0.0021
2025-02-04,0.0062,0.008,0.0197,0.0062
2025-02-05,0.0016,0.0075,0.0537,0.0032
2025-02-06,0.0015,0.0064,0.0213,0.0035
2025-02-07,0.0006,0.0019,0.0284,0.0038
2025-02-08,0.003,0.0038,0.0316,0.0038
2025-02-09,0.0052,0.0035,0.044,0.0086
2025-02-10,0.0036,0.0057,0.0313,0.0036
2025-02-11,0.0005,0.0115,0.0296,0.0033
2025-02-12,0.0016,0.0048,0.0194,0.0011
2025-02-13,0.0017,0.0143,0.038,0.011
2025-02-14,0.0012,0.0106,0.0366,0.0006
2025-02-15,0.0029,0.0123,0.0254,0.0014
2025-02-16,0.0024,0.0188,0.0361,0.0031
2025-02-17,0.0014,0.0057,0.0366,0.0093
2025-02-18,0.0046,0.0065,0.0398,0.0039
2025-02-19,0.0025,0.011,0.0511,0.0045
2025-02-20,0.0024,0.0068,0.0346,0.0029
2025-02-21,0.0017,0.0034,0.0315,0.0017
2025-02-22,0.0,0.0056,0.0343,0.0009
2025-02-23,0.0,0.006,0.0497,0.0009
2025-02-24,0.0007,0.0044,0.0163,0.0022
2025-02-25,0.0033,0.0022,0.0236,0.0027
2025-02-26,0.0,0.0038,0.0192,0.0049
2025-02-27,0.0017,0.004,0.0486,0.0023
2025-02-28,0.0012,0.0031,0.0229,0.0086
2025-03-01,0.0023,0.0008,0.0251,0.0046
2025-03-02,0.0053,0.003,0.0403,0.0046
2025-03-03,0.0,0.0023,0.0372,0.0046
2025-03-04,0.0006,0.0069,0.0138,0.005
2025-03-05,0.0011,0.0044,0.0232,0.0028
2025-03-06,0.0021,0.0059,0.0133,0.0154
2025-03-07,0.0036,0.0078,0.0157,0.012
2025-03-08,0.0046,0.0046,0.0202,0.0046
2025-03-09,0.0025,0.0059,0.0552,0.005
2025-03-10,0.0116,0.0039,0.0239,0.0039
2025-03-11,0.0105,0.0163,0.0152,0.0093
2025-03-12,0.0089,0.0417,0.03,0.0052
2025-03-13,0.008,0.0147,0.0202,0.0049
2025-03-14,0.0007,0.0042,0.016,0.007
2025-03-15,0.0033,0.3162,0.1265,0.0027
2025-03-16,0.0,0.5406,0.1654,0.0027
2025-03-17,0.0025,0.1307,0.0897,0.0025
2025-03-18,0.002,0.1034,0.0419,0.0
2025-03-19,0.002,0.0327,0.0314,0.0067
2025-03-20,0.0015,0.0385,0.0203,0.0046
2025-03-21,0.0006,0.0203,0.0162,0.0029
2025-03-22,0.0027,0.0234,0.0429,0.0013
2025-03-23,0.0182,0.0221,0.0652,0.001
2025-03-24,0.0065,0.0378,0.0527,0.0039
2025-03-25,0.001,0.0796,0.0825,0.0024
2025-03-26,0.0043,0.0237,0.0608,0.0027
2025-03-27,0.001,0.0506,0.0392,0.0041
2025-03-28,0.0026,0.0157,0.0251,0.0047
2025-03-29,0.0067,0.0616,0.0275,0.0022
2025-03-30,0.0023,0.0104,0.0265,0.0012
2025-03-31,0.0029,0.0099,0.0186,0.0052
2025-04-01,0.0052,0.0174,0.0197,0.0017
2025-04-02,0.0032,0.0175,0.0238,0.0042
2025-04-03,0.0032,0.0086,0.0216,0.0045
2025-04-04,0.0038,0.014,0.0237,0.0038
2025-04-05,0.0041,0.0108,0.0183,0.0054
2025-04-06,0.0059,0.0151,0.0303,0.0042
2025-04-07,0.0036,0.0269,0.032,0.0124
2025-04-08,0.0034,0.0148,0.0512,0.0063
2025-04-09,0.0035,0.0154,0.0258,0.0055
2025-04-10,0.0016,0.0111,0.0285,0.0048
2025-04-11,0.0048,0.0054,0.0222,0.0024
2025-04-12,0.0085,0.0351,0.0227,0.0028
2025-04-13,0.0026,0.0086,0.0216,0.0
2025-04-14,0.0,0.0071,0.0299,0.0047
2025-04-15,0.0006,0.0136,0.0384,0.0062
2025-04-16,0.0021,0.0108,0.0658,0.0026
2025-04-17,0.0015,0.0117,0.0259,0.0071
2025-04-18,0.0016,0.101,0.0448,0.0158
2025-04-19,0.0044,0.0498,0.035,0.0035
2025-04-20,0.0044,0.0316,0.065,0.0
2025-04-21,0.0028,0.0265,0.0265,0.0056
2025-04-22,0.0027,0.0206,0.0195,0.0065
2025-04-23,0.0024,0.0133,0.0302,0.0024
2025-04-24,0.0007,0.0167,0.0348,0.0051
2025-04-25,0.0011,0.0174,0.0283,0.0016
2025-04-26,0.3472,0.0078,0.0563,0.0029
2025-04-27,0.2374,0.0303,0.2175,0.0052
2025-04-28,0.0321,0.0446,0.0767,0.0056
2025-04-29,0.0092,0.0385,0.0565,0.0051
2025-04-30,0.0065,0.0237,0.0645,0.0006
2025-05-01,0.0012,0.0138,0.0397,0.0023
2025-05-02,0.0025,0.0113,0.0214,0.0006
2025-05-03,0.0,0.0233,0.04,0.0
2025-05-04,0.0138,0.0896,0.0646,0.0009
2025-05-05,0.0042,0.0494,0.0303,0.0018
2025-05-06,0.0028,0.0917,0.0282,0.0033
2025-05-07,0.0025,0.1579,0.0443,0.0029
2025-05-08,0.0005,0.0335,0.0346,0.0016
2025-05-09,0.0012,0.0188,0.0317,0.0064
2025-05-10,0.002,0.0143,0.0769,0.0039
2025-05-11,0.0052,0.0087,0.0385,0.0017
2025-05-12,0.0017,0.0799,0.0558,0.0
2025-05-13,0.0023,0.0192,0.0526,0.0051
2025-05-14,0.0021,0.0232,0.0359,0.0026
2025-05-15,0.0027,0.0112,0.038,0.0032
2025-05-16,0.0021,0.0079,0.0265,0.0043
2025-05-17,0.0,0.0195,0.0195,0.0021
2025-05-18,0.0028,0.0752,0.0504,0.0018
2025-05-19,0.0,0.0175,0.0175,0.003
2025-05-20,0.0015,0.0113,0.0241,0.0015
2025-05-21,0.0161,0.0067,0.0223,0.0021
2025-05-22,0.0012,0.0085,0.0159,0.0061
2025-05-23,0.0016,0.0062,0.0176,0.0021
2025-05-24,0.0022,0.0037,0.037,0.0074
2025-05-25,0.0025,0.0058,0.0381,0.005
2025-05-26,0.0009,0.0052,0.0234,0.0026
2025-05-27,0.0028,0.0042,0.0368,0.0056
2025-05-28,0.0005,0.007,0.0744,0.002
2025-05-29,0.0021,0.0059,0.0198,0.0038
2025-05-30,0.0006,0.0069,0.0156,0.004
2025-05-31,0.0011,0.0723,0.026,0.0023
2025-06-01,0.0,0.0073,0.0277,0.0029
2025-06-02,0.0015,0.0191,0.0232,0.0116
2025-06-03,0.0005,0.0036,0.0135,0.0016
2025-06-04,0.0026,0.0094,0.0203,0.0026
2025-06-05,0.0018,0.0124,0.0208,0.0035
2025-06-06,0.0015,0.0236,0.0342,0.003
2025-06-07,0.0013,0.0099,0.0172,0.0033
2025-06-08,0.0026,0.0176,0.0265,0.0026
2025-06-09,0.0015,0.0038,0.0128,0.003
2025-06-10,0.0,0.0245,0.0162,0.0021
2025-06-11,0.0527,0.0069,0.0212,0.0006
2025-06-12,0.0547,0.0026,0.0156,0.0061
2025-06-13,0.2213,0.0385,0.0307,0.0012
2025-06-14,0.228,0.0196,0.028,0.0
2025-07-02,0.0623,0.0045,0.0308,0.0045
2025-07-03,0.0238,0.0028,0.0346,0.0034
2025-07-04,0.0153,0.0018,0.0098,0.0043
2025-07-05,0.02,0.0056,0.0176,0.0048
2025-07-06,0.0273,0.0324,0.0239,0.0068
2025-07-07,0.0099,0.0961,0.1308,0.0044
2025-07-08,0.0088,0.0639,0.0602,0.0028
2025-07-09,0.0098,0.0605,0.0352,0.0007
2025-07-10,0.0056,0.0496,0.0229,0.0022
2025-07-11,0.0109,0.0291,0.0156,0.0042
2025-07-12,0.0074,0.0193,0.0223,0.0082
2025-07-13,0.0117,0.009,0.0234,0.0027
2025-07-14,0.0139,0.0178,0.0132,0.0046
2025-07-15,0.0106,0.0091,0.0167,0.0046
2025-07-16,0.0111,0.0206,0.0172,0.0044
2025-07-17,0.0058,0.0157,0.018,0.0058
2025-07-18,0.0145,0.0057,0.0104,0.0031
2025-07-19,0.0136,0.01,0.0158,0.0007
2025-07-20,0.0036,0.0027,0.0231,0.0018
2025-07-21,0.0073,0.0113,0.0226,0.0027
2025-07-22,0.0036,0.0073,0.0187,0.0059
2025-07-23,0.0054,0.0064,0.0274,0.0059
2025-07-24,0.0068,0.0041,0.0115,0.002
2025-07-25,0.0115,0.0063,0.019,0.0012
2025-07-26,0.0056,0.0032,0.032,0.004
2025-07-27,0.0022,0.0022,0.0362,0.0015
2025-07-28,0.0041,0.0092,0.0266,0.0028
2025-07-29,0.0046,0.0118,0.0272,0.0036
2025-07-30,0.0043,0.0048,0.0164,0.0014
2025-07-31,0.0039,0.0061,0.0198,0.0044
2025-08-01,0.0032,0.0051,0.0139,0.0051
2025-08-02,0.0023,0.0046,0.0167,0.0038
2025-08-03,0.0039,0.0136,0.0466,0.0019
2025-08-04,0.0261,0.0161,0.0409,0.0027
2025-08-05,0.0029,0.0052,0.0304,0.0043
2025-08-06,0.0035,0.0065,0.0334,0.0088
2025-08-07,0.0042,0.0058,0.0218,0.0037
2025-08-08,0.0018,0.0042,0.0458,0.003
2025-08-09,0.0027,0.0021,0.0233,0.0014
2025-08-10,0.0072,0.0081,0.0253,0.0036
2025-08-11,0.002,0.0066,0.0271,0.0066
2025-08-12,0.0038,0.0038,0.0413,0.0016
2025-08-13,0.0029,0.0044,0.0201,0.0025
2025-08-14,0.0027,0.0054,0.0256,0.0038
2025-08-15,0.002,0.0044,0.0229,0.0039
2025-08-16,0.0,0.0021,0.05,0.0021
2025-08-17,0.0039,0.0304,0.046,0.0016
2025-08-18,0.003,0.0091,0.0459,0.0036
2025-08-19,0.0017,0.0011,0.0332,0.0029
2025-08-20,0.0062,0.0011,0.0362,0.0028
2025-08-21,0.0072,0.0033,0.0555,0.0044
2025-08-22,0.0044,0.0033,0.0258,0.0077
2025-08-23,0.0009,0.0068,0.0316,0.0017
2025-08-24,0.003,0.0817,0.0393,0.0091
2025-08-25,0.0014,0.036,0.0298,0.0028
2025-08-26,0.0033,0.0016,0.019,0.0076
2025-08-27,0.0041,0.0078,0.0251,0.0018
2025-08-28,0.0039,0.0168,0.0398,0.0017
2025-08-29,0.0043,0.0085,0.0197,0.0016
2025-08-30,0.0037,0.1166,0.0251,0.0022
2025-08-31,0.0019,0.0608,0.0285,0.001
2025-09-01,0.0009,0.0495,0.0298,0.0051
2025-09-02,0.002,0.0026,0.0277,0.0013
2025-09-03,0.0023,0.0086,0.0195,0.0031
2025-09-04,0.0026,0.0084,0.0173,0.0047
2025-09-05,0.0047,0.0094,0.0146,0.0068
2025-09-06,0.0019,0.0045,0.0379,0.0019
2025-09-07,0.0035,0.0984,0.0319,0.0017
2025-09-08,0.0038,0.0121,0.0225,0.0038
2025-09-09,0.0035,0.0154,0.0233,0.0035
2025-09-10,0.0046,0.0064,0.0179,0.0012
2025-09-11,0.0026,0.0363,0.0112,0.0066
2025-09-12,0.0054,0.0206,0.0167,0.0025
2025-09-13,0.0007,0.0037,0.0205,0.0022
2025-09-14,0.0008,0.0024,0.0303,0.0032
2025-09-15,0.0026,0.0037,0.0199,0.0026
2025-09-16,0.0018,0.0053,0.0316,0.0012
2025-09-17,0.0013,0.0032,0.0294,0.0026
2025-09-18,0.005,0.0021,0.0538,0.0035
2025-09-19,0.0026,0.0036,0.0227,0.0026
2025-09-20,0.0014,0.0068,0.0376,0.0027
2025-09-21,0.0021,0.0035,0.0367,0.0028
2025-09-22,0.0006,0.0039,0.0255,0.0028
2025-09-23,0.0014,0.001,0.0321,0.0029
2025-09-24,0.005,0.0055,0.0256,0.0015
2025-09-25,0.0025,0.004,0.0166,0.003
2025-09-26,0.0029,0.0034,0.0249,0.0039
2025-09-27,0.002,0.01,0.0381,0.0013
2025-09-28,0.0057,0.0007,0.0334,0.0
2025-09-29,0.0044,0.0087,0.0175,0.0069
2025-09-30,0.0042,0.0083,0.025,0.0031
2025-10-01,0.0037,0.0022,0.0253,0.0075
2025-10-02,0.0024,0.0024,0.0262,0.0048
2025-10-03,0.0026,0.0077,0.0503,0.0052
2025-10-04,0.0043,0.0043,0.0634,0.0032
2025-10-05,0.0061,0.002,0.0385,0.001
2025-10-06,0.0032,0.0045,0.038,0.0006
2025-10-07,0.0081,0.0093,0.0286,0.0044
2025-10-08,0.0042,0.0021,0.017,0.0037
2025-10-09,0.0015,0.0095,0.0221,0.005
2025-10-10,0.0019,0.0061,0.021,0.0051
2025-10-11,0.0037,0.0067,0.0352,0.0037
2025-10-12,0.0054,0.007,0.0179,0.0016
2025-10-13,0.0022,0.0039,0.0117,0.0028
2025-10-14,0.0014,0.0028,0.0293,0.0038
2025-10-15,0.0,0.0008,0.0251,0.0046
2025-10-16,0.0005,0.0074,0.0265,0.0042
2025-10-17,0.0042,0.0068,0.021,0.0052
2025-10-18,0.0008,0.0055,0.0489,0.0008
2025-10-19,0.0,0.0046,0.0449,0.0061
2025-10-20,0.0012,0.0143,0.0461,0.0031
2025-10-21,0.002,0.0061,0.0245,0.0051
2025-10-22,0.0015,0.0083,0.0372,0.0026
2025-10-23,0.003,0.0074,0.0269,0.0039
2025-10-24,0.001,0.003,0.0175,0.003
2025-10-25,0.0006,0.0041,0.025,0.0046
2025-10-26,0.0021,0.0071,0.0379,0.0043
2025-10-27,0.002,0.0067,0.0301,0.0033
2025-10-28,0.0026,0.0194,0.0168,0.0065
2025-10-29,0.0032,0.0172,0.0199,0.0022
2025-10-30,0.0047,0.0071,0.0275,0.0057
2025-10-31,0.0,0.0031,0.0171,0.0128
2025-11-01,0.0013,0.0044,0.0488,0.0038
2025-11-02,0.0016,0.0049,0.0377,0.0016
2025-11-03,0.0,0.0075,0.0347,0.0015
2025-11-04,0.0006,0.0089,0.0395,0.0033
2025-11-05,0.0007,0.0063,0.0222,0.0035
2025-11-06,0.002,0.0049,0.0185,0.0034
2025-11-07,0.0017,0.0041,0.0174,0.0023
2025-11-08,0.0033,0.0059,0.0317,0.0013
2025-11-09,0.0007,0.008,0.0356,0.0457
2025-11-10,0.0008,0.0099,0.0514,0.0041
2025-11-11,0.0012,0.0081,0.0259,0.0017
2025-11-12,0.0044,0.0073,0.0219,0.0024
2025-11-13,0.0013,0.0038,0.0232,0.0006
2025-11-14,0.037,0.003,0.0162,0.001
2025-11-15,0.0328,0.0238,0.0375,0.0036
2025-11-16,0.0163,0.0069,0.0742,0.0025
2025-11-17,0.012,0.003,0.0299,0.0065
2025-11-18,0.0034,0.0029,0.02,0.0029
2025-11-19,0.0108,0.0058,0.0108,0.0051
2025-11-20,0.0039,0.0061,0.025,0.0028
2025-11-21,0.0022,0.0028,0.0279,0.0061
2025-11-22,0.0013,0.0032,0.0181,0.0104
2025-11-23,0.0015,0.003,0.0246,0.0149
2025-11-24,0.0016,0.0026,0.0195,0.0137
2025-11-25,0.0005,0.0049,0.029,0.0115
2025-11-26,0.0027,0.0038,0.0251,0.0175
2025-11-27,0.0008,0.0063,0.0173,0.0307
2025-11-28,0.0005,0.0016,0.0236,0.0704
2025-11-29,0.0026,0.0156,0.0352,0.0287
2025-11-30,0.0061,0.0034,0.0251,0.0366
2025-12-01,0.0047,0.002,0.0175,0.0282
2025-12-02,0.001,0.0031,0.0186,0.016
2025-12-03,0.0028,0.0056,0.021,0.0103
2025-12-04,0.0045,0.0084,0.0322,0.0071
2025-12-05,0.012,0.0064,0.0248,0.0128
2025-12-06,0.0,0.0,0.0,0.0
2025-12-07,0.0035,0.005,0.0156,0.0092
2025-12-08,0.005,0.0094,0.0193,0.0028
2025-12-09,0.0013,0.0063,0.0144,0.0006
2025-12-10,0.008,0.005,0.0179,0.004
2025-12-11,0.0983,0.0039,0.0173,0.0103
2025-12-12,0.0721,0.0016,0.016,0.0048
2025-12-13,0.0289,0.0067,0.0059,0.0059
2025-12-14,0.0081,0.0065,0.0339,0.0008
2025-12-15,0.0055,0.006,0.0214,0.006
2025-12-16,0.0056,0.003,0.0146,0.005
2025-12-17,0.0171,0.0048,0.0149,0.0022
2025-12-18,0.0344,0.0037,0.0172,0.0037
2025-12-19,0.019,0.009,0.021,0.006
2025-12-20,0.058,0.0037,0.0171,0.003
2025-12-21,0.1459,0.0094,0.0323,0.004
2025-12-22,0.0268,0.0056,0.0243,0.0044
2025-12-23,0.0164,0.0091,0.0278,0.0041
2025-12-24,0.0224,0.0059,0.032,0.0053
2025-12-25,0.0071,0.0085,0.0484,0.005
2025-12-26,0.0106,0.0156,0.0275,0.0038
2025-12-27,0.0109,0.0677,0.0466,0.0022
2025-12-28,0.0076,0.0526,0.0366,0.003
2025-12-29,0.0045,0.0357,0.0221,0.004
2025-12-30,0.0039,0.0175,0.0349,0.0045
2025-12-31,0.0157,0.0258,0.0292,0.0028
2026-01-01,0.0145,0.0166,0.0261,0.0029
2026-01-02,0.0055,0.0152,0.02,0.0061
2026-01-03,0.0128,0.0175,0.0183,0.004
2026-01-04,0.0158,0.0103,0.0222,0.004
2026-01-05,0.0149,0.0193,0.026,0.0088
2026-01-06,0.008,0.0138,0.0218,0.0029
2026-01-07,0.0634,0.0067,0.0292,0.009
2026-01-08,0.0684,0.0096,0.016,0.0091
2026-01-09,0.0268,0.005,0.0196,0.0045
2026-01-10,0.0111,0.0111,0.0222,0.0049
2026-01-11,0.0073,0.013,0.0374,0.0016
2026-01-12,0.018,0.0116,0.0232,0.0045
2026-01-13,0.0223,0.0088,0.0261,0.0033
2026-01-14,0.0311,0.0073,0.026,0.0047
2026-01-15,0.0344,0.013,0.0349,0.0026
2026-01-16,0.0278,0.0149,0.0375,0.0032
2026-01-17,0.0073,0.0045,0.0227,0.0073
2026-01-18,0.0078,0.0097,0.035,0.0039
2026-01-19,0.0081,0.0041,0.0244,0.0253
2026-01-20,0.0057,0.0063,0.0194,0.0611
2026-01-21,0.0097,0.0079,0.0352,0.071
2026-01-22,0.0064,0.0099,0.0338,0.0128
2026-01-23,0.0089,0.0018,0.0294,0.0187
2026-01-24,0.0061,0.0023,0.0372,0.0061
2026-01-25,0.0075,0.0122,0.0413,0.0028
2026-01-26,0.0097,0.0066,0.0218,0.0085
2026-01-27,0.0204,0.0047,0.0228,0.0063
2026-01-28,0.0426,0.0019,0.0116,0.0052
2026-01-29,0.071,0.0058,0.029,0.0071
2026-01-30,0.0882,0.0022,0.0331,0.0037
2026-01-31,0.1826,0.0068,0.0135,0.0023
2026-02-01,0.284,0.0106,0.0266,0.0027
2026-02-02,0.0847,0.003,0.0189,0.0023
2026-02-03,0.1124,0.0091,0.0215,0.0041
2026-02-04,0.1667,0.008,0.0365,0.006
2026-02-05,0.0654,0.0039,0.0241,0.0062
2026-02-06,0.1277,0.0039,0.0087,0.0055
2026-02-07,0.0435,0.0036,0.0203,0.0014
2026-02-08,0.0271,0.0068,0.05,0.0051
2026-02-09,0.0386,0.0058,0.0277,0.0051
2026-02-10,0.0555,0.0044,0.019,0.0051
2026-02-11,0.0553,0.0048,0.0318,0.0035
2026-02-12,0.0335,0.0067,0.0358,0.0037
2026-02-13,0.0554,0.0065,0.0432,0.009
2026-02-14,0.0421,0.0054,0.0252,0.0023
2026-02-15,0.0092,0.005,0.0208,0.0067
2026-02-16,0.0841,0.0068,0.0195,0.0038
2026-02-17,0.3209,0.0057,0.0433,0.0024
2026-02-18,0.1487,0.0081,0.0284,0.0
2026-02-19,0.2541,0.003,0.0105,0.0037
2026-02-20,0.1873,0.0053,0.035,0.0038
2026-02-21,0.0809,0.0058,0.0125,0.0017
2026-02-22,0.0743,0.0137,0.0251,0.0034
2026-02-23,0.065,0.0043,0.0171,0.0043
2026-02-24,0.0451,0.0054,0.0298,0.0008
2026-02-25,0.0343,0.007,0.0273,0.0047
2026-02-26,0.14,0.0062,0.0213,0.0039
2026-02-27,0.0729,0.0053,0.0228,0.003
2026-02-28,2.155,0.8722,0.0,0.0
2026-03-01,1.8212,0.1731,0.157,0.004
2026-03-02,1.9376,0.0672,0.1831,0.0034
2026-03-03,1.9248,0.0337,0.1166,0.0069
2026-03-04,1.7397,0.038,0.1129,0.0063
2026-03-05,1.3885,0.0624,0.114,0.0074
2026-03-06,1.2614,0.0242,0.0667,0.0165
2026-03-07,1.3927,0.0171,0.0935,0.0016
2026-03-08,1.3407,0.018,0.0841,0.0069
2026-03-09,2.1699,0.0132,0.0671,0.0038
2026-03-10,2.6937,0.0202,0.0448,0.0082
2026-03-11,2.2781,0.0191,0.0381,0.0095
2026-03-12,2.7646,0.0349,0.0501,0.0041
2026-03-13,2.5014,0.0261,0.0556,0.0111
2026-03-14,2.7473,0.0256,0.0578,0.0074
2026-03-15,2.7064,0.0591,0.0715,0.0095
2026-03-16,3.1457,0.0391,0.0413,0.0065
2026-03-17,2.4057,0.0192,0.0575,0.0161
2026-03-18,2.3761,0.0194,0.0329,0.0187
2026-03-19,2.2917,0.0294,0.0294,0.0122
2026-03-20,2.1207,0.0188,0.0493,0.0078
2026-03-21,2.6668,0.0265,0.0285,0.0059
2026-03-22,2.8637,0.0273,0.0634,0.0117
2026-03-23,3.0467,0.0224,0.0399,0.0091
2026-03-24,2.0182,0.0163,0.0428,0.018
2026-03-25,2.2432,0.04,0.04,0.008
2026-03-26,2.2974,0.0907,0.0818,0.0071
2026-03-27,2.3442,0.0375,0.0382,0.015
2026-03-28,2.1402,0.1981,0.1237,0.009
2026-03-29,2.3375,0.722,0.4232,0.0083
2026-03-30,1.99,0.2154,0.0949,0.0089
2026-03-31,2.4715,0.061,0.0751,0.0107
2026-04-01,2.7595,0.0371,0.1031,0.0076
2026-04-02,3.0375,0.0536,0.0364,0.0066
2026-04-03,2.506,0.0267,0.0386,0.0052
2026-04-04,2.287,0.213,0.0583,0.0053
2026-04-05,2.954,0.3032,0.1855,0.0083
2026-04-06,3.5444,0.182,0.1738,0.0081
2026-04-07,3.2341,0.0444,0.0444,0.0052
2026-04-08,5.1782,0.0282,0.0522,0.0172
2026-04-09,3.3441,0.0119,0.0572,0.0138
2026-04-10,2.5586,0.0198,0.0389,0.0163
2026-04-11,2.6614,0.022,0.0313,0.0068
2026-04-12,3.8038,0.0197,0.054,0.0052
2026-04-13,3.4933,0.083,0.1026,0.0098
2026-04-14,2.8168,0.0392,0.0627,0.0274
2026-04-15,2.2179,0.03,0.0629,0.0188
2026-04-16,2.0206,0.0219,0.058,0.0492
2026-04-17,2.5014,0.0253,0.038,0.0161
2026-04-18,3.1232,0.0152,0.0484,0.0085
2026-04-19,2.8854,0.0502,0.1045,0.0184
2026-04-20,2.5361,0.0342,0.0367,0.0206
2026-04-21,1.9405,0.0216,0.0321,0.0187
2026-04-22,1.9546,0.0178,0.0225,0.0219
2026-04-23,1.9431,0.0135,0.0451,0.04
2026-04-24,1.7762,0.021,0.0446,0.0521
2026-04-25,1.7299,0.0236,0.0762,0.0196
2026-04-26,1.1659,0.0121,0.0288,0.013
2026-04-27,1.5727,0.0316,0.0329,0.0204
2026-04-28,1.6462,0.0196,0.0362,0.0174
2026-04-29,1.7554,0.006,0.0567,0.0155
2026-04-30,1.6341,0.013,0.0475,0.0079
2026-05-01,1.8869,0.0176,0.0422,0.0097
2026-05-02,1.6692,0.0121,0.0379,0.0212
2026-05-03,1.8768,0.0132,0.0467,0.0353
2026-05-04,2.6211,0.0136,0.044,0.0174
2026-05-05,2.218,0.0094,0.0336,0.0087
2026-05-06,2.188,0.0111,0.0537,0.0083
2026-05-07,1.6522,0.0099,0.0641,0.0088
2026-05-08,1.7358,0.0066,0.0304,0.0101
2026-05-09,1.2804,0.0023,0.0263,0.0345
2026-05-10,1.7693,0.0161,0.0412,0.0107
2026-05-11,1.805,0.0111,0.041,0.0065
2026-05-12,1.7708,0.0068,0.0267,0.0118
2026-05-13,1.4319,0.0106,0.0187,0.0087
2026-05-14,1.3831,0.0082,0.0178,0.0051
2026-05-15,1.5415,0.0097,0.0181,0.0065
2026-05-16,1.0797,0.013,0.0608,0.0062
2026-05-17,1.0786,0.0093,0.0419,0.0112
2026-05-18,1.1506,0.008,0.019,0.007
2026-05-19,1.1939,0.014,0.021,0.007
2026-05-20,1.15,0.0087,0.0208,0.0108
2026-05-21,1.0081,0.0056,0.036,0.0056
2026-05-22,1.2039,0.0033,0.0262,0.005
2026-05-23,1.466,0.0141,0.0227,0.0039
2026-05-24,2.0562,0.0079,0.0526,0.0069
2026-05-25,1.5435,0.0022,0.0163,0.0104
2026-05-26,1.2864,0.0046,0.0098,0.0059
2026-05-27,1.1296,0.0067,0.0094,0.0078
2026-05-28,1.4331,0.0027,0.0107,0.0107
2026-05-29,1.2527,0.0035,0.0084,0.0049
2026-05-30,1.0365,0.0054,0.0215,0.0183
2026-05-31,1.0058,0.0119,0.0313,0.0032
2026-06-01,1.2852,0.1033,0.0407,0.0056
2026-06-02,0.9458,0.0984,0.0815,0.0071
2026-06-03,1.1514,0.0222,0.0261,0.0045
2026-06-04,0.8806,0.0131,0.0215,0.0084
2026-06-05,0.6145,0.0105,0.0349,0.0059
2026-06-06,1.0434,0.0243,0.0223,0.0136
2026-06-07,1.0857,0.007,0.0233,0.0524
2026-06-08,0.9553,0.1856,0.0819,0.0106
2026-06-09,1.1767,0.0301,0.057,0.0064
2026-06-10,1.6193,0.0176,0.0545,0.0079
2026-06-11,1.8202,0.0175,0.0257,0.0099
2026-06-12,1.3209,0.0125,0.015,0.0031
2026-06-13,1.4834,0.0128,0.0265,0.006
2026-06-14,1.5127,0.0193,0.0219,0.009
2026-06-15,2.8693,0.0039,0.0443,0.0058
2026-06-16,1.661,0.0123,0.0409,0.0123
2026-06-17,1.9594,0.0156,0.0275,0.0057
2026-06-18,2.12,0.0082,0.053,0.0093
2026-06-19,1.5655,0.0078,0.0272,0.0052
2026-06-20,1.5962,0.0057,0.0388,0.0
2026-06-21,2.3039,0.0121,0.0317,0.0112
2026-06-22,1.6492,0.0073,0.022,0.0073
2026-06-23,1.1446,0.0044,0.0322,0.0261
2026-06-24,1.03,0.0079,0.0145,0.0119
2026-06-25,1.0445,0.0065,0.0182,0.0076
2026-06-26,0.9188,0.0081,0.0458,0.0199
2026-06-27,1.2883,0.0046,0.016,0.0099
2026-06-28,1.3726,0.0091,0.0533,0.0046
2026-06-29,1.2149,0.0033,0.0334,0.0058
2026-06-30,0.7623,0.0043,0.0293,0.0034
2026-07-05,0.8146,0.0293,0.0474,
2026-07-06,0.6155,0.0079,0.0274,
2026-07-07,1.1169,0.0041,0.0231,
2026-07-08,2.5924,0.0089,0.0405,
2026-07-09,1.6264,0.0175,0.0181,
2026-07-10,0.9907,0.0091,0.0098,
2026-07-11,1.116,0.0078,0.0208,
2026-07-12,2.0597,0.0036,0.0243,
2026-07-13,1.9261,0.033,0.022,
2026-07-14,2.2163,0.0477,0.0271,
2026-07-15,1.4858,0.1138,0.0765,
2026-07-16,1.3359,0.1444,0.0293,
2026-07-17,1.1299,0.0694,0.0356,
2026-07-18,1.2509,0.0362,0.0499,
2026-07-19,1.3427,0.0302,0.0413,0.0333
2026-07-20,1.5347,0.1326,0.0702,0.0185
2026-07-21,1.269,0.2618,0.0752,0.0103
2026-07-22,1.2413,0.2907,0.1372,0.0095
2026-07-23,1.1514,0.3881,0.2026,0.0061
2026-07-24,1.0769,0.4977,0.2577,0.0356
2026-07-25,0.8366,0.2991,0.1506,0.0043
2026-07-26,1.2247,0.2328,0.1802,0.0051
2026-07-27,0.8266,0.2787,0.0392,0.0087
2026-07-28,0.7114,0.1087,0.0383,0.0352
2026-07-29,0.9692,0.2221,0.042,0.0259
2026-07-30,1.0288,0.2262,0.1027,0.0297
2026-07-31,0.539,0.1127,0.0867,0.0047
2026-08-01,1.5748,0.3375,0.1687,0.0
2026-08-02,1.0351,0.4815,0.3611,0.0
2026-08-03,1.4188,0.076,0.0,0.0507
2026-08-04,0.9615,0.1154,0.0769,0.0192
2026-08-05,1.2308,0.1399,0.0839,0.014
2026-08-06,1.0101,0.0691,0.0402,0.0075
2026-08-07,0.7536,0.1051,0.0314,0.0051
2026-08-08,1.0266,0.0576,0.0279,0.0087
2026-08-09,0.9971,0.1222,0.0601,0.0097
2026-08-10,1.1583,0.1919,0.0616,0.0043
2026-08-11,0.8739,0.1296,0.0458,0.0099
2026-08-12,0.7468,0.1865,0.0562,0.01
2026-08-13,0.6659,0.0789,0.0639,0.0245
2026-08-14,0.849,0.0633,0.0216,0.0715
2026-08-15,0.8711,0.0499,0.0314,0.0259
2026-08-16,0.7991,0.0607,0.0491,0.0058
2026-08-17,1.0413,0.0912,0.0456,0.0129
2026-08-18,1.048,0.0964,0.039,0.013
2026-08-19,0.7855,0.0533,0.047,0.007
2026-08-20,0.6588,0.0454,0.0314,0.0081
2026-08-21,0.6222,0.0348,0.0261,0.0124
2026-08-22,0.6565,0.0692,0.0702,0.0081
2026-08-23,0.6436,0.0204,0.0656,0.0045
2026-08-24,0.8813,0.0382,0.0493,0.0102
2026-08-25,0.845,0.0257,0.0386,0.0151
2026-08-26,0.7012,0.0206,0.0295,0.0056
2026-08-27,0.5628,0.0168,0.022,0.0023
2026-08-28,0.7132,0.0,0.0,0.0
