date,india,indonesia,pakistan,vietnam
2017-01-01,0.0881,0.0612,0.0381,0.0093
2017-01-02,0.107,0.0221,0.038,0.0084
2017-01-03,0.0311,0.0164,0.0189,0.0096
2017-01-04,0.0315,0.0061,0.0182,0.0092
2017-01-05,0.0361,0.0058,0.0252,0.012
2017-01-06,0.0192,0.0053,0.0206,0.0077
2017-01-07,0.0202,0.0038,0.0169,0.01
2017-01-08,0.0327,0.0025,0.0432,0.0057
2017-01-09,0.0253,0.0103,0.0238,0.0077
2017-01-10,0.0306,0.0103,0.0312,0.0278
2017-01-11,0.0201,0.015,0.0177,0.0123
2017-01-12,0.0194,0.0056,0.0141,0.0078
2017-01-13,0.0267,0.0045,0.0246,0.0105
2017-01-14,0.0301,0.0043,0.0279,0.0072
2017-01-15,0.0416,0.0113,0.0297,0.0122
2017-01-16,0.0609,0.0072,0.0266,0.0162
2017-01-17,0.0613,0.0058,0.0328,0.0163
2017-01-18,0.0408,0.0053,0.019,0.0165
2017-01-19,0.0363,0.0084,0.015,0.0224
2017-01-20,0.0669,0.0071,0.0275,0.0227
2017-01-21,0.0429,0.0088,0.0527,0.0184
2017-01-22,0.0388,0.0053,0.0288,0.0177
2017-01-23,0.0306,0.0084,0.0212,0.0223
2017-01-24,0.0403,0.0103,0.0127,0.0237
2017-01-25,0.0261,0.0077,0.0118,0.0613
2017-01-26,0.0259,0.0042,0.0127,0.0305
2017-01-27,0.0391,0.0054,0.0138,0.0212
2017-01-28,0.03,0.0063,0.0387,0.0467
2017-01-29,0.0305,0.0089,0.0628,0.0167
2017-01-30,0.0209,0.0052,0.0177,0.0155
2017-01-31,0.0253,0.006,0.0155,0.008
2017-02-01,0.0293,0.0041,0.0183,0.0085
2017-02-02,0.0238,0.0049,0.0104,0.0099
2017-02-03,0.0263,0.0044,0.0292,0.0153
2017-02-04,0.0272,0.0022,0.0137,0.0122
2017-02-05,0.0376,0.0055,0.0268,0.0102
2017-02-06,0.0297,0.0069,0.0141,0.0142
2017-02-07,0.0272,0.0072,0.0209,0.0268
2017-02-08,0.022,0.0064,0.0185,0.0215
2017-02-09,0.0277,0.0126,0.0183,0.0143
2017-02-10,0.0184,0.0054,0.0129,0.0184
2017-02-11,0.0247,0.0026,0.0125,0.0118
2017-02-12,0.0245,0.005,0.0148,0.0096
2017-02-13,0.0272,0.0089,0.0198,0.017
2017-02-14,0.031,0.0064,0.0154,0.0126
2017-02-15,0.0539,0.0074,0.0222,0.0162
2017-02-16,0.0541,0.0052,0.0168,0.0103
2017-02-17,0.0267,0.0036,0.0202,0.0103
2017-02-18,0.0403,0.0038,0.0267,0.0079
2017-02-19,0.0315,0.0063,0.0191,0.0134
2017-02-20,0.0267,0.0049,0.0138,0.0223
2017-02-21,0.0324,0.0047,0.0161,0.0874
2017-02-22,0.0213,0.0054,0.0099,0.0335
2017-02-23,0.0156,0.0024,0.0177,0.0077
2017-02-24,0.0165,0.0024,0.0171,0.0111
2017-02-25,0.019,0.0033,0.0141,0.0071
2017-02-26,0.0167,0.0024,0.0157,0.01
2017-02-27,0.0186,0.0062,0.0091,0.0066
2017-02-28,0.0188,0.0038,0.0113,0.0066
2017-03-01,0.0167,0.0068,0.013,0.0075
2017-03-02,0.0249,0.0049,0.0482,0.0063
2017-03-03,0.0264,0.0034,0.0177,0.004
2017-03-04,0.0262,0.0013,0.0129,0.0022
2017-03-05,0.0219,0.0031,0.0157,0.0046
2017-03-06,0.021,0.0023,0.0139,0.0081
2017-03-07,0.0239,0.0062,0.0115,0.0072
2017-03-08,0.0162,0.0035,0.0156,0.0041
2017-03-09,0.021,0.0131,0.0111,0.0047
2017-03-10,0.0159,0.0087,0.0178,0.0056
2017-03-11,0.0291,0.0081,0.0195,0.0062
2017-03-12,0.0199,0.0052,0.0274,0.009
2017-03-13,0.0134,0.0053,0.012,0.0068
2017-03-14,0.0106,0.0025,0.0093,0.0046
2017-03-15,0.0163,0.0036,0.0292,0.0113
2017-03-16,0.0212,0.0027,0.0475,0.0102
2017-03-17,0.0177,0.0135,0.0363,0.0056
2017-03-18,0.0186,0.0103,0.0145,0.0071
2017-03-19,0.0434,0.0087,0.0282,0.0063
2017-03-20,0.0271,0.0055,0.0154,0.0076
2017-03-21,0.0236,0.0044,0.0193,0.0037
2017-03-22,0.0218,0.0042,0.008,0.0049
2017-03-23,0.0196,0.0048,0.0098,0.004
2017-03-24,0.0195,0.0038,0.0134,0.005
2017-03-25,0.016,0.0043,0.0117,0.0059
2017-03-26,0.0173,0.0033,0.0213,0.0093
2017-03-27,0.013,0.0013,0.0134,0.0042
2017-03-28,0.0182,0.0026,0.0178,0.0047
2017-03-29,0.0105,0.0024,0.021,0.008
2017-03-30,0.0139,0.002,0.0304,0.0247
2017-03-31,0.0349,0.0024,0.0218,0.0045
2017-04-01,0.0278,0.0073,0.0169,0.0096
2017-04-02,0.0217,0.0042,0.018,0.0053
2017-04-03,0.0161,0.0031,0.0145,0.008
2017-04-04,0.0233,0.0095,0.0111,0.0062
2017-04-05,0.0168,0.0043,0.011,0.0057
2017-04-06,0.019,0.0053,0.0084,0.0108
2017-04-07,0.0161,0.0038,0.0122,0.0091
2017-04-08,0.0241,0.003,0.0132,0.0058
2017-04-09,0.0256,0.0045,0.0213,0.0064
2017-04-10,0.0282,0.0071,0.0224,0.0063
2017-04-11,0.0293,0.0156,0.022,0.0058
2017-04-12,0.0493,0.0536,0.0134,0.0088
2017-04-13,0.0293,0.0073,0.0139,0.0098
2017-04-14,0.0243,0.0114,0.0895,0.0114
2017-04-15,0.0323,0.0079,0.0606,0.012
2017-04-16,0.0198,0.0035,0.0233,0.009
2017-04-17,0.0337,0.0047,0.0263,0.0152
2017-04-18,0.0251,0.0043,0.0196,0.0083
2017-04-19,0.0472,0.005,0.0157,0.0046
2017-04-20,0.0217,0.0044,0.0094,0.0048
2017-04-21,0.0713,0.0038,0.0132,0.0063
2017-04-22,0.0149,0.0048,0.0142,0.0068
2017-04-23,0.0191,0.0044,0.0392,0.0058
2017-04-24,0.04,0.0031,0.0706,0.0049
2017-04-25,0.0298,0.0057,0.0226,0.0074
2017-04-26,0.0352,0.0059,0.0134,0.0084
2017-04-27,0.028,0.0024,0.0299,0.0063
2017-04-28,0.0247,0.0033,0.0251,0.0053
2017-04-29,0.0381,0.0016,0.0144,0.0205
2017-04-30,0.025,0.0035,0.0154,0.0087
2017-05-01,0.025,0.003,0.0135,0.0047
2017-05-02,0.045,0.0039,0.0259,0.0069
2017-05-03,0.0224,0.0061,0.0098,0.0119
2017-05-04,0.0137,0.0078,0.0116,0.0054
2017-05-05,0.0166,0.0017,0.0252,0.0057
2017-05-06,0.0136,0.0044,0.0421,0.0061
2017-05-07,0.0206,0.0021,0.0213,0.0082
2017-05-08,0.0275,0.0031,0.0277,0.0068
2017-05-09,0.0243,0.003,0.0251,0.0032
2017-05-10,0.0144,0.0019,0.0115,0.0044
2017-05-11,0.0215,0.0025,0.0162,0.0071
2017-05-12,0.0353,0.0087,0.038,0.0052
2017-05-13,0.0231,0.0058,0.024,0.0035
2017-05-14,0.0439,0.0043,0.0252,0.004
2017-05-15,0.0217,0.0043,0.0209,0.0035
2017-05-16,0.0389,0.0136,0.0134,0.0126
2017-05-17,0.0205,0.0059,0.0137,0.0059
2017-05-18,0.0118,0.0028,0.0118,0.0031
2017-05-19,0.0188,0.0037,0.0168,0.0404
2017-05-20,0.0258,0.0235,0.0142,0.0161
2017-05-21,0.032,0.0023,0.0166,0.0086
2017-05-22,0.025,0.007,0.0129,0.0084
2017-05-23,0.0341,0.0096,0.0212,0.0052
2017-05-24,0.0433,0.0108,0.0285,0.0096
2017-05-25,0.04,0.0219,0.0375,0.0093
2017-05-26,0.0247,0.0512,0.0168,0.008
2017-05-27,0.0229,0.0168,0.0225,0.0321
2017-05-28,0.0303,0.0245,0.0312,0.0143
2017-05-29,0.0322,0.0756,0.039,0.0088
2017-05-30,0.0189,0.0644,0.0126,0.0097
2017-05-31,0.0298,0.0162,0.0733,0.0074
2017-06-01,0.0324,0.0271,0.0236,0.007
2017-06-02,0.0328,0.0115,0.0215,0.0072
2017-06-03,0.0438,0.0246,0.0321,0.0086
2017-06-04,0.0344,0.0216,0.0296,0.0084
2017-06-05,0.0435,0.0223,0.0246,0.0064
2017-06-06,0.0372,0.0092,0.0551,0.005
2017-06-07,0.0347,0.0145,0.0277,0.0071
2017-06-08,0.022,0.0103,0.0251,0.0069
2017-06-09,0.0184,0.0064,0.0232,0.0023
2017-06-10,0.02,0.0067,0.0147,0.0025
2017-06-11,0.0643,0.0302,0.0467,0.0033
2017-06-12,0.0225,0.0122,0.0135,0.0065
2017-06-13,0.0241,0.0076,0.0177,0.0218
2017-06-14,0.0221,0.007,0.0203,0.006
2017-06-15,0.0274,0.0063,0.0207,0.0054
2017-06-16,0.0911,0.0077,0.0839,0.0035
2017-06-17,0.0311,0.0168,0.0238,0.0027
2017-06-18,0.0195,0.0393,0.018,0.005
2017-06-19,0.0252,0.0199,0.0239,0.0062
2017-06-20,0.0284,0.01,0.0387,0.0094
2017-06-21,0.0174,0.0117,0.0176,0.0042
2017-06-22,0.0304,0.0068,0.0224,0.0098
2017-06-23,0.0817,0.0261,0.1207,0.0036
2017-06-24,0.0441,0.0257,0.1117,0.0045
2017-06-25,0.026,0.0228,0.036,0.0078
2017-06-26,0.0229,0.0211,0.0196,0.0094
2017-06-27,0.0363,0.0054,0.0281,0.0108
2017-06-28,0.0373,0.0041,0.0141,0.0099
2017-06-29,0.0336,0.0124,0.0204,0.0174
2017-06-30,0.0273,0.006,0.0188,0.016
2017-07-01,0.032,0.0136,0.0222,0.0136
2017-07-02,0.0247,0.0137,0.0207,0.0191
2017-07-03,0.0307,0.009,0.016,0.0149
2017-07-04,0.045,0.0052,0.0211,0.0222
2017-07-05,0.0416,0.0047,0.0291,0.0146
2017-07-06,0.0536,0.0057,0.0215,0.0109
2017-07-07,0.0994,0.0659,0.0189,0.0726
2017-07-08,0.0389,0.0062,0.026,0.0146
2017-07-09,0.0374,0.0072,0.026,0.0109
2017-07-10,0.0329,0.0051,0.0271,0.0081
2017-07-11,0.0477,0.0061,0.0396,0.008
2017-07-12,0.0294,0.0089,0.0296,0.0113
2017-07-13,0.0273,0.0029,0.0251,0.0074
2017-07-14,0.0334,0.0041,0.0263,0.0106
2017-07-15,0.0474,0.012,0.0288,0.0147
2017-07-16,0.0343,0.0041,0.019,0.007
2017-07-17,0.0361,0.0079,0.0229,0.005
2017-07-18,0.0372,0.0045,0.0205,0.005
2017-07-19,0.0471,0.0121,0.0311,0.0105
2017-07-20,0.0553,0.0038,0.0298,0.0079
2017-07-21,0.0432,0.0081,0.0332,0.0087
2017-07-22,0.045,0.0154,0.0333,0.0087
2017-07-23,0.0382,0.0191,0.0245,0.0087
2017-07-24,0.0473,0.0086,0.0375,0.0108
2017-07-25,0.0331,0.0052,0.0235,0.0046
2017-07-26,0.0298,0.0056,0.0229,0.0077
2017-07-27,0.0339,0.0072,0.0228,0.0064
2017-07-28,0.0773,0.0089,0.0446,0.0066
2017-07-29,0.0381,0.0075,0.0459,0.0075
2017-07-30,0.0393,0.0038,0.0328,0.0048
2017-07-31,0.0347,0.0033,0.0192,0.0097
2017-08-01,0.0457,0.0043,0.0359,0.0067
2017-08-02,0.0272,0.0074,0.0243,0.0174
2017-08-03,0.0479,0.0049,0.0334,0.0111
2017-08-04,0.0661,0.0063,0.0198,0.0088
2017-08-05,0.0622,0.004,0.0259,0.0098
2017-08-06,0.0421,0.0075,0.0302,0.0185
2017-08-07,0.0362,0.0092,0.0201,0.0157
2017-08-08,0.043,0.0068,0.027,0.0247
2017-08-09,0.0569,0.0105,0.0234,0.0146
2017-08-10,0.0412,0.0116,0.0272,0.0157
2017-08-11,0.0542,0.0031,0.0376,0.0149
2017-08-12,0.0621,0.0027,0.0731,0.0186
2017-08-13,0.05,0.0039,0.0511,0.0191
2017-08-14,0.0596,0.0073,0.0345,0.0164
2017-08-15,0.047,0.0078,0.0247,0.0195
2017-08-16,0.046,0.0045,0.0222,0.0084
2017-08-17,0.0513,0.0061,0.0276,0.008
2017-08-18,0.071,0.0063,0.0571,0.0093
2017-08-19,0.0647,0.028,0.0462,0.0071
2017-08-20,0.0424,0.0084,0.0357,0.0176
2017-08-21,0.0572,0.0144,0.0477,0.0142
2017-08-22,0.087,0.0043,0.1879,0.0121
2017-08-23,0.0492,0.0074,0.0797,0.0129
2017-08-24,0.0892,0.0075,0.0892,0.0211
2017-08-25,0.036,0.0058,0.0215,0.0082
2017-08-26,0.039,0.0044,0.0294,0.0055
2017-08-27,0.0498,0.0167,0.0431,0.0073
2017-08-28,0.0659,0.009,0.0344,0.012
2017-08-29,0.0706,0.0094,0.0249,0.0094
2017-08-30,0.0496,0.0095,0.0257,0.0054
2017-08-31,0.043,0.0063,0.025,0.0088
2017-09-01,0.0373,0.0041,0.0178,0.015
2017-09-02,0.0325,0.0038,0.0158,0.0098
2017-09-03,0.1759,0.0202,0.0862,0.0069
2017-09-04,0.1672,0.0108,0.0605,0.0088
2017-09-05,0.0679,0.008,0.0208,0.0097
2017-09-06,0.032,0.0542,0.0259,0.0086
2017-09-07,0.0328,0.006,0.0175,0.0112
2017-09-08,0.0216,0.0074,0.0173,0.0125
2017-09-09,0.0319,0.0098,0.0242,0.0081
2017-09-10,0.0348,0.0158,0.0156,0.0139
2017-09-11,0.0303,0.0128,0.0362,0.0068
2017-09-12,0.0311,0.0056,0.0143,0.007
2017-09-13,0.0266,0.0162,0.023,0.0054
2017-09-14,0.0425,0.007,0.0164,0.0092
2017-09-15,0.0514,0.0051,0.0176,0.0155
2017-09-16,0.0381,0.0037,0.0174,0.0059
2017-09-17,0.0542,0.0032,0.0221,0.007
2017-09-18,0.0379,0.0067,0.0173,0.0094
2017-09-19,0.0262,0.0064,0.0137,0.008
2017-09-20,0.0231,0.004,0.0152,0.0079
2017-09-21,0.0411,0.0049,0.0285,0.0123
2017-09-22,0.036,0.0038,0.0192,0.0056
2017-09-23,0.023,0.0034,0.0131,0.0061
2017-09-24,0.0318,0.0055,0.0242,0.0078
2017-09-25,0.0242,0.0048,0.0141,0.0072
2017-09-26,0.025,0.0043,0.0207,0.0061
2017-09-27,0.0517,0.0058,0.0211,0.01
2017-09-28,0.0248,0.0038,0.0129,0.0075
2017-09-29,0.0271,0.0035,0.0129,0.0281
2017-09-30,0.0296,0.0041,0.0173,0.0077
2017-10-01,0.0256,0.002,0.0146,0.0115
2017-10-02,0.0124,0.0038,0.0105,0.0048
2017-10-03,0.0131,0.003,0.0275,0.005
2017-10-04,0.019,0.0037,0.0134,0.0165
2017-10-05,0.0177,0.0027,0.0338,0.0093
2017-10-06,0.0207,0.0064,0.021,0.0071
2017-10-07,0.0284,0.0075,0.1087,0.0118
2017-10-08,0.0191,0.0015,0.0322,0.0062
2017-10-09,0.0212,0.002,0.0204,0.0067
2017-10-10,0.0211,0.0063,0.0151,0.0077
2017-10-11,0.0189,0.0037,0.0185,0.0068
2017-10-12,0.0187,0.0032,0.0143,0.007
2017-10-13,0.0159,0.0054,0.0168,0.0067
2017-10-14,0.0221,0.0041,0.0231,0.0079
2017-10-15,0.0167,0.0032,0.0341,0.0064
2017-10-16,0.0226,0.0185,0.0128,0.0068
2017-10-17,0.032,0.0381,0.0284,0.009
2017-10-18,0.0249,0.0285,0.0299,0.0119
2017-10-19,0.0184,0.0083,0.0188,0.0044
2017-10-20,0.0188,0.0118,0.0122,0.0051
2017-10-21,0.0209,0.0157,0.0183,0.0043
2017-10-22,0.0213,0.0063,0.0239,0.0084
2017-10-23,0.0278,0.0171,0.022,0.0113
2017-10-24,0.0195,0.008,0.0116,0.0051
2017-10-25,0.0262,0.004,0.0151,0.0134
2017-10-26,0.0392,0.0027,0.0289,0.0108
2017-10-27,0.0234,0.005,0.0536,0.0172
2017-10-28,0.0204,0.0046,0.0153,0.0223
2017-10-29,0.0291,0.0065,0.0191,0.007
2017-10-30,0.0171,0.0103,0.0133,0.0074
2017-10-31,0.0219,0.0076,0.0104,0.0056
2017-11-01,0.0169,0.0047,0.0129,0.0119
2017-11-02,0.0181,0.0037,0.0125,0.0107
2017-11-03,0.0165,0.003,0.0096,0.0121
2017-11-04,0.0314,0.0042,0.0258,0.011
2017-11-05,0.017,0.0104,0.0142,0.0427
2017-11-06,0.0244,0.0088,0.017,0.0152
2017-11-07,0.025,0.0059,0.0165,0.0254
2017-11-08,0.0176,0.003,0.011,0.0192
2017-11-09,0.0162,0.0119,0.0218,0.0199
2017-11-10,0.0204,0.0252,0.0135,0.0249
2017-11-11,0.0181,0.0052,0.0352,0.0617
2017-11-12,0.0194,0.0187,0.0239,0.0385
2017-11-13,0.0183,0.0076,0.0145,0.0242
2017-11-14,0.0174,0.0067,0.0102,0.0155
2017-11-15,0.0223,0.0176,0.0205,0.0074
2017-11-16,0.0187,0.0073,0.0103,0.0098
2017-11-17,0.0238,0.0134,0.0139,0.0103
2017-11-18,0.0217,0.0056,0.0313,0.0095
2017-11-19,0.0296,0.0049,0.0412,0.008
2017-11-20,0.0256,0.011,0.0172,0.0085
2017-11-21,0.0228,0.006,0.0145,0.0115
2017-11-22,0.0258,0.0115,0.0229,0.0192
2017-11-23,0.0184,0.0014,0.0169,0.0068
2017-11-24,0.0328,0.0017,0.0192,0.0067
2017-11-25,0.0401,0.0027,0.0359,0.0056
2017-11-26,0.0427,0.0069,0.0212,0.0042
2017-11-27,0.0244,0.0053,0.0123,0.0073
2017-11-28,0.021,0.0066,0.0165,0.0085
2017-11-29,0.0164,0.003,0.0173,0.0065
2017-11-30,0.0195,0.0037,0.0135,0.0077
2017-12-03,0.0164,0.0026,0.0193,0.0037
2017-12-04,0.0151,0.0023,0.0104,0.0078
2017-12-05,0.0153,0.0006,0.0149,0.0042
2017-12-06,0.0181,0.0105,0.0182,0.0088
2017-12-07,0.0306,0.0047,0.0123,0.0073
2017-12-08,0.0203,0.0046,0.0118,0.0082
2017-12-09,0.0377,0.0033,0.0255,0.0084
2017-12-10,0.0308,0.0098,0.0259,0.0093
2017-12-11,0.0329,0.0155,0.0274,0.0098
2017-12-12,0.0244,0.0057,0.0162,0.012
2017-12-13,0.0351,0.0066,0.0146,0.0153
2017-12-14,0.0301,0.0115,0.019,0.0235
2017-12-15,0.0208,0.0059,0.0172,0.0095
2017-12-16,0.0177,0.0027,0.019,0.0071
2017-12-17,0.0268,0.0065,0.0697,0.0076
2017-12-18,0.0183,0.004,0.0172,0.0077
2017-12-19,0.0264,0.0039,0.0149,0.0194
2017-12-20,0.0317,0.0092,0.0113,0.0114
2017-12-21,0.0168,0.003,0.0099,0.0061
2017-12-22,0.0217,0.0031,0.0362,0.0049
2017-12-23,0.0607,0.0054,0.0247,0.0198
2017-12-24,0.0293,0.0051,0.0267,0.0102
2017-12-25,0.0383,0.0058,0.0305,0.0124
2017-12-26,0.0286,0.0075,0.0297,0.0132
2017-12-27,0.0246,0.0056,0.0214,0.0069
2017-12-28,0.0267,0.005,0.0209,0.007
2017-12-29,0.0349,0.0052,0.0158,0.0105
2017-12-30,0.0276,0.0141,0.032,0.0108
2017-12-31,0.0828,0.0065,0.0547,0.0065
2018-01-01,0.0384,0.0097,0.0274,0.0115
2018-01-02,0.0396,0.0053,0.0392,0.0089
2018-01-03,0.0402,0.0032,0.0268,0.0071
2018-01-04,0.0213,0.0021,0.0211,0.0054
2018-01-05,0.0249,0.0022,0.027,0.0087
2018-01-06,0.0252,0.0019,0.0294,0.0035
2018-01-07,0.0245,0.0021,0.0237,0.0068
2018-01-08,0.0175,0.0024,0.0139,0.0078
2018-01-09,0.0226,0.0037,0.0269,0.0091
2018-01-10,0.0172,0.0027,0.0153,0.0114
2018-01-11,0.0212,0.0038,0.0192,0.0092
2018-01-12,0.0145,0.003,0.012,0.0059
2018-01-13,0.0228,0.0044,0.0186,0.0042
2018-01-14,0.0231,0.0021,0.0204,0.0104
2018-01-15,0.0255,0.0029,0.0209,0.0056
2018-01-16,0.0259,0.0109,0.018,0.0051
2018-01-17,0.0124,0.0048,0.0146,0.008
2018-01-18,0.024,0.0039,0.0229,0.0133
2018-01-19,0.0273,0.0056,0.0157,0.0084
2018-01-20,0.0275,0.0044,0.0324,0.0052
2018-01-21,0.016,0.0031,0.0173,0.0059
2018-01-22,0.0231,0.0237,0.0299,0.0108
2018-01-23,0.0324,0.0182,0.014,0.0129
2018-01-24,0.0461,0.0322,0.0109,0.0166
2018-01-25,0.0329,0.0101,0.0136,0.0199
2018-01-26,0.0304,0.0071,0.0101,0.0109
2018-01-27,0.0233,0.0064,0.0902,0.0087
2018-01-28,0.0672,0.0132,0.0578,0.0143
2018-01-29,0.0283,0.011,0.0535,0.009
2018-01-30,0.0284,0.0101,0.0161,0.0284
2018-01-31,0.0188,0.0082,0.0109,0.0273
2018-02-01,0.0138,0.0036,0.0136,0.0063
2018-02-02,0.01,0.0053,0.0162,0.0071
2018-02-03,0.0121,0.0029,0.0223,0.0294
2018-02-04,0.0271,0.0031,0.0199,0.0077
2018-02-05,0.0158,0.0021,0.0108,0.0055
2018-02-06,0.1306,0.006,0.0206,0.0127
2018-02-07,0.0371,0.0015,0.0188,0.0086
2018-02-08,0.0154,0.0017,0.0103,0.004
2018-02-09,0.0199,0.0017,0.0138,0.004
2018-02-10,0.0208,0.0009,0.0172,0.0043
2018-02-11,0.0317,0.0023,0.0256,0.008
2018-02-12,0.0206,0.0023,0.0153,0.0046
2018-02-13,0.0214,0.005,0.0209,0.0061
2018-02-14,0.0266,0.003,0.0255,0.0037
2018-02-15,0.0348,0.003,0.0196,0.0044
2018-02-16,0.0487,0.0013,0.0263,0.0213
2018-02-17,0.0732,0.0032,0.0373,0.019
2018-02-18,0.0267,0.0034,0.0254,0.0127
2018-02-19,0.0224,0.004,0.0131,0.0214
2018-02-20,0.0228,0.0055,0.01,0.0082
2018-02-21,0.0201,0.0059,0.0084,0.0316
2018-02-22,0.0186,0.003,0.0095,0.0068
2018-02-23,0.0331,0.0045,0.0141,0.0089
2018-02-24,0.0673,0.0026,0.0134,0.0048
2018-02-25,0.028,0.0023,0.0144,0.0058
2018-02-26,0.0159,0.0103,0.0106,0.0132
2018-02-27,0.032,0.0036,0.0241,0.0154
2018-02-28,0.0193,0.0027,0.0276,0.0141
2018-03-01,0.0214,0.0024,0.018,0.0471
2018-03-02,0.0773,0.0091,0.0142,0.0425
2018-03-03,0.0805,0.0028,0.0146,0.0288
2018-03-04,0.0581,0.0053,0.0164,0.0204
2018-03-05,0.074,0.0077,0.0224,0.0204
2018-03-06,0.0698,0.0078,0.0288,0.0239
2018-03-07,0.0812,0.0128,0.0197,0.0182
2018-03-08,0.0755,0.0097,0.0214,0.0913
2018-03-09,0.0922,0.0292,0.0288,0.0783
2018-03-10,0.0607,0.0332,0.014,0.0259
2018-03-11,0.0969,0.0061,0.0222,0.0275
2018-03-12,0.0791,0.0177,0.0176,0.0166
2018-03-13,0.0355,0.0079,0.0342,0.0073
2018-03-14,0.0313,0.0055,0.0191,0.01
2018-03-15,0.0582,0.013,0.014,0.0127
2018-03-16,0.0531,0.0209,0.0259,0.0236
2018-03-17,0.0432,0.0087,0.0174,0.0456
2018-03-18,0.0519,0.0051,0.0254,0.0233
2018-03-19,0.039,0.0052,0.0131,0.0137
2018-03-20,0.0392,0.015,0.0177,0.0268
2018-03-21,0.0421,0.0064,0.0124,0.0219
2018-03-22,0.0478,0.0083,0.0184,0.0222
2018-03-23,0.115,0.0131,0.0281,0.0599
2018-03-24,0.0825,0.0066,0.0391,0.0495
2018-03-25,0.0858,0.0121,0.0426,0.0604
2018-03-26,0.1332,0.0174,0.0234,0.0478
2018-03-27,0.0915,0.0127,0.021,0.0472
2018-03-28,0.0477,0.009,0.0151,0.0255
2018-03-29,0.0448,0.0215,0.0201,0.0272
2018-03-30,0.0372,0.0118,0.0213,0.0347
2018-03-31,0.0407,0.0049,0.0153,0.0325
2018-04-01,0.0602,0.0059,0.042,0.0289
2018-04-02,0.0622,0.0293,0.038,0.0394
2018-04-03,0.061,0.0135,0.03,0.0311
2018-04-04,0.0781,0.0234,0.0211,0.0783
2018-04-05,0.0833,0.0148,0.0224,0.0392
2018-04-06,0.082,0.0281,0.0284,0.0505
2018-04-07,0.0702,0.0151,0.0396,0.0853
2018-04-08,0.0685,0.0122,0.0405,0.0603
2018-04-09,0.0818,0.0169,0.0267,0.05
2018-04-10,0.0688,0.0188,0.0201,0.0541
2018-04-11,0.054,0.0137,0.0177,0.0466
2018-04-12,0.0521,0.0172,0.0194,0.0355
2018-04-13,0.0549,0.0121,0.0306,0.0622
2018-04-14,0.0419,0.0107,0.0125,0.0351
2018-04-15,0.0476,0.0055,0.049,0.0281
2018-04-16,0.0486,0.0425,0.0269,0.021
2018-04-17,0.0646,0.0102,0.0175,0.0248
2018-04-18,0.0405,0.007,0.0186,0.0247
2018-04-19,0.0492,0.0079,0.0195,0.0163
2018-04-20,0.043,0.008,0.0179,0.0244
2018-04-21,0.0333,0.0045,0.0197,0.0265
2018-04-22,0.0769,0.0061,0.0295,0.0272
2018-04-23,0.0402,0.008,0.0341,0.0166
2018-04-24,0.0522,0.011,0.0286,0.0216
2018-04-25,0.0538,0.0064,0.0171,0.0199
2018-04-26,0.0579,0.0072,0.0302,0.0226
2018-04-27,0.056,0.0091,0.0328,0.0147
2018-04-28,0.0701,0.0134,0.0263,0.0364
2018-04-29,0.0359,0.0054,0.0212,0.0194
2018-04-30,0.0392,0.0077,0.0165,0.0155
2018-05-01,0.0341,0.0051,0.014,0.0296
2018-05-02,0.0459,0.0093,0.0152,0.0169
2018-05-03,0.0352,0.0102,0.0099,0.0234
2018-05-04,0.0293,0.0055,0.0158,0.019
2018-05-05,0.0354,0.0056,0.0243,0.0189
2018-05-06,0.1144,0.0205,0.0763,0.0135
2018-05-07,0.0241,0.0047,0.015,0.0133
2018-05-08,0.0492,0.0122,0.0391,0.0188
2018-05-09,0.0893,0.01,0.0147,0.0266
2018-05-10,0.0434,0.0064,0.0154,0.0175
2018-05-11,0.0282,0.008,0.0131,0.0114
2018-05-12,0.0285,0.0071,0.0144,0.0131
2018-05-13,0.028,0.0077,0.0133,0.0216
2018-05-14,0.0349,0.019,0.0126,0.0121
2018-05-15,0.023,0.0159,0.0102,0.0143
2018-05-16,0.0278,0.0125,0.0152,0.0144
2018-05-17,0.0364,0.0086,0.0177,0.0101
2018-05-18,0.0291,0.012,0.0216,0.0166
2018-05-19,0.04,0.0044,0.0323,0.0099
2018-05-20,0.0855,0.0082,0.0236,0.0442
2018-05-21,0.0615,0.013,0.028,0.0288
2018-05-22,0.0779,0.0102,0.0285,0.0345
2018-05-23,0.0416,0.0096,0.0227,0.0236
2018-05-24,0.0387,0.0118,0.0157,0.0279
2018-05-25,0.0361,0.0085,0.0163,0.0153
2018-05-26,0.0276,0.0101,0.0256,0.0115
2018-05-27,0.0299,0.0055,0.0319,0.012
2018-05-28,0.046,0.0082,0.0293,0.0149
2018-05-29,0.0311,0.0076,0.0181,0.0109
2018-05-30,0.0466,0.0186,0.0294,0.0206
2018-05-31,0.0589,0.0095,0.0139,0.0143
2018-06-01,0.0934,0.0146,0.0149,0.0241
2018-06-02,0.053,0.0103,0.0203,0.0288
2018-06-03,0.0411,0.0054,0.0163,0.0281
2018-06-04,0.0432,0.0075,0.0142,0.02
2018-06-05,0.0388,0.0098,0.0156,0.0178
2018-06-06,0.051,0.0157,0.015,0.0241
2018-06-07,0.0681,0.0112,0.03,0.0173
2018-06-08,0.0752,0.0111,0.0507,0.0266
2018-06-09,0.095,0.0081,0.0741,0.0252
2018-06-10,0.1006,0.021,0.0763,0.0197
2018-06-11,0.0481,0.0109,0.0229,0.0156
2018-06-12,0.0304,0.0047,0.0105,0.0132
2018-06-13,0.0256,0.0053,0.0126,0.0177
2018-06-14,0.0324,0.0408,0.0135,0.0316
2018-06-15,0.0456,0.0071,0.0303,0.0229
2018-06-16,0.0599,0.0043,0.0345,0.032
2018-06-17,0.0728,0.0058,0.0233,0.0273
2018-06-18,0.0769,0.0111,0.0147,0.0161
2018-06-19,0.0919,0.0227,0.0211,0.0366
2018-06-20,0.0762,0.0202,0.0312,0.0352
2018-06-21,0.1088,0.011,0.0148,0.0286
2018-06-22,0.1947,0.0102,0.0174,0.027
2018-06-23,0.0773,0.0101,0.0258,0.0263
2018-06-24,0.0865,0.0123,0.0249,0.0176
2018-06-25,0.0712,0.0218,0.016,0.0225
2018-06-26,0.2215,0.0143,0.0253,0.0338
2018-06-27,0.1224,0.0148,0.0196,0.0248
2018-06-28,0.1257,0.0312,0.0335,0.0246
2018-06-29,0.1,0.019,0.0219,0.0283
2018-06-30,0.0849,0.0098,0.0148,0.0155
2018-07-01,0.1138,0.0096,0.0113,0.0234
2018-07-02,0.1144,0.0398,0.017,0.0294
2018-07-03,0.0835,0.0201,0.0183,0.0265
2018-07-04,0.0956,0.0216,0.0175,0.0244
2018-07-05,0.0919,0.0154,0.0179,0.0361
2018-07-06,0.1329,0.03,0.0257,0.0598
2018-07-07,0.0856,0.0117,0.0231,0.0434
2018-07-08,0.1001,0.0103,0.0248,0.0463
2018-07-09,0.0992,0.0194,0.0213,0.0473
2018-07-10,0.1133,0.0188,0.0241,0.0259
2018-07-11,0.1164,0.0152,0.0359,0.0474
2018-07-12,0.113,0.0267,0.0231,0.0438
2018-07-13,0.1154,0.0257,0.048,0.0492
2018-07-14,0.0606,0.015,0.0336,0.0341
2018-07-15,0.0542,0.0083,0.0318,0.0591
2018-07-16,0.1,0.0253,0.043,0.0367
2018-07-17,0.1231,0.06,0.0922,0.0247
2018-07-18,0.0887,0.0139,0.049,0.0268
2018-07-19,0.1144,0.0128,0.051,0.0252
2018-07-20,0.0943,0.0171,0.0599,0.0261
2018-07-21,0.2193,0.0411,0.0843,0.0237
2018-07-22,0.1444,0.0127,0.057,0.0223
2018-07-23,0.0802,0.0182,0.0316,0.0279
2018-07-24,0.1304,0.0145,0.0716,0.0392
2018-07-25,0.1664,0.0213,0.0689,0.0288
2018-07-26,0.1765,0.0503,0.0842,0.0276
2018-07-27,0.1165,0.0079,0.0661,0.026
2018-07-28,0.0511,0.0098,0.0333,0.0643
2018-07-29,0.0964,0.0177,0.0481,0.0297
2018-07-30,0.0899,0.0164,0.0206,0.0289
2018-07-31,0.06,0.0187,0.0183,0.0314
2018-08-01,0.1089,0.0641,0.0982,0.0641
2018-08-02,0.0838,0.0189,0.0474,0.0412
2018-08-03,0.0832,0.0262,0.0438,0.0308
2018-08-04,0.0888,0.0442,0.0251,0.0584
2018-08-05,0.069,0.0299,0.0301,0.0318
2018-08-06,0.0745,0.0387,0.0174,0.029
2018-08-07,0.0763,0.0453,0.0123,0.0204
2018-08-08,0.0732,0.0197,0.0179,0.0233
2018-08-09,0.0542,0.0302,0.0161,0.028
2018-08-10,0.0614,0.0234,0.0137,0.0379
2018-08-11,0.0584,0.0165,0.0563,0.0405
2018-08-12,0.092,0.0145,0.0655,0.0251
2018-08-13,0.0616,0.0219,0.0503,0.0271
2018-08-14,0.0649,0.0154,0.0289,0.0181
2018-08-15,0.0523,0.0277,0.0199,0.0188
2018-08-16,0.0725,0.0291,0.0315,0.033
2018-08-17,0.0666,0.0205,0.0374,0.0312
2018-08-18,0.0494,0.0122,0.0285,0.0174
2018-08-19,0.0435,0.0137,0.0203,0.0247
2018-08-20,0.0668,0.02,0.0336,0.0552
2018-08-21,0.0563,0.0126,0.027,0.0337
2018-08-22,0.0641,0.0115,0.0159,0.0265
2018-08-23,0.0828,0.0083,0.0153,0.0205
2018-08-24,0.0499,0.03,0.0116,0.039
2018-08-25,0.0408,0.0132,0.0166,0.0315
2018-08-26,0.0493,0.0106,0.0189,0.0307
2018-08-27,0.0549,0.0144,0.014,0.031
2018-08-28,0.0475,0.0103,0.0159,0.0227
2018-08-29,0.0457,0.0187,0.0169,0.0209
2018-08-30,0.0359,0.0093,0.0189,0.0173
2018-08-31,0.0615,0.0262,0.0166,0.0209
2018-09-01,0.0554,0.0072,0.0227,0.0221
2018-09-02,0.0591,0.0119,0.0624,0.0178
2018-09-03,0.0706,0.0153,0.0417,0.0258
2018-09-04,0.1002,0.0196,0.0699,0.0185
2018-09-05,0.079,0.0446,0.0271,0.0187
2018-09-06,0.0551,0.0269,0.0161,0.0182
2018-09-07,0.0468,0.0241,0.0122,0.0206
2018-09-08,0.0347,0.0062,0.0111,0.0132
2018-09-09,0.0376,0.0125,0.0152,0.023
2018-09-10,0.0917,0.0369,0.0164,0.0227
2018-09-11,0.0687,0.0306,0.0311,0.0338
2018-09-12,0.0553,0.0168,0.0167,0.0397
2018-09-13,0.0346,0.0117,0.0124,0.0186
2018-09-14,0.0492,0.023,0.0243,0.0127
2018-09-15,0.0427,0.0086,0.0221,0.0138
2018-09-16,0.0501,0.0097,0.0161,0.0129
2018-09-17,0.0568,0.0128,0.0112,0.0164
2018-09-18,0.0517,0.0103,0.0138,0.0333
2018-09-19,0.0673,0.0226,0.031,0.0274
2018-09-20,0.0534,0.0143,0.02,0.0299
2018-09-21,0.0683,0.0104,0.0172,0.0241
2018-09-22,0.0462,0.0107,0.02,0.0133
2018-09-23,0.0465,0.0204,0.0172,0.052
2018-09-24,0.07,0.0199,0.0228,0.0578
2018-09-25,0.0576,0.0413,0.0219,0.0299
2018-09-26,0.061,0.0217,0.0099,0.0289
2018-09-27,0.0618,0.0276,0.0117,0.028
2018-09-28,0.0465,0.0136,0.0128,0.0355
2018-09-29,0.0315,0.0142,0.0179,0.0265
2018-09-30,0.0378,0.0112,0.0213,0.0375
2018-10-01,0.0417,0.0212,0.0084,0.0487
2018-10-02,0.0343,0.0124,0.0165,0.026
2018-10-03,0.0463,0.0155,0.0276,0.0308
2018-10-04,0.0447,0.012,0.0296,0.0177
2018-10-05,0.0799,0.0409,0.0254,0.04
2018-10-06,0.0491,0.0162,0.0197,0.0348
2018-10-07,0.046,0.0238,0.0169,0.0211
2018-10-08,0.0711,0.0241,0.0364,0.0198
2018-10-09,0.0791,0.0977,0.0404,0.0386
2018-10-10,0.0734,0.0395,0.0146,0.0188
2018-10-11,0.0737,0.0564,0.0255,0.0216
2018-10-12,0.0536,0.081,0.0286,0.0231
2018-10-13,0.0542,0.0686,0.02,0.0209
2018-10-14,0.0556,0.0768,0.0248,0.0193
2018-10-15,0.0617,0.0329,0.0354,0.0225
2018-10-16,0.0513,0.0152,0.0227,0.0257
2018-10-17,0.0521,0.0222,0.0214,0.0188
2018-10-18,0.0617,0.0191,0.0199,0.0284
2018-10-19,0.0552,0.0214,0.0634,0.0458
2018-10-20,0.039,0.0143,0.0675,0.0236
2018-10-21,0.0497,0.0092,0.0147,0.0184
2018-10-22,0.0478,0.0299,0.0219,0.0258
2018-10-23,0.0461,0.0169,0.0163,0.0234
2018-10-24,0.0366,0.0201,0.0211,0.0241
2018-10-25,0.0398,0.0111,0.0243,0.0184
2018-10-26,0.0407,0.0121,0.0171,0.0169
2018-10-27,0.0477,0.0199,0.021,0.0162
2018-10-28,0.0493,0.0085,0.0288,0.0128
2018-10-29,0.0635,0.0114,0.021,0.0413
2018-10-30,0.0623,0.0246,0.0168,0.0288
2018-10-31,0.0435,0.0098,0.0125,0.0277
2018-11-01,0.0563,0.0208,0.0141,0.0246
2018-11-02,0.1068,0.0288,0.0314,0.0344
2018-11-03,0.0792,0.0326,0.0399,0.0404
2018-11-04,0.0941,0.0178,0.0421,0.0377
2018-11-05,0.236,0.0573,0.0373,0.1029
2018-11-06,0.0724,0.0122,0.021,0.0231
2018-11-07,0.0414,0.0115,0.019,0.0145
2018-11-08,0.0335,0.0086,0.0105,0.0181
2018-11-09,0.0458,0.0193,0.0222,0.0145
2018-11-10,0.0359,0.0211,0.0219,0.0222
2018-11-11,0.0475,0.0177,0.0203,0.0669
2018-11-12,0.0669,0.017,0.0158,0.0242
2018-11-13,0.1081,0.0448,0.0171,0.0171
2018-11-14,0.066,0.0235,0.0129,0.0197
2018-11-15,0.0627,0.0162,0.0091,0.0212
2018-11-16,0.0413,0.0146,0.0088,0.0212
2018-11-17,0.0407,0.0119,0.0275,0.0254
2018-11-18,0.0709,0.0194,0.0343,0.059
2018-11-19,0.0608,0.0246,0.0158,0.03
2018-11-20,0.0383,0.01,0.0173,0.0256
2018-11-21,0.0403,0.0133,0.0168,0.0432
2018-11-22,0.0567,0.0146,0.0182,0.0164
2018-11-23,0.1037,0.0143,0.0941,0.0177
2018-11-24,0.0583,0.016,0.0429,0.0165
2018-11-25,0.0527,0.0214,0.034,0.0299
2018-11-26,0.0617,0.0172,0.0316,0.0278
2018-11-27,0.0653,0.0211,0.0143,0.0166
2018-11-28,0.0502,0.0198,0.0292,0.0161
2018-11-29,0.0925,0.0279,0.0105,0.0266
2018-11-30,0.1471,0.0612,0.014,0.0238
2018-12-01,0.1679,0.0249,0.0096,0.1351
2018-12-02,0.078,0.0172,0.0136,0.0408
2018-12-03,0.097,0.0532,0.0144,0.0393
2018-12-04,0.0506,0.0447,0.0124,0.0348
2018-12-05,0.0906,0.0279,0.0086,0.0249
2018-12-06,0.0548,0.0333,0.0241,0.0211
2018-12-07,0.0384,0.0199,0.0082,0.0256
2018-12-08,0.0429,0.0195,0.0581,0.0217
2018-12-09,0.0501,0.01,0.0172,0.016
2018-12-10,0.0595,0.0173,0.0152,0.0201
2018-12-11,0.0404,0.0117,0.0083,0.0128
2018-12-12,0.0364,0.0126,0.015,0.0175
2018-12-13,0.0286,0.0101,0.037,0.0172
2018-12-14,0.0282,0.0154,0.0318,0.0349
2018-12-15,0.0457,0.0102,0.0267,0.0241
2018-12-16,0.0483,0.0118,0.0361,0.0125
2018-12-17,0.0568,0.027,0.0285,0.0145
2018-12-18,0.0702,0.016,0.0201,0.012
2018-12-19,0.0398,0.0118,0.0181,0.0186
2018-12-20,0.0398,0.0158,0.0133,0.0132
2018-12-21,0.0853,0.026,0.0351,0.0273
2018-12-22,0.0316,0.0053,0.0263,0.0541
2018-12-23,0.0423,0.0111,0.0205,0.0154
2018-12-24,0.0505,0.0148,0.0176,0.0181
2018-12-25,0.0429,0.0107,0.0224,0.0212
2018-12-26,0.0761,0.0183,0.0177,0.0244
2018-12-27,0.0761,0.0173,0.0132,0.0277
2018-12-28,0.0538,0.0212,0.0142,0.0522
2018-12-29,0.0878,0.0301,0.0265,0.1449
2018-12-30,0.0592,0.0223,0.0223,0.0356
2018-12-31,0.1619,0.0578,0.0575,0.0501
2019-01-01,0.1384,0.048,0.0195,0.0383
2019-01-02,0.0895,0.0363,0.0116,0.036
2019-01-03,0.0725,0.0184,0.0118,0.0246
2019-01-04,0.0922,0.0158,0.0371,0.0309
2019-01-05,0.055,0.0139,0.0148,0.0238
2019-01-06,0.0477,0.0113,0.0258,0.0172
2019-01-07,0.0648,0.0339,0.0108,0.0449
2019-01-08,0.059,0.0168,0.0162,0.0814
2019-01-09,0.0553,0.0382,0.0398,0.107
2019-01-10,0.0656,0.0139,0.0071,0.0614
2019-01-11,0.0424,0.0147,0.0162,0.0187
2019-01-12,0.0404,0.0104,0.017,0.0202
2019-01-13,0.0337,0.0089,0.0114,0.02
2019-01-14,0.038,0.0118,0.0128,0.0238
2019-01-15,0.043,0.0151,0.0128,0.017
2019-01-16,0.036,0.0083,0.0165,0.0138
2019-01-17,0.0348,0.0118,0.0068,0.0204
2019-01-18,0.0306,0.0067,0.0119,0.041
2019-01-19,0.0199,0.0051,0.0213,0.0525
2019-01-20,0.0217,0.0077,0.0137,0.0533
2019-01-21,0.0379,0.0131,0.0131,0.0216
2019-01-22,0.0369,0.0088,0.0093,0.0375
2019-01-23,0.033,0.0073,0.0346,0.0225
2019-01-24,0.0283,0.0078,0.0153,0.0149
2019-01-25,0.0365,0.0084,0.0106,0.0112
2019-01-26,0.0298,0.0105,0.0111,0.0093
2019-01-27,0.031,0.0111,0.0085,0.013
2019-01-28,0.0378,0.0205,0.0133,0.0192
2019-01-29,0.0524,0.009,0.0249,0.0213
2019-01-30,0.0361,0.0121,0.0135,0.0157
2019-01-31,0.056,0.0223,0.01,0.0162
2019-02-01,0.036,0.0262,0.0118,0.0305
2019-02-02,0.0165,0.01,0.0109,0.0126
2019-02-03,0.0254,0.0136,0.0205,0.0261
2019-02-04,0.0311,0.0098,0.0288,0.0208
2019-02-05,0.0359,0.0075,0.033,0.0307
2019-02-06,0.0472,0.0119,0.0092,0.124
2019-02-07,0.0219,0.0114,0.0051,0.022
2019-02-08,0.045,0.0072,0.0199,0.0585
2019-02-09,0.0591,0.0063,0.0126,0.0531
2019-02-10,0.0417,0.0143,0.0146,0.0274
2019-02-11,0.0375,0.0184,0.0133,0.0375
2019-02-12,0.0344,0.0064,0.0134,0.0179
2019-02-13,0.0467,0.0068,0.0134,0.0248
2019-02-14,0.0567,0.0081,0.0545,0.0195
2019-02-15,0.1081,0.0034,0.0739,0.0439
2019-02-16,0.0672,0.019,0.0692,0.0274
2019-02-17,0.0504,0.0077,0.0495,0.026
2019-02-18,0.0671,0.0131,0.0526,0.0367
2019-02-19,0.0659,0.0076,0.0328,0.0224
2019-02-20,0.0425,0.0115,0.0225,0.0312
2019-02-21,0.0428,0.0046,0.0281,0.0402
2019-02-22,0.0553,0.0111,0.0274,0.034
2019-02-23,0.045,0.0036,0.0386,0.0411
2019-02-24,0.0387,0.0037,0.0409,0.0799
2019-02-25,0.0546,0.0058,0.0349,0.0852
2019-02-26,0.162,0.0076,0.1462,0.0962
2019-02-27,0.0933,0.0061,0.0897,0.1338
2019-02-28,0.1124,0.004,0.1,0.1062
2019-03-01,0.0937,0.01,0.074,0.1019
2019-03-02,0.0727,0.0038,0.0634,0.1063
2019-03-03,0.0846,0.0056,0.0669,0.1056
2019-03-04,0.0615,0.0092,0.0436,0.0527
2019-03-05,0.0921,0.0092,0.0402,0.0488
2019-03-06,0.096,0.0316,0.0412,0.0738
2019-03-07,0.0543,0.0134,0.029,0.0409
2019-03-08,0.0728,0.0252,0.0415,0.0341
2019-03-09,0.0342,0.0035,0.0275,0.0269
2019-03-10,0.0557,0.0046,0.0314,0.0237
2019-03-11,0.0504,0.0095,0.0386,0.0285
2019-03-12,0.0358,0.0226,0.019,0.0222
2019-03-13,0.0288,0.01,0.0198,0.0129
2019-03-14,0.0345,0.0088,0.0241,0.0194
2019-03-15,0.0273,0.0185,0.0136,0.0481
2019-03-16,0.0343,0.0171,0.0217,0.052
2019-03-17,0.0306,0.0107,0.0278,0.0132
2019-03-18,0.039,0.0122,0.015,0.0124
2019-03-19,0.0374,0.0091,0.0197,0.0158
2019-03-20,0.0417,0.0308,0.0204,0.0125
2019-03-21,0.023,0.0062,0.0123,0.0108
2019-03-22,0.0189,0.003,0.0096,0.0118
2019-03-23,0.028,0.0039,0.021,0.0078
2019-03-24,0.0314,0.0031,0.0188,0.0062
2019-03-25,0.0475,0.0031,0.0107,0.0107
2019-03-26,0.0283,0.0082,0.0105,0.0144
2019-03-27,0.0303,0.0085,0.0182,0.0167
2019-03-28,0.0398,0.0233,0.022,0.0077
2019-03-29,0.0217,0.0105,0.0096,0.024
2019-03-30,0.0159,0.0039,0.0097,0.0262
2019-03-31,0.0202,0.0033,0.0143,0.0107
2019-04-01,0.017,0.0037,0.01,0.0124
2019-04-02,0.0505,0.0052,0.0117,0.0135
2019-04-03,0.0358,0.0101,0.0279,0.0137
2019-04-04,0.0656,0.0069,0.02,0.0101
2019-04-05,0.0362,0.0144,0.0092,0.0105
2019-04-06,0.0208,0.0051,0.0103,0.0131
2019-04-07,0.0414,0.009,0.0233,0.0103
2019-04-08,0.0403,0.0086,0.0333,0.0107
2019-04-09,0.0365,0.0066,0.0135,0.0101
2019-04-10,0.0351,0.0186,0.0104,0.015
2019-04-11,0.0244,0.0601,0.0105,0.0353
2019-04-12,0.0246,0.0094,0.0417,0.0179
2019-04-13,0.0261,0.0084,0.014,0.0115
2019-04-14,0.0334,0.0049,0.0229,0.0108
2019-04-15,0.0358,0.0083,0.0134,0.0113
2019-04-16,0.0334,0.0084,0.0218,0.0064
2019-04-17,0.0211,0.0223,0.0107,0.0154
2019-04-18,0.022,0.0049,0.0415,0.0085
2019-04-19,0.0469,0.0039,0.0176,0.0089
2019-04-20,0.0196,0.0045,0.0164,0.0119
2019-04-21,0.0593,0.0048,0.0271,0.0112
2019-04-22,0.0924,0.0086,0.0109,0.0165
2019-04-23,0.0846,0.0122,0.0073,0.0124
2019-04-24,0.082,0.0387,0.0107,0.0183
2019-04-25,0.0584,0.0091,0.0115,0.0137
2019-04-26,0.0359,0.0087,0.0148,0.0194
2019-04-27,0.0669,0.0048,0.023,0.0099
2019-04-28,0.0703,0.0255,0.0355,0.0198
2019-04-29,0.0396,0.0063,0.0145,0.0124
2019-04-30,0.031,0.0053,0.0139,0.0098
2019-05-01,0.0976,0.0062,0.0579,0.0132
2019-05-02,0.0372,0.0087,0.0222,0.0124
2019-05-03,0.0372,0.0108,0.0298,0.0158
2019-05-04,0.0329,0.002,0.0146,0.0135
2019-05-05,0.0278,0.0056,0.0228,0.031
2019-05-06,0.0326,0.0724,0.0146,0.065
2019-05-07,0.032,0.0145,0.0092,0.0394
2019-05-08,0.05,0.0055,0.0119,0.022
2019-05-09,0.0431,0.0145,0.0173,0.0282
2019-05-10,0.0693,0.0189,0.0125,0.0404
2019-05-11,0.0579,0.0114,0.0981,0.0405
2019-05-12,0.0742,0.0186,0.0745,0.0616
2019-05-13,0.0658,0.0181,0.0224,0.1281
2019-05-14,0.1101,0.0367,0.0121,0.0876
2019-05-15,0.0629,0.0284,0.0147,0.0741
2019-05-16,0.0653,0.024,0.0266,0.0685
2019-05-17,0.0735,0.03,0.0207,0.062
2019-05-18,0.0504,0.0207,0.0116,0.0405
2019-05-19,0.0783,0.0117,0.0267,0.0464
2019-05-20,0.1029,0.0279,0.0167,0.0874
2019-05-21,0.0566,0.0201,0.0155,0.0644
2019-05-22,0.0606,0.0251,0.0256,0.0445
2019-05-23,0.1018,0.0298,0.0413,0.0457
2019-05-24,0.0847,0.0168,0.049,0.0533
2019-05-25,0.0727,0.0151,0.0292,0.0486
2019-05-26,0.0681,0.0209,0.0336,0.056
2019-05-27,0.0866,0.0093,0.0223,0.0456
2019-05-28,0.0609,0.0158,0.0321,0.0431
2019-05-29,0.0951,0.0343,0.0203,0.0965
2019-05-30,0.0946,0.0222,0.0159,0.078
2019-05-31,0.0743,0.0193,0.0206,0.0751
2019-06-01,0.0776,0.0243,0.0349,0.0916
2019-06-02,0.1145,0.0186,0.0108,0.1135
2019-06-03,0.1817,0.0348,0.0144,0.0646
2019-06-04,0.1062,0.0123,0.0112,0.0475
2019-06-05,0.0506,0.0134,0.017,0.0441
2019-06-06,0.1317,0.0192,0.0133,0.0517
2019-06-07,0.0807,0.0147,0.016,0.038
2019-06-08,0.1003,0.0208,0.0179,0.0494
2019-06-09,0.0787,0.0459,0.0121,0.0318
2019-06-10,0.0905,0.013,0.0172,0.0529
2019-06-11,0.0612,0.0136,0.0166,0.0522
2019-06-12,0.0782,0.0139,0.0228,0.0414
2019-06-13,0.0685,0.0159,0.0186,0.0278
2019-06-14,0.0968,0.0141,0.0179,0.0457
2019-06-15,0.0871,0.0082,0.0296,0.0336
2019-06-16,0.1361,0.0163,0.0243,0.0569
2019-06-17,0.1161,0.0234,0.0264,0.0571
2019-06-18,0.062,0.015,0.0171,0.0463
2019-06-19,0.0686,0.0249,0.0243,0.0487
2019-06-20,0.0971,0.0327,0.0325,0.0933
2019-06-21,0.0886,0.0218,0.0192,0.0676
2019-06-22,0.0756,0.017,0.0142,0.0551
2019-06-23,0.1205,0.0635,0.0226,0.0678
2019-06-24,0.1468,0.0349,0.0161,0.0604
2019-06-25,0.0724,0.0233,0.0214,0.0512
2019-06-26,0.115,0.0445,0.0271,0.0525
2019-06-27,0.2016,0.0281,0.0277,0.0881
2019-06-28,0.2512,0.0283,0.0124,0.0489
2019-06-29,0.1254,0.022,0.015,0.1347
2019-06-30,0.0681,0.0111,0.0192,0.3472
2019-07-01,0.0851,0.0144,0.0118,0.0739
2019-07-02,0.0682,0.017,0.0131,0.045
2019-07-03,0.0716,0.0181,0.0196,0.0496
2019-07-04,0.0647,0.0371,0.0118,0.0408
2019-07-05,0.0427,0.0124,0.0103,0.0308
2019-07-06,0.0329,0.007,0.0112,0.0288
2019-07-07,0.0371,0.0097,0.0107,0.0311
2019-07-08,0.0491,0.0083,0.0164,0.0277
2019-07-09,0.0338,0.0092,0.0111,0.0306
2019-07-10,0.0383,0.0088,0.0093,0.0306
2019-07-11,0.0465,0.0125,0.0097,0.0292
2019-07-12,0.0755,0.0126,0.0147,0.0238
2019-07-13,0.0605,0.0046,0.0154,0.0238
2019-07-14,0.0881,0.011,0.0635,0.019
2019-07-15,0.0728,0.0226,0.0131,0.0254
2019-07-16,0.0445,0.0135,0.0166,0.0272
2019-07-17,0.0499,0.014,0.0289,0.029
2019-07-18,0.0737,0.0201,0.0196,0.0466
2019-07-19,0.058,0.0252,0.018,0.0256
2019-07-20,0.06,0.0094,0.0275,0.0191
2019-07-21,0.0668,0.0168,0.0205,0.0289
2019-07-22,0.0576,0.0179,0.0339,0.0254
2019-07-23,0.0744,0.0105,0.047,0.0289
2019-07-24,0.0391,0.0089,0.0256,0.0294
2019-07-25,0.0472,0.0311,0.0181,0.0755
2019-07-26,0.0504,0.0247,0.0139,0.0284
2019-07-27,0.0518,0.0112,0.0268,0.0296
2019-07-28,0.0426,0.0075,0.0167,0.0146
2019-07-29,0.0697,0.0109,0.0221,0.0197
2019-07-30,0.0345,0.0116,0.017,0.0209
2019-07-31,0.0756,0.0152,0.0094,0.0491
2019-08-01,0.0616,0.0222,0.0153,0.0434
2019-08-02,0.0829,0.015,0.0218,0.0408
2019-08-03,0.0736,0.0077,0.049,0.0483
2019-08-04,0.0662,0.0104,0.0257,0.0538
2019-08-05,0.1664,0.0267,0.0795,0.0383
2019-08-06,0.1429,0.0254,0.0721,0.0442
2019-08-07,0.2721,0.0546,0.0586,0.0481
2019-08-08,0.2663,0.0309,0.1038,0.0346
2019-08-09,0.138,0.0192,0.0543,0.0339
2019-08-10,0.0995,0.0166,0.0522,0.0679
2019-08-11,0.1063,0.0094,0.05,0.029
2019-08-12,0.1701,0.0202,0.0633,0.0651
2019-08-13,0.1348,0.0299,0.0348,0.0503
2019-08-14,0.1103,0.0223,0.0434,0.0422
2019-08-15,0.1571,0.0184,0.0714,0.0414
2019-08-16,0.0813,0.025,0.0522,0.0483
2019-08-17,0.0713,0.0093,0.0601,0.0387
2019-08-18,0.0897,0.0102,0.043,0.0355
2019-08-19,0.0886,0.0413,0.0552,0.0404
2019-08-20,0.0635,0.0205,0.0293,0.0404
2019-08-21,0.068,0.0217,0.0261,0.0426
2019-08-22,0.0533,0.0227,0.0195,0.0306
2019-08-23,0.1273,0.0128,0.0262,0.0456
2019-08-24,0.1432,0.0085,0.0416,0.1171
2019-08-25,0.1888,0.0104,0.0214,0.0572
2019-08-26,0.1896,0.0553,0.039,0.081
2019-08-27,0.0938,0.0174,0.038,0.044
2019-08-28,0.0672,0.0245,0.0219,0.0492
2019-08-29,0.0851,0.0213,0.0185,0.0608
2019-08-30,0.1397,0.0271,0.0297,0.0558
2019-08-31,0.0541,0.0081,0.0199,0.042
2019-09-01,0.0475,0.0178,0.0208,0.039
2019-09-02,0.0838,0.0729,0.0143,0.079
2019-09-03,0.0866,0.0223,0.0198,0.0274
2019-09-04,0.0778,0.0318,0.0217,0.0294
2019-09-05,0.0815,0.0128,0.0148,0.0434
2019-09-06,0.0477,0.0148,0.0201,0.0532
2019-09-07,0.0387,0.0118,0.0294,0.0371
2019-09-08,0.0601,0.017,0.036,0.0305
2019-09-09,0.05,0.0145,0.0521,0.0504
2019-09-10,0.0687,0.0112,0.0249,0.0309
2019-09-11,0.0634,0.0135,0.0246,0.0289
2019-09-12,0.0696,0.0104,0.019,0.0329
2019-09-13,0.072,0.0235,0.0123,0.0309
2019-09-14,0.0583,0.0105,0.0401,0.0363
2019-09-15,0.0416,0.0074,0.0227,0.021
2019-09-16,0.1014,0.0157,0.0181,0.0426
2019-09-17,0.0794,0.0357,0.0153,0.0191
2019-09-18,0.0554,0.0127,0.0204,0.0256
2019-09-19,0.0586,0.0291,0.0125,0.0359
2019-09-20,0.1002,0.0141,0.013,0.0298
2019-09-21,0.0659,0.0125,0.0148,0.0357
2019-09-22,0.0969,0.0119,0.0211,0.0218
2019-09-23,0.0818,0.0781,0.1486,0.0543
2019-09-24,0.0972,0.0346,0.0707,0.0794
2019-09-25,0.0993,0.0215,0.0398,0.0335
2019-09-26,0.0796,0.0137,0.024,0.023
2019-09-27,0.0734,0.0165,0.0253,0.0257
2019-09-28,0.0872,0.0049,0.0798,0.0227
2019-09-29,0.0733,0.0087,0.0267,0.0358
2019-09-30,0.1121,0.0467,0.0158,0.0252
2019-10-01,0.106,0.0334,0.0175,0.0507
2019-10-02,0.0942,0.0224,0.0406,0.1173
2019-10-03,0.1057,0.0244,0.03,0.0362
2019-10-04,0.0796,0.0101,0.0203,0.0295
2019-10-05,0.0595,0.0036,0.0331,0.0255
2019-10-06,0.079,0.0132,0.0353,0.0327
2019-10-07,0.0801,0.0208,0.0177,0.0511
2019-10-08,0.0443,0.0064,0.0143,0.0322
2019-10-09,0.0662,0.0096,0.0135,0.0472
2019-10-10,0.0714,0.0341,0.0147,0.0419
2019-10-11,0.0868,0.0191,0.0733,0.0322
2019-10-12,0.0817,0.0084,0.0632,0.0476
2019-10-13,0.1206,0.0105,0.0547,0.0275
2019-10-14,0.085,0.0146,0.0269,0.0509
2019-10-15,0.0838,0.0076,0.0125,0.0222
2019-10-16,0.0752,0.0101,0.0275,0.0167
2019-10-17,0.0401,0.0055,0.0151,0.0189
2019-10-18,0.0412,0.0122,0.0124,0.0234
2019-10-19,0.0304,0.0067,0.0164,0.014
2019-10-20,0.0547,0.0302,0.0469,0.0212
2019-10-21,0.0772,0.0146,0.0163,0.0314
2019-10-22,0.0535,0.0171,0.0232,0.0179
2019-10-23,0.0363,0.0141,0.0137,0.0221
2019-10-24,0.0787,0.0174,0.0265,0.0187
2019-10-25,0.0299,0.0154,0.0158,0.0179
2019-10-26,0.0382,0.009,0.0204,0.0107
2019-10-27,0.0328,0.0204,0.0106,0.0113
2019-10-28,0.0794,0.0125,0.0236,0.0203
2019-10-29,0.0516,0.0099,0.0396,0.0182
2019-10-30,0.0798,0.0385,0.0135,0.0424
2019-10-31,0.0894,0.0137,0.047,0.0228
2019-11-01,0.0513,0.0224,0.0263,0.0315
2019-11-02,0.1025,0.0288,0.0349,0.047
2019-11-03,0.1353,0.0384,0.0238,0.0607
2019-11-04,0.1444,0.0294,0.0151,0.0544
2019-11-05,0.1181,0.0486,0.0253,0.0683
2019-11-06,0.0853,0.0133,0.0204,0.0351
2019-11-07,0.0819,0.0216,0.0077,0.0432
2019-11-08,0.042,0.0097,0.0098,0.0267
2019-11-09,0.0316,0.0057,0.0089,0.0174
2019-11-10,0.0379,0.0037,0.0095,0.0196
2019-11-11,0.1087,0.0144,0.006,0.0271
2019-11-12,0.047,0.0137,0.0131,0.03
2019-11-13,0.0645,0.0186,0.0066,0.0215
2019-11-14,0.0854,0.0089,0.0131,0.0197
2019-11-15,0.0479,0.0067,0.0127,0.0144
2019-11-16,0.0595,0.0055,0.0485,0.0302
2019-11-17,0.0414,0.0072,0.0083,0.0183
2019-11-18,0.07,0.0193,0.0116,0.0151
2019-11-19,0.0338,0.0085,0.0192,0.0209
2019-11-20,0.0403,0.0089,0.0161,0.0199
2019-11-21,0.0396,0.0075,0.0126,0.0155
2019-11-22,0.0573,0.0125,0.0105,0.0384
2019-11-23,0.0421,0.013,0.0139,0.013
2019-11-24,0.0313,0.0037,0.0098,0.0135
2019-11-25,0.0506,0.0182,0.0101,0.0267
2019-11-26,0.0537,0.0057,0.0141,0.0191
2019-11-27,0.0329,0.0066,0.0127,0.0125
2019-11-28,0.0464,0.0213,0.0065,0.0437
2019-11-29,0.0437,0.0137,0.0073,0.0162
2019-11-30,0.0243,0.0082,0.0049,0.0302
2019-12-01,0.0411,0.0092,0.0139,0.0153
2019-12-02,0.0979,0.0062,0.0082,0.0285
2019-12-03,0.0423,0.0078,0.016,0.02
2019-12-04,0.0801,0.0092,0.0257,0.0221
2019-12-05,0.0366,0.0106,0.0085,0.0173
2019-12-06,0.0258,0.0076,0.0086,0.0168
2019-12-07,0.0247,0.0051,0.0103,0.0122
2019-12-08,0.046,0.007,0.0063,0.0137
2019-12-09,0.061,0.0102,0.0272,0.0368
2019-12-10,0.0452,0.0111,0.0169,0.0253
2019-12-11,0.0408,0.011,0.0426,0.0191
2019-12-12,0.0366,0.0116,0.0206,0.0183
2019-12-13,0.054,0.0104,0.0092,0.0221
2019-12-14,0.0327,0.0059,0.0129,0.0182
2019-12-15,0.0387,0.0368,0.0201,0.0413
2019-12-16,0.0781,0.0262,0.0177,0.0189
2019-12-17,0.0442,0.0096,0.0334,0.0211
2019-12-18,0.0398,0.0162,0.0199,0.0191
2019-12-19,0.0442,0.0235,0.037,0.0221
2019-12-20,0.0318,0.0255,0.0144,0.0283
2019-12-21,0.0512,0.0164,0.043,0.0138
2019-12-22,0.0375,0.0115,0.0209,0.0115
2019-12-23,0.0588,0.015,0.0417,0.0227
2019-12-24,0.0357,0.0128,0.0172,0.0249
2019-12-25,0.0545,0.0087,0.0178,0.0269
2019-12-26,0.054,0.0092,0.0198,0.0273
2019-12-27,0.0668,0.0149,0.0253,0.0291
2019-12-28,0.0395,0.0073,0.0289,0.0362
2019-12-29,0.0581,0.0096,0.0505,0.0733
2019-12-30,0.0895,0.0107,0.0214,0.0707
2019-12-31,0.11,0.0233,0.0269,0.0479
2020-01-01,0.0882,0.0243,0.0464,0.0437
2020-01-02,0.0455,0.0131,0.0149,0.0236
2020-01-03,0.1371,0.0091,0.0226,0.0327
2020-01-04,0.0479,0.0066,0.0259,0.0169
2020-01-05,0.0585,0.0074,0.0283,0.0221
2020-01-06,0.0485,0.0167,0.0515,0.0301
2020-01-07,0.0537,0.012,0.0297,0.0465
2020-01-08,0.2327,0.0101,0.0424,0.0469
2020-01-09,0.0993,0.0099,0.043,0.0337
2020-01-10,0.0651,0.0079,0.0508,0.0205
2020-01-11,0.035,0.0048,0.0443,0.0196
2020-01-12,0.0509,0.0053,0.0418,0.0171
2020-01-13,0.0813,0.0077,0.0351,0.0642
2020-01-14,0.0533,0.0125,0.0174,0.0713
2020-01-15,0.0373,0.0177,0.0095,0.0228
2020-01-16,0.0664,0.019,0.0239,0.0463
2020-01-17,0.0373,0.0131,0.0182,0.0242
2020-01-18,0.0393,0.0061,0.0208,0.0167
2020-01-19,0.035,0.0055,0.0229,0.014
2020-01-20,0.0534,0.009,0.0288,0.018
2020-01-21,0.0469,0.0167,0.0146,0.0169
2020-01-22,0.0424,0.0145,0.0193,0.0264
2020-01-23,0.0528,0.0081,0.0145,0.0139
2020-01-24,0.0298,0.0063,0.0111,0.0104
2020-01-25,0.053,0.0031,0.026,0.0144
2020-01-26,0.0513,0.0031,0.0149,0.0115
2020-01-27,0.0379,0.0056,0.0221,0.0272
2020-01-28,0.0464,0.0123,0.0174,0.0134
2020-01-29,0.0709,0.0039,0.014,0.0114
2020-01-30,0.0745,0.0102,0.0181,0.0181
2020-01-31,0.0357,0.0074,0.0072,0.0146
2020-02-01,0.028,0.0104,0.0107,0.019
2020-02-02,0.0329,0.0084,0.0135,0.0172
2020-02-03,0.0664,0.1117,0.0199,0.1111
2020-02-04,0.044,0.0098,0.0132,0.0386
2020-02-05,0.0344,0.0229,0.0115,0.035
2020-02-06,0.023,0.0122,0.0094,0.0279
2020-02-07,0.0466,0.0072,0.0183,0.0249
2020-02-08,0.0255,0.0047,0.0191,0.0117
2020-02-09,0.0158,0.0052,0.0192,0.014
2020-02-10,0.0266,0.0228,0.0107,0.0208
2020-02-11,0.0212,0.016,0.0089,0.0141
2020-02-12,0.018,0.0049,0.0086,0.0325
2020-02-13,0.0312,0.0041,0.012,0.0172
2020-02-14,0.0226,0.0061,0.0106,0.0148
2020-02-15,0.0257,0.0095,0.0068,0.0159
2020-02-16,0.0169,0.0065,0.0084,0.0176
2020-02-17,0.034,0.0103,0.0323,0.0136
2020-02-18,0.0236,0.0068,0.0117,0.0381
2020-02-19,0.0287,0.0066,0.0098,0.0113
2020-02-20,0.0276,0.0068,0.0105,0.0111
2020-02-21,0.0275,0.0061,0.0139,0.0167
2020-02-22,0.0284,0.0064,0.0203,0.0135
2020-02-23,0.0425,0.0131,0.019,0.0149
2020-02-24,0.0673,0.0073,0.0181,0.0168
2020-02-25,0.0469,0.0073,0.0165,0.0126
2020-02-26,0.0375,0.0054,0.0167,0.0135
2020-02-27,0.024,0.0076,0.0101,0.0131
2020-02-28,0.1042,0.0109,0.0156,0.0154
2020-02-29,0.0342,0.01,0.0308,0.0184
2020-03-01,0.0233,0.0336,0.0418,0.0085
2020-03-02,0.0316,0.0107,0.0105,0.0342
2020-03-03,0.0236,0.0065,0.0113,0.0123
2020-03-04,0.0164,0.0051,0.0115,0.0078
2020-03-05,0.0203,0.0045,0.0101,0.0122
2020-03-06,0.0197,0.0059,0.014,0.0153
2020-03-07,0.0203,0.0093,0.0143,0.009
2020-03-08,0.0167,0.0033,0.0511,0.0109
2020-03-09,0.0188,0.0086,0.0106,0.0168
2020-03-10,0.013,0.0061,0.0035,0.0155
2020-03-11,0.0133,0.0031,0.0078,0.0099
2020-03-12,0.015,0.002,0.0184,0.0106
2020-03-13,0.0149,0.0068,0.007,0.0078
2020-03-14,0.0118,0.0064,0.0105,0.0092
2020-03-15,0.0112,0.0053,0.0059,0.0119
2020-03-16,0.02,0.0069,0.0059,0.0081
2020-03-17,0.0164,0.0068,0.0072,0.007
2020-03-18,0.0135,0.0029,0.0042,0.0068
2020-03-19,0.0164,0.0037,0.0118,0.0136
2020-03-20,0.0129,0.0027,0.0127,0.0067
2020-03-21,0.0115,0.0024,0.0091,0.0073
2020-03-22,0.0189,0.0043,0.0122,0.0198
2020-03-23,0.0404,0.0036,0.0074,0.005
2020-03-24,0.0579,0.0185,0.0055,0.0091
2020-03-25,0.0508,0.0072,0.0125,0.0097
2020-03-26,0.0201,0.0045,0.0103,0.0105
2020-03-27,0.0645,0.0502,0.0494,0.025
2020-03-28,0.0304,0.005,0.0075,0.0122
2020-03-29,0.0132,0.0034,0.0065,0.0183
2020-03-30,0.0138,0.0047,0.0051,0.0176
2020-03-31,0.0136,0.0255,0.0071,0.0132
2020-04-01,0.0224,0.0048,0.0131,0.0196
2020-04-02,0.0247,0.0046,0.0344,0.0074
2020-04-03,0.028,0.0053,0.0084,0.0102
2020-04-04,0.0181,0.0057,0.0127,0.0083
2020-04-05,0.0,0.0029,0.0151,0.009
2020-04-06,0.0,0.0071,0.0041,0.018
2020-04-07,0.0,0.007,0.0088,0.0129
2020-04-08,0.0,0.0063,0.0055,0.016
2020-04-09,0.0,0.0061,0.0065,0.0157
2020-04-10,0.0,0.0035,0.0163,0.014
2020-04-11,0.0,0.024,0.0084,0.0095
2020-04-12,0.0773,0.0068,0.0072,0.0113
2020-04-13,0.078,0.0086,0.0074,0.0175
2020-04-14,0.0133,0.0043,0.0047,0.0114
2020-04-15,0.0153,0.007,0.0048,0.0131
2020-04-16,0.0159,0.0035,0.0043,0.0088
2020-04-17,0.026,0.0085,0.0179,0.0083
2020-04-18,0.0473,0.0095,0.0335,0.0112
2020-04-19,0.0167,0.0058,0.0072,0.0091
2020-04-20,0.0151,0.0056,0.0076,0.0096
2020-04-21,0.015,0.0126,0.0057,0.0186
2020-04-22,0.0169,0.003,0.0049,0.0128
2020-04-23,0.0156,0.0059,0.0072,0.0102
2020-04-24,0.0251,0.0095,0.0334,0.0163
2020-04-25,0.0198,0.0076,0.0089,0.0109
2020-04-26,0.0189,0.0071,0.0125,0.0082
2020-04-27,0.0181,0.0031,0.0129,0.0124
2020-04-28,0.0271,0.003,0.0074,0.0114
2020-04-29,0.0385,0.003,0.0096,0.0104
2020-04-30,0.0218,0.0049,0.0113,0.0109
2020-05-01,0.0152,0.0025,0.0075,0.0135
2020-05-02,0.02,0.0024,0.0107,0.0114
2020-05-03,0.0183,0.0037,0.0156,0.0819
2020-05-04,0.0803,0.0108,0.0099,0.0277
2020-05-05,0.0372,0.0054,0.0077,0.0127
2020-05-06,0.0292,0.0046,0.0105,0.0159
2020-05-07,0.0289,0.0036,0.0098,0.0255
2020-05-08,0.0226,0.0029,0.0136,0.0157
2020-05-09,0.0296,0.0013,0.0199,0.0154
2020-05-10,0.0595,0.0033,0.0192,0.0185
2020-05-11,0.034,0.0034,0.0136,0.0172
2020-05-12,0.0271,0.0035,0.0196,0.0104
2020-05-13,0.039,0.005,0.0106,0.0153
2020-05-14,0.0352,0.0026,0.0127,0.0176
2020-05-15,0.0342,0.0032,0.0119,0.0208
2020-05-16,0.03,0.0023,0.01,0.0197
2020-05-17,0.0372,0.0102,0.0098,0.0188
2020-05-18,0.0278,0.0057,0.0073,0.0257
2020-05-19,0.0455,0.0146,0.0181,0.0201
2020-05-20,0.0374,0.0088,0.0096,0.0155
2020-05-21,0.0334,0.0046,0.0085,0.0141
2020-05-22,0.0297,0.0036,0.0067,0.0214
2020-05-23,0.0219,0.0025,0.0042,0.0149
2020-05-24,0.0338,0.0079,0.0115,0.0357
2020-05-25,0.0407,0.0035,0.0118,0.0286
2020-05-26,0.0447,0.0042,0.0164,0.0293
2020-05-27,0.0791,0.0018,0.0487,0.0158
2020-05-28,0.0632,0.0076,0.0219,0.0227
2020-05-29,0.0927,0.0044,0.0369,0.0183
2020-05-30,0.0629,0.006,0.015,0.0257
2020-05-31,0.0561,0.0048,0.0207,0.0199
2020-06-01,0.0687,0.0025,0.0129,0.0205
2020-06-02,0.0502,0.0083,0.0131,0.0292
2020-06-03,0.0555,0.009,0.0092,0.0255
2020-06-04,0.0317,0.0052,0.0063,0.0157
2020-06-05,0.0592,0.005,0.0138,0.0177
2020-06-06,0.0624,0.0031,0.0195,0.0154
2020-06-07,0.0677,0.0045,0.0159,0.017
2020-06-08,0.0714,0.0041,0.0119,0.0272
2020-06-09,0.0532,0.0029,0.0069,0.0161
2020-06-10,0.0507,0.0029,0.0181,0.0146
2020-06-11,0.0333,0.0028,0.0117,0.0135
2020-06-12,0.0354,0.0071,0.0086,0.0166
2020-06-13,0.0394,0.0014,0.0135,0.0176
2020-06-14,0.0443,0.0023,0.0207,0.03
2020-06-15,0.0369,0.0047,0.0125,0.0345
2020-06-16,0.1317,0.0084,0.015,0.0279
2020-06-17,0.1992,0.024,0.039,0.023
2020-06-18,0.1283,0.0092,0.0287,0.0187
2020-06-19,0.1599,0.0086,0.0343,0.0192
2020-06-20,0.1381,0.0067,0.0329,0.0232
2020-06-21,0.0769,0.0034,0.0303,0.0205
2020-06-22,0.0795,0.0057,0.0211,0.0197
2020-06-23,0.0711,0.0068,0.0205,0.0195
2020-06-24,0.0692,0.0079,0.0271,0.0233
2020-06-25,0.0905,0.0051,0.0255,0.02
2020-06-26,0.0502,0.0094,0.0169,0.0242
2020-06-27,0.0598,0.006,0.0163,0.0255
2020-06-28,0.0535,0.0048,0.0147,0.0139
2020-06-29,0.0501,0.0039,0.0443,0.0145
2020-06-30,0.0652,0.005,0.0163,0.0318
2020-07-01,0.0397,0.006,0.0097,0.0174
2020-07-02,0.0472,0.0076,0.0219,0.0134
2020-07-03,0.081,0.0078,0.0282,0.0239
2020-07-04,0.083,0.0022,0.0204,0.0444
2020-07-05,0.0452,0.0086,0.0253,0.0214
2020-07-06,0.0657,0.0075,0.0153,0.0174
2020-07-07,0.1041,0.0051,0.0339,0.015
2020-07-08,0.043,0.0056,0.0164,0.0185
2020-07-09,0.0422,0.0029,0.0166,0.016
2020-07-10,0.0604,0.0047,0.0157,0.0146
2020-07-11,0.0556,0.0043,0.0132,0.01
2020-07-12,0.0627,0.0066,0.0139,0.0128
2020-07-13,0.0517,0.0053,0.0183,0.0162
2020-07-14,0.0376,0.0135,0.0202,0.0221
2020-07-15,0.0372,0.0033,0.0108,0.0149
2020-07-16,0.0315,0.0061,0.0053,0.0144
2020-07-17,0.0382,0.0133,0.0109,0.0179
2020-07-18,0.0628,0.0036,0.0209,0.0284
2020-07-19,0.0459,0.0027,0.0239,0.0208
2020-07-20,0.0429,0.0045,0.0108,0.0211
2020-07-21,0.0388,0.0046,0.0251,0.0127
2020-07-22,0.0293,0.0041,0.009,0.0147
2020-07-23,0.0338,0.0078,0.0074,0.0222
2020-07-24,0.0429,0.0072,0.0127,0.0171
2020-07-25,0.0471,0.004,0.0256,0.0117
2020-07-26,0.0389,0.0051,0.0153,0.0252
2020-07-27,0.0998,0.0036,0.036,0.0206
2020-07-28,0.0753,0.0035,0.0092,0.0564
2020-07-29,0.0374,0.0046,0.0092,0.0123
2020-07-30,0.0407,0.0035,0.0152,0.01
2020-07-31,0.0243,0.0028,0.011,0.0101
2020-08-01,0.034,0.0033,0.0062,0.0132
2020-08-02,0.0734,0.0029,0.0151,0.0514
2020-08-03,0.055,0.0022,0.0133,0.0146
2020-08-04,0.0322,0.0032,0.0179,0.0143
2020-08-05,0.0508,0.0025,0.0215,0.013
2020-08-06,0.0244,0.0035,0.0088,0.0143
2020-08-07,0.0424,0.0067,0.0067,0.021
2020-08-08,0.0411,0.0025,0.0113,0.0113
2020-08-09,0.0374,0.0134,0.0228,0.028
2020-08-10,0.0308,0.006,0.0111,0.0173
2020-08-11,0.0244,0.0045,0.0076,0.0101
2020-08-12,0.0319,0.0045,0.0121,0.0105
2020-08-13,0.0404,0.0031,0.0139,0.0108
2020-08-14,0.0397,0.0029,0.0143,0.01
2020-08-15,0.0494,0.0037,0.0208,0.013
2020-08-16,0.0406,0.0056,0.0163,0.0163
2020-08-17,0.0333,0.0071,0.008,0.0168
2020-08-18,0.0326,0.0071,0.0069,0.0133
2020-08-19,0.0277,0.0024,0.0084,0.0117
2020-08-20,0.0273,0.007,0.0161,0.0103
2020-08-21,0.0185,0.004,0.0063,0.0126
2020-08-22,0.0216,0.004,0.015,0.0073
2020-08-23,0.0402,0.0039,0.0165,0.0071
2020-08-24,0.0395,0.0053,0.0116,0.019
2020-08-25,0.023,0.005,0.0524,0.0272
2020-08-26,0.0326,0.01,0.0208,0.0245
2020-08-27,0.0166,0.002,0.0116,0.0149
2020-08-28,0.0197,0.0012,0.0153,0.0121
2020-08-29,0.039,0.0,0.0219,0.012
2020-08-30,0.0407,0.0021,0.0185,0.009
2020-08-31,0.0665,0.0021,0.0248,0.0067
2020-09-01,0.0527,0.0053,0.0092,0.0099
2020-09-02,0.0679,0.0035,0.0226,0.0134
2020-09-03,0.0501,0.0024,0.0226,0.0074
2020-09-04,0.0421,0.0069,0.0119,0.0153
2020-09-05,0.058,0.0025,0.0497,0.0174
2020-09-06,0.0362,0.0031,0.0146,0.0224
2020-09-07,0.0384,0.0052,0.0149,0.0295
2020-09-08,0.1358,0.0064,0.0148,0.0217
2020-09-09,0.068,0.005,0.0561,0.0331
2020-09-10,0.0614,0.0083,0.0377,0.0108
2020-09-11,0.0534,0.0266,0.0351,0.016
2020-09-12,0.0535,0.0043,0.022,0.0112
2020-09-13,0.0366,0.0076,0.0119,0.0171
2020-09-14,0.0505,0.0092,0.0118,0.0165
2020-09-15,0.0527,0.0094,0.0131,0.0171
2020-09-16,0.041,0.005,0.0088,0.0094
2020-09-17,0.0405,0.0017,0.0096,0.0098
2020-09-18,0.0379,0.007,0.0153,0.0123
2020-09-19,0.0378,0.012,0.0185,0.0218
2020-09-20,0.0293,0.0033,0.0252,0.0098
2020-09-21,0.0234,0.0065,0.0117,0.0168
2020-09-22,0.0379,0.0026,0.0082,0.008
2020-09-23,0.0224,0.0073,0.006,0.0073
2020-09-24,0.0278,0.0045,0.0074,0.0133
2020-09-25,0.0192,0.0035,0.0073,0.0119
2020-09-26,0.033,0.0019,0.0245,0.009
2020-09-27,0.0321,0.0022,0.0161,0.0112
2020-09-28,0.0295,0.0009,0.0116,0.0079
2020-09-29,0.0274,0.0016,0.0131,0.0078
2020-09-30,0.0258,0.002,0.0186,0.0077
2020-10-01,0.0305,0.0066,0.0159,0.0095
2020-10-02,0.0275,0.0025,0.0192,0.0077
2020-10-03,0.0174,0.0021,0.01,0.0116
2020-10-04,0.0233,0.0021,0.0119,0.0109
2020-10-05,0.0264,0.0029,0.015,0.0062
2020-10-06,0.0245,0.0047,0.0076,0.0126
2020-10-07,0.0435,0.0033,0.0115,0.0121
2020-10-08,0.0264,0.0042,0.0129,0.0104
2020-10-09,0.0279,0.0007,0.0257,0.0064
2020-10-10,0.0365,0.0036,0.0154,0.0093
2020-10-11,0.0809,0.0053,0.0123,0.0172
2020-10-12,0.0507,0.0333,0.0291,0.0401
2020-10-13,0.066,0.0047,0.0204,0.0091
2020-10-14,0.0311,0.0074,0.0112,0.0068
2020-10-15,0.0167,0.0063,0.0123,0.0115
2020-10-16,0.0183,0.0083,0.0091,0.0108
2020-10-17,0.038,0.0025,0.024,0.0095
2020-10-18,0.0205,0.0021,0.0604,0.0268
2020-10-19,0.0171,0.0,0.0063,0.0108
2020-10-21,0.023,0.0028,0.0115,0.0095
2020-10-22,0.0366,0.005,0.0069,0.0156
2020-10-23,0.0535,0.0052,0.0105,0.001
2020-10-24,0.0278,0.0096,0.0182,0.0107
2020-10-25,0.1411,0.0716,0.1007,0.0156
2020-10-26,0.0345,0.0079,0.0149,0.0144
2020-10-27,0.0616,0.0232,0.067,0.0112
2020-10-28,0.0513,0.0041,0.0273,0.0114
2020-10-29,0.0278,0.0073,0.01,0.0246
2020-10-30,0.0513,0.0035,0.0156,0.0122
2020-10-31,0.0187,0.0014,0.023,0.0129
2020-11-01,0.0355,0.0038,0.0192,0.0134
2020-11-02,0.0255,0.0056,0.0117,0.0179
2020-11-03,0.0413,0.0035,0.0071,0.0213
2020-11-04,0.0322,0.0039,0.0068,0.0117
2020-11-05,0.0386,0.0086,0.0133,0.0213
2020-11-06,0.0597,0.0095,0.0326,0.0204
2020-11-07,0.0173,0.0049,0.0395,0.0099
2020-11-08,0.0493,0.0085,0.0366,0.0127
2020-11-09,0.0732,0.0032,0.0153,0.0168
2020-11-10,0.0249,0.007,0.0187,0.0171
2020-11-11,0.0324,0.0066,0.0106,0.0232
2020-11-12,0.0268,0.0063,0.0055,0.0118
2020-11-13,0.0675,0.0059,0.0059,0.0176
2020-11-14,0.0384,0.0,0.0288,0.0096
2020-11-15,0.0485,0.0145,0.0145,0.0388
2020-11-16,0.0351,0.0067,0.0103,0.023
2020-11-17,0.0446,0.0068,0.0149,0.0209
2020-11-18,0.0299,0.0092,0.0071,0.0134
2020-11-19,0.0388,0.0067,0.0179,0.0151
2020-11-20,0.0287,0.0079,0.007,0.0224
2020-11-21,0.0183,0.0072,0.0147,0.0115
2020-11-22,0.0259,0.0036,0.0166,0.013
2020-11-23,0.0311,0.0051,0.0078,0.0114
2020-11-24,0.035,0.0038,0.008,0.0196
2020-11-25,0.0244,0.0038,0.0116,0.0139
2020-11-26,0.0382,0.0071,0.0064,0.0288
2020-11-27,0.0267,0.0065,0.0068,0.0215
2020-11-28,0.0641,0.0042,0.053,0.0111
2020-11-29,0.0212,0.0037,0.0114,0.0045
2020-11-30,0.0297,0.0035,0.0307,0.0089
2020-12-01,0.0272,0.0034,0.009,0.013
2020-12-02,0.0299,0.0046,0.0248,0.0153
2020-12-03,0.0396,0.004,0.0085,0.0089
2020-12-04,0.0222,0.0054,0.0092,0.0184
2020-12-05,0.0208,0.0063,0.0108,0.0468
2020-12-06,0.0155,0.0061,0.0106,0.0102
2020-12-07,0.0263,0.0305,0.0208,0.0105
2020-12-08,0.0269,0.003,0.0237,0.008
2020-12-09,0.0132,0.0035,0.0084,0.0084
2020-12-10,0.0175,0.0038,0.0102,0.0098
2020-12-11,0.0132,0.0035,0.0109,0.0093
2020-12-12,0.0122,0.0018,0.0139,0.01
2020-12-13,0.0231,0.0025,0.0251,0.026
2020-12-14,0.0224,0.0031,0.0126,0.0072
2020-12-15,0.0337,0.0037,0.0115,0.0159
2020-12-16,0.0539,0.0076,0.0117,0.0392
2020-12-17,0.0417,0.0083,0.0081,0.0378
2020-12-18,0.0245,0.0073,0.0171,0.0083
2020-12-19,0.0325,0.0084,0.0203,0.0096
2020-12-20,0.0212,0.0034,0.011,0.0115
2020-12-21,0.0247,0.0045,0.0071,0.0113
2020-12-22,0.0311,0.0015,0.0355,0.0186
2020-12-23,0.0305,0.0038,0.03,0.0108
2020-12-24,0.0357,0.0033,0.0106,0.0091
2020-12-25,0.0244,0.0013,0.0248,0.0105
2020-12-26,0.0354,0.0043,0.0161,0.0123
2020-12-27,0.0229,0.0023,0.0307,0.0055
2020-12-28,0.0289,0.0047,0.018,0.0118
2020-12-29,0.0347,0.003,0.0228,0.0095
2020-12-30,0.0205,0.0016,0.0105,0.0059
2020-12-31,0.0453,0.0087,0.0233,0.0124
2021-01-01,0.0268,0.0052,0.0121,0.0208
2021-01-02,0.0353,0.0014,0.0252,0.0119
2021-01-03,0.0321,0.0101,0.0852,0.0169
2021-01-04,0.0206,0.0181,0.0284,0.0284
2021-01-05,0.0174,0.0174,0.0071,0.0268
2021-01-06,0.0405,0.0033,0.0061,0.0054
2021-01-07,0.0235,0.0034,0.0091,0.012
2021-01-08,0.0156,0.0015,0.0064,0.0112
2021-01-09,0.0246,0.0042,0.0108,0.0092
2021-01-10,0.028,0.0034,0.0108,0.0112
2021-01-11,0.0243,0.0039,0.0085,0.0085
2021-01-12,0.0267,0.0073,0.0203,0.0165
2021-01-13,0.0259,0.0018,0.008,0.022
2021-01-14,0.0183,0.0021,0.0074,0.007
2021-01-15,0.02,0.0041,0.0082,0.0097
2021-01-16,0.0244,0.0042,0.0107,0.0111
2021-01-17,0.0303,0.0046,0.0227,0.0135
2021-01-18,0.0268,0.0032,0.0128,0.0154
2021-01-19,0.0358,0.0036,0.012,0.0082
2021-01-20,0.0341,0.0026,0.0114,0.0109
2021-01-21,0.0455,0.0023,0.0052,0.0357
2021-01-22,0.0245,0.0019,0.0083,0.0085
2021-01-23,0.0158,0.0023,0.0038,0.0065
2021-01-24,0.0334,0.003,0.0159,0.0124
2021-01-25,0.0548,0.0031,0.0202,0.0268
2021-01-26,0.0287,0.0016,0.0251,0.016
2021-01-27,0.033,0.0032,0.0209,0.0148
2021-01-28,0.0153,0.0055,0.0052,0.0082
2021-01-29,0.0242,0.0034,0.0084,0.006
2021-01-30,0.0361,0.0004,0.0045,0.0094
2021-01-31,0.0169,0.0024,0.0169,0.0072
2021-02-01,0.0299,0.0135,0.0087,0.0117
2021-02-02,0.022,0.0049,0.0093,0.0065
2021-02-03,0.0252,0.0055,0.0411,0.0118
2021-02-04,0.0178,0.0022,0.0128,0.0072
2021-02-05,0.0322,0.0148,0.0194,0.0145
2021-02-06,0.0266,0.0027,0.0085,0.0077
2021-02-07,0.0176,0.0004,0.008,0.0101
2021-02-08,0.0426,0.0041,0.0338,0.0088
2021-02-09,0.0277,0.0033,0.0061,0.0089
2021-02-10,0.0324,0.0043,0.0054,0.0057
2021-02-11,0.0888,0.0094,0.0084,0.0138
2021-02-12,0.0224,0.0023,0.007,0.0055
2021-02-13,0.0328,0.0081,0.0162,0.01
2021-02-14,0.022,0.003,0.0106,0.0051
2021-02-15,0.0173,0.0025,0.0099,0.0068
2021-02-16,0.0147,0.003,0.0066,0.0069
2021-02-17,0.0379,0.0095,0.0114,0.0119
2021-02-18,0.0493,0.0044,0.0215,0.0156
2021-02-19,0.0393,0.0042,0.0193,0.0056
2021-02-20,0.0302,0.0052,0.0413,0.0037
2021-02-21,0.0276,0.0009,0.0116,0.0129
2021-02-22,0.0323,0.0032,0.0148,0.009
2021-02-23,0.0315,0.0019,0.008,0.0051
2021-02-24,0.0229,0.0052,0.0052,0.0126
2021-02-25,0.0269,0.0009,0.0096,0.0096
2021-02-26,0.0252,0.0027,0.011,0.0095
2021-02-27,0.0258,0.0012,0.0223,0.0054
2021-02-28,0.0365,0.0013,0.0335,0.0113
2021-03-01,0.0252,0.0013,0.0162,0.0113
2021-03-02,0.0398,0.0045,0.0123,0.0057
2021-03-03,0.0267,0.0033,0.0079,0.0079
2021-03-04,0.0307,0.004,0.0118,0.0163
2021-03-05,0.0393,0.0146,0.0081,0.0052
2021-03-06,0.0456,0.0043,0.024,0.0073
2021-03-07,0.0355,0.0021,0.0184,0.0064
2021-03-08,0.028,0.0027,0.0187,0.0072
2021-03-09,0.0242,0.0053,0.0127,0.0072
2021-03-10,0.0379,0.0056,0.0141,0.0233
2021-03-11,0.0308,0.0056,0.0099,0.0209
2021-03-12,0.0359,0.002,0.01,0.009
2021-03-13,0.0251,0.0016,0.0173,0.0071
2021-03-14,0.0455,0.0039,0.0108,0.0095
2021-03-15,0.026,0.0054,0.0099,0.013
2021-03-16,0.031,0.0043,0.0103,0.0179
2021-03-17,0.0544,0.0056,0.0192,0.0096
2021-03-18,0.0344,0.0053,0.0209,0.0075
2021-03-19,0.0451,0.0214,0.0108,0.0138
2021-03-20,0.0868,0.0112,0.012,0.0444
2021-03-21,0.0503,0.0057,0.0093,0.0079
2021-03-22,0.0286,0.0044,0.0112,0.0068
2021-03-23,0.0238,0.0019,0.0112,0.0055
2021-03-24,0.0227,0.0036,0.0142,0.0145
2021-03-25,0.0157,0.0026,0.0073,0.0132
2021-03-26,0.0335,0.0017,0.0109,0.0106
2021-03-27,0.0274,0.0067,0.0087,0.0115
2021-03-28,0.0351,0.0039,0.0132,0.0101
2021-03-29,0.0253,0.0027,0.0072,0.0093
2021-03-30,0.0185,0.0019,0.0252,0.0243
2021-03-31,0.0212,0.0038,0.0144,0.0102
2021-04-01,0.0365,0.002,0.0099,0.0164
2021-04-02,0.0159,0.0021,0.012,0.0182
2021-04-03,0.0373,0.0034,0.0129,0.0159
2021-04-04,0.0373,0.0043,0.0184,0.0071
2021-04-05,0.0427,0.0019,0.0079,0.0113
2021-04-06,0.0342,0.0028,0.0118,0.0045
2021-04-07,0.0198,0.0014,0.0068,0.006
2021-04-08,0.0299,0.0069,0.0069,0.0125
2021-04-09,0.0236,0.0118,0.0187,0.0223
2021-04-10,0.03,0.0065,0.0089,0.0085
2021-04-11,0.1004,0.0027,0.0778,0.0358
2021-04-12,0.0195,0.0018,0.0282,0.0068
2021-04-13,0.0216,0.0015,0.0128,0.0115
2021-04-14,0.0341,0.0017,0.0412,0.0111
2021-04-15,0.043,0.0027,0.0399,0.0135
2021-04-16,0.0322,0.0018,0.0181,0.0179
2021-04-17,0.0318,0.0103,0.0111,0.0083
2021-04-18,0.0229,0.0157,0.0063,0.0188
2021-04-19,0.0182,0.0061,0.0053,0.01
2021-04-20,0.0159,0.0037,0.0078,0.0083
2021-04-21,0.0352,0.0045,0.0515,0.0064
2021-04-22,0.0259,0.0024,0.0353,0.0067
2021-04-23,0.0173,0.0155,0.0111,0.0178
2021-04-24,0.0142,0.0004,0.0041,0.0057
2021-04-25,0.0211,0.0031,0.0083,0.007
2021-04-26,0.0182,0.0118,0.0066,0.0089
2021-04-27,0.0434,0.0104,0.0372,0.0146
2021-04-28,0.0184,0.0117,0.0179,0.0088
2021-04-29,0.0585,0.0056,0.0073,0.0178
2021-04-30,0.0261,0.0045,0.0335,0.0134
2021-05-01,0.0273,0.0021,0.0264,0.0196
2021-05-02,0.0312,0.0028,0.0386,0.0098
2021-05-03,0.0223,0.0031,0.0174,0.0119
2021-05-04,0.0395,0.0033,0.0112,0.006
2021-05-05,0.0271,0.0018,0.0079,0.0084
2021-05-06,0.024,0.0045,0.006,0.0098
2021-05-07,0.0144,0.0032,0.0055,0.0063
2021-05-08,0.0409,0.0012,0.0104,0.0144
2021-05-09,0.016,0.0013,0.0285,0.0089
2021-05-10,0.0248,0.0033,0.0298,0.0127
2021-05-11,0.0222,0.0132,0.0082,0.0065
2021-05-12,0.0106,0.0042,0.0084,0.0082
2021-05-13,0.0148,0.0077,0.005,0.0177
2021-05-14,0.0334,0.0041,0.0117,0.0092
2021-05-15,0.0295,0.0359,0.0077,0.0128
2021-05-16,0.0322,0.0949,0.0193,0.0157
2021-05-17,0.0175,0.0041,0.0109,0.006
2021-05-18,0.021,0.003,0.0112,0.0072
2021-05-19,0.0125,0.0074,0.0142,0.0054
2021-05-20,0.0219,0.0027,0.0182,0.0059
2021-05-21,0.0168,0.0034,0.0315,0.0066
2021-05-22,0.0186,0.0012,0.0075,0.0079
2021-05-23,0.0208,0.0037,0.0065,0.0055
2021-05-24,0.0182,0.0026,0.0168,0.0101
2021-05-25,0.0222,0.0054,0.0059,0.011
2021-05-26,0.0149,0.0025,0.0081,0.0111
2021-05-27,0.0152,0.0037,0.0152,0.0072
2021-05-28,0.0228,0.0026,0.0201,0.0053
2021-05-29,0.0219,0.0026,0.0176,0.006
2021-05-30,0.0235,0.0038,0.0122,0.0061
2021-05-31,0.025,0.0025,0.0142,0.0086
2021-06-01,0.0627,0.0005,0.013,0.0056
2021-06-02,0.0304,0.0018,0.0091,0.0047
2021-06-03,0.0168,0.0016,0.0207,0.0079
2021-06-04,0.0165,0.006,0.0157,0.0046
2021-06-05,0.031,0.0013,0.0189,0.0077
2021-06-06,0.0257,0.0065,0.0112,0.0584
2021-06-07,0.0147,0.0025,0.0127,0.0793
2021-06-08,0.0129,0.0018,0.0072,0.0057
2021-06-09,0.0158,0.002,0.0056,0.0048
2021-06-10,0.0225,0.0015,0.0112,0.0074
2021-06-11,0.015,0.0011,0.0083,0.0056
2021-06-12,0.0918,0.0039,0.0103,0.0069
2021-06-13,0.0243,0.0019,0.0048,0.0057
2021-06-14,0.0226,0.0012,0.0305,0.0053
2021-06-15,0.0404,0.0082,0.0214,0.0121
2021-06-16,0.0184,0.002,0.0087,0.0074
2021-06-17,0.0303,0.0105,0.0062,0.0062
2021-06-18,0.0123,0.0027,0.006,0.0022
2021-06-19,0.0358,0.0031,0.0119,0.0066
2021-06-20,0.017,0.0009,0.0128,0.0095
2021-06-21,0.0168,0.0031,0.0117,0.0057
2021-06-22,0.0214,0.0026,0.0125,0.0044
2021-06-23,0.0184,0.0026,0.0133,0.0046
2021-06-24,0.0235,0.0013,0.0173,0.0153
2021-06-25,0.0238,0.0033,0.015,0.0249
2021-06-26,0.0144,0.0026,0.0105,0.0035
2021-06-27,0.0165,0.0231,0.0132,0.0259
2021-06-28,0.0263,0.0042,0.0122,0.0048
2021-06-29,0.0245,0.0066,0.0092,0.0092
2021-06-30,0.0201,0.001,0.0152,0.0239
2021-07-01,0.0128,0.0026,0.0092,0.0167
2021-07-02,0.0204,0.0039,0.0151,0.0779
2021-07-03,0.032,0.0027,0.0379,0.0126
2021-07-04,0.0408,0.0034,0.0291,0.0131
2021-07-05,0.0131,0.0037,0.0186,0.0075
2021-07-06,0.0263,0.0096,0.0203,0.0071
2021-07-07,0.0136,0.0031,0.009,0.0077
2021-07-08,0.0175,0.0034,0.0078,0.0068
2021-07-09,0.0211,0.0047,0.0192,0.0069
2021-07-10,0.0456,0.0004,0.0487,0.0049
2021-07-11,0.0434,0.0014,0.0434,0.015
2021-07-12,0.0142,0.0113,0.0237,0.0107
2021-07-13,0.0132,0.0005,0.0127,0.005
2021-07-14,0.0195,0.0016,0.0143,0.0042
2021-07-15,0.0151,0.0031,0.0128,0.0068
2021-07-16,0.0204,0.0066,0.0127,0.0058
2021-07-17,0.0172,0.0168,0.0233,0.0078
2021-07-18,0.012,0.0235,0.0226,0.0058
2021-07-19,0.0099,0.0067,0.024,0.0082
2021-07-20,0.0124,0.0006,0.0083,0.0085
2021-07-21,0.0331,0.0027,0.009,0.0041
2021-07-22,0.0176,0.0022,0.0091,0.0049
2021-07-23,0.0156,0.0037,0.0071,0.0043
2021-07-24,0.0139,0.0018,0.0072,0.0054
2021-07-25,0.0242,0.0039,0.0339,0.0097
2021-07-26,0.0312,0.0018,0.0235,0.0062
2021-07-27,0.038,0.0035,0.0076,0.0087
2021-07-28,0.0271,0.0019,0.0185,0.0056
2021-07-29,0.0191,0.0029,0.0097,0.0041
2021-07-30,0.0481,0.0183,0.0095,0.0024
2021-07-31,0.0312,0.0033,0.0128,0.0061
2021-08-01,0.03,0.0023,0.0102,0.0074
2021-08-02,0.0343,0.0021,0.0172,0.0046
2021-08-03,0.0372,0.0045,0.0099,0.0045
2021-08-04,0.0181,0.0034,0.0104,0.0153
2021-08-05,0.0327,0.0026,0.0083,0.0051
2021-08-06,0.0257,0.0036,0.0094,0.0029
2021-08-07,0.0131,0.0,0.009,0.0028
2021-08-08,0.016,0.007,0.0097,0.0035
2021-08-09,0.0198,0.0019,0.0101,0.0097
2021-08-10,0.0169,0.0026,0.0139,0.0049
2021-08-11,0.009,0.0004,0.0094,0.0072
2021-08-12,0.0182,0.003,0.0215,0.0067
2021-08-13,0.019,0.0017,0.0463,0.0268
2021-08-14,0.0164,0.0009,0.1378,0.0931
2021-08-15,0.0204,0.0009,0.1512,0.0334
2021-08-16,0.0307,0.0033,0.1269,0.0177
2021-08-17,0.0382,0.0044,0.072,0.0276
2021-08-18,0.0364,0.0022,0.1179,0.0204
2021-08-19,0.0523,0.0015,0.1117,0.0161
2021-08-20,0.0339,0.0053,0.0691,0.0218
2021-08-21,0.0425,0.0073,0.0722,0.0137
2021-08-22,0.0251,0.0034,0.0788,0.0182
2021-08-23,0.0197,0.0024,0.0608,0.0121
2021-08-24,0.0325,0.0017,0.0711,0.0085
2021-08-25,0.0282,0.0024,0.0284,0.0107
2021-08-26,0.02,0.0027,0.0293,0.0167
2021-08-27,0.0232,0.0038,0.1045,0.0291
2021-08-28,0.0327,0.0063,0.111,0.0219
2021-08-29,0.0659,0.0015,0.0337,0.0073
2021-08-30,0.0229,0.0009,0.0443,0.0103
2021-08-31,0.0187,0.0016,0.0711,0.0119
2021-09-01,0.0197,0.0,0.0294,0.0365
2021-09-02,0.0336,0.0056,0.0288,0.0104
2021-09-03,0.021,0.0034,0.0244,0.0091
2021-09-04,0.0269,0.0027,0.0237,0.0105
2021-09-05,0.0308,0.0044,0.064,0.0132
2021-09-06,0.0182,0.0058,0.0269,0.0091
2021-09-07,0.0645,0.0014,0.0961,0.012
2021-09-08,0.0217,0.0056,0.0441,0.0128
2021-09-09,0.0233,0.0019,0.0335,0.0112
2021-09-10,0.0386,0.0034,0.0864,0.0087
2021-09-11,0.0191,0.003,0.0796,0.013
2021-09-12,0.0126,0.0034,0.0252,0.0131
2021-09-13,0.0159,0.004,0.0233,0.0105
2021-09-14,0.0508,0.0018,0.0539,0.0068
2021-09-15,0.0169,0.0042,0.0213,0.0086
2021-09-16,0.0188,0.0029,0.014,0.0143
2021-09-17,0.034,0.0017,0.0231,0.0142
2021-09-18,0.0381,0.003,0.0305,0.0076
2021-09-19,0.0087,0.0034,0.0126,0.0043
2021-09-20,0.025,0.0036,0.0155,0.0158
2021-09-21,0.0191,0.0044,0.0144,0.0191
2021-09-22,0.0341,0.0039,0.0102,0.0118
2021-09-23,0.0483,0.0034,0.0131,0.0181
2021-09-24,0.024,0.0123,0.0176,0.0103
2021-09-25,0.1417,0.0082,0.1301,0.0189
2021-09-26,0.047,0.0047,0.0321,0.0137
2021-09-27,0.0362,0.0065,0.0307,0.0271
2021-09-28,0.0168,0.0027,0.0109,0.0067
2021-09-29,0.022,0.0032,0.0213,0.0267
2021-09-30,0.0209,0.003,0.0204,0.0095
2021-10-01,0.0236,0.0071,0.0163,0.0255
2021-10-02,0.0438,0.0025,0.0172,0.0084
2021-10-03,0.039,0.0009,0.0108,0.0094
2021-10-04,0.0241,0.0028,0.0074,0.0037
2021-10-05,0.0197,0.0024,0.0115,0.0084
2021-10-06,0.0181,0.0042,0.0084,0.0037
2021-10-07,0.0206,0.005,0.0175,0.0097
2021-10-08,0.0551,0.0054,0.0182,0.0098
2021-10-09,0.0436,0.0017,0.0131,0.0144
2021-10-10,0.0398,0.0019,0.0194,0.0102
2021-10-11,0.0345,0.003,0.0229,0.0134
2021-10-12,0.0269,0.0021,0.0328,0.0128
2021-10-13,0.0224,0.0036,0.0117,0.0073
2021-10-14,0.021,0.0024,0.0087,0.0102
2021-10-15,0.0216,0.0031,0.0272,0.0056
2021-10-16,0.038,0.0042,0.0171,0.0079
2021-10-17,0.0213,0.001,0.0088,0.0078
2021-10-18,0.0238,0.002,0.0927,0.0773
2021-10-19,0.0279,0.0013,0.0392,0.034
2021-10-20,0.0244,0.0013,0.0117,0.0086
2021-10-21,0.0145,0.0201,0.0129,0.007
2021-10-22,0.0112,0.003,0.0082,0.0076
2021-10-23,0.024,0.0018,0.0164,0.0098
2021-10-24,0.0356,0.0041,0.0153,0.0137
2021-10-25,0.0338,0.0026,0.0139,0.0124
2021-10-26,0.0226,0.0013,0.012,0.0066
2021-10-27,0.0196,0.0034,0.0118,0.0063
2021-10-28,0.0319,0.0016,0.0181,0.0073
2021-10-29,0.0249,0.0123,0.0101,0.0197
2021-10-30,0.0288,0.0035,0.027,0.007
2021-10-31,0.0304,0.0019,0.022,0.0061
2021-11-01,0.0272,0.0049,0.0092,0.011
2021-11-02,0.017,0.0016,0.0089,0.0121
2021-11-03,0.0195,0.0042,0.0104,0.0049
2021-11-04,0.0187,0.0037,0.0365,0.0056
2021-11-05,0.0175,0.002,0.018,0.0096
2021-11-06,0.0644,0.0035,0.0453,0.037
2021-11-07,0.0173,0.0025,0.0025,0.0056
2021-11-08,0.016,0.0032,0.01,0.0063
2021-11-09,0.0184,0.0016,0.0068,0.0123
2021-11-10,0.0301,0.0057,0.0218,0.0091
2021-11-11,0.02,0.0011,0.0145,0.0247
2021-11-12,0.0306,0.0022,0.0093,0.0074
2021-11-13,0.0314,0.0022,0.0115,0.0128
2021-11-14,0.0275,0.0088,0.0147,0.0078
2021-11-15,0.0182,0.0023,0.0052,0.0049
2021-11-16,0.0224,0.0027,0.0136,0.0075
2021-11-17,0.0205,0.0024,0.0153,0.0034
2021-11-18,0.0176,0.0018,0.0107,0.0055
2021-11-19,0.0184,0.0022,0.0088,0.0066
2021-11-20,0.0239,0.0032,0.0142,0.0106
2021-11-21,0.0206,0.0026,0.0196,0.0041
2021-11-22,0.0171,0.0029,0.006,0.0066
2021-11-23,0.0232,0.0035,0.0181,0.0061
2021-11-24,0.0206,0.0016,0.0135,0.0069
2021-11-25,0.0058,0.0009,0.0055,0.0242
2021-11-26,0.0186,0.0036,0.0088,0.0043
2021-11-27,0.011,0.0018,0.0078,0.0055
2021-11-28,0.02,0.0035,0.0115,0.0105
2021-11-29,0.0208,0.002,0.0098,0.0069
2021-11-30,0.0201,0.0016,0.0161,0.0048
2021-12-01,0.0185,0.0042,0.0089,0.0208
2021-12-02,0.0331,0.007,0.0331,0.024
2021-12-03,0.0161,0.0028,0.0122,0.0072
2021-12-04,0.0399,0.0027,0.0217,0.0089
2021-12-05,0.0415,0.0059,0.0079,0.0321
2021-12-06,0.0457,0.0009,0.0097,0.0194
2021-12-07,0.0327,0.0071,0.009,0.0084
2021-12-08,0.0468,0.0163,0.0209,0.0226
2021-12-09,0.0231,0.0073,0.0241,0.0105
2021-12-10,0.0437,0.0022,0.0346,0.0258
2021-12-11,0.0339,0.0064,0.018,0.0125
2021-12-12,0.0442,0.0034,0.0128,0.0132
2021-12-13,0.0298,0.0044,0.0251,0.0059
2021-12-14,0.029,0.0212,0.0164,0.0081
2021-12-15,0.0196,0.0034,0.011,0.0091
2021-12-16,0.0465,0.008,0.0316,0.0056
2021-12-17,0.0213,0.0022,0.0111,0.0122
2021-12-18,0.02,0.0027,0.012,0.0044
2021-12-19,0.0754,0.002,0.0143,0.0046
2021-12-20,0.026,0.0045,0.0137,0.0084
2021-12-21,0.0155,0.0011,0.0078,0.0105
2021-12-22,0.0242,0.0017,0.006,0.0094
2021-12-23,0.0204,0.0009,0.0142,0.0098
2021-12-24,0.0232,0.0026,0.0127,0.0071
2021-12-25,0.0225,0.0068,0.0116,0.0061
2021-12-26,0.0166,0.0012,0.0107,0.0059
2021-12-27,0.0187,0.004,0.0106,0.0092
2021-12-28,0.0144,0.002,0.0092,0.0049
2021-12-29,0.0162,0.0022,0.0127,0.0098
2021-12-30,0.0418,0.0042,0.0292,0.0209
2021-12-31,0.0816,0.0058,0.0584,0.0371
2022-01-01,0.0723,0.002,0.0703,0.0134
2022-01-02,0.0286,0.0037,0.0118,0.013
2022-01-03,0.0456,0.003,0.0064,0.0275
2022-01-04,0.0387,0.0036,0.0081,0.0084
2022-01-05,0.0253,0.0075,0.0264,0.0069
2022-01-06,0.0193,0.0078,0.0256,0.0135
2022-01-07,0.0283,0.0037,0.0345,0.0086
2022-01-08,0.0156,0.0023,0.0193,0.0083
2022-01-09,0.0071,0.0016,0.0103,0.0033
2022-01-10,0.0133,0.003,0.0076,0.0106
2022-01-11,0.0209,0.005,0.0094,0.011
2022-01-12,0.0213,0.0035,0.0102,0.007
2022-01-13,0.0191,0.0053,0.0056,0.0066
2022-01-14,0.0341,0.0068,0.0099,0.0073
2022-01-15,0.0254,0.0032,0.0127,0.005
2022-01-16,0.0172,0.0025,0.0123,0.0084
2022-01-17,0.0128,0.0019,0.008,0.0042
2022-01-18,0.0213,0.0041,0.0174,0.0036
2022-01-19,0.0139,0.0055,0.0118,0.0118
2022-01-20,0.0202,0.0013,0.0118,0.0063
2022-01-21,0.0201,0.0026,0.0195,0.006
2022-01-22,0.0409,0.0036,0.0129,0.0133
2022-01-23,0.0485,0.001,0.016,0.0055
2022-01-24,0.0179,0.0076,0.0071,0.0056
2022-01-25,0.0225,0.0117,0.0103,0.0079
2022-01-26,0.0369,0.0035,0.0199,0.0073
2022-01-27,0.023,0.0096,0.0222,0.0075
2022-01-28,0.0181,0.0045,0.0181,0.0054
2022-01-29,0.0175,0.0039,0.0118,0.0053
2022-01-30,0.0153,0.0025,0.0233,0.0045
2022-01-31,0.063,0.0016,0.0148,0.0063
2022-02-01,0.028,0.0029,0.0194,0.0088
2022-02-02,0.0219,0.0045,0.0124,0.0065
2022-02-03,0.0244,0.0031,0.0168,0.0059
2022-02-04,0.0321,0.0021,0.0104,0.0045
2022-02-05,0.0338,0.0036,0.0207,0.0365
2022-02-06,0.0973,0.006,0.0964,0.0169
2022-02-07,0.0252,0.0056,0.0174,0.0096
2022-02-08,0.0307,0.0082,0.0099,0.0093
2022-02-09,0.0252,0.0019,0.0139,0.011
2022-02-10,0.0225,0.0024,0.0159,0.0092
2022-02-11,0.0475,0.0017,0.0085,0.0045
2022-02-12,0.0579,0.0022,0.0067,0.0093
2022-02-13,0.0276,0.0063,0.0063,0.0068
2022-02-14,0.0248,0.0024,0.0081,0.0063
2022-02-15,0.0297,0.0019,0.0053,0.0353
2022-02-16,0.0422,0.0052,0.0084,0.0109
2022-02-17,0.024,0.005,0.0047,0.0461
2022-02-18,0.0195,0.0063,0.004,0.0098
2022-02-19,0.0319,0.0072,0.0108,0.0139
2022-02-20,0.0245,0.0075,0.0175,0.009
2022-02-21,0.0232,0.0031,0.0088,0.0141
2022-02-22,0.0498,0.0028,0.0136,0.0188
2022-02-23,0.0375,0.0022,0.0112,0.0123
2022-02-24,0.1059,0.0124,0.0515,0.0249
2022-02-25,0.1572,0.0186,0.0311,0.0475
2022-02-26,0.1115,0.0093,0.0257,0.0488
2022-02-27,0.1184,0.0042,0.0224,0.0368
2022-02-28,0.1606,0.0099,0.0257,0.0242
2022-03-01,0.1557,0.0091,0.0248,0.0341
2022-03-02,0.1358,0.0123,0.0341,0.0381
2022-03-03,0.1284,0.0177,0.0226,0.0405
2022-03-04,0.0667,0.0129,0.0198,0.0285
2022-03-05,0.0754,0.0055,0.0187,0.0217
2022-03-06,0.084,0.0084,0.0227,0.0311
2022-03-07,0.0814,0.0133,0.017,0.0387
2022-03-08,0.1887,0.0144,0.0213,0.0288
2022-03-09,0.0582,0.0109,0.0158,0.0257
2022-03-10,0.0534,0.015,0.0152,0.0335
2022-03-11,0.0528,0.0131,0.0331,0.0262
2022-03-12,0.0476,0.0044,0.0262,0.0232
2022-03-13,0.0659,0.0069,0.0236,0.0644
2022-03-14,0.0457,0.0021,0.0172,0.0266
2022-03-15,0.0598,0.0052,0.0239,0.0239
2022-03-16,0.0385,0.0064,0.0163,0.0241
2022-03-17,0.0413,0.0047,0.0219,0.0271
2022-03-18,0.0549,0.0118,0.0148,0.0142
2022-03-19,0.1085,0.0126,0.0736,0.0233
2022-03-20,0.0702,0.0139,0.0367,0.0145
2022-03-21,0.0477,0.007,0.0245,0.0165
2022-03-22,0.0784,0.0231,0.0662,0.0132
2022-03-23,0.0525,0.0171,0.0221,0.0105
2022-03-24,0.0629,0.0475,0.0276,0.0163
2022-03-25,0.0543,0.0186,0.0236,0.0136
2022-03-26,0.0437,0.0153,0.0509,0.0185
2022-03-27,0.0454,0.0106,0.0212,0.0126
2022-03-28,0.0404,0.0149,0.0285,0.019
2022-03-29,0.0361,0.0553,0.046,0.0131
2022-03-30,0.0561,0.0358,0.0234,0.0129
2022-03-31,0.0915,0.0276,0.0547,0.0287
2022-04-01,0.0575,0.0288,0.0219,0.0187
2022-04-02,0.0656,0.0121,0.0259,0.0188
2022-04-03,0.0728,0.0069,0.0951,0.0233
2022-04-04,0.05,0.008,0.0552,0.0135
2022-04-05,0.0426,0.0102,0.0359,0.0134
2022-04-06,0.0301,0.0084,0.0184,0.0137
2022-04-07,0.0471,0.0119,0.0257,0.0133
2022-04-08,0.0607,0.0096,0.0302,0.0148
2022-04-09,0.0775,0.0113,0.0433,0.0131
2022-04-10,0.0804,0.0353,0.054,0.0125
2022-04-11,0.0728,0.0117,0.0577,0.0129
2022-04-12,0.1091,0.0134,0.0345,0.0142
2022-04-13,0.0562,0.0104,0.0268,0.0153
2022-04-14,0.0408,0.0248,0.0301,0.0112
2022-04-15,0.0415,0.0084,0.0304,0.0248
2022-04-16,0.0401,0.0198,0.0262,0.0173
2022-04-17,0.0364,0.0109,0.0282,0.0217
2022-04-18,0.0613,0.0107,0.0257,0.0096
2022-04-19,0.0623,0.0118,0.0204,0.0124
2022-04-20,0.0447,0.0161,0.0142,0.0144
2022-04-21,0.0572,0.0138,0.0158,0.0096
2022-04-22,0.0409,0.0102,0.0175,0.0087
2022-04-23,0.028,0.0101,0.0165,0.0092
2022-04-24,0.0347,0.0154,0.0173,0.0207
2022-04-25,0.0322,0.0067,0.0124,0.0121
2022-04-26,0.0521,0.051,0.0245,0.0118
2022-04-27,0.047,0.0113,0.0299,0.0113
2022-04-28,0.0241,0.0094,0.0283,0.0078
2022-04-29,0.0468,0.0343,0.0343,0.0134
2022-04-30,0.0444,0.0166,0.0337,0.0079
2022-05-01,0.0377,0.0181,0.0149,0.0117
2022-05-02,0.0318,0.0074,0.0141,0.0085
2022-05-03,0.0509,0.0095,0.0133,0.0079
2022-05-04,0.0257,0.0038,0.0089,0.006
2022-05-05,0.0327,0.0074,0.0085,0.0094
2022-05-06,0.0286,0.0085,0.0097,0.0097
2022-05-07,0.04,0.0086,0.0086,0.0071
2022-05-08,0.0277,0.0075,0.0128,0.0117
2022-05-09,0.0244,0.0076,0.013,0.0101
2022-05-10,0.0357,0.0136,0.0125,0.011
2022-05-11,0.0284,0.0087,0.0115,0.0107
2022-05-12,0.0222,0.007,0.0149,0.0149
2022-05-13,0.0335,0.0111,0.0182,0.0042
2022-05-14,0.0709,0.0148,0.0205,0.0067
2022-05-15,0.0898,0.0069,0.026,0.009
2022-05-16,0.0512,0.0078,0.0205,0.0109
2022-05-17,0.0299,0.0063,0.0125,0.0051
2022-05-18,0.0422,0.0056,0.0186,0.009
2022-05-19,0.0689,0.0101,0.0133,0.0136
2022-05-20,0.0308,0.0144,0.0132,0.0093
2022-05-21,0.0291,0.0105,0.0129,0.0062
2022-05-22,0.0473,0.0181,0.0271,0.0223
2022-05-23,0.0551,0.0117,0.0239,0.0148
2022-05-24,0.115,0.011,0.0533,0.0291
2022-05-25,0.0467,0.0156,0.0221,0.0116
2022-05-26,0.0573,0.0171,0.021,0.013
2022-05-27,0.032,0.0146,0.0124,0.0143
2022-05-28,0.0341,0.0095,0.0145,0.012
2022-05-29,0.0372,0.0068,0.013,0.0062
2022-05-30,0.0292,0.0065,0.0141,0.01
2022-05-31,0.0239,0.0094,0.0124,0.01
2022-06-01,0.0615,0.0117,0.0252,0.0094
2022-06-02,0.0275,0.0059,0.0407,0.0092
2022-06-03,0.0338,0.005,0.0185,0.0086
2022-06-04,0.0277,0.002,0.0196,0.0065
2022-06-05,0.0287,0.0045,0.0236,0.0101
2022-06-06,0.0332,0.0074,0.0168,0.0171
2022-06-07,0.0349,0.0123,0.015,0.015
2022-06-08,0.0251,0.0044,0.0155,0.0249
2022-06-09,0.0529,0.0061,0.0371,0.0085
2022-06-10,0.0367,0.0025,0.0074,0.0099
2022-06-11,0.0292,0.0114,0.0262,0.0124
2022-06-12,0.0347,0.0064,0.0203,0.015
2022-06-13,0.0285,0.0074,0.0068,0.0087
2022-06-14,0.0415,0.0058,0.0139,0.0174
2022-06-15,0.0459,0.0071,0.0128,0.0151
2022-06-16,0.0298,0.0058,0.0123,0.0126
2022-06-17,0.0266,0.0052,0.0101,0.0076
2022-06-18,0.1247,0.0064,0.0177,0.0133
2022-06-19,0.0439,0.0068,0.0282,0.0136
2022-06-20,0.0329,0.0033,0.0266,0.0249
2022-06-21,0.0438,0.0048,0.0166,0.0073
2022-06-22,0.0357,0.0067,0.0152,0.0123
2022-06-23,0.0648,0.0071,0.0177,0.0074
2022-06-24,0.0503,0.0091,0.0169,0.0044
2022-06-25,0.0339,0.0083,0.025,0.0167
2022-06-26,0.0616,0.0185,0.0115,0.0115
2022-06-27,0.036,0.0182,0.0081,0.0104
2022-06-28,0.0286,0.0116,0.0092,0.0074
2022-06-29,0.0303,0.013,0.0047,0.0059
2022-06-30,0.0344,0.0084,0.0069,0.0069
2022-07-01,0.1173,0.0091,0.0189,0.0047
2022-07-02,0.093,0.0084,0.0225,0.0057
2022-07-03,0.0422,0.012,0.016,0.0131
2022-07-04,0.0228,0.0107,0.0125,0.0074
2022-07-05,0.0277,0.0179,0.0118,0.0102
2022-07-06,0.0373,0.0205,0.0355,0.0101
2022-07-07,0.0275,0.0175,0.0169,0.0088
2022-07-08,0.026,0.0181,0.0143,0.0105
2022-07-09,0.0618,0.0242,0.0221,0.0185
2022-07-10,0.05,0.017,0.02,0.0359
2022-07-11,0.097,0.0117,0.0168,0.0141
2022-07-12,0.0338,0.0028,0.0056,0.0087
2022-07-13,0.036,0.0085,0.014,0.0131
2022-07-14,0.0513,0.0076,0.0109,0.007
2022-07-15,0.039,0.0105,0.016,0.0042
2022-07-16,0.0682,0.0415,0.0272,0.0067
2022-07-17,0.0389,0.0412,0.0132,0.0029
2022-07-18,0.0343,0.0141,0.031,0.0084
2022-07-19,0.0428,0.0111,0.0231,0.0068
2022-07-20,0.0402,0.0074,0.023,0.0089
2022-07-21,0.0263,0.0076,0.0104,0.007
2022-07-22,0.0316,0.0076,0.0187,0.0039
2022-07-23,0.0648,0.0096,0.0499,0.0138
2022-07-24,0.0246,0.0078,0.0887,0.009
2022-07-25,0.0288,0.0062,0.0247,0.0113
2022-07-26,0.0505,0.005,0.0256,0.0047
2022-07-27,0.0301,0.0052,0.0325,0.0172
2022-07-28,0.0247,0.0034,0.0231,0.0114
2022-07-29,0.0181,0.0066,0.0115,0.0059
2022-07-30,0.0252,0.0027,0.0294,0.0118
2022-07-31,0.019,0.0053,0.0125,0.0273
2022-08-01,0.0195,0.0059,0.0139,0.0209
2022-08-02,0.0238,0.0067,0.0379,0.0106
2022-08-03,0.0314,0.0141,0.0204,0.0192
2022-08-04,0.0602,0.0259,0.0175,0.0328
2022-08-05,0.0368,0.0112,0.0234,0.0105
2022-08-06,0.0297,0.0031,0.0177,0.0083
2022-08-07,0.0475,0.0071,0.0368,0.0142
2022-08-08,0.0308,0.0064,0.023,0.0156
2022-08-09,0.0275,0.0048,0.0157,0.0266
2022-08-10,0.044,0.0085,0.031,0.013
2022-08-11,0.0241,0.0048,0.0254,0.0093
2022-08-12,0.0359,0.0037,0.0129,0.0074
2022-08-13,0.0643,0.0043,0.0375,0.0139
2022-08-14,0.0567,0.0069,0.0493,0.0106
2022-08-15,0.039,0.002,0.0469,0.0055
2022-08-16,0.0243,0.0039,0.0135,0.0062
2022-08-17,0.0305,0.01,0.011,0.0183
2022-08-18,0.0203,0.0061,0.0048,0.0103
2022-08-19,0.0536,0.0038,0.0115,0.0073
2022-08-20,0.047,0.0092,0.0362,0.0081
2022-08-21,0.0616,0.0038,0.0457,0.0114
2022-08-22,0.0488,0.0068,0.0165,0.0111
2022-08-23,0.0226,0.0019,0.0103,0.01
2022-08-24,0.0275,0.0048,0.0128,0.0115
2022-08-25,0.0326,0.0164,0.0193,0.0193
2022-08-26,0.0198,0.006,0.0087,0.0067
2022-08-27,0.0218,0.0033,0.0147,0.0114
2022-08-28,0.0254,0.0054,0.0145,0.0139
2022-08-29,0.0198,0.0099,0.0124,0.0106
2022-08-30,0.0229,0.009,0.0197,0.0077
2022-08-31,0.0186,0.0032,0.0107,0.006
2022-09-01,0.0228,0.0019,0.009,0.0122
2022-09-02,0.0344,0.0017,0.0263,0.0078
2022-09-03,0.0226,0.011,0.0077,0.0044
2022-09-04,0.0527,0.0041,0.0302,0.0107
2022-09-05,0.0392,0.0045,0.0128,0.0091
2022-09-06,0.0205,0.0052,0.0091,0.0046
2022-09-07,0.0394,0.0062,0.0164,0.0121
2022-09-08,0.0285,0.0027,0.0079,0.0048
2022-09-09,0.0205,0.0017,0.0103,0.0033
2022-09-10,0.0186,0.0021,0.0072,0.0036
2022-09-11,0.0279,0.0041,0.0178,0.0059
2022-09-12,0.0444,0.0025,0.0238,0.0078
2022-09-13,0.0305,0.0031,0.0115,0.0072
2022-09-14,0.0193,0.0037,0.034,0.0069
2022-09-15,0.0714,0.0009,0.0801,0.0056
2022-09-16,0.0862,0.0023,0.0621,0.006
2022-09-17,0.0572,0.0027,0.0363,0.0166
2022-09-18,0.0345,0.0055,0.032,0.0043
2022-09-19,0.0323,0.0035,0.0495,0.0091
2022-09-20,0.035,0.0055,0.022,0.0052
2022-09-21,0.0374,0.0068,0.0231,0.0091
2022-09-22,0.0304,0.0082,0.0118,0.0105
2022-09-23,0.0421,0.0081,0.0131,0.0118
2022-09-24,0.0885,0.0042,0.0199,0.0094
2022-09-25,0.0499,0.0058,0.0226,0.0081
2022-09-26,0.0347,0.0017,0.017,0.009
2022-09-27,0.0238,0.0046,0.0165,0.0059
2022-09-28,0.0422,0.0029,0.027,0.0055
2022-09-29,0.0338,0.0053,0.0115,0.0071
2022-09-30,0.0394,0.0117,0.0224,0.0098
2022-10-01,0.0385,0.0078,0.0156,0.0068
2022-10-02,0.0499,0.0126,0.0186,0.0078
2022-10-03,0.0428,0.0145,0.0265,0.0076
2022-10-04,0.0285,0.0034,0.0163,0.0044
2022-10-05,0.02,0.0037,0.0097,0.007
2022-10-06,0.0333,0.0116,0.0139,0.0085
2022-10-07,0.0295,0.0089,0.0267,0.0096
2022-10-08,0.044,0.0027,0.013,0.0076
2022-10-09,0.0154,0.0047,0.0089,0.0071
2022-10-10,0.0145,0.0022,0.0083,0.0062
2022-10-11,0.0173,0.0061,0.0234,0.0103
2022-10-12,0.0205,0.0038,0.0202,0.0135
2022-10-13,0.017,0.0057,0.0091,0.0085
2022-10-14,0.0301,0.0082,0.0116,0.0103
2022-10-15,0.0309,0.0048,0.0208,0.0053
2022-10-16,0.1376,0.0036,0.0125,0.0072
2022-10-17,0.0211,0.0037,0.0211,0.0126
2022-10-18,0.0246,0.0039,0.0162,0.0087
2022-10-19,0.0415,0.0208,0.0177,0.0115
2022-10-20,0.0296,0.0115,0.009,0.0103
2022-10-21,0.0384,0.0113,0.0268,0.0066
2022-10-22,0.0696,0.0045,0.0178,0.0111
2022-10-23,0.0326,0.0083,0.0166,0.0102
2022-10-24,0.021,0.0039,0.0171,0.0068
2022-10-25,0.0335,0.0048,0.0396,0.0204
2022-10-26,0.0331,0.0159,0.021,0.0134
2022-10-27,0.0359,0.0148,0.0128,0.009
2022-10-28,0.0361,0.0186,0.0152,0.0088
2022-10-29,0.0214,0.0079,0.0186,0.0135
2022-10-30,0.0432,0.0031,0.0364,0.0117
2022-10-31,0.0259,0.0121,0.0142,0.0074
2022-11-01,0.0299,0.0076,0.0213,0.0055
2022-11-02,0.0423,0.0116,0.0208,0.0066
2022-11-03,0.0331,0.0105,0.1319,0.0092
2022-11-04,0.033,0.0094,0.1259,0.0038
2022-11-05,0.0148,0.0037,0.0185,0.0037
2022-11-06,0.0222,0.0114,0.0222,0.0102
2022-11-07,0.0441,0.0071,0.0181,0.0089
2022-11-08,0.0339,0.0117,0.0293,0.0082
2022-11-09,0.0162,0.0052,0.0183,0.0089
2022-11-10,0.0253,0.0052,0.0225,0.0076
2022-11-11,0.023,0.0086,0.0115,0.0029
2022-11-12,0.0492,0.015,0.0228,0.0202
2022-11-13,0.063,0.069,0.0042,0.0121
2022-11-14,0.0524,0.1316,0.0183,0.0096
2022-11-15,0.0357,0.0944,0.0088,0.0256
2022-11-16,0.0356,0.0904,0.0178,0.0209
2022-11-17,0.0448,0.0563,0.0364,0.0336
2022-11-18,0.0245,0.0126,0.0103,0.0218
2022-11-19,0.0288,0.022,0.0226,0.0073
2022-11-20,0.054,0.0223,0.0258,0.0117
2022-11-21,0.0162,0.0106,0.0113,0.0106
2022-11-22,0.0322,0.0309,0.0496,0.0099
2022-11-23,0.0382,0.0293,0.0244,0.0095
2022-11-24,0.0354,0.0168,0.011,0.008
2022-11-25,0.0505,0.0211,0.0176,0.005
2022-11-26,0.0216,0.0047,0.0257,0.0128
2022-11-27,0.0345,0.0073,0.0213,0.0053
2022-11-28,0.0243,0.0164,0.01,0.0089
2022-11-29,0.045,0.0081,0.0246,0.0078
2022-11-30,0.0334,0.0115,0.0388,0.007
2022-12-01,0.0301,0.0157,0.0208,0.008
2022-12-02,0.0328,0.0109,0.0184,0.0058
2022-12-03,0.0277,0.0035,0.0173,0.0058
2022-12-04,0.0503,0.0299,0.0357,0.0312
2022-12-05,0.0458,0.0252,0.0178,0.0149
2022-12-06,0.0491,0.0108,0.0111,0.0111
2022-12-07,0.0436,0.0131,0.0083,0.0086
2022-12-08,0.0489,0.016,0.0253,0.0086
2022-12-09,0.0444,0.0305,0.0135,0.0062
2022-12-10,0.0227,0.0072,0.0172,0.0072
2022-12-11,0.0258,0.0013,0.0187,0.0103
2022-12-12,0.0264,0.0087,0.0141,0.0112
2022-12-13,0.0425,0.0033,0.0091,0.0114
2022-12-14,0.0384,0.0068,0.0187,0.0113
2022-12-15,0.0359,0.0074,0.0211,0.0086
2022-12-16,0.0551,0.0114,0.036,0.0066
2022-12-17,0.0511,0.0038,0.0539,0.0054
2022-12-18,0.0481,0.0062,0.0364,0.0111
2022-12-19,0.058,0.0208,0.0312,0.0156
2022-12-20,0.0337,0.0157,0.0218,0.0133
2022-12-21,0.0489,0.0219,0.0091,0.0057
2022-12-22,0.0403,0.008,0.0198,0.0066
2022-12-23,0.0325,0.0149,0.0157,0.0138
2022-12-24,0.0333,0.0077,0.0143,0.0149
2022-12-25,0.0341,0.0023,0.0235,0.0144
2022-12-26,0.0626,0.0031,0.0303,0.0083
2022-12-27,0.0353,0.0125,0.0357,0.0091
2022-12-28,0.0295,0.0181,0.024,0.0275
2022-12-29,0.044,0.0118,0.0271,0.0177
2022-12-30,0.0358,0.0108,0.0607,0.0112
2022-12-31,0.0496,0.013,0.0755,0.0118
2023-01-01,0.0384,0.0078,0.0519,0.0178
2023-01-02,0.0381,0.0071,0.0432,0.0107
2023-01-03,0.027,0.0062,0.0189,0.0123
2023-01-04,0.0298,0.0082,0.0167,0.0067
2023-01-05,0.0236,0.0038,0.0166,0.0083
2023-01-06,0.0407,0.0023,0.0141,0.0049
2023-01-07,0.015,0.0033,0.0111,0.01
2023-01-08,0.0982,0.017,0.0339,0.0176
2023-01-09,0.1551,0.022,0.0508,0.0234
2023-01-10,0.1385,0.0212,0.0405,0.0261
2023-01-11,0.1117,0.0223,0.0362,0.0242
2023-01-12,0.139,0.0458,0.041,0.0301
2023-01-13,0.1433,0.0192,0.0338,0.0252
2023-01-14,0.1398,0.0179,0.0469,0.0253
2023-01-15,0.1251,0.0328,0.0566,0.0238
2023-01-16,0.1516,0.0204,0.0363,0.0261
2023-01-17,0.1606,0.0207,0.0783,0.024
2023-01-18,0.1373,0.02,0.0408,0.0341
2023-01-19,0.13,0.0218,0.0375,0.024
2023-01-20,0.1412,0.0244,0.0539,0.0231
2023-01-21,0.1626,0.0233,0.058,0.0316
2023-01-22,0.162,0.0292,0.0555,0.0349
2023-01-23,0.1681,0.0306,0.0565,0.0244
2023-01-24,0.1389,0.0235,0.0477,0.0232
2023-01-25,0.1529,0.0234,0.0571,0.0238
2023-01-26,0.1255,0.0228,0.0503,0.053
2023-01-27,0.1437,0.0292,0.0485,0.0348
2023-01-28,0.1566,0.0317,0.0704,0.0291
2023-01-29,0.1591,0.0346,0.087,0.0438
2023-01-30,0.1336,0.0221,0.2392,0.0242
2023-01-31,0.1432,0.0248,0.1806,0.0289
2023-02-01,0.16,0.0281,0.0809,0.0476
2023-02-02,0.1146,0.0194,0.0608,0.0332
2023-02-03,0.1548,0.027,0.0641,0.0364
2023-02-04,0.1348,0.0294,0.0647,0.0278
2023-02-05,0.4287,0.0255,0.3795,0.0344
2023-02-06,0.1754,0.082,0.0896,0.0296
2023-02-07,0.1513,0.0455,0.0606,0.0303
2023-02-08,0.1387,0.0437,0.0576,0.0271
2023-02-09,0.1084,0.0336,0.0515,0.0289
2023-02-10,0.1312,0.0372,0.0554,0.0249
2023-02-11,0.1594,0.0386,0.0612,0.0295
2023-02-12,0.1453,0.0322,0.0601,0.0339
2023-02-13,0.142,0.0407,0.0589,0.0263
2023-02-14,0.1495,0.035,0.0553,0.0283
2023-02-15,0.1063,0.0259,0.0388,0.0202
2023-02-16,0.143,0.0362,0.0565,0.0273
2023-02-17,0.1407,0.0374,0.0503,0.0235
2023-02-18,0.1673,0.0336,0.0623,0.0394
2023-02-19,0.1754,0.0283,0.0791,0.0242
2023-02-20,0.1987,0.0537,0.0919,0.0552
2023-02-21,0.1808,0.0345,0.0774,0.0378
2023-02-22,0.0983,0.0336,0.0496,0.0224
2023-02-23,0.1429,0.0523,0.0665,0.0297
2023-02-24,0.1159,0.029,0.0524,0.0209
2023-02-25,0.1505,0.0191,0.0731,0.0302
2023-02-26,0.1214,0.0156,0.0712,0.0299
2023-02-27,0.0448,0.0105,0.0278,0.0058
2023-02-28,0.1612,0.0379,0.064,0.0306
2023-03-01,0.1508,0.0311,0.0715,0.0299
2023-03-02,0.1127,0.0241,0.041,0.0238
2023-03-03,0.1519,0.0515,0.0448,0.0338
2023-03-04,0.1554,0.0277,0.0761,0.0351
2023-03-05,0.1839,0.0483,0.0757,0.0343
2023-03-06,0.166,0.0377,0.0982,0.0377
2023-03-07,0.1363,0.0305,0.0611,0.029
2023-03-08,0.1187,0.0361,0.0361,0.025
2023-03-09,0.1236,0.0264,0.0459,0.0296
2023-03-10,0.1015,0.0236,0.0398,0.0229
2023-03-11,0.1775,0.0341,0.0819,0.0305
2023-03-12,0.1245,0.0342,0.0539,0.0309
2023-03-13,0.1439,0.0358,0.0494,0.0262
2023-03-14,0.141,0.0479,0.0436,0.0273
2023-03-15,0.088,0.0348,0.0664,0.0182
2023-03-16,0.1333,0.0388,0.0615,0.0339
2023-03-17,0.135,0.0326,0.0545,0.0329
2023-03-18,0.1677,0.0482,0.0681,0.0466
2023-03-19,0.19,0.0461,0.0927,0.0656
2023-03-20,0.1353,0.0358,0.0651,0.0324
2023-03-21,0.1606,0.0527,0.0683,0.0304
2023-03-22,0.0709,0.0184,0.0369,0.0227
2023-03-24,0.0506,0.0227,0.0131,0.0052
2023-03-25,0.0422,0.0105,0.0257,0.0102
2023-03-26,0.1148,0.0222,0.057,0.0243
2023-03-27,0.0914,0.0295,0.0485,0.0175
2023-03-28,0.0496,0.0124,0.031,0.0285
2023-03-29,0.1167,0.0448,0.053,0.0222
2023-03-30,0.1075,0.0267,0.0555,0.0237
2023-03-31,0.111,0.0298,0.0479,0.021
2023-04-01,0.1064,0.0226,0.0629,0.0339
2023-04-02,0.1134,0.0248,0.0473,0.0308
2023-04-03,0.1306,0.0319,0.0456,0.0269
2023-04-04,0.1022,0.0299,0.0373,0.0209
2023-04-05,0.1144,0.0395,0.04,0.0217
2023-04-06,0.1045,0.0281,0.0512,0.0231
2023-04-07,0.1072,0.0283,0.0539,0.0263
2023-04-08,0.1065,0.0314,0.0498,0.0192
2023-04-09,0.1084,0.0254,0.0557,0.0273
2023-04-10,0.1325,0.0377,0.0909,0.0299
2023-04-11,0.1437,0.0348,0.0473,0.0428
2023-04-12,0.1026,0.0276,0.0325,0.0281
2023-04-13,0.1244,0.0236,0.0328,0.028
2023-04-14,0.108,0.0259,0.033,0.0284
2023-04-15,0.1206,0.0323,0.0522,0.0315
2023-04-16,0.1341,0.0686,0.0403,0.0323
2023-04-17,0.0562,0.0198,0.0187,0.0116
2023-04-18,0.0209,0.0145,0.0114,0.0101
2023-04-19,0.017,0.0088,0.0145,0.005
2023-04-20,0.0339,0.0127,0.0161,0.0178
2023-04-21,0.0464,0.0119,0.0312,0.0159
2023-04-22,0.0181,0.0042,0.0181,0.0104
2023-04-23,0.1422,0.0086,0.0931,0.0172
2023-04-24,0.0407,0.0172,0.0198,0.0073
2023-04-25,0.0283,0.0048,0.0125,0.0144
2023-04-26,0.0668,0.0211,0.0154,0.0288
2023-04-27,0.0344,0.0078,0.0184,0.0119
2023-04-28,0.0356,0.0082,0.0181,0.0131
2023-04-29,0.0446,0.0115,0.0178,0.011
2023-04-30,0.0185,0.0118,0.0289,0.0267
2023-05-01,0.0187,0.0073,0.013,0.0057
2023-05-02,0.0175,0.0063,0.0117,0.0175
2023-05-03,0.0293,0.0075,0.0214,0.0079
2023-05-04,0.0145,0.0095,0.0088,0.0044
2023-05-05,0.0544,0.012,0.0389,0.0239
2023-05-06,0.0497,0.0101,0.0387,0.0109
2023-05-07,0.0294,0.023,0.0581,0.0258
2023-05-08,0.0194,0.0132,0.0213,0.0144
2023-05-09,0.0223,0.0074,0.02,0.0183
2023-05-10,0.0235,0.0044,0.0328,0.0064
2023-05-11,0.0178,0.0078,0.0392,0.0091
2023-05-12,0.017,0.0074,0.0475,0.0078
2023-05-13,0.0265,0.0116,0.0635,0.0077
2023-05-14,0.0135,0.0026,0.016,0.0058
2023-05-15,0.0192,0.0027,0.0164,0.0082
2023-05-16,0.0159,0.0027,0.0181,0.0088
2023-05-17,0.037,0.0048,0.0235,0.0107
2023-05-18,0.0469,0.0046,0.0686,0.0272
2023-05-19,0.0602,0.012,0.0517,0.0206
2023-05-20,0.0296,0.0066,0.0222,0.0123
2023-05-21,0.0554,0.0123,0.0203,0.0117
2023-05-22,0.0597,0.0111,0.0491,0.0298
2023-05-23,0.0286,0.0053,0.0175,0.0154
2023-05-24,0.0342,0.0096,0.0146,0.0136
2023-05-25,0.0244,0.0069,0.0217,0.0117
2023-05-26,0.0395,0.0268,0.0141,0.0118
2023-05-27,0.0304,0.0036,0.0161,0.0063
2023-05-28,0.0302,0.0048,0.0172,0.011
2023-05-29,0.0244,0.0033,0.0195,0.0081
2023-05-30,0.0224,0.0053,0.0193,0.0061
2023-05-31,0.0266,0.0082,0.0135,0.0073
2023-06-01,0.0378,0.0071,0.0182,0.0086
2023-06-02,0.022,0.0098,0.0052,0.0046
2023-06-03,0.0226,0.0207,0.0091,0.0052
2023-06-04,0.075,0.0491,0.0287,0.0139
2023-06-05,0.0282,0.0089,0.0089,0.0089
2023-06-06,0.033,0.0124,0.0049,0.0092
2023-06-07,0.0139,0.0035,0.0133,0.0087
2023-06-08,0.0187,0.0082,0.0223,0.0064
2023-06-09,0.0136,0.0071,0.0201,0.0065
2023-06-10,0.0169,0.0015,0.0223,0.0085
2023-06-11,0.0191,0.0023,0.0176,0.0069
2023-06-12,0.0249,0.0041,0.0254,0.0051
2023-06-13,0.0145,0.0053,0.0088,0.0053
2023-06-14,0.0312,0.0091,0.0164,0.0079
2023-06-15,0.0205,0.0071,0.0088,0.0084
2023-06-16,0.0141,0.0026,0.0136,0.0063
2023-06-17,0.0422,0.0081,0.0363,0.0092
2023-06-18,0.0212,0.0099,0.0332,0.0113
2023-06-19,0.031,0.0083,0.0199,0.0144
2023-06-20,0.0294,0.0048,0.0145,0.0105
2023-06-21,0.0225,0.0089,0.0099,0.0099
2023-06-22,0.0396,0.0055,0.0184,0.0083
2023-06-23,0.0207,0.0043,0.0079,0.0037
2023-06-24,0.0259,0.0086,0.0166,0.0166
2023-06-25,0.0138,0.0043,0.0121,0.0069
2023-06-26,0.045,0.0096,0.015,0.0064
2023-06-27,0.0249,0.0263,0.0102,0.0254
2023-06-28,0.0243,0.009,0.0045,0.0096
2023-06-29,0.0311,0.0069,0.0138,0.0098
2023-06-30,0.0138,0.0029,0.0066,0.0036
2023-07-01,0.0209,0.0009,0.0085,0.0076
2023-07-02,0.0387,0.0026,0.0097,0.0018
2023-07-03,0.0401,0.0066,0.0138,0.0046
2023-07-04,0.0341,0.0059,0.037,0.0035
2023-07-05,0.0542,0.0142,0.0274,0.0386
2023-07-06,0.0201,0.0083,0.0195,0.0053
2023-07-07,0.0194,0.0035,0.013,0.0053
2023-07-08,0.0248,0.0025,0.0132,0.0173
2023-07-09,0.0199,0.0028,0.0057,0.0047
2023-07-10,0.014,0.0058,0.0091,0.0091
2023-07-11,0.0199,0.005,0.005,0.0072
2023-07-12,0.0226,0.0194,0.0181,0.0127
2023-07-13,0.0253,0.0104,0.0124,0.0144
2023-07-14,0.0216,0.0068,0.0124,0.0096
2023-07-15,0.0312,0.0073,0.0266,0.0166
2023-07-16,0.034,0.0,0.0147,0.0062
2023-07-17,0.0249,0.0118,0.0136,0.0107
2023-07-18,0.0214,0.0074,0.0153,0.0088
2023-07-19,0.0682,0.0053,0.0065,0.0119
2023-07-20,0.0517,0.0107,0.0094,0.0068
2023-07-21,0.0157,0.0059,0.0085,0.0026
2023-07-22,0.0151,0.0017,0.0101,0.0025
2023-07-23,0.0209,0.0067,0.0104,0.0112
2023-07-24,0.0157,0.0067,0.0084,0.0073
2023-07-25,0.0154,0.0111,0.008,0.008
2023-07-26,0.0245,0.0082,0.0098,0.0136
2023-07-27,0.0399,0.0093,0.015,0.0129
2023-07-28,0.027,0.0073,0.0118,0.0067
2023-07-29,0.0253,0.0035,0.014,0.0262
2023-07-30,0.0349,0.0023,0.0266,0.0137
2023-07-31,0.0229,0.0023,0.024,0.0082
2023-08-01,0.0286,0.0093,0.0075,0.0031
2023-08-02,0.0208,0.0092,0.0086,0.0122
2023-08-03,0.0192,0.0064,0.014,0.007
2023-08-04,0.0307,0.0138,0.0111,0.0101
2023-08-05,0.0279,0.0025,0.0152,0.0178
2023-08-06,0.028,0.0016,0.0257,0.0164
2023-08-07,0.0203,0.0072,0.0137,0.015
2023-08-08,0.0244,0.0138,0.0081,0.015
2023-08-09,0.0324,0.0065,0.011,0.0124
2023-08-10,0.0278,0.0024,0.0121,0.0181
2023-08-11,0.0142,0.0,0.005,0.005
2023-08-12,0.0257,0.0051,0.0271,0.0081
2023-08-13,0.0223,0.0022,0.0287,0.0086
2023-08-14,0.0222,0.0022,0.0161,0.0078
2023-08-15,0.0266,0.0034,0.016,0.0053
2023-08-16,0.0204,0.0,0.0083,0.0083
2023-08-17,0.0243,0.004,0.0079,0.0209
2023-08-18,0.0261,0.0029,0.0046,0.0602
2023-08-19,0.0225,0.0039,0.0085,0.0148
2023-08-20,0.0646,0.0037,0.0084,0.0075
2023-08-21,0.0298,0.0131,0.0022,0.0065
2023-08-22,0.0499,0.0265,0.0297,0.0058
2023-08-23,0.03,0.0044,0.0131,0.0125
2023-08-24,0.0396,0.0109,0.0064,0.0069
2023-08-25,0.0431,0.0251,0.0084,0.0255
2023-08-26,0.0281,0.0067,0.0089,0.0067
2023-08-27,0.0255,0.0046,0.0082,0.0073
2023-08-28,0.0231,0.0051,0.0175,0.0079
2023-08-29,0.0313,0.0046,0.0175,0.0128
2023-08-30,0.032,0.0148,0.0113,0.0089
2023-08-31,0.0227,0.0093,0.0097,0.0083
2023-09-01,0.0392,0.0174,0.0118,0.0112
2023-09-02,0.0222,0.0074,0.02,0.0111
2023-09-03,0.0665,0.006,0.0157,0.0075
2023-09-04,0.0293,0.0063,0.0115,0.0167
2023-09-05,0.0258,0.0083,0.0098,0.0083
2023-09-06,0.0401,0.0085,0.0071,0.0057
2023-09-07,0.039,0.0135,0.0212,0.0164
2023-09-08,0.0502,0.0137,0.0137,0.0177
2023-09-09,0.0642,0.0207,0.0107,0.0114
2023-09-10,0.0291,0.0058,0.0087,0.0194
2023-09-11,0.0265,0.0036,0.0108,0.0099
2023-09-12,0.0347,0.0089,0.008,0.025
2023-09-13,0.0204,0.0111,0.0087,0.0154
2023-09-14,0.0184,0.0045,0.0134,0.0033
2023-09-15,0.0225,0.0055,0.0055,0.0044
2023-09-16,0.0276,0.0111,0.0152,0.0069
2023-09-17,0.0342,0.0043,0.0141,0.0092
2023-09-18,0.0209,0.0039,0.0094,0.0088
2023-09-19,0.1289,0.0095,0.028,0.0101
2023-09-20,0.0688,0.0021,0.0325,0.0068
2023-09-21,0.0777,0.0023,0.0538,0.0082
2023-09-22,0.0668,0.0034,0.0617,0.0045
2023-09-23,0.0713,0.0048,0.0176,0.008
2023-09-24,0.0434,0.0014,0.0161,0.0084
2023-09-25,0.0329,0.004,0.0133,0.0127
2023-09-26,0.0614,0.0049,0.0378,0.0071
2023-09-27,0.0291,0.0039,0.0285,0.0045
2023-09-28,0.023,0.0035,0.028,0.011
2023-09-29,0.0231,0.0081,0.0567,0.0075
2023-09-30,0.0275,0.006,0.0054,0.0033
2023-10-01,0.0265,0.0111,0.0096,0.0066
2023-10-02,0.0246,0.0084,0.0084,0.0052
2023-10-03,0.0397,0.0035,0.0169,0.0035
2023-10-04,0.0166,0.0016,0.0096,0.0075
2023-10-05,0.0268,0.0079,0.0088,0.0162
2023-10-06,0.0168,0.0035,0.0098,0.011
2023-10-07,0.0198,0.0044,0.0121,0.011
2023-10-08,0.0185,0.0076,0.0229,0.0185
2023-10-09,0.0286,0.0043,0.0407,0.0069
2023-10-10,0.0363,0.0095,0.0395,0.0126
2023-10-11,0.0192,0.0069,0.0314,0.0092
2023-10-12,0.0301,0.0047,0.0165,0.0077
2023-10-13,0.0313,0.0095,0.0184,0.0027
2023-10-14,0.0219,0.0021,0.0292,0.0063
2023-10-15,0.0216,0.0051,0.0242,0.0114
2023-10-16,0.0188,0.0196,0.0384,0.0256
2023-10-17,0.0288,0.0165,0.0256,0.0149
2023-10-18,0.0247,0.0059,0.0147,0.0047
2023-10-19,0.0215,0.0113,0.0193,0.0068
2023-10-20,0.0289,0.0044,0.0342,0.0079
2023-10-21,0.026,0.0059,0.0285,0.0059
2023-10-22,0.0106,0.0012,0.0153,0.0588
2023-10-23,0.0227,0.0095,0.0183,0.0499
2023-10-24,0.027,0.0084,0.0208,0.0152
2023-10-25,0.0279,0.0084,0.0121,0.0265
2023-10-26,0.0152,0.0041,0.0152,0.0322
2023-10-27,0.0241,0.0059,0.0182,0.017
2023-10-28,0.0178,0.0198,0.0164,0.0048
2023-10-29,0.0145,0.0072,0.0217,0.009
2023-10-30,0.0215,0.0092,0.0215,0.0085
2023-10-31,0.0159,0.0112,0.0106,0.0094
2023-11-01,0.0142,0.0088,0.0122,0.0041
2023-11-02,0.0192,0.009,0.0126,0.0126
2023-11-03,0.0223,0.0125,0.0164,0.0177
2023-11-04,0.0129,0.0099,0.0228,0.0099
2023-11-05,0.0212,0.0078,0.0141,0.0086
2023-11-06,0.0551,0.009,0.0147,0.0128
2023-11-07,0.0176,0.0047,0.0329,0.0082
2023-11-08,0.0147,0.006,0.0107,0.006
2023-11-09,0.0225,0.0086,0.021,0.0081
2023-11-10,0.0592,0.006,0.0304,0.007
2023-11-11,0.0217,0.0156,0.0096,0.0087
2023-11-12,0.0527,0.0194,0.0118,0.0097
2023-11-13,0.0285,0.0165,0.0157,0.0082
2023-11-14,0.0252,0.0344,0.0097,0.0064
2023-11-15,0.0171,0.0107,0.0164,0.0028
2023-11-16,0.017,0.0401,0.0046,0.0116
2023-11-17,0.0232,0.0068,0.0084,0.0058
2023-11-18,0.0135,0.0048,0.0127,0.0056
2023-11-19,0.0264,0.0104,0.0088,0.008
2023-11-20,0.0194,0.0112,0.0082,0.0067
2023-11-21,0.0252,0.0277,0.0171,0.0086
2023-11-22,0.0136,0.0091,0.0051,0.0051
2023-11-23,0.0308,0.0087,0.0139,0.0116
2023-11-24,0.0271,0.0066,0.01,0.005
2023-11-25,0.0157,0.006,0.0067,0.0105
2023-11-26,0.0172,0.0063,0.0027,0.0099
2023-11-27,0.0176,0.0055,0.0079,0.0049
2023-11-28,0.021,0.0045,0.004,0.0031
2023-11-29,0.0196,0.0049,0.0087,0.0033
2023-11-30,0.0252,0.0051,0.0144,0.0103
2023-12-01,0.0318,0.0046,0.0258,0.0046
2023-12-02,0.0215,0.0041,0.0116,0.0132
2023-12-03,0.0292,0.0232,0.0172,0.0187
2023-12-04,0.0204,0.0032,0.014,0.0038
2023-12-05,0.0219,0.0035,0.0136,0.0065
2023-12-06,0.0226,0.0054,0.0086,0.0075
2023-12-07,0.0193,0.0025,0.0127,0.0158
2023-12-08,0.0139,0.0028,0.0079,0.0042
2023-12-09,0.0103,0.0017,0.0068,0.0034
2023-12-10,0.0251,0.0029,0.0077,0.0058
2023-12-11,0.0344,0.0072,0.0184,0.008
2023-12-12,0.0237,0.0055,0.0187,0.0105
2023-12-13,0.0224,0.0041,0.0114,0.0087
2023-12-14,0.0193,0.0025,0.0131,0.0062
2023-12-15,0.0173,0.0045,0.0186,0.0045
2023-12-16,0.018,0.0041,0.0115,0.0074
2023-12-17,0.0178,0.0033,0.0119,0.0073
2023-12-18,0.0177,0.0021,0.0099,0.0043
2023-12-19,0.0178,0.0023,0.0126,0.0103
2023-12-20,0.0269,0.005,0.019,0.014
2023-12-21,0.02,0.0058,0.0193,0.0084
2023-12-22,0.0169,0.0038,0.018,0.0071
2023-12-23,0.0192,0.0026,0.0211,0.0089
2023-12-24,0.0176,0.0046,0.0194,0.0037
2023-12-25,0.0325,0.0074,0.0443,0.0089
2023-12-26,0.0223,0.0064,0.0274,0.007
2023-12-27,0.0281,0.0034,0.0235,0.0052
2023-12-28,0.0272,0.0057,0.0196,0.0051
2023-12-29,0.0483,0.014,0.0406,0.0121
2023-12-30,0.0519,0.0081,0.0358,0.0179
2023-12-31,0.1712,0.0802,0.2615,0.0116
2024-01-01,0.1525,0.0348,0.1659,0.0157
2024-01-02,0.0378,0.0132,0.0237,0.0141
2024-01-03,0.0321,0.0121,0.0107,0.0079
2024-01-04,0.0186,0.0023,0.0134,0.0111
2024-01-05,0.0169,0.0081,0.0094,0.0438
2024-01-06,0.0217,0.008,0.0123,0.0036
2024-01-07,0.0201,0.0042,0.0151,0.0025
2024-01-08,0.0288,0.0041,0.0137,0.011
2024-01-09,0.0237,0.0056,0.009,0.0113
2024-01-10,0.0259,0.0084,0.0138,0.0108
2024-01-11,0.0205,0.0097,0.0153,0.0097
2024-01-12,0.0168,0.0081,0.0099,0.0052
2024-01-13,0.0211,0.0082,0.0129,0.0102
2024-01-14,0.0232,0.0054,0.0223,0.0116
2024-01-15,0.0259,0.005,0.0043,0.0101
2024-01-16,0.0165,0.0029,0.0222,0.01
2024-01-17,0.0405,0.0043,0.0405,0.0112
2024-01-18,0.0923,0.0041,0.1588,0.0113
2024-01-19,0.0248,0.0031,0.0697,0.0209
2024-01-20,0.0409,0.0034,0.046,0.0085
2024-01-21,0.0339,0.0058,0.028,0.0093
2024-01-22,0.0223,0.0046,0.0107,0.0092
2024-01-23,0.0167,0.005,0.0092,0.0058
2024-01-24,0.0128,0.003,0.0083,0.0053
2024-01-25,0.0308,0.0021,0.0154,0.0069
2024-01-26,0.0259,0.001,0.0122,0.0096
2024-01-27,0.0173,0.0018,0.0068,0.0012
2024-01-28,0.0345,0.0037,0.0112,0.0047
2024-01-29,0.0145,0.009,0.0125,0.0111
2024-01-30,0.0191,0.0021,0.0305,0.0052
2024-01-31,0.0358,0.008,0.0134,0.0064
2024-02-01,0.017,0.0047,0.0082,0.0059
2024-02-02,0.0141,0.0024,0.0182,0.0059
2024-02-03,0.0226,0.0008,0.009,0.006
2024-02-04,0.0216,0.0014,0.0187,0.0115
2024-02-05,0.0271,0.0049,0.0104,0.0042
2024-02-06,0.0206,0.0082,0.0113,0.0062
2024-02-07,0.0313,0.005,0.0746,0.005
2024-02-08,0.0332,0.0065,0.0288,0.0065
2024-02-09,0.0248,0.0059,0.0164,0.0055
2024-02-10,0.0272,0.0068,0.0187,0.0068
2024-02-11,0.0381,0.0112,0.0303,0.0087
2024-02-12,0.0194,0.0036,0.0407,0.0085
2024-02-13,0.0266,0.0043,0.0301,0.0065
2024-02-14,0.0243,0.0132,0.0153,0.0085
2024-02-15,0.0173,0.0035,0.0089,0.0066
2024-02-16,0.0136,0.0077,0.0118,0.0086
2024-02-17,0.0198,0.0027,0.0226,0.0041
2024-02-18,0.017,0.0008,0.02,0.0054
2024-02-19,0.0229,0.0041,0.0212,0.0065
2024-02-20,0.0232,0.0043,0.0274,0.0085
2024-02-21,0.0175,0.0035,0.0125,0.0095
2024-02-22,0.0167,0.004,0.0202,0.0167
2024-02-23,0.0227,0.0019,0.0094,0.0047
2024-02-24,0.0384,0.0149,0.0241,0.0105
2024-02-25,0.0239,0.0053,0.01,0.0053
2024-02-26,0.0303,0.0051,0.0087,0.0101
2024-02-27,0.018,0.0027,0.0073,0.0067
2024-02-28,0.0111,0.0029,0.0087,0.0019
2024-02-29,0.018,0.004,0.014,0.004
2024-03-01,0.0154,0.0011,0.0075,0.0091
2024-03-02,0.0201,0.0035,0.0173,0.0187
2024-03-03,0.016,0.0046,0.0167,0.0091
2024-03-04,0.0168,0.0011,0.0103,0.0049
2024-03-05,0.0283,0.0058,0.0173,0.0079
2024-03-06,0.0171,0.0021,0.0181,0.0098
2024-03-07,0.0236,0.0048,0.0161,0.0054
2024-03-08,0.0118,0.0037,0.015,0.0044
2024-03-09,0.0147,0.0012,0.0112,0.0012
2024-03-10,0.0253,0.0047,0.0294,0.01
2024-03-11,0.0196,0.0045,0.0176,0.0111
2024-03-12,0.0164,0.0018,0.0106,0.0029
2024-03-13,0.0234,0.0035,0.0099,0.0047
2024-03-14,0.0184,0.0006,0.0086,0.0172
2024-03-15,0.0175,0.0031,0.0106,0.0062
2024-03-16,0.0131,0.0015,0.0022,0.0073
2024-03-17,0.0186,0.0025,0.0106,0.0068
2024-03-18,0.012,0.0017,0.0063,0.0057
2024-03-19,0.0256,0.0034,0.0074,0.0063
2024-03-20,0.0266,0.019,0.0219,0.0095
2024-03-21,0.0275,0.0032,0.0253,0.014
2024-03-22,0.0374,0.003,0.0284,0.006
2024-03-23,0.0186,0.0034,0.0179,0.0041
2024-03-24,0.0202,0.0032,0.0138,0.0008
2024-03-25,0.0231,0.0028,0.0417,0.0045
2024-03-26,0.0152,0.0039,0.0231,0.0062
2024-03-27,0.0146,0.0039,0.009,0.0175
2024-03-28,0.0125,0.0036,0.0161,0.0115
2024-03-29,0.0111,0.0011,0.0089,0.0063
2024-03-30,0.0125,0.0012,0.0069,0.0094
2024-03-31,0.0213,0.0062,0.0062,0.0116
2024-04-01,0.0156,0.0039,0.0151,0.0078
2024-04-02,0.0116,0.0029,0.0058,0.0041
2024-04-03,0.0193,0.0025,0.0035,0.0094
2024-04-04,0.0125,0.0051,0.0097,0.0065
2024-04-05,0.0284,0.0053,0.0152,0.0068
2024-04-06,0.0211,0.0046,0.0091,0.0074
2024-04-07,0.0446,0.0115,0.0297,0.0061
2024-04-08,0.0373,0.0042,0.0132,0.0047
2024-04-09,0.0265,0.0011,0.0118,0.0039
2024-04-10,0.0224,0.0024,0.0094,0.0059
2024-04-11,0.0183,0.0033,0.0075,0.0075
2024-04-12,0.0438,0.0075,0.0059,0.0053
2024-04-13,0.032,0.0069,0.0709,0.0094
2024-04-14,0.0301,0.0108,0.02,0.0116
2024-04-15,0.023,0.0059,0.0142,0.0094
2024-04-16,0.0308,0.003,0.0129,0.0144
2024-04-17,0.0276,0.0048,0.0132,0.0102
2024-04-18,0.0252,0.0044,0.0114,0.0059
2024-04-19,0.0186,0.0037,0.0068,0.013
2024-04-20,0.0243,0.0032,0.0141,0.0077
2024-04-21,0.0237,0.0044,0.0175,0.0114
2024-04-22,0.0206,0.0178,0.0162,0.0189
2024-04-23,0.0152,0.0058,0.0088,0.0111
2024-04-24,0.0265,0.0053,0.0127,0.0117
2024-04-25,0.0249,0.0026,0.0106,0.0042
2024-04-26,0.029,0.0041,0.0139,0.0099
2024-04-27,0.013,0.0039,0.0104,0.0098
2024-04-28,0.0245,0.0028,0.0122,0.0075
2024-04-29,0.0194,0.0024,0.0079,0.0079
2024-04-30,0.0155,0.0022,0.0028,0.0111
2024-05-01,0.0169,0.0056,0.0028,0.0084
2024-05-02,0.0125,0.0037,0.0025,0.0044
2024-05-03,0.0584,0.0008,0.028,0.0072
2024-05-04,0.0484,0.004,0.0155,0.0067
2024-05-05,0.0201,0.0,0.0067,0.0115
2024-05-06,0.0185,0.0008,0.008,0.0048
2024-05-07,0.015,0.0021,0.0086,0.0188
2024-05-08,0.0172,0.0053,0.0059,0.0079
2024-05-09,0.0212,0.0085,0.0176,0.0103
2024-05-10,0.0195,0.0045,0.0142,0.0217
2024-05-11,0.017,0.003,0.0089,0.0007
2024-05-12,0.0229,0.0017,0.011,0.0127
2024-05-13,0.0277,0.0055,0.0208,0.009
2024-05-14,0.0263,0.0021,0.0147,0.0084
2024-05-15,0.0253,0.0489,0.011,0.056
2024-05-16,0.0242,0.0055,0.0093,0.0231
2024-05-17,0.0531,0.0122,0.0318,0.0104
2024-05-18,0.0296,0.0048,0.0213,0.0117
2024-05-19,0.0274,0.0026,0.018,0.0069
2024-05-20,0.0266,0.0031,0.0099,0.0161
2024-05-21,0.0209,0.0059,0.0072,0.0098
2024-05-22,0.0106,0.0026,0.0085,0.0095
2024-05-23,0.0232,0.0027,0.0296,0.0055
2024-05-24,0.0382,0.0038,0.0046,0.0191
2024-05-25,0.0188,0.0024,0.013,0.0033
2024-05-26,0.0195,0.0148,0.0109,0.0055
2024-05-27,0.015,0.0078,0.0078,0.0078
2024-05-28,0.0178,0.0071,0.0112,0.0081
2024-05-29,0.0182,0.0018,0.0088,0.0088
2024-05-30,0.0128,0.0057,0.0052,0.0076
2024-05-31,0.0188,0.0029,0.0197,0.0067
2024-06-01,0.0134,0.0038,0.0134,0.0077
2024-06-02,0.0491,0.0036,0.0116,0.0029
2024-06-03,0.0276,0.0048,0.0154,0.0202
2024-06-04,0.024,0.0066,0.0072,0.0168
2024-06-05,0.022,0.004,0.008,0.0085
2024-06-06,0.0254,0.0043,0.0124,0.0048
2024-06-07,0.0233,0.0065,0.0108,0.0082
2024-06-08,0.0164,0.0076,0.0089,0.0051
2024-06-09,0.0197,0.0049,0.0176,0.007
2024-06-10,0.0137,0.003,0.0107,0.0072
2024-06-11,0.0181,0.0044,0.0137,0.0078
2024-06-12,0.0367,0.0037,0.011,0.0088
2024-06-13,0.0303,0.0035,0.0076,0.0081
2024-06-14,0.0285,0.003,0.0055,0.0067
2024-06-15,0.0226,0.0025,0.0113,0.0075
2024-06-16,0.0248,0.019,0.0116,0.0074
2024-06-17,0.0235,0.0084,0.0067,0.0034
2024-06-18,0.0188,0.0028,0.0066,0.1075
2024-06-19,0.0203,0.0104,0.013,0.0333
2024-06-20,0.0331,0.0058,0.01,0.022
2024-06-21,0.024,0.002,0.01,0.0421
2024-06-22,0.0356,0.0076,0.0136,0.0288
2024-06-23,0.0186,0.0035,0.0106,0.0328
2024-06-24,0.025,0.0061,0.011,0.0207
2024-06-25,0.0181,0.0025,0.0087,0.0069
2024-06-26,0.0209,0.0025,0.0099,0.0089
2024-06-27,0.0341,0.0058,0.0261,0.0084
2024-06-28,0.0145,0.0048,0.0078,0.0087
2024-06-29,0.0248,0.0038,0.0089,0.0076
2024-06-30,0.0212,0.0064,0.012,0.0057
2024-07-01,0.0212,0.0068,0.0162,0.0087
2024-07-02,0.0228,0.0061,0.0078,0.0089
2024-07-03,0.0208,0.0062,0.0056,0.0084
2024-07-04,0.0176,0.0026,0.016,0.0145
2024-07-05,0.0165,0.002,0.006,0.008
2024-07-06,0.0121,0.0032,0.0076,0.0057
2024-07-07,0.0176,0.0061,0.0076,0.0046
2024-07-08,0.0237,0.0014,0.0108,0.0142
2024-07-09,0.0229,0.0059,0.0151,0.0092
2024-07-10,0.0222,0.0005,0.0125,0.0056
2024-07-11,0.018,0.0024,0.0088,0.0073
2024-07-12,0.0232,0.0035,0.0066,0.0055
2024-07-13,0.0188,0.003,0.0083,0.0045
2024-07-14,0.0164,0.0007,0.0093,0.005
2024-07-15,0.0235,0.0094,0.0203,0.0089
2024-07-16,0.0181,0.0011,0.0126,0.0049
2024-07-17,0.0185,0.0033,0.0087,0.0033
2024-07-18,0.0154,0.0055,0.0115,0.0071
2024-07-19,0.0217,0.0038,0.0103,0.0109
2024-07-20,0.0176,0.0024,0.0182,0.0049
2024-07-21,0.0213,0.002,0.0187,0.0067
2024-07-22,0.0156,0.0067,0.0056,0.0123
2024-07-23,0.0147,0.0021,0.0126,0.0152
2024-07-24,0.022,0.0035,0.0173,0.0121
2024-07-25,0.0256,0.0042,0.0166,0.0042
2024-07-26,0.0211,0.003,0.0199,0.0103
2024-07-27,0.022,0.0049,0.0204,0.009
2024-07-28,0.0137,0.0021,0.0179,0.0053
2024-07-29,0.0265,0.0012,0.0191,0.0062
2024-07-30,0.022,0.0058,0.0105,0.0084
2024-07-31,0.0181,0.006,0.0106,0.0101
2024-08-01,0.0237,0.0037,0.0079,0.0053
2024-08-02,0.0168,0.005,0.0106,0.005
2024-08-03,0.0142,0.0021,0.0121,0.0057
2024-08-04,0.0226,0.0027,0.0281,0.01
2024-08-05,0.0227,0.0063,0.0177,0.005
2024-08-06,0.0414,0.0241,0.0254,0.0174
2024-08-07,0.0293,0.0047,0.0135,0.024
2024-08-08,0.0242,0.0048,0.0151,0.0073
2024-08-09,0.0204,0.003,0.012,0.0078
2024-08-10,0.0237,0.0042,0.0135,0.0085
2024-08-11,0.0236,0.0056,0.0146,0.0011
2024-08-12,0.0301,0.0029,0.0176,0.0154
2024-08-13,0.0281,0.0054,0.0151,0.0043
2024-08-14,0.023,0.005,0.023,0.0055
2024-08-15,0.0167,0.0006,0.0234,0.0073
2024-08-16,0.0179,0.0008,0.0132,0.0093
2024-08-17,0.0166,0.0014,0.0101,0.0014
2024-08-18,0.0161,0.0029,0.019,0.0066
2024-08-19,0.0144,0.0062,0.0193,0.0056
2024-08-20,0.0239,0.0048,0.0153,0.0096
2024-08-21,0.021,0.0031,0.0169,0.0041
2024-08-22,0.0192,0.0035,0.0091,0.0061
2024-08-23,0.0247,0.0038,0.0089,0.0076
2024-08-24,0.0313,0.0013,0.0204,0.0089
2024-08-25,0.0154,0.0015,0.0147,0.0054
2024-08-26,0.0156,0.0006,0.149,0.0078
2024-08-27,0.0216,0.0035,0.0583,0.0055
2024-08-28,0.0207,0.0039,0.0089,0.0067
2024-08-29,0.0145,0.0032,0.008,0.0102
2024-08-30,0.0128,0.0017,0.0195,0.0056
2024-08-31,0.0279,0.0027,0.0162,0.0081
2024-09-01,0.0249,0.0017,0.0421,0.0301
2024-09-02,0.0119,0.0038,0.0229,0.0162
2024-09-03,0.0218,0.0015,0.0097,0.0068
2024-09-04,0.0231,0.003,0.0075,0.007
2024-09-05,0.0177,0.0078,0.0111,0.0072
2024-09-06,0.0142,0.0037,0.0068,0.0079
2024-09-07,0.0207,0.0024,0.0151,0.0064
2024-09-08,0.0168,0.0076,0.0222,0.0084
2024-09-09,0.0208,0.008,0.0398,0.0061
2024-09-10,0.0193,0.0042,0.0155,0.0063
2024-09-11,0.0324,0.0028,0.0173,0.0022
2024-09-12,0.0195,0.0024,0.016,0.0083
2024-09-13,0.02,0.0029,0.0063,0.0107
2024-09-14,0.0453,0.002,0.0388,0.0066
2024-09-15,0.0716,0.0032,0.0491,0.0056
2024-09-16,0.0227,0.0023,0.0121,0.0045
2024-09-17,0.0171,0.0067,0.0116,0.008
2024-09-18,0.0353,0.0041,0.0321,0.0054
2024-09-19,0.0466,0.0026,0.0397,0.0069
2024-09-20,0.0138,0.0036,0.021,0.0067
2024-09-21,0.0169,0.0695,0.0094,0.0101
2024-09-22,0.0397,0.0575,0.0246,0.0144
2024-09-23,0.0276,0.0066,0.0107,0.0276
2024-09-24,0.0238,0.0053,0.0107,0.0073
2024-09-25,0.0276,0.0042,0.012,0.0062
2024-09-26,0.0251,0.003,0.0072,0.0054
2024-09-27,0.0304,0.0019,0.0089,0.0063
2024-09-28,0.0241,0.0041,0.0145,0.0041
2024-09-29,0.0138,0.0046,0.0132,0.0013
2024-09-30,0.0156,0.0035,0.0168,0.0064
2024-10-01,0.0143,0.0023,0.0109,0.004
2024-10-02,0.019,0.0011,0.0162,0.0078
2024-10-03,0.0156,0.0036,0.0168,0.006
2024-10-04,0.0194,0.0056,0.0082,0.068
2024-10-05,0.0177,0.0021,0.0148,0.0064
2024-10-06,0.0176,0.0029,0.0156,0.0049
2024-10-07,0.0118,0.0056,0.022,0.0062
2024-10-08,0.0165,0.0023,0.0137,0.0063
2024-10-09,0.0219,0.0151,0.0045,0.0106
2024-10-10,0.0088,0.0038,0.0082,0.0071
2024-10-11,0.023,0.0065,0.0165,0.01
2024-10-12,0.0171,0.0075,0.0068,0.0041
2024-10-13,0.0151,0.0087,0.0187,0.0058
2024-10-14,0.0282,0.0034,0.0215,0.0094
2024-10-15,0.0263,0.0026,0.0108,0.0077
2024-10-16,0.0143,0.0041,0.0082,0.0046
2024-10-17,0.0215,0.004,0.006,0.007
2024-10-18,0.0225,0.0029,0.0087,0.0065
2024-10-19,0.0174,0.0087,0.0078,0.0068
2024-10-20,0.0151,0.0042,0.0126,0.0034
2024-10-21,0.0317,0.0052,0.0219,0.0075
2024-10-22,0.0348,0.0042,0.0084,0.0072
2024-10-23,0.048,0.0063,0.0058,0.0111
2024-10-24,0.0427,0.0059,0.0094,0.0064
2024-10-25,0.0376,0.0057,0.012,0.0165
2024-10-26,0.0282,0.0089,0.0589,0.0145
2024-10-27,0.0556,0.0,0.0122,0.0069
2024-10-28,0.0325,0.0053,0.0149,0.0085
2024-10-29,0.0241,0.0039,0.0174,0.0151
2024-10-30,0.0356,0.0086,0.005,0.0128
2024-10-31,0.0257,0.005,0.0056,0.0067
2024-11-01,0.0277,0.0048,0.0277,0.0108
2024-11-02,0.0417,0.0019,0.0155,0.0078
2024-11-03,0.0272,0.0034,0.0136,0.0102
2024-11-04,0.0181,0.0027,0.0071,0.0082
2024-11-05,0.0255,0.0036,0.0107,0.0183
2024-11-06,0.043,0.0094,0.0075,0.0162
2024-11-07,0.0385,0.0079,0.0073,0.0244
2024-11-08,0.0376,0.0029,0.0092,0.015
2024-11-09,0.0306,0.0056,0.2741,0.0129
2024-11-10,0.0489,0.0218,0.0203,0.0248
2024-11-11,0.0272,0.0067,0.0267,0.0145
2024-11-12,0.0318,0.0047,0.01,0.0474
2024-11-13,0.0262,0.0105,0.0128,0.0157
2024-11-14,0.0188,0.0114,0.0074,0.012
2024-11-15,0.032,0.0154,0.008,0.0074
2024-11-16,0.0306,0.0025,0.0074,0.0123
2024-11-17,0.0493,0.005,0.0191,0.0121
2024-11-18,0.0292,0.0149,0.0114,0.012
2024-11-19,0.037,0.0064,0.0051,0.0109
2024-11-20,0.0242,0.0076,0.0071,0.0162
2024-11-21,0.0266,0.0039,0.0177,0.0074
2024-11-22,0.0239,0.0026,0.0099,0.0052
2024-11-23,0.0313,0.0027,0.0041,0.0088
2024-11-24,0.0183,0.0037,0.01,0.0091
2024-11-25,0.0208,0.0028,0.0069,0.0076
2024-11-26,0.0193,0.0222,0.0101,0.0246
2024-11-27,0.0206,0.008,0.0117,0.0206
2024-11-28,0.0523,0.0061,0.0245,0.0226
2024-11-29,0.0483,0.0114,0.0114,0.0114
2024-11-30,0.0241,0.0039,0.0093,0.0101
2024-12-01,0.0392,0.0031,0.0138,0.0123
2024-12-02,0.0477,0.0068,0.0149,0.0136
2024-12-03,0.0549,0.0159,0.0318,0.0207
2024-12-04,0.0811,0.0241,0.0164,0.0503
2024-12-05,0.0481,0.0184,0.0123,0.0179
2024-12-06,0.0442,0.0102,0.0149,0.0221
2024-12-07,0.0368,0.007,0.0149,0.0274
2024-12-08,0.0489,0.0069,0.0137,0.0257
2024-12-09,0.038,0.0091,0.0153,0.0102
2024-12-10,0.0354,0.0203,0.0208,0.0198
2024-12-11,0.0276,0.0065,0.0147,0.0159
2024-12-12,0.0238,0.0092,0.0168,0.0135
2024-12-13,0.0245,0.0109,0.0073,0.0229
2024-12-14,0.0394,0.0091,0.0127,0.0134
2024-12-15,0.0325,0.006,0.0154,0.0145
2024-12-16,0.0424,0.0088,0.0118,0.0218
2024-12-17,0.0274,0.0122,0.0076,0.0101
2024-12-18,0.0279,0.0046,0.0083,0.015
2024-12-19,0.0278,0.0063,0.0073,0.0094
2024-12-20,0.0305,0.0094,0.0123,0.0158
2024-12-21,0.0205,0.0093,0.0167,0.0093
2024-12-22,0.0327,0.0061,0.0255,0.0122
2024-12-23,0.0306,0.0065,0.0118,0.0112
2024-12-24,0.0393,0.0159,0.0181,0.0144
2024-12-25,0.0566,0.0125,0.0227,0.017
2024-12-26,0.0413,0.0231,0.0308,0.0175
2024-12-27,0.0416,0.0177,0.034,0.0183
2024-12-28,0.042,0.0084,0.0168,0.0233
2024-12-29,0.3904,0.0036,0.018,0.0216
2024-12-30,0.085,0.0289,0.0393,0.0321
2024-12-31,0.1084,0.1043,0.0484,0.0326
2025-01-01,0.0543,0.009,0.028,0.0226
2025-01-02,0.0559,0.0108,0.03,0.027
2025-01-03,0.0434,0.0098,0.0232,0.0151
2025-01-04,0.0274,0.0078,0.0245,0.0127
2025-01-05,0.0484,0.0088,0.0231,0.0187
2025-01-06,0.0369,0.01,0.0175,0.015
2025-01-07,0.0272,0.0073,0.0099,0.0066
2025-01-08,0.0349,0.0056,0.0141,0.0085
2025-01-09,0.0353,0.0061,0.0088,0.0375
2025-01-10,0.0219,0.0077,0.0071,0.0058
2025-01-11,0.0355,0.0036,0.0173,0.0091
2025-01-12,0.0395,0.0099,0.0395,0.0212
2025-01-13,0.0312,0.0068,0.0122,0.0106
2025-01-14,0.0259,0.0063,0.0071,0.0315
2025-01-15,0.024,0.0133,0.0106,0.0233
2025-01-16,0.0296,0.0202,0.0238,0.0202
2025-01-17,0.0276,0.0199,0.0218,0.0122
2025-01-18,0.0319,0.0109,0.0109,0.0078
2025-01-19,0.0245,0.01,0.0172,0.0181
2025-01-20,0.048,0.0075,0.0091,0.0256
2025-01-21,0.0409,0.0066,0.0122,0.0085
2025-01-22,0.0617,0.0069,0.008,0.0117
2025-01-23,0.0306,0.0153,0.0122,0.0097
2025-01-24,0.0406,0.0058,0.0185,0.0179
2025-01-25,0.0326,0.0045,0.0127,0.0081
2025-01-26,0.0313,0.0098,0.0049,0.0137
2025-01-27,0.026,0.0079,0.0058,0.013
2025-01-28,0.0315,0.0026,0.011,0.0068
2025-01-29,0.0327,0.0012,0.0077,0.0048
2025-01-30,0.0203,0.0299,0.0083,0.007
2025-01-31,0.0454,0.0501,0.0072,0.0096
2025-02-01,0.0282,0.0033,0.0326,0.0087
2025-02-02,0.0344,0.0082,0.0091,0.0172
2025-02-03,0.0881,0.0172,0.0172,0.0258
2025-02-04,0.0808,0.0123,0.0117,0.0401
2025-02-05,0.0767,0.0134,0.0097,0.0435
2025-02-06,0.0465,0.0218,0.0124,0.0267
2025-02-07,0.0436,0.0095,0.0069,0.024
2025-02-08,0.0377,0.0045,0.0181,0.0249
2025-02-09,0.063,0.006,0.0147,0.0164
2025-02-10,0.1088,0.0092,0.0142,0.0412
2025-02-11,0.0799,0.0104,0.0109,0.0411
2025-02-12,0.0931,0.0086,0.0129,0.0183
2025-02-13,0.1012,0.0093,0.0135,0.0194
2025-02-14,0.0999,0.0056,0.0186,0.0472
2025-02-15,0.0391,0.0051,0.0116,0.0145
2025-02-16,0.0384,0.0086,0.0126,0.0165
2025-02-17,0.0431,0.0129,0.0115,0.038
2025-02-18,0.0424,0.0065,0.017,0.0281
2025-02-19,0.033,0.0075,0.014,0.019
2025-02-20,0.0327,0.0083,0.0122,0.0117
2025-02-21,0.0275,0.0052,0.0069,0.0069
2025-02-22,0.026,0.0019,0.0102,0.0084
2025-02-23,0.03,0.0043,0.0189,0.0146
2025-02-24,0.0533,0.0081,0.0133,0.0126
2025-02-25,0.0466,0.0088,0.011,0.0247
2025-02-26,0.0203,0.0077,0.0044,0.0093
2025-02-27,0.0226,0.033,0.0139,0.0081
2025-02-28,0.0383,0.0068,0.0278,0.0086
2025-03-01,0.0274,0.0023,0.0122,0.0122
2025-03-02,0.0243,0.0053,0.0289,0.0152
2025-03-03,0.0401,0.0075,0.011,0.0116
2025-03-04,0.207,0.0107,0.01,0.0232
2025-03-05,0.1302,0.0055,0.0121,0.0248
2025-03-06,0.0926,0.0059,0.0192,0.025
2025-03-07,0.109,0.0145,0.0247,0.109
2025-03-08,0.0614,0.0028,0.0229,0.0238
2025-03-09,0.0443,0.0067,0.0301,0.0084
2025-03-10,0.0578,0.0092,0.0146,0.0123
2025-03-11,0.0858,0.0058,0.0578,0.0158
2025-03-12,0.0525,0.0061,0.0895,0.0337
2025-03-13,0.0968,0.0098,0.0417,0.0263
2025-03-14,0.1289,0.0906,0.0188,0.016
2025-03-15,0.0386,0.0113,0.0226,0.016
2025-03-16,0.0525,0.0116,0.0249,0.0133
2025-03-17,0.0535,0.0106,0.0174,0.0149
2025-03-18,0.046,0.0142,0.0237,0.0142
2025-03-19,0.0655,0.0301,0.0134,0.0114
2025-03-20,0.0395,0.0137,0.0127,0.0188
2025-03-21,0.0446,0.0151,0.0162,0.0122
2025-03-22,0.061,0.0094,0.0167,0.0167
2025-03-23,0.0355,0.0019,0.0182,0.0134
2025-03-24,0.0723,0.0124,0.0124,0.0521
2025-03-25,0.0571,0.0181,0.0132,0.0337
2025-03-26,0.0468,0.0075,0.0156,0.0248
2025-03-27,0.0506,0.0119,0.015,0.0139
2025-03-28,0.045,0.0073,0.0141,0.0178
2025-03-29,0.0423,0.0059,0.0126,0.02
2025-03-30,0.0518,0.0345,0.0127,0.0311
2025-03-31,0.1167,0.0116,0.007,0.0366
2025-04-01,0.1359,0.0133,0.0069,0.0532
2025-04-02,0.1367,0.0482,0.0196,0.1006
2025-04-03,0.4731,0.1446,0.0541,0.4438
2025-04-04,0.2364,0.0766,0.0302,0.3416
2025-04-05,0.1387,0.0332,0.0162,0.3641
2025-04-06,0.1824,0.0799,0.0673,0.2329
2025-04-07,0.2214,0.1041,0.0699,0.2556
2025-04-08,0.1798,0.0984,0.0347,0.2361
2025-04-09,0.4355,0.0565,0.0758,0.491
2025-04-10,0.3449,0.0523,0.0349,0.3328
2025-04-11,0.2194,0.0307,0.0379,0.2861
2025-04-12,0.1382,0.0532,0.0176,0.1065
2025-04-13,0.1392,0.032,0.0285,0.1582
2025-04-14,0.1069,0.0361,0.0134,0.3143
2025-04-15,0.0949,0.0384,0.022,0.1548
2025-04-16,0.1116,0.036,0.0129,0.1322
2025-04-17,0.115,0.0412,0.028,0.0855
2025-04-18,0.0639,0.0131,0.018,0.0568
2025-04-19,0.0533,0.0131,0.0315,0.0594
2025-04-20,0.1563,0.0272,0.014,0.0755
2025-04-21,0.2358,0.0432,0.0237,0.0767
2025-04-22,0.2375,0.0472,0.1003,0.0895
2025-04-23,0.1795,0.0181,0.0852,0.0628
2025-04-24,0.1739,0.0225,0.1232,0.0674
2025-04-25,0.1938,0.031,0.1225,0.0386
2025-04-26,0.1262,0.01,0.0692,0.0449
2025-04-27,0.13,0.0121,0.097,0.0659
2025-04-28,0.1519,0.0202,0.0585,0.0697
2025-04-29,0.1678,0.0216,0.077,0.0441
2025-04-30,0.1592,0.0331,0.0592,0.0746
2025-05-01,0.1346,0.0196,0.065,0.0604
2025-05-02,0.1222,0.0157,0.0328,0.0699
2025-05-03,0.0922,0.0189,0.0489,0.0589
2025-05-04,0.093,0.0336,0.0568,0.0818
2025-05-05,0.1094,0.0155,0.0458,0.0369
2025-05-06,0.1083,0.0149,0.0619,0.0309
2025-05-07,0.2576,0.0127,0.2272,0.0476
2025-05-08,0.1947,0.0114,0.1379,0.0346
2025-05-09,0.1782,0.0217,0.1272,0.0633
2025-05-10,0.2065,0.0156,0.1798,0.0436
2025-05-11,0.1583,0.021,0.1295,0.0516
2025-05-12,0.2596,0.0183,0.2055,0.0441
2025-05-13,0.1345,0.0175,0.1017,0.0367
2025-05-14,0.0845,0.01,0.0586,0.0348
2025-05-15,0.0878,0.0102,0.0412,0.0316
2025-05-16,0.0858,0.0172,0.0422,0.0372
2025-05-17,0.0565,0.0062,0.0349,0.0195
2025-05-18,0.0569,0.0064,0.0431,0.0211
2025-05-19,0.0602,0.0152,0.0381,0.0183
2025-05-20,0.0737,0.0088,0.0309,0.0324
2025-05-21,0.0969,0.0114,0.0746,0.0699
2025-05-22,0.0628,0.0098,0.0372,0.025
2025-05-23,0.1383,0.0067,0.0306,0.0471
2025-05-24,0.1465,0.0059,0.0555,0.0407
2025-05-25,0.0853,0.0505,0.0373,0.0373
2025-05-26,0.0686,0.0547,0.0234,0.0703
2025-05-27,0.0493,0.0139,0.0215,0.0236
2025-05-28,0.0442,0.0095,0.0186,0.0226
2025-05-29,0.1309,0.0102,0.0231,0.0413
2025-05-30,0.0697,0.0144,0.0317,0.0213
2025-05-31,0.0542,0.0034,0.0339,0.0113
2025-06-01,0.0517,0.0073,0.0255,0.0546
2025-06-02,0.0478,0.0121,0.0222,0.0232
2025-06-03,0.067,0.0156,0.0192,0.0306
2025-06-04,0.0531,0.0099,0.0333,0.0266
2025-06-05,0.0527,0.0137,0.0252,0.0226
2025-06-06,0.0543,0.005,0.0276,0.0201
2025-06-07,0.0338,0.006,0.0338,0.0192
2025-06-08,0.0273,0.0106,0.0132,0.0194
2025-06-09,0.0408,0.0242,0.0226,0.037
2025-06-10,0.0418,0.0089,0.0104,0.0146
2025-06-11,0.0458,0.0074,0.0149,0.0092
2025-06-12,0.0582,0.0043,0.02,0.0156
2025-06-13,0.0613,0.015,0.0253,0.0078
2025-06-14,0.0505,0.0121,0.0196,0.0159
2025-07-02,0.0501,0.0116,0.0199,0.0251
2025-07-03,0.0505,0.0176,0.0182,0.0562
2025-07-04,0.0403,0.0171,0.0244,0.0513
2025-07-05,0.0601,0.0136,0.016,0.0794
2025-07-06,0.0537,0.0196,0.0111,0.0724
2025-07-07,0.0977,0.0475,0.011,0.0922
2025-07-08,0.1144,0.1088,0.0185,0.1232
2025-07-09,0.0853,0.0495,0.0234,0.0957
2025-07-10,0.0519,0.0379,0.019,0.0602
2025-07-11,0.0566,0.027,0.0218,0.0535
2025-07-12,0.0424,0.0186,0.0223,0.0416
2025-07-13,0.0576,0.0261,0.0468,0.0486
2025-07-14,0.0648,0.0258,0.0145,0.0549
2025-07-15,0.0759,0.0147,0.0122,0.0319
2025-07-16,0.0634,0.0245,0.0106,0.0267
2025-07-17,0.0395,0.0215,0.011,0.0261
2025-07-18,0.0634,0.0312,0.0109,0.0145
2025-07-19,0.0452,0.0143,0.0258,0.0093
2025-07-20,0.0418,0.0125,0.0205,0.0178
2025-07-21,0.0558,0.012,0.0173,0.0279
2025-07-22,0.0615,0.0187,0.0109,0.0387
2025-07-23,0.0333,0.0231,0.0081,0.0145
2025-07-24,0.0237,0.0156,0.0176,0.0156
2025-07-25,0.034,0.0156,0.0236,0.0311
2025-07-26,0.0544,0.028,0.0472,0.0232
2025-07-27,0.0843,0.0421,0.0444,0.0377
2025-07-28,0.0629,0.0656,0.0248,0.0697
2025-07-29,0.0666,0.0646,0.0226,0.062
2025-07-30,0.0565,0.0227,0.0169,0.0203
2025-07-31,0.1169,0.0336,0.0419,0.0408
2025-08-01,0.1441,0.0455,0.0854,0.0809
2025-08-02,0.0903,0.0379,0.0599,0.0455
2025-08-03,0.0647,0.0129,0.0226,0.0265
2025-08-04,0.0979,0.0188,0.0161,0.0382
2025-08-05,0.0984,0.0109,0.0219,0.0195
2025-08-06,0.1507,0.0176,0.0323,0.0317
2025-08-07,0.1475,0.0143,0.0361,0.0382
2025-08-08,0.0839,0.0137,0.0244,0.0298
2025-08-09,0.0726,0.0062,0.0212,0.011
2025-08-10,0.0931,0.0117,0.0154,0.0181
2025-08-11,0.0561,0.0073,0.0211,0.0145
2025-08-12,0.0701,0.0033,0.0369,0.0141
2025-08-13,0.0668,0.0088,0.03,0.0516
2025-08-14,0.0614,0.0054,0.0256,0.0147
2025-08-15,0.062,0.0205,0.0229,0.0386
2025-08-16,0.075,0.0132,0.0181,0.0208
2025-08-17,0.0655,0.0062,0.0117,0.0094
2025-08-18,0.0665,0.0048,0.0199,0.026
2025-08-19,0.0596,0.0074,0.0263,0.0155
2025-08-20,0.0696,0.0215,0.0232,0.0255
2025-08-21,0.0466,0.0244,0.0233,0.0261
2025-08-22,0.0319,0.0044,0.017,0.0082
2025-08-23,0.0393,0.0017,0.0196,0.0077
2025-08-24,0.0507,0.0136,0.0136,0.0136
2025-08-25,0.0416,0.0042,0.0201,0.009
2025-08-26,0.0358,0.0103,0.0152,0.013
2025-08-27,0.0681,0.0037,0.0169,0.0123
2025-08-28,0.0431,0.0078,0.0168,0.0095
2025-08-29,0.0442,0.0064,0.0133,0.0192
2025-08-30,0.0819,0.028,0.0421,0.031
2025-08-31,0.0817,0.0257,0.0466,0.0152
2025-09-01,0.1194,0.0213,0.052,0.0171
2025-09-02,0.0798,0.0119,0.035,0.0231
2025-09-03,0.0805,0.0117,0.0344,0.0148
2025-09-04,0.0702,0.0094,0.0168,0.0136
2025-09-05,0.0437,0.0042,0.0281,0.0146
2025-09-06,0.0398,0.0071,0.0173,0.0135
2025-09-07,0.0449,0.0052,0.0181,0.0164
2025-09-08,0.0561,0.0165,0.0165,0.0291
2025-09-09,0.1222,0.0119,0.0372,0.0209
2025-09-10,0.0822,0.0191,0.0249,0.022
2025-09-11,0.0864,0.0198,0.0086,0.0145
2025-09-12,0.0496,0.0138,0.0133,0.0069
2025-09-13,0.0454,0.0059,0.0169,0.0095
2025-09-14,0.0574,0.0056,0.0183,0.008
2025-09-15,0.0299,0.0058,0.0037,0.0073
2025-09-16,0.0398,0.0141,0.0146,0.0158
2025-09-17,0.0479,0.0102,0.016,0.007
2025-09-18,0.0354,0.0134,0.0226,0.0198
2025-09-19,0.0696,0.0242,0.0428,0.0227
2025-09-20,0.041,0.0075,0.0212,0.0082
2025-09-21,0.0519,0.0118,0.0173,0.0048
2025-09-22,0.036,0.0105,0.0116,0.0116
2025-09-23,0.0331,0.0091,0.0173,0.0101
2025-09-24,0.0326,0.0045,0.0151,0.008
2025-09-25,0.0337,0.008,0.0156,0.0101
2025-09-26,0.0312,0.0054,0.0171,0.0142
2025-09-27,0.0335,0.0241,0.0181,0.0662
2025-09-28,0.0376,0.017,0.0263,0.0135
2025-09-29,0.0206,0.0056,0.0075,0.0069
2025-09-30,0.0234,0.0036,0.0203,0.0115
2025-10-01,0.0164,0.0052,0.0156,0.0082
2025-10-02,0.0298,0.0048,0.0268,0.006
2025-10-03,0.0297,0.011,0.0122,0.0168
2025-10-04,0.0344,0.0043,0.0226,0.0086
2025-10-05,0.0324,0.0182,0.0091,0.0193
2025-10-06,0.02,0.0077,0.018,0.0039
2025-10-07,0.0647,0.0093,0.0598,0.0237
2025-10-08,0.0445,0.008,0.0217,0.0101
2025-10-09,0.0321,0.0015,0.0266,0.0156
2025-10-10,0.0523,0.0126,0.0546,0.0191
2025-10-11,0.0397,0.0052,0.0224,0.018
2025-10-12,0.0505,0.0078,0.0373,0.0233
2025-10-13,0.0803,0.0134,0.0234,0.0301
2025-10-14,0.0615,0.009,0.0246,0.0156
2025-10-15,0.0677,0.0122,0.0342,0.0274
2025-10-16,0.1299,0.0095,0.0302,0.0127
2025-10-17,0.0524,0.01,0.0288,0.0341
2025-10-18,0.0607,0.0055,0.0229,0.0118
2025-10-19,0.0411,0.0046,0.032,0.0175
2025-10-20,0.0436,0.0081,0.0206,0.0193
2025-10-21,0.0342,0.0082,0.0179,0.0153
2025-10-22,0.0382,0.0057,0.0114,0.0165
2025-10-23,0.0565,0.007,0.0109,0.0117
2025-10-24,0.0489,0.0444,0.01,0.017
2025-10-25,0.0494,0.0174,0.0163,0.0262
2025-10-26,0.1372,0.0365,0.1122,0.0343
2025-10-27,0.0502,0.0134,0.0187,0.0301
2025-10-28,0.0549,0.0103,0.0077,0.0284
2025-10-29,0.0532,0.0075,0.021,0.0161
2025-10-30,0.0512,0.0052,0.0147,0.0157
2025-10-31,0.0562,0.0098,0.0134,0.0122
2025-11-01,0.0445,0.005,0.0207,0.0106
2025-11-02,0.0336,0.0074,0.0368,0.0254
2025-11-03,0.034,0.0158,0.0219,0.0377
2025-11-04,0.0367,0.0033,0.0095,0.0122
2025-11-05,0.0334,0.0083,0.016,0.0118
2025-11-06,0.0268,0.0054,0.0107,0.0112
2025-11-07,0.0295,0.0012,0.0081,0.0122
2025-11-08,0.0317,0.0033,0.0086,0.0046
2025-11-09,0.0283,0.0022,0.0232,0.0065
2025-11-10,0.0356,0.0124,0.0191,0.0083
2025-11-11,0.038,0.0115,0.0121,0.019
2025-11-12,0.0272,0.0092,0.0126,0.0112
2025-11-13,0.0614,0.005,0.0188,0.0125
2025-11-14,0.0198,0.0025,0.0122,0.0076
2025-11-15,0.0322,0.0072,0.0131,0.0083
2025-11-16,0.0365,0.0038,0.0107,0.0119
2025-11-17,0.0339,0.0055,0.0085,0.016
2025-11-18,0.0395,0.0068,0.0107,0.0078
2025-11-19,0.034,0.0101,0.0087,0.0087
2025-11-20,0.0222,0.0039,0.0078,0.0244
2025-11-21,0.0234,0.0033,0.0117,0.0056
2025-11-22,0.0246,0.0032,0.0052,0.0058
2025-11-23,0.0365,0.003,0.0119,0.0119
2025-11-24,0.0211,0.0037,0.0095,0.0058
2025-11-25,0.0312,0.0038,0.0071,0.0104
2025-11-26,0.0158,0.0038,0.0071,0.0098
2025-11-27,0.0228,0.0024,0.0079,0.0079
2025-11-28,0.0184,0.0068,0.0053,0.0105
2025-11-29,0.0222,0.0059,0.0098,0.0085
2025-11-30,0.0224,0.0034,0.0115,0.0034
2025-12-01,0.0222,0.0027,0.0155,0.0087
2025-12-02,0.0227,0.0036,0.0078,0.0093
2025-12-03,0.0359,0.0033,0.0196,0.007
2025-12-04,0.027,0.0077,0.0148,0.0077
2025-12-05,0.0423,0.0072,0.0104,0.0192
2025-12-06,0.0,0.0,0.0,0.0
2025-12-07,0.0355,0.0078,0.022,0.0142
2025-12-08,0.0376,0.0039,0.0193,0.0099
2025-12-09,0.0245,0.0082,0.0132,0.0195
2025-12-10,0.0249,0.006,0.0105,0.008
2025-12-11,0.0225,0.0045,0.0103,0.0199
2025-12-12,0.0433,0.0043,0.0331,0.0112
2025-12-13,0.0511,0.0044,0.0133,0.0148
2025-12-14,0.0161,0.0056,0.0081,0.0113
2025-12-15,0.0197,0.0027,0.0143,0.0082
2025-12-16,0.0232,0.0056,0.0101,0.0116
2025-12-17,0.0372,0.0052,0.014,0.0066
2025-12-18,0.0321,0.0084,0.0112,0.0098
2025-12-19,0.032,0.005,0.0155,0.017
2025-12-20,0.0201,0.0097,0.0097,0.0067
2025-12-21,0.0269,0.0047,0.0121,0.0074
2025-12-22,0.0336,0.005,0.0131,0.0143
2025-12-23,0.0356,0.0041,0.0151,0.0383
2025-12-24,0.0383,0.0048,0.0149,0.0096
2025-12-25,0.0784,0.0107,0.0292,0.01
2025-12-26,0.0588,0.0075,0.035,0.0125
2025-12-27,0.0509,0.0109,0.0306,0.0182
2025-12-28,0.0411,0.016,0.0327,0.0221
2025-12-29,0.0379,0.0187,0.0277,0.0159
2025-12-30,0.0569,0.0155,0.0395,0.0181
2025-12-31,0.0781,0.0258,0.0416,0.0214
2026-01-01,0.0832,0.0297,0.0232,0.0203
2026-01-02,0.0395,0.0091,0.0219,0.0474
2026-01-03,0.0343,0.0048,0.0215,0.0128
2026-01-04,0.0514,0.0032,0.0214,0.0111
2026-01-05,0.0365,0.0138,0.0227,0.0149
2026-01-06,0.0283,0.0044,0.0124,0.0138
2026-01-07,0.0297,0.005,0.009,0.0157
2026-01-08,0.0331,0.0048,0.0112,0.0102
2026-01-09,0.024,0.0034,0.0168,0.0179
2026-01-10,0.0222,0.0025,0.008,0.0111
2026-01-11,0.0211,0.0049,0.0057,0.013
2026-01-12,0.0463,0.0077,0.0116,0.0212
2026-01-13,0.0577,0.007,0.0181,0.0181
2026-01-14,0.0524,0.0114,0.0208,0.0426
2026-01-15,0.0209,0.0068,0.0141,0.0099
2026-01-16,0.0252,0.0078,0.0175,0.0123
2026-01-17,0.0208,0.0199,0.0254,0.01
2026-01-18,0.0282,0.0107,0.0194,0.0126
2026-01-19,0.0554,0.0098,0.0138,0.0106
2026-01-20,0.048,0.0091,0.0069,0.0131
2026-01-21,0.0522,0.0085,0.0188,0.0091
2026-01-22,0.0326,0.0082,0.0111,0.0099
2026-01-23,0.0303,0.0089,0.0134,0.0116
2026-01-24,0.0296,0.0038,0.016,0.016
2026-01-25,0.045,0.0094,0.0188,0.03
2026-01-26,0.0441,0.0042,0.0091,0.0163
2026-01-27,0.0621,0.0055,0.0102,0.0142
2026-01-28,0.0368,0.0052,0.0065,0.0135
2026-01-29,0.0342,0.0097,0.0084,0.0155
2026-01-30,0.0581,0.0257,0.014,0.0154
2026-01-31,0.0609,0.0023,0.0413,0.0098
2026-02-01,0.118,0.0053,0.1056,0.0044
2026-02-02,0.0537,0.0053,0.0378,0.0098
2026-02-03,0.0777,0.005,0.0314,0.0083
2026-02-04,0.0492,0.0066,0.0345,0.0146
2026-02-05,0.0327,0.0039,0.0163,0.0148
2026-02-06,0.041,0.0071,0.0922,0.0118
2026-02-07,0.0304,0.0036,0.0275,0.0101
2026-02-08,0.0543,0.0059,0.0348,0.0093
2026-02-09,0.0335,0.0051,0.0154,0.0058
2026-02-10,0.0518,0.0029,0.0168,0.0153
2026-02-11,0.0367,0.0062,0.027,0.0159
2026-02-12,0.0268,0.0067,0.006,0.0089
2026-02-13,0.0277,0.0016,0.009,0.009
2026-02-14,0.0398,0.0023,0.0115,0.0038
2026-02-15,0.0325,0.0083,0.015,0.0067
2026-02-16,0.0398,0.0068,0.0105,0.006
2026-02-17,0.0327,0.0057,0.0057,0.0049
2026-02-18,0.0309,0.0016,0.0122,0.0065
2026-02-19,0.0336,0.0164,0.0157,0.0075
2026-02-20,0.0503,0.0122,0.0107,0.0069
2026-02-21,0.1017,0.0133,0.0108,0.0284
2026-02-22,0.0366,0.016,0.024,0.0114
2026-02-23,0.0829,0.0308,0.0162,0.0128
2026-02-24,0.0773,0.0153,0.0115,0.0046
2026-02-25,0.025,0.0016,0.0125,0.0047
2026-02-26,0.0308,0.0039,0.0073,0.0118
2026-02-27,0.0592,0.0053,0.0941,0.0099
2026-02-28,0.0,0.0,0.0513,0.0
2026-03-01,0.0612,0.0089,0.0926,0.0209
2026-03-02,0.107,0.0075,0.0336,0.0206
2026-03-03,0.0611,0.0193,0.0305,0.0262
2026-03-04,0.053,0.0097,0.037,0.0146
2026-03-05,0.0778,0.0107,0.0302,0.0201
2026-03-06,0.075,0.0094,0.0236,0.0419
2026-03-07,0.0756,0.0033,0.0228,0.0512
2026-03-08,0.0592,0.0137,0.0549,0.0206
2026-03-09,0.1474,0.0119,0.0389,0.0452
2026-03-10,0.0638,0.0101,0.017,0.0303
2026-03-11,0.0499,0.0073,0.023,0.0135
2026-03-12,0.0537,0.0137,0.0177,0.0213
2026-03-13,0.0719,0.0131,0.0203,0.034
2026-03-14,0.0553,0.005,0.0239,0.0149
2026-03-15,0.0448,0.0076,0.0114,0.021
2026-03-16,0.0293,0.0092,0.012,0.0098
2026-03-17,0.0352,0.0078,0.028,0.0238
2026-03-18,0.0258,0.0045,0.0149,0.0155
2026-03-19,0.0481,0.0208,0.0172,0.0172
2026-03-20,0.037,0.0071,0.0078,0.0175
2026-03-21,0.0393,0.0049,0.0137,0.0039
2026-03-22,0.0409,0.0029,0.0127,0.0097
2026-03-23,0.0364,0.007,0.0168,0.0238
2026-03-24,0.0405,0.0062,0.0282,0.0208
2026-03-25,0.0765,0.0046,0.0828,0.0154
2026-03-26,0.053,0.0088,0.0465,0.0347
2026-03-27,0.0517,0.0037,0.0262,0.0135
2026-03-28,0.0601,0.0063,0.0403,0.0081
2026-03-29,0.035,0.0046,0.0452,0.0221
2026-03-30,0.0441,0.01,0.0558,0.0262
2026-03-31,0.0395,0.0101,0.0308,0.0054
2026-04-01,0.0316,0.0087,0.0196,0.0093
2026-04-02,0.0543,0.0053,0.0265,0.0199
2026-04-03,0.0312,0.0067,0.0178,0.0119
2026-04-04,0.0451,0.0053,0.0574,0.0203
2026-04-05,0.0438,0.0073,0.0292,0.0115
2026-04-06,0.0325,0.0024,0.039,0.0154
2026-04-07,0.049,0.0281,0.068,0.0346
2026-04-08,0.07,0.0096,0.0982,0.0185
2026-04-09,0.0233,0.005,0.0496,0.0157
2026-04-10,0.0148,0.0035,0.0615,0.0127
2026-04-11,0.0228,0.0008,0.1632,0.0059
2026-04-12,0.0405,0.0093,0.0861,0.0166
2026-04-13,0.1276,0.0045,0.1088,0.0161
2026-04-14,0.0179,0.0062,0.0767,0.0341
2026-04-15,0.0441,0.0041,0.0494,0.0088
2026-04-16,0.0219,0.0066,0.2445,0.0257
2026-04-17,0.0109,0.0092,0.0449,0.0121
2026-04-18,0.0209,0.0066,0.0389,0.0057
2026-04-19,0.0142,0.0067,0.0393,0.015
2026-04-20,0.0187,0.0071,0.0471,0.0316
2026-04-21,0.0396,0.0122,0.0589,0.0099
2026-04-22,0.034,0.0047,0.0512,0.0157
2026-04-23,0.0251,0.0074,0.014,0.0112
2026-04-24,0.0306,0.0021,0.036,0.0145
2026-04-25,0.0202,0.0047,0.1889,0.0101
2026-04-26,0.0232,0.0037,0.0807,0.0111
2026-04-27,0.0375,0.0079,0.0296,0.0099
2026-04-28,0.0348,0.0072,0.0319,0.0123
2026-04-29,0.0334,0.0048,0.0137,0.0137
2026-04-30,0.0204,0.0028,0.0249,0.0091
2026-05-01,0.0246,0.0079,0.0185,0.007
2026-05-02,0.022,0.0045,0.0348,0.0106
2026-05-03,0.0167,0.0035,0.0185,0.0106
2026-05-04,0.0243,0.0023,0.022,0.0083
2026-05-05,0.0249,0.0074,0.0094,0.0081
2026-05-06,0.0183,0.0028,0.0249,0.0066
2026-05-07,0.021,0.0088,0.0265,0.0094
2026-05-08,0.0221,0.003,0.0173,0.0072
2026-05-09,0.0338,0.0045,0.0195,0.012
2026-05-10,0.0206,0.0063,0.0313,0.0045
2026-05-11,0.0377,0.0078,0.0345,0.0169
2026-05-12,0.0802,0.0112,0.0933,0.0355
2026-05-13,0.0473,0.0168,0.0292,0.0187
2026-05-14,0.0368,0.0114,0.0216,0.0165
2026-05-15,0.0298,0.0039,0.0285,0.0149
2026-05-16,0.0267,0.0007,0.0485,0.0103
2026-05-17,0.0363,0.0056,0.0233,0.0084
2026-05-18,0.028,0.009,0.019,0.022
2026-05-19,0.0252,0.0119,0.0147,0.0119
2026-05-20,0.0222,0.0081,0.0175,0.0047
2026-05-21,0.0585,0.0062,0.0467,0.0068
2026-05-22,0.0273,0.0028,0.0423,0.0028
2026-05-23,0.0133,0.0008,0.0384,0.0039
2026-05-24,0.0536,0.001,0.1171,0.002
2026-05-25,0.0252,0.003,0.0334,0.0089
2026-05-26,0.039,0.0052,0.0286,0.0078
2026-05-27,0.025,0.0028,0.0078,0.0222
2026-05-28,0.0278,0.0037,0.0123,0.008
2026-05-29,0.0293,0.0042,0.0132,0.0111
2026-05-30,0.055,0.0054,0.0162,0.0162
2026-05-31,0.0464,0.0054,0.0313,0.0054
2026-06-01,0.0432,0.0063,0.0169,0.0106
2026-06-02,0.0858,0.0295,0.0131,0.0115
2026-06-03,0.0454,0.0068,0.0097,0.0131
2026-06-04,0.0579,0.0075,0.0107,0.0135
2026-06-05,0.0224,0.0033,0.0092,0.0086
2026-06-06,0.0243,0.0039,0.0175,0.0078
2026-06-07,0.0384,0.0093,0.0175,0.0081
2026-06-08,0.0304,0.0056,0.0112,0.0081
2026-06-09,0.032,0.0051,0.0224,0.0115
2026-06-10,0.0321,0.0036,0.0266,0.0091
2026-06-11,0.0292,0.0041,0.0187,0.0111
2026-06-12,0.0306,0.0044,0.025,0.0069
2026-06-13,0.0317,0.0034,0.0248,0.006
2026-06-14,0.0258,0.0039,0.0297,0.0077
2026-06-15,0.0372,0.0045,0.1001,0.0083
2026-06-16,0.0518,0.0061,0.0293,0.0164
2026-06-17,0.0746,0.0047,0.0352,0.0119
2026-06-18,0.0583,0.0052,0.0408,0.0093
2026-06-19,0.0782,0.0019,0.0252,0.0136
2026-06-20,0.0217,0.0103,0.0913,0.0114
2026-06-21,0.028,0.0084,0.0364,0.0065
2026-06-22,0.0672,0.0122,0.0336,0.0153
2026-06-23,0.0355,0.0061,0.0255,0.0172
2026-06-24,0.0224,0.0026,0.0337,0.0059
2026-06-25,0.0194,0.0023,0.0135,0.0059
2026-06-26,0.0244,0.003,0.0089,0.0066
2026-06-27,0.0206,0.0053,0.0092,0.0069
2026-06-28,0.0183,0.0076,0.0228,0.0198
2026-06-29,0.0201,0.0042,0.005,0.0084
2026-06-30,0.0284,0.006,0.0121,0.0146
2026-07-05,0.0192,,0.0182,
2026-07-06,0.038,,0.0132,
2026-07-07,0.0211,,0.0123,
2026-07-08,0.0335,,0.0158,
2026-07-09,0.035,,0.0151,
2026-07-10,0.0372,,0.0163,
2026-07-11,0.019,,0.0199,
2026-07-12,0.0287,,0.0099,
2026-07-13,0.0477,,0.0086,
2026-07-14,0.0312,,0.0135,
2026-07-15,0.0292,,0.0099,
2026-07-16,0.0576,,0.0119,
2026-07-17,0.042,,0.0163,
2026-07-18,0.0201,0.004,0.0338,0.0032
2026-07-19,0.0232,0.004,0.0192,0.0121
2026-07-20,0.0262,0.0031,0.0139,0.0108
2026-07-21,0.0254,0.0097,0.0173,0.0124
2026-07-22,0.0246,0.0078,0.0157,0.0319
2026-07-23,0.0497,0.0049,0.0147,0.0147
2026-07-24,0.0548,0.0151,0.0295,0.0096
2026-07-25,0.0379,0.0054,0.0206,0.0152
2026-07-26,0.0354,0.0061,0.0202,0.0172
2026-07-27,0.0239,0.0044,0.0152,0.0203
2026-07-28,0.0176,0.0047,0.0109,0.014
2026-07-29,0.0204,0.0068,0.0056,0.0086
2026-07-30,0.0208,0.0024,0.0119,0.0042
2026-07-31,0.0213,0.0033,0.02,0.0153
2026-08-01,0.0562,0.0036,0.0,0.0
2026-08-02,0.0242,0.0048,0.0339,0.0116
2026-08-03,0.019,0.0027,0.0163,0.0041
2026-08-04,0.0305,0.0044,0.0178,0.0102
2026-08-05,0.0307,0.004,0.0131,0.008
2026-08-06,0.0245,0.0075,0.0214,0.0151
2026-08-07,0.0186,0.0025,0.0203,0.0085
2026-08-08,0.0236,0.0052,0.0157,0.0113
2026-08-09,0.0281,0.0048,0.0136,0.0078
2026-08-10,0.0217,0.0043,0.0243,0.0113
2026-08-11,0.0305,0.0069,0.016,0.0092
2026-08-12,0.0171,0.0036,0.0142,0.0064
2026-08-13,0.0261,0.0083,0.0128,0.0128
2026-08-14,0.0376,0.0165,0.0108,0.0057
2026-08-15,0.0924,0.0092,0.0582,0.012
2026-08-16,0.0318,0.0096,0.0212,0.0048
2026-08-17,0.0293,0.0,0.012,0.0
2026-08-18,0.0171,,0.0077,
2026-08-19,0.0349,,0.0093,
2026-08-20,0.0215,,,
2026-08-21,0.0448,,,
2026-08-22,0.045,,,
