date,south_china_sea,taiwan_strait,us_tech_trade
2017-01-01,0.1788,0.1968,0.0287
2017-01-02,0.1473,0.1231,0.0381
2017-01-03,0.2335,0.1218,0.0392
2017-01-04,0.2008,0.1045,0.0388
2017-01-05,0.1818,0.1281,0.0388
2017-01-06,0.1279,0.0954,0.0405
2017-01-07,0.1385,0.168,0.034
2017-01-08,0.1146,0.1279,0.0262
2017-01-09,0.1667,0.2273,0.0472
2017-01-10,0.1419,0.1297,0.0483
2017-01-11,0.2939,0.2302,0.0332
2017-01-12,0.4068,0.2034,0.0396
2017-01-13,0.4441,0.1365,0.0426
2017-01-14,0.4583,0.4225,0.0268
2017-01-15,0.3596,0.3944,0.0311
2017-01-16,0.3325,0.2843,0.0371
2017-01-17,0.2528,0.1727,0.0569
2017-01-18,0.1696,0.1593,0.0688
2017-01-19,0.172,0.1507,0.0643
2017-01-20,0.1506,0.172,0.0755
2017-01-21,0.1732,0.2316,0.0571
2017-01-22,0.2082,0.1624,0.0351
2017-01-23,0.1959,0.135,0.0409
2017-01-24,0.3608,0.1326,0.0693
2017-01-25,0.266,0.0985,0.0557
2017-01-26,0.1568,0.0768,0.0368
2017-01-27,0.1476,0.0679,0.028
2017-01-28,0.1083,0.0837,0.0457
2017-01-29,0.2158,0.077,0.0215
2017-01-30,0.1249,0.0731,0.0357
2017-01-31,0.1241,0.0512,0.0531
2017-02-01,0.1004,0.0474,0.0447
2017-02-02,0.1543,0.062,0.0312
2017-02-03,0.1914,0.0729,0.0445
2017-02-04,0.3103,0.1154,0.0283
2017-02-05,0.2293,0.1071,0.0151
2017-02-06,0.2138,0.089,0.0286
2017-02-07,0.1802,0.0936,0.0336
2017-02-08,0.1839,0.1081,0.0337
2017-02-09,0.2031,0.1024,0.0423
2017-02-10,0.4037,0.5431,0.0652
2017-02-11,0.3612,0.4075,0.0327
2017-02-12,0.1637,0.1922,0.0237
2017-02-13,0.1413,0.1845,0.0377
2017-02-14,0.112,0.1195,0.0346
2017-02-15,0.1506,0.092,0.033
2017-02-16,0.1263,0.0797,0.0356
2017-02-17,0.12,0.1058,0.0349
2017-02-18,0.123,0.1378,0.0203
2017-02-19,0.2892,0.1156,0.0242
2017-02-20,0.2057,0.1053,0.0222
2017-02-21,0.1734,0.0875,0.0283
2017-02-22,0.1992,0.1012,0.0329
2017-02-23,0.1748,0.0861,0.0282
2017-02-24,0.1406,0.0886,0.0334
2017-02-25,0.1275,0.0872,0.0191
2017-02-26,0.226,0.0644,0.0143
2017-02-27,0.1756,0.0809,0.0248
2017-02-28,0.1514,0.0785,0.0388
2017-03-01,0.1231,0.0463,0.0349
2017-03-02,0.1012,0.0637,0.0344
2017-03-03,0.1361,0.0732,0.0415
2017-03-04,0.388,0.0626,0.018
2017-03-05,0.2663,0.2035,0.0248
2017-03-06,0.1599,0.0596,0.0296
2017-03-07,0.1118,0.0429,0.0647
2017-03-08,0.1227,0.0634,0.0623
2017-03-09,0.1185,0.0422,0.0398
2017-03-10,0.1118,0.0445,0.0276
2017-03-11,0.107,0.0608,0.0205
2017-03-12,0.0805,0.0525,0.0287
2017-03-13,0.211,0.0715,0.0333
2017-03-14,0.1875,0.0501,0.0468
2017-03-15,0.2099,0.0894,0.0385
2017-03-16,0.2264,0.0556,0.0316
2017-03-17,0.178,0.0591,0.0337
2017-03-18,0.2541,0.0771,0.0375
2017-03-19,0.2193,0.0876,0.0525
2017-03-20,0.1685,0.0806,0.0321
2017-03-21,0.1615,0.078,0.0362
2017-03-22,0.1863,0.0696,0.0249
2017-03-23,0.1711,0.0707,0.023
2017-03-24,0.1875,0.0788,0.0325
2017-03-25,0.1155,0.0741,0.0276
2017-03-26,0.1337,0.0999,0.0356
2017-03-27,0.1214,0.091,0.0373
2017-03-28,0.1483,0.0805,0.0324
2017-03-29,0.1327,0.1043,0.0385
2017-03-30,0.1977,0.1297,0.0956
2017-03-31,0.1579,0.1192,0.0527
2017-04-01,0.1463,0.1463,0.0272
2017-04-02,0.1401,0.1031,0.0191
2017-04-03,0.257,0.0866,0.0467
2017-04-04,0.1518,0.1048,0.0508
2017-04-05,0.1609,0.1006,0.0526
2017-04-06,0.2653,0.173,0.0495
2017-04-07,0.2931,0.1837,0.0451
2017-04-08,0.2011,0.1195,0.0243
2017-04-09,0.2864,0.1309,0.0284
2017-04-10,0.1415,0.1227,0.0422
2017-04-11,0.0923,0.0959,0.0299
2017-04-12,0.0758,0.0876,0.0349
2017-04-13,0.1085,0.0779,0.0594
2017-04-14,0.0777,0.0833,0.0354
2017-04-15,0.0912,0.1296,0.0206
2017-04-16,0.1211,0.1236,0.0178
2017-04-17,0.0866,0.134,0.0285
2017-04-18,0.0718,0.0982,0.04
2017-04-19,0.235,0.0688,0.038
2017-04-20,0.1741,0.0984,0.0314
2017-04-21,0.1795,0.0842,0.0352
2017-04-22,0.1618,0.0606,0.0212
2017-04-23,0.1249,0.0433,0.023
2017-04-24,0.1251,0.0738,0.0384
2017-04-25,0.0992,0.0788,0.0607
2017-04-26,0.2467,0.1021,0.0473
2017-04-27,0.1699,0.0763,0.051
2017-04-28,0.1455,0.0961,0.0363
2017-04-29,0.258,0.0878,0.045
2017-04-30,0.3078,0.0835,0.0201
2017-05-01,0.2102,0.0822,0.0206
2017-05-02,0.1727,0.0681,0.0219
2017-05-03,0.1267,0.0614,0.0234
2017-05-04,0.175,0.0717,0.025
2017-05-05,0.1609,0.0542,0.0179
2017-05-06,0.1036,0.0419,0.014
2017-05-07,0.1091,0.0732,0.0181
2017-05-08,0.1721,0.0633,0.0368
2017-05-09,0.1084,0.0577,0.0233
2017-05-10,0.1042,0.0745,0.0266
2017-05-11,0.211,0.0493,0.0225
2017-05-12,0.2426,0.0754,0.0282
2017-05-13,0.2317,0.072,0.0149
2017-05-14,0.1431,0.0658,0.0171
2017-05-15,0.1373,0.0589,0.018
2017-05-16,0.1532,0.0538,0.0238
2017-05-17,0.1298,0.0587,0.0294
2017-05-18,0.1748,0.0603,0.0407
2017-05-19,0.3755,0.0769,0.0816
2017-05-20,0.253,0.0848,0.0378
2017-05-21,0.1798,0.0836,0.0161
2017-05-22,0.1764,0.0666,0.0225
2017-05-23,0.1341,0.071,0.0259
2017-05-24,0.0899,0.057,0.0232
2017-05-25,0.3108,0.094,0.0342
2017-05-26,0.1706,0.0669,0.0505
2017-05-27,0.2029,0.076,0.0259
2017-05-28,0.2907,0.063,0.0292
2017-05-29,0.1506,0.0453,0.071
2017-05-30,0.1532,0.0284,0.0309
2017-05-31,0.1362,0.051,0.0314
2017-06-01,0.118,0.0481,0.0378
2017-06-02,0.1682,0.0632,0.0404
2017-06-03,0.5191,0.085,0.0328
2017-06-04,0.2202,0.0905,0.0244
2017-06-05,0.249,0.0549,0.0317
2017-06-06,0.1442,0.0475,0.0304
2017-06-07,0.1209,0.0439,0.0409
2017-06-08,0.0775,0.0494,0.0312
2017-06-09,0.0937,0.0415,0.0314
2017-06-10,0.0783,0.0719,0.0265
2017-06-11,0.1342,0.0766,0.0146
2017-06-12,0.1555,0.0729,0.0215
2017-06-13,0.1114,0.1192,0.0375
2017-06-14,0.0623,0.1045,0.0362
2017-06-15,0.0884,0.0879,0.0274
2017-06-16,0.0822,0.0614,0.0336
2017-06-17,0.0885,0.0699,0.0247
2017-06-18,0.1014,0.1366,0.0216
2017-06-19,0.0727,0.0718,0.0247
2017-06-20,0.0907,0.0696,0.0338
2017-06-21,0.1353,0.0648,0.0335
2017-06-22,0.1312,0.0845,0.0269
2017-06-23,0.095,0.0671,0.0269
2017-06-24,0.1305,0.0642,0.0223
2017-06-25,0.0857,0.0894,0.0215
2017-06-26,0.0905,0.0822,0.0351
2017-06-27,0.084,0.0696,0.0285
2017-06-28,0.1097,0.081,0.0313
2017-06-29,0.1103,0.0705,0.04
2017-06-30,0.175,0.2109,0.0333
2017-07-01,0.1201,0.1062,0.031
2017-07-02,0.2221,0.1581,0.0202
2017-07-03,0.4579,0.096,0.0266
2017-07-04,0.1882,0.0859,0.0322
2017-07-05,0.1242,0.0519,0.0396
2017-07-06,0.1647,0.0663,0.0363
2017-07-07,0.204,0.0636,0.0427
2017-07-08,0.1636,0.047,0.03
2017-07-09,0.1107,0.0831,0.017
2017-07-10,0.1519,0.0948,0.0232
2017-07-11,0.0966,0.0501,0.0215
2017-07-12,0.1193,0.0579,0.0477
2017-07-13,0.0992,0.05,0.0417
2017-07-14,0.0967,0.0642,0.0266
2017-07-15,0.1639,0.0738,0.0195
2017-07-16,0.1821,0.0711,0.0187
2017-07-17,0.1082,0.0531,0.0229
2017-07-18,0.1534,0.0658,0.0332
2017-07-19,0.0867,0.0706,0.0262
2017-07-20,0.0913,0.0904,0.0402
2017-07-21,0.1009,0.0894,0.0339
2017-07-22,0.1448,0.1023,0.0246
2017-07-23,0.199,0.1077,0.0332
2017-07-24,0.2625,0.0799,0.0292
2017-07-25,0.2466,0.0779,0.0329
2017-07-26,0.1638,0.0795,0.0484
2017-07-27,0.2044,0.0692,0.0262
2017-07-28,0.2285,0.0926,0.037
2017-07-29,0.1965,0.1408,0.0199
2017-07-30,0.2418,0.1073,0.0173
2017-07-31,0.1061,0.0647,0.0331
2017-08-01,0.1612,0.0918,0.028
2017-08-02,0.1328,0.0789,0.0423
2017-08-03,0.1273,0.083,0.0503
2017-08-04,0.1284,0.0737,0.0343
2017-08-05,0.2894,0.1,0.0209
2017-08-06,0.4475,0.0952,0.0158
2017-08-07,0.2615,0.0802,0.0323
2017-08-08,0.2776,0.0601,0.0444
2017-08-09,0.2058,0.0697,0.022
2017-08-10,0.3232,0.0692,0.0327
2017-08-11,0.2562,0.0734,0.0227
2017-08-12,0.2068,0.0905,0.0289
2017-08-13,0.1056,0.0766,0.0282
2017-08-14,0.0921,0.0671,0.0466
2017-08-15,0.1011,0.0797,0.0342
2017-08-16,0.1106,0.0624,0.0266
2017-08-17,0.1255,0.0815,0.059
2017-08-18,0.105,0.0769,0.0484
2017-08-19,0.0959,0.0824,0.0161
2017-08-20,0.0927,0.1322,0.0243
2017-08-21,0.5026,0.079,0.0276
2017-08-22,0.3687,0.0872,0.028
2017-08-23,0.2077,0.078,0.0215
2017-08-24,0.1517,0.0256,0.0312
2017-08-25,0.0978,0.0479,0.0169
2017-08-26,0.1344,0.0844,0.0089
2017-08-27,0.1179,0.0939,0.0222
2017-08-28,0.1274,0.0849,0.0469
2017-08-29,0.07,0.0582,0.0348
2017-08-30,0.0896,0.0578,0.0377
2017-08-31,0.1172,0.0585,0.0284
2017-09-01,0.1332,0.0749,0.0217
2017-09-02,0.1426,0.0735,0.0203
2017-09-03,0.1032,0.0631,0.0226
2017-09-04,0.0855,0.0663,0.0572
2017-09-05,0.0845,0.0701,0.0401
2017-09-06,0.0813,0.0629,0.0361
2017-09-07,0.0648,0.0633,0.0371
2017-09-08,0.077,0.0622,0.0287
2017-09-09,0.0716,0.0595,0.0172
2017-09-10,0.0566,0.0712,0.0202
2017-09-11,0.0894,0.0958,0.0398
2017-09-12,0.1057,0.0607,0.0248
2017-09-13,0.1311,0.0668,0.0355
2017-09-14,0.103,0.0599,0.0257
2017-09-15,0.0788,0.0665,0.0183
2017-09-16,0.0677,0.0511,0.0181
2017-09-17,0.0445,0.049,0.0261
2017-09-18,0.0591,0.0557,0.0267
2017-09-19,0.1591,0.0602,0.0306
2017-09-20,0.1077,0.058,0.0301
2017-09-21,0.0685,0.0635,0.0338
2017-09-22,0.0628,0.0639,0.0327
2017-09-23,0.0722,0.0607,0.0232
2017-09-24,0.0932,0.0547,0.0221
2017-09-25,0.1148,0.0717,0.0425
2017-09-26,0.0744,0.0734,0.0426
2017-09-27,0.0553,0.0646,0.0378
2017-09-28,0.0481,0.0749,0.0208
2017-09-29,0.0786,0.0866,0.0231
2017-09-30,0.2106,0.0902,0.0451
2017-10-01,0.11,0.0804,0.0207
2017-10-02,0.0393,0.0532,0.0245
2017-10-03,0.0464,0.049,0.0248
2017-10-04,0.0436,0.0521,0.0248
2017-10-05,0.0521,0.045,0.0244
2017-10-06,0.0508,0.0508,0.0229
2017-10-07,0.0707,0.0662,0.018
2017-10-08,0.0954,0.0652,0.0263
2017-10-09,0.0675,0.0928,0.02
2017-10-10,0.083,0.1131,0.0186
2017-10-11,0.1239,0.0598,0.0308
2017-10-12,0.1158,0.0531,0.0427
2017-10-13,0.1582,0.0561,0.0216
2017-10-14,0.1168,0.0549,0.0217
2017-10-15,0.1363,0.0676,0.0321
2017-10-16,0.0883,0.06,0.0304
2017-10-17,0.0624,0.0498,0.0318
2017-10-18,0.1417,0.0897,0.0288
2017-10-19,0.1284,0.0511,0.029
2017-10-20,0.0897,0.0486,0.0238
2017-10-21,0.0706,0.0602,0.0171
2017-10-22,0.0619,0.0602,0.0124
2017-10-23,0.1029,0.0677,0.0354
2017-10-24,0.0767,0.061,0.028
2017-10-25,0.1075,0.0533,0.0291
2017-10-26,0.1021,0.0664,0.0242
2017-10-27,0.0756,0.0715,0.0217
2017-10-28,0.0789,0.0812,0.0151
2017-10-29,0.09,0.0681,0.0224
2017-10-30,0.1109,0.0608,0.017
2017-10-31,0.0993,0.0558,0.0301
2017-11-01,0.1137,0.0547,0.0231
2017-11-02,0.1061,0.0512,0.031
2017-11-03,0.1779,0.0461,0.022
2017-11-04,0.2424,0.0499,0.0176
2017-11-05,0.1486,0.0506,0.017
2017-11-06,0.1017,0.0532,0.0267
2017-11-07,0.0959,0.0496,0.0367
2017-11-08,0.1619,0.0597,0.0373
2017-11-09,0.2024,0.0568,0.0356
2017-11-10,0.1556,0.0515,0.0383
2017-11-11,0.2525,0.0527,0.0223
2017-11-12,0.8077,0.0522,0.0211
2017-11-13,0.3676,0.0538,0.0447
2017-11-14,0.2346,0.0438,0.0344
2017-11-15,0.1271,0.0501,0.0238
2017-11-16,0.1311,0.0428,0.0266
2017-11-17,0.1088,0.0423,0.0296
2017-11-18,0.1197,0.0672,0.0354
2017-11-19,0.0827,0.0477,0.0152
2017-11-20,0.07,0.0556,0.0394
2017-11-21,0.0645,0.0571,0.0284
2017-11-22,0.0729,0.0381,0.0304
2017-11-23,0.0993,0.0462,0.0329
2017-11-24,0.0947,0.0501,0.0409
2017-11-25,0.0544,0.0372,0.0191
2017-11-26,0.0607,0.0503,0.0223
2017-11-27,0.0567,0.0516,0.0237
2017-11-28,0.0607,0.0668,0.034
2017-11-29,0.1,0.0694,0.038
2017-11-30,0.1092,0.0741,0.0337
2017-12-03,0.0794,0.0411,0.0328
2017-12-04,0.057,0.0485,0.0238
2017-12-05,0.0545,0.0332,0.0282
2017-12-06,0.0568,0.0384,0.025
2017-12-07,0.0578,0.0466,0.0271
2017-12-08,0.0511,0.0415,0.0333
2017-12-09,0.0497,0.0367,0.0191
2017-12-10,0.0901,0.0459,0.0262
2017-12-11,0.0969,0.061,0.0302
2017-12-12,0.1195,0.0546,0.0328
2017-12-13,0.0961,0.0527,0.024
2017-12-14,0.0798,0.0698,0.0341
2017-12-15,0.1472,0.0492,0.0332
2017-12-16,0.1072,0.0413,0.0305
2017-12-17,0.0951,0.044,0.0119
2017-12-18,0.2522,0.0431,0.0313
2017-12-19,0.1993,0.0532,0.0343
2017-12-20,0.1038,0.0477,0.0343
2017-12-21,0.0959,0.0491,0.0501
2017-12-22,0.0743,0.0433,0.0348
2017-12-23,0.3723,0.0541,0.017
2017-12-24,0.4455,0.0518,0.0148
2017-12-25,0.4126,0.0861,0.021
2017-12-26,0.1948,0.0708,0.0295
2017-12-27,0.0878,0.0791,0.0241
2017-12-28,0.102,0.0663,0.0287
2017-12-29,0.1059,0.0725,0.0277
2017-12-30,0.0662,0.0519,0.0132
2017-12-31,0.0766,0.0763,0.0151
2018-01-01,0.0993,0.062,0.0172
2018-01-02,0.1041,0.0484,0.025
2018-01-03,0.1295,0.0507,0.03
2018-01-04,0.07,0.0595,0.042
2018-01-05,0.0823,0.0774,0.0346
2018-01-06,0.078,0.0769,0.0408
2018-01-07,0.1151,0.0704,0.0423
2018-01-08,0.0746,0.0564,0.0268
2018-01-09,0.0881,0.0519,0.0508
2018-01-10,0.0713,0.0604,0.0312
2018-01-11,0.0755,0.0516,0.0297
2018-01-12,0.059,0.0614,0.0329
2018-01-13,0.0567,0.05,0.0169
2018-01-14,0.0683,0.045,0.0222
2018-01-15,0.0561,0.066,0.0266
2018-01-16,0.0469,0.0465,0.0264
2018-01-17,0.0442,0.0754,0.0321
2018-01-18,0.0627,0.0679,0.0312
2018-01-19,0.1169,0.0538,0.0335
2018-01-20,0.2067,0.0484,0.0327
2018-01-21,0.1644,0.0728,0.0211
2018-01-22,0.1456,0.0646,0.0233
2018-01-23,0.0898,0.0714,0.0369
2018-01-24,0.0984,0.0459,0.0273
2018-01-25,0.1633,0.074,0.0331
2018-01-26,0.1213,0.0567,0.0374
2018-01-27,0.073,0.0605,0.0181
2018-01-28,0.0662,0.0624,0.0178
2018-01-29,0.0886,0.0627,0.0385
2018-01-30,0.0615,0.0813,0.0374
2018-01-31,0.1031,0.0809,0.0388
2018-02-01,0.0528,0.0577,0.0315
2018-02-02,0.0539,0.0637,0.0365
2018-02-03,0.0493,0.0612,0.0221
2018-02-04,0.055,0.0488,0.0188
2018-02-05,0.0789,0.0504,0.0579
2018-02-06,0.123,0.0478,0.0605
2018-02-07,0.1017,0.0487,0.0373
2018-02-08,0.0969,0.0562,0.0324
2018-02-09,0.075,0.0658,0.0388
2018-02-10,0.1089,0.0437,0.019
2018-02-11,0.1252,0.0797,0.0163
2018-02-12,0.1183,0.0506,0.041
2018-02-13,0.1322,0.0441,0.0421
2018-02-14,0.1147,0.0317,0.0418
2018-02-15,0.0913,0.0365,0.0266
2018-02-16,0.0698,0.0267,0.0326
2018-02-17,0.0941,0.0322,0.0155
2018-02-18,0.1226,0.0332,0.0513
2018-02-19,0.0911,0.0258,0.0261
2018-02-20,0.0773,0.0233,0.0285
2018-02-21,0.0641,0.0295,0.0258
2018-02-22,0.0727,0.0401,0.0278
2018-02-23,0.0633,0.0466,0.0258
2018-02-24,0.0857,0.0704,0.0349
2018-02-25,0.0657,0.0472,0.0167
2018-02-26,0.1242,0.0475,0.0292
2018-02-27,0.1,0.0552,0.0271
2018-02-28,0.0698,0.0487,0.0324
2018-03-01,0.0816,0.0823,0.0231
2018-03-02,0.0676,0.0799,0.044
2018-03-03,0.1086,0.0591,0.0172
2018-03-04,0.1438,0.0539,0.0256
2018-03-05,0.2711,0.0954,0.0365
2018-03-06,0.1039,0.0735,0.0276
2018-03-07,0.0914,0.0543,0.0343
2018-03-08,0.0825,0.052,0.0441
2018-03-09,0.0729,0.047,0.0269
2018-03-10,0.1263,0.0392,0.0244
2018-03-11,0.099,0.0388,0.0758
2018-03-12,0.0835,0.0385,0.0303
2018-03-13,0.0697,0.0755,0.0282
2018-03-14,0.0601,0.0393,0.0653
2018-03-15,0.0675,0.0493,0.0489
2018-03-16,0.0872,0.0501,0.0548
2018-03-17,0.0614,0.121,0.0417
2018-03-18,0.1669,0.1044,0.0376
2018-03-19,0.0886,0.0595,0.0427
2018-03-20,0.0867,0.0709,0.0829
2018-03-21,0.063,0.0957,0.0857
2018-03-22,0.0786,0.0875,0.261
2018-03-23,0.1701,0.0945,0.3315
2018-03-24,0.1907,0.0521,0.0963
2018-03-25,0.1384,0.0505,0.081
2018-03-26,0.1341,0.0759,0.1339
2018-03-27,0.1055,0.0743,0.1338
2018-03-28,0.123,0.0666,0.0874
2018-03-29,0.0783,0.0743,0.0939
2018-03-30,0.0619,0.0687,0.0499
2018-03-31,0.0552,0.0643,0.0304
2018-04-01,0.1438,0.0644,0.0358
2018-04-02,0.086,0.0651,0.1903
2018-04-03,0.0681,0.0647,0.0817
2018-04-04,0.0774,0.0605,0.251
2018-04-05,0.0611,0.0384,0.1544
2018-04-06,0.1009,0.0428,0.6907
2018-04-07,0.0887,0.0629,0.1439
2018-04-08,0.1769,0.0935,0.1302
2018-04-09,0.1501,0.0699,0.1096
2018-04-10,0.1766,0.0649,0.1544
2018-04-11,0.1227,0.0572,0.0612
2018-04-12,0.1712,0.0919,0.063
2018-04-13,0.2428,0.1767,0.059
2018-04-14,0.1381,0.1557,0.0408
2018-04-15,0.1131,0.0916,0.0369
2018-04-16,0.106,0.0817,0.0524
2018-04-17,0.092,0.0847,0.0824
2018-04-18,0.1219,0.1449,0.0567
2018-04-19,0.0985,0.13,0.047
2018-04-20,0.1255,0.0819,0.0371
2018-04-21,0.0827,0.086,0.0363
2018-04-22,0.0812,0.0543,0.043
2018-04-23,0.1088,0.072,0.0483
2018-04-24,0.1048,0.0703,0.0371
2018-04-25,0.0882,0.0877,0.0794
2018-04-26,0.0898,0.092,0.0486
2018-04-27,0.1001,0.0686,0.0431
2018-04-28,0.1401,0.0931,0.0294
2018-04-29,0.079,0.0679,0.0224
2018-04-30,0.0825,0.0442,0.0407
2018-05-01,0.056,0.1422,0.0436
2018-05-02,0.0961,0.0807,0.0493
2018-05-03,0.1519,0.0579,0.0439
2018-05-04,0.1651,0.0596,0.0412
2018-05-05,0.0813,0.0626,0.0413
2018-05-06,0.0688,0.0885,0.0243
2018-05-07,0.1228,0.0837,0.0295
2018-05-08,0.092,0.0809,0.0403
2018-05-09,0.0924,0.0609,0.0365
2018-05-10,0.0652,0.1074,0.0418
2018-05-11,0.0807,0.0679,0.0319
2018-05-12,0.0528,0.0624,0.018
2018-05-13,0.1284,0.0598,0.0275
2018-05-14,0.1035,0.1043,0.0625
2018-05-15,0.1658,0.1002,0.0457
2018-05-16,0.0926,0.0855,0.0503
2018-05-17,0.0948,0.0769,0.0641
2018-05-18,0.0887,0.0607,0.0556
2018-05-19,0.1714,0.072,0.0345
2018-05-20,0.1455,0.0968,0.063
2018-05-21,0.1916,0.0642,0.0805
2018-05-22,0.1227,0.0618,0.1024
2018-05-23,0.1253,0.056,0.0605
2018-05-24,0.2187,0.0836,0.0374
2018-05-25,0.0948,0.0997,0.0367
2018-05-26,0.1101,0.0698,0.0323
2018-05-27,0.2109,0.0527,0.028
2018-05-28,0.2255,0.0727,0.0285
2018-05-29,0.1948,0.0847,0.1101
2018-05-30,0.1818,0.0665,0.1169
2018-05-31,0.1994,0.0692,0.0857
2018-06-01,0.2097,0.058,0.059
2018-06-02,0.4949,0.072,0.0908
2018-06-03,0.3015,0.06,0.1345
2018-06-04,0.2015,0.0755,0.0677
2018-06-05,0.1461,0.1278,0.0538
2018-06-06,0.1872,0.0865,0.0566
2018-06-07,0.1435,0.1022,0.0754
2018-06-08,0.1233,0.0705,0.062
2018-06-09,0.1537,0.063,0.0333
2018-06-10,0.1068,0.0432,0.0302
2018-06-11,0.1449,0.0565,0.0319
2018-06-12,0.117,0.1247,0.05
2018-06-13,0.0628,0.0832,0.0563
2018-06-14,0.0966,0.0699,0.07
2018-06-15,0.108,0.0672,0.2557
2018-06-16,0.0814,0.0673,0.1758
2018-06-17,0.0823,0.0688,0.0627
2018-06-18,0.0923,0.0425,0.1029
2018-06-19,0.0935,0.0664,0.3044
2018-06-20,0.08,0.0806,0.1394
2018-06-21,0.0523,0.072,0.0673
2018-06-22,0.0869,0.0807,0.0645
2018-06-23,0.0656,0.0689,0.0374
2018-06-24,0.1586,0.0763,0.0377
2018-06-25,0.1396,0.0624,0.1333
2018-06-26,0.1324,0.0767,0.087
2018-06-27,0.1733,0.0982,0.081
2018-06-28,0.1392,0.0691,0.0771
2018-06-29,0.1089,0.0977,0.0842
2018-06-30,0.0701,0.0829,0.1016
2018-07-01,0.0715,0.071,0.053
2018-07-02,0.0813,0.0879,0.1048
2018-07-03,0.0844,0.064,0.0907
2018-07-04,0.0923,0.0817,0.0841
2018-07-05,0.0978,0.0735,0.2023
2018-07-06,0.0833,0.0824,0.411
2018-07-07,0.0931,0.1159,0.103
2018-07-08,0.1508,0.2131,0.062
2018-07-09,0.0956,0.1973,0.1556
2018-07-10,0.0903,0.0932,0.1094
2018-07-11,0.0949,0.0959,0.1759
2018-07-12,0.1007,0.0779,0.1437
2018-07-13,0.079,0.0925,0.0836
2018-07-14,0.0777,0.0966,0.0471
2018-07-15,0.0727,0.1087,0.0371
2018-07-16,0.089,0.0247,0.1383
2018-07-17,0.1108,0.0231,0.0548
2018-07-18,0.0766,0.032,0.0476
2018-07-19,0.0498,0.0383,0.0628
2018-07-20,0.0795,0.0309,0.1213
2018-07-21,0.2285,0.0355,0.0943
2018-07-22,0.1052,0.0307,0.0457
2018-07-23,0.0918,0.0444,0.0898
2018-07-24,0.0992,0.0355,0.0803
2018-07-25,0.0792,0.0397,0.0571
2018-07-26,0.0844,0.0382,0.1142
2018-07-27,0.0618,0.0326,0.0775
2018-07-28,0.1016,0.0323,0.0243
2018-07-29,0.0698,0.0352,0.0729
2018-07-30,0.1028,0.0315,0.0939
2018-07-31,0.0779,0.0415,0.055
2018-08-01,0.1159,0.0272,0.1439
2018-08-02,0.2273,0.0292,0.1726
2018-08-03,0.185,0.0272,0.088
2018-08-04,0.2025,0.0256,0.0586
2018-08-05,0.133,0.0383,0.0301
2018-08-06,0.0998,0.0452,0.0698
2018-08-07,0.0721,0.0276,0.0663
2018-08-08,0.0899,0.0404,0.1115
2018-08-09,0.0886,0.0242,0.0726
2018-08-10,0.1222,0.0309,0.0553
2018-08-11,0.1352,0.0339,0.048
2018-08-12,0.1236,0.0596,0.0378
2018-08-13,0.1764,0.0329,0.0524
2018-08-14,0.1439,0.0589,0.0529
2018-08-15,0.1488,0.0436,0.0451
2018-08-16,0.0974,0.0323,0.0822
2018-08-17,0.146,0.07,0.0655
2018-08-18,0.0977,0.07,0.0312
2018-08-19,0.079,0.0489,0.031
2018-08-20,0.1159,0.0401,0.0924
2018-08-21,0.0919,0.0721,0.0565
2018-08-22,0.09,0.0681,0.0514
2018-08-23,0.0767,0.0502,0.1028
2018-08-24,0.0864,0.0774,0.0698
2018-08-25,0.0687,0.0499,0.0466
2018-08-26,0.0829,0.0395,0.0254
2018-08-27,0.0809,0.0267,0.0598
2018-08-28,0.101,0.026,0.0513
2018-08-29,0.0806,0.0282,0.0456
2018-08-30,0.0759,0.0242,0.0692
2018-08-31,0.118,0.0298,0.0896
2018-09-01,0.0946,0.0341,0.0405
2018-09-02,0.0826,0.0455,0.0585
2018-09-03,0.0915,0.0376,0.0614
2018-09-04,0.0922,0.0221,0.081
2018-09-05,0.0693,0.0224,0.0729
2018-09-06,0.1317,0.0203,0.079
2018-09-07,0.1079,0.0276,0.131
2018-09-08,0.0984,0.056,0.1347
2018-09-09,0.0911,0.0329,0.0645
2018-09-10,0.1177,0.0301,0.2108
2018-09-11,0.1344,0.0324,0.0852
2018-09-12,0.1456,0.0411,0.0731
2018-09-13,0.1444,0.0292,0.087
2018-09-14,0.1804,0.0414,0.0611
2018-09-15,0.6144,0.0573,0.0867
2018-09-16,0.4944,0.095,0.1026
2018-09-17,0.2134,0.0365,0.1748
2018-09-18,0.1058,0.0246,0.3048
2018-09-19,0.0663,0.0177,0.1279
2018-09-20,0.0771,0.0285,0.0789
2018-09-21,0.0845,0.0154,0.1235
2018-09-22,0.075,0.0312,0.1161
2018-09-23,0.0706,0.0296,0.0789
2018-09-24,0.0819,0.0214,0.1054
2018-09-25,0.1041,0.0771,0.0662
2018-09-26,0.1201,0.0659,0.0675
2018-09-27,0.1471,0.03,0.0975
2018-09-28,0.1697,0.0295,0.0978
2018-09-29,0.1506,0.0376,0.0423
2018-09-30,0.183,0.0285,0.0415
2018-10-01,0.2086,0.015,0.0565
2018-10-02,0.2839,0.0168,0.0398
2018-10-03,0.1474,0.0217,0.038
2018-10-04,0.3016,0.101,0.0516
2018-10-05,0.2071,0.0962,0.0555
2018-10-06,0.1985,0.0666,0.0839
2018-10-07,0.1262,0.0324,0.0297
2018-10-08,0.1841,0.041,0.0401
2018-10-09,0.1524,0.0394,0.0654
2018-10-10,0.1123,0.0767,0.0532
2018-10-11,0.1069,0.0484,0.0853
2018-10-12,0.1646,0.0372,0.0538
2018-10-13,0.1349,0.0271,0.0615
2018-10-14,0.1735,0.0308,0.0671
2018-10-15,0.1442,0.034,0.0698
2018-10-16,0.1223,0.0307,0.0446
2018-10-17,0.1392,0.0388,0.0667
2018-10-18,0.1993,0.0323,0.0558
2018-10-19,0.163,0.0331,0.0555
2018-10-20,0.1385,0.0919,0.0283
2018-10-21,0.1234,0.0431,0.0267
2018-10-22,0.1562,0.0676,0.0525
2018-10-23,0.1606,0.0928,0.0622
2018-10-24,0.1368,0.0475,0.0409
2018-10-25,0.1617,0.0618,0.0318
2018-10-26,0.1216,0.0405,0.0367
2018-10-27,0.1837,0.0412,0.0226
2018-10-28,0.1566,0.0558,0.0265
2018-10-29,0.1801,0.0573,0.0657
2018-10-30,0.1794,0.0474,0.1607
2018-10-31,0.1751,0.0734,0.0707
2018-11-01,0.1985,0.056,0.0602
2018-11-02,0.1556,0.0349,0.0764
2018-11-03,0.1123,0.0377,0.0658
2018-11-04,0.1021,0.0436,0.0602
2018-11-05,0.1084,0.0297,0.0572
2018-11-06,0.1399,0.0291,0.0451
2018-11-07,0.0935,0.0288,0.0467
2018-11-08,0.1599,0.0466,0.0532
2018-11-09,0.1703,0.0277,0.0492
2018-11-10,0.2718,0.0415,0.0415
2018-11-11,0.2237,0.0388,0.0487
2018-11-12,0.1671,0.0242,0.0487
2018-11-13,0.2358,0.0264,0.0825
2018-11-14,0.2191,0.0218,0.0501
2018-11-15,0.2978,0.0203,0.0649
2018-11-16,0.1933,0.019,0.107
2018-11-17,0.3026,0.0296,0.0893
2018-11-18,0.4548,0.0351,0.039
2018-11-19,0.2742,0.0639,0.081
2018-11-20,0.3282,0.0306,0.0384
2018-11-21,0.3115,0.0289,0.0481
2018-11-22,0.2404,0.0245,0.0453
2018-11-23,0.2339,0.0894,0.0716
2018-11-24,0.1133,0.0561,0.0226
2018-11-25,0.2216,0.1584,0.0258
2018-11-26,0.2522,0.097,0.0578
2018-11-27,0.1274,0.0435,0.1814
2018-11-28,0.105,0.0581,0.1052
2018-11-29,0.1442,0.1132,0.1484
2018-11-30,0.1452,0.0535,0.2307
2018-12-01,0.1593,0.066,0.126
2018-12-02,0.3024,0.0744,0.3036
2018-12-03,0.1219,0.0418,0.1463
2018-12-04,0.0973,0.0359,0.1466
2018-12-05,0.0958,0.0323,0.2091
2018-12-06,0.1019,0.0335,0.2373
2018-12-07,0.0969,0.0204,0.0891
2018-12-08,0.1108,0.0307,0.0677
2018-12-09,0.1098,0.0316,0.0667
2018-12-10,0.0783,0.0311,0.0802
2018-12-11,0.0691,0.0287,0.062
2018-12-12,0.0993,0.026,0.0932
2018-12-13,0.1018,0.0236,0.0575
2018-12-14,0.0765,0.0217,0.0888
2018-12-15,0.1059,0.0474,0.0673
2018-12-16,0.1224,0.0291,0.0527
2018-12-17,0.141,0.0254,0.0382
2018-12-18,0.1221,0.0356,0.0581
2018-12-19,0.0961,0.0292,0.0396
2018-12-20,0.1608,0.0298,0.0504
2018-12-21,0.1568,0.0297,0.044
2018-12-22,0.1103,0.0278,0.0255
2018-12-23,0.1073,0.0439,0.0282
2018-12-24,0.0973,0.0383,0.0401
2018-12-25,0.1133,0.035,0.035
2018-12-26,0.1299,0.0558,0.0291
2018-12-27,0.1209,0.0324,0.0307
2018-12-28,0.1336,0.027,0.0419
2018-12-29,0.2233,0.0436,0.0896
2018-12-30,0.2544,0.0383,0.0729
2018-12-31,0.2339,0.0427,0.1123
2019-01-01,0.2122,0.1179,0.0524
2019-01-02,0.2276,0.3484,0.0483
2019-01-03,0.1639,0.1609,0.0443
2019-01-04,0.1623,0.0879,0.0555
2019-01-05,0.1356,0.1016,0.0377
2019-01-06,0.1013,0.0976,0.0344
2019-01-07,0.1807,0.0406,0.0784
2019-01-08,0.1101,0.0396,0.0696
2019-01-09,0.1328,0.0369,0.0621
2019-01-10,0.1009,0.0406,0.0451
2019-01-11,0.1034,0.036,0.0358
2019-01-12,0.1312,0.0389,0.0317
2019-01-13,0.0779,0.0324,0.0242
2019-01-14,0.111,0.0368,0.0633
2019-01-15,0.1017,0.0368,0.0563
2019-01-16,0.1712,0.0777,0.0429
2019-01-17,0.1059,0.0656,0.1151
2019-01-18,0.1177,0.0501,0.2013
2019-01-19,0.1014,0.0362,0.0834
2019-01-20,0.0913,0.0364,0.0472
2019-01-21,0.0979,0.0492,0.087
2019-01-22,0.0791,0.0359,0.0425
2019-01-23,0.0833,0.0282,0.0449
2019-01-24,0.0775,0.0399,0.0493
2019-01-25,0.1059,0.0747,0.0426
2019-01-26,0.092,0.0386,0.0283
2019-01-27,0.1402,0.0617,0.0323
2019-01-28,0.1076,0.0287,0.1212
2019-01-29,0.0703,0.0351,0.0733
2019-01-30,0.0835,0.0349,0.0575
2019-01-31,0.0761,0.0335,0.0813
2019-02-01,0.0706,0.0226,0.0735
2019-02-02,0.103,0.0371,0.031
2019-02-03,0.0934,0.0248,0.0289
2019-02-04,0.0709,0.0237,0.03
2019-02-05,0.078,0.0209,0.0427
2019-02-06,0.0866,0.0128,0.0742
2019-02-07,0.0677,0.018,0.07
2019-02-08,0.064,0.0265,0.112
2019-02-09,0.0494,0.0204,0.0471
2019-02-10,0.055,0.0216,0.0337
2019-02-11,0.2031,0.0189,0.0489
2019-02-12,0.1187,0.0198,0.1052
2019-02-13,0.0744,0.0284,0.1366
2019-02-14,0.0701,0.0385,0.1498
2019-02-15,0.0867,0.0236,0.1137
2019-02-16,0.1347,0.0246,0.0487
2019-02-17,0.0928,0.026,0.0694
2019-02-18,0.1193,0.0226,0.0429
2019-02-19,0.0796,0.0326,0.0881
2019-02-20,0.0605,0.0368,0.0788
2019-02-21,0.0844,0.0189,0.0514
2019-02-22,0.0812,0.0191,0.0706
2019-02-23,0.0852,0.0335,0.038
2019-02-24,0.0799,0.0448,0.0613
2019-02-25,0.0844,0.0365,0.4577
2019-02-26,0.1047,0.0549,0.1229
2019-02-27,0.0783,0.0411,0.0889
2019-02-28,0.0746,0.0252,0.0699
2019-03-01,0.1359,0.0159,0.0531
2019-03-02,0.1028,0.0295,0.0672
2019-03-03,0.1282,0.0186,0.074
2019-03-04,0.0651,0.0185,0.107
2019-03-05,0.1305,0.0332,0.0734
2019-03-06,0.1162,0.0261,0.0837
2019-03-07,0.1116,0.0234,0.075
2019-03-08,0.1189,0.0176,0.06
2019-03-09,0.1132,0.0261,0.0347
2019-03-10,0.0895,0.0243,0.0366
2019-03-11,0.07,0.0271,0.0455
2019-03-12,0.0726,0.0295,0.0668
2019-03-13,0.0769,0.0227,0.0491
2019-03-14,0.092,0.0207,0.078
2019-03-15,0.0743,0.0401,0.0633
2019-03-16,0.124,0.0271,0.0351
2019-03-17,0.0851,0.0173,0.0315
2019-03-18,0.0735,0.03,0.0324
2019-03-19,0.0656,0.0363,0.0512
2019-03-20,0.0756,0.0241,0.0774
2019-03-21,0.0929,0.0387,0.0895
2019-03-22,0.0865,0.0431,0.0543
2019-03-23,0.0856,0.0363,0.0327
2019-03-24,0.0906,0.0327,0.0299
2019-03-25,0.0945,0.0703,0.0324
2019-03-26,0.0639,0.0346,0.0281
2019-03-27,0.084,0.0484,0.04
2019-03-28,0.0849,0.0582,0.0493
2019-03-29,0.092,0.0409,0.0455
2019-03-30,0.0782,0.029,0.0738
2019-03-31,0.0678,0.0708,0.0232
2019-04-01,0.1138,0.1096,0.0574
2019-04-02,0.0937,0.0803,0.0373
2019-04-03,0.0775,0.0486,0.0921
2019-04-04,0.0966,0.0493,0.0661
2019-04-05,0.1238,0.0317,0.0478
2019-04-06,0.087,0.0436,0.0279
2019-04-07,0.0759,0.0352,0.0268
2019-04-08,0.077,0.0325,0.0596
2019-04-09,0.0808,0.0324,0.0478
2019-04-10,0.0731,0.0432,0.0388
2019-04-11,0.0926,0.034,0.0499
2019-04-12,0.0739,0.0286,0.0369
2019-04-13,0.0738,0.0292,0.0255
2019-04-14,0.0689,0.0256,0.0426
2019-04-15,0.0772,0.0419,0.041
2019-04-16,0.0677,0.0691,0.028
2019-04-17,0.0762,0.0513,0.0479
2019-04-18,0.076,0.0835,0.0315
2019-04-19,0.0808,0.0258,0.0347
2019-04-20,0.0928,0.0315,0.0253
2019-04-21,0.1161,0.0475,0.0227
2019-04-22,0.1404,0.0349,0.0432
2019-04-23,0.1451,0.0218,0.0323
2019-04-24,0.1145,0.0331,0.034
2019-04-25,0.1493,0.0625,0.0366
2019-04-26,0.1114,0.0325,0.0421
2019-04-27,0.0944,0.0349,0.0298
2019-04-28,0.1304,0.046,0.0159
2019-04-29,0.1335,0.1031,0.0398
2019-04-30,0.0903,0.0517,0.0433
2019-05-01,0.0601,0.0231,0.0628
2019-05-02,0.0707,0.028,0.0464
2019-05-03,0.1004,0.0477,0.0423
2019-05-04,0.0897,0.0365,0.0225
2019-05-05,0.1559,0.0351,0.0945
2019-05-06,0.1719,0.04,0.3906
2019-05-07,0.1022,0.0291,0.4214
2019-05-08,0.0742,0.038,0.3106
2019-05-09,0.1085,0.0644,0.4595
2019-05-10,0.1278,0.0419,0.504
2019-05-11,0.1717,0.0225,0.3467
2019-05-12,0.1289,0.027,0.2186
2019-05-13,0.1517,0.0334,0.4456
2019-05-14,0.1289,0.1205,0.2791
2019-05-15,0.1113,0.0477,0.1954
2019-05-16,0.08,0.0269,0.4102
2019-05-17,0.087,0.0218,0.2997
2019-05-18,0.0742,0.0232,0.1803
2019-05-19,0.0958,0.0255,0.1686
2019-05-20,0.1687,0.025,0.3505
2019-05-21,0.1001,0.0253,0.3248
2019-05-22,0.0739,0.0254,0.2548
2019-05-23,0.1434,0.1052,0.2768
2019-05-24,0.1919,0.0389,0.2346
2019-05-25,0.1045,0.0263,0.167
2019-05-26,0.0687,0.0268,0.145
2019-05-27,0.0987,0.0406,0.1468
2019-05-28,0.107,0.0446,0.1579
2019-05-29,0.127,0.0433,0.2299
2019-05-30,0.1292,0.0638,0.1546
2019-05-31,0.1569,0.037,0.2494
2019-06-01,0.3395,0.0618,0.3034
2019-06-02,0.43,0.1508,0.225
2019-06-03,0.2656,0.0381,0.2561
2019-06-04,0.0989,0.0274,0.1674
2019-06-05,0.0958,0.0284,0.1502
2019-06-06,0.1072,0.0508,0.1854
2019-06-07,0.1569,0.0303,0.1145
2019-06-08,0.0991,0.025,0.2676
2019-06-09,0.0728,0.022,0.1681
2019-06-10,0.111,0.0205,0.1604
2019-06-11,0.1011,0.0284,0.1697
2019-06-12,0.117,0.033,0.1107
2019-06-13,0.2245,0.034,0.1152
2019-06-14,0.3517,0.0299,0.123
2019-06-15,0.1921,0.0209,0.085
2019-06-16,0.2229,0.0323,0.0722
2019-06-17,0.187,0.0298,0.1695
2019-06-18,0.1076,0.0184,0.1357
2019-06-19,0.083,0.0256,0.1275
2019-06-20,0.1046,0.0368,0.0956
2019-06-21,0.1283,0.026,0.1605
2019-06-22,0.2013,0.0252,0.1821
2019-06-23,0.2216,0.0262,0.1165
2019-06-24,0.1729,0.0335,0.2004
2019-06-25,0.1419,0.0253,0.2276
2019-06-26,0.0997,0.0318,0.2088
2019-06-27,0.1764,0.0395,0.2897
2019-06-28,0.1533,0.0447,0.2435
2019-06-29,0.0746,0.0358,0.5882
2019-06-30,0.0991,0.0319,0.1861
2019-07-01,0.1469,0.0325,0.1913
2019-07-02,0.1585,0.0397,0.1356
2019-07-03,0.1826,0.0313,0.137
2019-07-04,0.1085,0.0184,0.1146
2019-07-05,0.0789,0.0306,0.1005
2019-07-06,0.0931,0.0393,0.1056
2019-07-07,0.0946,0.0415,0.0572
2019-07-08,0.0903,0.0234,0.1342
2019-07-09,0.0786,0.0663,0.1066
2019-07-10,0.0854,0.0449,0.1652
2019-07-11,0.1654,0.0491,0.1201
2019-07-12,0.1548,0.069,0.1668
2019-07-13,0.0929,0.1185,0.0818
2019-07-14,0.1011,0.0828,0.0725
2019-07-15,0.0821,0.0488,0.1933
2019-07-16,0.0974,0.0292,0.1004
2019-07-17,0.1229,0.0378,0.1349
2019-07-18,0.2938,0.0223,0.1263
2019-07-19,0.3482,0.0275,0.1331
2019-07-20,0.6636,0.0328,0.0719
2019-07-21,0.2868,0.0349,0.05
2019-07-22,0.2862,0.0202,0.1246
2019-07-23,0.1937,0.0227,0.1277
2019-07-24,0.1715,0.1348,0.1054
2019-07-25,0.1992,0.1017,0.0951
2019-07-26,0.3753,0.032,0.171
2019-07-27,0.4936,0.0237,0.0927
2019-07-28,0.2921,0.05,0.034
2019-07-29,0.2028,0.0467,0.1022
2019-07-30,0.2591,0.0418,0.1526
2019-07-31,0.2911,0.0682,0.1099
2019-08-01,0.2805,0.0963,0.1279
2019-08-02,0.1859,0.0502,0.5152
2019-08-03,0.1934,0.0288,0.1739
2019-08-04,0.1809,0.0478,0.0933
2019-08-05,0.2337,0.0389,0.2923
2019-08-06,0.2024,0.0345,0.3559
2019-08-07,0.2074,0.0494,0.2788
2019-08-08,0.2062,0.0466,0.2276
2019-08-09,0.1364,0.0517,0.2367
2019-08-10,0.1017,0.036,0.128
2019-08-11,0.0972,0.0416,0.0961
2019-08-12,0.1293,0.0403,0.1907
2019-08-13,0.1158,0.0406,0.3541
2019-08-14,0.0992,0.0239,0.492
2019-08-15,0.1122,0.0281,0.2403
2019-08-16,0.0854,0.0618,0.1763
2019-08-17,0.0901,0.0479,0.1701
2019-08-18,0.0979,0.0378,0.1265
2019-08-19,0.1257,0.0871,0.2174
2019-08-20,0.1435,0.0607,0.1896
2019-08-21,0.1348,0.0761,0.1314
2019-08-22,0.1221,0.0544,0.1176
2019-08-23,0.1712,0.0925,0.1882
2019-08-24,0.1908,0.1004,0.5084
2019-08-25,0.1774,0.0462,0.3722
2019-08-26,0.1318,0.0215,0.3628
2019-08-27,0.1823,0.0281,0.1305
2019-08-28,0.1959,0.0338,0.1431
2019-08-29,0.2312,0.0309,0.1502
2019-08-30,0.1949,0.0325,0.1939
2019-08-31,0.1595,0.0224,0.2463
2019-09-01,0.1664,0.034,0.2414
2019-09-02,0.2286,0.0323,0.1173
2019-09-03,0.1582,0.0204,0.1247
2019-09-04,0.1179,0.0222,0.1451
2019-09-05,0.1067,0.034,0.0914
2019-09-06,0.1086,0.0309,0.1157
2019-09-07,0.1277,0.025,0.1219
2019-09-08,0.092,0.0299,0.1076
2019-09-09,0.0814,0.0227,0.1286
2019-09-10,0.0661,0.0307,0.099
2019-09-11,0.1179,0.0462,0.1102
2019-09-12,0.12,0.0389,0.3146
2019-09-13,0.0979,0.0218,0.1351
2019-09-14,0.1296,0.0201,0.0443
2019-09-15,0.1207,0.0338,0.0392
2019-09-16,0.0948,0.0315,0.0972
2019-09-17,0.0833,0.0387,0.147
2019-09-18,0.0768,0.0486,0.1122
2019-09-19,0.1472,0.0287,0.0689
2019-09-20,0.0959,0.0496,0.0957
2019-09-21,0.1097,0.0643,0.0663
2019-09-22,0.1095,0.0388,0.05
2019-09-23,0.0906,0.031,0.0629
2019-09-24,0.0705,0.0316,0.0961
2019-09-25,0.0799,0.0467,0.1021
2019-09-26,0.0877,0.0476,0.0809
2019-09-27,0.1824,0.0371,0.1316
2019-09-28,0.1842,0.0425,0.0519
2019-09-29,0.2459,0.0333,0.0893
2019-09-30,0.1965,0.0359,0.1194
2019-10-01,0.1779,0.0784,0.1371
2019-10-02,0.1072,0.0184,0.0752
2019-10-03,0.0966,0.0223,0.0471
2019-10-04,0.0788,0.0152,0.055
2019-10-05,0.0853,0.0341,0.047
2019-10-06,0.079,0.0305,0.0408
2019-10-07,0.0935,0.0258,0.0602
2019-10-08,0.0675,0.0294,0.2414
2019-10-09,0.0814,0.0281,0.2382
2019-10-10,0.0948,0.0408,0.1798
2019-10-11,0.0787,0.0294,0.1387
2019-10-12,0.0804,0.0298,0.1225
2019-10-13,0.1007,0.0768,0.0761
2019-10-14,0.1147,0.0421,0.1308
2019-10-15,0.1146,0.0211,0.11
2019-10-16,0.1097,0.0268,0.0868
2019-10-17,0.1021,0.0263,0.0653
2019-10-18,0.099,0.014,0.1002
2019-10-19,0.0836,0.0214,0.0702
2019-10-20,0.1258,0.0164,0.0398
2019-10-21,0.1655,0.0366,0.0866
2019-10-22,0.0847,0.0195,0.123
2019-10-23,0.0746,0.0199,0.0785
2019-10-24,0.0958,0.0153,0.0902
2019-10-25,0.1142,0.025,0.1491
2019-10-26,0.0857,0.0211,0.0991
2019-10-27,0.0776,0.0117,0.0656
2019-10-28,0.1135,0.0131,0.0628
2019-10-29,0.1216,0.0136,0.0564
2019-10-30,0.1341,0.0435,0.1196
2019-10-31,0.126,0.0359,0.0784
2019-11-01,0.1296,0.0226,0.0961
2019-11-02,0.1793,0.023,0.0917
2019-11-03,0.4079,0.0128,0.0527
2019-11-04,0.2696,0.0337,0.0838
2019-11-05,0.1678,0.0232,0.1529
2019-11-06,0.1444,0.0191,0.084
2019-11-07,0.1246,0.0203,0.079
2019-11-08,0.127,0.0127,0.0821
2019-11-09,0.1239,0.0098,0.0588
2019-11-10,0.0,0.0166,0.0714
2019-11-11,0.0,0.0101,0.1096
2019-11-12,0.0,0.0151,0.1003
2019-11-13,0.0,0.0471,0.1167
2019-11-14,0.0,0.0244,0.0778
2019-11-15,0.0,0.0283,0.1291
2019-11-16,0.0003,0.026,0.0408
2019-11-17,0.0949,0.0686,0.0462
2019-11-18,0.2163,0.1088,0.1069
2019-11-19,0.1399,0.0542,0.1614
2019-11-20,0.12,0.0293,0.219
2019-11-21,0.1019,0.034,0.1327
2019-11-22,0.1686,0.0404,0.1555
2019-11-23,0.1168,0.0316,0.1081
2019-11-24,0.1077,0.037,0.0828
2019-11-25,0.1011,0.0237,0.1048
2019-11-26,0.0797,0.0135,0.1075
2019-11-27,0.0946,0.0149,0.1027
2019-11-28,0.123,0.022,0.0874
2019-11-29,0.0999,0.0173,0.0893
2019-11-30,0.0936,0.0404,0.0496
2019-12-01,0.0,0.0618,0.0903
2019-12-02,0.0,0.0376,0.1052
2019-12-03,0.0,0.0219,0.1331
2019-12-04,0.0,0.0268,0.1624
2019-12-05,0.0,0.0268,0.1423
2019-12-06,0.0,0.029,0.1132
2019-12-07,0.0,0.0254,0.0733
2019-12-08,0.0,0.0211,0.0797
2019-12-09,0.0,0.0136,0.1933
2019-12-10,0.0,0.0345,0.208
2019-12-11,0.0,0.0256,0.1656
2019-12-12,0.0,0.0279,0.196
2019-12-13,0.0,0.0255,0.4027
2019-12-14,0.0013,0.0208,0.2403
2019-12-15,0.0744,0.0216,0.1485
2019-12-16,0.0679,0.017,0.1441
2019-12-17,0.1829,0.0453,0.1317
2019-12-18,0.1417,0.0396,0.0655
2019-12-19,0.1054,0.0187,0.0664
2019-12-20,0.1029,0.0144,0.0711
2019-12-21,0.1073,0.0745,0.0604
2019-12-22,0.1112,0.0466,0.0545
2019-12-23,0.1209,0.0326,0.0485
2019-12-24,0.137,0.0337,0.0732
2019-12-25,0.194,0.065,0.0658
2019-12-26,0.3657,0.0718,0.0675
2019-12-27,0.2458,0.0602,0.0868
2019-12-28,0.1434,0.0454,0.0432
2019-12-29,0.1695,0.0585,0.0609
2019-12-30,0.1393,0.0384,0.0702
2019-12-31,0.1529,0.0598,0.1859
2020-01-01,0.1506,0.119,0.081
2020-01-02,0.1243,0.046,0.0493
2020-01-03,0.1527,0.0541,0.0637
2020-01-04,0.1648,0.1207,0.0403
2020-01-05,0.1409,0.0486,0.0482
2020-01-06,0.1419,0.0313,0.0723
2020-01-07,0.1402,0.0299,0.0604
2020-01-08,0.1083,0.0304,0.0495
2020-01-09,0.1038,0.0398,0.0793
2020-01-10,0.118,0.0562,0.0469
2020-01-11,0.1255,0.2243,0.0298
2020-01-12,0.2074,0.2993,0.0414
2020-01-13,0.189,0.0965,0.0936
2020-01-14,0.0875,0.067,0.1526
2020-01-15,0.0947,0.073,0.3803
2020-01-16,0.097,0.0523,0.18
2020-01-17,0.1212,0.0657,0.0886
2020-01-18,0.1021,0.056,0.0423
2020-01-19,0.1058,0.0638,0.0487
2020-01-20,0.0847,0.0359,0.0707
2020-01-21,0.0785,0.03,0.0766
2020-01-22,0.0664,0.032,0.0843
2020-01-23,0.0518,0.0261,0.0557
2020-01-24,0.0848,0.0171,0.0379
2020-01-25,0.0725,0.0233,0.0318
2020-01-26,0.0781,0.0256,0.0276
2020-01-27,0.0981,0.0165,0.0472
2020-01-28,0.0899,0.0163,0.0455
2020-01-29,0.0401,0.0169,0.0615
2020-01-30,0.059,0.0162,0.0741
2020-01-31,0.0944,0.0137,0.05
2020-02-01,0.0501,0.0169,0.0491
2020-02-02,0.1023,0.1935,0.0256
2020-02-03,0.0563,0.1636,0.0512
2020-02-04,0.071,0.0234,0.0514
2020-02-05,0.0622,0.0141,0.0473
2020-02-06,0.0702,0.0238,0.1058
2020-02-07,0.0561,0.0139,0.0409
2020-02-08,0.0753,0.0244,0.0281
2020-02-09,0.0766,0.0324,0.0313
2020-02-10,0.0749,0.0541,0.0582
2020-02-11,0.1478,0.0261,0.0446
2020-02-12,0.0957,0.0268,0.0516
2020-02-13,0.0739,0.0231,0.0521
2020-02-14,0.1041,0.0694,0.0664
2020-02-15,0.1134,0.02,0.0396
2020-02-16,0.0881,0.023,0.0291
2020-02-17,0.0929,0.0232,0.0469
2020-02-18,0.08,0.0215,0.0551
2020-02-19,0.0804,0.0211,0.0452
2020-02-20,0.0627,0.0151,0.0523
2020-02-21,0.0653,0.0262,0.0435
2020-02-22,0.0792,0.0091,0.0595
2020-02-23,0.0686,0.0153,0.0802
2020-02-24,0.0784,0.0118,0.0963
2020-02-25,0.0536,0.0149,0.0556
2020-02-26,0.0526,0.0159,0.047
2020-02-27,0.0527,0.0119,0.062
2020-02-28,0.1072,0.0181,0.0381
2020-02-29,0.075,0.0154,0.0455
2020-03-01,0.0558,0.0148,0.0288
2020-03-02,0.0545,0.0105,0.0515
2020-03-03,0.0479,0.0111,0.0369
2020-03-04,0.064,0.0104,0.0399
2020-03-05,0.0533,0.017,0.0788
2020-03-06,0.0531,0.0153,0.0464
2020-03-07,0.0682,0.0396,0.0306
2020-03-08,0.0974,0.0778,0.0384
2020-03-09,0.0447,0.0226,0.0453
2020-03-10,0.0492,0.0234,0.0697
2020-03-11,0.0447,0.0238,0.0667
2020-03-12,0.0509,0.0091,0.0906
2020-03-13,0.0386,0.0137,0.0665
2020-03-14,0.0476,0.0299,0.0279
2020-03-15,0.0,0.0129,0.0379
2020-03-16,0.0,0.0117,0.0506
2020-03-17,0.0,0.0147,0.0563
2020-03-18,0.0,0.0147,0.0328
2020-03-19,0.0,0.0105,0.031
2020-03-20,0.0,0.0094,0.0351
2020-03-21,0.0009,0.0146,0.0274
2020-03-22,0.0615,0.0136,0.0261
2020-03-23,0.0471,0.0133,0.0477
2020-03-24,0.0552,0.0121,0.0352
2020-03-25,0.0523,0.0174,0.0487
2020-03-26,0.0783,0.0326,0.0542
2020-03-27,0.1278,0.1006,0.0422
2020-03-28,0.0738,0.0411,0.0348
2020-03-29,0.071,0.0156,0.0262
2020-03-30,0.0546,0.0202,0.0575
2020-03-31,0.0576,0.0173,0.0788
2020-04-01,0.1074,0.015,0.0783
2020-04-02,0.0864,0.0137,0.0454
2020-04-03,0.0498,0.0098,0.0697
2020-04-04,0.0766,0.0114,0.0334
2020-04-05,0.0,0.0108,0.0391
2020-04-06,0.0,0.0054,0.033
2020-04-07,0.0,0.0105,0.042
2020-04-08,0.0,0.0121,0.0538
2020-04-09,0.0,0.0132,0.0395
2020-04-10,0.0,0.0293,0.0347
2020-04-11,0.0007,0.0422,0.0328
2020-04-12,0.1075,0.0483,0.0298
2020-04-13,0.0763,0.0241,0.0463
2020-04-14,0.0984,0.021,0.0569
2020-04-15,0.0861,0.0213,0.0438
2020-04-16,0.0838,0.0169,0.0436
2020-04-17,0.0745,0.0221,0.0437
2020-04-18,0.0983,0.0223,0.0693
2020-04-19,0.129,0.0207,0.0591
2020-04-20,0.1012,0.0193,0.052
2020-04-21,0.1043,0.0227,0.0563
2020-04-22,0.1188,0.0175,0.0378
2020-04-23,0.1555,0.0182,0.032
2020-04-24,0.1288,0.0324,0.033
2020-04-25,0.0964,0.0277,0.031
2020-04-26,0.096,0.025,0.0392
2020-04-27,0.1057,0.015,0.0447
2020-04-28,0.1027,0.0176,0.0858
2020-04-29,0.1076,0.0269,0.0476
2020-04-30,0.1243,0.0249,0.0639
2020-05-01,0.1046,0.016,0.0826
2020-05-02,0.0934,0.0152,0.0572
2020-05-03,0.0674,0.0209,0.0317
2020-05-04,0.0898,0.0224,0.0556
2020-05-05,0.1116,0.0244,0.0535
2020-05-06,0.1038,0.0374,0.0883
2020-05-07,0.088,0.0249,0.0948
2020-05-08,0.1029,0.027,0.0652
2020-05-09,0.1296,0.0563,0.0563
2020-05-10,0.0961,0.0207,0.0462
2020-05-11,0.0945,0.029,0.0632
2020-05-12,0.0923,0.0428,0.0632
2020-05-13,0.0928,0.0388,0.0554
2020-05-14,0.104,0.0475,0.0665
2020-05-15,0.152,0.0695,0.1444
2020-05-16,0.1233,0.051,0.173
2020-05-17,0.1113,0.0515,0.1203
2020-05-18,0.1146,0.0381,0.1736
2020-05-19,0.0761,0.0386,0.0954
2020-05-20,0.0963,0.216,0.0884
2020-05-21,0.1173,0.0986,0.0854
2020-05-22,0.1257,0.0738,0.0823
2020-05-23,0.1277,0.0488,0.163
2020-05-24,0.0,0.0528,0.1291
2020-05-25,0.0,0.0629,0.1721
2020-05-26,0.0,0.0356,0.0982
2020-05-27,0.0,0.0372,0.1027
2020-05-28,0.0,0.0385,0.1436
2020-05-29,0.0,0.0974,0.121
2020-05-30,0.0013,0.0933,0.1718
2020-05-31,0.1598,0.0406,0.0635
2020-06-01,0.1551,0.024,0.1146
2020-06-02,0.1484,0.0244,0.1034
2020-06-03,0.1621,0.0273,0.0721
2020-06-04,0.1248,0.0305,0.0705
2020-06-05,0.1502,0.0433,0.0769
2020-06-06,0.1371,0.0295,0.0514
2020-06-07,0.1298,0.0341,0.0689
2020-06-08,0.1525,0.0218,0.0811
2020-06-09,0.1468,0.0523,0.078
2020-06-10,0.1378,0.0275,0.0704
2020-06-11,0.1409,0.035,0.0679
2020-06-12,0.1676,0.0424,0.0705
2020-06-13,0.2368,0.0422,0.0432
2020-06-14,0.1908,0.0289,0.0488
2020-06-15,0.1386,0.0267,0.0634
2020-06-16,0.1274,0.0365,0.1021
2020-06-17,0.1276,0.027,0.0838
2020-06-18,0.1201,0.0322,0.1056
2020-06-19,0.1563,0.0515,0.1313
2020-06-20,0.1737,0.043,0.0665
2020-06-21,0.1656,0.0314,0.0659
2020-06-22,0.1184,0.0333,0.0996
2020-06-23,0.1255,0.0338,0.0918
2020-06-24,0.1478,0.0386,0.0882
2020-06-25,0.1109,0.0272,0.0749
2020-06-26,0.2287,0.0342,0.0661
2020-06-27,0.2172,0.0347,0.0463
2020-06-28,0.1795,0.0322,0.0502
2020-06-29,0.1498,0.0262,0.0967
2020-06-30,0.1597,0.0272,0.1032
2020-07-01,0.1306,0.024,0.0929
2020-07-02,0.1866,0.0297,0.0647
2020-07-03,0.2107,0.0327,0.0511
2020-07-04,0.3191,0.0372,0.039
2020-07-05,0.2139,0.0366,0.0666
2020-07-06,0.2846,0.025,0.0913
2020-07-07,0.185,0.0286,0.0659
2020-07-08,0.1629,0.0313,0.0766
2020-07-09,0.1592,0.025,0.0857
2020-07-10,0.143,0.0433,0.0875
2020-07-11,0.166,0.0346,0.0691
2020-07-12,0.2513,0.0356,0.0476
2020-07-13,0.2508,0.0248,0.0668
2020-07-14,0.7546,0.0622,0.1174
2020-07-15,0.4302,0.0563,0.1427
2020-07-16,0.3662,0.0587,0.0811
2020-07-17,0.293,0.033,0.0613
2020-07-18,0.294,0.0383,0.1814
2020-07-19,0.2924,0.0404,0.0628
2020-07-20,0.2488,0.0556,0.0689
2020-07-21,0.2889,0.0491,0.1403
2020-07-22,0.3344,0.0494,0.0951
2020-07-23,0.3218,0.0366,0.1033
2020-07-24,0.3604,0.0928,0.0926
2020-07-25,0.3168,0.0449,0.0819
2020-07-26,0.3026,0.0393,0.0554
2020-07-27,0.4109,0.0391,0.0981
2020-07-28,0.3432,0.0405,0.0841
2020-07-29,0.2784,0.026,0.1018
2020-07-30,0.2727,0.0644,0.1357
2020-07-31,0.268,0.059,0.1126
2020-08-01,0.3244,0.0491,0.1069
2020-08-02,0.2459,0.0359,0.0885
2020-08-03,0.1642,0.0424,0.0772
2020-08-04,0.1982,0.029,0.092
2020-08-05,0.2122,0.0707,0.122
2020-08-06,0.2271,0.0458,0.0929
2020-08-07,0.2621,0.044,0.0864
2020-08-08,0.2043,0.0338,0.0771
2020-08-09,0.2584,0.0358,0.0729
2020-08-10,0.243,0.1365,0.0786
2020-08-11,0.1722,0.0909,0.0582
2020-08-12,0.1275,0.0462,0.0875
2020-08-13,0.1496,0.0692,0.099
2020-08-14,0.1276,0.0931,0.0893
2020-08-15,0.1379,0.0855,0.0781
2020-08-16,0.1597,0.0613,0.0896
2020-08-17,0.176,0.055,0.1144
2020-08-18,0.1826,0.0777,0.147
2020-08-19,0.1722,0.0602,0.0859
2020-08-20,0.1267,0.0473,0.0873
2020-08-21,0.1393,0.0458,0.0837
2020-08-22,0.1274,0.0897,0.1672
2020-08-23,0.1638,0.1075,0.1954
2020-08-24,0.1501,0.0785,0.1282
2020-08-25,0.1862,0.0842,0.1057
2020-08-26,0.3292,0.0758,0.1292
2020-08-27,0.4465,0.0706,0.1422
2020-08-28,0.3306,0.0542,0.0906
2020-08-29,0.2458,0.0434,0.2506
2020-08-30,0.2203,0.0744,0.0978
2020-08-31,0.205,0.083,0.2043
2020-09-01,0.1865,0.0965,0.0917
2020-09-02,0.2024,0.0774,0.1019
2020-09-03,0.1939,0.0825,0.0955
2020-09-04,0.1752,0.0559,0.0843
2020-09-05,0.1763,0.0682,0.3845
2020-09-06,0.2084,0.0767,0.1302
2020-09-07,0.2256,0.0369,0.2076
2020-09-08,0.1906,0.05,0.2513
2020-09-09,0.1887,0.0385,0.1723
2020-09-10,0.2374,0.0432,0.1198
2020-09-11,0.1916,0.0523,0.0817
2020-09-12,0.2435,0.0473,0.0574
2020-09-13,0.2338,0.0653,0.0793
2020-09-14,0.1925,0.0519,0.1257
2020-09-15,0.2284,0.054,0.1529
2020-09-16,0.1923,0.0783,0.1008
2020-09-17,0.23,0.1053,0.1723
2020-09-18,0.2443,0.2071,0.0923
2020-09-19,0.1366,0.2377,0.1356
2020-09-20,0.1631,0.1672,0.0907
2020-09-21,0.1624,0.1435,0.1407
2020-09-22,0.169,0.1464,0.09
2020-09-23,0.1931,0.0981,0.0917
2020-09-24,0.1378,0.094,0.0875
2020-09-25,0.106,0.068,0.0843
2020-09-26,0.1331,0.0948,0.1246
2020-09-27,0.1347,0.0718,0.1008
2020-09-28,0.1365,0.0585,0.0886
2020-09-29,0.1601,0.0679,0.0614
2020-09-30,0.1262,0.0713,0.0521
2020-10-01,0.1259,0.0557,0.0545
2020-10-02,0.0829,0.0533,0.095
2020-10-03,0.116,0.1007,0.0274
2020-10-04,0.1241,0.0951,0.0357
2020-10-05,0.096,0.0372,0.0627
2020-10-06,0.1875,0.0838,0.045
2020-10-07,0.1428,0.0796,0.0739
2020-10-08,0.1145,0.074,0.0588
2020-10-09,0.1266,0.0844,0.0672
2020-10-10,0.3136,0.1937,0.0773
2020-10-11,0.2802,0.1328,0.1016
2020-10-12,0.1964,0.0689,0.1406
2020-10-13,0.249,0.1006,0.0638
2020-10-14,0.1385,0.0677,0.105
2020-10-15,0.2303,0.1254,0.0975
2020-10-16,0.2478,0.0657,0.0732
2020-10-17,0.1356,0.0776,0.0791
2020-10-18,0.1412,0.116,0.1596
2020-10-19,0.3425,0.0773,0.0539
2020-10-21,0.223,0.0693,0.0618
2020-10-22,0.2055,0.1451,0.0503
2020-10-23,0.3126,0.1416,0.0829
2020-10-24,0.2985,0.076,0.0653
2020-10-25,0.3403,0.0787,0.0432
2020-10-26,0.3142,0.0559,0.1202
2020-10-27,0.3087,0.1027,0.059
2020-10-28,0.1624,0.0696,0.0505
2020-10-29,0.2816,0.0703,0.1107
2020-10-30,0.2147,0.073,0.1982
2020-10-31,0.276,0.0747,0.0719
2020-11-01,0.3913,0.0489,0.093
2020-11-02,0.3159,0.0327,0.1
2020-11-03,0.2132,0.0756,0.0656
2020-11-04,0.12,0.0741,0.1034
2020-11-05,0.1729,0.0738,0.0745
2020-11-06,0.1792,0.0557,0.0679
2020-11-07,0.1656,0.0964,0.0544
2020-11-08,0.2409,0.0507,0.2494
2020-11-09,0.209,0.0553,0.0753
2020-11-10,0.1617,0.0342,0.2426
2020-11-11,0.1469,0.0503,0.1979
2020-11-12,0.3925,0.0481,0.1592
2020-11-13,0.2376,0.0323,0.0675
2020-11-14,0.3747,0.0384,0.0384
2020-11-15,0.492,0.1503,0.0776
2020-11-16,0.1724,0.0569,0.0551
2020-11-17,0.1148,0.0439,0.0682
2020-11-18,0.1071,0.042,0.0717
2020-11-19,0.1113,0.036,0.1197
2020-11-20,0.0983,0.0384,0.0836
2020-11-21,0.1038,0.0654,0.042
2020-11-22,0.1053,0.0283,0.0478
2020-11-23,0.171,0.036,0.0625
2020-11-24,0.194,0.0508,0.0704
2020-11-25,0.1433,0.0503,0.0458
2020-11-26,0.1135,0.033,0.0492
2020-11-27,0.1423,0.0267,0.0517
2020-11-28,0.1317,0.0223,0.0372
2020-11-29,0.1709,0.033,0.0427
2020-11-30,0.1681,0.0319,0.0485
2020-12-01,0.1051,0.0267,0.0521
2020-12-02,0.0996,0.025,0.0739
2020-12-03,0.1353,0.0311,0.0558
2020-12-04,0.1217,0.0252,0.0729
2020-12-05,0.1054,0.0226,0.0883
2020-12-06,0.1441,0.0208,0.2193
2020-12-07,0.1599,0.0498,0.1629
2020-12-08,0.1525,0.0662,0.0508
2020-12-09,0.1235,0.0498,0.0662
2020-12-10,0.2108,0.0532,0.0599
2020-12-11,0.1462,0.0576,0.0613
2020-12-12,0.1187,0.055,0.059
2020-12-13,0.1047,0.0379,0.0387
2020-12-14,0.1133,0.0198,0.0381
2020-12-15,0.1218,0.0198,0.0547
2020-12-16,0.111,0.0402,0.072
2020-12-17,0.1084,0.0254,0.0641
2020-12-18,0.1803,0.0198,0.1179
2020-12-19,0.2639,0.0467,0.1606
2020-12-20,0.239,0.0739,0.0959
2020-12-21,0.2007,0.0641,0.1077
2020-12-22,0.166,0.0323,0.0792
2020-12-23,0.1231,0.0242,0.0684
2020-12-24,0.0975,0.0221,0.0642
2020-12-25,0.1208,0.0522,0.0783
2020-12-26,0.1143,0.0392,0.0548
2020-12-27,0.1215,0.0289,0.0349
2020-12-28,0.1069,0.0318,0.0498
2020-12-29,0.1006,0.039,0.0613
2020-12-30,0.1159,0.0465,0.0775
2020-12-31,0.1894,0.1857,0.0826
2021-01-01,0.1566,0.1268,0.0511
2021-01-02,0.1383,0.055,0.0792
2021-01-03,0.141,0.0311,0.0673
2021-01-04,0.1188,0.0242,0.0476
2021-01-05,0.1367,0.0329,0.0783
2021-01-06,0.084,0.0407,0.0625
2021-01-07,0.0866,0.0378,0.0611
2021-01-08,0.1128,0.0401,0.0983
2021-01-09,0.1359,0.0177,0.0488
2021-01-10,0.1097,0.1571,0.0676
2021-01-11,0.1176,0.0574,0.0499
2021-01-12,0.0804,0.0335,0.0701
2021-01-13,0.0826,0.0547,0.0615
2021-01-14,0.1255,0.0197,0.1009
2021-01-15,0.2022,0.02,0.1504
2021-01-16,0.1735,0.024,0.0652
2021-01-17,0.1691,0.0273,0.048
2021-01-18,0.1071,0.026,0.1071
2021-01-19,0.1407,0.0713,0.0699
2021-01-20,0.1344,0.0234,0.1086
2021-01-21,0.1339,0.0277,0.0741
2021-01-22,0.1337,0.0265,0.0587
2021-01-23,0.2156,0.0527,0.0446
2021-01-24,0.2993,0.1608,0.042
2021-01-25,0.2135,0.0571,0.1564
2021-01-26,0.2183,0.0477,0.2254
2021-01-27,0.1811,0.0507,0.208
2021-01-28,0.2064,0.0658,0.1772
2021-01-29,0.1626,0.0718,0.2454
2021-01-30,0.1907,0.056,0.5998
2021-01-31,0.1746,0.0885,0.3384
2021-02-01,0.1159,0.0424,0.2069
2021-02-02,0.1098,0.0271,0.1129
2021-02-03,0.081,0.0376,0.1091
2021-02-04,0.104,0.0876,0.0987
2021-02-05,0.1345,0.088,0.0909
2021-02-06,0.1298,0.2057,0.0516
2021-02-07,0.1639,0.0997,0.065
2021-02-08,0.1317,0.0493,0.0638
2021-02-09,0.1864,0.0718,0.0638
2021-02-10,0.1293,0.0331,0.0855
2021-02-11,0.1599,0.0501,0.0893
2021-02-12,0.0985,0.0341,0.0602
2021-02-13,0.0759,0.0328,0.0366
2021-02-14,0.0786,0.0241,0.1052
2021-02-15,0.0991,0.0226,0.0351
2021-02-16,0.0844,0.0175,0.062
2021-02-17,0.1157,0.0365,0.0589
2021-02-18,0.1207,0.0381,0.0733
2021-02-19,0.1537,0.0503,0.0877
2021-02-20,0.2002,0.0479,0.0767
2021-02-21,0.1245,0.0422,0.0491
2021-02-22,0.1196,0.1122,0.1341
2021-02-23,0.0793,0.0356,0.0667
2021-02-24,0.0878,0.0412,0.0531
2021-02-25,0.1198,0.0439,0.082
2021-02-26,0.0911,0.0237,0.0679
2021-02-27,0.092,0.0416,0.0512
2021-02-28,0.1044,0.0444,0.0444
2021-03-01,0.1263,0.0352,0.1451
2021-03-02,0.1477,0.0417,0.1082
2021-03-03,0.1144,0.0274,0.1037
2021-03-04,0.15,0.0297,0.0865
2021-03-05,0.1511,0.0773,0.1521
2021-03-06,0.0947,0.0336,0.0576
2021-03-07,0.1871,0.0642,0.1717
2021-03-08,0.1409,0.0755,0.0899
2021-03-09,0.1046,0.0431,0.0946
2021-03-10,0.1982,0.0517,0.0595
2021-03-11,0.1396,0.0602,0.0635
2021-03-12,0.1698,0.0444,0.0749
2021-03-13,0.1591,0.0377,0.0676
2021-03-14,0.2784,0.039,0.0577
2021-03-15,0.1693,0.0454,0.062
2021-03-16,0.213,0.0771,0.0788
2021-03-17,0.2254,0.0741,0.0868
2021-03-18,0.1839,0.0529,0.0625
2021-03-19,0.3121,0.0478,0.076
2021-03-20,0.3401,0.1392,0.0556
2021-03-21,0.2642,0.0891,0.0525
2021-03-22,0.1885,0.0645,0.0595
2021-03-23,0.1405,0.0452,0.0632
2021-03-24,0.1102,0.0488,0.2246
2021-03-25,0.1982,0.039,0.1798
2021-03-26,0.1529,0.0705,0.1682
2021-03-27,0.1436,0.0619,0.0666
2021-03-28,0.2031,0.0504,0.0649
2021-03-29,0.1555,0.0582,0.0697
2021-03-30,0.1057,0.05,0.0675
2021-03-31,0.1228,0.0526,0.1246
2021-04-01,0.1625,0.045,0.0723
2021-04-02,0.1604,0.0597,0.0406
2021-04-03,0.206,0.0434,0.0193
2021-04-04,0.2396,0.0581,0.0378
2021-04-05,0.2029,0.0412,0.0509
2021-04-06,0.1908,0.0609,0.0624
2021-04-07,0.2192,0.1051,0.076
2021-04-08,0.2114,0.1022,0.0767
2021-04-09,0.2419,0.0635,0.1022
2021-04-10,0.183,0.0866,0.0575
2021-04-11,0.2794,0.1088,0.0531
2021-04-12,0.1773,0.0716,0.0673
2021-04-13,0.2667,0.0849,0.0699
2021-04-14,0.2034,0.1155,0.0768
2021-04-15,0.1898,0.0993,0.0614
2021-04-16,0.3003,0.2288,0.0496
2021-04-17,0.4691,0.2892,0.0516
2021-04-18,0.6018,0.1122,0.1445
2021-04-19,0.2142,0.0838,0.0442
2021-04-20,0.1998,0.0623,0.1475
2021-04-21,0.1437,0.057,0.0827
2021-04-22,0.1583,0.0399,0.056
2021-04-23,0.1287,0.0377,0.0635
2021-04-24,0.183,0.0507,0.0422
2021-04-25,0.2514,0.0518,0.0899
2021-04-26,0.1589,0.0771,0.0442
2021-04-27,0.1499,0.0617,0.0429
2021-04-28,0.1412,0.0458,0.0519
2021-04-29,0.1893,0.0784,0.0565
2021-04-30,0.1621,0.0688,0.0422
2021-05-01,0.1408,0.0708,0.0392
2021-05-02,0.1739,0.0781,0.0246
2021-05-03,0.1787,0.0759,0.0321
2021-05-04,0.1868,0.0387,0.0461
2021-05-05,0.1458,0.056,0.0394
2021-05-06,0.148,0.0774,0.0879
2021-05-07,0.1434,0.0644,0.0607
2021-05-08,0.134,0.0859,0.0441
2021-05-09,0.1208,0.0606,0.0281
2021-05-10,0.1131,0.0665,0.0648
2021-05-11,0.0988,0.0381,0.0431
2021-05-12,0.1066,0.0472,0.0549
2021-05-13,0.1052,0.0338,0.0912
2021-05-14,0.0899,0.0326,0.0481
2021-05-15,0.0855,0.0291,0.0329
2021-05-16,0.0949,0.0276,0.0304
2021-05-17,0.1092,0.0278,0.0538
2021-05-18,0.1001,0.0317,0.0412
2021-05-19,0.1507,0.0788,0.0412
2021-05-20,0.1991,0.1005,0.0397
2021-05-21,0.0931,0.0572,0.038
2021-05-22,0.1785,0.1197,0.0286
2021-05-23,0.2006,0.0911,0.0236
2021-05-24,0.1759,0.0674,0.033
2021-05-25,0.1373,0.064,0.0448
2021-05-26,0.1325,0.0713,0.0504
2021-05-27,0.1372,0.0458,0.0662
2021-05-28,0.1245,0.0694,0.049
2021-05-29,0.1906,0.0399,0.0545
2021-05-30,0.187,0.0343,0.0385
2021-05-31,0.1518,0.0271,0.0413
2021-06-01,0.1187,0.0271,0.0531
2021-06-02,0.1766,0.0234,0.0892
2021-06-03,0.1281,0.0338,0.0697
2021-06-04,0.1615,0.026,0.0603
2021-06-05,0.127,0.0349,0.0318
2021-06-06,0.1094,0.058,0.0327
2021-06-07,0.1495,0.0502,0.0544
2021-06-08,0.1361,0.059,0.0464
2021-06-09,0.1504,0.0667,0.0853
2021-06-10,0.1424,0.0475,0.0549
2021-06-11,0.1784,0.0759,0.0574
2021-06-12,0.2444,0.069,0.0328
2021-06-13,0.2027,0.1218,0.0362
2021-06-14,0.1413,0.1078,0.0308
2021-06-15,0.1888,0.0738,0.0836
2021-06-16,0.1663,0.1088,0.0593
2021-06-17,0.125,0.0694,0.052
2021-06-18,0.1279,0.0513,0.0605
2021-06-19,0.1133,0.0597,0.0288
2021-06-20,0.0998,0.0923,0.0445
2021-06-21,0.1099,0.0345,0.0365
2021-06-22,0.0946,0.0355,0.0374
2021-06-23,0.1122,0.0567,0.0498
2021-06-24,0.2224,0.0502,0.0683
2021-06-25,0.1759,0.0554,0.0437
2021-06-26,0.1694,0.037,0.0296
2021-06-27,0.1309,0.0362,0.0193
2021-06-28,0.1618,0.0464,0.0362
2021-06-29,0.1505,0.0339,0.0342
2021-06-30,0.1176,0.0198,0.0292
2021-07-01,0.232,0.0842,0.0326
2021-07-02,0.1312,0.0469,0.0377
2021-07-03,0.1294,0.0505,0.0843
2021-07-04,0.3139,0.0471,0.0495
2021-07-05,0.1529,0.0438,0.0768
2021-07-06,0.1547,0.0827,0.1117
2021-07-07,0.1179,0.0739,0.1205
2021-07-08,0.0817,0.0449,0.0679
2021-07-09,0.0781,0.0398,0.0828
2021-07-10,0.0753,0.0314,0.0527
2021-07-11,0.1394,0.0531,0.1365
2021-07-12,0.3334,0.0293,0.0802
2021-07-13,0.1741,0.0564,0.0776
2021-07-14,0.2621,0.0388,0.0586
2021-07-15,0.1373,0.0466,0.0573
2021-07-16,0.1353,0.0541,0.1033
2021-07-17,0.1219,0.0469,0.1132
2021-07-18,0.1411,0.047,0.0715
2021-07-19,0.1629,0.0377,0.0778
2021-07-20,0.1798,0.0515,0.0785
2021-07-21,0.1796,0.0634,0.0809
2021-07-22,0.139,0.0538,0.12
2021-07-23,0.1009,0.0466,0.0782
2021-07-24,0.139,0.0594,0.0319
2021-07-25,0.1171,0.059,0.0426
2021-07-26,0.1915,0.075,0.07
2021-07-27,0.1843,0.0798,0.0754
2021-07-28,0.1735,0.0531,0.0703
2021-07-29,0.1201,0.0693,0.0658
2021-07-30,0.2138,0.0437,0.0478
2021-07-31,0.2195,0.0407,0.0384
2021-08-01,0.2336,0.0356,0.0356
2021-08-02,0.1962,0.0422,0.0375
2021-08-03,0.2644,0.0481,0.0526
2021-08-04,0.2259,0.0566,0.0478
2021-08-05,0.1611,0.0852,0.0503
2021-08-06,0.1605,0.0891,0.0464
2021-08-07,0.1502,0.04,0.0365
2021-08-08,0.119,0.0237,0.0327
2021-08-09,0.1544,0.0357,0.0489
2021-08-10,0.1113,0.0621,0.0451
2021-08-11,0.1008,0.0336,0.0488
2021-08-12,0.1212,0.0552,0.0404
2021-08-13,0.0925,0.038,0.0333
2021-08-14,0.0611,0.0465,0.0237
2021-08-15,0.0714,0.0278,0.0195
2021-08-16,0.0818,0.0288,0.046
2021-08-17,0.068,0.0886,0.036
2021-08-18,0.0733,0.0681,0.0364
2021-08-19,0.0788,0.0543,0.0394
2021-08-20,0.1641,0.0511,0.0345
2021-08-21,0.1859,0.0457,0.0343
2021-08-22,0.2014,0.0389,0.0359
2021-08-23,0.2881,0.0406,0.0309
2021-08-24,0.3517,0.0334,0.0617
2021-08-25,0.2877,0.0308,0.0504
2021-08-26,0.2786,0.0411,0.0639
2021-08-27,0.1551,0.0499,0.0499
2021-08-28,0.1387,0.1221,0.0385
2021-08-29,0.1274,0.0688,0.0322
2021-08-30,0.1089,0.0407,0.0461
2021-08-31,0.1267,0.0413,0.0334
2021-09-01,0.1133,0.0615,0.0428
2021-09-02,0.1079,0.0558,0.0446
2021-09-03,0.0838,0.0389,0.0534
2021-09-04,0.0958,0.0506,0.047
2021-09-05,0.109,0.0772,0.0464
2021-09-06,0.1395,0.0684,0.0477
2021-09-07,0.1215,0.0377,0.0626
2021-09-08,0.1557,0.0318,0.0557
2021-09-09,0.1925,0.0482,0.0573
2021-09-10,0.2226,0.0512,0.0492
2021-09-11,0.3269,0.057,0.0296
2021-09-12,0.3465,0.0815,0.0233
2021-09-13,0.1351,0.0965,0.0485
2021-09-14,0.182,0.0607,0.0776
2021-09-15,0.2303,0.0759,0.1099
2021-09-16,0.3784,0.0638,0.0638
2021-09-17,0.2555,0.081,0.0409
2021-09-18,0.307,0.1021,0.0335
2021-09-19,0.2163,0.0772,0.0241
2021-09-20,0.2079,0.0369,0.0416
2021-09-21,0.2127,0.0546,0.054
2021-09-22,0.1815,0.0839,0.0595
2021-09-23,0.2378,0.0971,0.059
2021-09-24,0.2269,0.0645,0.0734
2021-09-25,0.1944,0.0626,0.0511
2021-09-26,0.1532,0.0932,0.074
2021-09-27,0.1676,0.0828,0.0541
2021-09-28,0.0981,0.0442,0.0702
2021-09-29,0.117,0.0636,0.0762
2021-09-30,0.1351,0.048,0.0732
2021-10-01,0.1121,0.0464,0.0413
2021-10-02,0.1624,0.0829,0.0576
2021-10-03,0.1779,0.1253,0.0418
2021-10-04,0.1244,0.1097,0.0625
2021-10-05,0.1477,0.1202,0.0905
2021-10-06,0.171,0.2284,0.0616
2021-10-07,0.2119,0.1408,0.0423
2021-10-08,0.5747,0.1804,0.0486
2021-10-09,0.4217,0.2998,0.0762
2021-10-10,0.2841,0.3205,0.0393
2021-10-11,0.179,0.1394,0.0508
2021-10-12,0.2283,0.1249,0.0426
2021-10-13,0.1863,0.1314,0.063
2021-10-14,0.1325,0.1288,0.0431
2021-10-15,0.115,0.0939,0.0493
2021-10-16,0.1274,0.0704,0.0348
2021-10-17,0.0832,0.0968,0.0291
2021-10-18,0.1067,0.0727,0.0596
2021-10-19,0.1069,0.0577,0.0445
2021-10-20,0.1032,0.0529,0.0503
2021-10-21,0.1363,0.0671,0.0705
2021-10-22,0.1303,0.1834,0.0544
2021-10-23,0.1671,0.1693,0.04
2021-10-24,0.1617,0.0819,0.0432
2021-10-25,0.1474,0.0646,0.0493
2021-10-26,0.1933,0.0915,0.1021
2021-10-27,0.232,0.1516,0.0502
2021-10-28,0.2309,0.2,0.0749
2021-10-29,0.1271,0.1287,0.059
2021-10-30,0.1064,0.1556,0.034
2021-10-31,0.0979,0.1855,0.0333
2021-11-01,0.1258,0.1081,0.0504
2021-11-02,0.2154,0.0709,0.0563
2021-11-03,0.1574,0.0862,0.0917
2021-11-04,0.1718,0.0915,0.0723
2021-11-05,0.1914,0.1537,0.0507
2021-11-06,0.1841,0.164,0.0361
2021-11-07,0.1173,0.0831,0.075
2021-11-08,0.2036,0.0644,0.0607
2021-11-09,0.1483,0.0866,0.053
2021-11-10,0.1635,0.1773,0.0692
2021-11-11,0.1813,0.107,0.0502
2021-11-12,0.1426,0.0988,0.1108
2021-11-13,0.1326,0.145,0.1158
2021-11-14,0.0995,0.1868,0.102
2021-11-15,0.1194,0.1594,0.109
2021-11-16,0.17,0.4298,0.0814
2021-11-17,0.1168,0.2044,0.0566
2021-11-18,0.2095,0.1702,0.0582
2021-11-19,0.1382,0.1036,0.0521
2021-11-20,0.1736,0.1051,0.0413
2021-11-21,0.1792,0.1215,0.0443
2021-11-22,0.3503,0.0776,0.04
2021-11-23,0.2294,0.119,0.0699
2021-11-24,0.15,0.1423,0.0686
2021-11-25,0.1766,0.1229,0.0932
2021-11-26,0.1743,0.1372,0.0794
2021-11-27,0.1112,0.113,0.045
2021-11-28,0.1178,0.0912,0.0271
2021-11-29,0.1286,0.0694,0.0468
2021-11-30,0.0942,0.0731,0.0683
2021-12-01,0.1144,0.081,0.0698
2021-12-02,0.1166,0.1008,0.0497
2021-12-03,0.1394,0.0943,0.1002
2021-12-04,0.1105,0.1171,0.0705
2021-12-05,0.1167,0.1839,0.0499
2021-12-06,0.2086,0.0943,0.0619
2021-12-07,0.1437,0.062,0.0974
2021-12-08,0.1224,0.0783,0.0772
2021-12-09,0.1375,0.1029,0.0606
2021-12-10,0.147,0.108,0.0698
2021-12-11,0.1366,0.0979,0.0782
2021-12-12,0.1491,0.1305,0.0564
2021-12-13,0.1711,0.085,0.1003
2021-12-14,0.2374,0.0951,0.0534
2021-12-15,0.1545,0.0525,0.0855
2021-12-16,0.1771,0.0755,0.0737
2021-12-17,0.2055,0.052,0.117
2021-12-18,0.4462,0.0551,0.0827
2021-12-19,0.3702,0.0458,0.0779
2021-12-20,0.2208,0.0666,0.0711
2021-12-21,0.1436,0.0629,0.0499
2021-12-22,0.1108,0.0384,0.0518
2021-12-23,0.1362,0.0748,0.0668
2021-12-24,0.1378,0.0708,0.085
2021-12-25,0.0858,0.0729,0.0497
2021-12-26,0.1096,0.0474,0.0338
2021-12-27,0.1097,0.0587,0.0385
2021-12-28,0.1563,0.0582,0.051
2021-12-29,0.1207,0.0827,0.0792
2021-12-30,0.1076,0.1034,0.0935
2021-12-31,0.1056,0.1006,0.0619
2022-01-01,0.0689,0.1352,0.0395
2022-01-02,0.1018,0.0801,0.0931
2022-01-03,0.1028,0.0373,0.0535
2022-01-04,0.0961,0.0525,0.1012
2022-01-05,0.0904,0.0597,0.0882
2022-01-06,0.1039,0.0936,0.0482
2022-01-07,0.1151,0.076,0.0434
2022-01-08,0.1214,0.0382,0.0529
2022-01-09,0.1013,0.0485,0.043
2022-01-10,0.0973,0.0348,0.0704
2022-01-11,0.0781,0.044,0.0613
2022-01-12,0.0786,0.0498,0.0573
2022-01-13,0.1321,0.0372,0.0566
2022-01-14,0.1189,0.0465,0.0414
2022-01-15,0.1284,0.044,0.0467
2022-01-16,0.0841,0.0285,0.0403
2022-01-17,0.144,0.0468,0.0946
2022-01-18,0.1001,0.0476,0.0879
2022-01-19,0.0711,0.0546,0.0918
2022-01-20,0.1573,0.0417,0.1163
2022-01-21,0.1659,0.0612,0.0885
2022-01-22,0.1181,0.1017,0.0484
2022-01-23,0.1275,0.0445,0.0375
2022-01-24,0.1521,0.0732,0.0691
2022-01-25,0.2118,0.0527,0.1113
2022-01-26,0.1466,0.0711,0.0865
2022-01-27,0.154,0.0628,0.0738
2022-01-28,0.1342,0.0514,0.0808
2022-01-29,0.2113,0.102,0.0936
2022-01-30,0.1118,0.091,0.0594
2022-01-31,0.0658,0.0375,0.0422
2022-02-01,0.0591,0.0337,0.0662
2022-02-02,0.0542,0.0315,0.048
2022-02-03,0.0555,0.0196,0.0451
2022-02-04,0.0747,0.0639,0.0577
2022-02-05,0.0654,0.0649,0.0437
2022-02-06,0.0939,0.0502,0.0407
2022-02-07,0.1649,0.1114,0.0498
2022-02-08,0.0918,0.0896,0.1195
2022-02-09,0.0877,0.055,0.0627
2022-02-10,0.0832,0.0285,0.052
2022-02-11,0.1441,0.0412,0.0586
2022-02-12,0.1273,0.0699,0.053
2022-02-13,0.0662,0.0761,0.0526
2022-02-14,0.0761,0.0447,0.0516
2022-02-15,0.1154,0.0437,0.0765
2022-02-16,0.0907,0.0476,0.0849
2022-02-17,0.1204,0.0561,0.0637
2022-02-18,0.0809,0.033,0.0517
2022-02-19,0.115,0.044,0.2296
2022-02-20,0.1693,0.1022,0.1528
2022-02-21,0.1873,0.0783,0.0749
2022-02-22,0.09,0.0559,0.1487
2022-02-23,0.066,0.0822,0.1388
2022-02-24,0.0837,0.0868,0.4978
2022-02-25,0.0936,0.0847,0.6147
2022-02-26,0.1048,0.1241,0.616
2022-02-27,0.0974,0.0857,0.3252
2022-02-28,0.0773,0.1141,0.1836
2022-03-01,0.0842,0.137,0.1235
2022-03-02,0.0658,0.1383,0.2073
2022-03-03,0.0892,0.0656,0.2291
2022-03-04,0.1648,0.1015,0.1056
2022-03-05,0.1508,0.1351,0.1636
2022-03-06,0.1151,0.0776,0.1023
2022-03-07,0.1278,0.0903,0.1101
2022-03-08,0.1175,0.074,0.1629
2022-03-09,0.0905,0.0555,0.1041
2022-03-10,0.1045,0.1051,0.0675
2022-03-11,0.0756,0.0645,0.1266
2022-03-12,0.1118,0.0529,0.1179
2022-03-13,0.086,0.0364,0.056
2022-03-14,0.0895,0.0505,0.0946
2022-03-15,0.0743,0.0724,0.0858
2022-03-16,0.0664,0.0907,0.0952
2022-03-17,0.0778,0.0604,0.0593
2022-03-18,0.0839,0.16,0.0582
2022-03-19,0.1127,0.259,0.0908
2022-03-20,0.1724,0.0883,0.1167
2022-03-21,0.1621,0.0471,0.0716
2022-03-22,0.091,0.0349,0.0877
2022-03-23,0.0784,0.0787,0.0765
2022-03-24,0.085,0.0646,0.122
2022-03-25,0.1162,0.046,0.1041
2022-03-26,0.1382,0.0342,0.1071
2022-03-27,0.1009,0.057,0.102
2022-03-28,0.1254,0.0758,0.0927
2022-03-29,0.1478,0.0441,0.0993
2022-03-30,0.1276,0.0523,0.0924
2022-03-31,0.1105,0.0737,0.085
2022-04-01,0.12,0.0469,0.0685
2022-04-02,0.1353,0.0545,0.0701
2022-04-03,0.0932,0.0342,0.0674
2022-04-04,0.089,0.0245,0.046
2022-04-05,0.0534,0.0237,0.0894
2022-04-06,0.0811,0.058,0.0886
2022-04-07,0.0939,0.0781,0.0803
2022-04-08,0.1451,0.0589,0.0549
2022-04-09,0.1581,0.0423,0.0518
2022-04-10,0.1308,0.0285,0.0638
2022-04-11,0.117,0.0286,0.0559
2022-04-12,0.1265,0.0328,0.0567
2022-04-13,0.0905,0.0435,0.0668
2022-04-14,0.0916,0.0416,0.073
2022-04-15,0.1399,0.1214,0.0572
2022-04-16,0.1044,0.0712,0.0539
2022-04-17,0.0907,0.0418,0.0423
2022-04-18,0.0898,0.0328,0.0784
2022-04-19,0.1098,0.0392,0.0634
2022-04-20,0.0985,0.0563,0.058
2022-04-21,0.1048,0.0623,0.0986
2022-04-22,0.1167,0.04,0.0842
2022-04-23,0.0766,0.0422,0.0495
2022-04-24,0.0,0.0361,0.0761
2022-04-25,0.0,0.0255,0.0538
2022-04-26,0.0,0.0276,0.0746
2022-04-27,0.0,0.1007,0.101
2022-04-28,0.0,0.0586,0.0874
2022-04-29,0.0,0.0698,0.0559
2022-04-30,0.0005,0.0471,0.0444
2022-05-01,0.1631,0.0654,0.0611
2022-05-02,0.084,0.0333,0.0404
2022-05-03,0.067,0.0373,0.0509
2022-05-04,0.0577,0.0231,0.0694
2022-05-05,0.0927,0.0389,0.0712
2022-05-06,0.1369,0.063,0.0758
2022-05-07,0.118,0.0752,0.0652
2022-05-08,0.0,0.0384,0.1365
2022-05-09,0.0,0.0528,0.1015
2022-05-10,0.0,0.0815,0.1155
2022-05-11,0.0,0.1011,0.0871
2022-05-12,0.0,0.0592,0.1863
2022-05-13,0.0,0.0514,0.0811
2022-05-14,0.0005,0.0562,0.0748
2022-05-15,0.1148,0.068,0.068
2022-05-16,0.0962,0.0487,0.0903
2022-05-17,0.0823,0.1341,0.1136
2022-05-18,0.0835,0.1001,0.1383
2022-05-19,0.088,0.0854,0.1442
2022-05-20,0.114,0.059,0.1173
2022-05-21,0.1051,0.0731,0.2483
2022-05-22,0.1408,0.0738,0.0653
2022-05-23,0.1449,0.3965,0.1263
2022-05-24,0.1965,0.2006,0.1259
2022-05-25,0.1434,0.0997,0.0717
2022-05-26,0.1447,0.1364,0.0676
2022-05-27,0.1456,0.1384,0.0855
2022-05-28,0.1248,0.0777,0.0872
2022-05-29,0.1009,0.0687,0.0648
2022-05-30,0.1283,0.0661,0.0753
2022-05-31,0.1249,0.1155,0.1041
2022-06-01,0.1053,0.101,0.0721
2022-06-02,0.0992,0.0906,0.1128
2022-06-03,0.0937,0.0917,0.0871
2022-06-04,0.1159,0.1048,0.0393
2022-06-05,0.3332,0.0562,0.0579
2022-06-06,0.1567,0.0718,0.1376
2022-06-07,0.1602,0.0511,0.0983
2022-06-08,0.1392,0.0374,0.0997
2022-06-09,0.1596,0.1017,0.0631
2022-06-10,0.2342,0.1584,0.0598
2022-06-11,0.2913,0.3303,0.0321
2022-06-12,0.4325,0.3234,0.0321
2022-06-13,0.1828,0.1204,0.0789
2022-06-14,0.1994,0.1374,0.067
2022-06-15,0.1412,0.0867,0.0682
2022-06-16,0.1134,0.0552,0.0879
2022-06-17,0.1765,0.0876,0.0806
2022-06-18,0.1439,0.056,0.111
2022-06-19,0.1092,0.0533,0.1081
2022-06-20,0.1447,0.0599,0.1344
2022-06-21,0.1853,0.0535,0.0971
2022-06-22,0.1149,0.0582,0.093
2022-06-23,0.1417,0.0383,0.1005
2022-06-24,0.1056,0.0288,0.1219
2022-06-25,0.1207,0.0726,0.1242
2022-06-26,0.1227,0.0529,0.1413
2022-06-27,0.1377,0.0405,0.1096
2022-06-28,0.1609,0.0641,0.0617
2022-06-29,0.2242,0.1196,0.0763
2022-06-30,0.2153,0.0636,0.0619
2022-07-01,0.1653,0.0378,0.0716
2022-07-02,0.4602,0.0366,0.0449
2022-07-03,0.237,0.0672,0.0462
2022-07-04,0.1535,0.0434,0.0696
2022-07-05,0.1566,0.0335,0.1362
2022-07-06,0.1814,0.033,0.1349
2022-07-07,0.1121,0.0544,0.0643
2022-07-08,0.1975,0.1214,0.1011
2022-07-09,0.2961,0.2606,0.0819
2022-07-10,0.1605,0.0946,0.0647
2022-07-11,0.1482,0.0877,0.0622
2022-07-12,0.1725,0.1008,0.067
2022-07-13,0.2206,0.0751,0.0705
2022-07-14,0.115,0.0586,0.074
2022-07-15,0.1086,0.037,0.0667
2022-07-16,0.2302,0.0451,0.0502
2022-07-17,0.1081,0.0269,0.0446
2022-07-18,0.1141,0.0448,0.0821
2022-07-19,0.102,0.1418,0.0616
2022-07-20,0.0896,0.1196,0.0693
2022-07-21,0.1037,0.1505,0.0954
2022-07-22,0.1036,0.1056,0.0576
2022-07-23,0.0962,0.0648,0.0606
2022-07-24,0.1895,0.1589,0.0546
2022-07-25,0.2159,0.083,0.0501
2022-07-26,0.1652,0.153,0.0729
2022-07-27,0.2245,0.2407,0.0912
2022-07-28,0.2394,0.2625,0.1743
2022-07-29,0.1883,0.3364,0.1876
2022-07-30,0.2103,0.2585,0.0664
2022-07-31,0.2841,0.3961,0.0901
2022-08-01,0.2494,0.4866,0.0728
2022-08-02,0.4975,1.4244,0.0684
2022-08-03,0.3251,1.5967,0.0635
2022-08-04,0.2575,1.4376,0.0812
2022-08-05,0.2274,1.5062,0.0911
2022-08-06,0.4258,1.4586,0.05
2022-08-07,0.2742,1.1836,0.1062
2022-08-08,0.292,0.7978,0.0875
2022-08-09,0.2244,0.5784,0.073
2022-08-10,0.1851,0.5784,0.0914
2022-08-11,0.093,0.3966,0.1123
2022-08-12,0.1316,0.2946,0.0693
2022-08-13,0.2601,0.4295,0.0788
2022-08-14,0.1378,0.5431,0.0536
2022-08-15,0.1151,0.5207,0.0792
2022-08-16,0.1284,0.3858,0.0719
2022-08-17,0.1165,0.2784,0.0574
2022-08-18,0.1226,0.3008,0.1181
2022-08-19,0.1167,0.1974,0.0672
2022-08-20,0.106,0.1736,0.0454
2022-08-21,0.0845,0.1544,0.0889
2022-08-22,0.1592,0.2381,0.057
2022-08-23,0.1621,0.1589,0.0535
2022-08-24,0.1939,0.1219,0.08
2022-08-25,0.1487,0.168,0.1243
2022-08-26,0.0952,0.1962,0.0728
2022-08-27,0.1117,0.1406,0.067
2022-08-28,0.4001,0.6758,0.0919
2022-08-29,0.1112,0.1451,0.1041
2022-08-30,0.0891,0.2034,0.1669
2022-08-31,0.1213,0.1966,0.0996
2022-09-01,0.1001,0.156,0.1482
2022-09-02,0.1282,0.104,0.1061
2022-09-03,0.0872,0.2655,0.0707
2022-09-04,0.1333,0.1368,0.0675
2022-09-05,0.0985,0.0879,0.1169
2022-09-06,0.0826,0.0716,0.1994
2022-09-07,0.0996,0.0791,0.1378
2022-09-08,0.0787,0.0881,0.0954
2022-09-09,0.0847,0.0619,0.0907
2022-09-10,0.0771,0.0823,0.0642
2022-09-11,0.0812,0.0717,0.0812
2022-09-12,0.0604,0.0494,0.0778
2022-09-13,0.0992,0.0725,0.0616
2022-09-14,0.0889,0.1113,0.1126
2022-09-15,0.0879,0.2415,0.0876
2022-09-16,0.0808,0.1979,0.1124
2022-09-17,0.0903,0.0935,0.1223
2022-09-18,0.1047,0.1103,0.1238
2022-09-19,0.0934,0.2482,0.0899
2022-09-20,0.1455,0.1841,0.1011
2022-09-21,0.1275,0.2359,0.0901
2022-09-22,0.1008,0.147,0.0995
2022-09-23,0.1477,0.1333,0.0616
2022-09-24,0.3133,0.4228,0.1457
2022-09-25,0.5705,0.2279,0.0655
2022-09-26,0.3785,0.1237,0.0707
2022-09-27,0.1982,0.1087,0.0601
2022-09-28,0.1196,0.1368,0.0809
2022-09-29,0.0949,0.1659,0.0769
2022-09-30,0.1353,0.0657,0.0976
2022-10-01,0.0988,0.0577,0.0728
2022-10-02,0.1112,0.1238,0.0559
2022-10-03,0.1015,0.1001,0.0714
2022-10-04,0.0928,0.0695,0.082
2022-10-05,0.0819,0.0966,0.0893
2022-10-06,0.0823,0.0585,0.0415
2022-10-07,0.1038,0.0618,0.0917
2022-10-08,0.193,0.1044,0.1381
2022-10-09,0.0997,0.1287,0.1003
2022-10-10,0.1032,0.1778,0.1839
2022-10-11,0.0783,0.0963,0.1646
2022-10-12,0.1099,0.0936,0.1726
2022-10-13,0.1312,0.0786,0.145
2022-10-14,0.1801,0.0933,0.1015
2022-10-15,0.202,0.1024,0.0805
2022-10-16,0.2407,0.2842,0.2342
2022-10-17,0.2018,0.0946,0.1161
2022-10-18,0.1545,0.0953,0.1166
2022-10-19,0.1104,0.0713,0.125
2022-10-20,0.1126,0.1008,0.1615
2022-10-21,0.1034,0.059,0.1614
2022-10-22,0.1425,0.1643,0.0651
2022-10-23,0.1292,0.1656,0.0806
2022-10-24,0.0803,0.0913,0.0881
2022-10-25,0.0875,0.1054,0.1674
2022-10-26,0.0809,0.143,0.1258
2022-10-27,0.0892,0.1058,0.1023
2022-10-28,0.1143,0.083,0.088
2022-10-29,0.151,0.0682,0.1048
2022-10-30,0.1395,0.0827,0.0697
2022-10-31,0.1691,0.0592,0.1148
2022-11-01,0.155,0.056,0.0818
2022-11-02,0.1005,0.0724,0.1419
2022-11-03,0.0936,0.0946,0.1682
2022-11-04,0.0852,0.0824,0.2354
2022-11-05,0.0814,0.0801,0.1498
2022-11-06,0.1499,0.0744,0.2615
2022-11-07,0.1536,0.1188,0.1842
2022-11-08,0.0981,0.0606,0.147
2022-11-09,0.1252,0.0724,0.1292
2022-11-10,0.1056,0.1212,0.1226
2022-11-11,0.1293,0.0776,0.1121
2022-11-12,0.3728,0.1377,0.2501
2022-11-13,0.5806,0.3027,0.1756
2022-11-14,0.245,0.4145,0.2732
2022-11-15,0.1127,0.2143,0.2743
2022-11-16,0.136,0.0914,0.165
2022-11-17,0.1295,0.0993,0.1394
2022-11-18,0.1809,0.0823,0.1181
2022-11-19,0.2239,0.1584,0.0907
2022-11-20,0.3212,0.1292,0.1656
2022-11-21,0.2696,0.0869,0.1095
2022-11-22,0.2253,0.0795,0.1002
2022-11-23,0.1436,0.0718,0.1126
2022-11-24,0.1151,0.0614,0.1019
2022-11-25,0.134,0.0517,0.0907
2022-11-26,0.1126,0.0426,0.0648
2022-11-27,0.0,0.0751,0.0664
2022-11-28,0.0,0.084,0.0722
2022-11-29,0.0,0.0664,0.0761
2022-11-30,0.0,0.0738,0.0751
2022-12-01,0.0,0.0666,0.1329
2022-12-02,0.0,0.0546,0.1359
2022-12-03,0.0,0.0651,0.0611
2022-12-04,0.1204,0.0605,0.0669
2022-12-05,0.124,0.0636,0.0849
2022-12-06,0.0913,0.1007,0.1472
2022-12-07,0.1564,0.1016,0.1628
2022-12-08,0.1051,0.0715,0.0968
2022-12-09,0.1503,0.0746,0.0875
2022-12-10,0.1509,0.0744,0.0655
2022-12-11,0.1277,0.0606,0.0658
2022-12-12,0.1162,0.0505,0.0614
2022-12-13,0.099,0.049,0.1078
2022-12-14,0.1317,0.0365,0.1159
2022-12-15,0.1268,0.0522,0.1277
2022-12-16,0.1345,0.0534,0.1993
2022-12-17,0.1175,0.0566,0.099
2022-12-18,0.1147,0.1172,0.0746
2022-12-19,0.0997,0.0402,0.0781
2022-12-20,0.0939,0.0633,0.0755
2022-12-21,0.1227,0.0603,0.0769
2022-12-22,0.1591,0.0771,0.0598
2022-12-23,0.1477,0.0643,0.072
2022-12-24,0.0923,0.181,0.0738
2022-12-25,0.0871,0.1355,0.0886
2022-12-26,0.1507,0.386,0.096
2022-12-27,0.1105,0.1653,0.0735
2022-12-28,0.0936,0.0818,0.0641
2022-12-29,0.1229,0.097,0.0577
2022-12-30,0.2762,0.1402,0.0653
2022-12-31,0.1516,0.1557,0.131
2023-01-01,0.2176,0.1799,0.064
2023-01-02,0.1714,0.0977,0.0804
2023-01-03,0.1481,0.0606,0.0941
2023-01-04,0.1505,0.0955,0.0891
2023-01-05,0.1491,0.0909,0.0867
2023-01-06,0.1453,0.1532,0.0544
2023-01-07,0.1126,0.0638,0.0349
2023-01-08,0.1382,0.0903,0.0849
2023-01-09,0.1728,0.2215,0.121
2023-01-10,0.1206,0.13,0.1294
2023-01-11,0.1032,0.1654,0.1183
2023-01-12,0.1383,0.1255,0.13
2023-01-13,0.1281,0.1211,0.1456
2023-01-14,0.1857,0.1488,0.1419
2023-01-15,0.1906,0.1132,0.1423
2023-01-16,0.1357,0.1021,0.1596
2023-01-17,0.1247,0.0984,0.2297
2023-01-18,0.1176,0.1273,0.2068
2023-01-19,0.136,0.0978,0.1271
2023-01-20,0.101,0.1007,0.1402
2023-01-21,0.0948,0.1574,0.1165
2023-01-22,0.0973,0.1311,0.1334
2023-01-23,0.0977,0.0944,0.1229
2023-01-24,0.1038,0.1015,0.0995
2023-01-25,0.0756,0.0852,0.1057
2023-01-26,0.0738,0.0665,0.1195
2023-01-27,0.0745,0.065,0.1128
2023-01-28,0.1444,0.1042,0.1603
2023-01-29,0.1648,0.1199,0.1493
2023-01-30,0.1154,0.1234,0.1992
2023-01-31,0.1011,0.1065,0.174
2023-02-01,0.1246,0.1451,0.1701
2023-02-02,0.2815,0.1801,0.1622
2023-02-03,0.5886,0.3097,0.1835
2023-02-04,0.3243,0.138,0.1771
2023-02-05,0.1939,0.1239,0.1441
2023-02-06,0.2009,0.2029,0.1309
2023-02-07,0.1664,0.1271,0.1229
2023-02-08,0.1699,0.0963,0.1189
2023-02-09,0.1546,0.0848,0.1502
2023-02-10,0.171,0.1056,0.1474
2023-02-11,0.2066,0.1009,0.1723
2023-02-12,0.2215,0.0845,0.15
2023-02-13,0.4285,0.1013,0.2048
2023-02-14,0.2398,0.0766,0.1501
2023-02-15,0.2076,0.0535,0.139
2023-02-16,0.184,0.0894,0.2055
2023-02-17,0.1145,0.138,0.1748
2023-02-18,0.2024,0.147,0.1976
2023-02-19,0.3631,0.2303,0.1647
2023-02-20,0.222,0.1446,0.1931
2023-02-21,0.1973,0.1072,0.1534
2023-02-22,0.1694,0.1137,0.1739
2023-02-23,0.1468,0.0949,0.1704
2023-02-24,0.1716,0.0939,0.226
2023-02-25,0.1643,0.0805,0.1605
2023-02-26,0.2393,0.07,0.0867
2023-02-27,0.1756,0.1055,0.0686
2023-02-28,0.1215,0.1107,0.1404
2023-03-01,0.1421,0.0964,0.1906
2023-03-02,0.1147,0.0959,0.1477
2023-03-03,0.1874,0.0776,0.2131
2023-03-04,0.2161,0.083,0.2619
2023-03-05,0.316,0.1804,0.2508
2023-03-06,0.1551,0.122,0.2663
2023-03-07,0.1341,0.1697,0.1924
2023-03-08,0.1676,0.1362,0.1308
2023-03-09,0.1399,0.0962,0.1485
2023-03-10,0.1083,0.0734,0.1386
2023-03-11,0.137,0.0882,0.1575
2023-03-12,0.1217,0.1296,0.1088
2023-03-13,0.189,0.1316,0.1754
2023-03-14,0.1786,0.0898,0.1766
2023-03-15,0.1118,0.1428,0.134
2023-03-16,0.1339,0.1063,0.1756
2023-03-17,0.0955,0.0708,0.1161
2023-03-18,0.108,0.0865,0.1682
2023-03-19,0.1088,0.0944,0.141
2023-03-20,0.1087,0.0961,0.1285
2023-03-21,0.11,0.1196,0.1479
2023-03-22,0.0794,0.0737,0.112
2023-03-24,0.0811,0.0314,0.0907
2023-03-25,0.153,0.0791,0.0689
2023-03-26,0.0574,0.2898,0.1086
2023-03-27,0.0435,0.0979,0.1059
2023-03-28,0.0551,0.0477,0.0799
2023-03-29,0.0438,0.1335,0.0832
2023-03-30,0.0666,0.1887,0.1675
2023-03-31,0.0489,0.088,0.153
2023-04-01,0.1016,0.0661,0.1298
2023-04-02,0.1411,0.1058,0.1261
2023-04-03,0.0944,0.0519,0.1294
2023-04-04,0.0836,0.1073,0.1164
2023-04-05,0.0795,0.2162,0.139
2023-04-06,0.0905,0.3009,0.1704
2023-04-07,0.0571,0.2247,0.1175
2023-04-08,0.059,0.5457,0.092
2023-04-09,0.0635,0.3243,0.0928
2023-04-10,0.3421,0.3959,0.1059
2023-04-11,0.2714,0.2953,0.118
2023-04-12,0.2328,0.2328,0.1467
2023-04-13,0.0834,0.0907,0.1553
2023-04-14,0.0879,0.1655,0.1138
2023-04-15,0.1805,0.1014,0.1674
2023-04-16,0.1109,0.1694,0.1432
2023-04-17,0.2147,0.2004,0.0826
2023-04-18,0.2232,0.1922,0.0847
2023-04-19,0.0504,0.0793,0.0781
2023-04-20,0.0966,0.1346,0.1266
2023-04-21,0.124,0.1765,0.1519
2023-04-22,0.3546,0.1738,0.1029
2023-04-23,0.2155,0.2112,0.081
2023-04-24,0.2481,0.1345,0.1105
2023-04-25,0.1724,0.1109,0.1037
2023-04-26,0.1815,0.1264,0.1037
2023-04-27,0.1487,0.0959,0.079
2023-04-28,0.2014,0.1603,0.1226
2023-04-29,0.139,0.1421,0.0782
2023-04-30,0.1999,0.0688,0.0748
2023-05-01,0.2021,0.1136,0.1136
2023-05-02,0.1502,0.0839,0.0884
2023-05-03,0.1285,0.0973,0.0834
2023-05-04,0.1022,0.0549,0.0814
2023-05-05,0.1359,0.0823,0.0677
2023-05-06,0.1338,0.1279,0.0774
2023-05-07,0.1148,0.0761,0.0775
2023-05-08,0.1041,0.0846,0.0734
2023-05-09,0.1314,0.084,0.148
2023-05-10,0.1287,0.0739,0.0998
2023-05-11,0.1096,0.0727,0.104
2023-05-12,0.1036,0.101,0.1568
2023-05-13,0.1259,0.1386,0.2109
2023-05-14,0.1533,0.0898,0.0936
2023-05-15,0.1354,0.0499,0.1305
2023-05-16,0.1107,0.0932,0.119
2023-05-17,0.1138,0.1218,0.1234
2023-05-18,0.1142,0.1519,0.1243
2023-05-19,0.1655,0.1184,0.2192
2023-05-20,0.3201,0.2246,0.325
2023-05-21,0.2907,0.2032,0.3246
2023-05-22,0.1621,0.1334,0.1919
2023-05-23,0.1088,0.0817,0.1602
2023-05-24,0.1051,0.085,0.1498
2023-05-25,0.1495,0.0769,0.114
2023-05-26,0.1122,0.0545,0.1541
2023-05-27,0.1725,0.2109,0.1385
2023-05-28,0.1347,0.068,0.0832
2023-05-29,0.1427,0.07,0.1216
2023-05-30,0.1764,0.0698,0.1597
2023-05-31,0.2766,0.0764,0.2635
2023-06-01,0.1978,0.0782,0.1579
2023-06-02,0.2649,0.0839,0.1695
2023-06-03,0.4874,0.3555,0.0937
2023-06-04,0.7173,0.5239,0.0842
2023-06-05,0.3084,0.2671,0.0993
2023-06-06,0.2433,0.2141,0.1033
2023-06-07,0.1654,0.1215,0.0798
2023-06-08,0.1821,0.0906,0.0696
2023-06-09,0.1975,0.1053,0.1068
2023-06-10,0.1444,0.1052,0.0837
2023-06-11,0.1592,0.1959,0.1194
2023-06-12,0.1372,0.0798,0.1118
2023-06-13,0.1123,0.0903,0.1605
2023-06-14,0.1603,0.102,0.1127
2023-06-15,0.1347,0.0628,0.1042
2023-06-16,0.154,0.0781,0.2085
2023-06-17,0.1316,0.1105,0.1814
2023-06-18,0.504,0.4376,0.1371
2023-06-19,0.3672,0.3825,0.1598
2023-06-20,0.1894,0.1661,0.2108
2023-06-21,0.1911,0.1577,0.1812
2023-06-22,0.1127,0.074,0.121
2023-06-23,0.1534,0.0676,0.1023
2023-06-24,0.1461,0.0744,0.1249
2023-06-25,0.1168,0.0865,0.0926
2023-06-26,0.1115,0.0633,0.149
2023-06-27,0.1185,0.0595,0.2165
2023-06-28,0.1396,0.098,0.1492
2023-06-29,0.0974,0.1026,0.1314
2023-06-30,0.1013,0.0816,0.1844
2023-07-01,0.1073,0.0532,0.0949
2023-07-02,0.0634,0.0343,0.132
2023-07-03,0.1727,0.0781,0.1471
2023-07-04,0.2133,0.0758,0.2586
2023-07-05,0.1647,0.084,0.2575
2023-07-06,0.225,0.0561,0.2073
2023-07-07,0.2337,0.0695,0.2996
2023-07-08,0.1493,0.1304,0.2203
2023-07-09,0.1386,0.0313,0.3665
2023-07-10,0.1507,0.0354,0.1441
2023-07-11,0.14,0.0299,0.1134
2023-07-12,0.1813,0.0705,0.0882
2023-07-13,0.1826,0.0759,0.1628
2023-07-14,0.2046,0.1415,0.2046
2023-07-15,0.2453,0.0997,0.1316
2023-07-16,0.2115,0.037,0.1273
2023-07-17,0.1645,0.0657,0.1544
2023-07-18,0.1613,0.0586,0.1441
2023-07-19,0.1096,0.0676,0.1079
2023-07-20,0.1443,0.0794,0.1153
2023-07-21,0.1292,0.0659,0.1207
2023-07-22,0.181,0.1022,0.1659
2023-07-23,0.1393,0.0857,0.0804
2023-07-24,0.1297,0.1135,0.085
2023-07-25,0.1958,0.1145,0.0942
2023-07-26,0.2109,0.1109,0.0815
2023-07-27,0.1931,0.1268,0.1025
2023-07-28,0.1569,0.1732,0.1361
2023-07-29,0.1799,0.2183,0.1231
2023-07-30,0.0729,0.1337,0.136
2023-07-31,0.1073,0.0586,0.1636
2023-08-01,0.1189,0.0877,0.1021
2023-08-02,0.1285,0.0795,0.1475
2023-08-03,0.1462,0.081,0.1369
2023-08-04,0.099,0.0715,0.0779
2023-08-05,0.1262,0.072,0.0872
2023-08-06,0.2695,0.0763,0.0382
2023-08-07,0.2571,0.0694,0.0569
2023-08-08,0.2148,0.0877,0.0789
2023-08-09,0.1569,0.0772,0.1041
2023-08-10,0.1286,0.0682,0.1866
2023-08-11,0.1352,0.0768,0.1502
2023-08-12,0.1093,0.1254,0.1892
2023-08-13,0.1429,0.1953,0.1099
2023-08-14,0.0975,0.1208,0.0826
2023-08-15,0.1132,0.1243,0.0929
2023-08-16,0.1359,0.097,0.0912
2023-08-17,0.1495,0.0844,0.0912
2023-08-18,0.2109,0.1031,0.1402
2023-08-19,0.2984,0.4096,0.0598
2023-08-20,0.2782,0.1714,0.089
2023-08-21,0.2086,0.069,0.0988
2023-08-22,0.1774,0.069,0.1104
2023-08-23,0.1863,0.0795,0.1275
2023-08-24,0.0931,0.0713,0.1312
2023-08-25,0.1451,0.0673,0.1167
2023-08-26,0.1546,0.1516,0.1686
2023-08-27,0.1576,0.0647,0.1713
2023-08-28,0.1633,0.0766,0.1622
2023-08-29,0.2518,0.0802,0.1695
2023-08-30,0.2554,0.1233,0.1252
2023-08-31,0.2652,0.1539,0.1312
2023-09-01,0.2312,0.0974,0.1103
2023-09-02,0.1966,0.1567,0.0599
2023-09-03,0.1465,0.2288,0.0785
2023-09-04,0.337,0.1378,0.1102
2023-09-05,0.2212,0.0689,0.1197
2023-09-06,0.2739,0.0491,0.1223
2023-09-07,0.3619,0.041,0.1325
2023-09-08,0.2705,0.0502,0.1101
2023-09-09,0.1249,0.1456,0.0642
2023-09-10,0.2875,0.0719,0.0699
2023-09-11,0.1687,0.0891,0.067
2023-09-12,0.1165,0.0775,0.1051
2023-09-13,0.0952,0.1069,0.1601
2023-09-14,0.0985,0.1291,0.133
2023-09-15,0.1334,0.1076,0.09
2023-09-16,0.1333,0.0891,0.1015
2023-09-17,0.1425,0.1669,0.0997
2023-09-18,0.1139,0.2218,0.0936
2023-09-19,0.1361,0.1176,0.1205
2023-09-20,0.1349,0.0646,0.1428
2023-09-21,0.0725,0.0497,0.1461
2023-09-22,0.1269,0.0617,0.124
2023-09-23,0.1899,0.0441,0.1306
2023-09-24,0.2226,0.0518,0.1071
2023-09-25,0.2462,0.0467,0.1119
2023-09-26,0.2265,0.0422,0.1558
2023-09-27,0.1294,0.0725,0.0971
2023-09-28,0.1041,0.0761,0.1226
2023-09-29,0.1396,0.0816,0.1097
2023-09-30,0.1199,0.0382,0.077
2023-10-01,0.0929,0.0302,0.0546
2023-10-02,0.0932,0.068,0.066
2023-10-03,0.1226,0.0543,0.0864
2023-10-04,0.1543,0.0836,0.0675
2023-10-05,0.1886,0.085,0.0666
2023-10-06,0.2271,0.089,0.0849
2023-10-07,0.1592,0.0725,0.1285
2023-10-08,0.1001,0.0773,0.0577
2023-10-09,0.0909,0.0641,0.1627
2023-10-10,0.0956,0.0774,0.1185
2023-10-11,0.1034,0.0544,0.0689
2023-10-12,0.101,0.0709,0.1193
2023-10-13,0.1341,0.0905,0.1117
2023-10-14,0.0772,0.0469,0.1127
2023-10-15,0.0941,0.0382,0.0789
2023-10-16,0.1137,0.0346,0.1001
2023-10-17,0.1126,0.0528,0.111
2023-10-18,0.1024,0.0377,0.2466
2023-10-19,0.1032,0.0641,0.1661
2023-10-20,0.1078,0.0587,0.1332
2023-10-21,0.1066,0.0621,0.12
2023-10-22,0.3554,0.0588,0.1377
2023-10-23,0.2924,0.0606,0.1042
2023-10-24,0.179,0.0478,0.1047
2023-10-25,0.1362,0.0669,0.0683
2023-10-26,0.2562,0.0639,0.095
2023-10-27,0.3497,0.0722,0.1637
2023-10-28,0.2153,0.0561,0.121
2023-10-29,0.1321,0.0489,0.086
2023-10-30,0.237,0.0908,0.1323
2023-10-31,0.1583,0.0679,0.0821
2023-11-01,0.1468,0.0677,0.0812
2023-11-02,0.148,0.0809,0.0899
2023-11-03,0.1765,0.0564,0.1076
2023-11-04,0.2375,0.0534,0.0921
2023-11-05,0.1427,0.0408,0.0643
2023-11-06,0.1744,0.0795,0.1237
2023-11-07,0.1339,0.0711,0.1052
2023-11-08,0.1214,0.052,0.0987
2023-11-09,0.1419,0.086,0.1022
2023-11-10,0.3066,0.111,0.1817
2023-11-11,0.1686,0.0617,0.1852
2023-11-12,0.1924,0.1107,0.2
2023-11-13,0.1476,0.0907,0.1604
2023-11-14,0.2217,0.1718,0.1669
2023-11-15,0.2453,0.1863,0.2304
2023-11-16,0.2725,0.2486,0.2818
2023-11-17,0.1879,0.1127,0.2906
2023-11-18,0.1587,0.1064,0.1286
2023-11-19,0.1609,0.1065,0.1601
2023-11-20,0.1701,0.0761,0.1112
2023-11-21,0.163,0.0599,0.0634
2023-11-22,0.1409,0.0506,0.0863
2023-11-23,0.1051,0.0488,0.0685
2023-11-24,0.1239,0.078,0.0758
2023-11-25,0.1546,0.0538,0.0717
2023-11-26,0.1428,0.066,0.0244
2023-11-27,0.1528,0.0511,0.0609
2023-11-28,0.1248,0.0438,0.1047
2023-11-29,0.0869,0.0554,0.0815
2023-11-30,0.0772,0.0736,0.0895
2023-12-01,0.1285,0.0596,0.0867
2023-12-02,0.1424,0.0497,0.1018
2023-12-03,0.178,0.0531,0.0658
2023-12-04,0.2234,0.0471,0.0795
2023-12-05,0.1136,0.0556,0.1018
2023-12-06,0.0774,0.064,0.114
2023-12-07,0.0706,0.0524,0.1759
2023-12-08,0.1193,0.0808,0.1434
2023-12-09,0.1797,0.101,0.1472
2023-12-10,0.416,0.0483,0.0627
2023-12-11,0.2736,0.048,0.1056
2023-12-12,0.1717,0.0437,0.0966
2023-12-13,0.1686,0.0681,0.1179
2023-12-14,0.2456,0.0908,0.0939
2023-12-15,0.2036,0.0916,0.1806
2023-12-16,0.2033,0.0754,0.0779
2023-12-17,0.3351,0.0745,0.068
2023-12-18,0.2033,0.0694,0.0708
2023-12-19,0.2304,0.0533,0.0696
2023-12-20,0.1488,0.0755,0.1091
2023-12-21,0.2114,0.0999,0.1057
2023-12-22,0.1393,0.0604,0.0892
2023-12-23,0.1079,0.0798,0.1067
2023-12-24,0.1155,0.0785,0.0647
2023-12-25,0.195,0.0739,0.1699
2023-12-26,0.1969,0.0726,0.0841
2023-12-27,0.1077,0.0865,0.0883
2023-12-28,0.1235,0.0722,0.1191
2023-12-29,0.2063,0.0584,0.1251
2023-12-30,0.1951,0.1199,0.1092
2023-12-31,0.1427,0.2746,0.0687
2024-01-01,0.1771,0.2489,0.065
2024-01-02,0.1231,0.1029,0.1064
2024-01-03,0.1478,0.0764,0.1035
2024-01-04,0.2271,0.0757,0.099
2024-01-05,0.1069,0.0563,0.0581
2024-01-06,0.0941,0.0949,0.0724
2024-01-07,0.1199,0.2012,0.0411
2024-01-08,0.1435,0.1099,0.059
2024-01-09,0.088,0.1303,0.0795
2024-01-10,0.1781,0.2443,0.0722
2024-01-11,0.2128,0.2936,0.0583
2024-01-12,0.7153,0.2104,0.1072
2024-01-13,0.4107,0.7174,0.0782
2024-01-14,0.1484,0.6168,0.0697
2024-01-15,0.1606,0.2686,0.0929
2024-01-16,0.1391,0.1971,0.1262
2024-01-17,0.1434,0.1343,0.0741
2024-01-18,0.1369,0.0786,0.0778
2024-01-19,0.1092,0.0922,0.0635
2024-01-20,0.1423,0.0605,0.0511
2024-01-21,0.1426,0.0865,0.0713
2024-01-22,0.1228,0.066,0.0683
2024-01-23,0.1503,0.0568,0.066
2024-01-24,0.1068,0.0647,0.0932
2024-01-25,0.0923,0.1205,0.0833
2024-01-26,0.1523,0.1107,0.0594
2024-01-27,0.2323,0.207,0.0518
2024-01-28,0.2236,0.1053,0.0755
2024-01-29,0.1426,0.045,0.0886
2024-01-30,0.1326,0.0686,0.0821
2024-01-31,0.1159,0.1111,0.0817
2024-02-01,0.1253,0.0843,0.0838
2024-02-02,0.1336,0.0659,0.0771
2024-02-03,0.1459,0.0383,0.0293
2024-02-04,0.3356,0.0302,0.0439
2024-02-05,0.1302,0.0383,0.0933
2024-02-06,0.1229,0.0319,0.0844
2024-02-07,0.0865,0.057,0.1028
2024-02-08,0.0566,0.0419,0.068
2024-02-09,0.1487,0.0476,0.0401
2024-02-10,0.16,0.0545,0.04
2024-02-11,0.0978,0.0372,0.0242
2024-02-12,0.0807,0.0188,0.0637
2024-02-13,0.0682,0.0409,0.0603
2024-02-14,0.0571,0.054,0.1222
2024-02-15,0.0576,0.0509,0.0602
2024-02-16,0.0722,0.0536,0.0649
2024-02-17,0.1505,0.0917,0.091
2024-02-18,0.1396,0.1195,0.1496
2024-02-19,0.1659,0.0794,0.0659
2024-02-20,0.1021,0.1144,0.0945
2024-02-21,0.0658,0.0803,0.0828
2024-02-22,0.1338,0.1242,0.0969
2024-02-23,0.086,0.085,0.1143
2024-02-24,0.0761,0.0563,0.1003
2024-02-25,0.1261,0.0564,0.0564
2024-02-26,0.0693,0.0556,0.0823
2024-02-27,0.0632,0.0386,0.0998
2024-02-28,0.0943,0.046,0.0788
2024-02-29,0.1132,0.0514,0.1237
2024-03-01,0.122,0.0565,0.1103
2024-03-02,0.0769,0.0353,0.0921
2024-03-03,0.1057,0.0479,0.0624
2024-03-04,0.1851,0.0433,0.119
2024-03-05,0.3411,0.0964,0.1132
2024-03-06,0.2377,0.0678,0.1077
2024-03-07,0.3202,0.144,0.0958
2024-03-08,0.2199,0.1657,0.0667
2024-03-09,0.2451,0.084,0.0864
2024-03-10,0.1486,0.0499,0.0517
2024-03-11,0.1283,0.0387,0.0926
2024-03-12,0.1263,0.0511,0.0805
2024-03-13,0.0707,0.0532,0.0848
2024-03-14,0.1055,0.0663,0.1086
2024-03-15,0.1117,0.0456,0.0568
2024-03-16,0.1051,0.0445,0.0722
2024-03-17,0.1086,0.0826,0.0857
2024-03-18,0.0861,0.0553,0.0884
2024-03-19,0.2287,0.0563,0.0785
2024-03-20,0.172,0.0717,0.124
2024-03-21,0.1062,0.0626,0.0868
2024-03-22,0.1739,0.0555,0.1316
2024-03-23,0.2474,0.0358,0.062
2024-03-24,0.1182,0.0559,0.0688
2024-03-25,0.1673,0.0614,0.0637
2024-03-26,0.1466,0.0558,0.0558
2024-03-27,0.1521,0.0479,0.1667
2024-03-28,0.1641,0.0687,0.138
2024-03-29,0.1773,0.0505,0.1163
2024-03-30,0.0924,0.0406,0.1155
2024-03-31,0.1271,0.0613,0.056
2024-04-01,0.1501,0.0664,0.1177
2024-04-02,0.2647,0.1498,0.1283
2024-04-03,0.1616,0.1354,0.0929
2024-04-04,0.1058,0.0749,0.0883
2024-04-05,0.1229,0.0394,0.1103
2024-04-06,0.1748,0.0427,0.0974
2024-04-07,0.2331,0.0392,0.146
2024-04-08,0.2181,0.0458,0.1067
2024-04-09,0.1882,0.0518,0.1104
2024-04-10,0.2275,0.1627,0.0796
2024-04-11,0.252,0.1192,0.122
2024-04-12,0.4092,0.1047,0.117
2024-04-13,0.2127,0.1017,0.0621
2024-04-14,0.1449,0.0447,0.1079
2024-04-15,0.1422,0.0637,0.0979
2024-04-16,0.1519,0.0492,0.0864
2024-04-17,0.1326,0.0816,0.2083
2024-04-18,0.1622,0.0519,0.2447
2024-04-19,0.0829,0.0452,0.0947
2024-04-20,0.1222,0.08,0.1491
2024-04-21,0.1919,0.0955,0.0806
2024-04-22,0.2373,0.0685,0.1008
2024-04-23,0.2103,0.0859,0.097
2024-04-24,0.1316,0.0886,0.0939
2024-04-25,0.1551,0.0805,0.0974
2024-04-26,0.2193,0.0812,0.1317
2024-04-27,0.182,0.1083,0.0574
2024-04-28,0.1215,0.0942,0.0763
2024-04-29,0.1004,0.0556,0.0786
2024-04-30,0.1421,0.0409,0.0813
2024-05-01,0.1453,0.0628,0.0572
2024-05-02,0.124,0.0443,0.0549
2024-05-03,0.0984,0.0496,0.0904
2024-05-04,0.1525,0.045,0.0679
2024-05-05,0.1081,0.0364,0.0698
2024-05-06,0.1559,0.0506,0.1044
2024-05-07,0.1322,0.0414,0.1451
2024-05-08,0.1452,0.0363,0.1155
2024-05-09,0.1212,0.0697,0.1297
2024-05-10,0.1161,0.0502,0.1445
2024-05-11,0.121,0.0738,0.2133
2024-05-12,0.0763,0.0424,0.1314
2024-05-13,0.0908,0.0485,0.2328
2024-05-14,0.0904,0.0631,0.2681
2024-05-15,0.1422,0.0961,0.1998
2024-05-16,0.1215,0.078,0.1566
2024-05-17,0.1619,0.0886,0.1167
2024-05-18,0.108,0.0674,0.0681
2024-05-19,0.1029,0.1141,0.0643
2024-05-20,0.1114,0.2898,0.1294
2024-05-21,0.1005,0.1821,0.1403
2024-05-22,0.0847,0.1249,0.1291
2024-05-23,0.0934,0.383,0.1257
2024-05-24,0.1359,0.284,0.1061
2024-05-25,0.1239,0.2552,0.0758
2024-05-26,0.1779,0.2302,0.1124
2024-05-27,0.1507,0.1631,0.1347
2024-05-28,0.1083,0.1022,0.0732
2024-05-29,0.1066,0.1166,0.0697
2024-05-30,0.1446,0.0852,0.0971
2024-05-31,0.3058,0.1736,0.0995
2024-06-01,0.3304,0.2051,0.0773
2024-06-02,0.3126,0.205,0.0563
2024-06-03,0.1904,0.1039,0.0737
2024-06-04,0.1079,0.0557,0.0917
2024-06-05,0.1098,0.0579,0.0958
2024-06-06,0.1029,0.0598,0.0933
2024-06-07,0.1477,0.0475,0.0954
2024-06-08,0.2075,0.0456,0.1316
2024-06-09,0.1372,0.0387,0.0542
2024-06-10,0.1462,0.0382,0.0895
2024-06-11,0.1594,0.0577,0.0709
2024-06-12,0.0992,0.0757,0.1432
2024-06-13,0.092,0.0576,0.1274
2024-06-14,0.1466,0.0691,0.1345
2024-06-15,0.2361,0.0986,0.1042
2024-06-16,0.1812,0.1299,0.0819
2024-06-17,0.2749,0.1048,0.088
2024-06-18,0.1919,0.0887,0.0901
2024-06-19,0.2442,0.0732,0.0823
2024-06-20,0.4082,0.0551,0.1291
2024-06-21,0.2076,0.0774,0.1202
2024-06-22,0.1835,0.0857,0.1054
2024-06-23,0.2962,0.0772,0.0603
2024-06-24,0.1555,0.0561,0.1769
2024-06-25,0.0903,0.0691,0.1177
2024-06-26,0.1018,0.0621,0.0993
2024-06-27,0.1561,0.0677,0.1154
2024-06-28,0.128,0.0587,0.097
2024-06-29,0.1295,0.0685,0.0825
2024-06-30,0.1067,0.0502,0.041
2024-07-01,0.1102,0.0398,0.0648
2024-07-02,0.1569,0.0579,0.1018
2024-07-03,0.1754,0.0787,0.1259
2024-07-04,0.1682,0.0492,0.1024
2024-07-05,0.1232,0.0481,0.1547
2024-07-06,0.1114,0.0477,0.0586
2024-07-07,0.1214,0.0351,0.0489
2024-07-08,0.2245,0.0318,0.0602
2024-07-09,0.1564,0.0308,0.0746
2024-07-10,0.1635,0.0639,0.0736
2024-07-11,0.167,0.0574,0.0837
2024-07-12,0.2012,0.0535,0.0817
2024-07-13,0.1982,0.0573,0.0633
2024-07-14,0.1535,0.0257,0.04
2024-07-15,0.124,0.0365,0.1011
2024-07-16,0.0942,0.0257,0.0849
2024-07-17,0.1416,0.0635,0.102
2024-07-18,0.1351,0.0472,0.1027
2024-07-19,0.1732,0.0608,0.0814
2024-07-20,0.1944,0.0765,0.0492
2024-07-21,0.3126,0.0493,0.082
2024-07-22,0.268,0.0514,0.1161
2024-07-23,0.164,0.0846,0.0662
2024-07-24,0.1277,0.1497,0.0855
2024-07-25,0.1225,0.1121,0.0865
2024-07-26,0.1437,0.0477,0.061
2024-07-27,0.3895,0.0833,0.0359
2024-07-28,0.2842,0.1074,0.0547
2024-07-29,0.194,0.0567,0.0992
2024-07-30,0.2121,0.0958,0.0979
2024-07-31,0.148,0.0639,0.0765
2024-08-01,0.1274,0.0627,0.0916
2024-08-02,0.1224,0.0688,0.0525
2024-08-03,0.1118,0.0299,0.0271
2024-08-04,0.1367,0.0317,0.0507
2024-08-05,0.111,0.0391,0.0568
2024-08-06,0.1096,0.0368,0.1009
2024-08-07,0.1552,0.0369,0.0761
2024-08-08,0.1367,0.0321,0.0641
2024-08-09,0.1204,0.0443,0.0773
2024-08-10,0.1835,0.038,0.0482
2024-08-11,0.1357,0.0527,0.0325
2024-08-12,0.155,0.025,0.0639
2024-08-13,0.1068,0.0556,0.0513
2024-08-14,0.0966,0.048,0.0731
2024-08-15,0.1222,0.0396,0.0759
2024-08-16,0.1377,0.0412,0.0723
2024-08-17,0.1004,0.0339,0.0787
2024-08-18,0.1285,0.1285,0.1935
2024-08-19,0.3769,0.0942,0.0936
2024-08-20,0.2317,0.0967,0.0642
2024-08-21,0.1211,0.0631,0.0647
2024-08-22,0.0971,0.0814,0.0662
2024-08-23,0.1205,0.071,0.0704
2024-08-24,0.1405,0.0613,0.0613
2024-08-25,0.2244,0.0856,0.0841
2024-08-26,0.1903,0.088,0.152
2024-08-27,0.2558,0.0678,0.1367
2024-08-28,0.1834,0.0738,0.1012
2024-08-29,0.2565,0.1258,0.1114
2024-08-30,0.2114,0.1032,0.111
2024-08-31,0.2018,0.0252,0.0586
2024-09-01,0.1701,0.0241,0.0593
2024-09-02,0.2115,0.0353,0.1012
2024-09-03,0.2406,0.0349,0.1447
2024-09-04,0.205,0.0627,0.1053
2024-09-05,0.2364,0.0565,0.1174
2024-09-06,0.2193,0.0442,0.1052
2024-09-07,0.2591,0.0407,0.1116
2024-09-08,0.205,0.0398,0.0765
2024-09-09,0.1263,0.0631,0.0944
2024-09-10,0.1532,0.076,0.1024
2024-09-11,0.1156,0.053,0.1061
2024-09-12,0.1546,0.0675,0.1019
2024-09-13,0.1348,0.0613,0.0847
2024-09-14,0.1485,0.1439,0.0631
2024-09-15,0.2518,0.0563,0.0627
2024-09-16,0.2311,0.0491,0.1337
2024-09-17,0.1646,0.082,0.0624
2024-09-18,0.1736,0.0737,0.1125
2024-09-19,0.1752,0.073,0.09
2024-09-20,0.1495,0.0643,0.1089
2024-09-21,0.2225,0.0749,0.0432
2024-09-22,0.3232,0.0835,0.1
2024-09-23,0.137,0.0378,0.0874
2024-09-24,0.0941,0.0539,0.0873
2024-09-25,0.1734,0.0656,0.1099
2024-09-26,0.179,0.1193,0.1002
2024-09-27,0.1473,0.0986,0.0967
2024-09-28,0.2244,0.1012,0.0654
2024-09-29,0.156,0.0744,0.1527
2024-09-30,0.1144,0.0832,0.082
2024-10-01,0.1616,0.1,0.0691
2024-10-02,0.081,0.057,0.0609
2024-10-03,0.0913,0.0523,0.0913
2024-10-04,0.0884,0.0629,0.0905
2024-10-05,0.0968,0.0579,0.0826
2024-10-06,0.0821,0.0577,0.043
2024-10-07,0.1235,0.044,0.0925
2024-10-08,0.158,0.0639,0.0736
2024-10-09,0.1452,0.0968,0.09
2024-10-10,0.1915,0.1937,0.0843
2024-10-11,0.2009,0.1196,0.0984
2024-10-12,0.1212,0.0801,0.089
2024-10-13,0.1579,0.0772,0.088
2024-10-14,0.1674,0.5931,0.0982
2024-10-15,0.1262,0.1684,0.1118
2024-10-16,0.08,0.0928,0.0729
2024-10-17,0.094,0.092,0.0685
2024-10-18,0.0912,0.0898,0.0912
2024-10-19,0.1143,0.064,0.1366
2024-10-20,0.0833,0.0639,0.0395
2024-10-21,0.1637,0.0801,0.083
2024-10-22,0.1687,0.0811,0.1261
2024-10-23,0.1883,0.0849,0.1007
2024-10-24,0.3155,0.0527,0.1089
2024-10-25,0.2562,0.0723,0.0689
2024-10-26,0.2145,0.0903,0.0565
2024-10-27,0.1903,0.0959,0.1134
2024-10-28,0.1457,0.0582,0.0811
2024-10-29,0.0925,0.0622,0.1094
2024-10-30,0.0748,0.1204,0.1653
2024-10-31,0.1173,0.133,0.1335
2024-11-01,0.1252,0.0861,0.1071
2024-11-02,0.1279,0.064,0.1842
2024-11-03,0.1148,0.0394,0.1229
2024-11-04,0.0843,0.0432,0.1198
2024-11-05,0.0983,0.0479,0.1314
2024-11-06,0.1285,0.0474,0.1759
2024-11-07,0.1453,0.0952,0.2631
2024-11-08,0.2502,0.0809,0.1797
2024-11-09,0.1661,0.0879,0.1903
2024-11-10,0.2671,0.0406,0.152
2024-11-11,0.2396,0.0534,0.1228
2024-11-12,0.1907,0.0451,0.1067
2024-11-13,0.1761,0.0636,0.1131
2024-11-14,0.127,0.0604,0.1316
2024-11-15,0.1746,0.1236,0.107
2024-11-16,0.2928,0.0894,0.1948
2024-11-17,0.3469,0.193,0.364
2024-11-18,0.2295,0.0773,0.1957
2024-11-19,0.1411,0.0351,0.1474
2024-11-20,0.1078,0.0409,0.1126
2024-11-21,0.1211,0.0261,0.0965
2024-11-22,0.1165,0.0244,0.0666
2024-11-23,0.1545,0.0395,0.0987
2024-11-24,0.1425,0.0475,0.0502
2024-11-25,0.1193,0.0486,0.0902
2024-11-26,0.1262,0.0602,0.2562
2024-11-27,0.1247,0.0661,0.171
2024-11-28,0.1107,0.0485,0.1173
2024-11-29,0.0846,0.0505,0.0954
2024-11-30,0.0966,0.1239,0.0514
2024-12-01,0.083,0.1206,0.0799
2024-12-02,0.1815,0.075,0.1388
2024-12-03,0.1285,0.0582,0.2575
2024-12-04,0.1329,0.0426,0.1606
2024-12-05,0.0934,0.0538,0.1321
2024-12-06,0.0854,0.0836,0.1337
2024-12-07,0.076,0.0493,0.0885
2024-12-08,0.0592,0.0755,0.0884
2024-12-09,0.0419,0.0652,0.1241
2024-12-10,0.1251,0.1261,0.1486
2024-12-11,0.1334,0.1646,0.141
2024-12-12,0.1088,0.0704,0.1559
2024-12-13,0.0885,0.0619,0.0994
2024-12-14,0.0908,0.0408,0.0704
2024-12-15,0.0761,0.0325,0.1223
2024-12-16,0.0978,0.0406,0.0842
2024-12-17,0.0948,0.04,0.0923
2024-12-18,0.0815,0.0291,0.101
2024-12-19,0.0954,0.0467,0.0792
2024-12-20,0.1131,0.0316,0.0896
2024-12-21,0.1554,0.0651,0.0549
2024-12-22,0.1919,0.1633,0.0612
2024-12-23,0.126,0.0507,0.1007
2024-12-24,0.1194,0.0393,0.0779
2024-12-25,0.1699,0.111,0.0895
2024-12-26,0.1107,0.0666,0.0918
2024-12-27,0.1034,0.053,0.07
2024-12-28,0.0644,0.0308,0.0663
2024-12-29,0.0757,0.0384,0.0637
2024-12-30,0.1107,0.0521,0.0746
2024-12-31,0.1186,0.1486,0.0947
2025-01-01,0.0932,0.0995,0.1257
2025-01-02,0.0943,0.0589,0.1231
2025-01-03,0.0764,0.048,0.0996
2025-01-04,0.0843,0.05,0.0745
2025-01-05,0.0846,0.0374,0.0506
2025-01-06,0.087,0.025,0.0789
2025-01-07,0.0915,0.0265,0.0942
2025-01-08,0.0902,0.0451,0.0873
2025-01-09,0.0921,0.0524,0.0932
2025-01-10,0.1191,0.0367,0.0695
2025-01-11,0.1075,0.0492,0.0638
2025-01-12,0.1269,0.0663,0.0592
2025-01-13,0.1102,0.0251,0.1679
2025-01-14,0.162,0.0259,0.1651
2025-01-15,0.1211,0.0752,0.1803
2025-01-16,0.125,0.0499,0.1373
2025-01-17,0.1078,0.0392,0.1868
2025-01-18,0.0847,0.0342,0.1018
2025-01-19,0.1522,0.0399,0.0752
2025-01-20,0.1077,0.0405,0.1456
2025-01-21,0.0861,0.0315,0.1152
2025-01-22,0.0888,0.0356,0.1154
2025-01-23,0.1046,0.0327,0.1011
2025-01-24,0.0776,0.0354,0.1124
2025-01-25,0.2544,0.0525,0.0435
2025-01-26,0.1086,0.0313,0.0832
2025-01-27,0.0844,0.0325,0.1623
2025-01-28,0.0914,0.0562,0.2217
2025-01-29,0.0547,0.0208,0.1557
2025-01-30,0.0623,0.0197,0.1087
2025-01-31,0.0597,0.0173,0.1409
2025-02-01,0.0489,0.0239,0.1282
2025-02-02,0.0607,0.0163,0.1232
2025-02-03,0.0844,0.0339,0.1075
2025-02-04,0.0623,0.0228,0.4909
2025-02-05,0.1304,0.0392,0.3128
2025-02-06,0.1073,0.042,0.2003
2025-02-07,0.0859,0.0518,0.1806
2025-02-08,0.1424,0.0844,0.2117
2025-02-09,0.0811,0.0423,0.1122
2025-02-10,0.0604,0.037,0.1528
2025-02-11,0.0805,0.0427,0.1363
2025-02-12,0.1345,0.0947,0.106
2025-02-13,0.2126,0.0506,0.0784
2025-02-14,0.121,0.0341,0.0931
2025-02-15,0.1304,0.021,0.0985
2025-02-16,0.0832,0.0863,0.0651
2025-02-17,0.1213,0.1579,0.0825
2025-02-18,0.107,0.0874,0.0842
2025-02-19,0.0956,0.0386,0.1307
2025-02-20,0.0936,0.041,0.1005
2025-02-21,0.1892,0.0464,0.0963
2025-02-22,0.1577,0.0631,0.0455
2025-02-23,0.1166,0.0343,0.054
2025-02-24,0.1037,0.0452,0.0844
2025-02-25,0.1141,0.0538,0.0966
2025-02-26,0.0991,0.0652,0.0844
2025-02-27,0.0902,0.1209,0.1249
2025-02-28,0.0927,0.0525,0.1711
2025-03-01,0.1474,0.1071,0.0653
2025-03-02,0.0691,0.0403,0.0585
2025-03-03,0.079,0.0488,0.1272
2025-03-04,0.0853,0.0565,0.4955
2025-03-05,0.1413,0.096,0.2892
2025-03-06,0.0692,0.0527,0.158
2025-03-07,0.1404,0.091,0.1379
2025-03-08,0.055,0.0229,0.1421
2025-03-09,0.1162,0.0443,0.107
2025-03-10,0.1063,0.0347,0.1056
2025-03-11,0.08,0.0327,0.1039
2025-03-12,0.0722,0.0497,0.1116
2025-03-13,0.0588,0.0674,0.1109
2025-03-14,0.1017,0.1108,0.0934
2025-03-15,0.1371,0.0998,0.0712
2025-03-16,0.16,0.0578,0.0551
2025-03-17,0.1046,0.0735,0.084
2025-03-18,0.1149,0.0987,0.1061
2025-03-19,0.0782,0.0548,0.1042
2025-03-20,0.075,0.0583,0.0669
2025-03-21,0.0985,0.0498,0.0754
2025-03-22,0.0918,0.0429,0.0677
2025-03-23,0.0892,0.0384,0.1171
2025-03-24,0.0918,0.0345,0.1576
2025-03-25,0.1079,0.0386,0.1118
2025-03-26,0.1055,0.0754,0.1562
2025-03-27,0.143,0.0733,0.1523
2025-03-28,0.1602,0.0644,0.1455
2025-03-29,0.1106,0.0431,0.0765
2025-03-30,0.061,0.1553,0.0575
2025-03-31,0.1329,0.0667,0.0981
2025-04-01,0.1487,0.3361,0.0908
2025-04-02,0.107,0.2368,0.1081
2025-04-03,0.0838,0.087,0.15
2025-04-04,0.0977,0.0912,0.4258
2025-04-05,0.0771,0.0501,0.2362
2025-04-06,0.0807,0.0479,0.1631
2025-04-07,0.0903,0.0597,0.2097
2025-04-08,0.0728,0.0398,0.3089
2025-04-09,0.0897,0.0456,0.5307
2025-04-10,0.0813,0.0518,0.6476
2025-04-11,0.0739,0.0529,0.5951
2025-04-12,0.0685,0.0515,0.2487
2025-04-13,0.0916,0.0406,0.2299
2025-04-14,0.2169,0.0354,0.2782
2025-04-15,0.1531,0.0356,0.218
2025-04-16,0.1131,0.0422,0.4289
2025-04-17,0.1308,0.059,0.2687
2025-04-18,0.1485,0.0863,0.2283
2025-04-19,0.097,0.0691,0.1311
2025-04-20,0.115,0.0588,0.1203
2025-04-21,0.1514,0.0537,0.1534
2025-04-22,0.0645,0.032,0.1719
2025-04-23,0.0592,0.0254,0.3052
2025-04-24,0.0725,0.0442,0.295
2025-04-25,0.1034,0.0397,0.2014
2025-04-26,0.0734,0.0193,0.1312
2025-04-27,0.1542,0.0451,0.1074
2025-04-28,0.2871,0.03,0.1666
2025-04-29,0.1273,0.0554,0.2612
2025-04-30,0.2042,0.0556,0.2391
2025-05-01,0.0955,0.027,0.1944
2025-05-02,0.0737,0.0346,0.1663
2025-05-03,0.0989,0.0511,0.0934
2025-05-04,0.1206,0.056,0.1421
2025-05-05,0.0838,0.0214,0.1362
2025-05-06,0.1326,0.0293,0.1105
2025-05-07,0.1313,0.0226,0.1612
2025-05-08,0.1417,0.0292,0.1444
2025-05-09,0.1472,0.0364,0.2586
2025-05-10,0.1023,0.0274,0.2287
2025-05-11,0.1321,0.0525,0.4829
2025-05-12,0.0549,0.0333,0.6441
2025-05-13,0.0825,0.0571,0.3447
2025-05-14,0.1093,0.0591,0.2475
2025-05-15,0.128,0.0471,0.1693
2025-05-16,0.1588,0.0765,0.161
2025-05-17,0.0904,0.038,0.077
2025-05-18,0.0963,0.0403,0.0899
2025-05-19,0.1212,0.0473,0.138
2025-05-20,0.1321,0.0874,0.1576
2025-05-21,0.1487,0.0756,0.1658
2025-05-22,0.1708,0.0525,0.1458
2025-05-23,0.1362,0.0518,0.1331
2025-05-24,0.1495,0.0511,0.097
2025-05-25,0.2013,0.0315,0.0721
2025-05-26,0.2448,0.0538,0.1024
2025-05-27,0.1999,0.0715,0.1492
2025-05-28,0.1955,0.0628,0.1794
2025-05-29,0.118,0.0526,0.2081
2025-05-30,0.1763,0.0524,0.2409
2025-05-31,0.3455,0.0553,0.1614
2025-06-01,0.271,0.0554,0.0954
2025-06-02,0.148,0.0453,0.1364
2025-06-03,0.1179,0.0395,0.1308
2025-06-04,0.1182,0.0448,0.1531
2025-06-05,0.1558,0.0452,0.1501
2025-06-06,0.1156,0.0764,0.109
2025-06-07,0.1419,0.0491,0.1074
2025-06-08,0.2372,0.037,0.1129
2025-06-09,0.2363,0.0279,0.1857
2025-06-10,0.1896,0.0287,0.2037
2025-06-11,0.2309,0.0722,0.3082
2025-06-12,0.232,0.0634,0.1625
2025-06-13,0.166,0.0361,0.0974
2025-06-14,0.1878,0.0355,0.0916
2025-07-02,0.1953,0.0598,0.0855
2025-07-03,0.1634,0.0675,0.1095
2025-07-04,0.1838,0.1093,0.1893
2025-07-05,0.2069,0.178,0.0906
2025-07-06,0.2266,0.213,0.075
2025-07-07,0.1281,0.0944,0.1491
2025-07-08,0.1982,0.075,0.1468
2025-07-09,0.1966,0.1035,0.1191
2025-07-10,0.2276,0.0681,0.1484
2025-07-11,0.2681,0.079,0.1247
2025-07-12,0.2981,0.0513,0.0974
2025-07-13,0.2366,0.0945,0.0585
2025-07-14,0.1137,0.0423,0.1157
2025-07-15,0.1185,0.0415,0.2162
2025-07-16,0.1613,0.0562,0.1635
2025-07-17,0.1487,0.0459,0.1278
2025-07-18,0.2208,0.0987,0.1564
2025-07-19,0.3421,0.1234,0.1513
2025-07-20,0.2545,0.0569,0.0641
2025-07-21,0.1721,0.0591,0.0997
2025-07-22,0.179,0.0269,0.0998
2025-07-23,0.2322,0.0312,0.1005
2025-07-24,0.2211,0.0434,0.1872
2025-07-25,0.1425,0.0421,0.1563
2025-07-26,0.1431,0.1416,0.1088
2025-07-27,0.1501,0.0614,0.0858
2025-07-28,0.1509,0.0473,0.1427
2025-07-29,0.1241,0.0477,0.1492
2025-07-30,0.1404,0.0536,0.1395
2025-07-31,0.1274,0.0353,0.1152
2025-08-01,0.1511,0.0329,0.1043
2025-08-02,0.1661,0.022,0.0652
2025-08-03,0.1585,0.0556,0.055
2025-08-04,0.2011,0.055,0.0865
2025-08-05,0.1702,0.0523,0.0946
2025-08-06,0.1331,0.0563,0.1197
2025-08-07,0.1279,0.0541,0.1788
2025-08-08,0.1875,0.0649,0.1154
2025-08-09,0.2082,0.0575,0.0582
2025-08-10,0.168,0.0497,0.1247
2025-08-11,0.2132,0.0541,0.233
2025-08-12,0.2373,0.0815,0.2813
2025-08-13,0.1743,0.1095,0.1351
2025-08-14,0.1805,0.0479,0.1207
2025-08-15,0.1704,0.0298,0.0718
2025-08-16,0.1896,0.0583,0.0389
2025-08-17,0.2205,0.0374,0.0374
2025-08-18,0.2031,0.0526,0.0877
2025-08-19,0.1266,0.0699,0.0653
2025-08-20,0.1483,0.064,0.0747
2025-08-21,0.1547,0.0344,0.071
2025-08-22,0.2192,0.0297,0.0632
2025-08-23,0.2349,0.0231,0.0547
2025-08-24,0.2647,0.0741,0.0461
2025-08-25,0.2092,0.0409,0.0651
2025-08-26,0.1553,0.0369,0.0907
2025-08-27,0.1513,0.0357,0.1161
2025-08-28,0.1899,0.0487,0.1014
2025-08-29,0.2153,0.0634,0.0805
2025-08-30,0.2104,0.0664,0.0672
2025-08-31,0.1349,0.0456,0.0447
2025-09-01,0.1339,0.0563,0.1049
2025-09-02,0.1432,0.097,0.0818
2025-09-03,0.1102,0.0352,0.0813
2025-09-04,0.1362,0.0393,0.0587
2025-09-05,0.184,0.0509,0.0858
2025-09-06,0.2388,0.0693,0.0623
2025-09-07,0.2245,0.0673,0.0561
2025-09-08,0.1088,0.0401,0.0846
2025-09-09,0.1381,0.0318,0.1003
2025-09-10,0.1696,0.0405,0.07
2025-09-11,0.1517,0.0495,0.0851
2025-09-12,0.1695,0.085,0.0634
2025-09-13,0.1773,0.0747,0.0857
2025-09-14,0.1731,0.0399,0.1228
2025-09-15,0.1708,0.0429,0.1844
2025-09-16,0.1734,0.0498,0.1335
2025-09-17,0.1768,0.0619,0.1002
2025-09-18,0.2285,0.0566,0.0729
2025-09-19,0.2371,0.0479,0.1711
2025-09-20,0.2104,0.0601,0.0738
2025-09-21,0.3513,0.1079,0.0553
2025-09-22,0.3487,0.0908,0.067
2025-09-23,0.4351,0.1127,0.0643
2025-09-24,0.3053,0.0572,0.0869
2025-09-25,0.2143,0.0302,0.0926
2025-09-26,0.2787,0.0513,0.0879
2025-09-27,0.3359,0.0549,0.079
2025-09-28,0.2798,0.0575,0.0724
2025-09-29,0.2344,0.0468,0.0661
2025-09-30,0.1167,0.0547,0.088
2025-10-01,0.146,0.0447,0.07
2025-10-02,0.1787,0.0572,0.0721
2025-10-03,0.1805,0.0355,0.0683
2025-10-04,0.2548,0.0387,0.0312
2025-10-05,0.2068,0.0345,0.071
2025-10-06,0.1223,0.0418,0.083
2025-10-07,0.1145,0.051,0.0604
2025-10-08,0.087,0.0753,0.0726
2025-10-09,0.1445,0.0692,0.1455
2025-10-10,0.1349,0.1367,0.3248
2025-10-11,0.1444,0.0876,0.3644
2025-10-12,0.276,0.0311,0.3841
2025-10-13,0.1378,0.0312,0.4072
2025-10-14,0.1329,0.0289,0.3396
2025-10-15,0.1621,0.0464,0.2671
2025-10-16,0.1442,0.0281,0.248
2025-10-17,0.1394,0.0377,0.2096
2025-10-18,0.1403,0.0489,0.1797
2025-10-19,0.2739,0.0845,0.1408
2025-10-20,0.2431,0.0873,0.2219
2025-10-21,0.2092,0.123,0.2148
2025-10-22,0.192,0.063,0.146
2025-10-23,0.129,0.0904,0.2494
2025-10-24,0.1143,0.0549,0.1437
2025-10-25,0.1593,0.0703,0.2197
2025-10-26,0.2144,0.0879,0.3824
2025-10-27,0.5436,0.0837,0.3448
2025-10-28,0.2071,0.111,0.2046
2025-10-29,0.1693,0.0908,0.2467
2025-10-30,0.1731,0.0659,0.5531
2025-10-31,0.2139,0.0648,0.3355
2025-11-01,0.2154,0.082,0.1866
2025-11-02,0.3807,0.0802,0.1621
2025-11-03,0.283,0.0883,0.2679
2025-11-04,0.2179,0.0617,0.1534
2025-11-05,0.2356,0.0424,0.1334
2025-11-06,0.2996,0.0439,0.1308
2025-11-07,0.212,0.1002,0.1332
2025-11-08,0.2386,0.1084,0.0826
2025-11-09,0.2839,0.1227,0.0944
2025-11-10,0.2462,0.0945,0.1094
2025-11-11,0.1657,0.0938,0.0915
2025-11-12,0.1889,0.0767,0.0826
2025-11-13,0.1685,0.1002,0.109
2025-11-14,0.1349,0.178,0.0837
2025-11-15,0.1287,0.2109,0.0554
2025-11-16,0.1647,0.2251,0.0685
2025-11-17,0.205,0.2255,0.0828
2025-11-18,0.1478,0.1532,0.0956
2025-11-19,0.2052,0.2182,0.0744
2025-11-20,0.1365,0.1243,0.0871
2025-11-21,0.1952,0.1478,0.1088
2025-11-22,0.2287,0.1568,0.0642
2025-11-23,0.1825,0.1445,0.0573
2025-11-24,0.236,0.1457,0.1172
2025-11-25,0.2223,0.1932,0.1215
2025-11-26,0.2274,0.1712,0.0998
2025-11-27,0.1967,0.17,0.0889
2025-11-28,0.1976,0.1208,0.0841
2025-11-29,0.2093,0.088,0.0632
2025-11-30,0.1974,0.0767,0.076
2025-12-01,0.1626,0.078,0.0941
2025-12-02,0.1536,0.09,0.077
2025-12-03,0.1665,0.0835,0.0867
2025-12-04,0.2144,0.0695,0.1578
2025-12-05,0.1957,0.099,0.1078
2025-12-06,0.0,0.0,0.0
2025-12-07,0.2526,0.1228,0.11
2025-12-08,0.1988,0.1094,0.1486
2025-12-09,0.1539,0.1149,0.1476
2025-12-10,0.1747,0.0657,0.1319
2025-12-11,0.1297,0.0861,0.1188
2025-12-12,0.1496,0.0657,0.1341
2025-12-13,0.1778,0.0756,0.0711
2025-12-14,0.1703,0.0323,0.0525
2025-12-15,0.1601,0.0543,0.0806
2025-12-16,0.1292,0.0616,0.0969
2025-12-17,0.1549,0.0936,0.1181
2025-12-18,0.1818,0.1451,0.1032
2025-12-19,0.1504,0.0904,0.1334
2025-12-20,0.1286,0.0498,0.0788
2025-12-21,0.1472,0.0437,0.1304
2025-12-22,0.1184,0.0486,0.1495
2025-12-23,0.1368,0.0534,0.0967
2025-12-24,0.1726,0.0655,0.0815
2025-12-25,0.2443,0.0947,0.0727
2025-12-26,0.1513,0.0982,0.1351
2025-12-27,0.1463,0.1077,0.0713
2025-12-28,0.1676,0.1219,0.0548
2025-12-29,0.1642,0.5487,0.0804
2025-12-30,0.1559,0.4405,0.1171
2025-12-31,0.272,0.3967,0.1292
2026-01-01,0.2034,0.2751,0.1136
2026-01-02,0.1069,0.1725,0.1239
2026-01-03,0.1452,0.1244,0.0917
2026-01-04,0.2239,0.1487,0.0625
2026-01-05,0.1824,0.1006,0.0901
2026-01-06,0.202,0.1351,0.1213
2026-01-07,0.157,0.0936,0.1351
2026-01-08,0.1443,0.0663,0.1112
2026-01-09,0.1492,0.0603,0.1352
2026-01-10,0.1092,0.0648,0.0931
2026-01-11,0.1405,0.0504,0.0967
2026-01-12,0.1075,0.0554,0.0869
2026-01-13,0.1219,0.0503,0.1475
2026-01-14,0.122,0.0478,0.1272
2026-01-15,0.1961,0.0532,0.133
2026-01-16,0.3002,0.0647,0.1611
2026-01-17,0.1758,0.0616,0.1368
2026-01-18,0.2187,0.0544,0.0904
2026-01-19,0.2232,0.0407,0.1255
2026-01-20,0.2051,0.0406,0.1171
2026-01-21,0.1881,0.0455,0.139
2026-01-22,0.1381,0.039,0.1002
2026-01-23,0.3003,0.041,0.1506
2026-01-24,0.2172,0.0608,0.2438
2026-01-25,0.136,0.0469,0.1257
2026-01-26,0.1348,0.0465,0.1251
2026-01-27,0.1533,0.0794,0.136
2026-01-28,0.1277,0.0729,0.1239
2026-01-29,0.1323,0.0503,0.1
2026-01-30,0.1802,0.064,0.0978
2026-01-31,0.1345,0.0428,0.0684
2026-02-01,0.181,0.0692,0.0754
2026-02-02,0.112,0.0628,0.0999
2026-02-03,0.1025,0.0653,0.1033
2026-02-04,0.0917,0.0791,0.1462
2026-02-05,0.0903,0.1051,0.1222
2026-02-06,0.1434,0.0544,0.1844
2026-02-07,0.1312,0.0754,0.1769
2026-02-08,0.1518,0.0729,0.0653
2026-02-09,0.1062,0.1011,0.1036
2026-02-10,0.1372,0.0693,0.0949
2026-02-11,0.1176,0.0685,0.1646
2026-02-12,0.1021,0.0596,0.105
2026-02-13,0.1051,0.0562,0.1092
2026-02-14,0.1407,0.0558,0.1017
2026-02-15,0.0959,0.0625,0.0959
2026-02-16,0.0608,0.0691,0.0886
2026-02-17,0.1062,0.0514,0.116
2026-02-18,0.0942,0.0317,0.1373
2026-02-19,0.0837,0.0247,0.0927
2026-02-20,0.0906,0.0327,0.1401
2026-02-21,0.0942,0.0183,0.1001
2026-02-22,0.1337,0.0606,0.1166
2026-02-23,0.0598,0.0376,0.0966
2026-02-24,0.104,0.0467,0.1683
2026-02-25,0.0952,0.0273,0.1842
2026-02-26,0.1249,0.0538,0.1338
2026-02-27,0.1268,0.0615,0.1154
2026-02-28,0.0,0.1026,0.0
2026-03-01,0.0918,0.0539,0.066
2026-03-02,0.094,0.0412,0.085
2026-03-03,0.1053,0.053,0.096
2026-03-04,0.1071,0.056,0.0978
2026-03-05,0.1783,0.0811,0.0972
2026-03-06,0.1955,0.075,0.0951
2026-03-07,0.113,0.0724,0.0894
2026-03-08,0.2154,0.097,0.1099
2026-03-09,0.1675,0.0734,0.1154
2026-03-10,0.1509,0.0688,0.0827
2026-03-11,0.1531,0.0544,0.0617
2026-03-12,0.1155,0.0866,0.0993
2026-03-13,0.1464,0.0627,0.1425
2026-03-14,0.1073,0.0851,0.0578
2026-03-15,0.1517,0.1164,0.0763
2026-03-16,0.2504,0.0592,0.1048
2026-03-17,0.1755,0.072,0.1046
2026-03-18,0.2074,0.1014,0.0749
2026-03-19,0.2016,0.0775,0.0904
2026-03-20,0.2321,0.0784,0.105
2026-03-21,0.2592,0.0697,0.0874
2026-03-22,0.1735,0.0663,0.0429
2026-03-23,0.1514,0.0582,0.0778
2026-03-24,0.129,0.0563,0.098
2026-03-25,0.1696,0.0805,0.0834
2026-03-26,0.2108,0.0754,0.0836
2026-03-27,0.2197,0.036,0.0697
2026-03-28,0.2573,0.0735,0.0726
2026-03-29,0.1291,0.0839,0.0479
2026-03-30,0.1222,0.1563,0.0776
2026-03-31,0.2065,0.0912,0.0979
2026-04-01,0.2035,0.0764,0.1205
2026-04-02,0.3065,0.0602,0.0655
2026-04-03,0.2702,0.0616,0.1165
2026-04-04,0.1264,0.1016,0.0999
2026-04-05,0.1146,0.0907,0.0656
2026-04-06,0.1625,0.0739,0.0829
2026-04-07,0.1438,0.1379,0.0974
2026-04-08,0.3378,0.1669,0.0769
2026-04-09,0.3193,0.1389,0.0874
2026-04-10,0.2501,0.2572,0.0947
2026-04-11,0.1632,0.2333,0.0507
2026-04-12,0.5146,0.222,0.0851
2026-04-13,0.6905,0.1151,0.1133
2026-04-14,0.4136,0.0616,0.1304
2026-04-15,0.3173,0.0787,0.1052
2026-04-16,0.3025,0.1105,0.1302
2026-04-17,0.3841,0.0725,0.0707
2026-04-18,0.6159,0.187,0.0674
2026-04-19,0.2666,0.1563,0.0568
2026-04-20,0.3346,0.1322,0.0806
2026-04-21,0.1498,0.0635,0.0787
2026-04-22,0.1928,0.1202,0.1207
2026-04-23,0.1763,0.0842,0.1265
2026-04-24,0.1537,0.0548,0.1688
2026-04-25,0.1882,0.052,0.0918
2026-04-26,0.1345,0.0427,0.0705
2026-04-27,0.2249,0.0717,0.1276
2026-04-28,0.2182,0.0986,0.1232
2026-04-29,0.1773,0.0681,0.0734
2026-04-30,0.176,0.0594,0.0894
2026-05-01,0.2119,0.044,0.0721
2026-05-02,0.2097,0.106,0.0674
2026-05-03,0.1428,0.0582,0.0661
2026-05-04,0.2821,0.2699,0.0781
2026-05-05,0.2244,0.1767,0.0584
2026-05-06,0.2747,0.0665,0.1063
2026-05-07,0.2215,0.0895,0.0834
2026-05-08,0.3229,0.0615,0.1092
2026-05-09,0.357,0.0675,0.072
2026-05-10,0.2533,0.1235,0.0859
2026-05-11,0.1737,0.1171,0.108
2026-05-12,0.1965,0.1008,0.2177
2026-05-13,0.143,0.1598,0.1772
2026-05-14,0.1681,0.2487,0.2144
2026-05-15,0.1412,0.2733,0.2617
2026-05-16,0.1469,0.3068,0.1394
2026-05-17,0.2021,0.2356,0.1127
2026-05-18,0.1441,0.1361,0.1501
2026-05-19,0.1797,0.1419,0.179
2026-05-20,0.1566,0.2346,0.1015
2026-05-21,0.1716,0.1991,0.1069
2026-05-22,0.1838,0.1131,0.1287
2026-05-23,0.2771,0.0814,0.0626
2026-05-24,0.3394,0.0586,0.0685
2026-05-25,0.1616,0.083,0.0919
2026-05-26,0.2841,0.0663,0.1242
2026-05-27,0.162,0.1032,0.1559
2026-05-28,0.2077,0.0993,0.1009
2026-05-29,0.2202,0.0815,0.1191
2026-05-30,0.2726,0.1444,0.07
2026-05-31,0.2989,0.109,0.0572
2026-06-01,0.1866,0.052,0.0877
2026-06-02,0.264,0.0869,0.0968
2026-06-03,0.1943,0.079,0.0926
2026-06-04,0.1703,0.0723,0.1008
2026-06-05,0.1996,0.0566,0.085
2026-06-06,0.2069,0.1098,0.0748
2026-06-07,0.2374,0.0966,0.064
2026-06-08,0.1465,0.067,0.0658
2026-06-09,0.1499,0.0769,0.0929
2026-06-10,0.1707,0.1283,0.0829
2026-06-11,0.2007,0.091,0.0939
2026-06-12,0.1648,0.0574,0.0799
2026-06-13,0.1634,0.0873,0.136
2026-06-14,0.2179,0.1122,0.1225
2026-06-15,0.319,0.0661,0.1194
2026-06-16,0.1936,0.0477,0.1254
2026-06-17,0.1928,0.0933,0.1104
2026-06-18,0.218,0.0781,0.102
2026-06-19,0.1222,0.0705,0.1339
2026-06-20,0.2032,0.048,0.1085
2026-06-21,0.1586,0.0886,0.0942
2026-06-22,0.1325,0.0446,0.1093
2026-06-23,0.198,0.0482,0.1031
2026-06-24,0.1999,0.0812,0.1036
2026-06-25,0.2322,0.0932,0.1085
2026-06-26,0.1838,0.0952,0.1085
2026-06-27,0.3186,0.0558,0.1062
2026-06-28,0.1507,0.0974,0.0791
2026-06-29,0.1989,0.0543,0.1504
2026-06-30,0.2024,0.0353,0.1197
2026-07-05,0.2574,0.0858,0.0727
2026-07-06,0.1484,0.0636,0.0945
2026-07-07,0.2403,0.0844,0.1354
2026-07-08,0.6797,0.0924,0.1247
2026-07-09,0.6883,0.0802,0.105
2026-07-10,0.2309,0.0887,0.0854
2026-07-11,0.3192,0.0952,0.0813
2026-07-12,0.5372,0.088,0.0602
2026-07-13,0.574,0.0636,0.1412
2026-07-14,0.4463,0.0677,0.0995
2026-07-15,0.1751,0.059,0.1098
2026-07-16,0.1797,0.0532,0.0967
2026-07-17,0.2087,0.0601,0.1172
2026-07-18,0.115,0.0459,0.0788
2026-07-19,0.0887,0.0514,0.0554
2026-07-20,0.2059,0.0617,0.1535
2026-07-21,0.3262,0.0573,0.1082
2026-07-22,0.3983,0.0633,0.0947
2026-07-23,0.3746,0.0718,0.1179
2026-07-24,0.3496,0.1056,0.1186
2026-07-25,0.1284,0.1284,0.0642
2026-07-26,0.3086,0.0257,0.0257
2026-07-27,0.7084,0.1181,0.1181
2026-07-28,0.2507,0.0501,0.1253
2026-07-29,0.177,0.0817,0.0681
2026-07-30,0.0811,0.0406,0.1724
2026-07-31,0.1783,0.0,0.1274
2026-08-01,0.214,0.0,0.0562
2026-08-02,0.1929,0.0963,0.1444
2026-08-03,0.1661,0.0507,0.152
2026-08-04,0.1021,0.0577,0.3654
2026-08-05,0.1176,0.0559,0.1678
2026-08-06,0.1137,0.0386,0.3085
2026-08-07,0.1365,0.0764,0.0891
2026-08-08,0.1685,,
2026-08-09,0.1552,,
2026-08-10,0.1242,,
2026-08-11,0.0999,,
2026-08-12,0.1559,,
2026-08-13,0.1384,,
2026-08-14,0.2279,,
2026-08-15,0.2679,,
2026-08-16,0.1723,,
2026-08-17,0.3966,,
