date,partner,n,n_coop,n_conflict,goldstein_mean,mentions_sum
2017-01-01,AFG,32,32,0,2.481,230
2017-01-01,AUS,1,1,0,3.4,4
2017-01-01,BGD,9,8,1,2.944,24
2017-01-01,BRA,1,1,0,7.4,10
2017-01-01,CAN,8,8,0,4.838,32
2017-01-01,CHN,8,8,0,1.85,32
2017-01-01,CUB,9,9,0,3.4,396
2017-01-01,GBR,40,37,3,2.197,267
2017-01-01,IRN,1,1,0,-0.4,5
2017-01-01,ISR,7,5,2,2.857,18
2017-01-01,ITA,1,1,0,3.0,5
2017-01-01,KEN,2,2,0,1.9,16
2017-01-01,KGZ,2,2,0,3.4,4
2017-01-01,KHM,4,4,0,4.0,4
2017-01-01,LBR,2,2,0,4.0,20
2017-01-01,LKA,10,2,8,-1.9,54
2017-01-01,MDV,4,0,4,-2.0,12
2017-01-01,MYS,6,6,0,2.7,18
2017-01-01,NOR,1,0,1,-9.2,10
2017-01-01,NPL,6,2,4,-2.55,32
2017-01-01,PAK,71,44,27,-0.763,296
2017-01-01,PSE,4,4,0,5.175,24
2017-01-01,RUS,4,4,0,-0.15,12
2017-01-01,SAU,5,5,0,2.48,6
2017-01-01,SDN,1,1,0,3.4,30
2017-01-01,TUR,24,9,15,-4.475,115
2017-01-01,USA,31,22,9,0.323,190
2017-01-01,YEM,2,0,2,-9.0,18
2017-01-02,AFG,10,10,0,2.38,32
2017-01-02,AFR,1,1,0,5.2,2
2017-01-02,BGD,13,11,2,2.908,49
2017-01-02,BTN,6,6,0,3.933,22
2017-01-02,CHE,2,2,0,2.35,20
2017-01-02,CHN,9,6,3,-0.456,52
2017-01-02,CUB,3,3,0,1.0,80
2017-01-02,DEU,2,1,1,0.0,8
2017-01-02,ESP,6,2,4,-3.333,8
2017-01-02,EUR,15,14,1,1.587,32
2017-01-02,FIN,1,1,0,3.0,4
2017-01-02,GBR,45,43,2,3.331,296
2017-01-02,IDN,7,7,0,5.671,8
2017-01-02,IRQ,1,0,1,-10.0,12
2017-01-02,ISR,2,2,0,4.0,6
2017-01-02,ITA,4,4,0,2.35,30
2017-01-02,JPN,5,1,4,-3.52,19
2017-01-02,LKA,62,52,10,2.3,153
2017-01-02,MCO,2,2,0,2.35,8
2017-01-02,MEA,10,10,0,1.54,92
2017-01-02,MEX,4,4,0,2.35,8
2017-01-02,MMR,1,1,0,3.4,4
2017-01-02,MYS,9,7,2,2.556,56
2017-01-02,NGA,5,0,5,-5.0,22
2017-01-02,NPL,9,6,3,1.078,50
2017-01-02,NZL,5,5,0,2.92,13
2017-01-02,PAK,30,13,17,-1.66,60
2017-01-02,PHL,2,2,0,2.35,6
2017-01-02,PRT,2,2,0,4.0,20
2017-01-02,RUS,8,7,1,2.3,44
2017-01-02,SAU,2,0,2,-7.2,3
2017-01-02,SGP,5,5,0,7.76,10
2017-01-02,THA,11,9,2,0.518,30
2017-01-02,TUR,55,18,37,-5.671,4188
2017-01-02,TWN,11,11,0,3.182,272
2017-01-02,USA,56,49,7,0.821,272
2017-01-02,VNM,2,0,2,-5.0,2
2017-01-03,AFG,6,6,0,2.583,38
2017-01-03,AFR,2,2,0,2.35,4
2017-01-03,ARE,13,9,4,-0.954,36
2017-01-03,BGD,9,6,3,-0.289,23
2017-01-03,BHR,2,2,0,2.35,40
2017-01-03,BTN,2,2,0,3.4,6
2017-01-03,CHN,48,40,8,1.348,198
2017-01-03,COL,1,0,1,-4.0,6
2017-01-03,DEU,7,3,4,-3.686,184
2017-01-03,ESP,6,2,4,-3.333,8
2017-01-03,FRA,3,3,0,0.0,4
2017-01-03,GBR,29,26,3,1.759,72
2017-01-03,GRC,3,3,0,0.0,7
2017-01-03,GUY,3,3,0,0.9,6
2017-01-03,IDN,1,0,1,-5.0,4
2017-01-03,ISR,12,10,2,2.0,28
2017-01-03,ITA,2,1,1,-1.0,15
2017-01-03,JOR,1,0,1,-9.0,5
2017-01-03,JPN,7,7,0,1.786,25
2017-01-03,KGZ,4,4,0,2.35,8
2017-01-03,KHM,4,4,0,4.0,4
2017-01-03,KOR,1,0,1,-4.0,1
2017-01-03,KWT,1,1,0,0.0,4
2017-01-03,LKA,10,7,3,1.27,18
2017-01-03,MDV,1,0,1,-2.0,15
2017-01-03,MEA,4,4,0,2.35,12
2017-01-03,MLI,2,2,0,5.0,14
2017-01-03,MYS,1,1,0,0.0,4
2017-01-03,NGA,4,1,3,-1.9,10
2017-01-03,NLD,6,5,1,2.25,17
2017-01-03,NPL,3,3,0,6.333,41
2017-01-03,PAK,44,26,18,-1.364,365
2017-01-03,QAT,1,0,1,-5.0,10
2017-01-03,RUS,10,10,0,2.5,52
2017-01-03,SAS,9,4,5,-1.778,16
2017-01-03,SAU,8,6,2,0.275,37
2017-01-03,SDN,1,0,1,-10.0,10
2017-01-03,SGP,4,4,0,7.0,16
2017-01-03,THA,2,0,2,-7.5,4
2017-01-03,TJK,5,5,0,5.0,6
2017-01-03,TUR,17,8,9,-4.118,278
2017-01-03,TWN,3,3,0,3.0,46
2017-01-03,USA,104,88,16,1.284,447
2017-01-03,VNM,7,6,1,0.9,17
2017-01-03,YEM,1,0,1,-9.0,12
2017-01-03,ZAF,5,4,1,0.88,17
2017-01-03,ZWE,1,1,0,6.4,2
2017-01-04,AFR,2,2,0,3.5,2
2017-01-04,ARE,9,8,1,1.667,30
2017-01-04,ARG,1,0,1,-4.0,10
2017-01-04,AUS,5,5,0,1.18,18
2017-01-04,BGD,31,24,7,-0.442,89
2017-01-04,CAN,1,0,1,-10.0,4
2017-01-04,CHE,2,2,0,4.0,4
2017-01-04,CHN,20,17,3,0.655,50
2017-01-04,DEU,11,4,7,-3.673,113
2017-01-04,EGY,4,1,3,-2.75,14
2017-01-04,EUR,2,2,0,5.0,6
2017-01-04,FIN,6,6,0,4.867,32
2017-01-04,FJI,5,5,0,5.98,8
2017-01-04,FRA,2,2,0,2.35,2
2017-01-04,GBR,69,58,11,0.804,195
2017-01-04,GRC,4,4,0,3.4,8
2017-01-04,IRN,3,3,0,3.7,18
2017-01-04,IRQ,4,0,4,-10.0,10
2017-01-04,ISR,14,10,4,0.4,220
2017-01-04,ITA,7,4,3,-0.8,20
2017-01-04,JOR,12,8,4,-0.1,216
2017-01-04,JPN,7,6,1,1.857,69
2017-01-04,KEN,8,8,0,6.85,38
2017-01-04,KHM,1,1,0,3.4,4
2017-01-04,KOR,5,0,5,-2.0,32
2017-01-04,LBN,12,8,4,-0.1,216
2017-01-04,LKA,8,6,2,-1.163,40
2017-01-04,MDV,7,0,7,-2.0,32
2017-01-04,MLI,5,3,2,1.4,5
2017-01-04,MYS,2,2,0,2.5,7
2017-01-04,NPL,11,5,6,-1.909,122
2017-01-04,OMN,4,2,2,-0.575,16
2017-01-04,PAK,43,26,17,-0.807,164
2017-01-04,PRT,5,5,0,7.08,38
2017-01-04,QAT,2,0,2,-2.0,35
2017-01-04,RUS,7,7,0,2.586,46
2017-01-04,SAS,3,0,3,-5.0,14
2017-01-04,SAU,4,4,0,7.0,48
2017-01-04,SEA,7,3,4,-1.429,39
2017-01-04,THA,10,10,0,3.55,52
2017-01-04,TMP,4,4,0,2.35,8
2017-01-04,TUR,113,88,25,-0.328,4283
2017-01-04,TWN,2,2,0,3.0,6
2017-01-04,USA,120,89,31,0.541,868
2017-01-04,VNM,1,1,0,10.0,6
2017-01-04,YEM,8,4,4,-2.688,20
2017-01-04,ZAF,6,6,0,2.35,24
2017-01-05,AFG,7,6,1,1.886,25
2017-01-05,AFR,1,1,0,1.0,8
2017-01-05,ARE,11,10,1,2.282,30
2017-01-05,AUS,10,8,2,0.77,72
2017-01-05,BGD,2,2,0,4.0,20
2017-01-05,CAN,13,11,2,3.431,28
2017-01-05,CHE,4,4,0,2.5,60
2017-01-05,CHL,3,3,0,0.0,10
2017-01-05,CHN,35,30,5,0.786,119
2017-01-05,DEU,5,2,3,-4.04,54
2017-01-05,EUR,1,1,0,6.0,20
2017-01-05,FIN,4,4,0,2.15,24
2017-01-05,FJI,1,1,0,3.0,1
2017-01-05,FRA,48,37,11,1.319,168
2017-01-05,GBR,29,24,5,1.083,75
2017-01-05,GRC,1,1,0,-0.4,30
2017-01-05,IRL,2,0,2,-9.75,14
2017-01-05,IRN,2,0,2,-4.0,2
2017-01-05,IRQ,2,2,0,3.4,6
2017-01-05,ISR,6,4,2,-0.1,9
2017-01-05,ITA,4,0,4,-5.0,18
2017-01-05,JOR,6,4,2,-0.1,9
2017-01-05,JPN,21,21,0,4.343,80
2017-01-05,KEN,7,7,0,2.371,147
2017-01-05,KOR,4,0,4,-2.0,19
2017-01-05,LBN,9,7,2,2.767,15
2017-01-05,LKA,38,7,31,-3.568,268
2017-01-05,MDV,1,0,1,-2.0,2
2017-01-05,MKD,1,0,1,-10.0,6
2017-01-05,MMR,3,2,1,1.8,12
2017-01-05,MYS,5,5,0,3.34,36
2017-01-05,NGA,1,0,1,-5.0,2
2017-01-05,NPL,6,6,0,3.567,38
2017-01-05,OMN,4,1,3,-2.75,12
2017-01-05,PAK,96,59,37,-0.528,299
2017-01-05,PRT,7,7,0,2.714,154
2017-01-05,RUS,13,12,1,3.8,40
2017-01-05,RWA,20,20,0,2.14,173
2017-01-05,SAS,2,2,0,1.5,5
2017-01-05,SAU,7,7,0,7.829,29
2017-01-05,SGP,2,2,0,9.0,2
2017-01-05,SWE,1,1,0,3.0,2
2017-01-05,THA,2,2,0,-0.4,4
2017-01-05,TJK,2,2,0,-0.4,2
2017-01-05,TUR,19,15,4,0.253,45
2017-01-05,TZA,2,0,2,-2.0,4
2017-01-05,USA,81,68,13,1.623,373
2017-01-05,ZAF,3,3,0,1.9,6
2017-01-06,AFG,3,3,0,3.233,8
2017-01-06,AFR,4,0,4,-10.0,4
2017-01-06,ARE,4,2,2,0.25,15
2017-01-06,AUS,2,2,0,2.35,12
2017-01-06,BEL,5,5,0,2.26,10
2017-01-06,BGD,11,8,3,0.827,50
2017-01-06,BRA,13,4,9,-3.431,45
2017-01-06,BTN,5,2,3,-2.06,25
2017-01-06,CAN,15,15,0,2.233,45
2017-01-06,CHE,2,2,0,2.35,10
2017-01-06,CHN,37,36,1,2.416,114
2017-01-06,DEU,5,4,1,-0.12,9
2017-01-06,EUR,4,4,0,2.875,18
2017-01-06,FRA,8,8,0,1.25,20
2017-01-06,GBR,26,23,3,2.031,72
2017-01-06,IRL,4,4,0,1.175,8
2017-01-06,IRN,3,3,0,2.2,16
2017-01-06,JPN,6,6,0,6.0,36
2017-01-06,KAZ,2,2,0,8.0,12
2017-01-06,KEN,3,3,0,2.2,20
2017-01-06,LKA,34,20,14,0.556,138
2017-01-06,MEX,3,3,0,4.0,12
2017-01-06,MUS,15,15,0,1.56,42
2017-01-06,MYS,12,8,4,0.867,48
2017-01-06,NGA,7,0,7,-5.0,18
2017-01-06,NPL,4,1,3,-2.75,6
2017-01-06,PAK,86,45,41,-1.199,277
2017-01-06,PRT,21,21,0,2.49,60
2017-01-06,RWA,7,7,0,2.2,28
2017-01-06,SAS,3,2,1,-1.767,12
2017-01-06,SAU,18,3,15,-1.722,179
2017-01-06,SEA,1,0,1,-5.0,10
2017-01-06,SGP,4,4,0,3.1,14
2017-01-06,USA,47,38,9,-0.285,177
2017-01-06,VNM,3,3,0,2.5,12
2017-01-07,AFG,11,11,0,2.636,24
2017-01-07,ARE,11,10,1,1.636,26
2017-01-07,AUS,2,1,1,-3.05,10
2017-01-07,BGD,8,4,4,-1.325,31
2017-01-07,BRA,13,7,6,-0.885,50
2017-01-07,CAN,7,6,1,1.757,60
2017-01-07,CHE,2,2,0,0.0,4
2017-01-07,CHL,2,0,2,-10.0,6
2017-01-07,CHN,15,13,2,1.873,54
2017-01-07,DEU,13,3,10,-3.738,74
2017-01-07,ESP,8,8,0,1.675,10
2017-01-07,ETH,2,2,0,4.0,2
2017-01-07,EUR,3,3,0,2.7,18
2017-01-07,FRA,20,20,0,4.05,60
2017-01-07,GBR,47,33,14,0.128,216
2017-01-07,IDN,1,0,1,-4.0,10
2017-01-07,IRL,5,4,1,0.88,14
2017-01-07,IRN,1,1,0,1.0,2
2017-01-07,ITA,7,2,5,-4.114,26
2017-01-07,JPN,3,1,2,0.667,16
2017-01-07,KEN,5,5,0,2.68,10
2017-01-07,LBN,1,0,1,-10.0,20
2017-01-07,LKA,40,30,10,0.423,402
2017-01-07,MDV,3,1,2,0.4,9
2017-01-07,MYS,2,0,2,-5.0,4
2017-01-07,NGA,2,0,2,-5.0,3
2017-01-07,NPL,3,2,1,-1.0,14
2017-01-07,PAK,63,36,27,-1.005,227
2017-01-07,PRT,100,100,0,3.224,447
2017-01-07,QAT,7,7,0,2.586,30
2017-01-07,RUS,11,11,0,2.418,46
2017-01-07,RWA,2,2,0,1.0,5
2017-01-07,SAU,12,8,4,2.45,31
2017-01-07,SSD,2,0,2,-4.0,4
2017-01-07,SYR,4,4,0,4.0,8
2017-01-07,THA,2,2,0,6.4,10
2017-01-07,TUR,2,0,2,-10.0,3
2017-01-07,USA,71,56,15,0.203,260
2017-01-08,AFG,4,4,0,3.4,12
2017-01-08,AFR,9,4,5,-2.844,66
2017-01-08,ARE,6,2,4,-2.267,18
2017-01-08,AUS,1,0,1,-6.5,4
2017-01-08,BGD,19,7,12,-4.695,104
2017-01-08,BHR,2,2,0,4.0,2
2017-01-08,BRA,3,3,0,1.567,16
2017-01-08,CHN,6,6,0,5.333,22
2017-01-08,DEU,2,0,2,-5.5,7
2017-01-08,FRA,33,33,0,3.188,163
2017-01-08,GBR,17,10,7,-0.829,51
2017-01-08,HTI,2,2,0,2.35,20
2017-01-08,IRL,1,1,0,0.0,4
2017-01-08,IRQ,3,3,0,9.0,8
2017-01-08,ISR,24,21,3,1.362,263
2017-01-08,ITA,1,0,1,-6.5,5
2017-01-08,JPN,6,6,0,4.3,36
2017-01-08,KEN,1,1,0,0.0,2
2017-01-08,KGZ,4,4,0,2.35,8
2017-01-08,KOR,2,1,1,-1.5,36
2017-01-08,KWT,1,1,0,0.0,8
2017-01-08,LKA,83,46,37,0.231,510
2017-01-08,MDV,1,0,1,-9.0,6
2017-01-08,MKD,4,4,0,2.35,4
2017-01-08,MLI,4,4,0,1.0,12
2017-01-08,MYS,2,0,2,-5.0,8
2017-01-08,NGA,10,0,10,-5.0,67
2017-01-08,NPL,6,6,0,2.35,32
2017-01-08,PAK,18,12,6,-0.283,67
2017-01-08,PRT,30,30,0,4.553,133
2017-01-08,QAT,1,1,0,3.2,2
2017-01-08,RUS,4,0,4,-6.5,5
2017-01-08,RWA,14,14,0,3.529,109
2017-01-08,SAS,2,2,0,3.0,6
2017-01-08,SRB,14,14,0,4.0,84
2017-01-08,SYR,8,8,0,3.587,28
2017-01-08,TUR,1,1,0,10.0,2
2017-01-08,USA,25,15,10,-1.356,126
2017-01-08,ZAF,3,0,3,-10.0,10
2017-01-09,AFG,12,10,2,0.517,40
2017-01-09,AFR,7,7,0,2.443,16
2017-01-09,ARE,6,3,3,-2.217,25
2017-01-09,ARG,1,1,0,4.0,12
2017-01-09,AUS,5,3,2,-2.0,44
2017-01-09,BGD,20,10,10,-0.41,86
2017-01-09,CAN,13,10,3,2.869,69
2017-01-09,CHE,2,2,0,1.0,6
2017-01-09,CHN,21,20,1,3.114,129
2017-01-09,CZE,1,1,0,6.0,12
2017-01-09,DEU,3,0,3,-7.667,22
2017-01-09,EGY,1,0,1,-5.0,5
2017-01-09,ETH,2,2,0,2.35,4
2017-01-09,FRA,30,30,0,3.793,76
2017-01-09,GBR,19,13,6,-0.2,45
2017-01-09,HTI,9,9,0,2.3,120
2017-01-09,IDN,2,2,0,2.35,12
2017-01-09,IRL,2,2,0,7.0,10
2017-01-09,IRN,4,3,1,2.95,7
2017-01-09,IRQ,3,2,1,-1.433,12
2017-01-09,ISR,17,15,2,2.112,197
2017-01-09,ITA,3,0,3,-4.0,9
2017-01-09,JOR,1,1,0,0.0,4
2017-01-09,JPN,25,22,3,3.656,96
2017-01-09,KEN,1,1,0,0.0,2
2017-01-09,KHM,7,7,0,3.1,134
2017-01-09,LAO,2,2,0,2.35,12
2017-01-09,LKA,20,15,5,2.82,54
2017-01-09,MDV,4,0,4,-2.5,15
2017-01-09,MMR,10,4,6,-1.3,38
2017-01-09,MYS,7,5,2,-0.043,26
2017-01-09,NGA,6,0,6,-5.0,12
2017-01-09,NPL,7,7,0,0.671,98
2017-01-09,PAK,45,26,19,0.207,345
2017-01-09,PHL,2,2,0,2.35,12
2017-01-09,POL,6,6,0,2.717,136
2017-01-09,PRT,13,13,0,4.185,25
2017-01-09,PRY,2,0,2,-2.0,3
2017-01-09,PSE,2,2,0,3.4,4
2017-01-09,QAT,4,0,4,-10.0,7
2017-01-09,RUS,26,20,6,0.662,100
2017-01-09,RWA,13,13,0,3.654,114
2017-01-09,SAS,4,3,1,-1.0,71
2017-01-09,SAU,1,0,1,-5.0,4
2017-01-09,SGP,2,2,0,4.0,20
2017-01-09,SRB,9,9,0,4.0,36
2017-01-09,SWE,2,2,0,4.0,2
2017-01-09,SYR,1,1,0,3.4,2
2017-01-09,THA,10,10,0,3.28,52
2017-01-09,TJK,1,1,0,4.0,3
2017-01-09,TWN,2,2,0,2.35,4
2017-01-09,USA,86,73,13,2.522,432
2017-01-09,VNM,13,13,0,3.854,36
2017-01-09,ZAF,3,2,1,-1.333,18
2017-01-10,AFG,4,2,2,-1.0,14
2017-01-10,AFR,4,4,0,2.35,12
2017-01-10,ARE,2,1,1,0.75,4
2017-01-10,AUS,5,5,0,2.68,48
2017-01-10,BGD,14,12,2,1.929,77
2017-01-10,CAN,12,10,2,0.733,107
2017-01-10,CHE,6,6,0,2.35,16
2017-01-10,CHN,51,41,10,1.149,232
2017-01-10,CUB,2,2,0,2.35,12
2017-01-10,DEU,2,2,0,4.0,12
2017-01-10,DNK,22,18,4,0.564,313
2017-01-10,ESP,3,1,2,-2.2,6
2017-01-10,EUR,1,1,0,3.0,5
2017-01-10,FRA,37,32,5,2.168,93
2017-01-10,GBR,53,47,6,3.483,673
2017-01-10,IRL,1,1,0,-2.0,1
2017-01-10,IRQ,3,2,1,-1.433,12
2017-01-10,ISR,14,14,0,0.0,33
2017-01-10,ITA,2,0,2,-5.0,6
2017-01-10,JPN,18,17,1,2.8,44
2017-01-10,KEN,17,17,0,2.676,72
2017-01-10,KHM,3,3,0,3.4,76
2017-01-10,LKA,18,11,7,1.056,95
2017-01-10,LVA,1,1,0,7.0,2
2017-01-10,MDV,4,3,1,2.25,26
2017-01-10,MYS,1,1,0,7.4,3
2017-01-10,NMR,1,1,0,3.0,3
2017-01-10,NPL,6,2,4,-5.75,8
2017-01-10,OMN,1,1,0,4.0,10
2017-01-10,PAK,37,17,20,-1.997,142
2017-01-10,POL,7,7,0,2.029,68
2017-01-10,PRT,9,8,1,0.378,108
2017-01-10,QAT,1,1,0,1.0,6
2017-01-10,RUS,23,23,0,2.852,84
2017-01-10,RWA,12,11,1,3.417,108
2017-01-10,SAS,2,1,1,-5.0,8
2017-01-10,SAU,5,5,0,2.26,192
2017-01-10,SGP,4,4,0,2.0,30
2017-01-10,SRB,7,7,0,1.343,14
2017-01-10,SUR,2,2,0,0.0,4
2017-01-10,SWE,4,4,0,2.35,8
2017-01-10,THA,1,1,0,0.4,9
2017-01-10,TWN,1,1,0,3.4,10
2017-01-10,USA,73,61,12,1.063,359
2017-01-10,VNM,9,9,0,3.533,44
2017-01-11,AFG,7,4,3,0.957,20
2017-01-11,AFR,6,4,2,-0.1,44
2017-01-11,ARE,7,7,0,2.286,30
2017-01-11,AUS,5,3,2,0.94,20
2017-01-11,BEL,8,5,3,-1.288,18
2017-01-11,BGD,11,5,6,-1.191,45
2017-01-11,BRA,1,0,1,-5.0,3
2017-01-11,CAF,1,1,0,3.0,8
2017-01-11,CAN,13,12,1,2.738,60
2017-01-11,CHN,32,19,13,1.172,203
2017-01-11,CZE,2,0,2,-5.0,4
2017-01-11,EGY,2,2,0,7.4,4
2017-01-11,EUR,1,1,0,3.0,5
2017-01-11,FRA,28,27,1,3.771,81
2017-01-11,GBR,38,33,5,1.963,91
2017-01-11,GUY,2,1,1,-1.0,4
2017-01-11,HKG,1,1,0,-2.0,6
2017-01-11,HTI,4,4,0,2.35,20
2017-01-11,IRN,3,1,2,-3.667,20
2017-01-11,ISR,7,7,0,2.629,28
2017-01-11,ITA,3,0,3,-5.0,10
2017-01-11,JOR,3,1,2,-6.0,9
2017-01-11,JPN,11,11,0,4.464,32
2017-01-11,KEN,41,41,0,2.449,167
2017-01-11,KHM,1,0,1,-5.0,2
2017-01-11,LBN,10,10,0,5.8,80
2017-01-11,LKA,14,14,0,3.843,89
2017-01-11,MDV,2,0,2,-2.0,2
2017-01-11,MEA,1,0,1,-10.0,3
2017-01-11,MMR,6,2,4,-1.55,23
2017-01-11,MUS,2,2,0,4.0,4
2017-01-11,MYS,18,13,5,-0.089,41
2017-01-11,NLD,3,2,1,-0.667,4
2017-01-11,NMR,1,1,0,3.0,3
2017-01-11,NPL,4,4,0,5.9,14
2017-01-11,OMN,1,1,0,4.0,10
2017-01-11,PAK,31,22,9,0.565,140
2017-01-11,PNG,2,0,2,-2.0,20
2017-01-11,POL,7,6,1,1.257,50
2017-01-11,PRT,8,6,2,0.137,44
2017-01-11,PSE,2,0,2,-6.5,4
2017-01-11,QAT,2,2,0,0.0,3
2017-01-11,RUS,18,16,2,2.05,42
2017-01-11,RWA,7,7,0,3.571,45
2017-01-11,SAU,14,14,0,5.614,94
2017-01-11,SEA,4,4,0,6.35,14
2017-01-11,SGP,6,6,0,2.9,14
2017-01-11,SRB,2,2,0,4.0,4
2017-01-11,SUR,3,2,1,-0.667,4
2017-01-11,SWE,3,3,0,1.0,24
2017-01-11,THA,2,2,0,0.0,18
2017-01-11,USA,72,48,24,0.442,367
2017-01-11,VNM,2,2,0,3.0,2
2017-01-12,AFG,5,3,2,-0.2,16
2017-01-12,AFR,6,5,1,1.65,11
2017-01-12,ARM,1,1,0,3.4,4
2017-01-12,AUS,7,4,3,-1.043,44
2017-01-12,BGD,23,21,2,2.765,175
2017-01-12,BTN,2,2,0,0.0,6
2017-01-12,CAN,19,16,3,0.768,86
2017-01-12,CHN,37,18,19,-0.405,333
2017-01-12,DNK,1,0,1,-4.0,1
2017-01-12,EGY,8,8,0,4.025,66
2017-01-12,EUR,5,5,0,5.76,11
2017-01-12,FRA,35,25,10,0.749,269
2017-01-12,GBR,54,50,4,2.765,291
2017-01-12,IRL,1,0,1,-2.0,2
2017-01-12,IRN,1,1,0,3.4,3
2017-01-12,ISR,2,0,2,-10.0,6
2017-01-12,ITA,1,1,0,3.4,4
2017-01-12,JAM,2,2,0,3.4,3
2017-01-12,JPN,12,12,0,3.383,70
2017-01-12,KEN,15,15,0,3.22,80
2017-01-12,LBN,2,2,0,8.0,20
2017-01-12,LKA,3,2,1,-0.1,32
2017-01-12,MEX,7,7,0,2.714,19
2017-01-12,MLI,4,4,0,3.0,10
2017-01-12,MMR,8,8,0,1.462,22
2017-01-12,MYS,3,3,0,3.0,18
2017-01-12,NGA,2,1,1,2.5,12
2017-01-12,NLD,5,5,0,3.8,48
2017-01-12,NPL,15,12,3,1.24,143
2017-01-12,NZL,4,4,0,4.0,24
2017-01-12,PAK,46,24,22,-1.152,105
2017-01-12,PER,1,1,0,3.0,4
2017-01-12,PNG,9,2,7,-3.111,43
2017-01-12,POL,3,3,0,5.333,28
2017-01-12,PRT,4,4,0,2.35,12
2017-01-12,QAT,3,3,0,0.9,30
2017-01-12,RUS,7,6,1,2.586,42
2017-01-12,RWA,4,4,0,7.75,25
2017-01-12,SAU,1,1,0,8.0,10
2017-01-12,SEA,2,1,1,-1.8,15
2017-01-12,SGP,8,7,1,3.85,42
2017-01-12,SWE,6,6,0,2.0,12
2017-01-12,THA,6,6,0,0.783,14
2017-01-12,TJK,1,1,0,0.0,6
2017-01-12,TWN,3,2,1,0.467,6
2017-01-12,USA,102,83,19,1.619,636
2017-01-12,VNM,6,6,0,1.0,29
2017-01-13,AFG,6,0,6,-5.667,39
2017-01-13,AFR,5,4,1,0.28,14
2017-01-13,ARE,8,8,0,4.25,38
2017-01-13,ARG,10,10,0,2.41,18
2017-01-13,AUS,7,5,2,0.157,22
2017-01-13,BGD,11,10,1,3.109,30
2017-01-13,CAN,17,9,8,0.259,59
2017-01-13,CHE,5,5,0,5.38,20
2017-01-13,CHN,60,45,15,1.313,265
2017-01-13,CUB,8,8,0,5.0,16
2017-01-13,DEU,3,3,0,1.667,75
2017-01-13,EGY,8,8,0,4.85,18
2017-01-13,EUR,1,1,0,6.4,18
2017-01-13,FJI,4,4,0,2.875,24
2017-01-13,FRA,11,8,3,0.527,40
2017-01-13,GBR,14,14,0,4.143,158
2017-01-13,GRC,2,2,0,2.35,6
2017-01-13,IRL,6,6,0,2.75,36
2017-01-13,IRN,5,2,3,-1.04,18
2017-01-13,ISR,10,9,1,3.1,28
2017-01-13,JPN,7,6,1,4.429,32
2017-01-13,KEN,3,3,0,7.0,20
2017-01-13,KWT,1,1,0,-2.0,5
2017-01-13,LKA,1,0,1,-5.0,6
2017-01-13,LUX,4,4,0,2.35,12
2017-01-13,MDV,1,0,1,-2.0,1
2017-01-13,MEX,3,3,0,2.5,12
2017-01-13,MLI,4,4,0,3.0,20
2017-01-13,MMR,2,0,2,-6.0,20
2017-01-13,MYS,4,4,0,2.35,12
2017-01-13,NMR,1,1,0,7.0,4
2017-01-13,NPL,7,3,4,-3.286,21
2017-01-13,NZL,2,0,2,-5.0,2
2017-01-13,OMN,1,1,0,7.4,2
2017-01-13,PAK,41,29,12,-0.685,162
2017-01-13,PNG,5,0,5,-3.2,25
2017-01-13,PRT,12,11,1,2.033,23
2017-01-13,RUS,7,7,0,1.971,41
2017-01-13,RWA,2,2,0,4.0,2
2017-01-13,SAS,4,0,4,-10.0,10
2017-01-13,SAU,11,11,0,7.364,22
2017-01-13,SDN,1,1,0,3.0,2
2017-01-13,SGP,3,3,0,2.2,8
2017-01-13,SRB,6,6,0,3.833,12
2017-01-13,SWE,3,3,0,2.9,6
2017-01-13,THA,10,10,0,3.54,40
2017-01-13,TUR,3,0,3,-5.0,24
2017-01-13,USA,87,66,21,1.163,363
2017-01-13,UZB,6,4,2,-0.1,16
2017-01-13,ZAF,1,0,1,-5.0,10
2017-01-14,AFG,3,3,0,2.5,16
2017-01-14,ALB,2,2,0,4.0,6
2017-01-14,AUS,2,2,0,2.35,6
2017-01-14,BEL,2,2,0,7.0,8
2017-01-14,BGD,9,9,0,3.633,34
2017-01-14,BOL,1,1,0,3.0,7
2017-01-14,BTN,3,3,0,7.333,18
2017-01-14,CAN,10,9,1,1.99,30
2017-01-14,CHE,4,4,0,3.175,9
2017-01-14,CHN,25,20,5,1.244,72
2017-01-14,DEU,7,7,0,5.8,26
2017-01-14,EUR,3,3,0,2.133,9
2017-01-14,FRA,16,10,6,-0.2,30
2017-01-14,GBR,25,24,1,2.192,111
2017-01-14,GHA,1,1,0,3.4,4
2017-01-14,ISR,9,9,0,2.567,56
2017-01-14,KEN,2,2,0,2.35,4
2017-01-14,KHM,6,6,0,2.8,26
2017-01-14,LBR,4,4,0,2.35,6
2017-01-14,LKA,3,3,0,7.0,24
2017-01-14,MDV,3,0,3,-2.0,8
2017-01-14,MEX,1,1,0,3.4,5
2017-01-14,MYS,2,2,0,2.35,12
2017-01-14,NPL,5,2,3,-5.2,19
2017-01-14,PAK,56,26,30,-0.73,202
2017-01-14,POL,4,4,0,2.575,32
2017-01-14,PRT,3,3,0,4.0,20
2017-01-14,RWA,3,3,0,4.0,4
2017-01-14,SAS,3,2,1,3.333,20
2017-01-14,SAU,1,1,0,5.0,2
2017-01-14,SDN,1,1,0,3.0,2
2017-01-14,SRB,2,2,0,4.0,8
2017-01-14,SWE,3,3,0,2.5,8
2017-01-14,THA,13,7,6,-2.985,64
2017-01-14,USA,65,51,14,0.915,350
2017-01-14,VNM,3,3,0,6.333,32
2017-01-15,AFG,5,2,3,-0.5,8
2017-01-15,ARE,3,3,0,2.7,34
2017-01-15,BGD,6,3,3,0.067,15
2017-01-15,BRA,2,2,0,6.0,10
2017-01-15,CAN,14,10,4,0.957,94
2017-01-15,CHE,3,3,0,2.0,30
2017-01-15,CHN,17,15,2,1.976,68
2017-01-15,EUR,11,8,3,1.927,21
2017-01-15,FRA,17,12,5,-0.929,75
2017-01-15,GBR,47,33,14,1.034,267
2017-01-15,IRN,2,2,0,1.0,2
2017-01-15,KEN,4,4,0,3.775,24
2017-01-15,KOR,1,1,0,7.0,2
2017-01-15,KWT,2,2,0,2.35,12
2017-01-15,LBN,2,2,0,2.35,2
2017-01-15,LKA,5,2,3,-2.06,30
2017-01-15,MDV,1,1,0,3.4,2
2017-01-15,MEX,4,4,0,3.4,10
2017-01-15,MMR,2,2,0,2.5,10
2017-01-15,MUS,1,1,0,8.0,6
2017-01-15,NPL,5,4,1,0.08,20
2017-01-15,PAK,24,16,8,-0.658,92
2017-01-15,RUS,1,1,0,3.4,4
2017-01-15,SAS,2,2,0,1.5,13
2017-01-15,SAU,1,0,1,-6.5,4
2017-01-15,SEA,2,2,0,0.4,6
2017-01-15,SWE,2,2,0,2.35,4
2017-01-15,SYC,2,2,0,8.0,6
2017-01-15,SYR,1,0,1,-2.0,2
2017-01-15,TWN,2,0,2,-2.0,4
2017-01-15,USA,60,47,13,0.905,327
2017-01-16,AFG,17,14,3,0.259,54
2017-01-16,ARE,5,5,0,1.88,17
2017-01-16,AUS,6,5,1,0.8,15
2017-01-16,BEL,4,4,0,3.4,30
2017-01-16,BGD,23,4,19,-5.543,179
2017-01-16,BHR,1,1,0,3.4,5
2017-01-16,CAN,7,0,7,-5.0,22
2017-01-16,CHE,6,6,0,2.55,18
2017-01-16,CHN,51,39,12,1.845,178
2017-01-16,CZE,10,10,0,2.35,10
2017-01-16,DEU,4,2,2,0.6,9
2017-01-16,EUR,3,1,2,-1.533,4
2017-01-16,FRA,6,6,0,8.0,20
2017-01-16,GBR,53,51,2,3.232,163
2017-01-16,GHA,1,0,1,-5.0,10
2017-01-16,IRN,6,6,0,2.35,12
2017-01-16,IRQ,1,1,0,3.0,6
2017-01-16,ISR,4,4,0,1.0,10
2017-01-16,JPN,4,3,1,0.85,20
2017-01-16,KEN,1,1,0,6.4,6
2017-01-16,KGZ,4,4,0,2.35,6
2017-01-16,KOR,2,2,0,3.4,42
2017-01-16,LKA,16,5,11,-2.6,104
2017-01-16,MEX,1,1,0,3.4,5
2017-01-16,NPL,12,10,2,1.267,109
2017-01-16,OMN,2,2,0,7.4,10
2017-01-16,PAK,35,26,9,0.82,118
2017-01-16,PHL,1,0,1,-9.5,2
2017-01-16,POL,1,0,1,-2.0,4
2017-01-16,PSE,13,13,0,3.538,40
2017-01-16,RUS,13,10,3,1.154,52
2017-01-16,SAS,3,3,0,1.0,10
2017-01-16,SAU,9,9,0,1.844,47
2017-01-16,SGP,3,1,2,-2.0,6
2017-01-16,TKM,4,4,0,2.35,6
2017-01-16,TTO,2,2,0,-0.4,2
2017-01-16,TUR,9,6,3,-1.4,19
2017-01-16,TZA,3,3,0,3.0,10
2017-01-16,USA,97,83,14,2.868,895
2017-01-17,ARE,19,14,5,1.753,80
2017-01-17,ARG,1,1,0,3.4,10
2017-01-17,AUS,6,6,0,3.25,20
2017-01-17,BEL,4,3,1,1.75,10
2017-01-17,BGD,12,8,4,2.167,41
2017-01-17,CAN,3,2,1,-2.0,47
2017-01-17,CHE,23,19,4,2.043,120
2017-01-17,CHN,94,59,35,0.213,399
2017-01-17,DEU,7,5,2,0.443,14
2017-01-17,DNK,2,2,0,6.0,12
2017-01-17,ECU,2,2,0,2.35,12
2017-01-17,EUR,3,3,0,2.5,8
2017-01-17,FRA,2,2,0,4.0,4
2017-01-17,GBR,38,26,12,-0.189,191
2017-01-17,IRN,8,8,0,2.35,32
2017-01-17,ISR,9,9,0,2.567,36
2017-01-17,ITA,2,0,2,-5.0,6
2017-01-17,KOR,4,4,0,2.875,22
2017-01-17,LKA,14,8,6,-0.971,58
2017-01-17,MAR,3,3,0,-2.0,4
2017-01-17,MEX,1,1,0,4.0,4
2017-01-17,MLI,6,6,0,3.0,20
2017-01-17,MMR,3,3,0,6.4,4
2017-01-17,NIC,4,4,0,1.0,4
2017-01-17,NPL,9,8,1,2.222,19
2017-01-17,NZL,3,3,0,-2.0,4
2017-01-17,PAK,103,82,21,0.974,391
2017-01-17,PHL,3,3,0,-2.0,4
2017-01-17,RUS,6,4,2,0.0,12
2017-01-17,RWA,2,2,0,4.0,2
2017-01-17,SAS,2,2,0,0.0,6
2017-01-17,SAU,14,11,3,3.857,84
2017-01-17,SEA,1,1,0,6.4,5
2017-01-17,SGP,3,3,0,3.0,4
2017-01-17,SRB,2,2,0,4.0,4
2017-01-17,THA,7,1,6,-3.514,23
2017-01-17,TUR,5,5,0,0.94,14
2017-01-17,USA,90,79,11,2.25,366
2017-01-17,VNM,3,0,3,-5.0,90
2017-01-17,YEM,2,0,2,-4.4,6
2017-01-18,AFG,4,4,0,2.35,8
2017-01-18,AFR,2,1,1,0.0,6
2017-01-18,ARE,9,7,2,4.622,26
2017-01-18,AUS,18,18,0,3.7,118
2017-01-18,BEL,1,1,0,3.0,6
2017-01-18,BGD,9,4,5,-1.667,32
2017-01-18,CAN,4,4,0,2.35,12
2017-01-18,CHE,13,13,0,3.208,111
2017-01-18,CHN,123,94,29,0.677,581
2017-01-18,DEU,4,4,0,0.0,12
2017-01-18,EGY,4,4,0,4.0,40
2017-01-18,ESP,1,1,0,3.0,12
2017-01-18,EUR,1,1,0,6.4,12
2017-01-18,FIN,2,2,0,0.0,5
2017-01-18,FRA,14,9,5,-0.229,58
2017-01-18,GBR,46,33,13,0.009,222
2017-01-18,HTI,4,4,0,2.35,20
2017-01-18,IDN,2,2,0,2.35,2
2017-01-18,IRQ,3,3,0,2.2,20
2017-01-18,ISR,8,4,4,-3.388,18
2017-01-18,ITA,2,1,1,-3.0,4
2017-01-18,JPN,22,18,4,2.127,216
2017-01-18,KEN,6,6,0,1.9,30
2017-01-18,KHM,2,1,1,0.0,4
2017-01-18,KOR,5,4,1,3.6,18
2017-01-18,LKA,15,12,3,-0.66,127
2017-01-18,MMR,7,4,3,1.771,122
2017-01-18,MYS,1,0,1,-9.0,6
2017-01-18,NPL,4,3,1,0.25,18
2017-01-18,OMN,2,0,2,-5.0,26
2017-01-18,PAK,71,52,19,0.659,220
2017-01-18,PNG,5,3,2,-0.1,50
2017-01-18,QAT,2,2,0,2.35,16
2017-01-18,RUS,15,15,0,4.867,67
2017-01-18,SAS,20,17,3,4.35,168
2017-01-18,SAU,13,13,0,2.677,72
2017-01-18,SEA,6,5,1,2.5,44
2017-01-18,SGP,2,2,0,2.35,4
2017-01-18,SRB,2,2,0,1.0,2
2017-01-18,THA,13,6,7,-3.985,37
2017-01-18,TUR,2,2,0,0.0,2
2017-01-18,USA,133,116,17,2.598,910
2017-01-18,VNM,3,2,1,-1.6,12
2017-01-18,YEM,2,2,0,1.35,14
2017-01-18,ZAF,2,2,0,1.9,15
2017-01-18,ZWE,4,4,0,2.575,16
2017-01-19,AFG,4,3,1,-0.5,10
2017-01-19,AFR,8,6,2,-0.663,26
2017-01-19,ARE,6,6,0,4.867,66
2017-01-19,AUS,20,14,6,-0.09,86
2017-01-19,BEL,1,1,0,1.0,1
2017-01-19,BGD,13,9,4,3.438,48
2017-01-19,BGR,2,2,0,0.0,2
2017-01-19,BRA,1,0,1,-6.5,4
2017-01-19,CAN,11,9,2,0.545,34
2017-01-19,CHE,11,10,1,1.8,48
2017-01-19,CHN,53,45,8,3.066,407
2017-01-19,COL,7,5,2,-0.829,20
2017-01-19,CRI,1,1,0,4.0,1
2017-01-19,CUB,2,2,0,2.35,2
2017-01-19,DNK,2,2,0,2.35,20
2017-01-19,EGY,4,3,1,-0.95,12
2017-01-19,ESP,2,2,0,2.35,2
2017-01-19,EUR,7,7,0,5.457,15
2017-01-19,FRA,11,9,2,1.182,38
2017-01-19,GBR,55,45,10,0.805,224
2017-01-19,GMB,1,1,0,0.0,8
2017-01-19,GRC,1,1,0,3.4,3
2017-01-19,IRQ,12,12,0,4.108,48
2017-01-19,ISR,2,2,0,2.35,24
2017-01-19,JPN,7,6,1,4.714,81
2017-01-19,LKA,9,6,3,0.467,44
2017-01-19,MDV,7,6,1,1.343,18
2017-01-19,MMR,12,6,6,-0.658,41
2017-01-19,MRT,2,2,0,-2.0,3
2017-01-19,MYS,2,0,2,-6.5,6
2017-01-19,NGA,6,5,1,2.467,24
2017-01-19,NLD,2,0,2,-6.5,6
2017-01-19,NPL,6,4,2,1.5,37
2017-01-19,NZL,2,0,2,-6.5,6
2017-01-19,OMN,3,3,0,3.133,20
2017-01-19,PAK,58,43,15,-0.431,171
2017-01-19,POL,1,0,1,-10.0,18
2017-01-19,RUS,7,7,0,3.143,27
2017-01-19,SAS,6,0,6,-10.0,80
2017-01-19,SAU,6,6,0,2.9,36
2017-01-19,SEA,13,11,2,1.546,39
2017-01-19,SGP,5,5,0,6.4,30
2017-01-19,THA,7,4,3,-0.043,38
2017-01-19,TUR,1,1,0,0.0,2
2017-01-19,UKR,2,0,2,-6.5,6
2017-01-19,USA,97,82,15,1.532,412
2017-01-19,UZB,3,1,2,-5.0,4
2017-01-19,ZAF,2,2,0,2.95,6
2017-01-20,AFG,7,0,7,-7.286,46
2017-01-20,AFR,1,0,1,-5.0,2
2017-01-20,ARE,11,8,3,1.918,41
2017-01-20,AUS,10,10,0,3.57,29
2017-01-20,BGD,18,10,8,-1.267,43
2017-01-20,BTN,1,0,1,-5.0,4
2017-01-20,CAN,6,6,0,6.217,18
2017-01-20,CHE,5,5,0,3.48,34
2017-01-20,CHL,4,4,0,2.35,4
2017-01-20,CHN,7,7,0,4.257,34
2017-01-20,CUB,1,1,0,6.4,31
2017-01-20,DEU,1,0,1,-2.0,10
2017-01-20,ESP,4,0,4,-2.0,31
2017-01-20,EUR,1,0,1,-2.0,5
2017-01-20,FRA,7,5,2,-0.543,22
2017-01-20,GBR,61,29,32,-3.095,208
2017-01-20,GMB,1,0,1,-4.0,4
2017-01-20,HTI,2,2,0,3.0,4
2017-01-20,IDN,6,6,0,1.883,9
2017-01-20,IRL,2,1,1,2.7,8
2017-01-20,IRQ,6,6,0,4.167,38
2017-01-20,ISR,4,4,0,2.35,6
2017-01-20,ITA,9,2,7,-4.233,36
2017-01-20,JOR,1,1,0,7.4,10
2017-01-20,JPN,28,24,4,2.536,129
2017-01-20,KHM,2,2,0,2.35,2
2017-01-20,LBY,3,0,3,-7.0,10
2017-01-20,LKA,1,1,0,4.0,2
2017-01-20,MMR,8,7,1,2.312,40
2017-01-20,MYS,5,3,2,0.04,11
2017-01-20,NLD,2,2,0,7.0,6
2017-01-20,NPL,8,2,6,-3.75,13
2017-01-20,OMN,6,3,3,-1.467,48
2017-01-20,PAK,43,26,17,-1.505,205
2017-01-20,RUS,15,14,1,3.62,76
2017-01-20,SAS,2,2,0,2.35,4
2017-01-20,SAU,3,2,1,-1.0,12
2017-01-20,SGP,5,5,0,4.68,35
2017-01-20,SYR,2,0,2,-7.0,10
2017-01-20,THA,2,2,0,2.35,2
2017-01-20,TWN,4,4,0,2.35,8
2017-01-20,USA,127,110,17,1.862,590
2017-01-20,VNM,6,6,0,2.5,10
2017-01-21,AFG,17,3,14,-5.588,60
2017-01-21,AFR,1,1,0,3.4,4
2017-01-21,ARE,7,5,2,3.286,29
2017-01-21,AUS,4,0,4,-3.5,8
2017-01-21,BGD,13,8,5,0.623,59
2017-01-21,BHR,2,1,1,-1.55,8
2017-01-21,CAN,10,8,2,1.65,56
2017-01-21,CHE,4,4,0,3.5,14
2017-01-21,CHL,2,0,2,-2.0,4
2017-01-21,CHN,19,13,6,1.116,85
2017-01-21,CUB,1,1,0,6.4,19
2017-01-21,ECU,2,2,0,2.35,12
2017-01-21,EGY,2,1,1,-0.8,10
2017-01-21,ETH,9,9,0,3.1,22
2017-01-21,EUR,2,2,0,2.35,6
2017-01-21,FRA,6,6,0,2.35,14
2017-01-21,GBR,21,13,8,-0.914,100
2017-01-21,IDN,5,5,0,2.86,23
2017-01-21,ISR,5,5,0,1.1,18
2017-01-21,ITA,7,0,7,-6.143,35
2017-01-21,JPN,13,13,0,4.092,29
2017-01-21,KOR,3,3,0,7.667,453
2017-01-21,KWT,1,0,1,-2.0,2
2017-01-21,LKA,4,4,0,2.35,24
2017-01-21,MYS,2,2,0,3.0,2
2017-01-21,NLD,2,2,0,0.0,4
2017-01-21,NPL,6,5,1,4.25,18
2017-01-21,OMN,1,1,0,3.4,5
2017-01-21,PAK,88,59,29,0.597,427
2017-01-21,POL,7,7,0,4.857,17
2017-01-21,PRY,2,2,0,6.0,10
2017-01-21,RUS,4,4,0,3.475,50
2017-01-21,SAS,1,0,1,-10.0,2
2017-01-21,SAU,6,4,2,1.0,68
2017-01-21,TGO,1,1,0,7.0,1
2017-01-21,THA,6,6,0,2.35,8
2017-01-21,USA,56,41,15,0.62,861
2017-01-21,VNM,14,6,8,-0.379,56
2017-01-22,AFG,3,1,2,-0.867,6
2017-01-22,AFR,4,4,0,4.675,32
2017-01-22,ARE,21,21,0,2.505,90
2017-01-22,AUS,3,1,2,-0.867,6
2017-01-22,BGD,24,15,9,0.192,58
2017-01-22,BHR,4,3,1,0.925,7
2017-01-22,BRA,2,2,0,5.4,8
2017-01-22,CHE,6,6,0,4.0,12
2017-01-22,CHN,22,18,4,2.009,110
2017-01-22,DEU,4,2,2,-1.55,6
2017-01-22,EGY,6,6,0,0.0,28
2017-01-22,ESP,7,5,2,-3.286,27
2017-01-22,ETH,3,3,0,3.4,6
2017-01-22,EUR,2,2,0,0.0,4
2017-01-22,FRA,6,4,2,0.967,11
2017-01-22,GBR,15,14,1,2.433,38
2017-01-22,GRC,1,1,0,7.4,2
2017-01-22,HTI,1,1,0,7.4,2
2017-01-22,IRL,1,1,0,7.4,2
2017-01-22,IRN,1,1,0,7.4,2
2017-01-22,ISR,1,1,0,7.4,2
2017-01-22,JPN,2,2,0,3.0,10
2017-01-22,KHM,1,0,1,-9.0,2
2017-01-22,KOR,1,1,0,7.0,3
2017-01-22,KWT,1,1,0,0.4,2
2017-01-22,LBN,1,0,1,-9.5,2
2017-01-22,LKA,5,5,0,2.48,22
2017-01-22,MMR,1,0,1,-5.0,3
2017-01-22,NGA,3,1,2,-0.867,5
2017-01-22,NPL,5,1,4,-3.86,24
2017-01-22,OMN,2,0,2,-9.5,16
2017-01-22,PAK,50,32,18,-1.054,255
2017-01-22,PRT,6,6,0,4.0,12
2017-01-22,QAT,6,6,0,2.35,12
2017-01-22,RUS,16,16,0,1.0,521
2017-01-22,SAS,3,0,3,-4.0,3
2017-01-22,SAU,10,5,5,-1.09,29
2017-01-22,SEA,4,0,4,-5.0,9
2017-01-22,TWN,1,1,0,7.4,2
2017-01-22,USA,61,41,20,-0.082,347
2017-01-23,AFG,6,4,2,-0.667,14
2017-01-23,AFR,3,3,0,3.233,24
2017-01-23,ARE,19,15,4,1.153,63
2017-01-23,AUS,5,2,3,-4.64,5
2017-01-23,BGD,14,12,2,3.486,53
2017-01-23,CAN,3,0,3,-3.5,13
2017-01-23,CHE,8,8,0,2.587,43
2017-01-23,CHN,20,18,2,3.31,100
2017-01-23,COG,1,0,1,-5.0,6
2017-01-23,DEU,6,6,0,1.767,23
2017-01-23,EGY,5,5,0,1.48,18
2017-01-23,FIN,8,4,4,-1.038,16
2017-01-23,FRA,2,2,0,2.35,12
2017-01-23,GBR,30,26,4,2.637,210
2017-01-23,IDN,11,8,3,1.673,44
2017-01-23,IRN,11,8,3,-1.018,19
2017-01-23,ISR,2,2,0,3.5,6
2017-01-23,JPN,8,7,1,3.7,21
2017-01-23,KHM,2,1,1,-2.5,4
2017-01-23,KOR,1,1,0,0.0,4
2017-01-23,LBN,8,8,0,0.35,58
2017-01-23,LKA,8,4,4,-1.7,20
2017-01-23,MMR,2,1,1,-0.75,6
2017-01-23,MUS,1,1,0,3.4,4
2017-01-23,MYS,2,2,0,3.4,3
2017-01-23,NGA,7,7,0,2.029,70
2017-01-23,NPL,11,11,0,-0.818,40
2017-01-23,OMN,1,1,0,0.0,2
2017-01-23,PAK,48,36,12,1.21,210
2017-01-23,PNG,6,3,3,-1.25,6
2017-01-23,POL,1,0,1,-2.0,10
2017-01-23,PRT,5,5,0,3.22,15
2017-01-23,QAT,4,4,0,4.175,32
2017-01-23,RUS,5,4,1,0.66,16
2017-01-23,SAS,11,11,0,0.855,54
2017-01-23,SAU,9,9,0,2.1,28
2017-01-23,SGP,5,5,0,3.08,13
2017-01-23,TWN,2,2,0,0.0,4
2017-01-23,USA,65,38,27,-0.443,218
2017-01-23,ZWE,2,2,0,6.1,8
2017-01-24,AFG,8,7,1,2.675,23
2017-01-24,ARE,109,109,0,3.293,495
2017-01-24,AUS,9,7,2,3.711,24
2017-01-24,BEL,2,2,0,2.35,6
2017-01-24,BGD,23,20,3,3.078,81
2017-01-24,BOL,2,2,0,2.35,12
2017-01-24,BRA,3,2,1,0.9,30
2017-01-24,CAN,1,1,0,0.0,1
2017-01-24,CHE,6,3,3,-2.167,10
2017-01-24,CHN,35,32,3,2.031,132
2017-01-24,EGY,3,3,0,6.0,3
2017-01-24,ETH,2,2,0,3.4,6
2017-01-24,FRA,1,0,1,-2.0,4
2017-01-24,GBR,21,17,4,0.914,93
2017-01-24,GRC,5,5,0,6.2,13
2017-01-24,IDN,7,7,0,3.4,20
2017-01-24,IRN,6,6,0,2.35,14
2017-01-24,IRQ,2,2,0,3.4,8
2017-01-24,ISR,2,2,0,3.5,12
2017-01-24,ITA,1,0,1,-5.0,6
2017-01-24,JPN,27,22,5,2.73,139
2017-01-24,KHM,6,6,0,2.35,20
2017-01-24,LBN,1,0,1,-2.0,1
2017-01-24,LKA,4,2,2,-1.0,39
2017-01-24,MDV,2,2,0,1.9,8
2017-01-24,MUS,5,5,0,1.48,30
2017-01-24,MYS,2,1,1,0.5,3
2017-01-24,NLD,3,3,0,0.0,12
2017-01-24,NPL,2,0,2,-7.5,9
2017-01-24,OMN,4,4,0,5.175,20
2017-01-24,PAK,39,23,16,-0.777,228
2017-01-24,QAT,2,2,0,8.0,10
2017-01-24,RUS,5,5,0,-1.04,16
2017-01-24,SAS,10,7,3,-1.75,54
2017-01-24,SAU,11,11,0,2.855,74
2017-01-24,SGP,13,11,2,1.185,44
2017-01-24,SWE,1,0,1,-2.0,12
2017-01-24,TZA,4,4,0,1.0,20
2017-01-24,UKR,8,4,4,1.5,24
2017-01-24,USA,105,92,13,1.746,393
2017-01-24,YEM,4,4,0,7.4,11
2017-01-24,ZWE,2,2,0,2.35,12
2017-01-25,AFG,9,8,1,1.833,31
2017-01-25,ARE,146,146,0,4.329,1276
2017-01-25,ASA,2,2,0,7.4,3
2017-01-25,AUS,28,28,0,3.414,129
2017-01-25,BEL,2,2,0,1.0,16
2017-01-25,BGD,9,2,7,-5.056,141
2017-01-25,BRA,6,6,0,3.783,42
2017-01-25,BTN,2,2,0,7.0,2
2017-01-25,CAF,1,0,1,-2.0,6
2017-01-25,CAN,4,4,0,2.35,6
2017-01-25,CHN,16,9,7,-1.025,54
2017-01-25,CZE,1,1,0,0.0,3
2017-01-25,DEU,2,2,0,4.0,2
2017-01-25,DNK,1,1,0,3.4,20
2017-01-25,ESP,7,7,0,1.343,8
2017-01-25,EUR,10,10,0,1.71,27
2017-01-25,FJI,2,2,0,8.0,4
2017-01-25,FRA,7,6,1,2.271,58
2017-01-25,GBR,23,19,4,1.596,63
2017-01-25,IDN,2,2,0,2.35,2
2017-01-25,IRL,1,0,1,-2.0,10
2017-01-25,IRN,15,15,0,4.867,44
2017-01-25,IRQ,1,1,0,4.0,2
2017-01-25,ISR,5,5,0,0.8,7
2017-01-25,ITA,3,2,1,0.9,20
2017-01-25,JOR,1,1,0,3.4,12
2017-01-25,JPN,5,1,4,-2.0,21
2017-01-25,KOR,2,2,0,2.35,4
2017-01-25,LBN,1,0,1,-5.0,6
2017-01-25,LKA,3,0,3,-4.0,12
2017-01-25,MEX,4,4,0,0.7,4
2017-01-25,MMR,1,0,1,-10.0,8
2017-01-25,NGA,1,0,1,-5.0,12
2017-01-25,NPL,4,4,0,2.675,6
2017-01-25,OMN,3,3,0,6.467,25
2017-01-25,PAK,57,29,28,-0.898,521
2017-01-25,POL,4,4,0,2.35,20
2017-01-25,PRK,2,0,2,-2.0,6
2017-01-25,PSE,1,1,0,-0.1,4
2017-01-25,QAT,2,2,0,8.0,15
2017-01-25,RUS,30,30,0,3.26,187
2017-01-25,SAS,10,8,2,1.05,45
2017-01-25,SAU,18,18,0,2.578,127
2017-01-25,SEA,4,3,1,-0.875,14
2017-01-25,SGP,3,1,2,-0.867,8
2017-01-25,SOM,2,2,0,4.0,3
2017-01-25,SWE,1,1,0,3.0,2
2017-01-25,SYR,1,0,1,-2.0,6
2017-01-25,TCD,1,0,1,-2.0,6
2017-01-25,THA,12,6,6,-1.325,66
2017-01-25,TZA,1,1,0,4.0,4
2017-01-25,UKR,4,4,0,7.0,24
2017-01-25,USA,118,101,17,1.764,511
2017-01-25,VNM,7,5,2,3.0,17
2017-01-25,ZWE,3,2,1,0.9,12
2017-01-26,ARE,172,168,4,3.326,2789
2017-01-26,ARG,6,6,0,0.0,12
2017-01-26,AUS,10,10,0,5.4,84
2017-01-26,AUT,5,2,3,-0.26,11
2017-01-26,BGD,6,5,1,1.867,35
2017-01-26,BHR,8,8,0,5.312,24
2017-01-26,BLR,3,3,0,2.267,4
2017-01-26,BRN,1,1,0,1.0,6
2017-01-26,CAN,13,8,5,-0.323,54
2017-01-26,CHN,17,16,1,3.282,71
2017-01-26,DEU,4,4,0,1.0,36
2017-01-26,EUR,10,3,7,-0.93,44
2017-01-26,FIN,1,1,0,7.4,6
2017-01-26,FRA,6,4,2,-0.667,58
2017-01-26,GBR,63,57,6,1.859,216
2017-01-26,IRL,1,1,0,0.4,1
2017-01-26,IRN,4,2,2,-2.5,16
2017-01-26,IRQ,1,1,0,7.4,6
2017-01-26,ISR,6,6,0,2.183,32
2017-01-26,ITA,1,0,1,-10.0,4
2017-01-26,JOR,4,4,0,2.35,6
2017-01-26,JPN,2,2,0,5.2,10
2017-01-26,KWT,8,8,0,4.95,12
2017-01-26,LBN,1,1,0,3.0,5
2017-01-26,LKA,4,2,2,-0.8,17
2017-01-26,MEA,2,0,2,-9.2,33
2017-01-26,MMR,2,0,2,-9.5,30
2017-01-26,MYS,2,2,0,3.4,10
2017-01-26,NPL,9,5,4,-1.033,24
2017-01-26,NZL,4,4,0,3.5,4
2017-01-26,PAK,51,28,23,-1.988,440
2017-01-26,PRK,2,2,0,1.7,16
2017-01-26,PRT,1,1,0,3.4,3
2017-01-26,QAT,4,4,0,2.575,12
2017-01-26,RUS,83,64,19,1.43,274
2017-01-26,SAS,18,18,0,3.289,79
2017-01-26,SAU,4,4,0,2.575,20
2017-01-26,SOM,2,2,0,2.35,8
2017-01-26,SYC,8,8,0,2.237,18
2017-01-26,SYR,2,2,0,3.5,3
2017-01-26,THA,10,9,1,0.7,106
2017-01-26,TUR,1,0,1,-10.0,2
2017-01-26,TZA,4,4,0,2.35,12
2017-01-26,UKR,9,9,0,4.233,32
2017-01-26,USA,66,53,13,1.411,411
2017-01-27,AFG,5,4,1,1.48,18
2017-01-27,ARE,44,43,1,4.602,195
2017-01-27,AUS,14,12,2,2.907,74
2017-01-27,BEL,1,1,0,-2.0,20
2017-01-27,BGD,8,4,4,-1.25,21
2017-01-27,BLR,2,2,0,2.35,20
2017-01-27,BRA,7,6,1,1.071,18
2017-01-27,BTN,3,3,0,2.667,26
2017-01-27,CHE,4,3,1,2.525,32
2017-01-27,CHN,15,13,2,0.813,52
2017-01-27,ESP,2,1,1,-2.5,4
2017-01-27,FRA,7,6,1,1.414,14
2017-01-27,GBR,37,24,13,-1.384,111
2017-01-27,GMB,1,1,0,3.4,1
2017-01-27,IRL,3,1,2,-0.333,14
2017-01-27,IRQ,3,1,2,-3.0,14
2017-01-27,ISR,4,4,0,3.2,10
2017-01-27,LBN,2,2,0,3.2,5
2017-01-27,LKA,3,3,0,4.4,24
2017-01-27,MDV,2,2,0,2.35,12
2017-01-27,MEA,1,0,1,-7.2,6
2017-01-27,MEX,2,2,0,3.0,5
2017-01-27,MMR,1,1,0,0.0,6
2017-01-27,MYS,3,0,3,-6.667,9
2017-01-27,NPL,20,12,8,-0.19,60
2017-01-27,OMN,1,0,1,-9.0,10
2017-01-27,PAK,39,27,12,0.536,302
2017-01-27,PHL,4,4,0,2.35,4
2017-01-27,QAT,7,7,0,2.286,36
2017-01-27,RUS,29,15,14,-1.376,93
2017-01-27,SAS,3,3,0,0.0,8
2017-01-27,SAU,6,3,3,-0.5,34
2017-01-27,SEA,1,0,1,-10.0,10
2017-01-27,SGP,3,1,2,-3.333,8
2017-01-27,SVK,5,5,0,3.4,36
2017-01-27,SWE,2,2,0,0.0,20
2017-01-27,SYR,6,6,0,7.0,30
2017-01-27,TCD,1,0,1,-10.0,8
2017-01-27,UKR,4,4,0,4.0,48
2017-01-27,USA,71,52,19,1.628,304
2017-01-27,YEM,1,1,0,3.0,4
2017-01-28,AFG,3,2,1,0.1,6
2017-01-28,AFR,1,0,1,-5.0,2
2017-01-28,ARE,16,16,0,4.431,28
2017-01-28,AUS,20,12,8,-0.34,115
2017-01-28,BGD,19,19,0,3.474,70
2017-01-28,BRA,5,4,1,-0.46,14
2017-01-28,CAN,3,2,1,-0.333,14
2017-01-28,CHE,2,2,0,1.0,20
2017-01-28,CHN,74,64,10,1.674,509
2017-01-28,DEU,13,5,8,-1.446,72
2017-01-28,EUR,6,6,0,2.317,15
2017-01-28,FRA,3,1,2,-1.0,10
2017-01-28,GBR,34,32,2,1.406,151
2017-01-28,IRL,2,0,2,-9.0,6
2017-01-28,IRQ,3,2,1,1.6,50
2017-01-28,ISR,1,1,0,5.0,5
2017-01-28,ITA,2,2,0,1.0,8
2017-01-28,JPN,8,8,0,2.3,70
2017-01-28,LKA,6,5,1,1.533,24
2017-01-28,MEA,2,0,2,-7.2,6
2017-01-28,MMR,4,1,3,-7.5,32
2017-01-28,NLD,11,11,0,1.982,22
2017-01-28,NOR,1,0,1,-10.0,4
2017-01-28,NPL,6,4,2,-0.883,10
2017-01-28,OMN,1,0,1,-9.5,8
2017-01-28,PAK,68,22,46,-2.656,452
2017-01-28,RUS,7,4,3,-1.057,11
2017-01-28,SAU,5,3,2,-0.06,14
2017-01-28,SEA,3,3,0,2.733,26
2017-01-28,SGP,10,10,0,4.24,94
2017-01-28,SUR,6,6,0,2.35,44
2017-01-28,THA,4,0,4,-5.0,40
2017-01-28,USA,90,65,25,1.978,439
2017-01-28,ZAF,5,4,1,2.2,32
2017-01-29,AFR,2,1,1,-2.75,5
2017-01-29,ARE,15,15,0,1.96,192
2017-01-29,AUS,12,6,6,-2.8,44
2017-01-29,BGD,11,9,2,0.491,39
2017-01-29,CAN,1,1,0,0.0,2
2017-01-29,CHN,26,22,4,0.812,163
2017-01-29,COL,1,1,0,0.0,4
2017-01-29,CUB,2,2,0,3.4,5
2017-01-29,DEU,1,0,1,-5.0,6
2017-01-29,EUR,1,1,0,3.0,20
2017-01-29,FRA,6,1,5,-8.017,10
2017-01-29,GBR,6,6,0,2.4,18
2017-01-29,IRN,4,4,0,2.925,8
2017-01-29,ISR,15,15,0,4.107,51
2017-01-29,JPN,7,7,0,3.614,42
2017-01-29,LKA,2,2,0,2.35,12
2017-01-29,NGA,4,0,4,-5.0,12
2017-01-29,NLD,3,2,1,0.6,12
2017-01-29,NPL,3,3,0,5.0,13
2017-01-29,OMN,1,0,1,-9.5,8
2017-01-29,PAK,48,26,22,-0.565,726
2017-01-29,PRT,5,5,0,1.34,40
2017-01-29,SAS,12,3,9,-5.583,49
2017-01-29,SAU,4,2,2,0.5,6
2017-01-29,SEA,7,7,0,1.686,23
2017-01-29,THA,3,2,1,0.333,9
2017-01-29,USA,106,82,24,1.102,572
2017-01-29,VNM,1,1,0,0.0,1
2017-01-29,YEM,4,4,0,3.025,16
2017-01-29,ZAF,1,0,1,-9.5,4
2017-01-30,AFG,4,2,2,0.25,10
2017-01-30,AFR,2,2,0,2.35,12
2017-01-30,ARE,9,8,1,2.356,45
2017-01-30,AUS,10,8,2,2.5,24
2017-01-30,BEL,2,2,0,4.0,4
2017-01-30,BGD,15,14,1,1.073,45
2017-01-30,CAN,22,15,7,-0.7,57
2017-01-30,CHN,12,12,0,2.625,118
2017-01-30,EUR,3,3,0,2.5,8
2017-01-30,FRA,5,4,1,1.52,72
2017-01-30,GBR,46,44,2,2.02,309
2017-01-30,IDN,2,2,0,0.0,4
2017-01-30,ITA,6,2,4,-4.167,20
2017-01-30,JPN,6,3,3,-2.167,34
2017-01-30,LKA,17,14,3,0.812,86
2017-01-30,MMR,8,6,2,-0.25,199
2017-01-30,MNG,3,3,0,2.9,30
2017-01-30,MYS,5,0,5,-5.0,7
2017-01-30,NGA,3,2,1,0.9,12
2017-01-30,NLD,1,0,1,-9.0,3
2017-01-30,NPL,10,6,4,-0.61,25
2017-01-30,NZL,2,2,0,1.0,12
2017-01-30,PAK,105,51,54,-0.655,625
2017-01-30,PHL,2,2,0,0.0,6
2017-01-30,PSE,8,8,0,4.0,16
2017-01-30,QAT,1,1,0,3.0,4
2017-01-30,RUS,16,16,0,4.594,100
2017-01-30,SAS,18,14,4,-0.889,257
2017-01-30,SAU,1,1,0,-0.4,2
2017-01-30,SEA,5,3,2,-3.2,8
2017-01-30,THA,11,7,4,-0.182,40
2017-01-30,TZA,4,4,0,2.35,12
2017-01-30,USA,63,41,22,-0.425,244
2017-01-30,YEM,5,5,0,0.6,16
2017-01-30,ZAF,2,2,0,5.0,6
2017-01-31,AFG,4,0,4,-6.0,8
2017-01-31,ARE,8,2,6,-3.438,56
2017-01-31,AUS,4,2,2,-2.75,16
2017-01-31,BGD,32,26,6,1.834,149
2017-01-31,BTN,6,6,0,3.7,16
2017-01-31,CAN,5,5,0,1.0,43
2017-01-31,CHN,13,7,6,-1.508,58
2017-01-31,CRI,3,3,0,2.2,24
2017-01-31,DEU,6,6,0,1.567,10
2017-01-31,ECU,1,0,1,-4.0,16
2017-01-31,FRA,5,1,4,-0.8,18
2017-01-31,GBR,24,11,13,-0.379,144
2017-01-31,IDN,1,0,1,-2.0,4
2017-01-31,IRQ,5,0,5,-6.3,20
2017-01-31,ITA,10,2,8,-4.3,82
2017-01-31,JPN,5,5,0,2.44,8
2017-01-31,LKA,3,2,1,0.9,56
2017-01-31,MDV,2,2,0,3.4,6
2017-01-31,MMR,7,5,2,2.143,54
2017-01-31,MYS,11,11,0,3.727,30
2017-01-31,NPL,2,2,0,6.5,26
2017-01-31,OMN,3,2,1,-1.767,15
2017-01-31,PAK,215,79,136,-2.65,1059
2017-01-31,QAT,2,2,0,2.35,10
2017-01-31,RUS,7,7,0,7.429,64
2017-01-31,SAS,32,14,18,-2.712,133
2017-01-31,SAU,8,0,8,-6.875,37
2017-01-31,SDN,7,0,7,-9.929,31
2017-01-31,SEA,1,0,1,-9.0,4
2017-01-31,THA,5,2,3,-2.0,16
2017-01-31,TWN,3,3,0,8.0,12
2017-01-31,USA,77,53,24,0.558,321
2017-01-31,VNM,1,1,0,3.4,8
2017-01-31,YEM,2,0,2,-10.0,4
2017-02-01,AFG,8,4,4,-3.0,47
2017-02-01,AFR,1,0,1,-5.0,1
2017-02-01,ARE,4,2,2,-1.925,14
2017-02-01,BGD,5,5,0,2.26,24
2017-02-01,BTN,16,16,0,2.463,45
2017-02-01,CAN,1,1,0,0.4,6
2017-02-01,CHN,35,28,7,0.503,86
2017-02-01,EUR,3,3,0,3.4,5
2017-02-01,FIN,4,4,0,6.5,14
2017-02-01,FRA,2,0,2,-5.5,3
2017-02-01,GBR,4,4,0,4.45,9
2017-02-01,GRC,5,5,0,2.56,10
2017-02-01,IRL,4,2,2,0.175,6
2017-02-01,IRN,1,1,0,7.0,11
2017-02-01,IRQ,9,7,2,2.633,36
2017-02-01,ISR,56,56,0,2.35,350
2017-02-01,ITA,1,0,1,-5.0,6
2017-02-01,KEN,2,2,0,5.0,2
2017-02-01,LBN,1,0,1,-5.0,6
2017-02-01,LKA,8,7,1,0.675,55
2017-02-01,MDV,1,0,1,-2.0,2
2017-02-01,MMR,3,2,1,1.333,16
2017-02-01,NPL,7,6,1,2.814,15
2017-02-01,NZL,3,3,0,2.5,24
2017-02-01,PAK,70,20,50,-2.24,236
2017-02-01,PRT,4,4,0,2.35,12
2017-02-01,RUS,32,32,0,4.25,150
2017-02-01,SAS,10,6,4,-2.26,45
2017-02-01,SAU,4,1,3,-6.275,42
2017-02-01,SEA,5,1,4,-7.4,40
2017-02-01,SGP,4,4,0,2.35,8
2017-02-01,SWE,2,2,0,6.0,6
2017-02-01,TGO,9,4,5,0.333,51
2017-02-01,THA,1,1,0,1.0,2
2017-02-01,USA,58,36,22,-0.543,206
2017-02-01,ZAF,1,1,0,3.4,12
2017-02-02,AFG,2,1,1,-4.6,3
2017-02-02,AFR,8,6,2,1.275,34
2017-02-02,ARE,30,28,2,2.483,107
2017-02-02,AUS,3,3,0,4.467,8
2017-02-02,BGD,14,11,3,-0.8,53
2017-02-02,CAN,2,2,0,7.0,12
2017-02-02,CHN,15,3,12,-5.067,50
2017-02-02,FRA,6,4,2,-1.083,10
2017-02-02,GBR,11,11,0,2.327,60
2017-02-02,HUN,3,3,0,2.2,12
2017-02-02,IRL,2,2,0,2.35,30
2017-02-02,IRN,2,2,0,-0.4,10
2017-02-02,IRQ,1,0,1,-5.0,1
2017-02-02,ISR,12,12,0,2.35,16
2017-02-02,ITA,13,13,0,3.031,46
2017-02-02,JPN,7,7,0,5.971,39
2017-02-02,KEN,2,0,2,-5.0,10
2017-02-02,KOR,1,1,0,-2.0,3
2017-02-02,KWT,2,2,0,0.0,20
2017-02-02,LKA,10,4,6,-2.33,295
2017-02-02,MDV,1,0,1,-2.0,1
2017-02-02,MEX,1,1,0,3.4,12
2017-02-02,MMR,3,1,2,-6.667,8
2017-02-02,MYS,5,1,4,-1.4,8
2017-02-02,NGA,4,0,4,-3.5,4
2017-02-02,NLD,7,7,0,8.0,56
2017-02-02,NPL,3,3,0,1.567,8
2017-02-02,PAK,122,49,73,-1.678,634
2017-02-02,PHL,2,0,2,-10.0,12
2017-02-02,PRK,2,0,2,-2.0,6
2017-02-02,RUS,31,28,3,2.232,120
2017-02-02,SAS,26,12,14,-1.8,81
2017-02-02,SAU,2,0,2,-7.5,9
2017-02-02,SEA,2,0,2,-3.5,20
2017-02-02,TGO,11,4,7,-0.636,166
2017-02-02,TUR,3,3,0,1.0,12
2017-02-02,TWN,3,0,3,-2.0,8
2017-02-02,UGA,5,0,5,-10.0,12
2017-02-02,USA,73,51,22,0.537,810
2017-02-03,AFG,3,0,3,-9.0,8
2017-02-03,ARE,20,20,0,2.275,114
2017-02-03,AUS,5,3,2,0.6,12
2017-02-03,BGD,11,9,2,2.4,112
2017-02-03,BTN,2,2,0,7.0,4
2017-02-03,CAN,5,5,0,1.88,14
2017-02-03,CHE,1,0,1,-4.4,12
2017-02-03,CHN,21,14,7,0.552,171
2017-02-03,DEU,8,5,3,-2.562,16
2017-02-03,ESP,3,3,0,6.5,17
2017-02-03,FRA,2,2,0,0.4,9
2017-02-03,GBR,13,9,4,-0.308,30
2017-02-03,IRN,10,3,7,-1.76,64
2017-02-03,IRQ,2,2,0,3.5,13
2017-02-03,ISR,8,7,1,2.425,28
2017-02-03,ITA,5,4,1,-0.68,15
2017-02-03,JPN,3,2,1,0.933,11
2017-02-03,KOR,2,2,0,-2.0,7
2017-02-03,LBN,2,0,2,-5.0,3
2017-02-03,LKA,21,15,6,1.352,112
2017-02-03,MCO,3,3,0,2.7,18
2017-02-03,MDV,2,1,1,0.5,16
2017-02-03,MMR,2,0,2,-10.0,4
2017-02-03,MYS,3,1,2,-1.333,16
2017-02-03,NGA,1,0,1,-5.0,4
2017-02-03,NLD,1,1,0,7.0,1
2017-02-03,NPL,10,10,0,2.18,35
2017-02-03,NZL,5,5,0,2.26,16
2017-02-03,PAK,67,38,29,-0.722,258
2017-02-03,QAT,1,0,1,-9.0,10
2017-02-03,RUS,10,8,2,1.48,46
2017-02-03,RWA,1,1,0,4.0,6
2017-02-03,SAS,18,1,17,-4.0,64
2017-02-03,SAU,5,5,0,5.2,25
2017-02-03,SEA,5,2,3,-3.24,24
2017-02-03,SGP,1,0,1,-9.5,2
2017-02-03,TWN,1,1,0,0.0,3
2017-02-03,UGA,4,1,3,-8.0,31
2017-02-03,UKR,3,2,1,-0.667,9
2017-02-03,USA,98,80,18,1.038,521
2017-02-03,VNM,2,2,0,7.0,8
2017-02-03,YEM,1,0,1,-10.0,10
2017-02-03,ZAF,2,2,0,2.35,4
2017-02-03,ZWE,2,2,0,4.0,16
2017-02-04,AFR,28,6,22,-3.939,77
2017-02-04,ARE,17,14,3,2.224,48
2017-02-04,AUS,4,4,0,2.35,8
2017-02-04,BGD,8,3,5,-1.312,74
2017-02-04,BRA,2,2,0,-2.0,4
2017-02-04,BTN,11,11,0,1.4,20
2017-02-04,CAN,5,2,3,-2.72,14
2017-02-04,CHN,29,24,5,1.9,162
2017-02-04,EGY,3,3,0,4.0,10
2017-02-04,FRA,4,2,2,-1.025,36
2017-02-04,GBR,28,28,0,2.018,182
2017-02-04,IRL,1,1,0,3.4,3
2017-02-04,IRN,5,5,0,3.1,14
2017-02-04,KEN,2,2,0,-2.0,4
2017-02-04,LBN,2,2,0,2.35,2
2017-02-04,LKA,10,10,0,3.15,70
2017-02-04,MDV,6,6,0,6.0,24
2017-02-04,MEA,1,1,0,3.4,2
2017-02-04,MMR,2,2,0,0.0,4
2017-02-04,MYS,5,3,2,-1.06,27
2017-02-04,NOR,1,1,0,3.4,6
2017-02-04,NPL,9,5,4,-1.133,28
2017-02-04,NZL,16,16,0,2.294,40
2017-02-04,PAK,51,34,17,0.873,184
2017-02-04,PER,4,2,2,-3.825,16
2017-02-04,QAT,5,5,0,1.88,11
2017-02-04,RUS,9,9,0,1.8,40
2017-02-04,SAS,6,4,2,-1.0,16
2017-02-04,SAU,3,3,0,0.0,14
2017-02-04,SGP,8,8,0,2.65,15
2017-02-04,THA,3,3,0,2.9,4
2017-02-04,TUR,1,1,0,5.0,2
2017-02-04,TWN,3,2,1,0.9,45
2017-02-04,UGA,4,0,4,-7.5,11
2017-02-04,USA,66,57,9,1.55,388
2017-02-04,VNM,9,9,0,1.778,17
2017-02-04,ZAF,6,0,6,-4.5,16
2017-02-05,AFG,9,2,7,-4.0,26
2017-02-05,AFR,3,0,3,-5.0,4
2017-02-05,ARE,8,8,0,3.763,34
2017-02-05,BGD,11,9,2,1.536,120
2017-02-05,BOL,1,0,1,-10.0,4
2017-02-05,CAN,4,4,0,1.975,11
2017-02-05,CHN,28,22,6,1.568,120
2017-02-05,CZE,3,0,3,-10.0,52
2017-02-05,DEU,3,3,0,2.467,13
2017-02-05,ESP,3,3,0,6.467,10
2017-02-05,EUR,2,2,0,2.35,8
2017-02-05,FRA,5,5,0,3.2,22
2017-02-05,GBR,3,3,0,0.0,10
2017-02-05,GHA,2,2,0,3.4,6
2017-02-05,IDN,3,3,0,6.4,26
2017-02-05,IRN,8,4,4,-0.875,19
2017-02-05,LKA,9,5,4,0.689,30
2017-02-05,MMR,3,3,0,0.0,7
2017-02-05,MYS,3,3,0,6.4,26
2017-02-05,NGA,1,1,0,5.0,18
2017-02-05,NPL,3,3,0,6.667,30
2017-02-05,PAK,50,34,16,0.68,162
2017-02-05,PHL,4,0,4,-9.5,8
2017-02-05,POL,2,0,2,-10.0,14
2017-02-05,PRT,1,1,0,3.4,5
2017-02-05,RUS,8,6,2,0.25,14
2017-02-05,SAS,5,4,1,0.28,20
2017-02-05,SAU,1,1,0,7.4,10
2017-02-05,SEA,1,0,1,-9.0,1
2017-02-05,SYR,1,1,0,5.0,5
2017-02-05,THA,4,4,0,4.3,30
2017-02-05,TWN,1,0,1,-2.0,50
2017-02-05,UGA,2,2,0,3.4,6
2017-02-05,UKR,5,0,5,-10.0,10
2017-02-05,USA,82,68,14,1.25,598
2017-02-05,VEN,2,2,0,2.35,96
2017-02-05,VNM,3,3,0,0.0,7
2017-02-06,AFG,38,18,20,-1.816,180
2017-02-06,AFR,4,4,0,2.35,8
2017-02-06,ARE,18,17,1,1.583,67
2017-02-06,AUS,1,0,1,-2.0,6
2017-02-06,BEL,6,6,0,1.75,12
2017-02-06,BGD,10,9,1,1.59,30
2017-02-06,BGR,2,0,2,-6.5,6
2017-02-06,BTN,2,2,0,2.35,2
2017-02-06,CAN,15,15,0,4.52,30
2017-02-06,CHN,13,8,5,-1.285,72
2017-02-06,DNK,2,0,2,-5.0,4
2017-02-06,EGY,1,0,1,-2.0,6
2017-02-06,ESP,3,3,0,2.567,30
2017-02-06,ETH,9,9,0,2.933,15
2017-02-06,EUR,6,6,0,4.467,20
2017-02-06,FRA,5,4,1,1.6,16
2017-02-06,GBR,53,53,0,1.849,116
2017-02-06,GHA,2,2,0,3.4,6
2017-02-06,GRC,1,1,0,-0.4,30
2017-02-06,IRN,8,4,4,-1.6,27
2017-02-06,IRQ,1,1,0,3.4,4
2017-02-06,ITA,9,9,0,2.3,12
2017-02-06,JOR,1,1,0,3.0,8
2017-02-06,JPN,3,3,0,3.0,10
2017-02-06,KAZ,1,0,1,-5.0,1
2017-02-06,KNA,3,3,0,2.2,12
2017-02-06,KOR,2,2,0,8.0,20
2017-02-06,LKA,16,10,6,1.331,41
2017-02-06,MDV,6,4,2,-1.0,20
2017-02-06,MEX,2,2,0,2.35,12
2017-02-06,MMR,1,0,1,-10.0,8
2017-02-06,NGA,3,0,3,-5.0,10
2017-02-06,NOR,4,4,0,2.35,6
2017-02-06,NPL,13,8,5,-1.454,78
2017-02-06,OMN,4,0,4,-7.5,43
2017-02-06,PAK,70,48,22,-0.066,241
2017-02-06,PGS,2,2,0,2.35,12
2017-02-06,PRT,1,1,0,3.4,5
2017-02-06,QAT,1,1,0,7.4,3
2017-02-06,RUS,15,15,0,3.273,146
2017-02-06,SAS,2,2,0,0.0,5
2017-02-06,SAU,3,3,0,2.133,11
2017-02-06,SWE,3,3,0,2.5,4
2017-02-06,TGO,4,1,3,-2.0,14
2017-02-06,THA,4,4,0,2.5,30
2017-02-06,TWN,4,4,0,2.35,12
2017-02-06,USA,74,46,28,-0.197,406
2017-02-06,YEM,2,1,1,-5.5,31
2017-02-06,ZAF,2,0,2,-5.0,2
2017-02-06,ZWE,4,4,0,4.0,12
2017-02-07,AFG,40,38,2,2.625,352
2017-02-07,AFR,1,1,0,3.4,4
2017-02-07,ARE,32,15,17,-1.863,139
2017-02-07,ASA,4,4,0,4.175,64
2017-02-07,AUS,1,1,0,10.0,2
2017-02-07,BEL,14,14,0,3.071,26
2017-02-07,BGD,12,9,3,1.0,66
2017-02-07,BGR,3,1,2,0.8,20
2017-02-07,BHR,7,7,0,3.057,32
2017-02-07,BOL,3,2,1,-1.767,18
2017-02-07,BRA,2,2,0,0.0,5
2017-02-07,CAN,5,5,0,3.68,38
2017-02-07,CHE,4,3,1,-0.875,10
2017-02-07,CHN,23,18,5,1.587,87
2017-02-07,DEU,5,4,1,3.8,44
2017-02-07,ESP,1,1,0,-2.0,6
2017-02-07,EUR,14,14,0,2.736,74
2017-02-07,FRA,18,18,0,3.794,38
2017-02-07,GBR,67,54,13,1.376,736
2017-02-07,GHA,2,2,0,3.4,6
2017-02-07,GUY,2,2,0,2.35,8
2017-02-07,IRL,1,0,1,-4.0,4
2017-02-07,IRN,4,4,0,8.0,6
2017-02-07,IRQ,1,1,0,4.0,6
2017-02-07,ISR,4,4,0,2.35,14
2017-02-07,ITA,4,4,0,1.925,10
2017-02-07,JPN,12,9,3,0.975,46
2017-02-07,KOR,4,0,4,-10.0,4
2017-02-07,LKA,27,5,22,-3.515,378
2017-02-07,MDV,2,0,2,-4.0,10
2017-02-07,MEX,2,2,0,2.35,12
2017-02-07,MYS,3,3,0,3.2,4
2017-02-07,NGA,6,2,4,-3.667,17
2017-02-07,NPL,112,8,104,-4.598,674
2017-02-07,OMN,2,2,0,6.0,2
2017-02-07,PAK,51,21,30,-2.341,306
2017-02-07,PAN,2,2,0,4.0,4
2017-02-07,PHL,2,2,0,8.0,12
2017-02-07,QAT,1,1,0,4.0,10
2017-02-07,RUS,7,7,0,1.514,26
2017-02-07,SAS,7,7,0,3.1,58
2017-02-07,SAU,3,2,1,-1.767,14
2017-02-07,SEA,3,2,1,0.6,16
2017-02-07,SGP,12,12,0,1.167,21
2017-02-07,THA,2,2,0,2.5,4
2017-02-07,TUR,4,4,0,3.175,40
2017-02-07,TWN,4,4,0,2.35,4
2017-02-07,USA,87,72,15,1.37,412
2017-02-08,AFG,16,10,6,-1.019,47
2017-02-08,AFR,1,0,1,-5.0,8
2017-02-08,ARE,20,5,15,-3.26,62
2017-02-08,ASA,2,2,0,6.0,12
2017-02-08,AUS,5,3,2,-1.92,12
2017-02-08,BEL,1,1,0,3.0,8
2017-02-08,BGD,7,2,5,-3.814,44
2017-02-08,BGR,2,1,1,2.2,20
2017-02-08,CAN,6,6,0,4.3,17
2017-02-08,CHE,2,2,0,5.2,4
2017-02-08,CHN,26,20,6,1.219,61
2017-02-08,DEU,8,3,5,-4.475,23
2017-02-08,EUR,3,2,1,2.0,14
2017-02-08,GBR,42,38,4,2.24,216
2017-02-08,GUY,2,2,0,2.35,4
2017-02-08,IRN,7,6,1,5.0,58
2017-02-08,ISR,3,3,0,6.4,10
2017-02-08,ITA,8,7,1,2.75,33
2017-02-08,JPN,1,1,0,6.4,5
2017-02-08,KOR,3,3,0,2.2,16
2017-02-08,LKA,4,2,2,-0.25,18
2017-02-08,MDV,4,3,1,-2.5,31
2017-02-08,MMR,15,11,4,0.113,58
2017-02-08,MYS,3,2,1,-1.333,6
2017-02-08,NPL,37,0,37,-4.919,178
2017-02-08,OMN,1,0,1,-5.0,12
2017-02-08,PAK,38,16,22,-1.055,216
2017-02-08,RUS,2,2,0,5.25,10
2017-02-08,SAS,2,0,2,-3.0,16
2017-02-08,SAU,7,6,1,5.071,14
2017-02-08,SEA,4,1,3,-5.1,36
2017-02-08,SGP,9,9,0,4.956,40
2017-02-08,SWE,8,6,2,0.4,59
2017-02-08,SYR,2,2,0,7.4,5
2017-02-08,THA,1,1,0,4.0,2
2017-02-08,TUR,6,6,0,2.35,46
2017-02-08,USA,105,81,24,0.653,427
2017-02-08,YEM,3,2,1,0.0,18
2017-02-08,ZAF,1,0,1,-5.0,2
2017-02-09,AFG,4,3,1,0.925,24
2017-02-09,AFR,9,0,9,-2.0,27
2017-02-09,ARE,8,0,8,-5.625,28
2017-02-09,ASA,2,2,0,7.0,6
2017-02-09,AUS,12,2,10,-7.792,35
2017-02-09,BGD,7,7,0,2.014,14
2017-02-09,BGR,1,1,0,0.0,6
2017-02-09,BHR,8,8,0,1.962,109
2017-02-09,BRA,4,4,0,7.0,6
2017-02-09,CAN,8,8,0,5.6,24
2017-02-09,CHE,7,6,1,2.929,28
2017-02-09,CHL,1,0,1,-2.0,10
2017-02-09,CHN,26,17,9,1.988,98
2017-02-09,DEU,12,11,1,1.342,98
2017-02-09,EGY,2,2,0,5.7,7
2017-02-09,ETH,2,0,2,-3.5,20
2017-02-09,EUR,3,2,1,3.667,42
2017-02-09,FIN,1,0,1,-2.0,6
2017-02-09,FRA,1,1,0,6.0,10
2017-02-09,GBR,97,94,3,4.282,627
2017-02-09,IDN,7,6,1,3.286,34
2017-02-09,IRQ,2,1,1,1.0,22
2017-02-09,ISR,21,21,0,3.586,163
2017-02-09,ITA,3,1,2,-1.333,31
2017-02-09,JOR,2,2,0,7.0,16
2017-02-09,JPN,23,19,4,2.513,91
2017-02-09,KEN,2,0,2,-5.0,4
2017-02-09,KHM,1,1,0,7.0,3
2017-02-09,KOR,1,1,0,3.0,4
2017-02-09,LBN,1,1,0,7.4,6
2017-02-09,LKA,9,9,0,1.8,16
2017-02-09,LUX,1,1,0,4.0,6
2017-02-09,MCO,3,3,0,2.7,18
2017-02-09,MEA,1,0,1,-7.2,3
2017-02-09,MMR,2,0,2,-10.0,8
2017-02-09,MYS,2,2,0,7.0,8
2017-02-09,NGA,4,2,2,-1.325,6
2017-02-09,NOR,4,0,4,-3.5,18
2017-02-09,NPL,47,2,45,-4.787,296
2017-02-09,PAK,57,36,21,-0.763,189
2017-02-09,PHL,1,0,1,-5.0,2
2017-02-09,RUS,8,7,1,1.85,15
2017-02-09,SEA,10,7,3,0.72,37
2017-02-09,SGP,14,14,0,5.2,185
2017-02-09,TGO,2,2,0,2.35,12
2017-02-09,THA,1,1,0,3.4,6
2017-02-09,TUR,4,4,0,2.35,16
2017-02-09,USA,103,73,30,0.473,798
2017-02-09,VNM,3,2,1,-1.667,6
2017-02-09,YEM,1,1,0,0.0,2
2017-02-10,AFG,6,4,2,-0.667,11
2017-02-10,AFR,1,1,0,1.0,2
2017-02-10,ARE,12,7,5,-1.008,29
2017-02-10,AUS,9,9,0,2.9,50
2017-02-10,BEL,7,7,0,1.614,27
2017-02-10,BGD,7,6,1,0.657,20
2017-02-10,BHR,15,15,0,4.047,51
2017-02-10,BRA,4,4,0,7.0,6
2017-02-10,CHE,8,7,1,1.95,67
2017-02-10,CHN,26,22,4,2.058,254
2017-02-10,DEU,3,3,0,4.6,38
2017-02-10,EGY,21,21,0,3.124,81
2017-02-10,ESP,1,1,0,0.0,1
2017-02-10,EUR,9,9,0,6.2,34
2017-02-10,FRA,12,10,2,4.058,47
2017-02-10,GBR,60,57,3,3.997,301
2017-02-10,GUY,1,1,0,6.0,3
2017-02-10,IRL,2,2,0,5.5,18
2017-02-10,IRN,29,28,1,3.014,93
2017-02-10,IRQ,5,3,2,1.4,18
2017-02-10,ISR,15,15,0,3.647,37
2017-02-10,ITA,5,3,2,0.8,9
2017-02-10,JPN,11,11,0,2.4,24
2017-02-10,KGZ,1,1,0,3.4,3
2017-02-10,LKA,12,12,0,1.925,42
2017-02-10,LVA,4,4,0,2.35,8
2017-02-10,MCO,3,3,0,2.7,18
2017-02-10,MDV,2,0,2,-5.5,9
2017-02-10,MEA,1,0,1,-7.2,3
2017-02-10,MEX,2,2,0,7.4,6
2017-02-10,MMR,9,3,6,-5.667,27
2017-02-10,NGA,5,5,0,2.76,20
2017-02-10,NLD,1,1,0,6.0,3
2017-02-10,NPL,19,16,3,1.579,63
2017-02-10,NZL,2,2,0,2.35,4
2017-02-10,PAK,25,13,12,-1.996,60
2017-02-10,PRT,2,2,0,8.0,4
2017-02-10,RUS,16,15,1,4.719,40
2017-02-10,SAS,4,4,0,1.0,24
2017-02-10,SAU,8,2,6,-0.65,306
2017-02-10,SEA,8,6,2,0.775,15
2017-02-10,SGP,2,2,0,5.0,12
2017-02-10,TGO,2,2,0,2.35,12
2017-02-10,THA,1,1,0,6.4,20
2017-02-10,TWN,5,3,2,0.94,18
2017-02-10,USA,112,99,13,1.556,527
2017-02-10,VNM,2,2,0,7.0,9
2017-02-10,YEM,2,0,2,-5.0,4
2017-02-10,ZAF,2,1,1,-0.5,2
2017-02-11,AFG,4,2,2,-1.8,20
2017-02-11,AFR,1,1,0,0.0,6
2017-02-11,ARE,4,4,0,4.875,8
2017-02-11,AUS,1,1,0,3.4,3
2017-02-11,BGD,21,13,8,0.624,108
2017-02-11,BHR,7,7,0,2.957,24
2017-02-11,CHN,46,40,6,2.222,258
2017-02-11,DEU,7,5,2,-0.386,12
2017-02-11,DNK,4,4,0,2.35,8
2017-02-11,EGY,70,70,0,3.154,781
2017-02-11,EUR,3,2,1,2.6,60
2017-02-11,FRA,31,21,10,2.11,197
2017-02-11,GAB,1,1,0,4.0,4
2017-02-11,GBR,11,11,0,2.727,28
2017-02-11,GTM,2,2,0,2.35,8
2017-02-11,GUY,1,1,0,6.0,3
2017-02-11,IRL,1,0,1,-10.0,6
2017-02-11,ITA,2,1,1,-1.0,11
2017-02-11,JAM,11,7,4,0.082,180
2017-02-11,JPN,21,12,9,-2.557,71
2017-02-11,LKA,9,6,3,0.267,20
2017-02-11,MMR,3,3,0,7.0,4
2017-02-11,NGA,6,3,3,-0.833,18
2017-02-11,NPL,3,1,2,-6.667,6
2017-02-11,NZL,1,1,0,7.0,2
2017-02-11,OMN,1,0,1,-5.0,6
2017-02-11,PAK,36,24,12,-0.153,79
2017-02-11,PHL,23,23,0,3.3,104
2017-02-11,PRT,2,2,0,8.0,2
2017-02-11,RUS,3,3,0,5.933,10
2017-02-11,SAS,5,4,1,2.74,23
2017-02-11,SAU,2,0,2,-2.0,18
2017-02-11,SEA,8,8,0,3.275,15
2017-02-11,SGP,3,3,0,2.9,3
2017-02-11,SOM,6,4,2,-0.1,9
2017-02-11,SYC,4,4,0,2.35,4
2017-02-11,USA,58,45,13,-0.633,279
2017-02-11,VNM,1,1,0,7.0,1
2017-02-11,ZAF,1,0,1,-5.0,6
2017-02-12,AFG,7,3,4,-5.143,21
2017-02-12,AFR,2,2,0,3.4,4
2017-02-12,AZE,3,3,0,3.0,4
2017-02-12,BGD,2,1,1,-1.8,8
2017-02-12,CAN,1,1,0,3.0,4
2017-02-12,CHE,5,5,0,0.6,26
2017-02-12,CHN,18,10,8,-1.889,90
2017-02-12,COL,3,3,0,0.0,5
2017-02-12,DEU,7,3,4,-1.514,12
2017-02-12,EGY,12,12,0,2.908,46
2017-02-12,ESP,2,2,0,4.0,6
2017-02-12,ETH,6,6,0,2.35,16
2017-02-12,EUR,2,2,0,6.4,4
2017-02-12,FRA,35,21,14,2.04,352
2017-02-12,GBR,12,10,2,1.783,28
2017-02-12,IRN,1,0,1,-10.0,4
2017-02-12,ISR,10,10,0,2.14,38
2017-02-12,JAM,6,1,5,-7.667,22
2017-02-12,JOR,1,0,1,-10.0,10
2017-02-12,JPN,4,4,0,2.35,8
2017-02-12,KHM,1,0,1,-10.0,2
2017-02-12,KOR,4,2,2,-3.825,17
2017-02-12,MMR,2,0,2,-10.0,9
2017-02-12,NLD,1,1,0,3.0,6
2017-02-12,NZL,1,1,0,0.0,4
2017-02-12,PAK,66,39,27,-1.37,333
2017-02-12,PHL,5,5,0,3.5,30
2017-02-12,RUS,2,2,0,3.0,10
2017-02-12,SAS,11,10,1,1.791,87
2017-02-12,SAU,1,0,1,-2.0,5
2017-02-12,SGP,2,0,2,-10.0,2
2017-02-12,TWN,2,2,0,3.0,10
2017-02-12,USA,52,33,19,0.14,268
2017-02-12,YEM,5,3,2,-0.6,12
2017-02-13,AFR,9,9,0,2.844,23
2017-02-13,ARE,15,13,2,1.833,42
2017-02-13,AUS,8,5,3,-0.087,12
2017-02-13,BGD,18,15,3,2.039,101
2017-02-13,CAN,1,1,0,3.0,4
2017-02-13,CHE,4,3,1,-1.875,23
2017-02-13,CHL,1,0,1,-5.0,1
2017-02-13,CHN,32,31,1,1.803,181
2017-02-13,DEU,3,3,0,0.9,6
2017-02-13,DNK,9,9,0,8.0,60
2017-02-13,EGY,21,21,0,2.938,90
2017-02-13,EUR,10,9,1,4.45,59
2017-02-13,FRA,49,38,11,3.278,923
2017-02-13,GBR,16,11,5,-0.2,41
2017-02-13,IRL,3,3,0,4.0,10
2017-02-13,IRN,7,3,4,-3.8,16
2017-02-13,ISR,18,17,1,1.339,50
2017-02-13,ITA,4,3,1,0.55,31
2017-02-13,JAM,3,0,3,-10.0,11
2017-02-13,JOR,2,1,1,0.7,16
2017-02-13,JPN,13,5,8,-1.423,91
2017-02-13,KAZ,2,2,0,4.0,2
2017-02-13,KEN,4,4,0,2.35,4
2017-02-13,KNA,1,1,0,4.0,6
2017-02-13,KOR,3,0,3,-4.667,7
2017-02-13,LKA,20,20,0,1.225,52
2017-02-13,MCO,3,3,0,2.7,18
2017-02-13,MMR,3,2,1,-2.667,6
2017-02-13,NAM,2,2,0,8.0,10
2017-02-13,NGA,3,1,2,-3.333,5
2017-02-13,NPL,16,1,15,-5.331,64
2017-02-13,NZL,1,1,0,7.4,6
2017-02-13,PAK,59,37,22,-1.244,270
2017-02-13,PAN,2,2,0,-2.0,32
2017-02-13,POL,1,0,1,-10.0,6
2017-02-13,RUS,5,5,0,1.4,14
2017-02-13,SAS,4,4,0,1.0,18
2017-02-13,SAU,4,0,4,-2.0,11
2017-02-13,SEA,2,1,1,-0.5,11
2017-02-13,SGP,10,10,0,3.5,67
2017-02-13,TWN,1,1,0,5.2,2
2017-02-13,USA,85,68,17,1.071,519
2017-02-13,YEM,5,3,2,0.2,7
2017-02-14,AFG,2,1,1,-0.8,6
2017-02-14,AFR,2,2,0,3.4,4
2017-02-14,ARE,6,2,4,-2.55,12
2017-02-14,BGD,44,35,9,2.343,241
2017-02-14,BOL,2,2,0,2.35,12
2017-02-14,BTN,12,9,3,-0.2,22
2017-02-14,CAN,6,5,1,0.817,9
2017-02-14,CHE,2,1,1,0.5,12
2017-02-14,CHL,2,2,0,2.35,4
2017-02-14,CHN,33,31,2,2.3,131
2017-02-14,DEU,6,6,0,2.383,15
2017-02-14,DNK,2,2,0,5.2,4
2017-02-14,EGY,3,3,0,3.567,3
2017-02-14,FIN,3,2,1,0.0,13
2017-02-14,FRA,4,1,3,-2.15,26
2017-02-14,GBR,69,55,14,2.052,316
2017-02-14,ISR,13,13,0,2.531,25
2017-02-14,JOR,2,2,0,1.9,21
2017-02-14,JPN,5,1,4,-3.32,10
2017-02-14,KEN,1,0,1,-5.0,3
2017-02-14,KOR,1,1,0,7.4,1
2017-02-14,KWT,1,0,1,-5.0,4
2017-02-14,LKA,22,22,0,1.786,49
2017-02-14,MMR,6,5,1,1.167,30
2017-02-14,MYS,2,2,0,4.0,3
2017-02-14,NPL,3,2,1,-1.333,22
2017-02-14,PAK,72,40,32,-0.882,264
2017-02-14,PHL,2,1,1,1.5,12
2017-02-14,POL,2,0,2,-9.5,8
2017-02-14,PRT,1,0,1,-4.0,3
2017-02-14,PSE,1,1,0,4.0,1
2017-02-14,RUS,7,6,1,1.957,42
2017-02-14,SAS,4,0,4,-8.5,104
2017-02-14,SGP,2,2,0,3.5,80
2017-02-14,SOM,2,0,2,-10.0,5
2017-02-14,SWE,2,2,0,5.2,16
2017-02-14,THA,3,3,0,5.933,10
2017-02-14,TWN,2,2,0,7.0,14
2017-02-14,USA,70,56,14,2.001,180
2017-02-15,AFG,9,8,1,2.933,32
2017-02-15,AFR,8,8,0,3.212,32
2017-02-15,ARE,5,2,3,-2.06,13
2017-02-15,BGD,26,23,3,3.054,120
2017-02-15,BGR,7,7,0,1.029,70
2017-02-15,BHR,3,3,0,6.533,3
2017-02-15,CAN,8,8,0,3.112,29
2017-02-15,CHN,22,15,7,1.255,97
2017-02-15,DEU,14,14,0,2.979,172
2017-02-15,DOM,2,2,0,6.4,40
2017-02-15,EGY,6,6,0,1.317,18
2017-02-15,EUR,3,3,0,3.667,90
2017-02-15,FRA,25,19,6,2.06,66
2017-02-15,GBR,47,42,5,2.336,198
2017-02-15,GRC,2,2,0,2.35,6
2017-02-15,GUY,3,3,0,1.667,6
2017-02-15,IDN,2,2,0,6.4,40
2017-02-15,IRN,11,10,1,4.327,131
2017-02-15,ISR,9,8,1,3.7,22
2017-02-15,JPN,11,10,1,1.873,56
2017-02-15,LBN,1,0,1,-10.0,12
2017-02-15,LKA,9,7,2,0.456,20
2017-02-15,MAR,5,5,0,2.56,28
2017-02-15,MMR,12,11,1,1.558,26
2017-02-15,MNG,2,2,0,4.0,4
2017-02-15,MYS,7,7,0,2.857,47
2017-02-15,NGA,11,0,11,-5.0,40
2017-02-15,NLD,3,3,0,2.0,20
2017-02-15,NPL,5,2,3,-3.8,11
2017-02-15,PAK,35,10,25,-2.871,123
2017-02-15,PRT,3,0,3,-4.0,5
2017-02-15,RUS,7,7,0,3.714,22
2017-02-15,RWA,5,5,0,6.6,72
2017-02-15,SAS,26,19,7,1.565,127
2017-02-15,SAU,6,5,1,1.55,17
2017-02-15,SEA,4,4,0,4.6,18
2017-02-15,SGP,7,7,0,4.343,20
2017-02-15,SWE,6,6,0,3.3,16
2017-02-15,SYR,2,2,0,-2.0,3
2017-02-15,THA,1,1,0,4.0,6
2017-02-15,TWN,48,37,11,0.504,851
2017-02-15,USA,72,63,9,1.715,281
2017-02-15,VNM,1,1,0,1.0,6
2017-02-15,ZAF,2,2,0,2.35,12
2017-02-16,AFG,8,8,0,2.013,72
2017-02-16,AFR,4,4,0,2.5,18
2017-02-16,ARE,11,10,1,1.927,70
2017-02-16,ARG,2,2,0,1.0,12
2017-02-16,AUS,6,3,3,-3.5,19
2017-02-16,BEL,2,2,0,0.0,3
2017-02-16,BGD,36,33,3,3.347,238
2017-02-16,BGR,1,1,0,5.2,10
2017-02-16,BRA,2,2,0,1.0,2
2017-02-16,BTN,3,3,0,8.0,24
2017-02-16,CAN,16,15,1,1.688,75
2017-02-16,CHN,49,36,13,1.437,208
2017-02-16,DEU,11,9,2,2.2,45
2017-02-16,DNK,1,0,1,-5.0,4
2017-02-16,DOM,2,2,0,6.4,10
2017-02-16,EUR,11,11,0,4.664,132
2017-02-16,FRA,4,1,3,0.0,12
2017-02-16,GBR,43,38,5,1.84,169
2017-02-16,GRC,4,3,1,0.75,5
2017-02-16,IDN,2,1,1,1.2,15
2017-02-16,IRL,12,5,7,-3.0,20
2017-02-16,IRN,10,9,1,4.12,31
2017-02-16,ISR,6,5,1,0.3,17
2017-02-16,JAM,8,6,2,-0.738,18
2017-02-16,JPN,21,15,6,-0.171,114
2017-02-16,KOR,4,4,0,4.5,7
2017-02-16,LKA,1,1,0,4.0,24
2017-02-16,MMR,6,0,6,-5.0,44
2017-02-16,NGA,4,0,4,-5.0,8
2017-02-16,NLD,2,2,0,2.0,20
2017-02-16,NPL,10,2,8,-3.6,30
2017-02-16,OMN,2,0,2,-10.0,8
2017-02-16,PAK,67,35,32,-2.025,241
2017-02-16,PRT,1,0,1,-5.0,1
2017-02-16,RUS,7,5,2,0.286,14
2017-02-16,RWA,6,6,0,4.617,46
2017-02-16,SAS,18,14,4,2.194,78
2017-02-16,SAU,1,1,0,0.4,4
2017-02-16,SEA,1,1,0,-2.0,3
2017-02-16,SGP,3,2,1,-1.767,22
2017-02-16,SYR,3,0,3,-4.4,5
2017-02-16,TWN,51,46,5,1.514,712
2017-02-16,UGA,11,11,0,1.764,66
2017-02-16,USA,122,81,41,-0.366,536
2017-02-16,VNM,8,8,0,5.025,18
2017-02-16,YEM,2,0,2,-5.7,10
2017-02-16,ZAF,3,2,1,0.0,8
2017-02-17,AFG,2,2,0,3.25,12
2017-02-17,AFR,10,10,0,3.7,60
2017-02-17,ARE,5,4,1,3.22,25
2017-02-17,AUS,2,2,0,2.35,24
2017-02-17,BGD,7,5,2,0.486,18
2017-02-17,BOL,3,0,3,-5.0,6
2017-02-17,CHE,3,1,2,-1.333,18
2017-02-17,CHN,57,38,19,0.644,425
2017-02-17,EUR,7,7,0,3.314,21
2017-02-17,FJI,1,1,0,3.0,2
2017-02-17,FRA,9,7,2,3.778,34
2017-02-17,GBR,46,42,4,1.861,232
2017-02-17,HTI,1,1,0,3.0,4
2017-02-17,IRL,3,3,0,2.567,11
2017-02-17,IRN,3,3,0,6.4,24
2017-02-17,ISR,20,16,4,2.96,110
2017-02-17,JAM,5,0,5,-10.0,16
2017-02-17,JPN,4,1,3,-5.0,11
2017-02-17,KEN,1,1,0,3.0,6
2017-02-17,LBN,1,1,0,-2.0,2
2017-02-17,LKA,9,8,1,3.667,24
2017-02-17,MDV,1,1,0,7.4,6
2017-02-17,MMR,4,4,0,3.55,16
2017-02-17,MYS,10,10,0,6.87,128
2017-02-17,NLD,2,2,0,7.0,8
2017-02-17,NPL,2,2,0,5.2,8
2017-02-17,NZL,1,0,1,-10.0,4
2017-02-17,PAK,77,43,34,-1.697,495
2017-02-17,PHL,1,1,0,-0.4,1
2017-02-17,RUS,2,2,0,4.0,4
2017-02-17,SAS,5,5,0,2.74,44
2017-02-17,SAU,12,7,5,-2.7,27
2017-02-17,SEA,5,4,1,2.2,52
2017-02-17,SGP,2,2,0,8.0,20
2017-02-17,SWE,6,6,0,3.783,34
2017-02-17,TCD,1,1,0,7.0,1
2017-02-17,THA,11,11,0,3.818,19
2017-02-17,TUR,4,4,0,2.35,16
2017-02-17,TWN,10,10,0,2.35,30
2017-02-17,UGA,1,1,0,4.0,2
2017-02-17,USA,109,102,7,3.084,1156
2017-02-17,ZAF,3,3,0,3.333,12
2017-02-18,AFG,2,2,0,2.35,8
2017-02-18,ARE,3,2,1,2.333,14
2017-02-18,AUS,12,9,3,1.0,80
2017-02-18,BEL,2,2,0,1.0,2
2017-02-18,BGD,39,34,5,1.297,191
2017-02-18,CAN,2,1,1,-1.2,5
2017-02-18,CHE,2,0,2,-2.0,3
2017-02-18,CHN,25,17,8,1.616,94
2017-02-18,COD,1,0,1,-10.0,6
2017-02-18,EGY,1,0,1,-10.0,6
2017-02-18,EUR,3,2,1,1.667,22
2017-02-18,FRA,3,2,1,0.333,10
2017-02-18,GBR,11,10,1,2.091,40
2017-02-18,GRD,2,2,0,6.4,6
2017-02-18,GTM,2,2,0,6.4,6
2017-02-18,IDN,2,2,0,6.4,6
2017-02-18,IRL,1,0,1,-4.0,6
2017-02-18,IRN,2,0,2,-2.0,4
2017-02-18,ISR,3,3,0,3.9,22
2017-02-18,JOR,2,0,2,-7.2,7
2017-02-18,KEN,1,1,0,-0.4,2
2017-02-18,LKA,12,6,6,0.65,77
2017-02-18,MDV,1,0,1,-2.0,4
2017-02-18,MMR,8,2,6,-3.062,23
2017-02-18,MOZ,1,0,1,-9.0,1
2017-02-18,MYS,7,6,1,4.243,20
2017-02-18,NPL,10,6,4,0.2,27
2017-02-18,OMN,2,2,0,4.0,12
2017-02-18,PAK,55,19,36,-1.693,238
2017-02-18,PRK,1,1,0,-0.4,2
2017-02-18,RUS,8,8,0,3.1,59
2017-02-18,RWA,2,2,0,2.35,80
2017-02-18,SAS,14,9,5,0.429,105
2017-02-18,SAU,21,16,5,-0.138,84
2017-02-18,SEA,6,6,0,2.583,43
2017-02-18,SGP,7,2,5,-4.143,30
2017-02-18,SWE,5,5,0,6.4,18
2017-02-18,THA,2,2,0,2.35,20
2017-02-18,TTO,1,1,0,-0.4,2
2017-02-18,TUR,1,1,0,3.0,1
2017-02-18,TWN,7,7,0,2.657,18
2017-02-18,TZA,1,1,0,3.0,1
2017-02-18,UGA,3,3,0,4.0,12
2017-02-18,USA,73,54,19,1.296,999
2017-02-18,VNM,4,4,0,4.375,18
2017-02-18,ZAF,1,1,0,1.9,6
2017-02-19,AFG,3,3,0,5.667,37
2017-02-19,AFR,4,4,0,5.5,16
2017-02-19,ARE,2,1,1,0.5,8
2017-02-19,AUS,9,4,5,-1.733,72
2017-02-19,BGD,19,14,5,-0.053,56
2017-02-19,BHR,1,0,1,-9.5,3
2017-02-19,BRA,1,0,1,-9.0,10
2017-02-19,CAN,9,9,0,1.789,12
2017-02-19,CHN,15,13,2,1.913,43
2017-02-19,DEU,21,21,0,6.143,187
2017-02-19,FRA,8,5,3,0.425,26
2017-02-19,GBR,15,11,4,-0.92,45
2017-02-19,GRC,3,2,1,3.467,12
2017-02-19,GUY,2,2,0,7.0,24
2017-02-19,IRL,2,2,0,2.35,2
2017-02-19,ITA,8,4,4,-3.825,16
2017-02-19,JOR,3,3,0,1.567,12
2017-02-19,JPN,1,0,1,-2.0,2
2017-02-19,KEN,7,7,0,2.714,29
2017-02-19,KOR,3,3,0,2.567,12
2017-02-19,LKA,8,6,2,1.675,22
2017-02-19,MMR,1,1,0,3.4,4
2017-02-19,NPL,4,4,0,2.675,36
2017-02-19,NZL,2,0,2,-2.0,22
2017-02-19,PAK,26,12,14,-2.019,72
2017-02-19,POL,4,4,0,7.0,8
2017-02-19,PRK,4,4,0,2.35,24
2017-02-19,RUS,8,8,0,3.3,15
2017-02-19,RWA,36,36,0,2.211,196
2017-02-19,SAS,18,14,4,1.144,172
2017-02-19,SDN,2,2,0,6.0,2
2017-02-19,SEA,10,10,0,2.4,59
2017-02-19,SGP,2,2,0,2.35,2
2017-02-19,SWE,3,3,0,7.0,4
2017-02-19,SYR,1,1,0,1.0,4
2017-02-19,TWN,1,0,1,-2.0,1
2017-02-19,UGA,40,40,0,3.675,200
2017-02-19,USA,55,39,16,1.011,213
2017-02-20,AFG,7,6,1,3.857,47
2017-02-20,AFR,2,2,0,2.35,6
2017-02-20,ARE,1,1,0,4.0,5
2017-02-20,AUS,17,17,0,5.024,75
2017-02-20,BEL,10,7,3,-2.06,49
2017-02-20,BGD,20,18,2,1.515,130
2017-02-20,BRA,2,2,0,5.0,4
2017-02-20,CAN,4,4,0,4.4,15
2017-02-20,CHN,34,29,5,2.018,175
2017-02-20,DEU,20,19,1,4.51,139
2017-02-20,DNK,18,16,2,1.367,171
2017-02-20,ESP,1,0,1,-5.0,6
2017-02-20,ETH,4,4,0,2.35,8
2017-02-20,EUR,6,5,1,0.883,22
2017-02-20,FIN,16,16,0,2.35,168
2017-02-20,FRA,13,8,5,0.369,42
2017-02-20,GBR,81,75,6,1.885,438
2017-02-20,HRV,2,2,0,3.4,4
2017-02-20,IRL,1,0,1,-6.5,4
2017-02-20,IRN,4,4,0,6.0,16
2017-02-20,ISL,16,16,0,2.35,168
2017-02-20,ISR,10,5,5,-3.1,63
2017-02-20,ITA,8,0,8,-6.125,13
2017-02-20,JOR,5,5,0,3.4,76
2017-02-20,JPN,12,12,0,2.15,42
2017-02-20,KEN,11,11,0,2.582,31
2017-02-20,KOR,1,1,0,3.0,10
2017-02-20,LKA,15,14,1,3.12,48
2017-02-20,MCO,2,2,0,2.35,10
2017-02-20,MDV,2,2,0,5.2,12
2017-02-20,MMR,11,11,0,1.827,34
2017-02-20,MYS,2,1,1,-3.0,6
2017-02-20,NOR,16,16,0,2.35,168
2017-02-20,NPL,13,13,0,2.315,35
2017-02-20,OMN,2,2,0,6.4,5
2017-02-20,PAK,29,21,8,1.003,118
2017-02-20,POL,9,9,0,4.0,70
2017-02-20,PRT,1,1,0,3.4,1
2017-02-20,QAT,3,3,0,6.133,17
2017-02-20,RUS,9,7,2,0.667,63
2017-02-20,RWA,12,8,4,-1.767,78
2017-02-20,SAS,9,5,4,0.056,135
2017-02-20,SAU,4,4,0,6.3,40
2017-02-20,SDN,8,8,0,3.925,11
2017-02-20,SEA,2,2,0,2.35,2
2017-02-20,SGP,7,6,1,1.1,18
2017-02-20,SSD,5,2,3,-3.6,16
2017-02-20,SWE,20,20,0,2.2,174
2017-02-20,SYR,1,1,0,3.0,1
2017-02-20,THA,3,3,0,0.4,10
2017-02-20,TWN,3,2,1,0.9,5
2017-02-20,UGA,18,18,0,5.967,668
2017-02-20,UKR,4,4,0,2.5,54
2017-02-20,USA,74,53,21,0.67,395
2017-02-20,VNM,3,3,0,1.7,4
2017-02-21,AFG,8,8,0,7.0,12
2017-02-21,ARE,30,6,24,-2.22,192
2017-02-21,AUS,5,2,3,0.68,20
2017-02-21,BGD,27,21,6,0.774,147
2017-02-21,BGR,1,0,1,-9.0,2
2017-02-21,BTN,2,2,0,1.9,6
2017-02-21,CHE,4,4,0,2.35,12
2017-02-21,CHN,37,32,5,1.892,314
2017-02-21,DEU,17,6,11,-4.735,57
2017-02-21,DNK,2,2,0,2.35,24
2017-02-21,EGY,3,3,0,2.2,12
2017-02-21,ETH,3,3,0,2.5,20
2017-02-21,EUR,1,1,0,7.0,1
2017-02-21,FIN,2,2,0,2.35,24
2017-02-21,FRA,7,6,1,0.314,43
2017-02-21,GBR,92,87,5,2.523,506
2017-02-21,GRC,3,1,2,-0.2,8
2017-02-21,GUY,2,1,1,-2.2,4
2017-02-21,IRL,2,2,0,7.0,4
2017-02-21,IRN,3,2,1,0.667,30
2017-02-21,IRQ,14,3,11,-5.714,58
2017-02-21,ISL,2,2,0,2.35,24
2017-02-21,ISR,6,4,2,-1.05,22
2017-02-21,ITA,6,4,2,-1.917,36
2017-02-21,JPN,11,10,1,1.736,174
2017-02-21,KEN,3,3,0,2.5,12
2017-02-21,KHM,1,1,0,7.4,10
2017-02-21,KWT,3,3,0,2.5,4
2017-02-21,LBY,4,2,2,-0.8,21
2017-02-21,LKA,15,3,12,-3.333,86
2017-02-21,MDV,3,3,0,2.567,22
2017-02-21,MEX,1,0,1,-10.0,2
2017-02-21,MMR,3,0,3,-10.0,10
2017-02-21,MYS,1,0,1,-10.0,2
2017-02-21,NLD,7,7,0,7.4,16
2017-02-21,NOR,5,5,0,5.14,32
2017-02-21,NPL,10,4,6,-2.38,40
2017-02-21,OMN,4,4,0,1.675,16
2017-02-21,PAK,66,23,43,-1.72,392
2017-02-21,PRK,2,2,0,0.0,20
2017-02-21,RUS,14,13,1,3.607,28
2017-02-21,RWA,11,9,2,-0.418,60
2017-02-21,SAS,4,3,1,1.925,19
2017-02-21,SAU,1,1,0,7.4,10
2017-02-21,SEA,11,11,0,3.618,60
2017-02-21,SLE,1,1,0,3.4,6
2017-02-21,SWE,5,4,1,1.48,37
2017-02-21,SYC,1,1,0,4.0,6
2017-02-21,SYR,11,0,11,-7.727,56
2017-02-21,THA,5,5,0,8.0,20
2017-02-21,TWN,1,1,0,-2.0,2
2017-02-21,UKR,4,4,0,2.5,6
2017-02-21,USA,91,71,20,0.456,564
2017-02-22,AFG,6,0,6,-5.0,44
2017-02-22,AFR,2,2,0,4.0,8
2017-02-22,ARE,11,10,1,1.191,28
2017-02-22,AUS,11,11,0,1.391,43
2017-02-22,BGD,22,14,8,-0.573,68
2017-02-22,BHR,1,0,1,-9.5,3
2017-02-22,BTN,3,3,0,2.5,8
2017-02-22,CAN,16,16,0,5.138,154
2017-02-22,CHE,8,3,5,-0.2,21
2017-02-22,CHN,80,69,11,3.548,564
2017-02-22,DEU,14,12,2,1.8,72
2017-02-22,DNK,2,0,2,-5.0,5
2017-02-22,EGY,1,1,0,7.0,12
2017-02-22,ESP,1,0,1,-5.0,18
2017-02-22,EUR,16,8,8,-0.425,63
2017-02-22,FRA,8,6,2,-1.5,20
2017-02-22,GBR,60,52,8,1.11,324
2017-02-22,GRC,4,4,0,2.35,24
2017-02-22,IDN,4,4,0,4.0,8
2017-02-22,IRL,2,2,0,1.0,4
2017-02-22,IRN,1,0,1,-4.0,4
2017-02-22,ISR,4,4,0,2.175,14
2017-02-22,ITA,8,6,2,-0.3,28
2017-02-22,JPN,6,5,1,1.0,62
2017-02-22,KOR,3,3,0,5.267,13
2017-02-22,LBY,7,3,4,-1.971,24
2017-02-22,LKA,7,2,5,-5.857,32
2017-02-22,MDV,11,11,0,3.236,90
2017-02-22,MEX,5,5,0,0.0,10
2017-02-22,MMR,11,10,1,1.309,29
2017-02-22,MNG,2,0,2,-2.0,3
2017-02-22,MYS,8,6,2,-0.513,15
2017-02-22,NGA,4,4,0,7.0,4
2017-02-22,NLD,2,2,0,7.4,6
2017-02-22,NOR,3,3,0,7.0,8
2017-02-22,NPL,14,8,6,-0.643,75
2017-02-22,OMN,8,5,3,-1.287,61
2017-02-22,PAK,66,35,31,-0.665,227
2017-02-22,POL,9,7,2,-0.133,112
2017-02-22,RUS,10,10,0,3.85,22
2017-02-22,RWA,3,3,0,6.333,18
2017-02-22,SAS,6,1,5,-3.267,37
2017-02-22,SAU,1,0,1,-2.0,2
2017-02-22,SDN,2,2,0,1.0,4
2017-02-22,SEA,1,1,0,3.4,12
2017-02-22,SGP,8,6,2,1.925,30
2017-02-22,SWE,2,2,0,2.35,4
2017-02-22,THA,8,8,0,5.287,22
2017-02-22,TUR,1,0,1,-10.0,1
2017-02-22,TWN,10,10,0,5.2,24
2017-02-22,USA,239,215,24,1.824,1685
2017-02-23,AFG,7,6,1,0.771,9
2017-02-23,AFR,13,13,0,2.8,48
2017-02-23,ARE,9,6,3,-0.4,80
2017-02-23,AUS,14,8,6,-2.643,34
2017-02-23,AUT,1,0,1,-2.0,6
2017-02-23,BGD,37,30,7,0.157,120
2017-02-23,BRA,4,4,0,2.35,4
2017-02-23,CAN,5,5,0,7.8,17
2017-02-23,CHE,4,4,0,5.25,24
2017-02-23,CHN,44,36,8,0.552,281
2017-02-23,CYP,1,1,0,7.4,2
2017-02-23,DEU,4,4,0,3.7,44
2017-02-23,EGY,6,6,0,2.2,16
2017-02-23,EUR,6,4,2,1.083,38
2017-02-23,FRA,8,7,1,2.8,77
2017-02-23,GBR,44,39,5,2.145,522
2017-02-23,GRC,3,3,0,3.267,10
2017-02-23,IDN,13,13,0,2.331,71
2017-02-23,IRL,2,2,0,5.0,10
2017-02-23,IRN,2,2,0,6.4,5
2017-02-23,ISR,10,9,1,4.04,75
2017-02-23,JOR,1,1,0,3.4,10
2017-02-23,JPN,5,5,0,5.6,28
2017-02-23,KNA,2,1,1,0.0,4
2017-02-23,LKA,2,0,2,-5.0,5
2017-02-23,MDV,1,0,1,-5.0,6
2017-02-23,MMR,18,11,7,0.711,90
2017-02-23,MYS,3,3,0,4.0,46
2017-02-23,NOR,2,2,0,4.0,12
2017-02-23,NPL,16,12,4,2.231,115
2017-02-23,NZL,1,1,0,4.0,8
2017-02-23,PAK,47,10,37,-4.943,188
2017-02-23,POL,3,0,3,-8.133,36
2017-02-23,RUS,4,4,0,5.65,52
2017-02-23,RWA,5,5,0,2.44,24
2017-02-23,SAS,6,3,3,-0.5,28
2017-02-23,SAU,1,0,1,-2.0,5
2017-02-23,SEA,3,3,0,2.467,18
2017-02-23,SGP,12,12,0,4.842,40
2017-02-23,THA,4,4,0,8.5,8
2017-02-23,TUN,11,11,0,4.545,82
2017-02-23,UGA,4,4,0,1.675,15
2017-02-23,UKR,3,3,0,6.4,48
2017-02-23,USA,72,63,9,1.858,321
2017-02-23,VNM,7,3,4,0.229,14
2017-02-23,YEM,1,1,0,3.4,1
2017-02-24,AFG,7,7,0,3.057,30
2017-02-24,AFR,1,1,0,6.0,3
2017-02-24,ARE,4,0,4,-5.0,32
2017-02-24,AUS,11,8,3,-0.291,36
2017-02-24,BGD,63,63,0,2.246,576
2017-02-24,BTN,6,6,0,0.75,25
2017-02-24,CAN,5,5,0,0.8,16
2017-02-24,CHE,2,2,0,2.35,12
2017-02-24,CHN,60,37,23,-1.223,438
2017-02-24,COD,1,0,1,-2.0,3
2017-02-24,DEU,9,9,0,3.733,26
2017-02-24,EUR,5,3,2,-0.08,20
2017-02-24,FRA,14,14,0,3.164,94
2017-02-24,GBR,25,17,8,1.42,76
2017-02-24,IDN,5,5,0,2.26,6
2017-02-24,IRL,3,1,2,0.133,26
2017-02-24,IRN,3,3,0,6.4,10
2017-02-24,IRQ,2,2,0,2.35,8
2017-02-24,ISR,6,6,0,2.35,14
2017-02-24,JOR,1,1,0,1.0,5
2017-02-24,JPN,2,2,0,1.0,2
2017-02-24,KNA,1,0,1,-4.0,1
2017-02-24,LBN,3,3,0,3.0,6
2017-02-24,LBR,5,3,2,-0.26,14
2017-02-24,LKA,19,13,6,-0.358,157
2017-02-24,MMR,18,12,6,0.361,50
2017-02-24,MYS,4,1,3,-2.75,18
2017-02-24,NLD,2,2,0,2.35,4
2017-02-24,NOR,3,3,0,8.0,30
2017-02-24,NPL,33,7,26,-1.845,71
2017-02-24,NZL,2,2,0,2.35,8
2017-02-24,PAK,66,42,24,0.689,190
2017-02-24,PHL,2,2,0,5.2,6
2017-02-24,PRK,1,0,1,-2.0,4
2017-02-24,RUS,5,5,0,3.76,51
2017-02-24,RWA,8,7,1,2.787,158
2017-02-24,SAS,7,4,3,-3.186,22
2017-02-24,SAU,11,11,0,0.8,59
2017-02-24,SGP,6,6,0,2.35,28
2017-02-24,SYR,2,1,1,0.7,3
2017-02-24,TUR,3,3,0,3.4,14
2017-02-24,UGA,13,13,0,2.292,136
2017-02-24,UKR,2,2,0,6.4,36
2017-02-24,USA,224,105,119,-1.829,1275
2017-02-24,UZB,2,0,2,-5.0,4
2017-02-24,VNM,2,2,0,1.0,2
2017-02-24,ZAF,4,4,0,3.0,6
2017-02-25,AFG,2,1,1,-3.5,6
2017-02-25,ARE,16,13,3,1.412,57
2017-02-25,AUS,9,8,1,1.1,44
2017-02-25,BEL,2,2,0,2.35,8
2017-02-25,BGD,18,18,0,1.583,111
2017-02-25,BGR,2,2,0,2.35,8
2017-02-25,BTN,1,1,0,6.4,6
2017-02-25,CAN,4,4,0,1.0,12
2017-02-25,CHE,3,2,1,1.8,9
2017-02-25,CHN,37,26,11,0.378,106
2017-02-25,DEU,7,7,0,0.0,34
2017-02-25,DNK,2,2,0,2.35,16
2017-02-25,EGY,14,12,2,0.707,176
2017-02-25,ETH,2,2,0,2.35,14
2017-02-25,EUR,1,0,1,-10.0,4
2017-02-25,FIN,1,1,0,0.0,6
2017-02-25,FRA,6,5,1,1.05,34
2017-02-25,GBR,31,29,2,2.752,95
2017-02-25,GMB,2,2,0,2.35,8
2017-02-25,GTM,1,1,0,7.4,10
2017-02-25,GUY,1,1,0,0.0,5
2017-02-25,IRL,2,2,0,2.35,24
2017-02-25,IRN,2,2,0,2.35,8
2017-02-25,IRQ,6,6,0,2.35,24
2017-02-25,ISR,4,4,0,2.35,12
2017-02-25,JOR,2,0,2,-5.0,4
2017-02-25,JPN,9,6,3,2.733,56
2017-02-25,LBN,2,2,0,2.35,8
2017-02-25,LKA,17,14,3,1.053,100
2017-02-25,LVA,1,1,0,0.0,4
2017-02-25,MDV,6,4,2,-2.083,60
2017-02-25,MLI,5,5,0,4.0,48
2017-02-25,MMR,7,7,0,1.829,56
2017-02-25,MYS,4,2,2,-1.325,12
2017-02-25,NPL,16,15,1,0.688,39
2017-02-25,OMN,3,3,0,3.4,6
2017-02-25,PAK,55,40,15,1.727,234
2017-02-25,RUS,1,1,0,6.0,12
2017-02-25,RWA,5,4,1,3.74,26
2017-02-25,SAS,3,1,2,-0.333,6
2017-02-25,SAU,36,17,19,0.519,335
2017-02-25,SYR,11,6,5,-3.264,76
2017-02-25,TUR,8,2,6,-2.75,25
2017-02-25,UGA,1,1,0,3.4,6
2017-02-25,USA,148,98,50,-0.518,946
2017-02-25,ZAF,1,0,1,-5.0,6
2017-02-26,AFG,46,26,20,-3.076,564
2017-02-26,ARE,5,5,0,5.2,54
2017-02-26,AUS,5,3,2,-1.36,16
2017-02-26,BEL,1,0,1,-5.0,4
2017-02-26,BGD,6,3,3,-0.583,35
2017-02-26,BRA,1,1,0,3.4,4
2017-02-26,BTN,2,2,0,2.35,2
2017-02-26,CAN,2,2,0,2.35,24
2017-02-26,CHN,7,6,1,0.5,26
2017-02-26,DEU,4,4,0,3.6,16
2017-02-26,EGY,9,7,2,-0.344,28
2017-02-26,FIN,3,0,3,-5.0,158
2017-02-26,FRA,2,1,1,-3.05,7
2017-02-26,GBR,16,11,5,1.069,54
2017-02-26,GRC,2,0,2,-10.0,4
2017-02-26,IRQ,1,1,0,4.0,10
2017-02-26,JPN,2,2,0,0.0,5
2017-02-26,LBY,12,9,3,2.108,65
2017-02-26,LKA,4,0,4,-5.0,12
2017-02-26,MDV,8,3,5,-5.438,74
2017-02-26,MLI,1,1,0,4.0,6
2017-02-26,MYS,8,6,2,2.0,25
2017-02-26,NPL,4,4,0,1.6,9
2017-02-26,OMN,3,2,1,1.333,26
2017-02-26,PAK,39,29,10,0.9,238
2017-02-26,PRK,3,0,3,-2.0,4
2017-02-26,PRT,4,4,0,2.35,8
2017-02-26,RUS,2,0,2,-2.0,4
2017-02-26,SAS,4,4,0,0.75,20
2017-02-26,SAU,1,0,1,-2.0,1
2017-02-26,SGP,4,4,0,2.35,12
2017-02-26,SYR,2,2,0,2.35,8
2017-02-26,UGA,2,2,0,2.35,16
2017-02-26,USA,178,98,80,-1.139,1775
2017-02-26,VNM,2,2,0,1.0,8
2017-02-27,AFG,7,5,2,-1.443,30
2017-02-27,AFR,3,3,0,5.0,20
2017-02-27,ARE,13,13,0,5.3,163
2017-02-27,ASA,4,4,0,5.175,20
2017-02-27,AUS,11,10,1,1.8,17
2017-02-27,AUT,2,2,0,6.4,6
2017-02-27,BGD,13,10,3,2.077,57
2017-02-27,BRA,1,1,0,3.4,10
2017-02-27,CAN,1,1,0,0.0,3
2017-02-27,CHE,8,6,2,2.0,12
2017-02-27,CHN,4,3,1,0.25,14
2017-02-27,CZE,2,2,0,4.0,2
2017-02-27,EGY,5,5,0,2.26,8
2017-02-27,FIN,5,4,1,6.0,58
2017-02-27,FRA,3,3,0,3.8,10
2017-02-27,GBR,18,15,3,3.5,52
2017-02-27,HUN,2,2,0,1.0,2
2017-02-27,IDN,1,0,1,-6.5,4
2017-02-27,IRL,2,0,2,-5.0,3
2017-02-27,IRN,10,0,10,-5.3,12
2017-02-27,IRQ,3,3,0,3.0,6
2017-02-27,ISR,9,9,0,2.7,36
2017-02-27,ITA,5,5,0,3.88,6
2017-02-27,JOR,6,6,0,2.35,20
2017-02-27,JPN,5,4,1,1.14,38
2017-02-27,KOR,2,2,0,8.0,12
2017-02-27,KWT,1,0,1,-5.0,2
2017-02-27,LBY,6,4,2,1.667,42
2017-02-27,LKA,7,4,3,0.643,25
2017-02-27,LVA,1,1,0,3.4,6
2017-02-27,MAR,2,2,0,1.0,24
2017-02-27,MDV,1,0,1,-10.0,12
2017-02-27,MMR,3,0,3,-10.0,10
2017-02-27,MYS,3,2,1,1.0,18
2017-02-27,NPL,14,12,2,0.807,23
2017-02-27,PAK,48,23,25,-0.496,165
2017-02-27,POL,2,0,2,-7.5,5
2017-02-27,PSE,4,4,0,2.35,12
2017-02-27,SAS,7,7,0,3.1,42
2017-02-27,SAU,10,7,3,0.19,168
2017-02-27,SEA,1,1,0,0.0,40
2017-02-27,SGP,2,1,1,-0.5,8
2017-02-27,SYR,2,1,1,-2.5,2
2017-02-27,THA,1,1,0,6.4,12
2017-02-27,TON,2,0,2,-5.0,19
2017-02-27,USA,140,104,36,1.064,1055
2017-02-27,VNM,1,1,0,0.0,2
2017-02-27,ZAF,3,3,0,4.733,5
2017-02-28,AFG,13,0,13,-4.423,51
2017-02-28,AFR,10,9,1,1.75,51
2017-02-28,ARE,4,4,0,5.175,32
2017-02-28,AUS,5,5,0,4.06,6
2017-02-28,BGD,12,8,4,0.817,43
2017-02-28,BGR,4,4,0,1.0,48
2017-02-28,CAN,4,4,0,1.0,23
2017-02-28,CHE,1,0,1,-2.0,4
2017-02-28,CHN,23,23,0,2.326,66
2017-02-28,DEU,3,3,0,2.4,9
2017-02-28,EGY,8,8,0,3.15,10
2017-02-28,ESP,1,1,0,3.5,2
2017-02-28,EUR,4,4,0,5.65,21
2017-02-28,FIN,6,6,0,8.0,60
2017-02-28,FRA,12,12,0,2.625,20
2017-02-28,GBR,32,30,2,2.353,97
2017-02-28,IRN,2,0,2,-5.0,2
2017-02-28,IRQ,4,0,4,-4.5,24
2017-02-28,ISR,21,21,0,3.8,146
2017-02-28,ITA,2,2,0,0.0,6
2017-02-28,JOR,2,1,1,-0.5,12
2017-02-28,JPN,10,7,3,2.28,70
2017-02-28,KWT,7,7,0,4.0,12
2017-02-28,LUX,1,1,0,3.0,6
2017-02-28,MDV,4,3,1,1.4,36
2017-02-28,MYS,2,0,2,-5.0,4
2017-02-28,NLD,5,5,0,0.4,9
2017-02-28,NPL,20,12,8,-0.055,73
2017-02-28,NZL,6,4,2,-1.767,16
2017-02-28,OMN,1,1,0,1.0,20
2017-02-28,PAK,56,36,20,1.046,226
2017-02-28,QAT,1,1,0,0.0,2
2017-02-28,RUS,1,1,0,0.0,4
2017-02-28,RWA,2,2,0,1.0,10
2017-02-28,SAS,1,1,0,0.0,6
2017-02-28,SEA,3,2,1,4.667,10
2017-02-28,SGP,10,8,2,1.7,26
2017-02-28,SYR,4,0,4,-5.0,20
2017-02-28,THA,3,3,0,3.7,14
2017-02-28,TON,6,6,0,3.033,13
2017-02-28,TWN,2,2,0,2.35,4
2017-02-28,UKR,6,6,0,4.8,24
2017-02-28,USA,127,80,47,-0.282,723
2017-02-28,VNM,3,3,0,1.567,4
2017-03-01,AFG,21,0,21,-2.0,72
2017-03-01,AFR,11,9,2,2.5,152
2017-03-01,ARE,5,4,1,-0.86,11
2017-03-01,AUS,10,10,0,4.06,98
2017-03-01,AUT,1,1,0,3.4,2
2017-03-01,BGD,12,11,1,2.933,39
2017-03-01,BGR,6,6,0,1.45,14
2017-03-01,BTN,2,0,2,-4.0,8
2017-03-01,CHN,9,8,1,1.711,30
2017-03-01,DEU,4,4,0,2.85,14
2017-03-01,EGY,4,4,0,2.35,12
2017-03-01,ESP,2,2,0,2.35,4
2017-03-01,EUR,3,3,0,4.9,94
2017-03-01,FRA,3,2,1,-1.2,15
2017-03-01,GBR,27,27,0,1.678,91
2017-03-01,ISR,25,25,0,2.428,100
2017-03-01,ITA,1,0,1,-2.0,4
2017-03-01,JOR,1,1,0,-2.0,2
2017-03-01,JPN,8,5,3,2.825,52
2017-03-01,KEN,1,1,0,7.4,12
2017-03-01,KWT,1,1,0,4.0,2
2017-03-01,LKA,3,2,1,2.667,15
2017-03-01,MDV,1,1,0,3.0,20
2017-03-01,MYS,1,1,0,0.0,6
2017-03-01,NGA,4,4,0,2.35,6
2017-03-01,NPL,82,39,43,0.141,408
2017-03-01,OMN,4,3,1,3.75,28
2017-03-01,PAK,112,60,52,0.796,646
2017-03-01,PRT,1,0,1,-9.5,10
2017-03-01,RUS,4,4,0,4.85,8
2017-03-01,SAS,10,2,8,-1.8,128
2017-03-01,SAU,7,7,0,2.414,28
2017-03-01,SEA,1,0,1,-5.0,10
2017-03-01,SGP,4,4,0,1.0,6
2017-03-01,SUR,1,0,1,-2.0,6
2017-03-01,SWE,4,4,0,8.0,10
2017-03-01,SYR,6,3,3,1.5,23
2017-03-01,THA,1,1,0,3.4,24
2017-03-01,USA,96,60,36,-0.438,531
2017-03-01,VNM,2,1,1,-0.5,6
2017-03-01,ZAF,5,5,0,5.0,8
2017-03-01,ZMB,5,5,0,5.6,30
2017-03-02,AFG,30,25,5,0.913,139
2017-03-02,AFR,3,3,0,6.267,6
2017-03-02,ARE,5,5,0,2.3,18
2017-03-02,AUS,8,6,2,0.425,42
2017-03-02,BGD,16,13,3,2.875,137
2017-03-02,BGR,2,2,0,2.35,80
2017-03-02,BHR,2,2,0,7.0,4
2017-03-02,BRA,1,1,0,0.4,5
2017-03-02,CAN,3,1,2,-1.533,25
2017-03-02,CHE,2,2,0,0.0,6
2017-03-02,CHN,6,6,0,3.783,18
2017-03-02,DEU,9,9,0,1.911,46
2017-03-02,EUR,5,5,0,2.48,98
2017-03-02,FRA,8,7,1,2.388,16
2017-03-02,GBR,44,38,6,1.073,212
2017-03-02,GRD,2,2,0,2.35,8
2017-03-02,GUY,3,3,0,3.233,6
2017-03-02,IRN,6,6,0,1.0,22
2017-03-02,ISR,34,30,4,1.447,171
2017-03-02,ITA,2,0,2,-5.0,12
2017-03-02,JPN,4,4,0,3.275,15
2017-03-02,KGZ,1,0,1,-6.5,10
2017-03-02,KOR,3,0,3,-2.0,10
2017-03-02,LKA,25,8,17,-2.432,238
2017-03-02,MCO,1,1,0,7.0,8
2017-03-02,MEA,2,0,2,-7.2,47
2017-03-02,MMR,7,4,3,-2.943,46
2017-03-02,MUS,2,2,0,2.35,12
2017-03-02,MYS,2,2,0,4.0,2
2017-03-02,NGA,3,0,3,-5.0,4
2017-03-02,NPL,44,31,13,3.523,1267
2017-03-02,PAK,77,41,36,-0.657,314
2017-03-02,PHL,6,6,0,5.0,27
2017-03-02,PRK,1,1,0,0.0,2
2017-03-02,QAT,1,1,0,7.4,1
2017-03-02,RUS,22,11,11,-0.623,50
2017-03-02,SAS,4,1,3,-1.25,14
2017-03-02,SEA,6,6,0,3.5,9
2017-03-02,SGP,2,1,1,1.7,2
2017-03-02,SWE,4,3,1,0.625,16
2017-03-02,THA,1,1,0,4.0,1
2017-03-02,TWN,2,2,0,2.35,4
2017-03-02,UGA,3,0,3,-5.0,10
2017-03-02,USA,79,34,45,-1.075,673
2017-03-02,VNM,1,1,0,6.4,1
2017-03-02,YEM,7,5,2,-0.371,13
2017-03-03,AFG,2,2,0,4.2,4
2017-03-03,AFR,3,3,0,2.267,6
2017-03-03,ARE,2,2,0,7.4,2
2017-03-03,ARG,1,0,1,-2.0,6
2017-03-03,AUS,21,18,3,2.071,100
2017-03-03,AUT,1,0,1,-5.0,4
2017-03-03,BEL,2,2,0,3.4,18
2017-03-03,BGD,20,17,3,1.91,556
2017-03-03,BTN,2,2,0,3.0,12
2017-03-03,CAN,14,14,0,5.386,49
2017-03-03,CHN,237,183,54,1.395,1480
2017-03-03,CRB,2,2,0,2.35,24
2017-03-03,DEU,8,8,0,1.175,24
2017-03-03,EGY,1,0,1,-5.0,10
2017-03-03,EUR,7,7,0,3.043,23
2017-03-03,FRA,13,12,1,2.385,141
2017-03-03,GBR,41,35,6,1.585,121
2017-03-03,GHA,4,4,0,8.0,6
2017-03-03,IDN,6,6,0,1.867,30
2017-03-03,IRN,1,1,0,-2.0,2
2017-03-03,ISR,19,19,0,2.821,62
2017-03-03,ITA,1,1,0,6.4,10
2017-03-03,JPN,17,17,0,4.359,130
2017-03-03,KEN,2,2,0,5.0,4
2017-03-03,LKA,45,7,38,-3.849,566
2017-03-03,LUX,8,8,0,6.0,54
2017-03-03,MDV,1,0,1,-10.0,2
2017-03-03,MEX,2,1,1,-1.5,7
2017-03-03,MMR,5,5,0,2.08,43
2017-03-03,MYS,6,6,0,7.4,13
2017-03-03,NPL,14,8,6,-2.136,35
2017-03-03,PAK,70,51,19,1.439,423
2017-03-03,PHL,4,4,0,3.675,8
2017-03-03,POL,1,0,1,-10.0,3
2017-03-03,PRK,2,2,0,5.0,4
2017-03-03,PSE,1,1,0,7.0,4
2017-03-03,RUS,8,8,0,5.675,14
2017-03-03,SAS,10,8,2,4.32,47
2017-03-03,SAU,1,1,0,0.0,10
2017-03-03,SEA,6,5,1,1.833,10
2017-03-03,SGP,2,2,0,8.0,4
2017-03-03,SWE,1,1,0,6.4,5
2017-03-03,SYR,2,2,0,4.2,6
2017-03-03,THA,1,1,0,3.4,6
2017-03-03,TWN,4,4,0,2.35,20
2017-03-03,USA,122,95,27,0.486,544
2017-03-03,VNM,3,3,0,5.467,5
2017-03-03,YEM,4,4,0,2.0,8
2017-03-03,ZAF,1,1,0,0.4,1
2017-03-03,ZWE,1,1,0,3.4,2
2017-03-04,AFG,7,2,5,-6.657,18
2017-03-04,AFR,7,7,0,2.714,54
2017-03-04,ARE,7,7,0,2.157,26
2017-03-04,AUS,12,7,5,-2.883,68
2017-03-04,BGD,34,33,1,3.2,176
2017-03-04,BHR,2,2,0,4.0,36
2017-03-04,BTN,1,1,0,3.0,4
2017-03-04,CAN,20,20,0,3.025,36
2017-03-04,CHN,124,109,15,1.531,917
2017-03-04,CZE,10,10,0,3.4,16
2017-03-04,DEU,7,7,0,4.4,16
2017-03-04,ESP,1,1,0,3.0,10
2017-03-04,EUR,1,1,0,5.0,5
2017-03-04,FRA,10,9,1,2.94,568
2017-03-04,GBR,14,9,5,-2.729,41
2017-03-04,IDN,5,5,0,4.48,44
2017-03-04,IRN,2,2,0,7.0,4
2017-03-04,ISR,4,4,0,2.35,8
2017-03-04,ITA,3,3,0,3.7,22
2017-03-04,JPN,11,9,2,3.6,46
2017-03-04,KGZ,3,3,0,2.2,4
2017-03-04,KOR,3,0,3,-6.5,10
2017-03-04,LKA,19,4,15,-3.237,259
2017-03-04,MLI,3,3,0,4.0,12
2017-03-04,MMR,4,4,0,2.35,40
2017-03-04,NPL,4,4,0,1.95,9
2017-03-04,PAK,55,40,15,0.369,519
2017-03-04,PRK,1,1,0,3.5,6
2017-03-04,PSE,8,7,1,2.05,38
2017-03-04,RUS,23,20,3,-0.652,87
2017-03-04,SAS,10,8,2,4.32,64
2017-03-04,SAU,4,3,1,3.05,34
2017-03-04,SGP,2,2,0,4.0,768
2017-03-04,TJK,4,3,1,-0.15,12
2017-03-04,TTO,2,0,2,-5.0,6
2017-03-04,TUR,4,4,0,5.5,204
2017-03-04,TWN,1,0,1,-2.0,2
2017-03-04,USA,100,56,44,-0.612,485
2017-03-04,VNM,2,2,0,7.0,2
2017-03-04,YEM,3,0,3,-9.333,20
2017-03-05,AFG,3,0,3,-7.333,10
2017-03-05,AFR,3,3,0,6.0,12
2017-03-05,ARE,7,7,0,3.071,32
2017-03-05,AUS,2,1,1,0.7,2
2017-03-05,BGD,16,15,1,2.962,82
2017-03-05,BGR,1,1,0,0.0,3
2017-03-05,BTN,5,5,0,2.26,20
2017-03-05,CAN,5,5,0,1.72,24
2017-03-05,CHE,2,0,2,-10.0,6
2017-03-05,CHN,47,39,8,1.357,153
2017-03-05,CZE,2,2,0,4.0,2
2017-03-05,DEU,6,6,0,7.0,184
2017-03-05,EUR,8,7,1,3.6,39
2017-03-05,FRA,4,3,1,0.675,34
2017-03-05,GBR,25,18,7,0.136,187
2017-03-05,GHA,1,1,0,0.0,2
2017-03-05,IDN,1,0,1,-2.0,4
2017-03-05,IRN,2,2,0,2.35,8
2017-03-05,ISR,3,3,0,4.6,14
2017-03-05,ITA,3,0,3,-2.0,16
2017-03-05,JOR,1,0,1,-5.0,6
2017-03-05,JPN,6,4,2,1.633,17
2017-03-05,KOR,2,2,0,2.35,24
2017-03-05,LKA,14,1,13,-5.236,62
2017-03-05,MCO,2,0,2,-4.0,4
2017-03-05,MDV,6,2,4,-0.55,14
2017-03-05,MLI,1,0,1,-2.0,10
2017-03-05,MUS,5,5,0,0.0,24
2017-03-05,MYS,1,0,1,-10.0,8
2017-03-05,NPL,2,0,2,-7.2,2
2017-03-05,NZL,2,2,0,3.0,6
2017-03-05,OMN,6,6,0,4.0,48
2017-03-05,PAK,59,18,41,-3.525,335
2017-03-05,RUS,12,11,1,0.125,120
2017-03-05,SAS,2,1,1,-1.0,7
2017-03-05,SYR,3,3,0,4.0,9
2017-03-05,TWN,6,6,0,2.35,14
2017-03-05,USA,112,51,61,-2.152,784
2017-03-05,UZB,1,0,1,-9.5,25
2017-03-06,AFG,18,16,2,2.594,34
2017-03-06,AFR,1,0,1,-10.0,4
2017-03-06,ARE,4,4,0,3.0,11
2017-03-06,AUS,2,0,2,-2.0,9
2017-03-06,BEL,3,3,0,2.667,3
2017-03-06,BGD,31,29,2,1.558,174
2017-03-06,BHR,1,1,0,4.0,6
2017-03-06,BTN,2,2,0,2.35,2
2017-03-06,CAN,14,14,0,2.836,104
2017-03-06,CHN,88,59,29,1.028,685
2017-03-06,CZE,2,2,0,4.0,12
2017-03-06,DEU,19,17,2,5.032,182
2017-03-06,EGY,1,1,0,0.0,4
2017-03-06,ESP,9,9,0,4.0,52
2017-03-06,EUR,10,8,2,1.16,31
2017-03-06,FIN,1,0,1,-2.0,6
2017-03-06,FJI,1,1,0,4.0,48
2017-03-06,FRA,7,7,0,4.071,14
2017-03-06,GBR,45,32,13,-0.171,203
2017-03-06,GHA,2,2,0,3.0,6
2017-03-06,IDN,9,9,0,2.133,39
2017-03-06,IRL,2,2,0,0.0,2
2017-03-06,ISR,19,19,0,2.079,82
2017-03-06,ITA,15,4,11,-3.807,111
2017-03-06,JOR,1,0,1,-6.5,10
2017-03-06,JPN,5,5,0,6.04,18
2017-03-06,KAZ,6,6,0,4.0,40
2017-03-06,KOR,3,3,0,2.567,8
2017-03-06,KWT,2,2,0,2.35,12
2017-03-06,LBN,2,2,0,4.5,7
2017-03-06,LKA,21,3,18,-6.905,95
2017-03-06,MDV,4,0,4,-4.3,6
2017-03-06,MEA,2,2,0,2.35,24
2017-03-06,MMR,4,4,0,6.4,4
2017-03-06,MUS,2,2,0,0.0,3
2017-03-06,MYS,5,2,3,-3.6,20
2017-03-06,NPL,6,6,0,3.9,8
2017-03-06,OMN,8,7,1,4.3,124
2017-03-06,PAK,268,63,205,-4.628,2012
2017-03-06,PRT,7,7,0,6.571,66
2017-03-06,QAT,1,1,0,0.4,2
2017-03-06,RUS,10,10,0,4.96,52
2017-03-06,SAS,17,1,16,-5.706,150
2017-03-06,SEA,3,3,0,1.0,27
2017-03-06,SGP,11,10,1,2.464,39
2017-03-06,THA,13,13,0,2.385,88
2017-03-06,TUR,1,1,0,4.0,1
2017-03-06,TWN,3,3,0,2.4,14
2017-03-06,USA,122,93,29,0.595,1234
2017-03-06,YEM,2,1,1,-0.5,10
2017-03-07,AFG,1,1,0,7.0,3
2017-03-07,AFR,2,0,2,-5.0,3
2017-03-07,ARE,3,0,3,-7.667,5
2017-03-07,AUS,5,2,3,-2.6,6
2017-03-07,BGD,48,40,8,0.865,174
2017-03-07,CAN,27,25,2,2.026,106
2017-03-07,CHE,10,10,0,2.98,50
2017-03-07,CHN,77,58,19,1.794,612
2017-03-07,DEU,5,5,0,3.2,92
2017-03-07,DZA,1,1,0,0.0,1
2017-03-07,EGY,5,5,0,6.72,8
2017-03-07,ESP,6,6,0,4.0,60
2017-03-07,FJI,2,2,0,4.0,18
2017-03-07,FRA,12,4,8,-1.667,78
2017-03-07,GBR,57,42,15,0.646,320
2017-03-07,IDN,6,6,0,3.433,76
2017-03-07,IRL,2,2,0,-2.0,10
2017-03-07,IRN,1,1,0,7.0,6
2017-03-07,IRQ,4,3,1,1.15,22
2017-03-07,ISR,23,23,0,3.27,61
2017-03-07,ITA,9,6,3,-0.811,32
2017-03-07,JOR,1,1,0,0.0,6
2017-03-07,JPN,19,13,6,1.2,67
2017-03-07,KAZ,10,10,0,4.0,60
2017-03-07,LAO,1,0,1,-4.4,4
2017-03-07,LBN,3,0,3,-5.0,6
2017-03-07,LKA,182,47,135,-4.207,978
2017-03-07,MEA,6,6,0,2.35,60
2017-03-07,MEX,1,0,1,-10.0,4
2017-03-07,MLT,7,5,2,0.286,40
2017-03-07,MMR,4,2,2,-1.325,36
2017-03-07,MYS,10,6,4,-2.19,27
2017-03-07,NLD,3,3,0,7.4,6
2017-03-07,NMR,2,2,0,1.0,6
2017-03-07,NPL,20,9,11,-2.715,103
2017-03-07,PAK,70,20,50,-2.501,385
2017-03-07,PHL,2,0,2,-10.0,4
2017-03-07,PRK,1,1,0,5.0,4
2017-03-07,PRT,5,5,0,6.16,16
2017-03-07,PSE,1,1,0,4.0,10
2017-03-07,RUS,8,8,0,4.0,60
2017-03-07,SAS,15,12,3,-1.107,95
2017-03-07,SAU,3,3,0,3.4,12
2017-03-07,SGP,17,8,9,-1.288,224
2017-03-07,SOM,2,0,2,-4.0,3
2017-03-07,SWE,3,3,0,1.567,18
2017-03-07,THA,29,28,1,1.893,133
2017-03-07,TWN,13,13,0,4.1,36
2017-03-07,USA,90,79,11,1.499,396
2017-03-07,ZAF,1,1,0,3.4,10
2017-03-08,AFG,4,4,0,0.0,8
2017-03-08,AFR,1,1,0,1.0,8
2017-03-08,ARE,8,7,1,2.475,23
2017-03-08,AUS,6,4,2,0.4,25
2017-03-08,AUT,3,0,3,-5.0,5
2017-03-08,BGD,34,27,7,1.926,214
2017-03-08,CAN,6,4,2,1.767,27
2017-03-08,CHN,66,45,21,0.442,203
2017-03-08,CUB,2,0,2,-2.0,23
2017-03-08,CZE,4,2,2,-1.75,6
2017-03-08,DEU,27,25,2,0.83,73
2017-03-08,DNK,6,0,6,-5.0,25
2017-03-08,EGY,1,0,1,-5.0,2
2017-03-08,ESP,1,0,1,-6.5,2
2017-03-08,FRA,11,9,2,2.5,65
2017-03-08,GBR,36,30,6,0.022,189
2017-03-08,IDN,6,6,0,5.2,42
2017-03-08,IRL,3,3,0,0.333,12
2017-03-08,IRN,5,1,4,-5.52,10
2017-03-08,IRQ,5,5,0,2.26,16
2017-03-08,ITA,2,0,2,-10.0,6
2017-03-08,JPN,21,21,0,6.838,130
2017-03-08,KEN,1,0,1,-2.0,1
2017-03-08,LKA,69,16,53,-5.528,289
2017-03-08,MDV,7,5,2,-0.229,19
2017-03-08,MEA,1,0,1,-5.0,6
2017-03-08,MLI,5,5,0,3.0,24
2017-03-08,MLT,4,2,2,-2.0,24
2017-03-08,MMR,1,0,1,-10.0,3
2017-03-08,NLD,2,0,2,-5.0,3
2017-03-08,NPL,13,6,7,-1.708,19
2017-03-08,OMN,2,2,0,7.4,40
2017-03-08,PAK,52,19,33,-2.225,176
2017-03-08,POL,4,2,2,-2.75,18
2017-03-08,RUS,5,5,0,0.8,6
2017-03-08,SAS,7,3,4,-3.0,45
2017-03-08,SAU,5,4,1,0.74,41
2017-03-08,SGP,29,6,23,-3.276,397
2017-03-08,SYR,2,2,0,5.0,6
2017-03-08,THA,1,0,1,-2.0,3
2017-03-08,TUR,1,0,1,-5.0,1
2017-03-08,TWN,2,2,0,2.35,8
2017-03-08,UGA,5,5,0,3.34,47
2017-03-08,USA,155,129,26,1.108,890
2017-03-08,YEM,2,0,2,-9.0,20
2017-03-09,AFG,5,0,5,-5.2,12
2017-03-09,AFR,1,1,0,3.0,6
2017-03-09,ARE,1,0,1,-10.0,10
2017-03-09,ASA,2,1,1,-2.7,6
2017-03-09,AUS,9,9,0,2.578,38
2017-03-09,AUT,2,0,2,-10.0,8
2017-03-09,BGD,25,12,13,-2.004,179
2017-03-09,BHR,1,1,0,3.4,64
2017-03-09,BRA,9,9,0,2.533,38
2017-03-09,CAN,2,2,0,-1.0,11
2017-03-09,CHE,5,4,1,2.88,20
2017-03-09,CHN,119,104,15,1.59,466
2017-03-09,DEU,4,4,0,4.5,22
2017-03-09,DNK,5,0,5,-5.0,10
2017-03-09,EGY,64,62,2,2.922,908
2017-03-09,EUR,3,3,0,2.5,10
2017-03-09,FIN,1,1,0,3.5,22
2017-03-09,FRA,7,6,1,1.686,40
2017-03-09,GBR,12,11,1,2.075,39
2017-03-09,IRL,1,1,0,0.0,4
2017-03-09,ISR,7,7,0,6.286,12
2017-03-09,ITA,10,10,0,1.0,112
2017-03-09,JOR,13,13,0,2.877,98
2017-03-09,JPN,7,7,0,6.857,46
2017-03-09,KOR,4,4,0,4.0,32
2017-03-09,KWT,2,2,0,4.05,12
2017-03-09,LKA,79,18,61,-4.514,218
2017-03-09,MDV,5,5,0,1.88,7
2017-03-09,MMR,17,16,1,1.565,50
2017-03-09,MNG,4,4,0,2.35,4
2017-03-09,MYS,2,0,2,-5.0,4
2017-03-09,NGA,1,1,0,0.0,2
2017-03-09,NPL,12,10,2,3.233,81
2017-03-09,PAK,36,23,13,-1.203,274
2017-03-09,POL,1,0,1,-6.5,4
2017-03-09,RUS,7,7,0,1.057,28
2017-03-09,SAS,2,0,2,-2.0,7
2017-03-09,SAU,5,4,1,2.5,14
2017-03-09,SEA,1,1,0,3.0,5
2017-03-09,SGP,23,10,13,0.252,472
2017-03-09,SWE,7,7,0,1.343,18
2017-03-09,SYR,2,2,0,0.0,4
2017-03-09,THA,24,24,0,3.179,129
2017-03-09,TZA,3,1,2,-6.133,16
2017-03-09,USA,129,101,28,1.031,796
2017-03-09,VNM,4,4,0,3.2,8
2017-03-09,ZAF,3,2,1,1.333,91
2017-03-10,AFG,6,2,4,-2.0,19
2017-03-10,AFR,5,5,0,3.16,14
2017-03-10,AUS,5,5,0,1.54,13
2017-03-10,BGD,19,9,10,-1.258,135
2017-03-10,BRA,7,7,0,2.629,11
2017-03-10,BTN,5,1,4,-4.48,27
2017-03-10,CHE,5,3,2,1.2,37
2017-03-10,CHN,49,38,11,1.057,203
2017-03-10,CZE,1,1,0,0.4,4
2017-03-10,DEU,22,19,3,3.109,154
2017-03-10,DZA,4,4,0,2.35,4
2017-03-10,EGY,53,51,2,2.823,178
2017-03-10,FIN,1,1,0,3.5,6
2017-03-10,FRA,14,11,3,0.779,41
2017-03-10,GBR,33,24,9,1.267,166
2017-03-10,GRC,2,2,0,2.35,4
2017-03-10,HUN,22,22,0,7.0,154
2017-03-10,IDN,3,3,0,3.567,9
2017-03-10,ISL,2,2,0,2.35,8
2017-03-10,ISR,8,8,0,3.25,37
2017-03-10,ITA,7,7,0,1.357,99
2017-03-10,JPN,1,0,1,-5.0,2
2017-03-10,KEN,3,0,3,-10.0,5
2017-03-10,KOR,19,18,1,5.621,115
2017-03-10,LBY,3,3,0,2.7,14
2017-03-10,LKA,31,13,18,-3.142,258
2017-03-10,MDV,6,5,1,2.133,18
2017-03-10,MMR,1,0,1,-5.0,5
2017-03-10,NPL,41,31,10,0.402,211
2017-03-10,NZL,2,2,0,3.4,2
2017-03-10,PAK,57,28,29,-1.561,180
2017-03-10,POL,6,4,2,-0.383,22
2017-03-10,QAT,1,1,0,0.0,2
2017-03-10,RUS,37,37,0,2.703,72
2017-03-10,SAS,3,2,1,-0.667,8
2017-03-10,SAU,3,0,3,-7.667,10
2017-03-10,SGP,8,7,1,5.925,51
2017-03-10,SWZ,9,9,0,3.044,131
2017-03-10,THA,11,11,0,2.991,28
2017-03-10,UGA,1,1,0,5.2,2
2017-03-10,USA,61,52,9,1.946,354
2017-03-10,VNM,7,4,3,-2.0,60
2017-03-10,ZAF,6,6,0,3.9,20
2017-03-11,ARE,2,2,0,1.0,12
2017-03-11,AUS,4,4,0,2.125,30
2017-03-11,BEL,2,2,0,-2.0,5
2017-03-11,BGD,1,0,1,-5.0,48
2017-03-11,BGR,3,3,0,3.0,6
2017-03-11,BHR,1,0,1,-4.4,4
2017-03-11,BRN,2,0,2,-9.75,8
2017-03-11,CAN,6,3,3,1.0,11
2017-03-11,CHN,25,18,7,-0.716,122
2017-03-11,DEU,5,5,0,3.28,20
2017-03-11,FRA,4,2,2,-1.9,10
2017-03-11,GBR,37,33,4,1.503,223
2017-03-11,GRC,2,2,0,2.35,6
2017-03-11,HUN,9,9,0,6.6,64
2017-03-11,IDN,4,4,0,2.35,24
2017-03-11,IRN,4,4,0,2.125,20
2017-03-11,IRQ,4,4,0,2.35,20
2017-03-11,ITA,5,1,4,-5.62,42
2017-03-11,JPN,2,2,0,1.0,2
2017-03-11,KOR,4,4,0,7.5,17
2017-03-11,LBN,1,0,1,-10.0,30
2017-03-11,LKA,17,2,15,-6.071,65
2017-03-11,MLT,3,3,0,2.9,30
2017-03-11,NPL,9,8,1,1.6,70
2017-03-11,NZL,4,4,0,2.875,9
2017-03-11,PAK,26,16,10,1.092,66
2017-03-11,PHL,4,0,4,-10.0,30
2017-03-11,POL,2,0,2,-6.5,4
2017-03-11,QAT,2,2,0,8.0,4
2017-03-11,RUS,3,2,1,2.0,22
2017-03-11,SAS,2,1,1,-5.0,7
2017-03-11,SAU,8,8,0,3.188,55
2017-03-11,SEA,6,1,5,-8.333,25
2017-03-11,SGP,3,3,0,6.933,14
2017-03-11,SSD,1,0,1,-9.0,10
2017-03-11,SWZ,10,10,0,3.0,120
2017-03-11,SYR,1,0,1,-2.0,2
2017-03-11,USA,92,80,12,1.045,706
2017-03-11,VNM,3,3,0,4.0,16
2017-03-12,AFG,3,3,0,2.567,12
2017-03-12,ARE,10,10,0,6.17,46
2017-03-12,BGD,8,7,1,2.9,33
2017-03-12,BTN,2,2,0,6.4,23
2017-03-12,CHN,16,15,1,1.637,77
2017-03-12,CZE,2,2,0,3.4,2
2017-03-12,DNK,1,0,1,-10.0,2
2017-03-12,EGY,9,9,0,3.111,17
2017-03-12,FRA,2,2,0,-2.0,2
2017-03-12,GBR,10,10,0,2.41,33
2017-03-12,GTM,2,2,0,1.0,4
2017-03-12,HUN,1,1,0,7.0,6
2017-03-12,IDN,1,0,1,-6.5,10
2017-03-12,IRL,3,3,0,2.2,4
2017-03-12,ISR,2,2,0,3.4,6
2017-03-12,ITA,5,4,1,-0.12,9
2017-03-12,LKA,30,16,14,-3.17,155
2017-03-12,MMR,4,1,3,-3.625,14
2017-03-12,NOR,2,2,0,4.0,16
2017-03-12,NZL,4,4,0,2.875,9
2017-03-12,PAK,38,26,12,-0.645,250
2017-03-12,RUS,4,4,0,1.9,8
2017-03-12,SAU,11,11,0,2.409,32
2017-03-12,SGP,2,2,0,4.0,12
2017-03-12,TZA,1,1,0,7.0,4
2017-03-12,USA,113,101,12,1.743,549
2017-03-12,VNM,2,2,0,4.0,6
2017-03-13,AFG,6,3,3,-2.05,19
2017-03-13,AFR,2,0,2,-5.0,4
2017-03-13,ARE,24,21,3,2.925,135
2017-03-13,AUS,8,8,0,3.025,28
2017-03-13,AUT,3,0,3,-5.0,5
2017-03-13,BGD,23,20,3,2.052,77
2017-03-13,CAN,4,3,1,2.05,16
2017-03-13,CHN,11,5,6,-1.418,28
2017-03-13,CZE,2,2,0,1.65,6
2017-03-13,DEU,3,1,2,-1.667,9
2017-03-13,EGY,4,4,0,2.35,4
2017-03-13,EUR,4,4,0,2.35,12
2017-03-13,FIN,1,1,0,3.4,4
2017-03-13,GBR,26,24,2,1.681,91
2017-03-13,IRN,16,14,2,2.994,676
2017-03-13,ITA,2,2,0,1.0,4
2017-03-13,JPN,8,8,0,1.675,18
2017-03-13,KOR,1,1,0,3.4,4
2017-03-13,LBY,1,0,1,-9.0,1
2017-03-13,LKA,42,16,26,-2.786,249
2017-03-13,NGA,2,2,0,7.0,6
2017-03-13,NPL,8,1,7,-1.8,18
2017-03-13,PAK,38,21,17,-1.492,214
2017-03-13,SAS,3,0,3,-2.0,6
2017-03-13,SAU,11,10,1,1.464,36
2017-03-13,SYR,1,0,1,-9.0,6
2017-03-13,TGO,8,8,0,2.237,24
2017-03-13,THA,4,4,0,4.375,16
2017-03-13,USA,55,53,2,2.207,359
2017-03-13,UZB,3,3,0,2.0,5
2017-03-13,YEM,1,1,0,-2.0,18
2017-03-13,ZMB,1,1,0,7.0,1
2017-03-14,AFG,2,2,0,0.4,20
2017-03-14,AFR,3,3,0,6.0,3
2017-03-14,ARE,6,6,0,2.9,12
2017-03-14,AUS,10,10,0,3.01,28
2017-03-14,AUT,9,6,3,-1.767,18
2017-03-14,BGD,40,39,1,3.913,141
2017-03-14,CAN,4,3,1,2.65,29
2017-03-14,CHE,2,2,0,3.5,12
2017-03-14,CHN,17,14,3,1.118,73
2017-03-14,DEU,4,4,0,0.5,19
2017-03-14,FRA,4,3,1,1.525,14
2017-03-14,GBR,7,7,0,3.243,42
2017-03-14,IDN,3,3,0,2.2,8
2017-03-14,IRN,17,10,7,-0.982,153
2017-03-14,IRQ,3,3,0,3.6,7
2017-03-14,JPN,10,10,0,3.55,43
2017-03-14,LKA,16,13,3,4.969,144
2017-03-14,MMR,6,6,0,6.117,20
2017-03-14,MYS,1,1,0,7.4,5
2017-03-14,NLD,2,2,0,4.0,2
2017-03-14,NPL,29,14,15,-0.769,209
2017-03-14,NZL,2,2,0,7.0,20
2017-03-14,PAK,33,23,10,-0.097,111
2017-03-14,QAT,2,2,0,6.4,4
2017-03-14,RUS,6,6,0,4.0,6
2017-03-14,SAU,14,12,2,0.671,52
2017-03-14,SGP,5,5,0,6.4,32
2017-03-14,SWE,9,9,0,1.233,40
2017-03-14,TWN,2,2,0,3.0,20
2017-03-14,UGA,4,4,0,4.0,12
2017-03-14,USA,63,55,8,1.243,1414
2017-03-14,UZB,3,3,0,2.0,5
2017-03-14,YEM,3,3,0,0.0,13
2017-03-14,ZAF,3,3,0,3.4,6
2017-03-15,AFG,3,3,0,1.0,5
2017-03-15,AFR,4,4,0,4.0,18
2017-03-15,ARE,6,1,5,-3.167,16
2017-03-15,AUS,5,3,2,-2.96,7
2017-03-15,AUT,8,6,2,0.425,9
2017-03-15,BGD,52,46,6,2.771,262
2017-03-15,BGR,4,0,4,-10.0,30
2017-03-15,CAN,14,10,4,1.871,122
2017-03-15,CHE,4,4,0,-0.4,36
2017-03-15,CHN,23,15,8,-0.587,65
2017-03-15,DEU,8,8,0,1.5,26
2017-03-15,DZA,1,0,1,-5.0,2
2017-03-15,EUR,7,7,0,4.129,30
2017-03-15,FRA,5,5,0,1.54,66
2017-03-15,GBR,29,22,7,2.441,164
2017-03-15,GRC,1,1,0,10.0,4
2017-03-15,HKG,2,2,0,2.35,12
2017-03-15,IDN,3,3,0,5.8,70
2017-03-15,IRL,21,10,11,-3.376,103
2017-03-15,IRN,13,8,5,-1.938,77
2017-03-15,IRQ,1,0,1,-10.0,10
2017-03-15,ISR,2,2,0,2.35,20
2017-03-15,ITA,3,0,3,-6.667,12
2017-03-15,JAM,1,1,0,3.0,1
2017-03-15,JPN,8,8,0,2.913,48
2017-03-15,LBN,1,1,0,3.0,5
2017-03-15,LKA,7,2,5,-0.857,49
2017-03-15,MCO,2,2,0,7.0,8
2017-03-15,MYS,2,2,0,4.0,4
2017-03-15,NLD,1,1,0,0.0,6
2017-03-15,NOR,2,2,0,6.0,3
2017-03-15,NPL,38,21,17,-0.437,304
2017-03-15,PAK,47,26,21,-1.498,221
2017-03-15,POL,1,0,1,-9.0,6
2017-03-15,QAT,3,3,0,4.0,8
2017-03-15,RUS,7,7,0,3.057,18
2017-03-15,SAS,9,7,2,-0.578,39
2017-03-15,SEA,3,3,0,3.4,15
2017-03-15,SGP,3,3,0,7.333,26
2017-03-15,SWE,2,0,2,-2.0,12
2017-03-15,SYR,4,4,0,2.35,8
2017-03-15,THA,2,2,0,2.35,4
2017-03-15,TUR,6,6,0,2.667,35
2017-03-15,TWN,3,2,1,-0.1,7
2017-03-15,USA,107,89,18,1.325,419
2017-03-15,UZB,2,0,2,-9.0,19
2017-03-15,VNM,1,1,0,0.0,4
2017-03-16,AFG,1,1,0,3.4,6
2017-03-16,AFR,1,1,0,6.0,4
2017-03-16,ARE,27,27,0,2.97,159
2017-03-16,ASA,2,2,0,7.4,25
2017-03-16,AUS,11,8,3,-0.518,26
2017-03-16,AUT,6,3,3,-1.5,34
2017-03-16,BEL,1,1,0,0.0,10
2017-03-16,BGD,33,29,4,1.821,747
2017-03-16,BHR,5,5,0,2.44,12
2017-03-16,BTN,2,2,0,3.0,30
2017-03-16,CAN,4,3,1,4.5,16
2017-03-16,CHE,4,4,0,2.35,16
2017-03-16,CHN,30,23,7,0.06,94
2017-03-16,DNK,2,0,2,-5.0,36
2017-03-16,ESP,4,4,0,2.35,8
2017-03-16,EUR,3,2,1,-1.433,5
2017-03-16,FJI,1,1,0,3.4,5
2017-03-16,FRA,8,8,0,1.0,14
2017-03-16,GBR,12,4,8,-2.183,45
2017-03-16,GRC,1,1,0,0.0,4
2017-03-16,IDN,4,3,1,2.85,31
2017-03-16,IRL,12,4,8,-6.083,31
2017-03-16,IRN,8,6,2,0.525,25
2017-03-16,IRQ,5,5,0,2.08,8
2017-03-16,ISR,4,4,0,2.35,8
2017-03-16,JPN,8,8,0,4.6,16
2017-03-16,KOR,2,0,2,-2.0,6
2017-03-16,LKA,6,5,1,1.233,44
2017-03-16,LVA,4,4,0,1.0,12
2017-03-16,MLT,4,4,0,2.35,12
2017-03-16,MMR,1,1,0,3.4,4
2017-03-16,MUS,1,0,1,-5.0,4
2017-03-16,NGA,5,4,1,1.52,38
2017-03-16,NLD,2,2,0,0.0,10
2017-03-16,NPL,21,13,8,-0.095,112
2017-03-16,PAK,101,62,39,-0.866,474
2017-03-16,PRK,1,1,0,0.0,4
2017-03-16,QAT,2,0,2,-5.0,8
2017-03-16,RUS,9,7,2,1.333,63
2017-03-16,SEA,1,1,0,6.4,8
2017-03-16,SGP,1,1,0,4.0,10
2017-03-16,SWE,2,2,0,3.0,4
2017-03-16,SYR,2,2,0,5.0,6
2017-03-16,TCD,2,2,0,3.0,3
2017-03-16,THA,1,0,1,-10.0,5
2017-03-16,TWN,4,4,0,2.35,10
2017-03-16,UKR,1,0,1,-5.0,6
2017-03-16,USA,67,55,12,1.063,285
2017-03-16,UZB,5,0,5,-7.4,11
2017-03-16,VNM,3,3,0,7.4,12
2017-03-16,YEM,1,1,0,3.0,2
2017-03-16,ZAF,2,2,0,2.35,10
2017-03-17,AFG,1,0,1,-2.0,2
2017-03-17,AFR,2,2,0,6.0,4
2017-03-17,ARE,10,9,1,3.04,36
2017-03-17,AUS,9,6,3,-0.811,27
2017-03-17,BEL,1,1,0,0.4,8
2017-03-17,BGD,26,19,7,-0.612,136
2017-03-17,BRA,3,0,3,-5.0,13
2017-03-17,CAN,8,8,0,1.212,25
2017-03-17,CHE,2,2,0,4.0,8
2017-03-17,CHN,31,16,15,0.555,132
2017-03-17,CZE,1,1,0,3.0,10
2017-03-17,DEU,4,1,3,-3.125,31
2017-03-17,DNK,3,0,3,-5.0,12
2017-03-17,EGY,1,0,1,-6.5,3
2017-03-17,EUR,1,1,0,6.4,4
2017-03-17,FRA,21,20,1,2.571,99
2017-03-17,GBR,58,52,6,2.779,272
2017-03-17,GRC,2,2,0,1.0,10
2017-03-17,HUN,1,1,0,7.0,36
2017-03-17,IRN,10,9,1,2.63,28
2017-03-17,IRQ,8,0,8,-7.5,54
2017-03-17,ITA,10,10,0,1.89,34
2017-03-17,JPN,8,4,4,-3.362,57
2017-03-17,KOR,3,2,1,0.4,10
2017-03-17,LKA,45,28,17,-0.72,253
2017-03-17,MAR,3,3,0,7.0,12
2017-03-17,MDV,8,2,6,-2.812,30
2017-03-17,MMR,1,1,0,6.4,25
2017-03-17,MUS,18,18,0,2.194,62
2017-03-17,NGA,7,3,4,-1.857,10
2017-03-17,NPL,8,6,2,1.225,54
2017-03-17,NZL,8,8,0,2.188,12
2017-03-17,PAK,153,135,18,1.12,933
2017-03-17,POL,4,4,0,2.35,12
2017-03-17,PRK,9,0,9,-2.0,78
2017-03-17,RUS,83,81,2,6.259,454
2017-03-17,SAU,1,0,1,-2.0,50
2017-03-17,SGP,2,2,0,4.0,6
2017-03-17,SYR,2,2,0,1.7,6
2017-03-17,THA,2,0,2,-6.0,4
2017-03-17,USA,99,88,11,1.182,505
2017-03-17,UZB,4,3,1,-0.75,7
2017-03-18,AFG,3,0,3,-7.333,12
2017-03-18,ARE,4,4,0,2.35,8
2017-03-18,AUS,17,17,0,2.953,46
2017-03-18,AUT,2,0,2,-10.0,8
2017-03-18,BEL,7,2,5,-7.029,766
2017-03-18,BGD,36,26,10,-0.242,176
2017-03-18,BHR,2,0,2,-4.0,5
2017-03-18,CAN,2,2,0,3.4,2
2017-03-18,CHE,2,2,0,4.0,12
2017-03-18,CHN,41,7,34,-2.041,254
2017-03-18,CUB,2,2,0,0.0,3
2017-03-18,DEU,13,12,1,0.362,48
2017-03-18,EUR,2,1,1,-0.5,11
2017-03-18,FRA,17,17,0,2.341,38
2017-03-18,GBR,44,40,4,1.209,180
2017-03-18,GRC,2,2,0,1.0,2
2017-03-18,IDN,6,6,0,1.9,10
2017-03-18,IRL,5,0,5,-10.0,5
2017-03-18,IRN,6,1,5,-5.267,18
2017-03-18,ISR,2,2,0,2.35,2
2017-03-18,JPN,5,3,2,-1.2,35
2017-03-18,LBN,1,1,0,3.0,2
2017-03-18,LKA,13,7,6,-0.869,56
2017-03-18,MDV,2,2,0,-0.4,4
2017-03-18,MEX,3,3,0,1.467,5
2017-03-18,MMR,6,5,1,2.5,74
2017-03-18,MYS,2,0,2,-3.5,16
2017-03-18,NPL,4,3,1,0.5,9
2017-03-18,NZL,2,2,0,7.0,2
2017-03-18,PAK,60,46,14,0.128,163
2017-03-18,PRK,28,0,28,-2.0,219
2017-03-18,RUS,24,22,2,5.417,96
2017-03-18,SAU,1,0,1,-2.0,5
2017-03-18,SGP,2,1,1,-1.25,13
2017-03-18,SWE,3,3,0,3.0,8
2017-03-18,TUR,1,0,1,-5.0,3
2017-03-18,USA,84,72,12,1.268,349
2017-03-19,AFG,2,2,0,4.0,4
2017-03-19,ARE,8,8,0,3.262,16
2017-03-19,AUS,20,10,10,-1.51,82
2017-03-19,BEL,1,1,0,0.4,4
2017-03-19,BGD,40,34,6,1.017,158
2017-03-19,CAN,4,4,0,2.35,12
2017-03-19,CHN,9,7,2,1.478,20
2017-03-19,DEU,12,12,0,1.0,96
2017-03-19,DNK,5,5,0,4.3,10
2017-03-19,DZA,2,2,0,0.0,4
2017-03-19,EGY,4,4,0,3.375,6
2017-03-19,EUR,1,1,0,6.4,4
2017-03-19,FIN,6,6,0,0.0,56
2017-03-19,GBR,5,3,2,2.08,512
2017-03-19,IRN,7,6,1,2.286,13
2017-03-19,IRQ,4,3,1,3.25,18
2017-03-19,ISR,5,5,0,1.36,8
2017-03-19,LKA,6,6,0,2.367,14
2017-03-19,MMR,1,1,0,0.0,4
2017-03-19,MYS,1,0,1,-5.0,10
2017-03-19,NGA,1,0,1,-5.0,10
2017-03-19,NPL,13,6,7,-2.4,45
2017-03-19,PAK,44,40,4,2.109,190
2017-03-19,PER,3,0,3,-10.0,6
2017-03-19,PHL,2,2,0,2.35,2
2017-03-19,POL,4,4,0,2.35,4
2017-03-19,PRK,4,2,2,1.0,10
2017-03-19,RUS,6,4,2,3.0,13
2017-03-19,SAS,5,5,0,5.6,32
2017-03-19,SAU,18,16,2,1.856,94
2017-03-19,SGP,1,0,1,-7.2,4
2017-03-19,USA,49,46,3,2.32,174
2017-03-19,ZWE,2,2,0,4.0,8
2017-03-20,AFG,4,4,0,4.0,16
2017-03-20,AFR,2,2,0,6.7,9
2017-03-20,ARE,6,5,1,3.0,14
2017-03-20,AUS,19,10,9,-1.558,85
2017-03-20,BEL,9,6,3,-0.778,30
2017-03-20,BGD,14,13,1,2.536,84
2017-03-20,BHR,6,6,0,2.35,12
2017-03-20,BLR,1,1,0,0.0,7
2017-03-20,BRA,4,4,0,4.0,8
2017-03-20,BTN,1,0,1,-10.0,12
2017-03-20,CAN,21,20,1,2.486,194
2017-03-20,CHN,41,31,10,1.22,424
2017-03-20,DEU,16,16,0,1.062,97
2017-03-20,DNK,1,1,0,3.4,2
2017-03-20,EUR,3,3,0,6.4,4
2017-03-20,FRA,7,4,3,-0.5,13
2017-03-20,GBR,51,40,11,1.29,280
2017-03-20,HUN,1,1,0,7.0,6
2017-03-20,IRN,3,3,0,3.4,60
2017-03-20,IRQ,9,4,5,-1.356,57
2017-03-20,ISR,4,4,0,1.7,8
2017-03-20,ITA,7,4,3,-0.643,13
2017-03-20,JPN,10,5,5,0.46,26
2017-03-20,KOR,4,4,0,4.0,8
2017-03-20,LBN,2,2,0,1.7,13
2017-03-20,LKA,10,3,7,-7.6,20
2017-03-20,MUS,8,8,0,2.35,16
2017-03-20,NGA,3,3,0,7.0,48
2017-03-20,NMR,21,21,0,0.667,144
2017-03-20,NPL,16,8,8,-1.788,46
2017-03-20,OMN,5,2,3,-1.92,26
2017-03-20,PAK,115,106,9,2.571,415
2017-03-20,PRK,3,0,3,-2.0,6
2017-03-20,RUS,12,9,3,1.542,45
2017-03-20,SAS,8,6,2,-0.163,47
2017-03-20,SAU,15,12,3,2.2,174
2017-03-20,SGP,4,4,0,2.35,12
2017-03-20,THA,5,5,0,4.4,22
2017-03-20,TUR,1,1,0,6.4,2
2017-03-20,TZA,5,0,5,-6.0,8
2017-03-20,USA,46,41,5,1.185,252
2017-03-20,VNM,2,1,1,-3.0,12
2017-03-21,AFG,2,2,0,7.0,4
2017-03-21,AFR,2,2,0,2.35,4
2017-03-21,ARE,3,2,1,0.0,13
2017-03-21,ASA,6,6,0,5.667,104
2017-03-21,AUS,25,22,3,2.332,194
2017-03-21,BEL,4,3,1,0.05,38
2017-03-21,BGD,49,46,3,3.143,268
2017-03-21,BRA,4,4,0,4.0,8
2017-03-21,BTN,3,3,0,4.667,5
2017-03-21,CAN,5,5,0,2.8,100
2017-03-21,CHN,36,18,18,-0.672,241
2017-03-21,COL,3,3,0,6.4,6
2017-03-21,ETH,1,1,0,5.2,6
2017-03-21,EUR,1,1,0,7.0,10
2017-03-21,FIN,3,3,0,0.0,12
2017-03-21,FRA,11,10,1,3.8,21
2017-03-21,GBR,48,43,5,3.225,215
2017-03-21,IRN,1,1,0,3.4,20
2017-03-21,IRQ,3,3,0,3.6,14
2017-03-21,ITA,5,0,5,-6.8,12
2017-03-21,JPN,7,5,2,1.957,54
2017-03-21,KOR,11,11,0,2.909,32
2017-03-21,LKA,53,10,43,-3.66,327
2017-03-21,MDV,3,2,1,-0.333,26
2017-03-21,NGA,2,2,0,2.35,2
2017-03-21,NLD,3,3,0,1.0,4
2017-03-21,NOR,1,1,0,3.4,1
2017-03-21,NPL,35,33,2,3.143,268
2017-03-21,NZL,3,3,0,2.2,8
2017-03-21,OMN,6,6,0,7.4,36
2017-03-21,PAK,62,46,16,0.715,285
2017-03-21,QAT,2,2,0,2.35,12
2017-03-21,RUS,3,3,0,1.567,5
2017-03-21,SAS,3,0,3,-7.0,12
2017-03-21,SAU,10,6,4,-0.44,38
2017-03-21,SEA,1,1,0,3.0,6
2017-03-21,SGP,1,1,0,7.4,5
2017-03-21,SOM,1,0,1,-10.0,5
2017-03-21,THA,4,4,0,4.0,16
2017-03-21,TUR,9,9,0,3.6,22
2017-03-21,USA,96,90,6,2.923,396
2017-03-21,UZB,4,4,0,8.0,12
2017-03-21,VNM,1,1,0,1.0,4
2017-03-21,ZAF,1,0,1,-5.0,4
2017-03-22,AFG,1,1,0,0.0,2
2017-03-22,ARE,4,4,0,4.0,6
2017-03-22,AUS,43,34,9,0.798,226
2017-03-22,AUT,5,0,5,-10.0,41
2017-03-22,BEL,11,9,2,0.255,54
2017-03-22,BGD,54,36,18,0.87,298
2017-03-22,BRA,4,4,0,4.0,8
2017-03-22,BTN,2,2,0,3.0,7
2017-03-22,CAN,1,1,0,5.0,2
2017-03-22,CHE,6,6,0,1.45,12
2017-03-22,CHN,16,15,1,2.362,32
2017-03-22,DEU,5,4,1,0.88,12
2017-03-22,DNK,1,1,0,3.4,8
2017-03-22,ESP,7,7,0,1.0,16
2017-03-22,EUR,1,1,0,0.0,4
2017-03-22,FRA,7,7,0,3.714,13
2017-03-22,GBR,52,35,17,0.252,289
2017-03-22,IRN,4,1,3,-2.9,12
2017-03-22,ISR,3,3,0,4.0,10
2017-03-22,ITA,3,0,3,-10.0,5
2017-03-22,JPN,3,3,0,3.667,18
2017-03-22,KEN,2,0,2,-2.0,5
2017-03-22,KOR,7,7,0,4.171,26
2017-03-22,LBN,1,1,0,0.0,6
2017-03-22,LKA,16,6,10,-1.913,76
2017-03-22,LSO,4,4,0,2.35,4
2017-03-22,MDV,4,4,0,0.0,9
2017-03-22,MMR,1,1,0,3.0,4
2017-03-22,NGA,42,39,3,7.024,516
2017-03-22,NPL,22,17,5,1.591,78
2017-03-22,NZL,5,0,5,-2.4,13
2017-03-22,OMN,4,4,0,7.4,12
2017-03-22,PAK,79,58,21,1.278,307
2017-03-22,PNG,4,4,0,1.0,4
2017-03-22,PRT,2,2,0,-2.0,2
2017-03-22,QAT,2,2,0,2.35,12
2017-03-22,RUS,4,4,0,1.675,6
2017-03-22,SAS,1,0,1,-7.0,6
2017-03-22,SAU,17,14,3,1.153,67
2017-03-22,SEA,1,0,1,-9.0,5
2017-03-22,SGP,2,2,0,3.7,14
2017-03-22,SYR,1,1,0,3.0,2
2017-03-22,THA,10,4,6,-1.25,42
2017-03-22,USA,88,80,8,2.743,378
2017-03-23,AFG,7,5,2,-0.286,24
2017-03-23,ARE,5,4,1,-1.4,11
2017-03-23,ASA,2,2,0,7.0,12
2017-03-23,AUS,21,11,10,-1.205,84
2017-03-23,BEL,1,1,0,3.0,2
2017-03-23,BGD,70,64,6,2.836,422
2017-03-23,BRA,3,2,1,-0.667,10
2017-03-23,CAN,2,2,0,5.2,18
2017-03-23,CHN,19,16,3,1.816,68
2017-03-23,CRI,1,0,1,-4.4,1
2017-03-23,DNK,1,0,1,-5.0,14
2017-03-23,ESP,4,4,0,1.875,24
2017-03-23,FRA,6,4,2,-1.1,14
2017-03-23,GBR,103,65,38,-0.112,1041
2017-03-23,IRQ,4,2,2,-3.7,40
2017-03-23,ISR,6,6,0,2.7,12
2017-03-23,ITA,2,2,0,-0.2,7
2017-03-23,JOR,4,4,0,1.175,10
2017-03-23,JPN,3,1,2,-3.0,25
2017-03-23,KOR,6,6,0,3.5,24
2017-03-23,LKA,31,11,20,-3.013,162
2017-03-23,LSO,4,4,0,2.35,4
2017-03-23,MDV,2,1,1,-0.8,25
2017-03-23,MLI,4,4,0,3.2,13
2017-03-23,MMR,5,5,0,0.52,34
2017-03-23,MNG,1,1,0,3.0,2
2017-03-23,MYS,2,1,1,-2.5,7
2017-03-23,NGA,4,0,4,-5.0,9
2017-03-23,NOR,2,2,0,2.35,40
2017-03-23,NPL,7,6,1,0.529,52
2017-03-23,NZL,3,0,3,-3.5,10
2017-03-23,PAK,116,101,15,1.59,597
2017-03-23,PNG,6,6,0,1.0,36
2017-03-23,RUS,10,7,3,0.5,40
2017-03-23,SAS,8,0,8,-8.875,55
2017-03-23,SAU,18,11,7,1.483,136
2017-03-23,SEA,3,0,3,-2.0,47
2017-03-23,SGP,2,2,0,4.0,6
2017-03-23,THA,5,0,5,-5.0,10
2017-03-23,USA,110,90,20,1.588,444
2017-03-24,AFG,1,1,0,0.4,6
2017-03-24,AFR,1,0,1,-6.5,3
2017-03-24,ARE,5,5,0,2.54,22
2017-03-24,AUS,8,8,0,2.837,24
2017-03-24,AUT,2,0,2,-10.0,5
2017-03-24,BEL,1,0,1,-10.0,2
2017-03-24,BGD,51,44,7,1.41,234
2017-03-24,CAN,17,17,0,3.065,56
2017-03-24,CHE,1,0,1,-10.0,10
2017-03-24,CHN,40,35,5,1.685,112
2017-03-24,ESP,1,1,0,1.0,6
2017-03-24,ETH,3,3,0,4.0,3
2017-03-24,EUR,2,2,0,2.35,4
2017-03-24,FRA,1,1,0,-2.0,4
2017-03-24,GBR,38,26,12,1.158,181
2017-03-24,IRQ,3,0,3,-9.333,9
2017-03-24,ISR,8,8,0,2.425,46
2017-03-24,ITA,4,2,2,-1.5,11
2017-03-24,JOR,1,1,0,0.0,4
2017-03-24,JPN,3,1,2,0.0,26
2017-03-24,LKA,29,19,10,0.121,146
2017-03-24,MMR,3,3,0,1.467,11
2017-03-24,MYS,1,1,0,0.0,30
2017-03-24,NPL,7,7,0,2.971,25
2017-03-24,OMN,7,5,2,-0.486,52
2017-03-24,PAK,56,48,8,1.393,244
2017-03-24,POL,1,0,1,-2.0,20
2017-03-24,QAT,2,0,2,-9.0,6
2017-03-24,RUS,11,7,4,-0.727,40
2017-03-24,SAS,1,0,1,-2.0,18
2017-03-24,SAU,4,0,4,-4.75,14
2017-03-24,SEA,1,0,1,-2.0,8
2017-03-24,SRB,2,2,0,3.4,20
2017-03-24,THA,1,1,0,-2.0,8
2017-03-24,UKR,11,0,11,-9.5,43
2017-03-24,USA,108,84,24,0.948,446
2017-03-24,VEN,1,0,1,-10.0,3
2017-03-24,VNM,4,4,0,2.35,20
2017-03-25,ARE,3,3,0,4.667,13
2017-03-25,AUS,6,3,3,-3.0,30
2017-03-25,BGD,59,46,13,2.027,311
2017-03-25,CAN,6,5,1,2.183,21
2017-03-25,CHE,6,4,2,-2.667,12
2017-03-25,CHN,3,2,1,-1.767,30
2017-03-25,DEU,2,0,2,-2.0,15
2017-03-25,ESP,2,2,0,3.4,2
2017-03-25,EUR,4,2,2,-1.25,30
2017-03-25,GBR,21,18,3,0.771,78
2017-03-25,GRC,1,1,0,3.4,20
2017-03-25,IRN,2,2,0,5.0,6
2017-03-25,IRQ,1,1,0,4.0,30
2017-03-25,ISR,1,1,0,3.0,4
2017-03-25,JOR,3,1,2,-3.2,12
2017-03-25,JPN,8,7,1,2.688,49
2017-03-25,KHM,1,1,0,2.8,5
2017-03-25,LKA,22,16,6,0.332,116
2017-03-25,MDV,2,1,1,-2.0,5
2017-03-25,MMR,4,4,0,3.175,25
2017-03-25,NPL,12,10,2,0.642,48
2017-03-25,OMN,2,2,0,3.0,16
2017-03-25,PAK,38,16,22,-2.321,191
2017-03-25,PHL,2,2,0,2.35,4
2017-03-25,PRT,2,2,0,2.35,10
2017-03-25,RUS,1,0,1,-2.0,4
2017-03-25,SAU,14,12,2,1.9,136
2017-03-25,TWN,4,4,0,2.35,8
2017-03-25,USA,90,53,37,-1.354,481
2017-03-25,VAT,1,0,1,-10.0,4
2017-03-26,AFR,1,0,1,-5.0,2
2017-03-26,ARE,4,4,0,4.0,16
2017-03-26,AUS,26,10,16,-3.427,398
2017-03-26,BGD,45,27,18,-0.542,444
2017-03-26,BRA,4,4,0,4.0,8
2017-03-26,CAN,7,4,3,0.086,34
2017-03-26,CHN,16,12,4,1.4,38
2017-03-26,CRB,1,0,1,-9.2,12
2017-03-26,DEU,3,2,1,-1.433,10
2017-03-26,DNK,2,1,1,-2.5,13
2017-03-26,ESP,1,0,1,-10.0,4
2017-03-26,EUR,3,0,3,-4.0,26
2017-03-26,FRA,6,6,0,3.667,14
2017-03-26,GBR,26,24,2,1.788,112
2017-03-26,IRN,10,10,0,3.34,36
2017-03-26,ISR,1,1,0,3.0,4
2017-03-26,ITA,4,1,3,-2.65,20
2017-03-26,KOR,4,4,0,4.0,8
2017-03-26,LBN,2,2,0,2.35,2
2017-03-26,LKA,52,18,34,-1.965,415
2017-03-26,LUX,2,0,2,-5.0,6
2017-03-26,MEA,2,0,2,-7.0,6
2017-03-26,MEX,4,0,4,-5.75,4
2017-03-26,MLI,2,2,0,3.0,7
2017-03-26,NGA,3,3,0,7.0,12
2017-03-26,NPL,2,2,0,3.4,10
2017-03-26,NZL,1,0,1,-2.0,8
2017-03-26,OMN,8,8,0,2.375,26
2017-03-26,PAK,69,40,29,-0.738,543
2017-03-26,RUS,5,5,0,-1.2,6
2017-03-26,SAS,1,1,0,0.0,8
2017-03-26,SAU,4,4,0,6.4,8
2017-03-26,SEA,1,1,0,-0.4,3
2017-03-26,THA,12,12,0,3.117,58
2017-03-26,TTO,2,2,0,2.35,2
2017-03-26,TUR,1,1,0,7.0,4
2017-03-26,USA,54,47,7,2.767,142
2017-03-26,YEM,2,2,0,1.0,3
2017-03-27,ARE,8,8,0,3.65,58
2017-03-27,AUS,39,19,20,-2.428,222
2017-03-27,AUT,5,0,5,-4.7,59
2017-03-27,BGD,42,31,11,0.733,197
2017-03-27,BTN,2,0,2,-4.0,20
2017-03-27,CAN,6,5,1,2.5,7
2017-03-27,CHE,6,4,2,-2.667,9
2017-03-27,CHN,25,24,1,2.68,136
2017-03-27,DEU,9,7,2,0.133,14
2017-03-27,DNK,1,0,1,-5.0,3
2017-03-27,EUR,1,0,1,-4.0,6
2017-03-27,FJI,5,5,0,2.44,12
2017-03-27,FRA,10,10,0,4.87,24
2017-03-27,GBR,24,20,4,2.662,596
2017-03-27,IRN,4,4,0,5.25,6
2017-03-27,ITA,3,0,3,-10.0,15
2017-03-27,JOR,1,0,1,-2.0,4
2017-03-27,JPN,9,8,1,2.544,39
2017-03-27,KOR,4,4,0,4.375,40
2017-03-27,LBN,5,3,2,-0.78,58
2017-03-27,LKA,26,14,12,-0.154,128
2017-03-27,MCO,1,1,0,5.0,8
2017-03-27,MMR,1,1,0,4.5,10
2017-03-27,MNG,8,6,2,-0.737,16
2017-03-27,MUS,3,3,0,1.567,9
2017-03-27,NAM,1,1,0,6.0,5
2017-03-27,NGA,10,0,10,-2.52,30
2017-03-27,NOR,2,2,0,2.35,4
2017-03-27,NPL,23,23,0,4.261,102
2017-03-27,NZL,2,2,0,2.35,18
2017-03-27,PAK,44,23,21,-2.03,286
2017-03-27,QAT,2,2,0,2.35,10
2017-03-27,RUS,13,13,0,1.308,46
2017-03-27,SAU,6,4,2,-1.6,13
2017-03-27,SEA,5,4,1,5.4,15
2017-03-27,SGP,9,9,0,2.333,30
2017-03-27,SWE,1,1,0,6.4,5
2017-03-27,THA,6,6,0,1.9,20
2017-03-27,TTO,2,2,0,2.35,12
2017-03-27,TZA,3,2,1,1.333,22
2017-03-27,USA,68,54,14,0.537,287
2017-03-27,VNM,11,11,0,1.091,69
2017-03-27,ZAF,5,2,3,-2.4,22
2017-03-28,AFG,6,6,0,2.733,163
2017-03-28,AFR,22,10,12,-3.164,212
2017-03-28,ARE,2,2,0,1.0,20
2017-03-28,AUS,22,19,3,1.859,86
2017-03-28,AUT,3,2,1,-0.1,34
2017-03-28,BGD,33,28,5,1.9,253
2017-03-28,CAN,20,13,7,-1.235,49
2017-03-28,CHE,5,5,0,2.26,10
2017-03-28,CHN,58,48,10,2.116,312
2017-03-28,COD,6,0,6,-8.25,24
2017-03-28,COG,2,0,2,-10.0,4
2017-03-28,CYP,1,1,0,4.0,6
2017-03-28,DEU,2,2,0,3.0,8
2017-03-28,DNK,7,0,7,-5.0,24
2017-03-28,ETH,3,3,0,4.0,3
2017-03-28,EUR,3,3,0,1.567,7
2017-03-28,FRA,5,5,0,1.96,13
2017-03-28,GBR,18,15,3,1.989,75
2017-03-28,HRV,2,2,0,2.35,10
2017-03-28,IRN,12,12,0,4.058,46
2017-03-28,IRQ,3,2,1,0.0,16
2017-03-28,ISR,12,12,0,3.167,48
2017-03-28,ITA,6,2,4,-4.55,18
2017-03-28,JOR,7,6,1,0.671,46
2017-03-28,JPN,4,4,0,3.0,34
2017-03-28,KEN,2,0,2,-3.5,6
2017-03-28,KWT,1,1,0,3.0,2
2017-03-28,LBN,3,3,0,3.7,15
2017-03-28,LKA,4,4,0,2.35,20
2017-03-28,MEX,1,1,0,5.2,30
2017-03-28,MLI,2,2,0,5.0,4
2017-03-28,MYS,25,25,0,2.328,48
2017-03-28,NAM,6,6,0,3.05,50
2017-03-28,NGA,55,17,38,-2.96,282
2017-03-28,NLD,4,2,2,-3.825,14
2017-03-28,NPL,24,22,2,3.0,129
2017-03-28,NZL,1,0,1,-4.0,2
2017-03-28,PAK,47,36,11,0.294,350
2017-03-28,RUS,16,15,1,0.25,1317
2017-03-28,SAU,12,6,6,-0.9,83
2017-03-28,TUR,1,0,1,-2.0,7
2017-03-28,TWN,4,4,0,4.0,8
2017-03-28,USA,75,58,17,0.799,404
2017-03-28,VNM,8,5,3,-2.225,18
2017-03-29,AFG,4,4,0,2.875,22
2017-03-29,AFR,27,11,16,-3.419,163
2017-03-29,ARE,2,2,0,2.35,12
2017-03-29,AUS,7,7,0,2.486,27
2017-03-29,AUT,7,5,2,-1.786,22
2017-03-29,BGD,26,26,0,3.881,178
2017-03-29,BHR,1,1,0,4.0,2
2017-03-29,BRA,1,1,0,3.4,2
2017-03-29,CAN,13,10,3,2.908,72
2017-03-29,CHN,49,37,12,0.978,161
2017-03-29,COD,2,0,2,-10.0,342
2017-03-29,CYP,3,3,0,4.0,18
2017-03-29,DNK,5,2,3,-2.6,12
2017-03-29,EGY,1,1,0,4.0,2
2017-03-29,EUR,3,3,0,5.0,18
2017-03-29,FRA,7,5,2,-0.471,22
2017-03-29,GBR,18,18,0,3.078,55
2017-03-29,GRC,1,1,0,3.0,6
2017-03-29,IDN,1,0,1,-10.0,6
2017-03-29,IRQ,11,8,3,2.091,123
2017-03-29,ISR,9,8,1,1.867,42
2017-03-29,ITA,3,3,0,1.567,7
2017-03-29,JPN,3,2,1,-3.467,10
2017-03-29,KAZ,6,6,0,7.0,46
2017-03-29,KEN,8,6,2,1.8,45
2017-03-29,KWT,5,0,5,-3.2,67
2017-03-29,LKA,31,18,13,-0.942,252
2017-03-29,MDV,1,1,0,0.0,5
2017-03-29,MEX,2,2,0,5.2,54
2017-03-29,MYS,62,61,1,3.255,297
2017-03-29,NGA,34,6,28,-6.588,962
2017-03-29,NLD,1,1,0,3.0,8
2017-03-29,NPL,12,12,0,4.675,114
2017-03-29,PAK,50,36,14,0.416,214
2017-03-29,RUS,7,7,0,1.829,24
2017-03-29,SAS,3,3,0,3.8,6
2017-03-29,SAU,3,2,1,2.0,38
2017-03-29,SEA,3,1,2,-3.467,4
2017-03-29,SGP,18,18,0,3.967,42
2017-03-29,THA,2,2,0,2.35,12
2017-03-29,TWN,2,2,0,4.0,4
2017-03-29,USA,82,65,17,1.533,859
2017-03-29,VNM,4,4,0,2.35,12
2017-03-29,ZAF,1,0,1,-10.0,10
2017-03-30,AFR,28,17,11,-1.071,147
2017-03-30,ARE,3,3,0,3.233,5
2017-03-30,AUS,6,6,0,2.75,22
2017-03-30,BGD,31,12,19,-2.871,133
2017-03-30,BRA,4,0,4,-8.625,8
2017-03-30,BTN,2,2,0,5.2,8
2017-03-30,CAN,6,6,0,5.667,37
2017-03-30,CHE,6,6,0,2.9,22
2017-03-30,CHN,30,23,7,1.87,115
2017-03-30,COD,7,0,7,-7.214,272
2017-03-30,DEU,1,1,0,-2.0,4
2017-03-30,DNK,5,5,0,2.44,204
2017-03-30,EGY,2,2,0,2.35,4
2017-03-30,ESP,4,4,0,4.0,20
2017-03-30,EUR,2,2,0,2.25,60
2017-03-30,GBR,20,18,2,1.615,92
2017-03-30,GIN,2,2,0,2.35,10
2017-03-30,GUY,2,2,0,7.0,4
2017-03-30,HKG,1,1,0,0.4,4
2017-03-30,IRQ,19,11,8,-0.421,120
2017-03-30,ISR,7,7,0,2.286,24
2017-03-30,ITA,3,3,0,2.7,6
2017-03-30,JPN,10,8,2,0.52,67
2017-03-30,KAZ,16,16,0,2.2,219
2017-03-30,KEN,11,7,4,0.636,34
2017-03-30,KWT,5,5,0,2.88,12
2017-03-30,LKA,5,3,2,-0.86,30
2017-03-30,MEA,2,2,0,2.35,2
2017-03-30,MYS,131,131,0,2.947,589
2017-03-30,NGA,37,11,26,-3.351,179
2017-03-30,NPL,15,11,4,0.527,47
2017-03-30,OMN,7,7,0,2.971,28
2017-03-30,PAK,72,46,26,-0.087,367
2017-03-30,PAN,2,1,1,-0.5,4
2017-03-30,PSE,2,2,0,2.35,4
2017-03-30,QAT,3,3,0,3.4,8
2017-03-30,RUS,6,6,0,4.733,24
2017-03-30,SAU,6,5,1,3.0,86
2017-03-30,SEA,1,0,1,-5.0,1
2017-03-30,SGP,4,4,0,4.0,10
2017-03-30,SSD,4,0,4,-9.0,10
2017-03-30,SWE,2,2,0,4.0,8
2017-03-30,SYR,10,6,4,0.72,16
2017-03-30,THA,1,1,0,3.0,4
2017-03-30,TUR,8,7,1,1.862,19
2017-03-30,TWN,6,3,3,-1.417,16
2017-03-30,TZA,1,0,1,-10.0,6
2017-03-30,USA,126,103,23,1.016,869
2017-03-30,ZMB,6,6,0,7.0,24
2017-03-31,AFR,2,1,1,0.0,16
2017-03-31,ARE,10,10,0,1.55,25
2017-03-31,AUS,4,4,0,2.35,6
2017-03-31,AUT,1,1,0,10.0,2
2017-03-31,BEL,1,1,0,0.0,15
2017-03-31,BGD,38,28,10,0.787,404
2017-03-31,BHR,2,2,0,2.35,4
2017-03-31,BTN,48,47,1,1.517,663
2017-03-31,CAN,8,8,0,3.688,34
2017-03-31,CHE,2,2,0,3.5,6
2017-03-31,CHN,143,112,31,1.427,1410
2017-03-31,COD,8,0,8,-6.312,47
2017-03-31,CZE,1,1,0,0.4,2
2017-03-31,DEU,18,10,8,-1.128,67
2017-03-31,DNK,5,4,1,-0.12,12
2017-03-31,EGY,2,2,0,2.35,4
2017-03-31,EUR,4,4,0,3.0,17
2017-03-31,FRA,11,8,3,1.164,32
2017-03-31,GBR,24,19,5,1.758,82
2017-03-31,GTM,2,2,0,2.35,10
2017-03-31,IRL,2,2,0,0.0,4
2017-03-31,IRN,4,4,0,2.2,12
2017-03-31,ISR,8,8,0,3.175,16
2017-03-31,ITA,2,0,2,-2.0,5
2017-03-31,JPN,8,7,1,4.475,52
2017-03-31,KAZ,7,7,0,1.871,60
2017-03-31,KEN,8,6,2,3.75,16
2017-03-31,LKA,5,3,2,0.4,12
2017-03-31,MAR,2,2,0,2.35,2
2017-03-31,MDV,6,5,1,0.717,26
2017-03-31,MEX,1,1,0,0.0,2
2017-03-31,MLI,3,0,3,-9.0,3
2017-03-31,MMR,11,11,0,1.055,56
2017-03-31,MYS,146,145,1,2.7,509
2017-03-31,NGA,20,7,13,-0.74,110
2017-03-31,NLD,1,0,1,-10.0,5
2017-03-31,NMR,6,6,0,1.683,36
2017-03-31,NPL,4,1,3,-3.75,5
2017-03-31,PAK,51,21,30,-1.878,268
2017-03-31,POL,14,12,2,1.629,50
2017-03-31,PRK,6,0,6,-5.0,12
2017-03-31,RUS,2,2,0,3.0,4
2017-03-31,SAU,20,10,10,0.02,60
2017-03-31,SDN,4,3,1,3.0,6
2017-03-31,SEA,2,2,0,3.7,16
2017-03-31,SGP,2,2,0,4.0,6
2017-03-31,SSD,21,0,21,-9.0,88
2017-03-31,THA,13,11,2,1.392,63
2017-03-31,UKR,2,2,0,2.35,10
2017-03-31,USA,71,55,16,0.6,413
2017-03-31,ZAF,8,8,0,2.35,84
2017-04-01,AFR,16,10,6,-0.138,90
2017-04-01,ARE,1,1,0,4.0,4
2017-04-01,AUS,9,9,0,2.044,18
2017-04-01,BGD,28,22,6,0.539,311
2017-04-01,BTN,6,6,0,2.533,17
2017-04-01,CAN,16,9,7,-1.725,44
2017-04-01,CHN,116,87,29,1.059,684
2017-04-01,COD,8,0,8,-8.938,550
2017-04-01,DEU,4,3,1,1.25,8
2017-04-01,EGY,3,3,0,2.5,12
2017-04-01,FRA,2,0,2,-4.0,15
2017-04-01,GBR,26,19,7,-0.462,120
2017-04-01,GRC,2,2,0,4.0,2
2017-04-01,IRN,1,1,0,6.4,4
2017-04-01,IRQ,2,2,0,2.35,8
2017-04-01,ISL,2,2,0,2.35,8
2017-04-01,ISR,2,2,0,3.0,4
2017-04-01,ITA,6,4,2,-1.767,54
2017-04-01,JPN,13,13,0,3.838,45
2017-04-01,KOR,2,2,0,0.0,9
2017-04-01,KWT,2,2,0,1.0,6
2017-04-01,MDV,1,0,1,-10.0,10
2017-04-01,MMR,2,2,0,4.0,10
2017-04-01,MYS,142,142,0,2.659,764
2017-04-01,NGA,8,6,2,-1.225,288
2017-04-01,NOR,2,2,0,3.2,15
2017-04-01,PAK,55,39,16,0.647,153
2017-04-01,POL,1,1,0,4.0,2
2017-04-01,RUS,2,2,0,1.0,2
2017-04-01,SAU,13,7,6,-0.023,24
2017-04-01,SEA,1,0,1,-9.2,6
2017-04-01,SSD,3,0,3,-9.0,6
2017-04-01,SYR,4,0,4,-10.0,4
2017-04-01,TWN,11,11,0,1.573,28
2017-04-01,USA,59,41,18,-0.234,311
2017-04-02,AFG,1,1,0,0.0,4
2017-04-02,AFR,11,10,1,2.127,24
2017-04-02,ARE,8,3,5,-4.25,17
2017-04-02,AUS,1,1,0,3.0,5
2017-04-02,AUT,2,0,2,-10.0,4
2017-04-02,BGD,32,21,11,0.116,143
2017-04-02,BTN,4,4,0,8.0,20
2017-04-02,CAN,3,3,0,2.5,10
2017-04-02,CHN,75,58,17,1.181,343
2017-04-02,COG,2,2,0,0.4,4
2017-04-02,DEU,18,8,10,-3.567,81
2017-04-02,ETH,1,1,0,3.4,1
2017-04-02,EUR,6,6,0,7.467,142
2017-04-02,GBR,69,63,6,1.674,603
2017-04-02,GRC,2,2,0,2.35,14
2017-04-02,ISL,2,2,0,2.35,8
2017-04-02,ISR,5,4,1,1.48,12
2017-04-02,ITA,8,6,2,2.5,88
2017-04-02,JPN,7,4,3,0.486,20
2017-04-02,LBN,2,2,0,2.35,20
2017-04-02,LKA,8,6,2,0.962,32
2017-04-02,MAR,2,0,2,-10.0,5
2017-04-02,MMR,3,3,0,3.0,11
2017-04-02,MUS,8,8,0,2.35,16
2017-04-02,MYS,33,33,0,1.827,161
2017-04-02,NGA,12,6,6,-3.833,14
2017-04-02,NLD,2,2,0,1.5,4
2017-04-02,NPL,8,6,2,2.5,32
2017-04-02,PAK,67,55,12,1.522,203
2017-04-02,RUS,4,4,0,2.35,4
2017-04-02,SAS,4,1,3,-3.2,23
2017-04-02,SAU,6,6,0,2.233,19
2017-04-02,SGP,3,3,0,2.2,12
2017-04-02,THA,1,1,0,7.0,1
2017-04-02,TWN,17,17,0,2.353,36
2017-04-02,UGA,2,0,2,-10.0,6
2017-04-02,USA,37,32,5,2.181,160
2017-04-02,UZB,4,0,4,-7.0,17
2017-04-03,AFR,52,38,14,0.369,414
2017-04-03,ARE,5,3,2,-0.2,17
2017-04-03,AUS,8,4,4,-1.612,70
2017-04-03,AUT,3,3,0,2.5,4
2017-04-03,BEL,1,1,0,0.0,1
2017-04-03,BGD,46,37,9,2.178,194
2017-04-03,BGR,3,3,0,2.2,12
2017-04-03,BHR,8,8,0,7.0,112
2017-04-03,BRA,4,4,0,3.175,15
2017-04-03,BTN,5,4,1,5.6,41
2017-04-03,CAN,7,7,0,6.571,24
2017-04-03,CHE,3,1,2,-0.2,8
2017-04-03,CHN,75,56,19,0.772,527
2017-04-03,COD,3,0,3,-4.333,63
2017-04-03,CUB,4,4,0,2.35,10
2017-04-03,DEU,73,24,49,-4.688,524
2017-04-03,DNK,3,3,0,2.5,12
2017-04-03,ETH,5,4,1,0.88,20
2017-04-03,EUR,5,3,2,-1.84,81
2017-04-03,FRA,1,0,1,-10.0,3
2017-04-03,GBR,9,5,4,0.222,49
2017-04-03,IRL,1,0,1,-10.0,3
2017-04-03,IRN,27,18,9,0.063,313
2017-04-03,IRQ,9,2,7,-3.033,54
2017-04-03,ISL,3,3,0,2.2,8
2017-04-03,ISR,19,15,4,0.868,70
2017-04-03,ITA,3,3,0,3.7,12
2017-04-03,JPN,7,6,1,2.057,46
2017-04-03,KEN,1,1,0,-2.0,2
2017-04-03,KOR,3,3,0,1.0,24
2017-04-03,LKA,21,13,8,-0.471,80
2017-04-03,MDV,6,6,0,2.35,34
2017-04-03,MMR,5,5,0,3.24,24
2017-04-03,MYS,44,44,0,3.877,167
2017-04-03,NGA,10,7,3,-0.36,42
2017-04-03,NLD,12,12,0,1.533,24
2017-04-03,NPL,7,7,0,5.629,58
2017-04-03,OMN,10,9,1,3.5,73
2017-04-03,PAK,43,17,26,-3.072,191
2017-04-03,POL,1,0,1,-9.0,8
2017-04-03,PRT,1,1,0,0.0,2
2017-04-03,QAT,3,3,0,4.0,10
2017-04-03,RUS,13,11,2,2.231,52
2017-04-03,RWA,1,1,0,3.4,3
2017-04-03,SAS,4,4,0,1.0,30
2017-04-03,SAU,13,13,0,2.315,108
2017-04-03,SEA,2,0,2,-2.0,4
2017-04-03,SGP,11,8,3,0.655,47
2017-04-03,TGO,3,3,0,2.2,14
2017-04-03,TWN,13,13,0,2.246,66
2017-04-03,UGA,1,0,1,-10.0,1
2017-04-03,USA,32,25,7,2.059,404
2017-04-03,ZAF,1,1,0,4.0,2
2017-04-04,AFG,1,1,0,3.4,3
2017-04-04,AFR,13,10,3,1.746,126
2017-04-04,AUS,4,4,0,5.175,6
2017-04-04,AUT,2,2,0,2.35,6
2017-04-04,BGD,45,41,4,2.5,184
2017-04-04,CAN,21,18,3,1.281,78
2017-04-04,CHN,267,192,75,0.842,2539
2017-04-04,COD,1,0,1,-9.0,42
2017-04-04,DEU,34,13,21,-1.782,95
2017-04-04,EUR,3,3,0,2.9,16
2017-04-04,FRA,2,2,0,2.35,4
2017-04-04,GBR,42,40,2,2.676,357
2017-04-04,GRC,2,2,0,4.0,2
2017-04-04,HKG,2,0,2,-2.0,27
2017-04-04,IRL,3,0,3,-10.0,4
2017-04-04,IRN,10,9,1,3.24,26
2017-04-04,IRQ,3,1,2,-0.2,14
2017-04-04,ISR,18,18,0,3.267,38
2017-04-04,ITA,1,0,1,-2.0,4
2017-04-04,JPN,21,21,0,2.181,78
2017-04-04,LKA,20,13,7,1.835,136
2017-04-04,LTU,6,6,0,4.6,24
2017-04-04,MDV,2,2,0,2.35,12
2017-04-04,MMR,9,8,1,3.778,28
2017-04-04,MYS,29,27,2,3.131,128
2017-04-04,NGA,7,2,5,-5.171,59
2017-04-04,NPL,2,2,0,6.4,10
2017-04-04,NZL,4,4,0,2.35,8
2017-04-04,OMN,5,5,0,6.6,29
2017-04-04,PAK,55,36,19,-1.007,745
2017-04-04,POL,2,2,0,6.0,6
2017-04-04,PRT,1,1,0,1.0,1
2017-04-04,QAT,8,8,0,4.0,22
2017-04-04,RUS,55,41,14,0.613,457
2017-04-04,RWA,10,9,1,1.28,39
2017-04-04,SAS,3,3,0,2.5,8
2017-04-04,SAU,5,5,0,1.88,72
2017-04-04,SEA,1,1,0,3.0,6
2017-04-04,SEN,2,0,2,-5.75,6
2017-04-04,SGP,2,2,0,4.0,6
2017-04-04,SWE,2,2,0,6.4,6
2017-04-04,USA,69,62,7,2.69,282
2017-04-04,VNM,6,6,0,2.35,12
2017-04-05,AFR,9,5,4,-0.844,32
2017-04-05,ARE,2,0,2,-6.5,3
2017-04-05,AUS,3,3,0,2.567,22
2017-04-05,BGD,153,145,8,2.633,801
2017-04-05,BTN,4,4,0,2.35,4
2017-04-05,CAN,4,4,0,3.175,20
2017-04-05,CHN,346,232,114,0.253,3755
2017-04-05,DEU,20,13,7,0.67,39
2017-04-05,EGY,1,1,0,3.4,12
2017-04-05,FRA,19,18,1,6.021,90
2017-04-05,GBR,38,28,10,1.955,143
2017-04-05,GRC,1,1,0,4.0,2
2017-04-05,IDN,2,2,0,4.0,12
2017-04-05,IRN,7,7,0,3.014,18
2017-04-05,IRQ,6,4,2,-2.0,20
2017-04-05,ITA,8,8,0,8.0,72
2017-04-05,JOR,2,2,0,2.35,2
2017-04-05,JPN,14,10,4,-0.329,59
2017-04-05,KEN,2,2,0,2.35,24
2017-04-05,KOR,2,2,0,2.35,4
2017-04-05,LBN,1,1,0,0.0,6
2017-04-05,LKA,11,6,5,-1.145,34
2017-04-05,MDV,3,3,0,2.9,6
2017-04-05,MMR,1,1,0,7.4,10
2017-04-05,MNG,14,3,11,-5.186,121
2017-04-05,MYS,22,22,0,2.359,124
2017-04-05,NGA,5,1,4,-8.0,47
2017-04-05,NLD,1,1,0,0.4,4
2017-04-05,NPL,17,17,0,4.165,222
2017-04-05,PAK,77,44,33,-0.844,428
2017-04-05,PHL,2,2,0,6.0,3
2017-04-05,PRK,1,0,1,-9.0,3
2017-04-05,RUS,13,12,1,1.485,34
2017-04-05,SAS,4,4,0,4.175,16
2017-04-05,SAU,17,16,1,0.235,93
2017-04-05,SDN,6,6,0,1.0,12
2017-04-05,SEA,4,4,0,2.35,30
2017-04-05,SGP,5,5,0,3.14,21
2017-04-05,SWE,7,7,0,3.443,30
2017-04-05,SYR,2,0,2,-10.0,4
2017-04-05,THA,3,2,1,1.0,24
2017-04-05,TWN,4,4,0,3.175,7
2017-04-05,USA,75,58,17,1.275,542
2017-04-05,VNM,4,4,0,2.35,10
2017-04-06,AFR,8,3,5,0.3,29
2017-04-06,AUS,31,31,0,2.781,121
2017-04-06,BGD,277,261,16,2.746,1933
2017-04-06,BTN,5,5,0,4.36,9
2017-04-06,CAN,3,3,0,1.567,8
2017-04-06,CHN,278,194,84,0.414,2208
2017-04-06,CIV,6,6,0,4.667,99
2017-04-06,COD,4,0,4,-7.875,36
2017-04-06,ECU,1,1,0,5.0,1
2017-04-06,EGY,11,9,2,2.236,115
2017-04-06,ESP,2,2,0,2.35,2
2017-04-06,FRA,4,4,0,2.35,10
2017-04-06,GBR,22,22,0,2.741,56
2017-04-06,IDN,6,3,3,-0.8,26
2017-04-06,IRN,3,0,3,-5.0,8
2017-04-06,IRQ,6,6,0,2.35,16
2017-04-06,ISR,6,6,0,5.6,15
2017-04-06,ITA,10,10,0,8.0,60
2017-04-06,JOR,27,27,0,2.189,120
2017-04-06,JPN,6,5,1,3.283,20
2017-04-06,KOR,2,1,1,2.5,12
2017-04-06,MAR,3,3,0,7.0,16
2017-04-06,MDV,2,2,0,2.35,4
2017-04-06,MEA,7,7,0,2.286,20
2017-04-06,MNG,1,0,1,-7.2,10
2017-04-06,MYS,11,10,1,1.682,35
2017-04-06,NGA,34,21,13,-0.668,163
2017-04-06,NLD,2,2,0,1.5,5
2017-04-06,NPL,11,6,5,-0.418,44
2017-04-06,NZL,4,4,0,3.8,9
2017-04-06,PAK,44,24,20,-0.645,94
2017-04-06,PHL,1,1,0,6.4,16
2017-04-06,RUS,34,31,3,1.194,172
2017-04-06,RWA,3,2,1,-0.667,13
2017-04-06,SAS,3,1,2,-1.0,14
2017-04-06,SAU,8,5,3,-1.875,47
2017-04-06,SEA,2,0,2,-5.0,4
2017-04-06,SGP,1,0,1,-5.0,15
2017-04-06,TWN,2,2,0,2.35,10
2017-04-06,USA,80,72,8,2.819,282
2017-04-06,ZAF,2,2,0,0.4,4
2017-04-07,AFR,9,8,1,3.144,53
2017-04-07,ARE,5,5,0,3.34,46
2017-04-07,AUS,11,11,0,1.945,32
2017-04-07,AZE,2,2,0,1.7,6
2017-04-07,BEL,6,4,2,3.0,12
2017-04-07,BGD,349,327,22,2.642,1800
2017-04-07,CAN,12,11,1,2.117,71
2017-04-07,CHN,114,81,33,0.417,889
2017-04-07,COD,2,0,2,-5.75,12
2017-04-07,DEU,2,2,0,3.5,5
2017-04-07,EGY,9,9,0,3.711,32
2017-04-07,GBR,21,17,4,1.019,48
2017-04-07,GUY,1,1,0,3.0,2
2017-04-07,IDN,3,3,0,6.4,24
2017-04-07,IRN,15,13,2,1.28,64
2017-04-07,ISR,12,12,0,5.117,58
2017-04-07,JOR,4,4,0,2.35,4
2017-04-07,JPN,5,5,0,7.88,18
2017-04-07,KOR,5,5,0,2.2,30
2017-04-07,LAO,1,0,1,-6.5,8
2017-04-07,LBN,2,2,0,2.35,2
2017-04-07,MDV,5,2,3,-6.0,23
2017-04-07,MEX,1,0,1,-2.0,4
2017-04-07,MMR,10,10,0,2.01,20
2017-04-07,MYS,21,19,2,1.771,72
2017-04-07,NGA,11,3,8,-3.445,49
2017-04-07,NPL,26,23,3,1.708,98
2017-04-07,NZL,2,2,0,4.0,6
2017-04-07,PAK,42,29,13,-0.095,101
2017-04-07,PHL,2,2,0,6.4,6
2017-04-07,QAT,4,4,0,2.35,38
2017-04-07,RUS,5,5,0,2.08,16
2017-04-07,SAS,7,5,2,-0.286,45
2017-04-07,SAU,12,2,10,-4.958,72
2017-04-07,SEA,3,2,1,-0.6,6
2017-04-07,SGP,3,3,0,3.0,4
2017-04-07,SWE,7,0,7,-4.214,55
2017-04-07,SYR,5,0,5,-8.8,19
2017-04-07,THA,2,2,0,2.35,2
2017-04-07,UGA,2,0,2,-7.0,2
2017-04-07,USA,77,56,21,0.508,365
2017-04-07,ZAF,1,1,0,3.0,2
2017-04-08,AFR,8,3,5,-4.213,129
2017-04-08,ARE,20,13,7,-0.335,110
2017-04-08,BEL,1,0,1,-10.0,8
2017-04-08,BGD,477,471,6,3.559,2903
2017-04-08,BTN,7,7,0,3.986,64
2017-04-08,CAN,3,2,1,-1.5,7
2017-04-08,CHN,166,123,43,0.374,4299
2017-04-08,CIV,1,1,0,7.4,6
2017-04-08,CUB,1,0,1,-2.0,10
2017-04-08,DEU,64,15,49,-3.98,386
2017-04-08,FRA,5,5,0,2.26,10
2017-04-08,GBR,24,18,6,0.571,75
2017-04-08,GUY,1,0,1,-10.0,2
2017-04-08,IRL,6,6,0,6.967,27
2017-04-08,IRN,2,2,0,2.35,32
2017-04-08,ISR,4,4,0,2.35,10
2017-04-08,ITA,2,0,2,-5.0,4
2017-04-08,JPN,6,6,0,2.35,16
2017-04-08,KEN,3,3,0,2.5,12
2017-04-08,KOR,6,6,0,3.15,26
2017-04-08,KWT,3,2,1,-0.1,7
2017-04-08,LKA,16,7,9,-1.612,39
2017-04-08,MAR,2,2,0,3.4,4
2017-04-08,MMR,1,0,1,-6.5,4
2017-04-08,MYS,22,22,0,2.064,64
2017-04-08,NGA,6,0,6,-7.5,24
2017-04-08,NMR,1,1,0,0.4,1
2017-04-08,NPL,4,4,0,3.7,37
2017-04-08,PAK,39,17,22,-1.792,209
2017-04-08,POL,1,0,1,-4.0,4
2017-04-08,PRT,2,2,0,2.35,2
2017-04-08,RUS,2,2,0,2.35,4
2017-04-08,SAS,5,5,0,2.56,17
2017-04-08,SAU,4,2,2,-0.5,12
2017-04-08,SDN,2,2,0,6.0,2
2017-04-08,SWE,9,3,6,-1.656,41
2017-04-08,SYR,2,0,2,-7.0,2
2017-04-08,TUR,5,5,0,2.26,48
2017-04-08,UGA,3,0,3,-10.0,10
2017-04-08,USA,74,53,21,-0.134,387
2017-04-08,YEM,2,2,0,3.4,4
2017-04-08,ZAF,1,1,0,3.0,4
2017-04-09,AFR,2,0,2,-9.0,11
2017-04-09,ARE,17,15,2,1.971,194
2017-04-09,ASA,2,2,0,6.5,12
2017-04-09,AUS,93,92,1,3.47,709
2017-04-09,BEL,3,3,0,2.2,12
2017-04-09,BGD,176,168,8,3.395,1007
2017-04-09,BTN,5,5,0,2.94,20
2017-04-09,CAN,4,4,0,2.35,4
2017-04-09,CHE,1,1,0,4.0,4
2017-04-09,CHN,85,59,26,0.605,544
2017-04-09,DEU,34,4,30,-5.076,330
2017-04-09,EGY,17,0,17,-3.412,140
2017-04-09,FRA,2,2,0,2.35,2
2017-04-09,GBR,9,5,4,-2.478,98
2017-04-09,IRL,1,1,0,3.4,8
2017-04-09,IRQ,2,0,2,-3.0,15
2017-04-09,ISR,14,12,2,2.093,51
2017-04-09,JPN,1,0,1,-9.5,4
2017-04-09,LKA,10,4,6,-1.82,22
2017-04-09,MEX,2,1,1,-1.5,6
2017-04-09,MMR,1,0,1,-6.5,4
2017-04-09,MYS,11,11,0,4.209,55
2017-04-09,NGA,2,0,2,-9.0,4
2017-04-09,NPL,15,12,3,1.833,75
2017-04-09,PAK,47,21,26,-1.698,264
2017-04-09,PRK,1,1,0,4.0,2
2017-04-09,QAT,1,1,0,0.0,9
2017-04-09,RUS,6,4,2,-0.6,15
2017-04-09,SAS,12,10,2,-0.317,40
2017-04-09,SAU,1,0,1,-2.0,2
2017-04-09,SEA,2,0,2,-7.5,17
2017-04-09,SGP,6,3,3,1.067,10
2017-04-09,SYR,3,2,1,-3.6,14
2017-04-09,TUV,1,0,1,-9.0,2
2017-04-09,TWN,1,1,0,-2.0,12
2017-04-09,TZA,11,0,11,-6.818,18
2017-04-09,USA,61,45,16,0.872,296
2017-04-09,UZB,3,3,0,2.5,32
2017-04-09,YEM,1,1,0,6.0,6
2017-04-09,ZAF,1,1,0,3.0,2
2017-04-10,ARE,22,19,3,1.75,66
2017-04-10,AUS,139,130,9,2.927,546
2017-04-10,BEL,3,3,0,0.0,8
2017-04-10,BGD,156,148,8,3.465,1580
2017-04-10,BRA,3,2,1,-2.667,9
2017-04-10,BTN,1,1,0,3.4,1
2017-04-10,CAN,3,2,1,0.233,25
2017-04-10,CHN,95,73,22,0.958,877
2017-04-10,DEU,6,0,6,-8.0,26
2017-04-10,DNK,2,2,0,6.4,10
2017-04-10,EGY,5,4,1,0.96,8
2017-04-10,ESP,2,0,2,-5.0,6
2017-04-10,FRA,10,10,0,4.27,32
2017-04-10,GBR,56,51,5,2.745,163
2017-04-10,GRC,2,0,2,-5.0,13
2017-04-10,IDN,4,4,0,2.35,4
2017-04-10,IRN,3,2,1,-3.0,8
2017-04-10,IRQ,1,0,1,-2.0,10
2017-04-10,ITA,8,0,8,-2.75,38
2017-04-10,JPN,17,16,1,4.635,48
2017-04-10,KAZ,2,2,0,2.35,2
2017-04-10,KEN,6,6,0,2.35,28
2017-04-10,KOR,2,2,0,5.2,60
2017-04-10,LKA,2,2,0,-2.0,6
2017-04-10,LTU,2,2,0,3.4,2
2017-04-10,MDV,4,3,1,-0.725,17
2017-04-10,MNG,1,0,1,-5.0,2
2017-04-10,MYS,5,5,0,2.26,12
2017-04-10,NGA,3,0,3,-5.0,6
2017-04-10,NPL,2,2,0,1.5,10
2017-04-10,PAK,176,67,109,-2.2,677
2017-04-10,PHL,1,1,0,5.0,12
2017-04-10,QAT,11,11,0,2.727,91
2017-04-10,SAS,6,4,2,0.567,24
2017-04-10,SAU,4,0,4,-5.0,6
2017-04-10,SEA,5,2,3,-5.52,214
2017-04-10,SGP,5,2,3,0.4,30
2017-04-10,SOM,4,4,0,2.35,8
2017-04-10,SYR,8,5,3,-2.912,16
2017-04-10,THA,2,2,0,2.35,6
2017-04-10,TUR,6,6,0,4.0,12
2017-04-10,TUV,1,0,1,-9.0,2
2017-04-10,UKR,2,2,0,1.0,40
2017-04-10,USA,76,55,21,0.796,518
2017-04-10,YEM,3,2,1,-1.433,6
2017-04-11,AFG,5,5,0,0.94,5
2017-04-11,AFR,5,5,0,1.4,26
2017-04-11,ARE,27,27,0,4.089,88
2017-04-11,AUS,31,25,6,1.045,332
2017-04-11,BEL,6,6,0,1.117,6
2017-04-11,BGD,127,109,18,3.139,604
2017-04-11,CAN,9,4,5,-1.444,49
2017-04-11,CHE,2,2,0,1.0,2
2017-04-11,CHN,116,96,20,0.991,1691
2017-04-11,DEU,3,3,0,3.0,4
2017-04-11,FIN,3,0,3,-4.5,16
2017-04-11,GBR,38,38,0,2.511,158
2017-04-11,IDN,5,3,2,1.96,20
2017-04-11,IRN,7,6,1,0.3,11
2017-04-11,IRQ,1,1,0,4.0,6
2017-04-11,ITA,4,2,2,3.0,20
2017-04-11,JPN,12,10,2,-0.808,53
2017-04-11,KOR,2,2,0,5.2,20
2017-04-11,LKA,6,6,0,0.45,20
2017-04-11,MEA,1,1,0,5.0,6
2017-04-11,MUS,1,1,0,4.0,4
2017-04-11,MYS,10,10,0,1.81,68
2017-04-11,NGA,7,1,6,-8.429,40
2017-04-11,NOR,2,2,0,2.35,12
2017-04-11,NPL,10,8,2,-0.45,54
2017-04-11,OMN,1,1,0,4.0,6
2017-04-11,PAK,362,197,165,-0.946,1933
2017-04-11,PRK,5,2,3,-2.48,27
2017-04-11,QAT,4,4,0,3.0,32
2017-04-11,SAS,8,7,1,3.212,37
2017-04-11,SAU,9,2,7,-2.6,35
2017-04-11,SEA,4,2,2,-3.425,18
2017-04-11,SGP,4,3,1,3.1,9
2017-04-11,SYR,3,2,1,-3.6,20
2017-04-11,TUR,4,4,0,6.0,8
2017-04-11,TZA,3,2,1,-1.5,3
2017-04-11,USA,57,42,15,-0.432,433
2017-04-11,ZMB,8,1,7,-7.938,63
2017-04-12,AFG,3,3,0,2.9,3
2017-04-12,AFR,5,4,1,-0.12,22
2017-04-12,AGO,1,1,0,3.4,4
2017-04-12,ARE,15,14,1,2.867,82
2017-04-12,ASA,8,7,1,1.512,66
2017-04-12,AUS,37,33,4,3.808,155
2017-04-12,BGD,83,71,12,1.318,353
2017-04-12,BWA,2,2,0,2.35,12
2017-04-12,CAN,4,2,2,-2.0,16
2017-04-12,CHE,2,2,0,0.5,12
2017-04-12,CHN,199,160,39,1.509,1680
2017-04-12,DNK,3,3,0,5.333,12
2017-04-12,EGY,5,5,0,3.08,10
2017-04-12,ESP,3,3,0,2.9,12
2017-04-12,EUR,2,2,0,4.7,15
2017-04-12,FIN,2,1,1,-4.75,13
2017-04-12,GBR,19,15,4,3.011,74
2017-04-12,IDN,1,1,0,4.0,12
2017-04-12,IRN,4,2,2,-1.325,50
2017-04-12,IRQ,4,0,4,-9.5,33
2017-04-12,ISR,22,20,2,1.382,122
2017-04-12,JOR,2,2,0,2.35,8
2017-04-12,JPN,1,1,0,7.0,4
2017-04-12,KOR,2,2,0,2.35,12
2017-04-12,MAR,4,4,0,2.35,10
2017-04-12,MMR,1,0,1,-6.5,2
2017-04-12,MYS,1,1,0,6.4,3
2017-04-12,NGA,3,0,3,-7.0,13
2017-04-12,NPL,178,176,2,3.183,1115
2017-04-12,NZL,3,3,0,6.8,14
2017-04-12,OMN,2,1,1,-0.1,8
2017-04-12,PAK,260,124,136,-1.66,911
2017-04-12,PRK,3,3,0,0.4,14
2017-04-12,RUS,15,11,4,2.18,35
2017-04-12,SAU,4,2,2,0.5,34
2017-04-12,SEA,3,1,2,-5.133,12
2017-04-12,SEN,2,2,0,2.35,2
2017-04-12,SGP,1,1,0,3.0,2
2017-04-12,SOM,2,2,0,3.4,6
2017-04-12,SWE,3,2,1,-1.067,10
2017-04-12,THA,4,4,0,1.0,4
2017-04-12,TUR,6,6,0,4.717,20
2017-04-12,TZA,3,0,3,-7.333,8
2017-04-12,USA,58,41,17,0.359,340
2017-04-12,YEM,5,4,1,1.08,20
2017-04-13,AFG,23,20,3,1.352,69
2017-04-13,AFR,4,4,0,1.675,20
2017-04-13,ARE,29,25,4,1.959,83
2017-04-13,ASA,7,7,0,2.286,70
2017-04-13,AUS,11,8,3,1.255,45
2017-04-13,AUT,2,2,0,6.4,3
2017-04-13,BGD,44,38,6,3.507,239
2017-04-13,BRA,2,2,0,2.35,20
2017-04-13,BTN,2,2,0,2.35,8
2017-04-13,BWA,2,2,0,2.35,12
2017-04-13,CAN,15,12,3,1.447,87
2017-04-13,CHN,70,58,12,1.629,440
2017-04-13,FRA,8,7,1,5.088,29
2017-04-13,GBR,38,30,8,0.932,186
2017-04-13,IRN,4,0,4,-8.0,12
2017-04-13,IRQ,1,0,1,-9.5,6
2017-04-13,ISR,20,20,0,1.945,127
2017-04-13,ITA,5,3,2,-0.56,9
2017-04-13,JOR,4,4,0,1.675,8
2017-04-13,JPN,7,6,1,3.443,33
2017-04-13,KOR,2,2,0,2.35,4
2017-04-13,LBN,1,0,1,-5.0,2
2017-04-13,LKA,9,7,2,2.378,18
2017-04-13,MDV,8,8,0,6.0,36
2017-04-13,MEX,1,1,0,7.0,6
2017-04-13,MMR,4,4,0,2.125,20
2017-04-13,MYS,2,1,1,0.0,74
2017-04-13,NPL,49,48,1,3.627,664
2017-04-13,NZL,6,6,0,2.35,8
2017-04-13,OMN,3,3,0,5.0,10
2017-04-13,PAK,102,49,53,-1.357,300
2017-04-13,POL,1,0,1,-10.0,6
2017-04-13,PRK,2,2,0,1.0,4
2017-04-13,QAT,3,3,0,2.5,12
2017-04-13,RUS,9,5,4,0.222,45
2017-04-13,SAS,4,4,0,2.35,4
2017-04-13,SAU,19,12,7,-0.053,82
2017-04-13,SGP,3,3,0,4.0,8
2017-04-13,SOM,4,4,0,7.0,9
2017-04-13,SYR,3,3,0,0.0,10
2017-04-13,THA,4,4,0,1.0,8
2017-04-13,TUR,13,13,0,3.238,36
2017-04-13,USA,54,41,13,0.024,495
2017-04-14,AFG,36,13,23,-3.728,232
2017-04-14,ARE,7,7,0,7.0,10
2017-04-14,AUS,3,0,3,-4.0,8
2017-04-14,BGD,47,47,0,3.055,204
2017-04-14,BTN,7,7,0,2.2,38
2017-04-14,CAN,12,12,0,2.617,30
2017-04-14,CHN,49,42,7,1.457,225
2017-04-14,DNK,1,1,0,0.0,3
2017-04-14,EGY,4,1,3,-5.625,12
2017-04-14,ETH,2,2,0,2.35,8
2017-04-14,GBR,22,22,0,3.682,54
2017-04-14,IDN,3,0,3,-4.0,10
2017-04-14,IRN,1,0,1,-5.0,6
2017-04-14,KEN,14,11,3,0.4,75
2017-04-14,KOR,4,3,1,3.1,4
2017-04-14,LKA,3,3,0,1.567,18
2017-04-14,MEA,4,4,0,0.0,8
2017-04-14,MEX,6,3,3,-3.75,12
2017-04-14,MKD,2,2,0,-2.0,7
2017-04-14,MMR,2,2,0,6.4,20
2017-04-14,MYS,2,1,1,0.5,39
2017-04-14,NPL,7,7,0,2.714,16
2017-04-14,PAK,120,87,33,0.882,418
2017-04-14,RUS,1,1,0,3.0,3
2017-04-14,RWA,2,2,0,0.0,6
2017-04-14,SAS,4,4,0,3.75,19
2017-04-14,SAU,2,1,1,-1.0,9
2017-04-14,SOM,2,2,0,7.0,10
2017-04-14,SYR,2,0,2,-10.0,11
2017-04-14,USA,114,92,22,0.478,755
2017-04-15,AFG,21,7,14,-5.429,111
2017-04-15,AFR,8,8,0,1.275,12
2017-04-15,BGD,50,50,0,3.072,306
2017-04-15,BGR,7,0,7,-5.0,24
2017-04-15,BRA,1,0,1,-5.0,2
2017-04-15,CAN,25,15,10,0.496,91
2017-04-15,CHN,39,36,3,1.554,175
2017-04-15,CRB,3,3,0,3.4,10
2017-04-15,FRA,4,4,0,2.35,12
2017-04-15,GBR,14,12,2,1.529,46
2017-04-15,IRN,5,4,1,3.14,52
2017-04-15,ITA,2,2,0,2.35,12
2017-04-15,JPN,10,10,0,2.73,94
2017-04-15,KEN,8,8,0,2.238,24
2017-04-15,MEA,3,3,0,0.0,6
2017-04-15,MMR,4,3,1,-0.725,25
2017-04-15,MYS,2,2,0,1.0,6
2017-04-15,NGA,2,2,0,7.0,3
2017-04-15,NPL,42,39,3,2.933,348
2017-04-15,NZL,6,6,0,2.2,8
2017-04-15,PAK,152,114,38,0.613,457
2017-04-15,PAN,2,0,2,-2.0,10
2017-04-15,RUS,1,1,0,4.0,10
2017-04-15,SAS,2,2,0,7.0,10
2017-04-15,SAU,11,9,2,2.636,41
2017-04-15,SGP,4,4,0,3.4,6
2017-04-15,THA,2,2,0,3.4,2
2017-04-15,TUR,2,2,0,4.0,60
2017-04-15,USA,101,81,20,0.86,648
2017-04-15,YEM,1,1,0,3.0,10
2017-04-15,ZAF,5,4,1,0.88,9
2017-04-16,AFG,7,5,2,1.6,26
2017-04-16,ARE,24,0,24,-5.0,244
2017-04-16,BGD,32,31,1,2.578,124
2017-04-16,BGR,3,2,1,5.0,6
2017-04-16,CAN,10,7,3,0.18,77
2017-04-16,CHE,4,4,0,2.35,8
2017-04-16,CHN,51,44,7,1.265,185
2017-04-16,DEU,5,0,5,-5.0,60
2017-04-16,EUR,2,2,0,2.35,8
2017-04-16,FRA,8,8,0,2.513,22
2017-04-16,GBR,19,19,0,2.6,79
2017-04-16,IRQ,1,1,0,7.0,18
2017-04-16,ISR,1,1,0,3.4,4
2017-04-16,JOR,1,1,0,0.0,3
2017-04-16,JPN,3,3,0,3.467,30
2017-04-16,LKA,10,2,8,-3.53,25
2017-04-16,MLI,4,2,2,-3.825,8
2017-04-16,MYS,7,6,1,3.657,39
2017-04-16,NGA,3,1,2,-2.167,7
2017-04-16,NPL,62,55,7,2.097,347
2017-04-16,PAK,58,54,4,1.548,200
2017-04-16,SAS,4,4,0,2.35,4
2017-04-16,SAU,1,1,0,3.4,9
2017-04-16,SGP,2,2,0,4.0,6
2017-04-16,SYR,3,3,0,0.4,30
2017-04-16,THA,1,1,0,5.2,1
2017-04-16,USA,47,37,10,0.93,201
2017-04-16,VEN,1,1,0,-2.0,2
2017-04-17,AFG,11,8,3,0.491,17
2017-04-17,AFR,2,2,0,6.4,6
2017-04-17,ARE,7,5,2,0.386,22
2017-04-17,ARG,1,0,1,-9.5,3
2017-04-17,AUS,8,8,0,3.175,66
2017-04-17,AUT,1,0,1,-10.0,2
2017-04-17,BEL,1,1,0,4.0,6
2017-04-17,BGD,16,11,5,0.488,68
2017-04-17,BLR,7,7,0,1.829,14
2017-04-17,CAN,36,31,5,1.75,132
2017-04-17,CHN,65,58,7,1.129,499
2017-04-17,COD,2,0,2,-5.75,12
2017-04-17,COG,6,6,0,1.1,18
2017-04-17,DEU,18,12,6,1.733,64
2017-04-17,ESP,1,0,1,-2.0,4
2017-04-17,GBR,17,13,4,0.235,86
2017-04-17,GRC,2,0,2,-2.0,2
2017-04-17,IRN,2,2,0,2.35,12
2017-04-17,ISR,15,15,0,3.7,90
2017-04-17,JOR,4,4,0,0.2,12
2017-04-17,JPN,4,2,2,-1.6,12
2017-04-17,KOR,2,2,0,3.0,8
2017-04-17,LKA,7,1,6,-3.714,24
2017-04-17,MDV,1,0,1,-10.0,5
2017-04-17,MMR,1,0,1,-10.0,2
2017-04-17,MYS,3,3,0,8.0,4
2017-04-17,NGA,3,1,2,-4.0,8
2017-04-17,NOR,1,1,0,3.4,1
2017-04-17,NPL,224,221,3,2.746,2033
2017-04-17,OMN,4,4,0,4.0,16
2017-04-17,PAK,80,40,40,-2.226,502
2017-04-17,POL,3,3,0,7.467,18
2017-04-17,PSE,4,4,0,2.55,10
2017-04-17,RUS,6,4,2,-0.833,45
2017-04-17,SAS,4,4,0,4.5,30
2017-04-17,SAU,4,3,1,1.4,9
2017-04-17,SEA,2,2,0,7.0,10
2017-04-17,SGP,1,0,1,-4.0,1
2017-04-17,SOM,2,2,0,2.35,12
2017-04-17,SWE,1,1,0,3.4,4
2017-04-17,SYR,1,1,0,3.4,10
2017-04-17,TUR,2,0,2,-3.2,8
2017-04-17,USA,65,54,11,0.714,293
2017-04-17,ZAF,1,0,1,-5.0,3
2017-04-18,AFG,61,61,0,2.316,947
2017-04-18,AFR,1,0,1,-2.0,10
2017-04-18,ARE,8,6,2,0.0,29
2017-04-18,AUS,11,8,3,0.736,68
2017-04-18,AUT,2,2,0,0.0,3
2017-04-18,BGD,40,31,9,1.463,162
2017-04-18,BTN,1,0,1,-5.0,10
2017-04-18,CAN,54,50,4,2.822,149
2017-04-18,CHE,3,0,3,-5.0,24
2017-04-18,CHN,76,71,5,2.151,276
2017-04-18,CUB,1,1,0,0.0,10
2017-04-18,DEU,3,3,0,3.867,22
2017-04-18,DNK,8,8,0,2.612,65
2017-04-18,FRA,1,0,1,-9.0,5
2017-04-18,GBR,108,54,54,-0.89,696
2017-04-18,GRC,8,6,2,1.15,36
2017-04-18,HUN,1,1,0,-2.0,4
2017-04-18,IRN,1,0,1,-5.0,6
2017-04-18,ISR,2,2,0,4.0,2
2017-04-18,ITA,3,2,1,1.333,6
2017-04-18,JOR,1,1,0,0.0,10
2017-04-18,JPN,4,4,0,2.35,8
2017-04-18,KOR,6,1,5,-3.0,32
2017-04-18,LKA,19,16,3,2.268,68
2017-04-18,MMR,3,0,3,-9.667,9
2017-04-18,MYS,6,5,1,-1.5,9
2017-04-18,NGA,5,0,5,-5.0,10
2017-04-18,NPL,146,144,2,2.886,1582
2017-04-18,NZL,1,0,1,-2.0,10
2017-04-18,OMN,4,4,0,4.0,16
2017-04-18,PAK,122,102,20,2.094,1294
2017-04-18,PAN,2,2,0,0.0,8
2017-04-18,PRK,2,2,0,7.0,4
2017-04-18,RUS,3,3,0,2.8,9
2017-04-18,SAS,1,1,0,0.0,6
2017-04-18,SAU,14,9,5,1.121,93
2017-04-18,TUR,6,6,0,2.35,12
2017-04-18,USA,116,105,11,2.719,619
2017-04-18,UZB,3,2,1,-0.1,12
2017-04-19,AFG,13,9,4,-0.3,41
2017-04-19,AFR,2,2,0,1.0,10
2017-04-19,ARE,9,5,4,-1.256,26
2017-04-19,AUS,4,4,0,2.35,12
2017-04-19,BGD,8,5,3,-1.613,57
2017-04-19,BRA,2,2,0,1.0,10
2017-04-19,CAN,48,47,1,2.25,155
2017-04-19,CHE,3,1,2,-3.467,32
2017-04-19,CHN,104,64,40,-0.751,950
2017-04-19,DEU,15,11,4,1.74,95
2017-04-19,EGY,4,4,0,1.0,8
2017-04-19,FJI,5,5,0,3.34,16
2017-04-19,FRA,14,6,8,-0.5,34
2017-04-19,GBR,73,62,11,2.137,423
2017-04-19,IDN,3,3,0,3.567,6
2017-04-19,IRN,4,2,2,-4.5,8
2017-04-19,ISR,4,2,2,-2.075,22
2017-04-19,ITA,4,4,0,6.0,20
2017-04-19,JPN,3,3,0,7.4,22
2017-04-19,KOR,4,1,3,-1.25,12
2017-04-19,KWT,4,3,1,-0.5,16
2017-04-19,LKA,13,8,5,1.031,29
2017-04-19,NPL,67,66,1,2.76,380
2017-04-19,PAK,49,21,28,-1.937,161
2017-04-19,PSE,1,1,0,0.0,2
2017-04-19,RUS,12,6,6,-0.167,70
2017-04-19,SAS,11,9,2,0.373,23
2017-04-19,THA,4,4,0,2.0,24
2017-04-19,TUR,6,6,0,2.35,12
2017-04-19,UKR,1,0,1,-5.0,2
2017-04-19,USA,84,67,17,1.304,548
2017-04-20,AFG,21,15,6,-0.914,70
2017-04-20,AFR,2,2,0,7.0,20
2017-04-20,ARE,2,2,0,2.35,2
2017-04-20,ARM,6,6,0,4.0,28
2017-04-20,AUS,2,2,0,7.0,6
2017-04-20,BEL,11,11,0,5.345,18
2017-04-20,BGD,12,8,4,-0.042,65
2017-04-20,BTN,7,5,2,3.143,24
2017-04-20,CAN,35,35,0,2.437,132
2017-04-20,CHN,67,52,15,0.575,277
2017-04-20,CUB,3,3,0,8.0,24
2017-04-20,DEU,9,5,4,-0.5,59
2017-04-20,ESP,4,2,2,-3.0,7
2017-04-20,EUR,4,4,0,4.675,44
2017-04-20,FRA,26,18,8,1.3,209
2017-04-20,GBR,44,33,11,1.295,246
2017-04-20,GUY,4,3,1,0.15,7
2017-04-20,IDN,5,5,0,-2.0,62
2017-04-20,IRQ,2,2,0,2.35,20
2017-04-20,ITA,2,1,1,0.5,42
2017-04-20,JPN,9,6,3,1.078,44
2017-04-20,KNA,3,3,0,3.4,60
2017-04-20,KOR,9,8,1,1.389,34
2017-04-20,LBN,1,1,0,0.0,10
2017-04-20,LKA,14,13,1,2.929,39
2017-04-20,MEA,2,1,1,-4.75,10
2017-04-20,MMR,4,2,2,0.0,11
2017-04-20,MYS,2,2,0,0.0,5
2017-04-20,NGA,1,1,0,7.0,2
2017-04-20,NPL,40,37,3,3.078,174
2017-04-20,OMN,5,4,1,0.88,17
2017-04-20,PAK,76,54,22,0.011,284
2017-04-20,PAN,1,0,1,-2.0,2
2017-04-20,POL,5,5,0,4.0,28
2017-04-20,PRT,4,4,0,7.0,60
2017-04-20,RUS,4,3,1,1.35,48
2017-04-20,SAS,4,2,2,-2.825,8
2017-04-20,SAU,3,3,0,6.4,20
2017-04-20,SEA,2,2,0,2.35,8
2017-04-20,SGP,3,3,0,2.9,14
2017-04-20,SYR,3,0,3,-10.0,20
2017-04-20,TWN,1,1,0,0.0,4
2017-04-20,USA,86,63,23,1.194,449
2017-04-20,ZAF,2,2,0,8.0,4
2017-04-21,AFG,3,3,0,3.4,4
2017-04-21,AFR,8,1,7,-6.375,14
2017-04-21,ARE,34,23,11,0.474,274
2017-04-21,ARM,1,1,0,4.0,6
2017-04-21,AUS,3,3,0,2.0,8
2017-04-21,AUT,3,2,1,3.333,9
2017-04-21,BEL,2,2,0,4.0,8
2017-04-21,BGD,12,11,1,2.075,69
2017-04-21,BRA,2,2,0,4.0,20
2017-04-21,CAN,49,49,0,2.212,350
2017-04-21,CHN,124,77,47,-0.436,939
2017-04-21,EGY,3,3,0,6.0,12
2017-04-21,EUR,7,7,0,3.229,41
2017-04-21,FRA,14,7,7,-3.857,64
2017-04-21,GBR,63,58,5,2.803,396
2017-04-21,GRC,2,2,0,2.35,4
2017-04-21,GUY,3,3,0,8.0,12
2017-04-21,IDN,1,1,0,-2.0,2
2017-04-21,IRQ,1,0,1,-9.0,10
2017-04-21,ISR,1,1,0,3.5,10
2017-04-21,ITA,3,3,0,1.0,14
2017-04-21,JPN,8,0,8,-7.875,19
2017-04-21,KOR,11,10,1,5.636,101
2017-04-21,KWT,2,2,0,8.0,16
2017-04-21,LKA,10,10,0,3.94,56
2017-04-21,MYS,4,2,2,-0.5,7
2017-04-21,NLD,3,3,0,2.2,12
2017-04-21,NPL,12,12,0,2.175,55
2017-04-21,NZL,3,3,0,1.0,12
2017-04-21,PAK,90,47,43,-0.654,437
2017-04-21,PAN,1,0,1,-5.0,2
2017-04-21,POL,2,2,0,4.0,6
2017-04-21,QAT,6,6,0,2.35,8
2017-04-21,RUS,6,4,2,0.0,26
2017-04-21,SAS,2,2,0,10.0,6
2017-04-21,SAU,6,6,0,3.583,11
2017-04-21,SEA,2,0,2,-5.0,6
2017-04-21,SGP,5,5,0,4.0,43
2017-04-21,THA,2,2,0,4.0,3
2017-04-21,TUR,6,6,0,3.0,8
2017-04-21,USA,114,99,15,2.368,1086
2017-04-21,VNM,2,2,0,1.0,12
2017-04-21,ZMB,3,1,2,-0.333,11
2017-04-22,AFG,29,13,16,-2.624,195
2017-04-22,AFR,3,1,2,-3.333,6
2017-04-22,ARE,3,0,3,-5.0,4
2017-04-22,AUS,5,3,2,-3.46,9
2017-04-22,BGD,24,20,4,1.313,75
2017-04-22,BHR,2,2,0,2.35,4
2017-04-22,BTN,1,1,0,0.0,4
2017-04-22,CAN,7,7,0,2.8,25
2017-04-22,CHN,39,20,19,-1.741,181
2017-04-22,EGY,7,7,0,6.0,72
2017-04-22,EUR,2,0,2,-5.0,6
2017-04-22,FRA,4,2,2,-0.825,12
2017-04-22,GBR,5,3,2,-3.84,18
2017-04-22,IRL,2,2,0,2.35,10
2017-04-22,JPN,3,2,1,-1.667,9
2017-04-22,KOR,1,0,1,-5.0,6
2017-04-22,LBN,1,0,1,-5.0,12
2017-04-22,LKA,18,15,3,1.428,76
2017-04-22,MDV,1,1,0,4.0,10
2017-04-22,MMR,2,2,0,7.0,8
2017-04-22,MUS,2,2,0,8.0,4
2017-04-22,NGA,4,0,4,-7.5,12
2017-04-22,NPL,7,4,3,1.571,15
2017-04-22,PAK,29,11,18,-3.131,140
2017-04-22,POL,4,4,0,2.35,140
2017-04-22,RUS,4,4,0,1.0,12
2017-04-22,SAS,2,2,0,10.0,6
2017-04-22,SAU,1,1,0,0.0,2
2017-04-22,SYR,3,2,1,-1.067,16
2017-04-22,THA,3,3,0,-2.0,6
2017-04-22,TUR,21,6,15,-2.276,116
2017-04-22,USA,54,48,6,2.644,260
2017-04-22,ZMB,2,1,1,0.5,11
2017-04-22,ZWE,2,0,2,-5.0,4
2017-04-23,AFG,2,2,0,7.0,2
2017-04-23,ARE,1,0,1,-5.0,1
2017-04-23,BEL,4,4,0,2.35,12
2017-04-23,BGD,12,10,2,1.55,84
2017-04-23,CAN,5,5,0,2.44,24
2017-04-23,CHN,21,17,4,1.01,421
2017-04-23,CYP,11,11,0,2.909,52
2017-04-23,FRA,2,2,0,2.35,10
2017-04-23,GBR,14,12,2,1.243,81
2017-04-23,IDN,2,2,0,2.35,8
2017-04-23,IRQ,2,2,0,2.35,16
2017-04-23,ISR,2,2,0,2.35,20
2017-04-23,ITA,2,0,2,-5.0,6
2017-04-23,KHM,2,2,0,2.35,4
2017-04-23,KWT,1,0,1,-5.0,1
2017-04-23,LBN,1,0,1,-5.0,6
2017-04-23,LKA,13,13,0,3.215,56
2017-04-23,MYS,4,2,2,0.175,12
2017-04-23,NGA,2,0,2,-5.0,5
2017-04-23,NPL,8,8,0,1.762,34
2017-04-23,OMN,2,1,1,1.0,3
2017-04-23,PAK,27,12,15,-0.641,96
2017-04-23,PHL,2,0,2,-4.0,19
2017-04-23,USA,51,40,11,1.053,334
2017-04-24,AFG,7,6,1,2.957,34
2017-04-24,ARE,1,0,1,-5.0,10
2017-04-24,BEL,6,6,0,3.4,30
2017-04-24,BGD,31,28,3,2.406,101
2017-04-24,BGR,7,5,2,0.186,18
2017-04-24,BTN,3,2,1,-1.033,9
2017-04-24,CHE,2,2,0,6.4,4
2017-04-24,CHN,19,15,4,1.695,178
2017-04-24,CYP,29,29,0,3.09,466
2017-04-24,EGY,3,3,0,2.5,8
2017-04-24,ESP,11,5,6,-4.727,27
2017-04-24,EUR,3,3,0,2.7,15
2017-04-24,FRA,14,11,3,4.071,44
2017-04-24,GBR,18,18,0,1.639,76
2017-04-24,HRV,3,3,0,7.0,9
2017-04-24,IRQ,8,5,3,0.05,31
2017-04-24,ISR,2,2,0,0.5,20
2017-04-24,JPN,7,7,0,3.071,12
2017-04-24,KWT,1,0,1,-5.0,10
2017-04-24,LBN,2,2,0,7.0,4
2017-04-24,LKA,24,24,0,3.188,123
2017-04-24,MDV,6,4,2,-0.667,50
2017-04-24,MEA,1,0,1,-9.5,6
2017-04-24,MEX,6,0,6,-5.0,8
2017-04-24,MYS,8,5,3,1.387,23
2017-04-24,NGA,3,2,1,-0.933,7
2017-04-24,NPL,8,5,3,-2.5,29
2017-04-24,OMN,1,0,1,-5.0,10
2017-04-24,PAK,36,22,14,-0.561,181
2017-04-24,PGS,1,1,0,7.0,6
2017-04-24,POL,7,0,7,-6.571,24
2017-04-24,SAS,3,3,0,-2.0,35
2017-04-24,SAU,9,8,1,1.7,41
2017-04-24,SEA,1,0,1,-2.0,1
2017-04-24,SGP,1,0,1,-4.0,6
2017-04-24,SWE,8,8,0,4.675,38
2017-04-24,SYR,1,1,0,3.5,3
2017-04-24,THA,2,0,2,-9.5,30
2017-04-24,TUR,7,4,3,-0.371,13
2017-04-24,TZA,2,2,0,4.0,6
2017-04-24,URY,5,2,3,-4.2,22
2017-04-24,USA,99,64,35,0.074,577
2017-04-25,AFG,8,3,5,-3.225,45
2017-04-25,ARE,6,5,1,3.083,11
2017-04-25,ARM,19,19,0,3.337,380
2017-04-25,AUS,4,4,0,3.0,10
2017-04-25,BGD,44,39,5,2.227,235
2017-04-25,BLR,2,2,0,3.0,4
2017-04-25,CAN,16,6,10,-0.613,52
2017-04-25,CHN,66,48,18,0.791,346
2017-04-25,CYP,19,19,0,2.295,103
2017-04-25,DEU,1,1,0,3.0,2
2017-04-25,DNK,1,1,0,1.0,2
2017-04-25,EGY,40,40,0,2.037,217
2017-04-25,ESP,2,1,1,-3.0,6
2017-04-25,ETH,1,0,1,-5.0,6
2017-04-25,FRA,22,20,2,5.032,104
2017-04-25,GBR,15,11,4,-0.24,38
2017-04-25,HUN,2,2,0,3.4,12
2017-04-25,IRN,6,1,5,-7.167,33
2017-04-25,IRQ,1,0,1,-5.0,10
2017-04-25,ISR,17,8,9,-2.729,109
2017-04-25,ITA,4,4,0,1.0,4
2017-04-25,JPN,3,0,3,-7.333,11
2017-04-25,KEN,1,0,1,-5.0,6
2017-04-25,LKA,7,4,3,0.143,24
2017-04-25,MEA,2,2,0,6.4,10
2017-04-25,MEX,15,0,15,-5.0,30
2017-04-25,MYS,1,0,1,-2.0,2
2017-04-25,NGA,1,0,1,-10.0,1
2017-04-25,NPL,31,29,2,3.187,124
2017-04-25,PAK,36,20,16,-0.636,180
2017-04-25,POL,4,4,0,2.35,20
2017-04-25,SAS,8,8,0,2.087,28
2017-04-25,SAU,1,1,0,-0.4,5
2017-04-25,SOM,1,0,1,-5.0,6
2017-04-25,SYR,2,0,2,-6.0,6
2017-04-25,THA,1,1,0,-2.0,4
2017-04-25,TUR,14,5,9,-1.571,81
2017-04-25,TWN,8,8,0,8.0,40
2017-04-25,TZA,2,2,0,3.0,10
2017-04-25,URY,5,2,3,-4.2,14
2017-04-25,USA,144,135,9,3.13,734
2017-04-25,ZAF,1,1,0,0.0,20
2017-04-26,AFG,2,0,2,-7.0,3
2017-04-26,ARE,17,17,0,2.159,79
2017-04-26,ARG,2,0,2,-6.5,6
2017-04-26,ARM,15,15,0,3.9,104
2017-04-26,AUS,8,8,0,2.837,12
2017-04-26,BEL,4,4,0,4.675,26
2017-04-26,BGD,21,19,2,3.624,106
2017-04-26,CAN,9,0,9,-2.5,86
2017-04-26,CHE,8,8,0,2.125,60
2017-04-26,CHN,23,16,7,0.413,101
2017-04-26,CYP,39,38,1,2.059,120
2017-04-26,DEU,4,4,0,8.0,40
2017-04-26,EGY,8,7,1,1.3,20
2017-04-26,EUR,3,2,1,-1.767,12
2017-04-26,FRA,6,4,2,-0.35,19
2017-04-26,GBR,14,8,6,-1.086,92
2017-04-26,GUY,3,1,2,-1.333,6
2017-04-26,HRV,2,2,0,2.35,4
2017-04-26,HUN,2,2,0,3.4,8
2017-04-26,IDN,2,0,2,-5.0,3
2017-04-26,IRL,6,6,0,2.9,32
2017-04-26,IRN,4,4,0,1.8,12
2017-04-26,IRQ,6,4,2,0.7,21
2017-04-26,ISR,8,4,4,-3.35,19
2017-04-26,JOR,1,0,1,-5.0,4
2017-04-26,JPN,3,2,1,-0.167,4
2017-04-26,KAZ,2,2,0,2.35,4
2017-04-26,KGZ,3,1,2,-3.333,10
2017-04-26,LKA,113,113,0,3.956,748
2017-04-26,MMR,1,1,0,5.2,8
2017-04-26,MYS,3,3,0,6.0,12
2017-04-26,NMR,2,2,0,5.2,4
2017-04-26,NOR,12,6,6,-0.95,32
2017-04-26,NPL,6,4,2,1.467,12
2017-04-26,PAK,56,23,33,-1.818,339
2017-04-26,POL,1,0,1,-2.0,2
2017-04-26,SAS,1,1,0,3.0,1
2017-04-26,SAU,2,0,2,-10.0,2
2017-04-26,SGP,7,7,0,6.857,18
2017-04-26,SWE,17,17,0,3.024,44
2017-04-26,TUR,12,5,7,-2.692,35
2017-04-26,TWN,1,1,0,3.0,2
2017-04-26,USA,107,79,28,0.809,616
2017-04-27,AFG,7,3,4,-0.629,32
2017-04-27,AFR,2,2,0,6.4,50
2017-04-27,ARE,22,22,0,3.0,94
2017-04-27,ARM,4,4,0,7.0,4
2017-04-27,AUS,4,3,1,1.675,28
2017-04-27,BEL,5,5,0,2.3,36
2017-04-27,BGD,33,27,6,1.152,238
2017-04-27,BGR,1,1,0,1.0,2
2017-04-27,BLR,3,3,0,3.0,4
2017-04-27,BRA,2,2,0,2.35,4
2017-04-27,CAN,3,3,0,3.7,7
2017-04-27,CHE,2,2,0,4.0,6
2017-04-27,CHN,22,22,0,2.527,108
2017-04-27,CYP,48,46,2,2.06,148
2017-04-27,EGY,15,15,0,3.093,196
2017-04-27,FRA,5,4,1,-0.2,14
2017-04-27,GBR,13,6,7,-1.777,64
2017-04-27,GRC,2,1,1,1.0,8
2017-04-27,IDN,4,3,1,2.0,8
2017-04-27,IRL,1,0,1,-5.0,1
2017-04-27,IRN,4,4,0,2.8,14
2017-04-27,IRQ,16,11,5,2.275,74
2017-04-27,ISR,2,2,0,2.35,18
2017-04-27,ITA,2,2,0,2.35,8
2017-04-27,JPN,6,5,1,0.0,34
2017-04-27,KAZ,10,10,0,1.5,92
2017-04-27,KOR,19,19,0,7.737,221
2017-04-27,LBN,2,2,0,0.2,5
2017-04-27,LKA,39,34,5,2.869,190
2017-04-27,MEX,1,0,1,-9.5,3
2017-04-27,MYS,10,10,0,3.5,34
2017-04-27,NGA,2,0,2,-5.0,4
2017-04-27,NPL,19,9,10,-1.074,209
2017-04-27,OMN,6,6,0,2.35,10
2017-04-27,PAK,116,45,71,-2.023,696
2017-04-27,POL,18,18,0,4.9,196
2017-04-27,PSE,4,4,0,3.4,18
2017-04-27,RUS,8,8,0,2.65,25
2017-04-27,SAS,8,7,1,3.1,93
2017-04-27,SAU,4,1,3,-6.75,15
2017-04-27,SEA,5,2,3,-0.44,58
2017-04-27,SGP,1,1,0,3.0,2
2017-04-27,THA,2,0,2,-5.0,4
2017-04-27,TUR,30,30,0,3.787,79
2017-04-27,TWN,4,4,0,7.4,5
2017-04-27,USA,118,93,25,0.43,767
2017-04-27,VAT,4,4,0,1.0,12
2017-04-27,VEN,1,1,0,7.0,1
2017-04-28,AFG,3,1,2,-7.333,6
2017-04-28,AFR,2,2,0,6.4,20
2017-04-28,ARE,20,20,0,3.695,254
2017-04-28,ASA,2,2,0,1.0,4
2017-04-28,AUS,4,2,2,-1.85,24
2017-04-28,BEL,5,5,0,5.68,12
2017-04-28,BGD,14,12,2,2.757,40
2017-04-28,BTN,3,3,0,4.233,5
2017-04-28,CAN,6,5,1,-0.833,58
2017-04-28,CHN,29,25,4,1.628,282
2017-04-28,CMR,2,2,0,2.35,4
2017-04-28,CYP,70,66,4,2.729,1493
2017-04-28,DEU,5,5,0,0.8,17
2017-04-28,EGY,15,13,2,1.893,49
2017-04-28,EUR,1,0,1,-2.0,3
2017-04-28,FRA,14,10,4,1.193,29
2017-04-28,GBR,20,17,3,1.135,77
2017-04-28,GRC,4,4,0,2.35,8
2017-04-28,IDN,1,1,0,6.4,1
2017-04-28,IRN,1,0,1,-10.0,6
2017-04-28,ITA,5,5,0,1.7,16
2017-04-28,JPN,26,20,6,2.331,167
2017-04-28,KAZ,2,2,0,3.4,6
2017-04-28,KOR,17,17,0,7.706,106
2017-04-28,LKA,24,23,1,5.05,62
2017-04-28,MCO,1,0,1,-2.0,10
2017-04-28,MDV,1,0,1,-4.0,5
2017-04-28,MYS,11,11,0,3.4,25
2017-04-28,NGA,3,0,3,-5.0,6
2017-04-28,NLD,4,1,3,0.1,12
2017-04-28,NPL,10,4,6,-2.56,34
2017-04-28,OMN,6,6,0,2.35,36
2017-04-28,PAK,74,48,26,-0.609,306
2017-04-28,POL,12,12,0,5.45,66
2017-04-28,QAT,3,3,0,2.7,36
2017-04-28,RUS,1,0,1,-5.0,10
2017-04-28,SAS,2,2,0,6.4,20
2017-04-28,SAU,3,2,1,-0.1,7
2017-04-28,SEA,2,2,0,6.4,20
2017-04-28,SGP,7,7,0,2.414,10
2017-04-28,SLV,4,0,4,-10.0,4
2017-04-28,SYR,3,3,0,1.667,4
2017-04-28,THA,2,2,0,2.35,4
2017-04-28,TUR,12,12,0,3.367,88
2017-04-28,USA,88,71,17,1.149,319
2017-04-28,VNM,1,1,0,6.4,1
2017-04-28,ZAF,5,5,0,2.44,36
2017-04-29,AFG,25,21,4,2.308,50
2017-04-29,AFR,1,1,0,4.0,2
2017-04-29,ARE,26,26,0,4.085,98
2017-04-29,ASA,2,2,0,2.35,12
2017-04-29,AUS,1,0,1,-5.0,6
2017-04-29,BEL,4,4,0,4.0,6
2017-04-29,BGD,16,14,2,1.525,80
2017-04-29,CHN,30,13,17,-2.69,265
2017-04-29,CYP,34,34,0,2.856,112
2017-04-29,DZA,2,2,0,2.35,8
2017-04-29,EGY,14,12,2,1.971,28
2017-04-29,EUR,10,10,0,2.35,98
2017-04-29,FRA,9,9,0,3.633,36
2017-04-29,GBR,27,25,2,1.844,107
2017-04-29,IRN,1,1,0,4.0,6
2017-04-29,JPN,13,12,1,5.362,48
2017-04-29,KOR,3,0,3,-10.0,8
2017-04-29,LKA,4,1,3,-3.0,21
2017-04-29,MCO,10,10,0,4.8,50
2017-04-29,MYS,1,1,0,6.4,10
2017-04-29,NGA,7,7,0,1.343,14
2017-04-29,NLD,3,3,0,6.4,4
2017-04-29,NPL,9,7,2,-0.211,46
2017-04-29,NZL,1,1,0,4.0,6
2017-04-29,PAK,33,22,11,0.515,213
2017-04-29,PRK,1,0,1,-5.0,1
2017-04-29,PRT,2,2,0,2.35,6
2017-04-29,RUS,4,4,0,1.675,4
2017-04-29,SAU,5,0,5,-7.4,40
2017-04-29,SGP,1,0,1,-7.2,10
2017-04-29,SOM,2,2,0,2.35,4
2017-04-29,SWE,1,1,0,3.0,4
2017-04-29,SYR,2,0,2,-10.0,6
2017-04-29,THA,2,2,0,3.0,3
2017-04-29,TUR,19,19,0,3.147,58
2017-04-29,UGA,3,0,3,-2.0,8
2017-04-29,USA,95,80,15,1.342,609
2017-04-29,VNM,1,1,0,3.4,5
2017-04-29,YEM,1,1,0,4.0,2
2017-04-29,ZAF,3,3,0,-1.333,8
2017-04-30,AFG,25,15,10,-1.724,181
2017-04-30,ARE,18,18,0,4.05,62
2017-04-30,AUS,3,2,1,0.9,30
2017-04-30,BGD,11,11,0,3.145,57
2017-04-30,CHN,16,4,12,-3.631,199
2017-04-30,CYP,12,12,0,3.767,52
2017-04-30,DEU,4,2,2,-3.3,13
2017-04-30,EGY,2,2,0,4.0,4
2017-04-30,EUR,10,8,2,1.0,35
2017-04-30,FRA,2,2,0,4.0,8
2017-04-30,GBR,17,14,3,0.159,45
2017-04-30,GIN,4,4,0,2.2,7
2017-04-30,ISR,6,4,2,1.467,22
2017-04-30,JOR,1,0,1,-2.0,1
2017-04-30,LKA,7,5,2,0.057,18
2017-04-30,NGA,2,0,2,-5.0,12
2017-04-30,NLD,4,4,0,2.35,4
2017-04-30,NOR,3,3,0,7.4,6
2017-04-30,NPL,3,3,0,3.233,12
2017-04-30,OMN,2,0,2,-5.0,18
2017-04-30,PAK,33,17,16,-0.776,69
2017-04-30,PRT,1,0,1,-10.0,5
2017-04-30,SAS,10,7,3,-1.2,34
2017-04-30,SAU,6,3,3,-5.0,73
2017-04-30,SYR,7,0,7,-8.857,33
2017-04-30,TUR,132,129,3,2.779,663
2017-04-30,TWN,2,2,0,0.0,4
2017-04-30,USA,92,67,25,0.626,397
2017-05-01,AFG,23,18,5,-0.126,121
2017-05-01,ARE,14,12,2,1.786,92
2017-05-01,ARM,2,2,0,3.4,42
2017-05-01,AUS,5,2,3,-2.26,27
2017-05-01,BEL,3,0,3,-5.0,6
2017-05-01,BGD,15,14,1,2.487,46
2017-05-01,BTN,1,1,0,0.0,10
2017-05-01,CAN,9,3,6,-1.522,24
2017-05-01,CHE,4,4,0,2.35,24
2017-05-01,CHN,40,24,16,-0.465,154
2017-05-01,CMR,2,2,0,2.35,4
2017-05-01,COD,1,0,1,-10.0,20
2017-05-01,CYP,13,13,0,2.2,144
2017-05-01,DEU,2,0,2,-10.0,3
2017-05-01,ESP,1,1,0,-2.0,4
2017-05-01,EUR,5,5,0,2.48,22
2017-05-01,FIN,2,2,0,2.35,8
2017-05-01,FRA,4,3,1,1.45,8
2017-05-01,GBR,18,4,14,-1.989,67
2017-05-01,ISR,7,7,0,5.543,21
2017-05-01,JPN,4,2,2,-2.325,20
2017-05-01,KOR,5,5,0,1.54,10
2017-05-01,LKA,19,11,8,-1.474,104
2017-05-01,MDV,11,10,1,3.545,64
2017-05-01,MUS,2,2,0,2.35,12
2017-05-01,MYS,2,2,0,3.2,20
2017-05-01,NLD,2,2,0,7.4,6
2017-05-01,NPL,5,3,2,-1.72,22
2017-05-01,OMN,1,0,1,-5.0,18
2017-05-01,PAK,197,88,109,-2.093,1264
2017-05-01,PRT,1,1,0,5.0,10
2017-05-01,RUS,13,13,0,3.492,108
2017-05-01,RWA,1,1,0,5.0,2
2017-05-01,SAS,3,2,1,3.0,5
2017-05-01,SAU,16,14,2,5.188,58
2017-05-01,SEA,4,4,0,2.125,36
2017-05-01,SYR,1,0,1,-10.0,2
2017-05-01,THA,3,3,0,1.567,42
2017-05-01,TUR,337,333,4,2.551,1435
2017-05-01,TWN,8,8,0,4.588,64
2017-05-01,USA,83,74,9,1.808,353
2017-05-01,UZB,2,2,0,4.0,12
2017-05-02,AFG,8,8,0,0.4,44
2017-05-02,AFR,1,1,0,6.4,10
2017-05-02,ARE,27,26,1,2.189,109
2017-05-02,AUS,26,24,2,-0.1,111
2017-05-02,BGD,26,22,4,1.385,98
2017-05-02,CAN,12,8,4,-0.283,124
2017-05-02,CHE,2,2,0,8.0,6
2017-05-02,CHL,4,4,0,2.35,8
2017-05-02,CHN,21,19,2,3.381,99
2017-05-02,CYP,2,2,0,2.35,4
2017-05-02,DEU,7,3,4,-1.0,71
2017-05-02,DNK,2,0,2,-3.5,6
2017-05-02,EUR,9,7,2,0.456,34
2017-05-02,FRA,10,5,5,-1.82,38
2017-05-02,GBR,32,27,5,1.984,92
2017-05-02,IRQ,2,2,0,7.0,10
2017-05-02,ISR,3,3,0,3.267,48
2017-05-02,ITA,2,2,0,2.35,2
2017-05-02,JOR,1,0,1,-10.0,10
2017-05-02,JPN,14,11,3,2.971,69
2017-05-02,KEN,1,1,0,0.0,4
2017-05-02,LKA,19,8,11,-0.842,68
2017-05-02,MDV,5,5,0,6.0,20
2017-05-02,MEX,2,2,0,1.9,8
2017-05-02,NLD,2,2,0,7.4,18
2017-05-02,NOR,4,2,2,-0.5,8
2017-05-02,NPL,3,3,0,1.7,22
2017-05-02,NZL,4,4,0,2.35,12
2017-05-02,OMN,2,0,2,-5.0,18
2017-05-02,PAK,228,126,102,-1.17,1018
2017-05-02,POL,3,3,0,3.5,6
2017-05-02,RUS,9,8,1,1.6,18
2017-05-02,SAU,1,0,1,-10.0,5
2017-05-02,SEA,1,0,1,-7.5,10
2017-05-02,SGP,4,4,0,5.45,12
2017-05-02,SWE,2,2,0,1.0,2
2017-05-02,THA,1,1,0,3.0,2
2017-05-02,TUR,67,63,4,2.642,206
2017-05-02,TWN,8,8,0,3.087,52
2017-05-02,USA,179,139,40,0.955,2035
2017-05-03,AFG,13,1,12,-5.385,34
2017-05-03,AFR,8,8,0,4.588,30
2017-05-03,ARE,16,16,0,3.187,58
2017-05-03,ARM,2,2,0,3.4,7
2017-05-03,ASA,1,1,0,7.4,10
2017-05-03,AUS,7,4,3,-3.543,49
2017-05-03,AUT,2,2,0,2.35,6
2017-05-03,BEL,3,3,0,3.0,4
2017-05-03,BGD,19,18,1,4.047,115
2017-05-03,BGR,2,0,2,-5.0,2
2017-05-03,BLR,5,5,0,5.38,48
2017-05-03,BTN,2,2,0,3.0,6
2017-05-03,CAN,8,3,5,-0.9,20
2017-05-03,CHE,2,2,0,4.0,12
2017-05-03,CHN,13,8,5,-0.5,40
2017-05-03,CYP,4,4,0,2.35,20
2017-05-03,DEU,1,0,1,-10.0,4
2017-05-03,EGY,2,2,0,6.0,4
2017-05-03,FRA,17,13,4,1.965,176
2017-05-03,GBR,20,16,4,2.29,434
2017-05-03,GHA,2,0,2,-5.0,6
2017-05-03,IRN,3,2,1,4.667,23
2017-05-03,ISR,4,4,0,3.2,22
2017-05-03,ITA,2,0,2,-5.0,4
2017-05-03,JPN,18,16,2,3.85,51
2017-05-03,KAZ,4,4,0,1.0,12
2017-05-03,KEN,1,1,0,0.0,4
2017-05-03,KHM,1,1,0,3.0,2
2017-05-03,KOR,1,1,0,7.4,10
2017-05-03,LKA,15,7,8,-1.173,48
2017-05-03,MRT,2,2,0,6.0,6
2017-05-03,MUS,4,4,0,7.0,16
2017-05-03,MYS,3,3,0,6.0,10
2017-05-03,NGA,6,0,6,-5.0,18
2017-05-03,NLD,2,2,0,0.4,10
2017-05-03,NPL,18,16,2,1.778,69
2017-05-03,PAK,303,176,127,-0.663,1389
2017-05-03,QAT,2,2,0,8.0,4
2017-05-03,RUS,4,4,0,2.35,4
2017-05-03,SGP,2,2,0,4.0,6
2017-05-03,SOM,2,2,0,2.35,30
2017-05-03,SYR,2,2,0,2.35,4
2017-05-03,TUR,10,8,2,1.18,23
2017-05-03,TWN,2,2,0,6.0,4
2017-05-03,USA,139,120,19,2.192,1721
2017-05-03,VAT,1,1,0,-0.4,3
2017-05-03,YEM,3,3,0,1.0,20
2017-05-03,ZAF,3,3,0,2.567,18
2017-05-04,AFG,15,12,3,-0.44,55
2017-05-04,AFR,4,4,0,7.0,22
2017-05-04,ARE,35,33,2,2.906,616
2017-05-04,AUS,13,11,2,1.608,129
2017-05-04,BGD,24,22,2,3.233,113
2017-05-04,BGR,2,2,0,8.0,20
2017-05-04,BMU,2,0,2,-2.0,52
2017-05-04,CAN,16,7,9,-1.612,226
2017-05-04,CHE,3,3,0,3.4,4
2017-05-04,CHN,26,22,4,2.15,131
2017-05-04,CYP,1,0,1,-2.0,2
2017-05-04,DEU,8,7,1,1.188,23
2017-05-04,EGY,19,19,0,2.705,96
2017-05-04,FRA,3,3,0,1.433,15
2017-05-04,GBR,87,79,8,2.324,609
2017-05-04,IRN,1,1,0,1.0,3
2017-05-04,IRQ,4,4,0,8.65,10
2017-05-04,JOR,2,0,2,-2.0,6
2017-05-04,JPN,2,1,1,-2.5,5
2017-05-04,KOR,4,2,2,-3.5,6
2017-05-04,LKA,11,9,2,0.218,54
2017-05-04,NLD,16,16,0,4.875,48
2017-05-04,NPL,6,5,1,2.8,40
2017-05-04,NZL,4,4,0,2.35,10
2017-05-04,PAK,107,59,48,-0.601,475
2017-05-04,PHL,5,5,0,2.68,18
2017-05-04,RUS,9,9,0,1.744,18
2017-05-04,SAU,2,1,1,-3.3,14
2017-05-04,SEA,3,3,0,3.467,8
2017-05-04,SGP,6,6,0,4.033,16
2017-05-04,SYR,2,2,0,4.0,2
2017-05-04,TUR,4,4,0,3.175,12
2017-05-04,TWN,4,4,0,2.35,12
2017-05-04,USA,120,107,13,2.29,698
2017-05-04,ZAF,1,1,0,7.0,2
2017-05-04,ZWE,1,0,1,-5.0,2
2017-05-05,ARE,20,18,2,3.005,58
2017-05-05,AUS,23,23,0,1.604,143
2017-05-05,BEL,3,3,0,0.0,7
2017-05-05,BGD,9,8,1,1.911,29
2017-05-05,BMU,2,0,2,-2.0,52
2017-05-05,CAN,9,9,0,1.756,42
2017-05-05,CHE,2,2,0,4.0,12
2017-05-05,CHN,101,72,29,0.981,757
2017-05-05,CYP,2,0,2,-2.0,6
2017-05-05,EGY,26,22,4,1.158,90
2017-05-05,EUR,3,3,0,2.9,7
2017-05-05,FRA,11,8,3,-0.309,28
2017-05-05,GBR,21,14,7,0.657,74
2017-05-05,IDN,2,2,0,1.0,12
2017-05-05,IRN,2,0,2,-10.0,6
2017-05-05,ISR,4,2,2,1.5,10
2017-05-05,JOR,2,0,2,-8.25,8
2017-05-05,JPN,8,3,5,-0.663,26
2017-05-05,LKA,8,5,3,-0.738,18
2017-05-05,MDV,11,9,2,0.836,30
2017-05-05,MLI,1,1,0,7.0,20
2017-05-05,MYS,4,4,0,2.35,12
2017-05-05,NLD,6,6,0,5.667,60
2017-05-05,NOR,10,8,2,5.12,123
2017-05-05,NPL,17,10,7,-0.529,57
2017-05-05,NZL,12,12,0,1.0,107
2017-05-05,PAK,90,37,53,-2.031,513
2017-05-05,PHL,1,1,0,4.0,2
2017-05-05,QAT,4,4,0,4.0,9
2017-05-05,RUS,3,2,1,-0.833,24
2017-05-05,SAS,12,10,2,3.183,120
2017-05-05,SAU,3,2,1,1.0,12
2017-05-05,SEA,2,2,0,4.0,24
2017-05-05,SGP,30,19,11,-1.427,207
2017-05-05,TUR,6,6,0,5.333,26
2017-05-05,USA,81,59,22,0.656,617
2017-05-05,ZAF,2,2,0,1.0,4
2017-05-06,AFG,7,7,0,1.857,16
2017-05-06,ARE,8,8,0,3.262,36
2017-05-06,ASA,4,4,0,3.0,31
2017-05-06,AUS,1,0,1,-5.0,2
2017-05-06,BGD,19,16,3,2.458,114
2017-05-06,BMU,2,0,2,-2.0,12
2017-05-06,BRA,2,2,0,4.0,6
2017-05-06,CAN,12,10,2,1.225,23
2017-05-06,CHN,25,20,5,1.428,48
2017-05-06,EGY,7,7,0,2.871,49
2017-05-06,EUR,4,4,0,6.4,12
2017-05-06,FRA,5,4,1,0.88,24
2017-05-06,GBR,9,4,5,-1.167,28
2017-05-06,IRN,6,0,6,-10.0,15
2017-05-06,JOR,1,0,1,-9.5,8
2017-05-06,JPN,12,8,4,2.067,50
2017-05-06,LKA,2,1,1,-1.25,18
2017-05-06,MYS,1,0,1,-5.0,9
2017-05-06,NLD,9,9,0,3.633,16
2017-05-06,NOR,4,3,1,4.55,22
2017-05-06,NPL,8,6,2,2.225,36
2017-05-06,NZL,6,6,0,2.35,24
2017-05-06,PAK,105,66,39,-0.558,825
2017-05-06,SAS,6,5,1,1.9,41
2017-05-06,SAU,4,1,3,-2.9,26
2017-05-06,SGP,6,6,0,2.35,8
2017-05-06,THA,2,2,0,6.4,3
2017-05-06,TUR,9,9,0,2.778,68
2017-05-06,USA,64,37,27,-1.666,475
2017-05-06,YEM,3,0,3,-10.0,10
2017-05-07,AFG,9,6,3,-2.067,26
2017-05-07,AFR,4,4,0,7.0,8
2017-05-07,ARE,6,3,3,-3.75,18
2017-05-07,ASA,2,1,1,-0.5,14
2017-05-07,BEL,1,1,0,3.0,3
2017-05-07,BGD,2,1,1,1.5,7
2017-05-07,BRA,2,1,1,-5.0,8
2017-05-07,CHN,30,23,7,1.293,102
2017-05-07,EGY,4,4,0,2.35,8
2017-05-07,EUR,4,4,0,6.4,18
2017-05-07,FRA,4,2,2,1.2,4
2017-05-07,GBR,19,19,0,1.968,38
2017-05-07,IRN,1,0,1,-10.0,6
2017-05-07,IRQ,1,1,0,0.0,1
2017-05-07,ISR,7,7,0,0.929,11
2017-05-07,ITA,4,4,0,3.35,10
2017-05-07,JPN,5,4,1,2.16,15
2017-05-07,KEN,1,1,0,0.0,3
2017-05-07,LKA,2,1,1,-2.5,8
2017-05-07,MDV,1,0,1,-10.0,10
2017-05-07,MLT,1,1,0,0.0,10
2017-05-07,MYS,6,6,0,2.35,14
2017-05-07,NLD,9,9,0,3.933,38
2017-05-07,NPL,7,4,3,-1.371,47
2017-05-07,PAK,148,101,47,-0.349,876
2017-05-07,SAS,4,4,0,2.5,36
2017-05-07,SAU,3,1,2,-6.667,6
2017-05-07,TUR,4,4,0,4.0,20
2017-05-07,USA,76,49,27,-1.388,367
2017-05-07,VEN,1,0,1,-5.8,5
2017-05-07,ZAF,2,2,0,7.0,8
2017-05-08,AFG,8,6,2,0.275,17
2017-05-08,ARE,41,20,21,-3.649,186
2017-05-08,ASA,1,1,0,3.0,7
2017-05-08,BGD,12,10,2,2.425,24
2017-05-08,BRA,3,0,3,-4.333,12
2017-05-08,CAN,6,6,0,4.333,16
2017-05-08,CHE,1,0,1,-2.0,10
2017-05-08,CHN,43,38,5,1.277,244
2017-05-08,CYP,4,4,0,2.35,10
2017-05-08,DEU,2,2,0,2.35,10
2017-05-08,EGY,3,3,0,2.2,15
2017-05-08,EUR,1,0,1,-4.4,10
2017-05-08,FRA,23,18,5,2.774,134
2017-05-08,GBR,16,14,2,0.838,54
2017-05-08,GRC,1,1,0,7.0,4
2017-05-08,HUN,3,3,0,2.5,12
2017-05-08,IRL,4,4,0,2.35,12
2017-05-08,IRN,4,2,2,-4.5,28
2017-05-08,ISR,2,2,0,7.0,6
2017-05-08,JPN,4,4,0,1.925,26
2017-05-08,KEN,12,12,0,1.867,245
2017-05-08,KWT,4,4,0,2.35,4
2017-05-08,MMR,4,3,1,1.25,11
2017-05-08,MYS,6,6,0,2.35,44
2017-05-08,NLD,24,24,0,3.792,114
2017-05-08,NOR,17,16,1,2.129,160
2017-05-08,PAK,90,61,29,0.304,495
2017-05-08,PRT,4,4,0,3.5,12
2017-05-08,QAT,1,1,0,3.4,6
2017-05-08,SAS,5,5,0,3.02,23
2017-05-08,SAU,5,4,1,0.74,16
2017-05-08,SGP,2,2,0,2.35,24
2017-05-08,SWE,5,5,0,3.2,44
2017-05-08,THA,2,2,0,3.4,6
2017-05-08,TUR,7,7,0,2.714,14
2017-05-08,USA,88,78,10,1.493,735
2017-05-08,YEM,2,2,0,2.35,16
2017-05-09,AFG,7,2,5,-3.429,12
2017-05-09,AFR,4,4,0,7.0,12
2017-05-09,ARE,10,7,3,-0.29,24
2017-05-09,AUT,6,4,2,1.05,43
2017-05-09,BGD,13,9,4,2.538,42
2017-05-09,BGR,5,5,0,3.5,54
2017-05-09,BLR,8,8,0,8.0,16
2017-05-09,BRA,1,0,1,-5.0,6
2017-05-09,BWA,2,2,0,1.0,12
2017-05-09,CAN,9,9,0,3.444,40
2017-05-09,CHE,1,0,1,-2.0,6
2017-05-09,CHN,60,51,9,0.71,197
2017-05-09,CZE,3,3,0,5.2,8
2017-05-09,DEU,1,1,0,0.4,3
2017-05-09,EUR,2,2,0,4.0,6
2017-05-09,FIN,1,0,1,-5.0,6
2017-05-09,FJI,4,3,1,1.95,10
2017-05-09,FRA,10,10,0,1.49,64
2017-05-09,GBR,48,36,12,0.742,121
2017-05-09,GRC,9,9,0,2.9,16
2017-05-09,HRV,3,3,0,1.0,16
2017-05-09,IDN,3,3,0,3.467,6
2017-05-09,IRN,2,2,0,2.35,2
2017-05-09,IRQ,2,2,0,2.35,8
2017-05-09,ISR,4,3,1,4.25,20
2017-05-09,JPN,15,14,1,2.747,145
2017-05-09,KEN,10,10,0,2.14,57
2017-05-09,KOR,7,6,1,6.571,21
2017-05-09,LKA,12,12,0,4.45,27
2017-05-09,MDV,3,0,3,-7.333,15
2017-05-09,MEX,10,10,0,2.44,28
2017-05-09,MYS,5,5,0,2.26,16
2017-05-09,NGA,4,4,0,2.35,4
2017-05-09,NLD,20,20,0,4.95,151
2017-05-09,NOR,7,7,0,2.414,16
2017-05-09,NZL,1,1,0,3.4,1
2017-05-09,OMN,1,0,1,-5.0,6
2017-05-09,PAK,117,67,50,-1.915,521
2017-05-09,PRT,4,4,0,3.5,4
2017-05-09,QAT,14,5,9,-2.271,158
2017-05-09,RUS,3,3,0,3.3,18
2017-05-09,SAU,4,1,3,-2.4,22
2017-05-09,SGP,3,2,1,2.0,7
2017-05-09,SWE,1,1,0,4.0,8
2017-05-09,SYR,1,0,1,-7.0,3
2017-05-09,THA,3,2,1,-3.833,10
2017-05-09,TWN,7,7,0,5.286,12
2017-05-09,USA,71,61,10,1.896,319
2017-05-09,VAT,4,4,0,1.0,8
2017-05-09,YEM,13,6,7,-3.646,38
2017-05-09,ZAF,1,0,1,-2.0,10
2017-05-10,AFG,15,4,11,-3.92,48
2017-05-10,ARE,7,7,0,3.071,30
2017-05-10,AUS,6,6,0,2.35,20
2017-05-10,AUT,4,0,4,-2.5,13
2017-05-10,BEL,4,4,0,2.2,40
2017-05-10,BGD,24,21,3,2.346,185
2017-05-10,BLR,5,5,0,8.0,8
2017-05-10,CAN,20,20,0,3.755,43
2017-05-10,CHE,1,1,0,-2.0,4
2017-05-10,CHN,48,32,16,-0.323,367
2017-05-10,DEU,3,2,1,0.233,22
2017-05-10,DNK,2,0,2,-5.0,5
2017-05-10,ETH,3,3,0,1.0,18
2017-05-10,FIN,3,2,1,0.9,3
2017-05-10,FRA,25,25,0,1.096,67
2017-05-10,GBR,34,29,5,0.991,145
2017-05-10,GRC,4,4,0,4.0,6
2017-05-10,IDN,2,2,0,3.5,2
2017-05-10,IRL,4,4,0,2.35,4
2017-05-10,IRN,3,1,2,-5.867,8
2017-05-10,JPN,1,1,0,0.0,6
2017-05-10,KEN,1,1,0,3.4,2
2017-05-10,KOR,1,1,0,3.0,4
2017-05-10,LKA,27,26,1,2.648,104
2017-05-10,MEX,1,1,0,3.0,2
2017-05-10,MMR,7,7,0,4.0,35
2017-05-10,NGA,6,1,5,-2.6,18
2017-05-10,NLD,7,5,2,0.743,46
2017-05-10,PAK,176,108,68,-1.66,889
2017-05-10,RUS,20,14,6,3.66,75
2017-05-10,SAU,3,3,0,3.567,28
2017-05-10,SGP,1,0,1,-4.0,10
2017-05-10,SWE,3,3,0,4.0,12
2017-05-10,THA,1,0,1,-10.0,5
2017-05-10,TUR,28,28,0,2.596,44
2017-05-10,USA,45,34,11,1.167,241
2017-05-10,YEM,4,3,1,-0.275,18
2017-05-10,ZAF,2,2,0,5.2,12
2017-05-11,ARE,2,2,0,1.0,4
2017-05-11,AUS,6,6,0,2.667,11
2017-05-11,AUT,2,0,2,-2.0,6
2017-05-11,BGD,13,7,6,-0.023,188
2017-05-11,CAN,7,4,3,-0.914,10
2017-05-11,CHN,42,38,4,1.967,898
2017-05-11,DEU,5,5,0,2.74,54
2017-05-11,DNK,1,1,0,4.0,7
2017-05-11,ECU,2,2,0,5.2,4
2017-05-11,EUR,2,2,0,2.35,8
2017-05-11,FRA,16,16,0,3.363,62
2017-05-11,GBR,20,16,4,0.385,56
2017-05-11,HUN,1,1,0,-2.0,4
2017-05-11,IDN,3,3,0,2.333,4
2017-05-11,IRN,6,0,6,-4.333,24
2017-05-11,IRQ,6,6,0,5.0,12
2017-05-11,ITA,1,0,1,-5.0,9
2017-05-11,JPN,13,13,0,3.523,53
2017-05-11,KOR,15,15,0,1.133,88
2017-05-11,LKA,77,77,0,3.603,604
2017-05-11,MDV,2,2,0,6.0,16
2017-05-11,MEX,2,2,0,1.0,12
2017-05-11,MLI,1,1,0,3.0,2
2017-05-11,MMR,2,2,0,2.35,20
2017-05-11,MYS,14,13,1,2.071,33
2017-05-11,NGA,2,0,2,-5.0,6
2017-05-11,NLD,2,2,0,2.35,10
2017-05-11,NPL,8,4,4,-0.713,24
2017-05-11,NZL,2,2,0,2.35,20
2017-05-11,PAK,101,24,77,-4.11,839
2017-05-11,QAT,2,2,0,2.35,20
2017-05-11,RUS,8,5,3,0.375,40
2017-05-11,SAU,8,8,0,0.675,33
2017-05-11,SEA,3,0,3,-6.667,3
2017-05-11,THA,4,2,2,-3.575,14
2017-05-11,TUR,8,8,0,3.175,11
2017-05-11,USA,77,67,10,2.019,464
2017-05-12,AFR,1,1,0,7.0,2
2017-05-12,ARE,5,4,1,1.52,17
2017-05-12,AUS,8,8,0,2.8,31
2017-05-12,BGD,7,7,0,4.257,38
2017-05-12,CAN,10,8,2,1.39,36
2017-05-12,CHE,3,0,3,-3.0,10
2017-05-12,CHN,23,18,5,0.722,54
2017-05-12,DEU,7,7,0,2.771,13
2017-05-12,DNK,3,1,2,0.0,8
2017-05-12,EUR,5,5,0,2.82,26
2017-05-12,FJI,5,5,0,4.0,23
2017-05-12,FRA,4,4,0,1.65,19
2017-05-12,GBR,19,13,6,-1.058,108
2017-05-12,GRC,1,1,0,-2.0,3
2017-05-12,IDN,1,1,0,0.0,6
2017-05-12,IRN,1,1,0,10.0,2
2017-05-12,ISR,3,3,0,2.2,6
2017-05-12,JOR,1,1,0,10.0,8
2017-05-12,JPN,13,9,4,-0.592,28
2017-05-12,KEN,8,5,3,1.875,9
2017-05-12,KOR,1,1,0,3.0,3
2017-05-12,LKA,81,81,0,2.472,766
2017-05-12,MDV,1,0,1,-5.0,6
2017-05-12,MEX,1,1,0,1.0,6
2017-05-12,MYS,5,4,1,0.72,13
2017-05-12,NLD,2,2,0,2.35,10
2017-05-12,NPL,17,11,6,1.071,62
2017-05-12,PAK,106,35,71,-3.321,441
2017-05-12,POL,1,1,0,0.0,2
2017-05-12,PRT,3,3,0,1.0,24
2017-05-12,RUS,11,0,11,-10.0,24
2017-05-12,SAS,2,0,2,-5.0,5
2017-05-12,SEA,1,1,0,1.9,6
2017-05-12,SGP,7,7,0,6.857,26
2017-05-12,THA,13,3,10,-4.1,56
2017-05-12,TZA,2,2,0,2.35,6
2017-05-12,USA,92,49,43,-2.054,654
2017-05-13,AFG,3,1,2,-2.667,8
2017-05-13,AFR,1,1,0,1.0,5
2017-05-13,AUS,3,3,0,2.2,6
2017-05-13,BEL,1,1,0,7.0,4
2017-05-13,BGD,6,6,0,3.3,11
2017-05-13,BLR,3,3,0,3.0,4
2017-05-13,BRA,1,1,0,4.0,6
2017-05-13,CAN,4,4,0,1.0,8
2017-05-13,CHE,9,9,0,2.3,10
2017-05-13,CHN,67,32,35,-0.675,667
2017-05-13,EUR,3,2,1,-1.0,3
2017-05-13,FRA,2,2,0,4.0,5
2017-05-13,GBR,21,14,7,0.662,54
2017-05-13,GRC,2,1,1,-2.7,3
2017-05-13,IDN,4,4,0,1.6,24
2017-05-13,ISR,14,14,0,3.079,52
2017-05-13,JPN,8,6,2,0.675,22
2017-05-13,LKA,52,44,8,0.988,306
2017-05-13,MDV,1,0,1,-9.5,5
2017-05-13,MMR,3,3,0,2.7,9
2017-05-13,MYS,4,3,1,2.5,12
2017-05-13,NGA,13,0,13,-5.0,57
2017-05-13,NPL,5,4,1,0.64,11
2017-05-13,PAK,114,33,81,-3.929,877
2017-05-13,PSE,19,19,0,2.753,179
2017-05-13,RUS,3,3,0,2.2,8
2017-05-13,SAS,3,3,0,7.4,21
2017-05-13,SEA,1,1,0,1.9,2
2017-05-13,SGP,10,10,0,4.38,238
2017-05-13,THA,7,4,3,0.214,18
2017-05-13,USA,20,17,3,1.69,65
2017-05-13,YEM,3,2,1,3.333,12
2017-05-14,AFR,3,2,1,-0.1,34
2017-05-14,ARE,8,8,0,0.675,12
2017-05-14,AUT,3,3,0,6.0,6
2017-05-14,CHL,4,4,0,4.0,24
2017-05-14,CHN,62,35,27,-0.484,432
2017-05-14,EGY,1,0,1,-5.0,2
2017-05-14,EUR,1,1,0,4.0,1
2017-05-14,FJI,4,4,0,2.35,12
2017-05-14,FRA,6,4,2,-0.717,14
2017-05-14,GBR,6,5,1,0.967,36
2017-05-14,GHA,2,2,0,0.0,24
2017-05-14,ISR,35,34,1,2.317,261
2017-05-14,ITA,3,3,0,2.5,8
2017-05-14,KOR,2,2,0,6.0,10
2017-05-14,LKA,15,10,5,-0.6,36
2017-05-14,MYS,1,0,1,-5.0,4
2017-05-14,NGA,12,0,12,-5.0,61
2017-05-14,NLD,5,3,2,0.8,6
2017-05-14,NPL,13,2,11,-3.6,66
2017-05-14,PAK,67,24,43,-3.93,379
2017-05-14,PSE,64,57,7,1.305,484
2017-05-14,RUS,1,0,1,-2.0,12
2017-05-14,SAS,2,2,0,3.2,6
2017-05-14,SGP,11,11,0,5.564,62
2017-05-14,TUR,2,2,0,7.0,4
2017-05-14,USA,38,31,7,1.955,210
2017-05-14,VAT,4,4,0,1.0,8
2017-05-14,ZAF,2,0,2,-7.5,48
2017-05-15,AFR,6,6,0,7.0,12
2017-05-15,ARE,5,3,2,-3.46,16
2017-05-15,AUT,7,4,3,0.286,9
2017-05-15,BGD,5,2,3,-4.96,16
2017-05-15,CAN,8,8,0,3.0,46
2017-05-15,CHE,2,2,0,8.0,6
2017-05-15,CHL,1,1,0,4.0,4
2017-05-15,CHN,43,29,14,1.6,158
2017-05-15,COD,1,0,1,-9.0,6
2017-05-15,EUR,6,6,0,6.1,24
2017-05-15,FRA,8,8,0,2.3,22
2017-05-15,GBR,15,13,2,2.253,61
2017-05-15,GHA,1,1,0,0.0,6
2017-05-15,GRC,3,2,1,-0.1,10
2017-05-15,IDN,3,3,0,5.333,7
2017-05-15,IRN,10,8,2,0.38,19
2017-05-15,IRQ,2,1,1,-5.5,15
2017-05-15,ISR,31,29,2,1.826,770
2017-05-15,JPN,20,16,4,1.07,124
2017-05-15,LKA,8,5,3,0.625,143
2017-05-15,MDV,1,1,0,6.4,6
2017-05-15,MEA,2,2,0,2.35,16
2017-05-15,MMR,8,8,0,2.875,21
2017-05-15,MUS,1,1,0,7.0,8
2017-05-15,MYS,6,6,0,2.2,13
2017-05-15,NGA,3,0,3,-5.0,17
2017-05-15,NLD,2,2,0,0.0,4
2017-05-15,NPL,18,10,8,-1.378,61
2017-05-15,PAK,134,58,76,-3.064,465
2017-05-15,PRK,3,0,3,-10.0,10
2017-05-15,PRT,4,2,2,1.875,16
2017-05-15,PSE,36,29,7,0.175,880
2017-05-15,QAT,1,1,0,3.4,20
2017-05-15,SAS,2,2,0,7.4,2
2017-05-15,SAU,3,3,0,3.233,7
2017-05-15,SEA,1,1,0,3.4,5
2017-05-15,SGP,25,25,0,5.728,158
2017-05-15,USA,35,35,0,3.183,342
2017-05-16,AFR,10,10,0,1.15,40
2017-05-16,ARE,9,7,2,2.833,16
2017-05-16,ASA,1,1,0,7.4,10
2017-05-16,AUS,2,2,0,1.0,6
2017-05-16,BGD,12,5,7,-2.133,36
2017-05-16,BWA,3,3,0,2.0,6
2017-05-16,CAN,9,9,0,3.278,47
2017-05-16,CHE,2,2,0,1.0,2
2017-05-16,CHN,51,46,5,2.018,277
2017-05-16,DEU,2,2,0,7.0,20
2017-05-16,FIN,1,0,1,-2.0,1
2017-05-16,FRA,4,4,0,2.875,6
2017-05-16,GBR,17,13,4,1.2,93
2017-05-16,GRC,4,4,0,1.9,14
2017-05-16,IRN,2,0,2,-9.5,8
2017-05-16,ISR,70,70,0,3.794,245
2017-05-16,ITA,6,0,6,-4.5,42
2017-05-16,JOR,3,3,0,1.567,16
2017-05-16,JPN,6,6,0,5.417,28
2017-05-16,KEN,2,2,0,-2.0,5
2017-05-16,KHM,4,4,0,2.35,4
2017-05-16,LKA,2,2,0,-0.3,2
2017-05-16,MEA,6,6,0,1.567,18
2017-05-16,MLI,1,1,0,3.0,2
2017-05-16,MYS,2,0,2,-2.0,3
2017-05-16,NPL,3,1,2,-1.667,6
2017-05-16,NZL,4,4,0,2.35,8
2017-05-16,PAK,64,34,30,-1.723,184
2017-05-16,PER,1,1,0,3.4,3
2017-05-16,POL,1,0,1,-10.0,5
2017-05-16,PSE,59,58,1,3.156,954
2017-05-16,SDN,2,0,2,-4.0,10
2017-05-16,SGP,12,10,2,3.058,109
2017-05-16,THA,6,6,0,2.717,29
2017-05-16,TWN,6,6,0,1.0,20
2017-05-16,USA,117,105,12,2.4,1259
2017-05-16,VAT,4,4,0,1.0,8
2017-05-16,ZAF,2,2,0,5.2,24
2017-05-17,AFR,8,6,2,2.425,46
2017-05-17,AUS,10,8,2,3.27,26
2017-05-17,BEL,6,6,0,3.95,80
2017-05-17,BGD,8,5,3,-0.25,54
2017-05-17,BGR,2,0,2,-5.0,6
2017-05-17,BHR,4,4,0,2.35,40
2017-05-17,CAN,1,1,0,6.4,15
2017-05-17,CHN,27,22,5,1.67,141
2017-05-17,EUR,10,10,0,2.71,44
2017-05-17,FRA,9,9,0,3.6,21
2017-05-17,GBR,45,45,0,3.438,149
2017-05-17,GRC,3,3,0,2.267,10
2017-05-17,IDN,1,0,1,-2.0,4
2017-05-17,IRN,8,8,0,1.0,24
2017-05-17,IRQ,3,3,0,2.0,30
2017-05-17,ISR,10,10,0,5.8,44
2017-05-17,ITA,2,1,1,-2.7,20
2017-05-17,JPN,3,3,0,4.333,46
2017-05-17,KOR,2,2,0,2.35,2
2017-05-17,LBN,1,1,0,0.0,5
2017-05-17,LBR,5,5,0,5.4,17
2017-05-17,LKA,10,0,10,-5.5,22
2017-05-17,MDV,5,5,0,2.4,26
2017-05-17,MMR,4,4,0,6.2,12
2017-05-17,MUS,1,0,1,-7.0,4
2017-05-17,NGA,10,2,8,-3.8,30
2017-05-17,NLD,14,14,0,4.057,33
2017-05-17,NPL,2,2,0,3.2,14
2017-05-17,PAK,79,41,38,-1.859,472
2017-05-17,PRT,3,3,0,5.4,4
2017-05-17,PSE,8,7,1,1.975,304
2017-05-17,QAT,1,1,0,0.4,2
2017-05-17,RUS,3,3,0,0.4,10
2017-05-17,SAS,1,1,0,4.0,5
2017-05-17,SAU,2,1,1,-0.8,10
2017-05-17,SDN,2,0,2,-4.0,10
2017-05-17,SGP,4,4,0,2.35,6
2017-05-17,SWE,2,0,2,-5.0,4
2017-05-17,TJK,2,2,0,8.0,6
2017-05-17,TUR,9,9,0,2.2,16
2017-05-17,TWN,2,2,0,2.35,12
2017-05-17,TZA,2,0,2,-10.0,3
2017-05-17,UGA,2,2,0,2.35,20
2017-05-17,USA,67,55,12,1.21,398
2017-05-17,YEM,1,0,1,-7.2,5
2017-05-18,AFR,4,4,0,3.1,26
2017-05-18,ARE,9,9,0,1.0,26
2017-05-18,AUS,26,22,4,1.669,69
2017-05-18,AUT,12,3,9,-1.333,103
2017-05-18,BEL,2,1,1,-0.7,4
2017-05-18,BGD,13,9,4,0.715,26
2017-05-18,BRA,8,7,1,2.35,38
2017-05-18,CAN,1,1,0,3.0,2
2017-05-18,CHN,49,44,5,2.657,248
2017-05-18,DEU,3,0,3,-5.0,8
2017-05-18,EUR,6,4,2,3.333,30
2017-05-18,FRA,13,13,0,2.431,68
2017-05-18,GBR,18,10,8,-1.883,68
2017-05-18,GRC,1,1,0,3.4,2
2017-05-18,IDN,4,2,2,-0.8,6
2017-05-18,IRN,12,1,11,-7.25,57
2017-05-18,ISR,8,8,0,3.675,26
2017-05-18,JPN,13,6,7,-1.308,61
2017-05-18,LBR,1,1,0,6.0,2
2017-05-18,LKA,26,17,9,-1.873,72
2017-05-18,LVA,3,3,0,2.5,10
2017-05-18,MEX,5,5,0,5.2,79
2017-05-18,MMR,1,0,1,-2.0,20
2017-05-18,MOZ,8,6,2,-0.85,10
2017-05-18,MYS,3,0,3,-4.0,10
2017-05-18,NGA,5,0,5,-5.0,24
2017-05-18,NLD,1,1,0,-2.0,6
2017-05-18,NPL,6,3,3,-0.5,32
2017-05-18,NZL,4,4,0,2.45,9
2017-05-18,PAK,146,71,75,-1.37,748
2017-05-18,PRT,3,1,2,-5.533,4
2017-05-18,PSE,10,10,0,2.68,28
2017-05-18,RUS,15,15,0,3.047,69
2017-05-18,SAS,3,1,2,-1.333,16
2017-05-18,SAU,7,4,3,-0.8,32
2017-05-18,SWE,3,0,3,-4.6,5
2017-05-18,TUR,3,3,0,4.0,6
2017-05-18,TWN,2,2,0,2.35,4
2017-05-18,TZA,4,4,0,4.0,8
2017-05-18,USA,78,70,8,2.128,541
2017-05-19,AFG,15,14,1,3.807,32
2017-05-19,AFR,6,4,2,2.0,24
2017-05-19,ARE,1,0,1,-5.0,4
2017-05-19,AUS,15,15,0,2.72,77
2017-05-19,AUT,3,0,3,-4.0,8
2017-05-19,BEL,2,2,0,1.0,8
2017-05-19,CAN,1,1,0,3.0,4
2017-05-19,CHE,2,2,0,1.0,8
2017-05-19,CHN,24,14,10,0.867,130
2017-05-19,DEU,14,5,9,-4.114,39
2017-05-19,EUR,2,2,0,6.4,12
2017-05-19,FRA,4,4,0,2.35,16
2017-05-19,GBR,21,19,2,1.39,84
2017-05-19,IRN,2,0,2,-9.0,6
2017-05-19,IRQ,6,6,0,1.8,16
2017-05-19,ISR,9,6,3,1.4,23
2017-05-19,ITA,1,0,1,-2.0,6
2017-05-19,JPN,3,3,0,3.733,15
2017-05-19,KOR,1,1,0,3.0,6
2017-05-19,LKA,10,10,0,3.41,38
2017-05-19,MDV,6,0,6,-9.5,28
2017-05-19,MEX,2,2,0,5.2,3
2017-05-19,MLI,1,1,0,7.0,4
2017-05-19,MUS,1,0,1,-2.0,4
2017-05-19,MYS,4,4,0,-0.75,17
2017-05-19,NGA,13,0,13,-5.0,86
2017-05-19,NLD,4,4,0,1.9,10
2017-05-19,PAK,95,53,42,-0.846,315
2017-05-19,PRT,10,8,2,2.14,46
2017-05-19,SAS,2,2,0,2.7,10
2017-05-19,SAU,19,15,4,0.747,62
2017-05-19,SEA,2,2,0,6.4,8
2017-05-19,SWE,4,3,1,1.0,8
2017-05-19,THA,4,4,0,1.95,49
2017-05-19,TWN,2,2,0,2.35,4
2017-05-19,USA,66,61,5,2.005,322
2017-05-19,VNM,4,3,1,3.4,8
2017-05-19,YEM,2,0,2,-2.0,7
2017-05-20,AFG,6,5,1,1.483,10
2017-05-20,AFR,2,2,0,2.35,8
2017-05-20,BGD,4,4,0,3.5,10
2017-05-20,CHN,17,16,1,0.812,55
2017-05-20,DZA,1,0,1,-10.0,10
2017-05-20,ETH,1,1,0,0.0,1
2017-05-20,EUR,2,2,0,5.0,6
2017-05-20,FRA,4,4,0,3.175,25
2017-05-20,GBR,10,6,4,-0.12,37
2017-05-20,IRL,4,4,0,2.35,8
2017-05-20,IRN,5,2,3,-4.04,17
2017-05-20,IRQ,5,3,2,-2.52,22
2017-05-20,ISR,6,6,0,1.9,12
2017-05-20,JOR,2,2,0,3.4,28
2017-05-20,JPN,9,9,0,5.0,21
2017-05-20,LBN,1,1,0,3.0,4
2017-05-20,LKA,4,4,0,2.35,8
2017-05-20,MEX,2,2,0,1.0,24
2017-05-20,MYS,1,1,0,4.0,2
2017-05-20,NPL,4,4,0,2.35,8
2017-05-20,PAK,102,61,41,-1.828,465
2017-05-20,PSE,9,9,0,2.2,20
2017-05-20,RUS,1,1,0,0.4,4
2017-05-20,SAS,2,1,1,-0.8,7
2017-05-20,SEA,2,1,1,-1.75,7
2017-05-20,SGP,3,3,0,4.0,40
2017-05-20,SOM,3,2,1,2.0,11
2017-05-20,SWE,2,2,0,0.0,2
2017-05-20,USA,60,50,10,1.125,724
2017-05-21,AFR,11,11,0,3.027,118
2017-05-21,ARE,5,2,3,-0.44,14
2017-05-21,AUS,6,3,3,-2.267,13
2017-05-21,BGD,1,1,0,7.0,1
2017-05-21,BWA,3,3,0,4.0,6
2017-05-21,CAN,2,2,0,2.35,16
2017-05-21,CHE,3,3,0,1.0,56
2017-05-21,CHN,30,17,13,-1.86,243
2017-05-21,DEU,6,6,0,2.35,18
2017-05-21,FRA,6,3,3,-0.217,20
2017-05-21,GBR,34,22,12,0.529,138
2017-05-21,IDN,1,1,0,3.4,1
2017-05-21,IRL,1,1,0,0.0,4
2017-05-21,IRN,8,8,0,2.838,14
2017-05-21,IRQ,6,6,0,1.0,20
2017-05-21,ISR,6,6,0,7.667,26
2017-05-21,JOR,2,2,0,1.7,14
2017-05-21,JPN,11,10,1,2.091,72
2017-05-21,KWT,5,3,2,1.24,16
2017-05-21,LKA,12,9,3,0.258,37
2017-05-21,MDV,4,4,0,2.5,88
2017-05-21,MMR,3,3,0,2.2,16
2017-05-21,NPL,3,3,0,3.9,24
2017-05-21,PAK,71,46,25,-1.418,248
2017-05-21,RUS,23,18,5,0.917,63
2017-05-21,SAU,2,2,0,2.35,8
2017-05-21,SGP,1,1,0,7.4,1
2017-05-21,USA,28,28,0,2.579,265
2017-05-22,AFG,2,2,0,2.35,4
2017-05-22,AFR,35,35,0,3.129,253
2017-05-22,ARE,11,10,1,2.609,27
2017-05-22,AUS,4,3,1,2.55,10
2017-05-22,BEL,1,0,1,-10.0,2
2017-05-22,BGD,12,11,1,2.633,50
2017-05-22,BGR,1,1,0,5.2,2
2017-05-22,CAN,5,4,1,0.3,32
2017-05-22,CHE,12,10,2,0.142,63
2017-05-22,CHN,36,19,17,-0.553,171
2017-05-22,DEU,2,2,0,4.0,8
2017-05-22,EUR,3,3,0,2.567,12
2017-05-22,FRA,3,0,3,-10.0,6
2017-05-22,GBR,25,14,11,-1.608,193
2017-05-22,IRN,21,20,1,2.095,104
2017-05-22,ISR,4,3,1,2.0,6
2017-05-22,ITA,4,0,4,-10.0,10
2017-05-22,JOR,4,4,0,2.35,32
2017-05-22,JPN,22,22,0,2.627,72
2017-05-22,KEN,1,1,0,0.0,4
2017-05-22,KOR,2,2,0,7.0,6
2017-05-22,KWT,1,1,0,7.4,10
2017-05-22,LKA,11,3,8,-2.682,27
2017-05-22,MMR,14,12,2,-0.729,85
2017-05-22,MYS,3,3,0,2.4,4
2017-05-22,NPL,10,8,2,2.5,47
2017-05-22,OMN,1,0,1,-5.0,6
2017-05-22,PAK,89,68,21,-0.49,350
2017-05-22,PRK,8,8,0,4.0,8
2017-05-22,RUS,1,1,0,7.4,6
2017-05-22,SAS,2,2,0,0.5,20
2017-05-22,SAU,8,4,4,-1.55,13
2017-05-22,SEA,2,2,0,3.4,6
2017-05-22,SGP,1,0,1,-4.0,6
2017-05-22,SWE,6,6,0,0.517,11
2017-05-22,THA,3,3,0,6.4,18
2017-05-22,TUR,5,5,0,2.92,12
2017-05-22,USA,60,52,8,1.833,293
2017-05-23,AFG,1,1,0,7.4,1
2017-05-23,AFR,40,38,2,2.428,297
2017-05-23,ARE,6,5,1,1.9,28
2017-05-23,AUS,4,2,2,-0.5,12
2017-05-23,BEL,7,7,0,4.6,95
2017-05-23,BGD,14,10,4,-0.207,128
2017-05-23,BTN,3,3,0,0.0,6
2017-05-23,CAN,11,7,4,-0.536,29
2017-05-23,CHE,8,8,0,1.375,16
2017-05-23,CHN,36,28,8,0.528,229
2017-05-23,DEU,6,6,0,0.5,52
2017-05-23,FJI,1,1,0,6.0,6
2017-05-23,FRA,5,3,2,0.42,35
2017-05-23,GBR,55,24,31,-1.876,332
2017-05-23,GRC,1,1,0,3.4,4
2017-05-23,IRN,5,5,0,3.76,15
2017-05-23,IRQ,4,4,0,7.0,4
2017-05-23,ISR,7,7,0,0.629,36
2017-05-23,JOR,7,0,7,-10.0,25
2017-05-23,JPN,5,5,0,2.14,12
2017-05-23,KOR,3,3,0,2.5,20
2017-05-23,LKA,26,20,6,0.819,44
2017-05-23,MMR,3,3,0,3.333,100
2017-05-23,MYS,2,2,0,1.0,2
2017-05-23,NLD,1,0,1,-2.0,2
2017-05-23,NMR,1,0,1,-2.0,6
2017-05-23,NPL,12,11,1,2.083,42
2017-05-23,NZL,5,5,0,3.4,24
2017-05-23,PAK,110,35,75,-2.987,519
2017-05-23,RUS,4,4,0,2.35,4
2017-05-23,SAU,14,14,0,3.05,39
2017-05-23,SGP,3,3,0,6.667,15
2017-05-23,SYR,3,2,1,-0.1,3
2017-05-23,THA,3,3,0,2.9,5
2017-05-23,TKM,1,1,0,0.0,4
2017-05-23,TUN,1,0,1,-10.0,1
2017-05-23,TUR,2,2,0,2.35,2
2017-05-23,USA,74,66,8,1.941,697
2017-05-23,WAF,1,1,0,3.0,10
2017-05-23,ZMB,3,3,0,2.5,8
2017-05-24,AFR,18,17,1,2.094,75
2017-05-24,ARE,8,8,0,2.35,18
2017-05-24,ASA,1,1,0,-2.0,10
2017-05-24,AUS,12,10,2,1.508,36
2017-05-24,AUT,1,1,0,-0.1,2
2017-05-24,BEL,1,1,0,5.2,10
2017-05-24,BGD,7,2,5,-2.8,53
2017-05-24,BOL,6,2,4,-7.25,44
2017-05-24,BRA,2,2,0,4.0,10
2017-05-24,CAN,11,11,0,1.755,20
2017-05-24,CHE,6,4,2,2.467,20
2017-05-24,CHN,47,39,8,0.63,357
2017-05-24,DEU,22,22,0,2.032,64
2017-05-24,ESP,7,7,0,3.429,26
2017-05-24,EUR,4,2,2,-1.0,14
2017-05-24,FIN,3,3,0,2.2,10
2017-05-24,FRA,16,16,0,3.731,64
2017-05-24,GBR,42,26,16,-0.267,222
2017-05-24,IDN,2,2,0,3.2,5
2017-05-24,IRN,2,2,0,4.0,4
2017-05-24,ISR,10,10,0,1.54,24
2017-05-24,ITA,4,0,4,-6.5,8
2017-05-24,JOR,7,4,3,-0.286,20
2017-05-24,JPN,11,11,0,2.527,88
2017-05-24,LKA,32,18,14,-1.225,152
2017-05-24,MMR,3,3,0,3.333,30
2017-05-24,MYS,11,11,0,1.709,41
2017-05-24,NLD,2,2,0,5.2,2
2017-05-24,NPL,17,13,4,0.841,66
2017-05-24,PAK,103,68,35,-0.904,623
2017-05-24,PRT,6,6,0,1.233,12
2017-05-24,RUS,10,9,1,2.95,44
2017-05-24,SAS,3,1,2,-3.467,22
2017-05-24,SAU,8,6,2,1.188,34
2017-05-24,SEA,1,0,1,-5.0,6
2017-05-24,SGP,4,4,0,8.0,28
2017-05-24,TUR,2,2,0,2.35,4
2017-05-24,USA,89,72,17,1.671,514
2017-05-24,VNM,3,1,2,1.133,16
2017-05-24,YEM,4,4,0,2.35,26
2017-05-24,ZMB,4,4,0,8.0,20
2017-05-25,AFR,19,17,2,1.179,144
2017-05-25,ARE,3,2,1,-1.767,6
2017-05-25,ASA,1,1,0,-2.0,5
2017-05-25,BGD,19,14,5,0.158,57
2017-05-25,BOL,7,1,6,-8.0,31
2017-05-25,BRA,2,2,0,4.0,5
2017-05-25,BTN,2,0,2,-7.2,6
2017-05-25,CAN,12,6,6,-2.5,26
2017-05-25,CHE,4,4,0,2.35,16
2017-05-25,CHN,47,35,12,-0.287,255
2017-05-25,EUR,3,3,0,7.0,10
2017-05-25,FRA,1,0,1,-2.0,2
2017-05-25,GBR,37,35,2,2.238,165
2017-05-25,IRN,3,1,2,-2.667,8
2017-05-25,ISR,19,19,0,2.437,43
2017-05-25,ITA,11,8,3,-0.636,17
2017-05-25,JPN,14,14,0,2.464,371
2017-05-25,KEN,7,7,0,1.0,10
2017-05-25,KWT,4,4,0,2.35,18
2017-05-25,LCA,3,3,0,2.567,60
2017-05-25,LKA,8,8,0,1.287,54
2017-05-25,MDV,4,2,2,-1.3,6
2017-05-25,MEA,1,0,1,-7.2,6
2017-05-25,MMR,8,8,0,3.275,64
2017-05-25,MUS,16,16,0,4.0,132
2017-05-25,NLD,7,7,0,1.629,28
2017-05-25,NPL,7,7,0,2.957,54
2017-05-25,NZL,5,4,1,0.7,10
2017-05-25,PAK,220,152,68,0.094,922
2017-05-25,PHL,2,2,0,-2.0,4
2017-05-25,QAT,7,7,0,2.843,12
2017-05-25,RUS,10,10,0,5.8,100
2017-05-25,SAU,10,8,2,2.67,24
2017-05-25,SGP,4,4,0,5.5,6
2017-05-25,TUR,3,2,1,1.667,12
2017-05-25,USA,102,94,8,2.004,725
2017-05-25,VNM,7,7,0,3.071,24
2017-05-25,WST,1,0,1,-2.0,10
2017-05-25,YEM,5,5,0,7.0,18
2017-05-26,AFG,6,4,2,-0.1,10
2017-05-26,AFR,9,7,2,2.111,50
2017-05-26,ARE,1,1,0,4.0,1
2017-05-26,AUS,13,13,0,2.492,46
2017-05-26,BGD,11,9,2,0.691,68
2017-05-26,BHR,2,2,0,3.5,6
2017-05-26,BMU,2,2,0,3.7,6
2017-05-26,CAN,23,22,1,2.361,62
2017-05-26,CHN,65,52,13,1.483,882
2017-05-26,DEU,7,7,0,5.529,56
2017-05-26,EGY,4,2,2,-3.825,40
2017-05-26,GBR,15,14,1,2.253,76
2017-05-26,ISR,2,1,1,0.7,9
2017-05-26,JPN,19,15,4,0.589,68
2017-05-26,KOR,3,3,0,3.8,4
2017-05-26,KWT,2,2,0,2.35,6
2017-05-26,LBN,2,0,2,-9.5,4
2017-05-26,LBY,4,4,0,2.35,16
2017-05-26,LKA,17,14,3,1.224,125
2017-05-26,LTU,2,2,0,6.0,6
2017-05-26,MDV,1,0,1,-5.0,10
2017-05-26,MEA,1,0,1,-7.2,6
2017-05-26,MEX,1,0,1,-10.0,10
2017-05-26,MMR,9,9,0,4.922,37
2017-05-26,MUS,110,98,12,1.73,1186
2017-05-26,MYS,4,4,0,2.35,12
2017-05-26,NLD,4,4,0,1.0,12
2017-05-26,NPL,9,9,0,3.0,32
2017-05-26,NZL,10,10,0,2.35,16
2017-05-26,PAK,131,89,42,-0.612,820
2017-05-26,RUS,14,14,0,5.286,72
2017-05-26,RWA,1,1,0,3.4,2
2017-05-26,SAS,2,2,0,3.0,4
2017-05-26,SAU,7,7,0,1.257,14
2017-05-26,SGP,10,10,0,2.35,96
2017-05-26,SYR,1,0,1,-7.0,4
2017-05-26,THA,2,2,0,2.35,12
2017-05-26,TUR,2,2,0,5.0,8
2017-05-26,USA,95,83,12,0.916,458
2017-05-26,WST,1,1,0,0.4,3
2017-05-26,YEM,2,1,1,-5.0,20
2017-05-27,AFR,4,2,2,-1.7,18
2017-05-27,AUT,2,2,0,7.0,2
2017-05-27,BGD,7,7,0,2.614,24
2017-05-27,BWA,9,5,4,-1.467,45
2017-05-27,CAN,2,1,1,0.8,10
2017-05-27,CHN,9,8,1,1.778,81
2017-05-27,DEU,4,2,2,-4.5,8
2017-05-27,FRA,2,2,0,2.35,2
2017-05-27,GBR,8,4,4,-1.212,36
2017-05-27,GRC,2,2,0,0.0,6
2017-05-27,ISR,4,2,2,-0.825,14
2017-05-27,JPN,11,9,2,0.609,46
2017-05-27,LAO,1,1,0,7.0,2
2017-05-27,LKA,23,23,0,3.939,152
2017-05-27,MDV,5,5,0,5.0,24
2017-05-27,MMR,4,4,0,2.35,8
2017-05-27,MNG,1,0,1,-10.0,31
2017-05-27,MUS,173,165,8,2.918,1252
2017-05-27,MYS,8,8,0,2.35,16
2017-05-27,NPL,1,0,1,-9.0,4
2017-05-27,PAK,55,34,21,-1.364,389
2017-05-27,QAT,1,1,0,0.0,3
2017-05-27,RUS,2,2,0,2.35,12
2017-05-27,RWA,1,1,0,3.4,2
2017-05-27,SAU,1,1,0,3.4,5
2017-05-27,SGP,1,1,0,7.4,6
2017-05-27,SYC,3,3,0,3.4,18
2017-05-27,THA,2,2,0,2.35,6
2017-05-27,USA,45,35,10,-0.151,319
2017-05-27,VNM,5,0,5,-6.5,6
2017-05-28,AFR,1,0,1,-4.4,6
2017-05-28,ARE,2,2,0,2.35,16
2017-05-28,AUS,2,2,0,2.35,4
2017-05-28,BGD,26,8,18,-1.696,226
2017-05-28,BRA,5,3,2,-2.2,32
2017-05-28,CAN,5,5,0,3.08,8
2017-05-28,CHE,6,6,0,2.35,48
2017-05-28,CHN,23,21,2,1.987,94
2017-05-28,DEU,16,16,0,2.5,34
2017-05-28,ESP,10,10,0,4.0,24
2017-05-28,FRA,19,14,5,1.284,35
2017-05-28,GBR,18,8,10,-0.528,50
2017-05-28,JPN,1,0,1,-5.0,2
2017-05-28,LKA,9,9,0,3.233,90
2017-05-28,MDV,1,0,1,-10.0,4
2017-05-28,MEA,2,0,2,-8.6,36
2017-05-28,MUS,69,65,4,2.084,451
2017-05-28,MYS,3,3,0,2.2,8
2017-05-28,NPL,12,12,0,1.8,164
2017-05-28,PAK,70,45,25,-0.596,266
2017-05-28,QAT,5,5,0,1.32,60
2017-05-28,RUS,12,12,0,3.333,26
2017-05-28,SAU,9,7,2,-1.111,177
2017-05-28,SDN,2,0,2,-7.0,12
2017-05-28,SSD,3,0,3,-8.0,5
2017-05-28,SYR,3,3,0,3.0,10
2017-05-28,USA,39,26,13,-0.328,226
2017-05-28,YEM,2,2,0,3.4,2
2017-05-29,AFG,1,1,0,4.0,4
2017-05-29,AFR,3,3,0,2.2,12
2017-05-29,BGD,15,10,5,-0.153,60
2017-05-29,BRA,1,0,1,-10.0,10
2017-05-29,CAN,3,1,2,-5.667,8
2017-05-29,CHN,41,34,7,0.888,263
2017-05-29,CIV,2,0,2,-5.0,4
2017-05-29,DEU,33,31,2,2.445,167
2017-05-29,ESP,22,22,0,3.25,114
2017-05-29,EUR,32,32,0,2.509,431
2017-05-29,FRA,32,32,0,3.216,146
2017-05-29,GBR,22,12,10,-1.155,58
2017-05-29,GHA,4,4,0,6.85,50
2017-05-29,GUY,2,1,1,-5.0,11
2017-05-29,IRQ,3,3,0,2.5,12
2017-05-29,ITA,5,5,0,2.56,12
2017-05-29,JOR,3,2,1,-2.667,14
2017-05-29,JPN,11,10,1,1.318,34
2017-05-29,LKA,11,10,1,0.982,50
2017-05-29,MDV,2,2,0,-0.4,12
2017-05-29,MEA,4,0,4,-8.6,21
2017-05-29,MMR,3,3,0,3.0,14
2017-05-29,MUS,6,4,2,1.0,16
2017-05-29,NGA,9,0,9,-5.556,40
2017-05-29,NPL,10,6,4,-2.12,37
2017-05-29,PAK,24,17,7,-0.383,63
2017-05-29,RUS,42,39,3,2.869,184
2017-05-29,SAU,2,2,0,0.0,20
2017-05-29,SGP,2,2,0,2.35,8
2017-05-29,SWE,1,1,0,5.2,2
2017-05-29,TUR,7,2,5,-2.9,227
2017-05-29,USA,63,53,10,1.235,271
2017-05-29,YEM,1,1,0,3.0,2
2017-05-30,AFR,1,1,0,4.0,5
2017-05-30,AUS,5,5,0,2.92,16
2017-05-30,AUT,4,4,0,6.0,6
2017-05-30,BEL,3,3,0,3.4,18
2017-05-30,BGD,11,5,6,-3.936,54
2017-05-30,BGR,1,0,1,-10.0,4
2017-05-30,CAN,6,6,0,3.9,14
2017-05-30,CHN,44,31,13,0.18,604
2017-05-30,DEU,67,60,7,2.49,540
2017-05-30,ESP,28,25,3,2.582,105
2017-05-30,EUR,8,8,0,2.0,72
2017-05-30,FJI,2,2,0,8.0,8
2017-05-30,FRA,8,8,0,2.763,22
2017-05-30,GBR,15,9,6,-0.86,57
2017-05-30,IDN,10,9,1,2.18,46
2017-05-30,IRN,5,4,1,4.24,30
2017-05-30,IRQ,2,1,1,1.0,20
2017-05-30,ISR,2,2,0,4.0,2
2017-05-30,JOR,1,1,0,0.4,6
2017-05-30,JPN,3,3,0,2.567,14
2017-05-30,KOR,5,5,0,0.4,30
2017-05-30,MEA,8,0,8,-10.0,36
2017-05-30,MMR,4,2,2,0.5,9
2017-05-30,MUS,4,4,0,1.0,12
2017-05-30,MYS,19,19,0,4.0,57
2017-05-30,NLD,2,1,1,-0.8,8
2017-05-30,NPL,11,10,1,1.236,458
2017-05-30,PAK,73,51,22,0.44,685
2017-05-30,PRK,1,1,0,0.4,10
2017-05-30,QAT,3,3,0,3.5,3
2017-05-30,RUS,18,17,1,2.367,41
2017-05-30,SAU,8,7,1,0.288,19
2017-05-30,SEA,1,1,0,3.0,6
2017-05-30,SGP,3,3,0,8.0,20
2017-05-30,THA,4,4,0,2.35,8
2017-05-30,TUR,8,0,8,-5.0,83
2017-05-30,USA,65,55,10,1.291,603
2017-05-30,VNM,2,2,0,6.4,8
2017-05-30,YEM,3,2,1,-1.333,19
2017-05-31,AFG,28,8,20,-2.425,170
2017-05-31,ARE,7,5,2,0.186,30
2017-05-31,ASA,1,1,0,7.4,6
2017-05-31,AUS,3,1,2,-2.333,4
2017-05-31,AUT,11,11,0,3.364,22
2017-05-31,BEL,4,4,0,2.35,4
2017-05-31,BGD,9,9,0,3.911,28
2017-05-31,BHR,2,0,2,-5.0,4
2017-05-31,BTN,1,1,0,-0.4,2
2017-05-31,CAN,2,2,0,2.0,40
2017-05-31,CHE,7,7,0,2.514,16
2017-05-31,CHN,57,43,14,0.284,293
2017-05-31,DEU,30,28,2,2.773,72
2017-05-31,DNK,7,6,1,2.243,20
2017-05-31,ESP,12,9,3,1.967,37
2017-05-31,EUR,2,2,0,3.0,28
2017-05-31,FJI,2,2,0,2.35,4
2017-05-31,FRA,3,3,0,7.467,14
2017-05-31,GBR,10,8,2,0.7,54
2017-05-31,GIN,2,2,0,6.75,12
2017-05-31,GUY,2,0,2,-10.0,10
2017-05-31,IDN,4,3,1,0.4,52
2017-05-31,JPN,14,12,2,2.557,46
2017-05-31,KOR,7,7,0,6.0,74
2017-05-31,LKA,1,0,1,-2.0,10
2017-05-31,MEA,3,0,3,-10.0,13
2017-05-31,MEX,1,0,1,-2.0,1
2017-05-31,MMR,2,2,0,4.0,4
2017-05-31,MUS,17,15,2,1.624,29
2017-05-31,MYS,6,5,1,3.133,17
2017-05-31,NLD,4,4,0,1.175,49
2017-05-31,NMR,2,2,0,3.0,16
2017-05-31,NOR,1,1,0,4.0,8
2017-05-31,NPL,5,5,0,0.6,116
2017-05-31,PAK,21,13,8,0.41,54
2017-05-31,RUS,42,35,7,2.06,688
2017-05-31,SAS,1,0,1,-9.0,4
2017-05-31,SAU,17,16,1,1.735,62
2017-05-31,SGP,6,6,0,2.933,23
2017-05-31,SWE,7,4,3,0.486,44
2017-05-31,THA,2,2,0,5.0,6
2017-05-31,TUR,2,2,0,4.0,8
2017-05-31,USA,71,59,12,1.73,344
2017-05-31,YEM,3,3,0,7.0,21
2017-05-31,ZAF,2,2,0,3.4,10
2017-06-01,AFG,9,7,2,1.433,162
2017-06-01,AFR,4,4,0,1.0,20
2017-06-01,ARE,2,0,2,-5.0,4
2017-06-01,ARG,1,1,0,3.4,6
2017-06-01,AUS,5,5,0,6.2,14
2017-06-01,BGD,7,7,0,4.8,24
2017-06-01,BHR,2,0,2,-5.0,4
2017-06-01,CAN,2,2,0,0.0,3
2017-06-01,CHE,3,3,0,2.567,6
2017-06-01,CHN,12,9,3,0.45,33
2017-06-01,CZE,9,9,0,4.556,153
2017-06-01,DEU,8,6,2,0.75,24
2017-06-01,FRA,5,4,1,-2.0,34
2017-06-01,GBR,28,24,4,1.271,155
2017-06-01,GRC,1,1,0,0.0,3
2017-06-01,IRN,1,1,0,6.4,6
2017-06-01,ITA,1,0,1,-5.0,5
2017-06-01,JPN,14,13,1,2.45,39
2017-06-01,LKA,1,0,1,-5.0,3
2017-06-01,MMR,1,1,0,-0.4,9
2017-06-01,MOZ,4,2,2,-1.0,4
2017-06-01,MUS,7,7,0,2.286,22
2017-06-01,MYS,1,1,0,-0.4,2
2017-06-01,NGA,1,0,1,-5.0,2
2017-06-01,NOR,1,1,0,4.0,4
2017-06-01,NPL,11,9,2,1.436,71
2017-06-01,PAK,79,42,37,-0.865,467
2017-06-01,RUS,95,83,12,1.475,467
2017-06-01,SAS,5,2,3,-5.2,39
2017-06-01,SAU,13,12,1,1.115,47
2017-06-01,SDN,1,1,0,3.4,3
2017-06-01,SSD,1,1,0,3.4,3
2017-06-01,SWE,10,8,2,-0.21,23
2017-06-01,THA,4,4,0,1.0,4
2017-06-01,USA,54,49,5,3.061,261
2017-06-01,WST,4,4,0,-0.4,6
2017-06-01,YEM,2,2,0,7.0,8
2017-06-01,ZAF,4,3,1,3.1,26
2017-06-02,AFG,6,5,1,1.55,27
2017-06-02,ARE,1,0,1,-5.0,10
2017-06-02,AUS,4,3,1,0.85,16
2017-06-02,AUT,3,3,0,3.0,4
2017-06-02,BGD,5,5,0,2.74,26
2017-06-02,CAN,6,4,2,3.133,50
2017-06-02,CHN,34,26,8,0.988,153
2017-06-02,CZE,9,9,0,4.556,137
2017-06-02,DEU,22,22,0,2.414,62
2017-06-02,EUR,2,2,0,1.0,4
2017-06-02,FRA,20,20,0,3.565,105
2017-06-02,GBR,9,8,1,1.0,23
2017-06-02,GHA,1,1,0,0.4,2
2017-06-02,GIN,2,2,0,6.75,12
2017-06-02,HUN,1,1,0,4.0,8
2017-06-02,IRL,11,11,0,4.709,35
2017-06-02,IRN,2,2,0,2.35,10
2017-06-02,ITA,5,0,5,-6.5,15
2017-06-02,JPN,19,11,8,-0.9,85
2017-06-02,KOR,5,4,1,3.76,13
2017-06-02,LKA,6,4,2,0.85,13
2017-06-02,MDV,5,5,0,7.4,12
2017-06-02,MLI,11,6,5,-0.755,26
2017-06-02,MMR,3,3,0,2.0,26
2017-06-02,MUS,6,6,0,4.45,27
2017-06-02,MYS,8,8,0,2.35,16
2017-06-02,NGA,1,0,1,-5.0,2
2017-06-02,NLD,2,2,0,4.0,20
2017-06-02,NOR,1,1,0,4.0,12
2017-06-02,NPL,6,2,4,-3.75,31
2017-06-02,PAK,48,23,25,-1.685,287
2017-06-02,PHL,1,0,1,-2.0,20
2017-06-02,PRK,2,0,2,-4.4,10
2017-06-02,PRT,2,2,0,-2.0,10
2017-06-02,RUS,87,82,5,2.5,648
2017-06-02,SAS,3,2,1,1.333,24
2017-06-02,SGP,4,4,0,2.2,68
2017-06-02,SWE,6,6,0,2.2,16
2017-06-02,SYR,7,6,1,0.486,32
2017-06-02,THA,4,4,0,2.35,4
2017-06-02,USA,108,97,11,2.536,1125
2017-06-02,YEM,7,4,3,-1.614,54
2017-06-02,ZAF,1,1,0,7.0,5
2017-06-03,AFG,19,19,0,1.674,158
2017-06-03,BRA,2,2,0,2.35,4
2017-06-03,CAN,10,8,2,3.0,22
2017-06-03,CHN,36,30,6,3.108,140
2017-06-03,CZE,5,5,0,2.92,22
2017-06-03,DEU,10,9,1,3.6,30
2017-06-03,FJI,6,6,0,1.45,20
2017-06-03,FRA,11,10,1,1.182,42
2017-06-03,GBR,2,2,0,0.0,5
2017-06-03,GUY,1,1,0,0.0,2
2017-06-03,IRL,14,14,0,4.0,33
2017-06-03,IRQ,5,5,0,3.64,47
2017-06-03,ISR,2,2,0,2.35,4
2017-06-03,ITA,10,4,6,-1.54,22
2017-06-03,JPN,3,3,0,2.2,8
2017-06-03,KOR,2,2,0,3.4,3
2017-06-03,LKA,1,1,0,7.0,5
2017-06-03,MEA,1,0,1,-10.0,2
2017-06-03,MEX,1,1,0,6.4,18
2017-06-03,MLI,4,2,2,-1.0,9
2017-06-03,MMR,4,0,4,-9.875,100
2017-06-03,NGA,2,2,0,2.35,4
2017-06-03,NPL,5,4,1,0.88,22
2017-06-03,PAK,120,66,54,-1.696,698
2017-06-03,RUS,39,33,6,1.251,145
2017-06-03,SAS,5,1,4,-4.72,31
2017-06-03,SEA,1,1,0,4.0,90
2017-06-03,SGP,3,2,1,-1.733,14
2017-06-03,THA,2,2,0,2.35,4
2017-06-03,TUN,2,2,0,2.35,8
2017-06-03,TUR,2,0,2,-5.0,3
2017-06-03,USA,92,73,19,1.575,1006
2017-06-03,YEM,4,3,1,2.425,15
2017-06-04,AFR,1,1,0,0.0,5
2017-06-04,ARE,2,0,2,-9.6,4
2017-06-04,BGD,10,8,2,0.56,192
2017-06-04,BHR,17,17,0,8.0,484
2017-06-04,BWA,1,0,1,-6.5,10
2017-06-04,CAN,8,8,0,5.425,24
2017-06-04,CHN,51,26,25,-1.42,239
2017-06-04,DEU,14,12,2,1.614,36
2017-06-04,ESP,4,4,0,2.35,12
2017-06-04,EUR,8,8,0,2.35,36
2017-06-04,FJI,2,2,0,2.35,8
2017-06-04,FRA,16,14,2,1.55,36
2017-06-04,GBR,46,23,23,-0.693,226
2017-06-04,IRL,8,8,0,1.037,14
2017-06-04,ITA,4,4,0,7.4,6
2017-06-04,JPN,6,0,6,-7.333,16
2017-06-04,KHM,1,0,1,-5.0,12
2017-06-04,LKA,2,2,0,4.0,12
2017-06-04,MDV,3,3,0,7.4,12
2017-06-04,MEA,3,3,0,7.4,21
2017-06-04,MLT,13,12,1,1.4,148
2017-06-04,MMR,1,0,1,-9.5,10
2017-06-04,MOZ,2,0,2,-2.0,2
2017-06-04,MYS,1,0,1,-5.0,12
2017-06-04,NMR,2,2,0,4.0,6
2017-06-04,NPL,4,3,1,-1.75,9
2017-06-04,OMN,1,1,0,7.4,12
2017-06-04,PAK,71,63,8,1.965,514
2017-06-04,RUS,14,14,0,3.157,36
2017-06-04,SAS,3,3,0,7.4,3
2017-06-04,SAU,3,0,3,-9.733,4
2017-06-04,SGP,12,12,0,1.0,24
2017-06-04,SYR,3,2,1,-0.9,35
2017-06-04,THA,1,1,0,4.0,16
2017-06-04,TWN,1,1,0,7.0,3
2017-06-04,USA,96,83,13,1.093,830
2017-06-04,VNM,4,4,0,1.0,12
2017-06-05,AFG,10,10,0,3.08,24
2017-06-05,AFR,1,1,0,1.0,6
2017-06-05,ARE,3,0,3,-4.0,8
2017-06-05,AUS,9,7,2,1.011,50
2017-06-05,BEL,9,9,0,2.422,28
2017-06-05,BGD,16,16,0,3.456,106
2017-06-05,BHR,9,7,2,5.333,52
2017-06-05,BRA,2,2,0,1.7,7
2017-06-05,CAN,2,0,2,-10.0,4
2017-06-05,CHE,2,2,0,6.4,10
2017-06-05,CHN,75,60,15,0.463,1144
2017-06-05,DEU,8,6,2,0.1,16
2017-06-05,DNK,2,0,2,-10.0,4
2017-06-05,DZA,1,1,0,4.0,4
2017-06-05,EGY,3,0,3,-4.0,8
2017-06-05,ESP,5,5,0,2.04,16
2017-06-05,EUR,2,0,2,-3.5,8
2017-06-05,FIN,2,0,2,-10.0,4
2017-06-05,FRA,14,8,6,1.386,54
2017-06-05,GBR,29,10,19,-0.986,103
2017-06-05,GRC,3,3,0,3.4,9
2017-06-05,IRL,2,2,0,3.0,5
2017-06-05,IRN,7,3,4,-4.857,86
2017-06-05,IRQ,4,4,0,6.325,32
2017-06-05,ISR,2,0,2,-10.0,4
2017-06-05,JPN,5,4,1,1.24,26
2017-06-05,KAZ,6,5,1,1.833,14
2017-06-05,KHM,1,0,1,-5.0,3
2017-06-05,KOR,5,5,0,8.0,24
2017-06-05,LKA,7,7,0,0.114,11
2017-06-05,MEX,6,5,1,1.95,16
2017-06-05,MLI,2,0,2,-5.5,6
2017-06-05,MLT,9,9,0,2.4,62
2017-06-05,MMR,2,0,2,-10.0,2
2017-06-05,MUS,2,1,1,0.0,24
2017-06-05,MYS,1,0,1,-5.0,3
2017-06-05,NGA,1,0,1,-9.5,4
2017-06-05,NLD,10,10,0,7.0,20
2017-06-05,NOR,2,0,2,-10.0,4
2017-06-05,NPL,7,0,7,-4.486,42
2017-06-05,PAK,69,40,29,-0.783,511
2017-06-05,PGS,6,2,4,-1.2,24
2017-06-05,QAT,34,22,12,-0.865,148
2017-06-05,RUS,13,11,2,1.192,455
2017-06-05,SEA,1,0,1,-5.0,3
2017-06-05,SGP,3,3,0,1.9,16
2017-06-05,SWE,2,0,2,-10.0,4
2017-06-05,SYR,3,3,0,3.4,6
2017-06-05,THA,3,3,0,3.8,8
2017-06-05,TUN,4,4,0,2.35,8
2017-06-05,USA,70,52,18,0.371,710
2017-06-05,YEM,4,3,1,-0.5,13
2017-06-06,AFG,7,4,3,-1.657,88
2017-06-06,AFR,6,6,0,5.0,46
2017-06-06,ASA,13,13,0,1.492,59
2017-06-06,AUS,5,3,2,-1.92,36
2017-06-06,BEL,7,7,0,2.286,12
2017-06-06,BGD,15,11,4,1.74,133
2017-06-06,BHR,2,2,0,-2.0,5
2017-06-06,BRA,1,1,0,0.0,2
2017-06-06,BTN,2,2,0,7.0,20
2017-06-06,CAN,5,1,4,-8.0,10
2017-06-06,CHN,52,30,22,-0.694,294
2017-06-06,DEU,2,0,2,-10.0,4
2017-06-06,DNK,2,0,2,-10.0,4
2017-06-06,EUR,2,2,0,3.0,4
2017-06-06,FIN,2,0,2,-10.0,4
2017-06-06,FRA,26,24,2,5.681,144
2017-06-06,GBR,14,3,11,-3.586,50
2017-06-06,GHA,2,2,0,2.35,2
2017-06-06,IDN,3,3,0,6.4,10
2017-06-06,IRL,3,3,0,1.0,8
2017-06-06,IRN,2,0,2,-9.0,6
2017-06-06,ISR,9,6,3,-0.933,16
2017-06-06,ITA,6,6,0,3.033,13
2017-06-06,JPN,5,3,2,2.08,31
2017-06-06,KEN,2,2,0,8.3,8
2017-06-06,LKA,14,12,2,0.757,53
2017-06-06,MLT,3,3,0,2.9,18
2017-06-06,NGA,3,1,2,-2.333,15
2017-06-06,NLD,3,0,3,-2.0,18
2017-06-06,NMR,4,3,1,-0.75,13
2017-06-06,NOR,3,1,2,-5.667,7
2017-06-06,NPL,11,11,0,2.336,114
2017-06-06,PAK,23,11,12,-1.065,121
2017-06-06,PHL,3,0,3,-4.667,10
2017-06-06,POL,1,1,0,7.0,5
2017-06-06,QAT,6,5,1,0.117,84
2017-06-06,RUS,5,3,2,-2.26,84
2017-06-06,SAS,1,1,0,5.0,3
2017-06-06,SEA,3,1,2,-5.333,9
2017-06-06,SWE,2,0,2,-10.0,4
2017-06-06,USA,89,78,11,1.771,528
2017-06-06,VEN,4,4,0,1.0,16
2017-06-06,ZAF,1,1,0,7.0,4
2017-06-07,AFG,6,4,2,0.9,8
2017-06-07,ARE,9,8,1,2.011,35
2017-06-07,ARG,1,0,1,-4.0,2
2017-06-07,AUS,2,1,1,-6.0,9
2017-06-07,BGD,14,11,3,0.886,32
2017-06-07,CAN,8,4,4,-1.938,16
2017-06-07,CHN,46,34,12,0.32,380
2017-06-07,DNK,5,5,0,5.0,34
2017-06-07,ESP,3,3,0,1.133,8
2017-06-07,EUR,1,1,0,3.0,6
2017-06-07,FRA,7,7,0,1.543,19
2017-06-07,GBR,11,8,3,1.227,43
2017-06-07,GRC,2,2,0,2.35,4
2017-06-07,IDN,5,5,0,7.4,20
2017-06-07,IRL,2,2,0,7.0,8
2017-06-07,IRN,20,14,6,-1.495,92
2017-06-07,ISR,24,22,2,1.8,71
2017-06-07,ITA,2,2,0,2.35,8
2017-06-07,JOR,4,0,4,-2.0,20
2017-06-07,JPN,7,6,1,1.629,25
2017-06-07,KAZ,28,28,0,1.896,296
2017-06-07,KEN,4,4,0,2.35,10
2017-06-07,KOR,7,7,0,4.043,47
2017-06-07,LBN,2,2,0,2.35,10
2017-06-07,LKA,8,5,3,1.375,13
2017-06-07,MDV,2,0,2,-5.0,6
2017-06-07,MEA,4,0,4,-10.0,12
2017-06-07,MLI,2,2,0,1.7,10
2017-06-07,MMR,1,0,1,-5.0,10
2017-06-07,MYS,6,6,0,7.0,108
2017-06-07,NGA,3,2,1,0.333,20
2017-06-07,NMR,11,11,0,0.545,28
2017-06-07,NOR,1,1,0,4.0,4
2017-06-07,NPL,12,10,2,3.2,47
2017-06-07,OMN,2,2,0,0.0,2
2017-06-07,PAK,41,26,15,0.329,147
2017-06-07,PER,2,2,0,2.35,6
2017-06-07,PSE,4,4,0,4.0,18
2017-06-07,QAT,8,6,2,3.425,62
2017-06-07,RUS,5,0,5,-3.6,40
2017-06-07,SOM,3,3,0,8.0,24
2017-06-07,USA,100,82,18,1.246,746
2017-06-08,AFG,10,8,2,1.0,32
2017-06-08,ARE,10,6,4,-0.06,40
2017-06-08,AUS,13,10,3,1.223,37
2017-06-08,AUT,4,0,4,-4.0,120
2017-06-08,BGD,13,13,0,5.292,48
2017-06-08,BHR,2,2,0,7.0,17
2017-06-08,BRA,5,5,0,4.7,30
2017-06-08,CAN,1,0,1,-10.0,1
2017-06-08,CAS,2,2,0,4.0,4
2017-06-08,CHN,94,80,14,2.118,538
2017-06-08,DNK,3,3,0,2.7,6
2017-06-08,EGY,8,6,2,-0.737,20
2017-06-08,FRA,6,6,0,2.65,46
2017-06-08,GBR,18,14,4,0.972,73
2017-06-08,GRC,3,3,0,6.0,8
2017-06-08,IDN,7,7,0,2.743,16
2017-06-08,IRL,2,2,0,3.4,3
2017-06-08,IRN,13,8,5,-0.769,79
2017-06-08,ISR,6,6,0,2.917,122
2017-06-08,JOR,3,2,1,-0.6,30
2017-06-08,JPN,5,5,0,4.88,16
2017-06-08,KAZ,49,49,0,2.914,406
2017-06-08,KEN,4,4,0,2.35,8
2017-06-08,KOR,5,4,1,1.9,42
2017-06-08,MDV,2,2,0,-0.2,10
2017-06-08,MMR,10,10,0,5.86,216
2017-06-08,MUS,2,2,0,2.6,7
2017-06-08,NGA,4,0,4,-3.5,13
2017-06-08,NMR,1,1,0,7.0,1
2017-06-08,NOR,1,1,0,4.0,4
2017-06-08,NPL,29,18,11,0.19,197
2017-06-08,PAK,58,34,24,-1.341,212
2017-06-08,PHL,1,1,0,3.4,4
2017-06-08,PSE,16,16,0,2.012,160
2017-06-08,QAT,5,4,1,1.08,42
2017-06-08,RUS,1,0,1,-5.0,6
2017-06-08,SGP,7,7,0,4.0,18
2017-06-08,SOM,2,2,0,8.0,12
2017-06-08,SWE,2,2,0,1.0,10
2017-06-08,THA,11,8,3,-0.273,27
2017-06-08,USA,110,81,29,0.877,1380
2017-06-08,ZMB,2,2,0,2.35,8
2017-06-09,AFG,8,7,1,1.237,30
2017-06-09,AFR,2,0,2,-5.0,4
2017-06-09,ARE,18,18,0,0.083,377
2017-06-09,ARM,3,3,0,7.0,12
2017-06-09,AUS,1,0,1,-4.4,6
2017-06-09,BGD,15,9,6,-1.833,50
2017-06-09,BHR,4,3,1,-0.5,46
2017-06-09,BOL,1,0,1,-5.0,4
2017-06-09,BRA,6,6,0,1.9,18
2017-06-09,BTN,7,5,2,1.086,21
2017-06-09,CAN,16,4,12,-4.581,39
2017-06-09,CHN,62,48,14,1.132,193
2017-06-09,EGY,3,1,2,-3.0,12
2017-06-09,ETH,4,4,0,2.35,8
2017-06-09,EUR,2,2,0,2.35,6
2017-06-09,FRA,22,17,5,-1.568,426
2017-06-09,GBR,29,28,1,1.462,554
2017-06-09,GRC,1,1,0,4.0,4
2017-06-09,HUN,9,9,0,1.8,24
2017-06-09,IDN,3,3,0,6.0,6
2017-06-09,IRL,3,3,0,0.0,3
2017-06-09,IRN,13,8,5,-0.077,113
2017-06-09,ISR,3,3,0,4.0,32
2017-06-09,JPN,2,2,0,0.0,2
2017-06-09,KAZ,19,18,1,2.074,50
2017-06-09,KOR,4,4,0,2.35,4
2017-06-09,LBN,9,9,0,1.878,54
2017-06-09,LKA,4,4,0,5.75,5
2017-06-09,MCO,2,2,0,4.0,20
2017-06-09,MEX,3,3,0,1.0,4
2017-06-09,MMR,2,0,2,-10.0,2
2017-06-09,MYS,26,14,12,-1.269,120
2017-06-09,NGA,2,0,2,-5.0,10
2017-06-09,NLD,12,12,0,-1.5,366
2017-06-09,NPL,20,14,6,-0.715,329
2017-06-09,PAK,68,30,38,-1.385,391
2017-06-09,QAT,2,0,2,-5.0,4
2017-06-09,RUS,3,3,0,4.0,6
2017-06-09,RWA,2,2,0,2.35,2
2017-06-09,SYR,6,6,0,3.4,12
2017-06-09,THA,1,1,0,4.0,10
2017-06-09,TUR,1,0,1,-7.5,3
2017-06-09,USA,92,77,15,1.428,784
2017-06-09,YEM,6,6,0,4.783,17
2017-06-09,ZAF,1,0,1,-10.0,2
2017-06-10,AFG,5,4,1,3.32,15
2017-06-10,ARE,1,1,0,1.0,6
2017-06-10,BGR,1,1,0,5.2,2
2017-06-10,BHR,2,2,0,7.0,6
2017-06-10,BOL,1,0,1,-5.0,6
2017-06-10,CAN,2,0,2,-5.0,8
2017-06-10,CHN,51,29,22,0.071,171
2017-06-10,COL,1,1,0,3.0,5
2017-06-10,ETH,4,4,0,2.35,12
2017-06-10,FRA,12,12,0,2.942,34
2017-06-10,GBR,12,8,4,-0.417,49
2017-06-10,HUN,3,3,0,2.5,8
2017-06-10,IDN,6,6,0,5.467,33
2017-06-10,IRN,13,10,3,0.592,37
2017-06-10,ISR,1,1,0,4.0,6
2017-06-10,ITA,2,1,1,-4.25,12
2017-06-10,JPN,3,2,1,-0.1,22
2017-06-10,KAZ,41,41,0,2.29,158
2017-06-10,LBN,2,2,0,2.35,4
2017-06-10,LKA,11,2,9,-2.873,29
2017-06-10,MMR,6,4,2,-0.883,17
2017-06-10,MYS,23,17,6,0.935,59
2017-06-10,NGA,6,0,6,-7.5,16
2017-06-10,NPL,19,6,13,-3.237,81
2017-06-10,PAK,42,21,21,-0.564,186
2017-06-10,PGS,1,1,0,0.0,6
2017-06-10,PRK,3,0,3,-7.2,10
2017-06-10,RUS,2,0,2,-10.0,10
2017-06-10,SGP,7,2,5,-0.757,21
2017-06-10,SOM,6,0,6,-9.5,14
2017-06-10,THA,2,2,0,0.0,10
2017-06-10,USA,53,40,13,0.175,386
2017-06-10,WST,4,4,0,-0.4,6
2017-06-11,AFG,2,2,0,3.4,6
2017-06-11,ARE,1,1,0,1.0,6
2017-06-11,AUS,7,7,0,6.4,72
2017-06-11,BEL,2,2,0,2.35,8
2017-06-11,BGD,4,3,1,3.25,22
2017-06-11,CAN,14,8,6,-1.9,34
2017-06-11,CHN,19,8,11,-0.989,151
2017-06-11,COL,5,0,5,-5.0,17
2017-06-11,DEU,1,1,0,-0.4,4
2017-06-11,DJI,3,3,0,2.2,12
2017-06-11,ESP,2,2,0,1.0,24
2017-06-11,FRA,13,13,0,2.938,48
2017-06-11,GBR,9,7,2,0.933,22
2017-06-11,IDN,1,1,0,5.2,2
2017-06-11,ISR,9,9,0,4.6,29
2017-06-11,ITA,20,17,3,0.645,130
2017-06-11,JPN,4,2,2,-1.0,14
2017-06-11,KAZ,4,4,0,1.0,8
2017-06-11,LBN,2,2,0,4.0,6
2017-06-11,LKA,21,15,6,0.929,79
2017-06-11,MAR,1,1,0,7.4,2
2017-06-11,MEA,2,0,2,-10.0,63
2017-06-11,MMR,14,11,3,0.586,22
2017-06-11,MUS,3,0,3,-10.0,13
2017-06-11,MYS,8,7,1,1.512,24
2017-06-11,NGA,19,13,6,0.053,57
2017-06-11,NPL,24,15,9,0.375,118
2017-06-11,OMN,7,7,0,2.286,540
2017-06-11,PAK,50,22,28,-2.456,312
2017-06-11,PAN,8,1,7,-8.637,55
2017-06-11,PRT,2,2,0,1.0,24
2017-06-11,PSE,3,3,0,2.5,4
2017-06-11,RUS,2,2,0,-0.4,6
2017-06-11,SAU,1,0,1,-4.0,4
2017-06-11,SYR,2,2,0,0.0,4
2017-06-11,THA,8,8,0,2.35,10
2017-06-11,USA,46,35,11,0.896,188
2017-06-11,ZAF,4,4,0,2.35,40
2017-06-12,AFG,4,4,0,4.2,8
2017-06-12,AFR,5,5,0,1.0,16
2017-06-12,ARE,5,5,0,2.44,12
2017-06-12,ARM,1,1,0,0.0,4
2017-06-12,AUS,15,11,4,2.68,69
2017-06-12,BEL,2,0,2,-2.0,5
2017-06-12,BGD,4,2,2,-1.55,54
2017-06-12,CAN,4,4,0,2.35,4
2017-06-12,CAS,1,1,0,1.0,1
2017-06-12,CHE,1,1,0,3.0,2
2017-06-12,CHN,35,26,9,0.454,176
2017-06-12,COL,1,0,1,-5.0,6
2017-06-12,DEU,2,2,0,8.0,2
2017-06-12,DNK,5,5,0,2.26,10
2017-06-12,EGY,6,6,0,4.0,36
2017-06-12,ESP,10,10,0,3.98,22
2017-06-12,ETH,4,4,0,8.0,20
2017-06-12,EUR,4,4,0,4.425,8
2017-06-12,FRA,18,5,13,-2.589,123
2017-06-12,GBR,19,19,0,3.332,53
2017-06-12,HUN,1,0,1,-10.0,6
2017-06-12,IDN,2,2,0,4.0,6
2017-06-12,ISR,26,26,0,5.462,143
2017-06-12,ITA,18,18,0,1.789,50
2017-06-12,JPN,10,8,2,2.01,25
2017-06-12,KAZ,16,16,0,3.394,91
2017-06-12,KOR,4,4,0,8.0,24
2017-06-12,LKA,25,15,10,-0.304,95
2017-06-12,MAR,1,1,0,7.4,2
2017-06-12,MDV,1,1,0,7.4,10
2017-06-12,MEA,8,0,8,-10.0,55
2017-06-12,MEX,5,3,2,-1.6,94
2017-06-12,MMR,40,37,3,2.745,210
2017-06-12,MUS,2,2,0,2.35,6
2017-06-12,MYS,2,2,0,3.5,3
2017-06-12,NGA,11,5,6,-1.536,33
2017-06-12,NMR,3,3,0,0.667,20
2017-06-12,NPL,19,6,13,-2.526,55
2017-06-12,NZL,10,10,0,3.14,10
2017-06-12,PAK,71,33,38,-1.177,260
2017-06-12,PAN,4,3,1,-0.425,22
2017-06-12,PNG,4,4,0,2.35,44
2017-06-12,PRT,2,2,0,1.0,8
2017-06-12,QAT,4,4,0,3.175,12
2017-06-12,RUS,9,9,0,3.111,88
2017-06-12,SAU,3,3,0,2.5,84
2017-06-12,SEA,3,3,0,2.2,16
2017-06-12,SGP,2,2,0,0.0,12
2017-06-12,THA,18,18,0,2.667,38
2017-06-12,TTO,2,0,2,-10.0,2
2017-06-12,USA,127,118,9,2.896,1056
2017-06-12,VNM,6,6,0,4.6,14
2017-06-13,AFG,3,3,0,2.5,12
2017-06-13,AFR,6,6,0,4.0,28
2017-06-13,ARE,8,6,2,2.25,32
2017-06-13,AUS,8,8,0,3.975,98
2017-06-13,BGD,6,1,5,-2.483,26
2017-06-13,BRA,3,0,3,-10.0,4
2017-06-13,BTN,4,4,0,1.55,12
2017-06-13,CHE,1,1,0,8.0,20
2017-06-13,CHN,29,27,2,1.841,167
2017-06-13,CRI,1,1,0,3.4,1
2017-06-13,CZE,8,5,3,1.788,64
2017-06-13,DEU,1,1,0,7.4,1
2017-06-13,DNK,6,6,0,2.2,10
2017-06-13,ETH,2,2,0,8.0,4
2017-06-13,EUR,3,0,3,-5.0,4
2017-06-13,FIN,11,6,5,0.764,82
2017-06-13,FRA,7,1,6,-2.943,13
2017-06-13,GBR,34,27,7,0.738,139
2017-06-13,HUN,2,0,2,-6.0,4
2017-06-13,IDN,1,1,0,3.0,10
2017-06-13,IRL,1,1,0,5.0,2
2017-06-13,ISR,1,1,0,6.0,10
2017-06-13,ITA,26,26,0,2.523,79
2017-06-13,JOR,2,2,0,2.35,4
2017-06-13,JPN,7,2,5,-3.186,19
2017-06-13,KAZ,4,4,0,5.0,20
2017-06-13,KOR,4,1,3,-1.5,12
2017-06-13,KWT,1,1,0,7.4,10
2017-06-13,LKA,10,3,7,-1.8,34
2017-06-13,MEA,3,0,3,-9.833,20
2017-06-13,MEX,5,3,2,-1.6,28
2017-06-13,MMR,15,10,5,1.233,100
2017-06-13,MUS,2,2,0,2.35,6
2017-06-13,MYS,1,1,0,3.4,1
2017-06-13,NLD,3,0,3,-6.333,18
2017-06-13,NPL,12,7,5,-1.358,79
2017-06-13,PAK,56,41,15,0.87,197
2017-06-13,QAT,5,3,2,0.56,18
2017-06-13,SAU,3,3,0,2.5,12
2017-06-13,SGP,4,1,3,-2.15,12
2017-06-13,SOM,3,0,3,-9.5,6
2017-06-13,TUN,1,0,1,-5.0,10
2017-06-13,UKR,1,0,1,-5.0,4
2017-06-13,USA,79,62,17,1.281,601
2017-06-13,VNM,10,9,1,3.01,43
2017-06-13,YEM,4,3,1,1.15,6
2017-06-13,ZMB,2,2,0,6.4,8
2017-06-14,AFG,6,5,1,1.2,27
2017-06-14,AFR,1,1,0,6.0,5
2017-06-14,ARE,4,4,0,2.35,8
2017-06-14,AUS,10,10,0,4.9,38
2017-06-14,BEL,4,4,0,8.0,6
2017-06-14,BGD,5,1,4,-5.7,110
2017-06-14,BGR,1,1,0,3.0,12
2017-06-14,BHR,3,3,0,7.0,4
2017-06-14,BOL,8,4,4,-1.213,74
2017-06-14,CAN,2,2,0,2.35,8
2017-06-14,CHN,11,10,1,0.464,35
2017-06-14,DEU,2,2,0,1.0,20
2017-06-14,ETH,2,2,0,2.35,14
2017-06-14,EUR,3,3,0,3.5,21
2017-06-14,FIN,1,0,1,-2.0,2
2017-06-14,FRA,3,3,0,2.7,9
2017-06-14,GBR,24,16,8,-0.738,90
2017-06-14,IDN,1,0,1,-5.0,1
2017-06-14,IRL,10,10,0,5.22,138
2017-06-14,IRN,2,2,0,0.0,2
2017-06-14,ITA,16,15,1,3.156,70
2017-06-14,JPN,13,8,5,0.2,68
2017-06-14,KOR,12,12,0,1.958,94
2017-06-14,LBN,2,0,2,-10.0,26
2017-06-14,LKA,3,3,0,3.333,14
2017-06-14,MEX,4,4,0,2.125,30
2017-06-14,MMR,8,8,0,4.075,59
2017-06-14,NGA,11,6,5,-1.418,25
2017-06-14,NLD,1,0,1,-5.0,6
2017-06-14,NPL,10,9,1,2.75,29
2017-06-14,OMN,2,2,0,2.35,2
2017-06-14,PAK,68,19,49,-3.815,390
2017-06-14,PGS,1,0,1,-9.5,6
2017-06-14,QAT,1,0,1,-5.0,5
2017-06-14,RUS,12,12,0,3.617,44
2017-06-14,SAU,5,5,0,3.7,8
2017-06-14,SGP,6,6,0,3.0,36
2017-06-14,SWE,3,3,0,2.2,24
2017-06-14,THA,2,2,0,1.0,6
2017-06-14,USA,58,43,15,0.614,513
2017-06-14,ZAF,6,6,0,2.35,10
2017-06-15,AFG,7,6,1,1.3,23
2017-06-15,ARE,15,15,0,2.787,55
2017-06-15,ASA,2,2,0,7.4,20
2017-06-15,AUS,3,3,0,5.8,12
2017-06-15,BGD,10,9,1,0.8,39
2017-06-15,CAN,1,0,1,-5.0,4
2017-06-15,CHN,29,24,5,1.09,93
2017-06-15,ESP,2,2,0,1.7,5
2017-06-15,FIN,1,0,1,-2.0,10
2017-06-15,FRA,4,3,1,2.4,16
2017-06-15,GBR,35,23,12,-0.183,216
2017-06-15,GHA,1,1,0,0.0,10
2017-06-15,GRC,7,7,0,3.057,28
2017-06-15,IDN,2,2,0,2.35,4
2017-06-15,IRL,2,2,0,5.0,11
2017-06-15,IRN,5,5,0,2.56,10
2017-06-15,IRQ,2,2,0,2.35,2
2017-06-15,ITA,13,4,9,-3.738,244
2017-06-15,JPN,4,4,0,3.175,28
2017-06-15,KAZ,3,3,0,1.0,8
2017-06-15,KOR,3,3,0,1.067,32
2017-06-15,MMR,5,0,5,-8.68,70
2017-06-15,MOZ,1,1,0,5.2,3
2017-06-15,MYS,3,3,0,-2.0,7
2017-06-15,NGA,2,1,1,0.5,11
2017-06-15,NLD,5,0,5,-6.0,16
2017-06-15,NMR,3,3,0,0.667,11
2017-06-15,NPL,44,25,19,-1.3,457
2017-06-15,NZL,4,4,0,2.2,28
2017-06-15,PAK,54,28,26,-1.161,234
2017-06-15,PAN,12,7,5,-1.083,76
2017-06-15,RUS,13,13,0,3.362,46
2017-06-15,TUN,2,2,0,0.0,2
2017-06-15,TUR,1,1,0,3.0,2
2017-06-15,TWN,6,6,0,2.35,12
2017-06-15,USA,99,87,12,1.824,529
2017-06-15,ZWE,1,1,0,4.0,3
2017-06-16,AFG,7,6,1,1.057,66
2017-06-16,AFR,4,4,0,1.0,20
2017-06-16,ARE,14,12,2,1.393,36
2017-06-16,AUS,1,1,0,0.0,10
2017-06-16,AUT,1,1,0,0.0,6
2017-06-16,BGD,9,8,1,1.6,27
2017-06-16,CAN,10,9,1,2.65,47
2017-06-16,CHE,7,6,1,2.714,34
2017-06-16,CHN,23,19,4,1.457,70
2017-06-16,DEU,2,2,0,8.0,64
2017-06-16,EGY,2,0,2,-10.0,5
2017-06-16,EUR,4,4,0,3.7,20
2017-06-16,GBR,35,27,8,1.651,355
2017-06-16,GUY,2,1,1,0.7,4
2017-06-16,HUN,1,1,0,3.0,1
2017-06-16,IDN,2,2,0,2.35,4
2017-06-16,IRL,7,7,0,2.886,92
2017-06-16,IRN,5,3,2,0.44,10
2017-06-16,IRQ,6,4,2,-1.1,58
2017-06-16,ITA,10,0,10,-5.2,38
2017-06-16,JPN,6,6,0,5.383,19
2017-06-16,KOR,14,14,0,2.171,36
2017-06-16,KWT,3,3,0,5.0,10
2017-06-16,LKA,4,0,4,-7.5,18
2017-06-16,MCO,1,1,0,3.4,4
2017-06-16,MMR,13,9,4,-1.308,134
2017-06-16,NLD,3,3,0,4.0,14
2017-06-16,NPL,33,17,16,-1.476,274
2017-06-16,PAK,73,32,41,-2.43,334
2017-06-16,PAN,3,0,3,-7.8,8
2017-06-16,PER,4,4,0,2.625,11
2017-06-16,PHL,2,2,0,1.0,8
2017-06-16,PRT,17,13,4,1.653,47
2017-06-16,QAT,4,2,2,-3.825,10
2017-06-16,RUS,2,0,2,-2.0,2
2017-06-16,SAS,2,2,0,1.0,4
2017-06-16,SEA,5,3,2,0.4,33
2017-06-16,SGP,10,10,0,5.67,88
2017-06-16,THA,1,0,1,-5.0,2
2017-06-16,TUN,2,2,0,0.0,2
2017-06-16,USA,90,76,14,1.284,1143
2017-06-16,ZAF,2,0,2,-9.0,3
2017-06-17,AFG,17,16,1,3.3,42
2017-06-17,ARE,29,27,2,1.879,86
2017-06-17,AUS,8,6,2,0.925,27
2017-06-17,BGD,1,1,0,3.4,5
2017-06-17,BTN,3,3,0,2.9,10
2017-06-17,CAN,1,0,1,-5.0,2
2017-06-17,CHE,2,2,0,8.0,6
2017-06-17,CHN,21,19,2,0.905,71
2017-06-17,DEU,18,18,0,3.022,70
2017-06-17,ESP,3,3,0,2.5,4
2017-06-17,EUR,2,2,0,2.35,20
2017-06-17,GBR,27,10,17,-1.185,118
2017-06-17,IRL,4,4,0,4.0,36
2017-06-17,IRN,2,0,2,-2.0,6
2017-06-17,ITA,3,0,3,-2.0,24
2017-06-17,JPN,4,4,0,3.25,26
2017-06-17,KOR,3,1,2,-2.267,5
2017-06-17,MCO,1,1,0,3.4,4
2017-06-17,MMR,2,0,2,-5.75,10
2017-06-17,NPL,13,5,8,-1.092,112
2017-06-17,PAK,47,27,20,-0.883,209
2017-06-17,PHL,3,2,1,-2.667,9
2017-06-17,PRT,2,2,0,2.35,4
2017-06-17,QAT,2,1,1,1.2,11
2017-06-17,RUS,9,7,2,2.378,20
2017-06-17,SAS,1,1,0,3.4,16
2017-06-17,SAU,7,0,7,-6.429,20
2017-06-17,SEA,1,1,0,4.0,1
2017-06-17,SOM,1,1,0,3.4,4
2017-06-17,THA,1,0,1,-5.0,2
2017-06-17,USA,51,38,13,1.557,189
2017-06-18,AFG,16,13,3,0.731,69
2017-06-18,ARE,10,10,0,2.3,34
2017-06-18,AUS,3,3,0,2.5,8
2017-06-18,BGD,6,6,0,2.117,28
2017-06-18,CHE,2,2,0,1.0,10
2017-06-18,CHN,6,2,4,-2.333,27
2017-06-18,DEU,2,2,0,5.2,11
2017-06-18,EUR,4,3,1,0.925,20
2017-06-18,FIN,1,1,0,3.4,1
2017-06-18,GBR,9,7,2,0.689,49
2017-06-18,ITA,1,1,0,3.4,2
2017-06-18,JPN,3,3,0,4.467,10
2017-06-18,KOR,3,3,0,2.267,10
2017-06-18,LKA,22,7,15,-2.9,166
2017-06-18,MDV,1,1,0,1.0,3
2017-06-18,NLD,1,0,1,-2.0,2
2017-06-18,NPL,31,16,15,1.119,191
2017-06-18,PAK,29,15,14,-1.528,88
2017-06-18,PAN,1,0,1,-5.0,10
2017-06-18,POL,2,2,0,4.0,4
2017-06-18,PRT,8,8,0,0.762,56
2017-06-18,QAT,1,1,0,4.0,12
2017-06-18,RUS,11,4,7,-3.0,40
2017-06-18,SAS,1,1,0,0.0,5
2017-06-18,SAU,14,14,0,2.971,166
2017-06-18,SGP,1,1,0,7.0,1
2017-06-18,USA,66,57,9,1.162,374
2017-06-19,AFG,53,46,7,1.604,602
2017-06-19,AFR,1,1,0,-0.4,24
2017-06-19,ARE,5,5,0,1.04,51
2017-06-19,BGD,7,6,1,0.771,28
2017-06-19,BRA,5,5,0,-0.4,29
2017-06-19,BTN,1,1,0,4.0,4
2017-06-19,CAN,6,4,2,0.6,14
2017-06-19,CHE,9,9,0,8.0,16
2017-06-19,CHN,9,9,0,1.289,42
2017-06-19,CZE,3,0,3,-5.0,10
2017-06-19,DEU,7,4,3,-3.114,33
2017-06-19,EUR,3,3,0,2.2,12
2017-06-19,FJI,4,4,0,6.75,10
2017-06-19,FRA,7,7,0,5.329,36
2017-06-19,GBR,20,20,0,3.6,89
2017-06-19,HUN,1,1,0,3.0,2
2017-06-19,IRN,10,8,2,3.18,24
2017-06-19,ISR,7,5,2,1.229,24
2017-06-19,ITA,3,3,0,2.5,10
2017-06-19,JPN,8,8,0,2.95,28
2017-06-19,KOR,13,11,2,0.538,19
2017-06-19,LKA,5,2,3,-2.6,53
2017-06-19,MDV,1,1,0,1.0,3
2017-06-19,MEA,1,0,1,-4.0,10
2017-06-19,MYS,11,8,3,0.582,48
2017-06-19,NLD,22,22,0,2.645,330
2017-06-19,NPL,22,7,15,-3.205,164
2017-06-19,PAK,53,31,22,-0.057,204
2017-06-19,PRT,9,7,2,-1.422,62
2017-06-19,PSE,2,1,1,3.0,7
2017-06-19,RUS,6,2,4,-3.917,91
2017-06-19,SAS,7,6,1,2.971,28
2017-06-19,SAU,20,16,4,1.67,75
2017-06-19,SGP,4,4,0,3.175,18
2017-06-19,TUR,1,0,1,-10.0,1
2017-06-19,USA,115,94,21,0.926,711
2017-06-20,AFG,38,29,9,0.984,226
2017-06-20,ARE,3,2,1,2.8,8
2017-06-20,ASA,6,6,0,4.467,24
2017-06-20,AUS,4,4,0,1.675,10
2017-06-20,BEL,3,3,0,1.0,6
2017-06-20,BGD,17,12,5,-0.276,92
2017-06-20,CAN,2,2,0,10.0,5
2017-06-20,CHE,3,3,0,2.5,40
2017-06-20,CHN,16,10,6,-0.125,27
2017-06-20,CYM,4,4,0,1.5,4
2017-06-20,EUR,5,5,0,3.4,48
2017-06-20,FJI,16,16,0,5.487,50
2017-06-20,FRA,8,7,1,2.237,30
2017-06-20,GBR,12,7,5,-1.133,123
2017-06-20,HRV,2,2,0,2.35,16
2017-06-20,IRL,2,2,0,0.4,2
2017-06-20,IRN,4,2,2,1.6,16
2017-06-20,ITA,17,17,0,2.1,28
2017-06-20,LKA,3,3,0,-0.4,10
2017-06-20,MCO,1,0,1,-4.0,10
2017-06-20,MEX,2,2,0,7.0,6
2017-06-20,MYS,2,0,2,-2.0,8
2017-06-20,NGA,4,0,4,-5.0,8
2017-06-20,NLD,10,10,0,2.45,97
2017-06-20,NPL,17,13,4,1.294,94
2017-06-20,OMN,2,0,2,-10.0,4
2017-06-20,PAK,37,23,14,-1.346,95
2017-06-20,PRT,5,5,0,6.0,14
2017-06-20,RUS,12,12,0,2.2,92
2017-06-20,SAS,6,6,0,3.633,20
2017-06-20,SAU,27,27,0,3.756,162
2017-06-20,SGP,2,2,0,4.0,6
2017-06-20,SYR,2,2,0,1.7,9
2017-06-20,USA,105,90,15,1.466,516
2017-06-20,UZB,6,2,4,-2.833,11
2017-06-20,VNM,2,2,0,5.2,3
2017-06-20,ZAF,1,0,1,-4.0,10
2017-06-21,AFG,20,18,2,1.86,65
2017-06-21,ARE,4,3,1,0.4,94
2017-06-21,AUT,4,4,0,3.5,4
2017-06-21,BGD,6,4,2,0.4,20
2017-06-21,CAN,1,1,0,0.0,9
2017-06-21,CHN,14,4,10,-2.329,47
2017-06-21,CZE,1,0,1,-5.0,2
2017-06-21,DEU,6,2,4,-6.0,20
2017-06-21,EGY,1,0,1,-10.0,5
2017-06-21,ESP,3,3,0,2.5,6
2017-06-21,ETH,1,1,0,6.0,10
2017-06-21,EUR,2,2,0,5.2,12
2017-06-21,FRA,18,18,0,3.489,74
2017-06-21,GBR,14,4,10,-4.071,39
2017-06-21,GRC,1,0,1,-2.0,6
2017-06-21,IDN,1,0,1,-2.0,4
2017-06-21,IRN,2,2,0,6.0,8
2017-06-21,ITA,4,4,0,0.5,20
2017-06-21,JPN,3,2,1,0.667,6
2017-06-21,KEN,5,0,5,-8.6,13
2017-06-21,KOR,4,0,4,-2.0,6
2017-06-21,LKA,8,0,8,-5.625,63
2017-06-21,MEA,2,2,0,2.35,10
2017-06-21,MMR,1,1,0,4.0,10
2017-06-21,MUS,2,2,0,3.4,3
2017-06-21,NLD,6,6,0,2.9,30
2017-06-21,NPL,20,16,4,2.105,61
2017-06-21,PAK,40,30,10,1.468,175
2017-06-21,PNG,1,1,0,0.4,6
2017-06-21,PRK,7,7,0,2.871,26
2017-06-21,QAT,8,8,0,2.238,60
2017-06-21,RUS,24,24,0,2.825,76
2017-06-21,SAS,2,1,1,0.7,9
2017-06-21,SAU,7,7,0,2.971,33
2017-06-21,SGP,2,2,0,4.0,6
2017-06-21,THA,1,0,1,-5.0,15
2017-06-21,TUR,1,0,1,-5.0,1
2017-06-21,USA,60,54,6,2.183,340
2017-06-21,UZB,11,2,9,-3.818,63
2017-06-22,AFG,4,3,1,1.025,13
2017-06-22,ARE,9,9,0,2.933,48
2017-06-22,AUS,17,17,0,2.059,96
2017-06-22,AUT,1,1,0,0.4,6
2017-06-22,BEL,2,2,0,-0.4,4
2017-06-22,BGD,4,4,0,4.2,24
2017-06-22,BTN,4,4,0,2.35,4
2017-06-22,CAN,1,1,0,5.0,2
2017-06-22,CHE,2,2,0,8.0,10
2017-06-22,CHN,30,18,12,0.573,100
2017-06-22,DEU,12,7,5,-1.175,33
2017-06-22,EGY,1,1,0,0.0,10
2017-06-22,EUR,1,1,0,7.0,4
2017-06-22,FRA,13,13,0,3.792,40
2017-06-22,GBR,17,14,3,0.765,98
2017-06-22,GHA,1,1,0,0.0,5
2017-06-22,IDN,5,5,0,1.68,26
2017-06-22,IRN,1,0,1,-9.0,28
2017-06-22,IRQ,1,1,0,3.0,3
2017-06-22,ISR,5,5,0,3.24,18
2017-06-22,JPN,12,12,0,3.875,60
2017-06-22,KAZ,2,2,0,4.0,12
2017-06-22,KEN,9,5,4,-1.467,16
2017-06-22,LKA,16,5,11,-3.331,155
2017-06-22,MDV,1,1,0,1.0,6
2017-06-22,MEX,8,8,0,2.237,40
2017-06-22,MLT,6,6,0,2.35,8
2017-06-22,MNG,3,2,1,0.233,30
2017-06-22,NGA,3,0,3,-3.0,26
2017-06-22,NLD,14,14,0,4.05,64
2017-06-22,NPL,21,14,7,0.986,200
2017-06-22,NZL,6,6,0,2.9,36
2017-06-22,PAK,77,43,34,-1.356,518
2017-06-22,PRK,6,6,0,2.35,12
2017-06-22,PRT,2,2,0,1.7,10
2017-06-22,QAT,5,5,0,1.54,32
2017-06-22,RUS,8,8,0,3.325,19
2017-06-22,SAS,5,0,5,-8.4,60
2017-06-22,SAU,4,4,0,2.35,8
2017-06-22,SEA,3,3,0,0.0,14
2017-06-22,SGP,2,2,0,3.0,6
2017-06-22,SWE,16,14,2,1.787,54
2017-06-22,SYR,1,1,0,0.0,5
2017-06-22,USA,75,64,11,1.508,579
2017-06-22,UZB,12,0,12,-7.0,68
2017-06-22,VNM,1,1,0,0.0,4
2017-06-22,YEM,1,0,1,-5.0,6
2017-06-22,ZAF,1,1,0,3.0,1
2017-06-23,AFG,9,9,0,2.667,21
2017-06-23,ARE,7,6,1,1.857,13
2017-06-23,AUS,16,16,0,1.881,48
2017-06-23,BEL,2,2,0,4.0,6
2017-06-23,BGD,14,10,4,-0.393,48
2017-06-23,CHE,7,7,0,6.714,56
2017-06-23,CHN,51,47,4,2.998,713
2017-06-23,DEU,5,2,3,-1.64,31
2017-06-23,EUR,6,6,0,4.5,25
2017-06-23,FRA,12,12,0,3.7,34
2017-06-23,GBR,20,14,6,1.125,40
2017-06-23,IDN,1,1,0,0.0,4
2017-06-23,IRN,2,2,0,5.2,6
2017-06-23,ISR,3,3,0,3.9,14
2017-06-23,JPN,12,12,0,3.275,42
2017-06-23,LBN,3,3,0,5.2,10
2017-06-23,LKA,6,0,6,-5.0,31
2017-06-23,MEX,9,9,0,3.4,60
2017-06-23,MMR,2,2,0,3.0,6
2017-06-23,MYS,4,4,0,2.35,12
2017-06-23,NGA,2,0,2,-5.0,6
2017-06-23,NLD,16,15,1,2.881,68
2017-06-23,NPL,16,13,3,1.331,199
2017-06-23,PAK,95,47,48,-1.447,277
2017-06-23,POL,2,0,2,-9.2,18
2017-06-23,PRT,3,3,0,2.5,6
2017-06-23,RUS,25,24,1,2.64,359
2017-06-23,SAS,2,1,1,-5.2,7
2017-06-23,SAU,9,9,0,2.867,40
2017-06-23,SGP,1,1,0,3.0,1
2017-06-23,SWE,3,3,0,3.4,8
2017-06-23,THA,4,4,0,2.35,48
2017-06-23,TTO,2,0,2,-5.0,2
2017-06-23,USA,128,114,14,1.915,1188
2017-06-23,VEN,3,3,0,8.3,10
2017-06-23,YEM,3,3,0,2.5,8
2017-06-23,ZAF,2,2,0,2.35,12
2017-06-24,ARE,6,4,2,-0.15,34
2017-06-24,AUS,8,4,4,-1.325,18
2017-06-24,BGD,12,10,2,1.317,100
2017-06-24,BRA,3,3,0,5.933,8
2017-06-24,BTN,2,0,2,-6.5,4
2017-06-24,CAN,4,4,0,2.55,26
2017-06-24,CHN,37,30,7,2.089,1169
2017-06-24,DEU,2,2,0,8.0,16
2017-06-24,DNK,5,5,0,4.0,110
2017-06-24,ETH,4,4,0,8.0,4
2017-06-24,EUR,8,7,1,0.75,336
2017-06-24,FJI,4,4,0,2.35,12
2017-06-24,GBR,43,19,24,-3.016,174
2017-06-24,IRL,4,4,0,2.35,4
2017-06-24,IRN,2,0,2,-10.0,16
2017-06-24,IRQ,2,0,2,-5.0,4
2017-06-24,ITA,2,2,0,7.4,50
2017-06-24,JPN,1,1,0,0.0,6
2017-06-24,KAZ,4,2,2,0.75,8
2017-06-24,KEN,1,1,0,3.4,4
2017-06-24,KWT,2,0,2,-10.0,8
2017-06-24,LKA,40,20,20,-0.998,243
2017-06-24,MDV,3,3,0,5.667,12
2017-06-24,MEA,2,0,2,-10.0,6
2017-06-24,MMR,6,6,0,2.7,22
2017-06-24,MUS,2,2,0,3.2,4
2017-06-24,MYS,2,1,1,2.2,7
2017-06-24,NGA,10,5,5,-2.16,40
2017-06-24,NLD,24,23,1,1.712,92
2017-06-24,NPL,9,5,4,0.644,17
2017-06-24,PAK,38,13,25,-4.853,140
2017-06-24,POL,2,0,2,-9.2,12
2017-06-24,PRT,52,50,2,1.99,684
2017-06-24,QAT,4,0,4,-10.0,44
2017-06-24,RUS,12,12,0,4.617,44
2017-06-24,SAU,5,5,0,2.4,39
2017-06-24,SGP,2,2,0,4.0,4
2017-06-24,SWE,6,4,2,1.0,112
2017-06-24,SYR,2,2,0,7.0,3
2017-06-24,USA,82,58,24,-0.193,469
2017-06-24,YEM,2,2,0,2.35,6
2017-06-25,AFG,3,1,2,-2.0,10
2017-06-25,AFR,9,9,0,5.0,204
2017-06-25,ARE,2,2,0,3.4,6
2017-06-25,AUS,9,9,0,2.867,42
2017-06-25,BGD,25,24,1,3.072,108
2017-06-25,BRA,1,0,1,-2.0,2
2017-06-25,BRN,6,6,0,1.0,16
2017-06-25,BTN,3,3,0,2.9,42
2017-06-25,CHE,2,2,0,3.4,4
2017-06-25,CHN,25,23,2,1.492,93
2017-06-25,DEU,17,17,0,3.294,41
2017-06-25,FRA,2,2,0,7.0,6
2017-06-25,GBR,21,14,7,-0.519,83
2017-06-25,IRL,3,3,0,2.2,8
2017-06-25,ISR,3,3,0,2.2,10
2017-06-25,JOR,2,2,0,4.0,8
2017-06-25,LKA,13,3,10,-3.846,51
2017-06-25,LUX,2,2,0,1.5,5
2017-06-25,MEA,1,0,1,-10.0,1
2017-06-25,MMR,2,2,0,3.4,10
2017-06-25,NLD,9,9,0,1.522,34
2017-06-25,NPL,14,12,2,3.043,150
2017-06-25,PAK,50,26,24,-1.558,313
2017-06-25,PRT,8,8,0,2.762,44
2017-06-25,RUS,6,0,6,-3.333,26
2017-06-25,SAU,7,2,5,-0.857,48
2017-06-25,SGP,2,1,1,0.5,3
2017-06-25,USA,99,93,6,2.107,800
2017-06-25,YEM,2,2,0,2.35,2
2017-06-26,AFG,4,4,0,2.35,6
2017-06-26,AFR,4,4,0,4.0,33
2017-06-26,AUS,2,0,2,-2.0,10
2017-06-26,BGD,3,2,1,2.0,26
2017-06-26,BTN,2,0,2,-7.2,40
2017-06-26,CAN,2,2,0,2.35,8
2017-06-26,CHE,4,4,0,2.875,6
2017-06-26,CHN,135,85,50,-0.938,1503
2017-06-26,DEU,2,0,2,-5.0,4
2017-06-26,EUR,2,2,0,2.35,16
2017-06-26,FRA,3,3,0,6.5,7
2017-06-26,IDN,1,1,0,4.0,5
2017-06-26,IRL,4,4,0,1.0,8
2017-06-26,IRN,2,2,0,8.0,2
2017-06-26,IRQ,2,1,1,-3.5,6
2017-06-26,ISR,2,2,0,8.0,12
2017-06-26,JOR,2,2,0,4.0,16
2017-06-26,JPN,4,4,0,7.0,4
2017-06-26,KAZ,2,2,0,4.0,12
2017-06-26,LKA,10,8,2,-0.56,20
2017-06-26,MDV,2,2,0,2.35,12
2017-06-26,MEA,3,3,0,3.9,6
2017-06-26,MMR,2,2,0,-0.3,6
2017-06-26,NPL,11,8,3,3.127,138
2017-06-26,PAK,31,22,9,-1.055,112
2017-06-26,PRT,2,2,0,1.0,16
2017-06-26,RUS,20,18,2,5.85,206
2017-06-26,SAS,1,0,1,-4.0,7
2017-06-26,SAU,5,5,0,0.0,18
2017-06-26,SEA,2,2,0,5.0,2
2017-06-26,SYR,2,2,0,2.35,2
2017-06-26,THA,1,0,1,-2.0,6
2017-06-26,USA,98,84,14,1.393,583
2017-06-26,YEM,3,0,3,-10.0,3
2017-06-27,AFG,4,4,0,2.35,8
2017-06-27,ARE,6,6,0,6.667,12
2017-06-27,ASA,8,8,0,8.0,30
2017-06-27,BGD,11,7,4,-2.945,39
2017-06-27,BTN,8,6,2,0.2,40
2017-06-27,CHN,222,81,141,-1.808,2222
2017-06-27,EGY,2,0,2,-4.0,5
2017-06-27,EUR,2,2,0,2.35,4
2017-06-27,FRA,6,6,0,1.45,26
2017-06-27,GBR,11,11,0,3.373,38
2017-06-27,GRC,4,4,0,2.35,8
2017-06-27,IDN,2,2,0,7.4,12
2017-06-27,IRN,3,2,1,1.6,15
2017-06-27,ISR,26,21,5,0.335,51
2017-06-27,JPN,2,2,0,5.0,14
2017-06-27,LKA,1,1,0,-0.4,5
2017-06-27,MDV,1,1,0,-0.4,5
2017-06-27,MLT,3,0,3,-10.0,15
2017-06-27,MMR,1,0,1,-2.0,5
2017-06-27,MUS,3,3,0,2.5,8
2017-06-27,NLD,23,23,0,3.087,139
2017-06-27,NPL,12,8,4,0.792,109
2017-06-27,PAK,54,36,18,0.62,191
2017-06-27,RUS,1,1,0,0.4,4
2017-06-27,SAS,4,2,2,-1.5,9
2017-06-27,SAU,2,2,0,2.35,50
2017-06-27,SGP,1,1,0,6.4,3
2017-06-27,SSD,2,2,0,3.4,4
2017-06-27,SWE,2,2,0,2.35,12
2017-06-27,THA,7,7,0,2.714,18
2017-06-27,USA,81,65,16,0.912,349
2017-06-27,YEM,4,4,0,2.35,16
2017-06-27,ZAF,1,0,1,-9.5,10
2017-06-27,ZWE,1,1,0,4.0,3
2017-06-28,AFG,9,4,5,-1.4,22
2017-06-28,AFR,8,5,3,1.462,54
2017-06-28,ARE,1,0,1,-5.0,2
2017-06-28,AUS,10,8,2,0.96,33
2017-06-28,AUT,4,4,0,8.0,48
2017-06-28,BEL,4,4,0,2.35,76
2017-06-28,BGD,10,8,2,-0.24,50
2017-06-28,BHR,2,2,0,3.4,3
2017-06-28,BOL,1,0,1,-2.0,1
2017-06-28,BRN,1,0,1,-6.5,2
2017-06-28,BTN,10,4,6,-2.16,50
2017-06-28,CAN,5,2,3,-3.5,10
2017-06-28,CHE,5,5,0,3.0,7
2017-06-28,CHN,213,93,120,-1.669,2941
2017-06-28,DEU,15,7,8,-6.267,78
2017-06-28,EGY,2,2,0,2.35,16
2017-06-28,EUR,4,1,3,-1.25,28
2017-06-28,FRA,3,3,0,0.533,24
2017-06-28,GBR,11,10,1,1.5,41
2017-06-28,GRD,2,2,0,1.0,10
2017-06-28,IDN,2,2,0,8.0,20
2017-06-28,IRQ,1,1,0,0.0,1
2017-06-28,ISR,52,52,0,2.927,214
2017-06-28,ITA,12,3,9,-4.233,72
2017-06-28,JPN,2,2,0,5.7,4
2017-06-28,KWT,1,1,0,-2.0,6
2017-06-28,MMR,2,1,1,-2.3,6
2017-06-28,MYS,4,4,0,8.0,16
2017-06-28,NGA,3,0,3,-5.0,46
2017-06-28,NLD,66,66,0,2.765,308
2017-06-28,NPL,6,3,3,-0.833,32
2017-06-28,PAK,91,49,42,-1.404,313
2017-06-28,PRT,32,32,0,2.331,160
2017-06-28,RUS,4,3,1,2.75,10
2017-06-28,SAU,3,3,0,4.0,27
2017-06-28,SEA,5,0,5,-10.0,33
2017-06-28,SWE,3,2,1,-0.1,10
2017-06-28,SYR,6,4,2,-0.433,30
2017-06-28,THA,3,0,3,-8.133,27
2017-06-28,UKR,1,0,1,-10.0,5
2017-06-28,USA,128,93,35,-0.273,641
2017-06-28,VEN,1,0,1,-10.0,6
2017-06-28,ZWE,1,1,0,4.0,3
2017-06-29,AFG,4,4,0,3.175,14
2017-06-29,AFR,3,3,0,2.7,25
2017-06-29,ARE,9,0,9,-6.889,18
2017-06-29,ASA,1,1,0,3.0,5
2017-06-29,AUS,2,2,0,3.4,6
2017-06-29,AUT,4,4,0,8.0,24
2017-06-29,BEL,7,5,2,-3.286,24
2017-06-29,BGD,13,11,2,0.677,68
2017-06-29,BTN,22,10,12,-1.145,69
2017-06-29,CAN,3,0,3,-6.5,4
2017-06-29,CHE,2,2,0,6.4,10
2017-06-29,CHN,279,152,127,-0.074,2039
2017-06-29,DEU,2,2,0,-2.0,12
2017-06-29,EGY,3,0,3,-4.0,6
2017-06-29,ESP,1,0,1,-2.0,3
2017-06-29,EUR,3,1,2,0.0,10
2017-06-29,FRA,8,6,2,3.25,13
2017-06-29,GBR,19,11,8,-0.632,50
2017-06-29,GHA,1,1,0,0.0,2
2017-06-29,GRC,6,6,0,2.5,22
2017-06-29,IDN,4,4,0,4.0,40
2017-06-29,ISR,54,53,1,3.111,192
2017-06-29,ITA,6,0,6,-5.75,12
2017-06-29,JPN,5,5,0,2.56,18
2017-06-29,KWT,11,11,0,2.609,32
2017-06-29,LKA,5,2,3,-5.0,11
2017-06-29,MDV,2,2,0,2.35,12
2017-06-29,MUS,2,2,0,5.2,3
2017-06-29,MYS,14,14,0,4.436,32
2017-06-29,NLD,20,20,0,2.59,48
2017-06-29,NPL,13,11,2,1.877,27
2017-06-29,PAK,32,15,17,-2.225,137
2017-06-29,PRT,5,5,0,2.68,14
2017-06-29,PSE,6,6,0,2.7,184
2017-06-29,RUS,11,11,0,2.855,34
2017-06-29,SAS,1,0,1,-2.0,6
2017-06-29,SAU,7,7,0,3.057,14
2017-06-29,SEA,9,9,0,8.0,56
2017-06-29,SGP,4,3,1,-1.325,26
2017-06-29,SSD,1,0,1,-2.0,5
2017-06-29,THA,4,1,3,-3.45,11
2017-06-29,USA,82,59,23,0.116,584
2017-06-29,VNM,8,6,2,3.075,14
2017-06-29,ZAF,1,0,1,-2.0,6
2017-06-30,AFR,1,0,1,-2.0,10
2017-06-30,AUS,4,4,0,3.4,30
2017-06-30,BEL,4,4,0,2.35,16
2017-06-30,BGD,3,2,1,-0.1,30
2017-06-30,BLR,1,1,0,5.2,2
2017-06-30,BRA,4,4,0,2.35,8
2017-06-30,BTN,21,11,10,-2.071,104
2017-06-30,CHE,7,6,1,2.443,42
2017-06-30,CHN,335,209,126,0.279,4016
2017-06-30,DEU,2,2,0,1.5,12
2017-06-30,FRA,2,2,0,-2.0,8
2017-06-30,GBR,16,9,7,-0.419,90
2017-06-30,GRC,1,0,1,-5.0,10
2017-06-30,IRN,2,2,0,8.0,2
2017-06-30,ISR,47,36,11,0.238,155
2017-06-30,ITA,1,1,0,3.4,10
2017-06-30,JPN,2,2,0,3.5,7
2017-06-30,KAZ,4,4,0,6.0,16
2017-06-30,KOR,2,2,0,1.0,12
2017-06-30,KWT,4,4,0,3.175,8
2017-06-30,LBN,5,0,5,-4.0,12
2017-06-30,LKA,1,1,0,0.0,4
2017-06-30,MMR,2,0,2,-8.6,30
2017-06-30,MUS,1,1,0,-2.0,2
2017-06-30,MYS,8,8,0,3.175,16
2017-06-30,NOR,3,3,0,3.4,6
2017-06-30,NPL,35,24,11,0.32,169
2017-06-30,PAK,33,9,24,-3.891,269
2017-06-30,POL,1,0,1,-6.5,5
2017-06-30,PSE,8,8,0,2.612,14
2017-06-30,RUS,8,7,1,4.25,28
2017-06-30,SAS,9,2,7,-1.333,39
2017-06-30,SEA,4,2,2,1.5,14
2017-06-30,SGP,1,1,0,0.0,1
2017-06-30,SOM,1,0,1,-5.0,2
2017-06-30,SWE,4,2,2,0.175,18
2017-06-30,THA,4,2,2,-1.3,6
2017-06-30,TUR,1,1,0,10.0,10
2017-06-30,USA,82,51,31,0.055,431
2017-06-30,VNM,5,5,0,2.68,9
2017-07-01,AFG,9,5,4,-1.178,32
2017-07-01,ARE,2,0,2,-5.0,2
2017-07-01,ASA,2,2,0,6.0,4
2017-07-01,AUS,2,2,0,8.0,16
2017-07-01,AUT,3,3,0,8.0,16
2017-07-01,BTN,7,6,1,4.571,32
2017-07-01,CAN,5,5,0,4.18,39
2017-07-01,CHE,1,1,0,3.0,4
2017-07-01,CHN,200,156,44,1.876,1893
2017-07-01,CRI,2,2,0,2.35,20
2017-07-01,CYP,3,3,0,7.0,40
2017-07-01,DEU,3,3,0,2.2,4
2017-07-01,FRA,1,0,1,-10.0,3
2017-07-01,GBR,12,9,3,-0.208,43
2017-07-01,IRN,2,0,2,-4.0,6
2017-07-01,ISR,1,1,0,6.0,2
2017-07-01,ITA,3,2,1,-1.6,6
2017-07-01,JPN,5,4,1,4.4,28
2017-07-01,KAZ,5,5,0,1.0,22
2017-07-01,KOR,2,0,2,-4.0,44
2017-07-01,KWT,2,2,0,2.35,6
2017-07-01,LBN,2,0,2,-4.0,9
2017-07-01,LKA,7,6,1,2.629,15
2017-07-01,NPL,8,8,0,3.212,30
2017-07-01,PAK,84,42,42,-0.862,578
2017-07-01,PHL,3,0,3,-10.0,58
2017-07-01,POL,1,0,1,-4.0,6
2017-07-01,PRK,3,3,0,3.4,6
2017-07-01,SAS,2,0,2,-7.5,12
2017-07-01,SEA,1,0,1,-5.0,2
2017-07-01,SGP,2,2,0,2.35,6
2017-07-01,SYR,2,0,2,-6.0,11
2017-07-01,THA,3,0,3,-6.667,4
2017-07-01,TTO,2,0,2,-7.5,7
2017-07-01,USA,52,40,12,0.306,273
2017-07-02,AFG,2,2,0,2.35,4
2017-07-02,AFR,5,5,0,1.0,20
2017-07-02,ARE,4,4,0,2.35,20
2017-07-02,AUS,2,2,0,2.35,12
2017-07-02,BEL,2,2,0,-2.0,4
2017-07-02,BGD,10,8,2,-0.54,64
2017-07-02,BTN,9,6,3,2.178,39
2017-07-02,CAN,5,4,1,-0.4,23
2017-07-02,CHE,2,2,0,0.0,3
2017-07-02,CHN,143,115,28,2.087,988
2017-07-02,DEU,1,1,0,-2.0,4
2017-07-02,EUR,1,1,0,0.0,6
2017-07-02,GBR,15,9,6,0.84,41
2017-07-02,IRN,4,2,2,-0.825,10
2017-07-02,IRQ,2,2,0,2.35,4
2017-07-02,ISR,35,31,4,1.66,68
2017-07-02,LKA,1,1,0,0.0,4
2017-07-02,MYS,3,3,0,2.2,20
2017-07-02,NPL,12,6,6,-2.233,110
2017-07-02,PAK,39,22,17,-0.203,181
2017-07-02,PRK,3,3,0,3.4,6
2017-07-02,PRT,1,1,0,4.0,2
2017-07-02,PSE,7,7,0,2.586,11
2017-07-02,RUS,2,2,0,3.4,18
2017-07-02,SEA,4,4,0,2.125,64
2017-07-02,SGP,5,5,0,2.26,18
2017-07-02,SYR,3,0,3,-10.0,18
2017-07-02,TTO,3,3,0,-0.4,4
2017-07-02,USA,39,32,7,1.81,142
2017-07-03,AFG,3,3,0,6.0,4
2017-07-03,BGD,18,13,5,0.606,74
2017-07-03,BRN,1,1,0,3.4,4
2017-07-03,BTN,21,12,9,2.357,90
2017-07-03,CHE,1,0,1,-2.0,6
2017-07-03,CHN,279,173,106,0.118,1985
2017-07-03,DEU,8,7,1,2.25,15
2017-07-03,EUR,1,1,0,5.0,10
2017-07-03,FRA,6,6,0,4.8,12
2017-07-03,GBR,30,28,2,2.8,248
2017-07-03,GRC,1,1,0,7.0,27
2017-07-03,IDN,2,2,0,5.0,4
2017-07-03,IRQ,4,4,0,3.5,4
2017-07-03,ISR,160,146,14,2.328,1047
2017-07-03,ITA,1,0,1,-10.0,10
2017-07-03,KOR,2,0,2,-4.0,7
2017-07-03,LKA,8,8,0,3.175,26
2017-07-03,MMR,1,1,0,0.0,4
2017-07-03,MYS,9,9,0,1.778,26
2017-07-03,NPL,21,12,9,-1.61,248
2017-07-03,PAK,33,16,17,-1.424,76
2017-07-03,PSE,20,20,0,2.095,148
2017-07-03,RUS,5,3,2,-0.12,17
2017-07-03,SEA,3,3,0,2.2,22
2017-07-03,SGP,3,3,0,2.2,32
2017-07-03,SYR,1,0,1,-2.0,6
2017-07-03,THA,8,8,0,3.013,20
2017-07-03,TUR,5,5,0,1.0,20
2017-07-03,TZA,1,1,0,3.4,1
2017-07-03,USA,64,50,14,0.806,236
2017-07-03,VNM,1,1,0,0.0,10
2017-07-04,AFG,2,1,1,-2.0,24
2017-07-04,AFR,1,0,1,-2.0,1
2017-07-04,ARE,12,11,1,2.408,48
2017-07-04,AUS,5,5,0,2.26,50
2017-07-04,BGD,9,6,3,-0.556,38
2017-07-04,BTN,12,9,3,3.9,51
2017-07-04,BWA,2,2,0,0.0,6
2017-07-04,CAN,2,2,0,5.5,4
2017-07-04,CHE,1,0,1,-2.0,6
2017-07-04,CHN,210,129,81,0.663,1452
2017-07-04,CYM,4,4,0,2.475,4
2017-07-04,DEU,18,14,4,2.133,36
2017-07-04,EUR,3,0,3,-2.0,10
2017-07-04,FRA,8,4,4,-0.75,36
2017-07-04,GBR,39,38,1,2.544,142
2017-07-04,GRC,2,2,0,7.0,63
2017-07-04,IRN,2,2,0,7.0,2
2017-07-04,IRQ,2,2,0,5.7,20
2017-07-04,ISR,322,297,25,2.262,2380
2017-07-04,JPN,1,0,1,-8.0,4
2017-07-04,KAZ,4,4,0,1.0,40
2017-07-04,KOR,9,9,0,4.444,76
2017-07-04,KWT,3,2,1,0.9,12
2017-07-04,LKA,9,5,4,-0.622,56
2017-07-04,MMR,10,4,6,-1.36,100
2017-07-04,MYS,6,6,0,2.35,20
2017-07-04,NPL,7,7,0,2.1,52
2017-07-04,PAK,18,10,8,-0.672,51
2017-07-04,PSE,40,36,4,1.925,162
2017-07-04,RUS,6,5,1,2.767,219
2017-07-04,SAU,10,10,0,3.48,28
2017-07-04,SEA,8,8,0,1.425,48
2017-07-04,SYR,3,0,3,-5.0,10
2017-07-04,THA,4,3,1,-1.225,20
2017-07-04,USA,80,68,12,1.346,242
2017-07-04,VNM,9,9,0,4.0,72
2017-07-04,ZMB,1,0,1,-5.0,3
2017-07-05,AFG,7,6,1,2.714,14
2017-07-05,ARE,2,2,0,2.35,8
2017-07-05,AUS,13,13,0,2.246,170
2017-07-05,BEL,1,1,0,-2.0,4
2017-07-05,BGD,16,11,5,0.194,65
2017-07-05,BRA,6,6,0,7.0,24
2017-07-05,BTN,17,13,4,0.912,344
2017-07-05,CAN,1,1,0,3.4,10
2017-07-05,CHL,2,2,0,0.4,3
2017-07-05,CHN,196,105,91,0.038,2250
2017-07-05,DEU,9,6,3,-0.444,24
2017-07-05,ESP,2,2,0,4.0,10
2017-07-05,EUR,3,3,0,2.133,26
2017-07-05,FRA,7,7,0,7.029,34
2017-07-05,GBR,23,22,1,2.787,77
2017-07-05,GRC,9,9,0,2.622,38
2017-07-05,IRN,11,9,2,2.955,26
2017-07-05,IRQ,3,2,1,2.133,21
2017-07-05,ISR,286,252,34,1.7,1174
2017-07-05,JOR,5,4,1,0.34,13
2017-07-05,JPN,3,0,3,-4.0,35
2017-07-05,KWT,2,2,0,2.35,10
2017-07-05,LKA,4,2,2,0.175,10
2017-07-05,LUX,2,2,0,3.0,4
2017-07-05,MMR,3,2,1,4.267,15
2017-07-05,MYS,2,2,0,2.35,10
2017-07-05,NAM,3,3,0,8.0,60
2017-07-05,NGA,2,0,2,-5.0,4
2017-07-05,NLD,2,2,0,2.35,4
2017-07-05,NPL,21,13,8,-0.667,98
2017-07-05,PAK,22,6,16,-2.786,47
2017-07-05,PAN,1,0,1,-10.0,10
2017-07-05,PRK,2,2,0,3.0,4
2017-07-05,PRT,2,0,2,-4.0,6
2017-07-05,PSE,27,24,3,2.007,88
2017-07-05,RUS,7,7,0,2.386,14
2017-07-05,RWA,7,7,0,5.629,17
2017-07-05,SAU,1,1,0,0.0,1
2017-07-05,SEA,16,15,1,1.025,76
2017-07-05,SGP,9,8,1,2.633,43
2017-07-05,SYR,1,0,1,-10.0,10
2017-07-05,THA,1,0,1,-7.2,5
2017-07-05,TUR,3,3,0,3.9,14
2017-07-05,USA,45,36,9,1.3,127
2017-07-05,VNM,8,8,0,2.65,21
2017-07-06,ARG,12,12,0,4.0,84
2017-07-06,AUS,7,7,0,1.729,40
2017-07-06,AUT,7,0,7,-4.0,124
2017-07-06,BGD,14,8,6,-0.993,37
2017-07-06,BTN,40,26,14,1.38,220
2017-07-06,BWA,2,2,0,0.0,10
2017-07-06,CAN,17,17,0,3.294,94
2017-07-06,CHN,404,210,194,-1.027,3363
2017-07-06,DEU,18,16,2,2.283,53
2017-07-06,ETH,2,2,0,0.0,10
2017-07-06,EUR,1,1,0,7.0,3
2017-07-06,FIN,4,4,0,6.0,24
2017-07-06,FRA,7,6,1,0.586,21
2017-07-06,GBR,44,39,5,2.391,173
2017-07-06,IRN,12,8,4,2.333,32
2017-07-06,ISR,227,190,37,0.915,1248
2017-07-06,ITA,14,14,0,3.714,92
2017-07-06,JOR,1,1,0,6.0,4
2017-07-06,JPN,40,28,12,-0.748,198
2017-07-06,KOR,21,21,0,3.429,111
2017-07-06,LKA,18,1,17,-5.244,128
2017-07-06,LUX,2,2,0,3.0,4
2017-07-06,MEX,18,18,0,3.75,90
2017-07-06,MLI,1,1,0,0.0,10
2017-07-06,MMR,1,1,0,10.0,5
2017-07-06,MWI,2,0,2,-9.5,4
2017-07-06,MYS,1,1,0,0.0,1
2017-07-06,NPL,12,7,5,-1.825,43
2017-07-06,PAK,23,14,9,-2.513,86
2017-07-06,PAN,1,0,1,-10.0,5
2017-07-06,PHL,3,2,1,-1.433,6
2017-07-06,POL,1,0,1,-4.4,2
2017-07-06,PRT,5,3,2,0.2,22
2017-07-06,PSE,19,18,1,3.368,66
2017-07-06,QAT,1,1,0,7.0,2
2017-07-06,RUS,2,2,0,0.0,2
2017-07-06,SAS,2,2,0,-0.4,6
2017-07-06,SAU,2,2,0,1.0,20
2017-07-06,SEA,6,6,0,1.85,35
2017-07-06,SYC,2,2,0,0.0,10
2017-07-06,SYR,5,2,3,-3.2,31
2017-07-06,THA,1,0,1,-5.0,1
2017-07-06,UGA,2,2,0,0.0,10
2017-07-06,USA,87,81,6,2.698,444
2017-07-06,VNM,23,23,0,3.217,100
2017-07-07,AFG,10,3,7,-3.8,72
2017-07-07,ARE,1,1,0,0.4,3
2017-07-07,ASA,1,0,1,-2.0,1
2017-07-07,AUS,1,1,0,7.4,6
2017-07-07,AUT,2,0,2,-4.0,10
2017-07-07,BEL,1,1,0,-2.0,4
2017-07-07,BGD,16,8,8,-0.7,63
2017-07-07,BRA,4,4,0,4.0,24
2017-07-07,BTN,10,8,2,2.27,68
2017-07-07,CHN,287,183,104,-0.394,1605
2017-07-07,DEU,34,33,1,3.259,132
2017-07-07,EUR,4,4,0,2.925,21
2017-07-07,FRA,7,7,0,2.014,23
2017-07-07,GBR,5,4,1,4.4,18
2017-07-07,GRC,2,0,2,-2.0,4
2017-07-07,IDN,3,2,1,3.0,5
2017-07-07,IRN,4,4,0,2.35,8
2017-07-07,ISR,83,76,7,2.536,313
2017-07-07,ITA,6,4,2,4.667,24
2017-07-07,JPN,4,3,1,1.85,21
2017-07-07,LKA,16,11,5,-0.538,50
2017-07-07,MMR,2,2,0,4.0,20
2017-07-07,MUS,2,2,0,2.35,48
2017-07-07,MYS,2,2,0,5.0,4
2017-07-07,NLD,3,3,0,6.4,4
2017-07-07,NPL,12,12,0,1.7,48
2017-07-07,OMN,2,2,0,2.35,6
2017-07-07,PAK,11,5,6,-3.182,48
2017-07-07,PRK,3,3,0,-0.4,10
2017-07-07,PRT,5,3,2,-2.2,14
2017-07-07,PSE,9,9,0,3.511,23
2017-07-07,SAS,1,0,1,-4.0,6
2017-07-07,SAU,1,1,0,6.0,3
2017-07-07,SEA,1,1,0,3.4,6
2017-07-07,SGP,1,1,0,7.0,10
2017-07-07,USA,56,48,8,2.871,433
2017-07-07,VNM,5,5,0,3.4,12
2017-07-07,ZWE,2,0,2,-9.5,4
2017-07-08,AFR,1,0,1,-10.0,8
2017-07-08,ARE,4,4,0,4.0,16
2017-07-08,BGD,37,29,8,1.019,251
2017-07-08,BTN,15,5,10,-0.6,79
2017-07-08,CAN,2,1,1,0.5,4
2017-07-08,CHN,136,83,53,0.447,721
2017-07-08,DEU,23,23,0,3.087,96
2017-07-08,FIN,1,1,0,3.4,2
2017-07-08,GBR,16,10,6,-0.144,62
2017-07-08,IRL,3,3,0,2.2,12
2017-07-08,IRN,3,2,1,-0.4,20
2017-07-08,ISR,23,23,0,2.396,91
2017-07-08,ITA,2,2,0,-0.4,5
2017-07-08,JPN,12,12,0,4.45,50
2017-07-08,KOR,28,28,0,3.764,144
2017-07-08,LKA,6,4,2,-2.633,32
2017-07-08,MDV,1,0,1,-10.0,5
2017-07-08,MEA,3,3,0,3.3,36
2017-07-08,MMR,21,19,2,1.9,106
2017-07-08,MYS,4,4,0,2.35,6
2017-07-08,NMR,1,1,0,-2.0,6
2017-07-08,NPL,6,3,3,-1.133,38
2017-07-08,PAK,46,18,28,-3.335,295
2017-07-08,POL,4,3,1,-0.35,14
2017-07-08,PRK,1,1,0,1.0,6
2017-07-08,RUS,3,0,3,-6.5,12
2017-07-08,SAS,1,0,1,-4.0,6
2017-07-08,SEA,4,4,0,3.7,24
2017-07-08,THA,3,2,1,1.5,15
2017-07-08,USA,38,28,10,0.637,938
2017-07-08,VEN,2,2,0,3.3,4
2017-07-09,AFR,1,0,1,-10.0,4
2017-07-09,AGO,1,1,0,3.4,2
2017-07-09,AZE,1,1,0,3.4,2
2017-07-09,BGD,11,8,3,-0.436,126
2017-07-09,BTN,8,4,4,-0.562,35
2017-07-09,CAN,3,3,0,0.667,12
2017-07-09,CHE,4,0,4,-5.0,45
2017-07-09,CHN,58,41,17,0.579,553
2017-07-09,CUB,1,1,0,3.4,2
2017-07-09,DEU,42,42,0,2.452,138
2017-07-09,FIN,4,4,0,3.4,10
2017-07-09,GBR,6,3,3,-2.85,37
2017-07-09,HRV,1,1,0,3.4,2
2017-07-09,IDN,5,5,0,2.56,6
2017-07-09,IRQ,11,11,0,2.655,140
2017-07-09,ISR,46,46,0,1.991,137
2017-07-09,JAM,1,1,0,3.4,2
2017-07-09,KAZ,1,1,0,3.4,2
2017-07-09,KOR,17,17,0,3.965,62
2017-07-09,LBN,2,2,0,3.4,4
2017-07-09,LKA,41,3,38,-6.317,377
2017-07-09,MMR,11,6,5,-1.073,75
2017-07-09,MYS,4,4,0,2.35,12
2017-07-09,NPL,35,20,15,-1.811,231
2017-07-09,PAK,48,19,29,-1.917,284
2017-07-09,PER,10,10,0,9.34,82
2017-07-09,POL,12,10,2,0.6,55
2017-07-09,PRT,1,1,0,3.4,2
2017-07-09,QAT,5,5,0,2.26,20
2017-07-09,RUS,2,2,0,2.35,8
2017-07-09,SAS,3,2,1,0.933,9
2017-07-09,SEA,2,2,0,3.7,4
2017-07-09,THA,3,3,0,2.5,12
2017-07-09,TUN,1,1,0,3.4,2
2017-07-09,TUR,4,4,0,2.875,8
2017-07-09,TZA,1,1,0,3.4,2
2017-07-09,USA,41,33,8,1.337,927
2017-07-09,VNM,1,1,0,3.4,2
2017-07-09,ZAF,3,3,0,2.2,20
2017-07-09,ZWE,1,1,0,3.4,2
2017-07-10,AFG,3,0,3,-10.0,8
2017-07-10,AFR,1,1,0,6.4,10
2017-07-10,ARE,4,4,0,2.35,32
2017-07-10,AUS,7,5,2,1.043,26
2017-07-10,BGD,9,8,1,1.533,18
2017-07-10,BTN,11,8,3,2.591,38
2017-07-10,CAN,1,1,0,0.0,12
2017-07-10,CHE,1,0,1,-5.0,4
2017-07-10,CHN,251,182,69,0.11,1841
2017-07-10,DEU,9,9,0,2.089,44
2017-07-10,FRA,1,0,1,-2.0,12
2017-07-10,GBR,27,20,7,-0.474,136
2017-07-10,GRC,4,4,0,2.35,4
2017-07-10,IDN,5,5,0,2.26,8
2017-07-10,IRL,3,3,0,2.2,4
2017-07-10,IRN,1,0,1,-10.0,3
2017-07-10,IRQ,26,16,10,-0.858,105
2017-07-10,ISR,63,58,5,3.033,210
2017-07-10,ITA,1,0,1,-10.0,8
2017-07-10,JPN,7,6,1,3.686,26
2017-07-10,LKA,32,18,14,-0.609,103
2017-07-10,MDV,2,1,1,1.0,11
2017-07-10,MMR,11,10,1,1.6,59
2017-07-10,MUS,2,2,0,2.35,12
2017-07-10,MYS,2,0,2,-7.25,20
2017-07-10,NPL,31,23,8,0.739,175
2017-07-10,PAK,86,49,37,-1.112,245
2017-07-10,PER,1,1,0,10.0,30
2017-07-10,POL,8,8,0,0.8,36
2017-07-10,PSE,7,7,0,1.257,8
2017-07-10,RUS,6,6,0,1.567,26
2017-07-10,SAS,7,1,6,-3.657,55
2017-07-10,SAU,1,1,0,3.0,5
2017-07-10,SEA,6,6,0,5.9,21
2017-07-10,SGP,2,2,0,7.4,2
2017-07-10,THA,3,3,0,3.567,30
2017-07-10,USA,69,62,7,1.878,375
2017-07-10,VNM,4,4,0,1.175,10
2017-07-10,YEM,1,1,0,3.0,4
2017-07-11,AFG,4,0,4,-6.0,8
2017-07-11,AFR,4,4,0,2.5,24
2017-07-11,ARE,22,22,0,2.523,98
2017-07-11,AUS,9,6,3,1.556,26
2017-07-11,BGD,16,12,4,-0.019,45
2017-07-11,BRA,2,2,0,0.0,4
2017-07-11,CAN,1,1,0,7.4,5
2017-07-11,CHN,99,61,38,-0.526,2812
2017-07-11,CIV,5,5,0,2.26,8
2017-07-11,DEU,21,20,1,4.024,266
2017-07-11,EUR,1,1,0,3.0,6
2017-07-11,FIN,1,1,0,3.0,6
2017-07-11,FRA,12,11,1,3.008,62
2017-07-11,GBR,38,30,8,4.003,822
2017-07-11,GRC,5,5,0,2.56,6
2017-07-11,IDN,2,1,1,-2.5,9
2017-07-11,IRN,8,4,4,0.425,28
2017-07-11,IRQ,2,1,1,-3.0,8
2017-07-11,ISR,4,4,0,5.2,22
2017-07-11,ITA,5,3,2,-2.3,17
2017-07-11,JOR,2,0,2,-10.0,5
2017-07-11,JPN,4,3,1,4.3,18
2017-07-11,LBN,7,7,0,3.229,24
2017-07-11,LBY,2,2,0,5.0,6
2017-07-11,LKA,6,6,0,3.5,40
2017-07-11,MEX,2,1,1,-5.0,8
2017-07-11,MLI,1,1,0,3.4,4
2017-07-11,MMR,3,3,0,0.0,5
2017-07-11,MUS,2,2,0,2.35,12
2017-07-11,MYS,1,1,0,3.0,18
2017-07-11,NLD,1,1,0,7.4,6
2017-07-11,NPL,21,19,2,1.605,97
2017-07-11,PAK,107,68,39,0.111,559
2017-07-11,PHL,5,1,4,-6.6,15
2017-07-11,PNG,2,2,0,2.35,12
2017-07-11,PSE,1,1,0,0.0,2
2017-07-11,RUS,3,3,0,2.5,6
2017-07-11,SAS,11,2,9,-4.3,90
2017-07-11,SAU,4,4,0,3.5,14
2017-07-11,SEA,3,3,0,2.2,6
2017-07-11,SGP,2,2,0,4.0,4
2017-07-11,SYR,1,1,0,3.0,4
2017-07-11,THA,4,4,0,2.675,54
2017-07-11,UKR,1,1,0,4.0,1
2017-07-11,USA,49,38,11,0.804,424
2017-07-11,VEN,1,1,0,0.0,3
2017-07-11,VNM,2,2,0,0.0,8
2017-07-11,YEM,16,16,0,5.513,106
2017-07-12,AFG,2,0,2,-6.0,28
2017-07-12,AFR,3,3,0,6.6,20
2017-07-12,ARE,2,1,1,-1.0,4
2017-07-12,AUS,2,0,2,-4.0,6
2017-07-12,BGD,13,13,0,2.069,164
2017-07-12,BTN,10,7,3,0.35,52
2017-07-12,CHN,83,52,31,-0.228,741
2017-07-12,CIV,1,0,1,-5.0,6
2017-07-12,DEU,18,18,0,4.333,324
2017-07-12,EUR,2,1,1,-3.3,12
2017-07-12,FIN,2,2,0,3.4,2
2017-07-12,FRA,7,7,0,1.314,32
2017-07-12,GBR,45,32,13,2.067,193
2017-07-12,IRN,8,6,2,2.525,30
2017-07-12,IRQ,1,0,1,-9.0,3
2017-07-12,ISR,24,23,1,4.625,58
2017-07-12,JOR,1,1,0,3.4,2
2017-07-12,JPN,6,2,4,0.4,8
2017-07-12,LKA,6,0,6,-5.067,37
2017-07-12,MMR,3,3,0,3.233,20
2017-07-12,MUS,2,0,2,-4.5,12
2017-07-12,MYS,1,1,0,3.0,4
2017-07-12,NLD,1,1,0,7.4,6
2017-07-12,NMR,4,4,0,2.35,8
2017-07-12,NPL,14,12,2,2.107,64
2017-07-12,PAK,65,32,33,-2.606,238
2017-07-12,POL,1,1,0,3.4,1
2017-07-12,PSE,9,9,0,4.856,18
2017-07-12,RUS,4,4,0,3.4,4
2017-07-12,SAS,9,1,8,-3.4,136
2017-07-12,SAU,3,2,1,-1.767,30
2017-07-12,SEA,6,3,3,-1.383,36
2017-07-12,SGP,4,4,0,2.35,6
2017-07-12,SYR,9,2,7,-3.0,24
2017-07-12,TUR,11,3,8,-3.636,29
2017-07-12,UKR,1,1,0,4.0,1
2017-07-12,USA,84,63,21,0.506,587
2017-07-12,YEM,19,17,2,2.821,50
2017-07-13,AFG,5,4,1,-2.6,20
2017-07-13,AFR,12,12,0,3.45,104
2017-07-13,ARE,7,2,5,-4.971,79
2017-07-13,AUS,5,4,1,0.34,10
2017-07-13,AUT,2,0,2,-4.0,10
2017-07-13,BGD,18,15,3,1.544,90
2017-07-13,BRA,2,0,2,-5.0,3
2017-07-13,BTN,15,10,5,-0.153,184
2017-07-13,CAN,2,2,0,4.7,10
2017-07-13,CHN,170,123,47,0.611,821
2017-07-13,DEU,8,8,0,3.425,34
2017-07-13,FRA,3,2,1,-0.1,3
2017-07-13,GBR,53,31,22,-2.511,280
2017-07-13,IRL,3,0,3,-8.0,8
2017-07-13,IRN,3,3,0,-2.0,3
2017-07-13,IRQ,6,2,4,-2.167,45
2017-07-13,ISR,14,14,0,3.207,49
2017-07-13,JPN,8,7,1,2.462,27
2017-07-13,KOR,1,1,0,5.2,6
2017-07-13,LKA,24,2,22,-4.388,164
2017-07-13,MDV,3,2,1,-0.4,4
2017-07-13,MLT,1,1,0,5.0,2
2017-07-13,MMR,2,2,0,3.4,2
2017-07-13,MYS,2,2,0,5.0,6
2017-07-13,NGA,2,0,2,-5.0,3
2017-07-13,NOR,5,5,0,6.32,20
2017-07-13,NPL,7,4,3,0.086,74
2017-07-13,NZL,1,1,0,4.0,5
2017-07-13,PAK,84,47,37,-0.655,256
2017-07-13,PHL,2,2,0,5.2,4
2017-07-13,PSE,3,3,0,5.333,4
2017-07-13,RUS,5,4,1,1.36,24
2017-07-13,SAS,3,1,2,-3.2,14
2017-07-13,SAU,10,0,10,-9.9,90
2017-07-13,SGP,2,2,0,2.35,40
2017-07-13,SYR,2,2,0,8.0,16
2017-07-13,THA,2,2,0,4.0,12
2017-07-13,TWN,2,2,0,2.35,12
2017-07-13,USA,70,59,11,1.779,573
2017-07-13,VCT,2,2,0,0.0,2
2017-07-13,YEM,2,2,0,3.4,10
2017-07-13,ZAF,2,2,0,2.2,14
2017-07-14,AFG,23,5,18,-3.422,147
2017-07-14,AFR,2,2,0,4.0,12
2017-07-14,AZE,2,2,0,1.0,8
2017-07-14,BGD,5,5,0,3.74,61
2017-07-14,BGR,1,0,1,-2.0,2
2017-07-14,BTN,5,3,2,-1.84,11
2017-07-14,BWA,4,4,0,2.35,12
2017-07-14,CHN,121,97,24,1.835,1008
2017-07-14,DEU,5,5,0,2.68,16
2017-07-14,ESP,1,1,0,7.0,2
2017-07-14,EUR,3,3,0,3.9,19
2017-07-14,FRA,8,5,3,0.637,27
2017-07-14,GBR,26,18,8,0.658,116
2017-07-14,IDN,1,0,1,-4.4,6
2017-07-14,IRL,1,0,1,-2.0,4
2017-07-14,IRN,7,7,0,4.6,32
2017-07-14,IRQ,1,1,0,3.5,15
2017-07-14,ISR,2,2,0,7.0,6
2017-07-14,JPN,16,13,3,1.825,67
2017-07-14,KAZ,12,12,0,2.35,32
2017-07-14,KOR,2,0,2,-2.0,26
2017-07-14,MAR,1,1,0,-2.0,4
2017-07-14,MMR,14,14,0,1.393,72
2017-07-14,MYS,11,11,0,2.255,31
2017-07-14,NLD,1,1,0,4.0,4
2017-07-14,NOR,1,1,0,6.4,10
2017-07-14,NPL,16,13,3,1.187,50
2017-07-14,PAK,31,17,14,-0.91,100
2017-07-14,RUS,1,0,1,-10.0,4
2017-07-14,SAS,4,3,1,4.0,13
2017-07-14,SAU,2,0,2,-10.0,6
2017-07-14,SDN,2,2,0,7.0,2
2017-07-14,SEA,4,4,0,2.0,7
2017-07-14,SGP,7,7,0,2.071,19
2017-07-14,THA,1,0,1,-4.4,4
2017-07-14,TUR,2,2,0,0.4,12
2017-07-14,USA,70,57,13,1.776,388
2017-07-14,YEM,3,3,0,3.9,3
2017-07-14,ZAF,1,1,0,0.0,6
2017-07-15,AFG,7,2,5,-1.6,10
2017-07-15,ARE,4,1,3,-6.375,22
2017-07-15,AUS,2,2,0,2.35,12
2017-07-15,BGD,22,13,9,-2.027,88
2017-07-15,BTN,3,1,2,-1.333,40
2017-07-15,CHN,77,46,31,-0.043,447
2017-07-15,CZE,2,0,2,-5.0,4
2017-07-15,DEU,7,4,3,-2.943,20
2017-07-15,DJI,5,0,5,-10.0,10
2017-07-15,ESP,8,8,0,6.0,18
2017-07-15,FRA,1,1,0,3.4,4
2017-07-15,GBR,10,7,3,0.9,23
2017-07-15,IDN,5,4,1,-0.12,6
2017-07-15,IRL,1,0,1,-2.0,2
2017-07-15,IRN,2,2,0,6.0,3
2017-07-15,ISR,2,2,0,1.0,2
2017-07-15,ITA,1,1,0,5.0,12
2017-07-15,JPN,4,4,0,3.8,9
2017-07-15,KOR,1,0,1,-2.0,12
2017-07-15,KWT,3,0,3,-10.0,10
2017-07-15,LKA,4,1,3,-2.3,6
2017-07-15,MMR,4,4,0,6.125,10
2017-07-15,NPL,2,2,0,0.0,6
2017-07-15,PAK,40,29,11,0.39,150
2017-07-15,PER,1,1,0,0.0,8
2017-07-15,PHL,8,8,0,3.288,38
2017-07-15,PSE,3,3,0,4.0,4
2017-07-15,SAS,2,2,0,2.2,4
2017-07-15,SAU,12,10,2,1.383,35
2017-07-15,SGP,1,1,0,3.4,3
2017-07-15,SYR,2,2,0,3.5,3
2017-07-15,THA,4,4,0,5.0,12
2017-07-15,TUR,7,7,0,1.829,8
2017-07-15,USA,55,47,8,1.258,230
2017-07-16,AFG,2,2,0,1.0,12
2017-07-16,AFR,2,2,0,2.35,12
2017-07-16,ARE,8,8,0,0.15,16
2017-07-16,BGD,13,9,4,2.131,28
2017-07-16,BRA,3,0,3,-10.0,12
2017-07-16,BTN,1,1,0,5.0,2
2017-07-16,CHN,78,47,31,-0.451,463
2017-07-16,CZE,2,2,0,2.35,20
2017-07-16,ESP,2,2,0,0.0,2
2017-07-16,FRA,13,13,0,3.415,78
2017-07-16,GBR,5,2,3,-4.72,21
2017-07-16,IRN,2,0,2,-9.0,4
2017-07-16,IRQ,19,13,6,-0.079,88
2017-07-16,LKA,5,4,1,-1.0,17
2017-07-16,NGA,1,0,1,-5.0,2
2017-07-16,NLD,2,0,2,-4.0,6
2017-07-16,NPL,2,0,2,-10.0,4
2017-07-16,OMN,2,2,0,2.35,4
2017-07-16,PAK,33,15,18,-1.2,124
2017-07-16,PRT,1,1,0,3.4,2
2017-07-16,RUS,1,0,1,-9.5,6
2017-07-16,SAS,2,2,0,2.2,4
2017-07-16,SEA,1,0,1,-4.4,5
2017-07-16,SYR,3,3,0,3.5,6
2017-07-16,TUR,2,1,1,-3.3,3
2017-07-16,TWN,1,1,0,-2.0,4
2017-07-16,USA,25,23,2,2.02,122
2017-07-16,YEM,3,0,3,-4.0,5
2017-07-16,ZAF,1,0,1,-10.0,10
2017-07-17,AFG,10,2,8,-5.96,17
2017-07-17,AFR,1,1,0,5.2,5
2017-07-17,ARE,12,10,2,0.708,34
2017-07-17,AUS,1,1,0,0.0,10
2017-07-17,BGD,24,19,5,1.387,61
2017-07-17,BTN,4,0,4,-2.0,15
2017-07-17,CAN,4,4,0,7.0,6
2017-07-17,CHN,153,96,57,-0.473,743
2017-07-17,DEU,1,1,0,6.4,2
2017-07-17,FIN,8,4,4,2.0,78
2017-07-17,FRA,10,5,5,-0.6,34
2017-07-17,GBR,13,7,6,-1.462,41
2017-07-17,GRC,6,4,2,-1.067,14
2017-07-17,IRL,1,0,1,-5.0,1
2017-07-17,IRN,4,4,0,-2.0,6
2017-07-17,IRQ,5,3,2,-1.4,28
2017-07-17,ISR,8,6,2,2.087,34
2017-07-17,KGZ,4,4,0,2.35,6
2017-07-17,LKA,12,0,12,-4.5,138
2017-07-17,MCO,1,1,0,0.0,2
2017-07-17,MDV,1,0,1,-2.0,6
2017-07-17,MYS,1,1,0,3.4,2
2017-07-17,NGA,6,0,6,-5.0,11
2017-07-17,NPL,11,8,3,0.927,51
2017-07-17,OMN,4,4,0,2.35,20
2017-07-17,PAK,95,29,66,-4.448,542
2017-07-17,POL,2,0,2,-4.0,2
2017-07-17,RUS,7,3,4,-0.929,14
2017-07-17,SAS,3,3,0,1.7,16
2017-07-17,SAU,10,8,2,0.57,54
2017-07-17,SEA,2,2,0,1.0,20
2017-07-17,SWE,1,1,0,0.0,4
2017-07-17,SYR,2,2,0,3.5,3
2017-07-17,TKM,4,4,0,2.35,6
2017-07-17,USA,68,59,9,0.61,304
2017-07-18,AFG,4,4,0,1.0,12
2017-07-18,AFR,7,7,0,4.771,8
2017-07-18,ARE,15,3,12,-3.553,54
2017-07-18,AUS,8,6,2,1.263,12
2017-07-18,BGD,23,12,11,-2.152,81
2017-07-18,BRA,8,4,4,-1.5,8
2017-07-18,BTN,1,0,1,-2.0,5
2017-07-18,CHN,131,66,65,-1.664,802
2017-07-18,CZE,1,1,0,4.0,5
2017-07-18,ESP,3,0,3,-2.0,6
2017-07-18,EUR,2,2,0,0.0,6
2017-07-18,FRA,9,7,2,1.4,36
2017-07-18,GBR,18,14,4,2.006,68
2017-07-18,GRC,8,7,1,1.65,31
2017-07-18,GUY,2,2,0,2.35,16
2017-07-18,IRN,3,3,0,2.7,28
2017-07-18,ISR,6,4,2,0.5,14
2017-07-18,JPN,6,3,3,0.133,19
2017-07-18,KOR,8,8,0,3.5,26
2017-07-18,LBN,1,0,1,-9.5,10
2017-07-18,LKA,8,6,2,1.788,26
2017-07-18,MCO,1,1,0,3.4,1
2017-07-18,MDV,6,4,2,3.5,46
2017-07-18,NGA,2,0,2,-5.0,4
2017-07-18,NPL,2,2,0,4.5,12
2017-07-18,OMN,5,5,0,2.68,30
2017-07-18,PAK,55,29,26,-3.147,274
2017-07-18,PRK,2,2,0,2.35,6
2017-07-18,RUS,2,0,2,-2.0,4
2017-07-18,SAU,3,0,3,-5.0,13
2017-07-18,THA,7,7,0,4.714,12
2017-07-18,TUR,3,1,2,-3.667,14
2017-07-18,TWN,1,1,0,3.0,2
2017-07-18,USA,57,37,20,0.084,398
2017-07-18,VNM,3,3,0,2.2,20
2017-07-19,AFG,1,1,0,-2.0,1
2017-07-19,AFR,6,6,0,2.35,8
2017-07-19,ARE,6,3,3,-2.233,36
2017-07-19,AUS,29,29,0,4.945,102
2017-07-19,BEL,9,9,0,2.689,25
2017-07-19,BGD,24,18,6,0.713,94
2017-07-19,BRA,1,1,0,0.0,3
2017-07-19,BTN,2,2,0,2.35,8
2017-07-19,BWA,2,2,0,2.35,6
2017-07-19,CAN,1,1,0,6.4,13
2017-07-19,CHE,2,2,0,2.35,2
2017-07-19,CHN,136,92,44,0.065,954
2017-07-19,COD,2,2,0,2.35,10
2017-07-19,COL,3,3,0,1.333,15
2017-07-19,ESP,1,0,1,-2.0,2
2017-07-19,ETH,3,3,0,2.5,6
2017-07-19,EUR,5,5,0,5.14,24
2017-07-19,FRA,8,8,0,3.125,14
2017-07-19,GBR,29,22,7,0.621,148
2017-07-19,IDN,3,3,0,4.0,10
2017-07-19,IRQ,14,14,0,3.529,18
2017-07-19,ISR,14,14,0,2.35,56
2017-07-19,JPN,2,2,0,3.7,12
2017-07-19,LKA,11,11,0,2.309,48
2017-07-19,MAR,6,6,0,2.35,12
2017-07-19,MDV,2,1,1,-2.75,16
2017-07-19,MUS,3,3,0,1.0,8
2017-07-19,MYS,10,6,4,0.32,25
2017-07-19,NLD,2,2,0,1.5,40
2017-07-19,NPL,4,2,2,-0.15,19
2017-07-19,PAK,58,29,29,-1.764,281
2017-07-19,PHL,1,0,1,-10.0,2
2017-07-19,PRK,2,2,0,5.0,4
2017-07-19,RUS,2,2,0,3.5,10
2017-07-19,SAU,4,3,1,-1.0,8
2017-07-19,SEA,3,3,0,4.2,11
2017-07-19,THA,1,1,0,3.0,4
2017-07-19,TWN,2,2,0,3.4,2
2017-07-19,TZA,4,4,0,2.5,12
2017-07-19,USA,59,42,17,-0.002,165
2017-07-19,VNM,4,4,0,5.75,8
2017-07-19,YEM,8,8,0,0.6,14
2017-07-20,AFG,2,0,2,-10.0,4
2017-07-20,AFR,2,2,0,2.35,6
2017-07-20,AUS,6,6,0,1.9,24
2017-07-20,BEL,4,4,0,2.35,4
2017-07-20,BGD,9,7,2,2.189,22
2017-07-20,BTN,21,21,0,5.986,809
2017-07-20,BWA,2,2,0,2.35,8
2017-07-20,CAN,1,1,0,6.0,2
2017-07-20,CHN,152,98,54,0.38,837
2017-07-20,FRA,11,11,0,2.409,20
2017-07-20,GBR,25,23,2,2.824,87
2017-07-20,IDN,2,2,0,3.4,2
2017-07-20,IRQ,1,1,0,3.4,10
2017-07-20,ISR,4,4,0,5.2,22
2017-07-20,ITA,3,2,1,3.333,25
2017-07-20,JPN,7,7,0,6.0,42
2017-07-20,KOR,1,1,0,5.2,6
2017-07-20,LAO,2,2,0,4.0,2
2017-07-20,LKA,3,2,1,-0.1,5
2017-07-20,NGA,1,0,1,-5.0,3
2017-07-20,NLD,4,4,0,2.35,10
2017-07-20,NPL,13,1,12,-4.192,51
2017-07-20,PAK,46,30,16,0.335,228
2017-07-20,RUS,3,3,0,1.567,20
2017-07-20,SAU,1,1,0,4.0,1
2017-07-20,SGP,2,2,0,3.0,10
2017-07-20,TZA,1,0,1,-5.0,4
2017-07-20,USA,49,43,6,1.704,290
2017-07-20,VAT,2,2,0,3.5,6
2017-07-20,VNM,2,2,0,2.35,20
2017-07-20,ZAF,2,1,1,-5.0,5
2017-07-21,AFR,10,10,0,1.88,24
2017-07-21,ASA,2,2,0,4.0,20
2017-07-21,AUS,10,10,0,1.6,41
2017-07-21,BGD,4,4,0,5.45,16
2017-07-21,BTN,15,11,4,3.147,133
2017-07-21,CAN,1,0,1,-9.5,4
2017-07-21,CHN,129,77,52,-0.415,583
2017-07-21,DEU,6,6,0,2.0,24
2017-07-21,DNK,2,2,0,4.0,4
2017-07-21,FRA,8,7,1,2.675,26
2017-07-21,GBR,29,29,0,3.059,108
2017-07-21,ISR,2,2,0,5.2,7
2017-07-21,JPN,8,5,3,-2.675,40
2017-07-21,LKA,7,7,0,2.414,12
2017-07-21,MDV,2,0,2,-4.7,15
2017-07-21,MMR,3,3,0,5.0,4
2017-07-21,MYS,4,3,1,1.0,14
2017-07-21,NGA,1,0,1,-5.0,3
2017-07-21,NPL,9,7,2,1.789,37
2017-07-21,PAK,65,35,30,-1.109,318
2017-07-21,RUS,2,0,2,-4.0,2
2017-07-21,SAU,4,3,1,1.0,11
2017-07-21,SEA,1,0,1,-7.5,4
2017-07-21,SGP,1,1,0,0.0,3
2017-07-21,SYR,1,0,1,-10.0,3
2017-07-21,USA,69,61,8,1.548,268
2017-07-21,VNM,4,4,0,2.35,20
2017-07-21,YEM,2,2,0,-0.4,6
2017-07-21,ZAF,2,1,1,-1.3,10
2017-07-22,AFG,2,0,2,-2.0,12
2017-07-22,AUT,2,2,0,1.3,10
2017-07-22,BGD,10,7,3,-0.95,19
2017-07-22,BGR,2,2,0,4.0,4
2017-07-22,BRA,2,2,0,0.4,3
2017-07-22,BTN,14,9,5,1.314,34
2017-07-22,CHE,1,1,0,0.0,10
2017-07-22,CHN,127,95,32,0.519,871
2017-07-22,DEU,21,4,17,-2.871,179
2017-07-22,DNK,2,2,0,1.0,6
2017-07-22,FJI,1,1,0,3.4,4
2017-07-22,GBR,19,14,5,0.095,41
2017-07-22,IRN,9,6,3,-1.767,31
2017-07-22,IRQ,13,12,1,3.108,84
2017-07-22,ITA,8,6,2,-0.738,24
2017-07-22,JOR,4,0,4,-6.75,22
2017-07-22,JPN,11,11,0,3.909,64
2017-07-22,LKA,30,0,30,-5.0,142
2017-07-22,MAR,10,8,2,-0.12,30
2017-07-22,MDV,5,5,0,3.28,11
2017-07-22,MMR,2,2,0,7.0,15
2017-07-22,MUS,4,4,0,2.575,12
2017-07-22,MYS,6,2,4,-3.3,20
2017-07-22,NPL,3,3,0,2.5,4
2017-07-22,PAK,49,24,25,-2.422,244
2017-07-22,POL,4,4,0,2.35,40
2017-07-22,PRK,8,8,0,2.35,52
2017-07-22,PRT,4,4,0,2.35,40
2017-07-22,RUS,1,0,1,-10.0,3
2017-07-22,SAS,2,1,1,-1.75,10
2017-07-22,SAU,2,2,0,3.0,9
2017-07-22,SGP,10,10,0,1.41,74
2017-07-22,SYR,2,2,0,3.5,3
2017-07-22,THA,1,0,1,-5.0,25
2017-07-22,USA,147,131,16,1.595,861
2017-07-22,VNM,1,0,1,-10.0,10
2017-07-22,ZAF,1,0,1,-10.0,10
2017-07-23,AFG,2,2,0,2.35,12
2017-07-23,AFR,1,1,0,3.5,18
2017-07-23,ARE,1,0,1,-5.0,2
2017-07-23,AUS,4,4,0,2.35,40
2017-07-23,BGD,10,6,4,-2.05,107
2017-07-23,BTN,17,13,4,1.441,60
2017-07-23,CAN,12,12,0,1.933,53
2017-07-23,CHN,59,35,24,0.042,331
2017-07-23,DEU,10,2,8,-2.72,49
2017-07-23,EUR,3,2,1,-1.767,3
2017-07-23,FRA,5,5,0,1.88,14
2017-07-23,GBR,25,23,2,1.956,57
2017-07-23,IDN,4,3,1,-0.075,23
2017-07-23,IRN,3,3,0,2.733,13
2017-07-23,IRQ,19,17,2,2.389,50
2017-07-23,ISR,1,0,1,-2.0,6
2017-07-23,JOR,1,1,0,0.4,10
2017-07-23,JPN,5,3,2,-0.5,20
2017-07-23,KOR,1,1,0,5.2,1
2017-07-23,LKA,7,2,5,-3.429,19
2017-07-23,MDV,3,3,0,4.6,11
2017-07-23,MNG,3,3,0,3.4,8
2017-07-23,MOZ,3,3,0,2.2,10
2017-07-23,MYS,6,5,1,1.8,276
2017-07-23,NPL,4,2,2,-0.825,18
2017-07-23,NZL,3,3,0,0.0,5
2017-07-23,PAK,80,27,53,-2.602,411
2017-07-23,SAS,1,0,1,-5.0,10
2017-07-23,SSD,2,0,2,-5.0,3
2017-07-23,SWE,1,1,0,-2.0,4
2017-07-23,TTO,2,2,0,3.4,21
2017-07-23,TZA,4,4,0,2.35,10
2017-07-23,USA,71,63,8,0.932,546
2017-07-24,AFG,1,0,1,-2.0,6
2017-07-24,ARE,4,3,1,1.75,23
2017-07-24,AUS,6,4,2,4.667,12
2017-07-24,BGD,5,3,2,-0.28,26
2017-07-24,BTN,7,6,1,2.671,30
2017-07-24,CAN,4,4,0,8.0,6
2017-07-24,CHE,6,6,0,1.633,30
2017-07-24,CHN,102,61,41,-0.194,1178
2017-07-24,CRI,2,1,1,-2.5,6
2017-07-24,EGY,7,5,2,0.486,19
2017-07-24,ETH,6,6,0,3.433,12
2017-07-24,FRA,7,6,1,2.4,21
2017-07-24,GBR,15,14,1,1.84,75
2017-07-24,IDN,3,3,0,6.333,12
2017-07-24,IRQ,113,89,24,0.426,608
2017-07-24,ISR,12,12,0,2.275,20
2017-07-24,JOR,2,1,1,-2.0,5
2017-07-24,JPN,7,7,0,5.729,12
2017-07-24,KOR,1,1,0,7.4,16
2017-07-24,LKA,5,3,2,2.44,16
2017-07-24,MDV,2,0,2,-5.0,6
2017-07-24,MMR,4,4,0,2.875,14
2017-07-24,MOZ,3,3,0,2.2,10
2017-07-24,MUS,3,3,0,0.4,5
2017-07-24,MYS,3,3,0,3.7,120
2017-07-24,NGA,4,1,3,-4.25,35
2017-07-24,NPL,4,2,2,-3.75,6
2017-07-24,PAK,113,54,59,-0.59,486
2017-07-24,RUS,4,2,2,0.175,8
2017-07-24,SAS,4,2,2,0.175,14
2017-07-24,SAU,13,13,0,2.023,64
2017-07-24,SEA,8,0,8,-5.312,42
2017-07-24,SYR,6,6,0,2.2,24
2017-07-24,TTO,1,1,0,3.4,10
2017-07-24,TUR,2,0,2,-5.0,7
2017-07-24,TZA,4,4,0,2.35,10
2017-07-24,USA,59,52,7,1.469,144
2017-07-24,UZB,1,0,1,-9.0,6
2017-07-24,VNM,6,6,0,3.3,26
2017-07-25,AFR,4,4,0,1.0,6
2017-07-25,ARE,13,13,0,3.031,68
2017-07-25,AUS,4,4,0,2.35,8
2017-07-25,AUT,1,0,1,-2.0,2
2017-07-25,BGD,11,7,4,2.818,48
2017-07-25,BTN,14,12,2,2.214,64
2017-07-25,CAN,5,5,0,5.56,10
2017-07-25,CHE,1,0,1,-2.0,2
2017-07-25,CHN,131,77,54,0.38,1146
2017-07-25,DEU,1,1,0,-2.0,3
2017-07-25,EGY,4,4,0,2.35,6
2017-07-25,FRA,5,3,2,0.0,12
2017-07-25,GBR,13,12,1,3.015,36
2017-07-25,IDN,3,3,0,3.9,14
2017-07-25,IRQ,14,8,6,-1.786,53
2017-07-25,ISR,5,4,1,1.74,26
2017-07-25,JPN,10,7,3,0.55,48
2017-07-25,KHM,2,2,0,0.4,54
2017-07-25,KOR,4,2,2,-1.325,14
2017-07-25,LKA,14,12,2,1.3,536
2017-07-25,MOZ,6,6,0,2.35,24
2017-07-25,MYS,2,0,2,-10.0,4
2017-07-25,NGA,3,0,3,-5.0,8
2017-07-25,NPL,19,6,13,-3.321,59
2017-07-25,PAK,115,56,59,-0.774,461
2017-07-25,PHL,2,2,0,3.0,4
2017-07-25,QAT,1,0,1,-4.0,10
2017-07-25,RUS,2,2,0,2.35,4
2017-07-25,SAS,7,6,1,3.357,21
2017-07-25,SAU,12,12,0,2.642,272
2017-07-25,SEA,8,1,7,-4.688,25
2017-07-25,SGP,9,9,0,2.911,46
2017-07-25,TUR,2,0,2,-5.0,7
2017-07-25,TZA,6,6,0,2.35,24
2017-07-25,USA,52,50,2,2.667,274
2017-07-25,UZB,1,0,1,-5.0,2
2017-07-25,YEM,1,0,1,-10.0,10
2017-07-26,AFG,2,0,2,-5.0,8
2017-07-26,ARE,22,20,2,0.641,209
2017-07-26,AUS,2,2,0,2.35,10
2017-07-26,BGD,10,9,1,2.7,43
2017-07-26,BHR,8,6,2,0.963,30
2017-07-26,BTN,5,5,0,2.0,9
2017-07-26,CAN,8,5,3,1.087,40
2017-07-26,CHE,10,7,3,-1.01,44
2017-07-26,CHN,161,100,61,0.623,1185
2017-07-26,DEU,5,4,1,4.6,15
2017-07-26,DNK,3,0,3,-5.0,5
2017-07-26,EUR,23,23,0,4.561,82
2017-07-26,FRA,2,0,2,-7.5,4
2017-07-26,GBR,15,12,3,2.16,70
2017-07-26,GHA,2,2,0,2.35,14
2017-07-26,IDN,1,1,0,3.0,4
2017-07-26,IRN,15,15,0,2.02,48
2017-07-26,IRQ,25,11,14,-1.02,101
2017-07-26,ISR,11,11,0,1.1,40
2017-07-26,JPN,2,1,1,1.0,13
2017-07-26,LBN,3,2,1,-0.533,6
2017-07-26,LKA,7,7,0,3.071,52
2017-07-26,LUX,15,15,0,5.6,72
2017-07-26,MNG,2,2,0,1.0,4
2017-07-26,NGA,8,0,8,-8.75,14
2017-07-26,NPL,2,2,0,1.5,9
2017-07-26,PAK,82,38,44,-1.196,260
2017-07-26,PHL,4,0,4,-2.0,10
2017-07-26,PRK,2,1,1,-2.4,12
2017-07-26,PSE,5,5,0,2.92,6
2017-07-26,QAT,5,5,0,7.4,20
2017-07-26,SAU,4,3,1,-0.075,27
2017-07-26,SGP,6,6,0,2.9,28
2017-07-26,SWE,3,3,0,3.7,15
2017-07-26,USA,75,51,24,0.268,268
2017-07-26,ZAF,2,2,0,3.0,2
2017-07-27,AFG,4,0,4,-5.0,12
2017-07-27,AFR,1,1,0,-0.4,2
2017-07-27,ARM,2,2,0,3.5,4
2017-07-27,AUS,2,2,0,3.4,7
2017-07-27,BEL,2,2,0,3.4,6
2017-07-27,BGD,13,13,0,1.877,256
2017-07-27,BRA,5,5,0,2.68,14
2017-07-27,BTN,5,5,0,4.06,152
2017-07-27,CAN,7,5,2,0.771,84
2017-07-27,CHN,147,120,27,2.432,933
2017-07-27,EUR,5,4,1,2.24,38
2017-07-27,FRA,4,2,2,-0.2,10
2017-07-27,GBR,15,13,2,3.64,57
2017-07-27,IRN,2,2,0,3.4,3
2017-07-27,IRQ,14,10,4,0.036,82
2017-07-27,ISR,5,1,4,-7.92,5
2017-07-27,ITA,1,0,1,-4.0,5
2017-07-27,JPN,5,5,0,1.6,26
2017-07-27,KOR,5,5,0,8.0,8
2017-07-27,LKA,11,11,0,4.882,58
2017-07-27,MAR,2,0,2,-10.0,6
2017-07-27,MEX,1,1,0,7.0,12
2017-07-27,MUS,3,2,1,0.9,12
2017-07-27,NLD,2,1,1,0.7,4
2017-07-27,NPL,3,1,2,-3.667,13
2017-07-27,PAK,32,12,20,-2.262,120
2017-07-27,PAN,1,1,0,0.0,2
2017-07-27,POL,2,0,2,-4.7,42
2017-07-27,PRK,2,1,1,-2.4,12
2017-07-27,PSE,2,2,0,0.0,4
2017-07-27,RUS,9,9,0,4.078,34
2017-07-27,SAU,5,2,3,-2.06,69
2017-07-27,SEA,3,3,0,4.0,8
2017-07-27,SOM,3,3,0,4.0,6
2017-07-27,SWE,4,4,0,2.575,10
2017-07-27,SYR,1,1,0,7.0,2
2017-07-27,TUR,2,2,0,2.35,20
2017-07-27,TZA,2,0,2,-9.5,4
2017-07-27,USA,50,39,11,1.802,305
2017-07-27,ZAF,1,1,0,3.0,2
2017-07-28,AFG,8,7,1,2.625,123
2017-07-28,AFR,9,5,4,0.411,96
2017-07-28,ARE,4,4,0,2.35,24
2017-07-28,ARM,4,4,0,2.65,10
2017-07-28,AUS,8,8,0,3.05,18
2017-07-28,BEL,2,2,0,7.4,4
2017-07-28,BGD,8,5,3,-1.625,106
2017-07-28,BRA,18,18,0,1.0,110
2017-07-28,BTN,10,9,1,5.32,54
2017-07-28,CAN,7,5,2,-1.171,42
2017-07-28,CHE,3,3,0,8.0,8
2017-07-28,CHL,6,4,2,2.36,19
2017-07-28,CHN,102,82,20,1.858,438
2017-07-28,DEU,6,3,3,-1.333,17
2017-07-28,ESP,1,0,1,-9.5,4
2017-07-28,EST,2,2,0,4.0,8
2017-07-28,FRA,6,2,4,-2.133,8
2017-07-28,GBR,9,9,0,3.244,28
2017-07-28,IDN,1,0,1,-9.0,4
2017-07-28,IRN,2,2,0,7.4,4
2017-07-28,IRQ,2,1,1,-2.5,9
2017-07-28,ISR,6,6,0,2.9,16
2017-07-28,ITA,5,2,3,-4.4,9
2017-07-28,JPN,1,1,0,0.0,2
2017-07-28,KHM,1,1,0,0.4,4
2017-07-28,KOR,1,0,1,-7.2,5
2017-07-28,LKA,2,2,0,2.35,2
2017-07-28,MAR,7,7,0,2.286,46
2017-07-28,MEX,2,2,0,7.0,16
2017-07-28,MMR,11,4,7,-3.236,143
2017-07-28,NPL,6,6,0,3.45,14
2017-07-28,OMN,3,3,0,4.467,8
2017-07-28,PAK,58,38,20,0.186,321
2017-07-28,POL,2,0,2,-4.0,2
2017-07-28,RUS,8,4,4,-1.125,36
2017-07-28,SGP,2,2,0,7.0,10
2017-07-28,SOM,11,11,0,4.0,30
2017-07-28,USA,70,53,17,1.809,401
2017-07-28,VNM,3,1,2,-1.0,10
2017-07-28,YEM,2,0,2,-10.0,4
2017-07-28,ZAF,3,0,3,-2.0,16
2017-07-28,ZWE,1,1,0,4.0,3
2017-07-29,AFG,5,1,4,-6.4,12
2017-07-29,AFR,4,2,2,0.175,22
2017-07-29,ARE,21,20,1,-1.143,168
2017-07-29,BGD,6,6,0,4.733,39
2017-07-29,BTN,15,11,4,2.913,151
2017-07-29,CAN,1,0,1,-10.0,6
2017-07-29,CHL,1,1,0,0.0,4
2017-07-29,CHN,68,53,15,1.172,304
2017-07-29,CUB,1,0,1,-4.0,3
2017-07-29,ESP,1,0,1,-10.0,3
2017-07-29,FRA,10,10,0,1.34,36
2017-07-29,GBR,11,9,2,1.291,38
2017-07-29,GRC,1,1,0,0.4,4
2017-07-29,JOR,3,2,1,-1.767,30
2017-07-29,JPN,3,1,2,-3.333,8
2017-07-29,KEN,2,2,0,2.35,6
2017-07-29,KWT,1,0,1,-5.0,6
2017-07-29,LKA,13,11,2,4.354,30
2017-07-29,MAR,8,6,2,-0.587,18
2017-07-29,MEX,4,4,0,2.5,18
2017-07-29,MMR,2,2,0,4.0,20
2017-07-29,MUS,4,2,2,-2.4,21
2017-07-29,NGA,2,0,2,-5.0,8
2017-07-29,NPL,2,0,2,-6.5,3
2017-07-29,OMN,1,1,0,7.4,6
2017-07-29,PAK,85,37,48,-0.907,357
2017-07-29,PAN,14,4,10,-3.136,56
2017-07-29,PER,2,0,2,-5.0,2
2017-07-29,PSE,7,0,7,-2.0,14
2017-07-29,QAT,1,1,0,4.0,10
2017-07-29,SAS,1,0,1,-2.0,3
2017-07-29,SAU,6,6,0,2.167,80
2017-07-29,SEA,4,4,0,2.35,6
2017-07-29,SGP,2,2,0,1.0,12
2017-07-29,THA,3,2,1,-1.767,12
2017-07-29,TWN,2,0,2,-5.0,6
2017-07-29,USA,91,68,23,0.592,645
2017-07-29,VNM,8,6,2,3.075,14
2017-07-29,ZAF,1,0,1,-2.0,1
2017-07-29,ZMB,6,0,6,-5.0,35
2017-07-30,ARE,7,7,0,0.914,93
2017-07-30,BGD,56,38,18,1.238,335
2017-07-30,BTN,3,1,2,-2.667,32
2017-07-30,CHN,67,42,25,0.796,345
2017-07-30,ESP,2,2,0,3.7,6
2017-07-30,EUR,1,1,0,-0.4,8
2017-07-30,FRA,1,1,0,0.4,2
2017-07-30,GBR,5,4,1,-0.68,19
2017-07-30,JOR,4,3,1,0.425,30
2017-07-30,JPN,2,0,2,-6.5,3
2017-07-30,KOR,4,4,0,2.35,4
2017-07-30,KWT,2,0,2,-5.0,6
2017-07-30,LKA,16,8,8,-0.537,51
2017-07-30,MDV,1,1,0,4.0,6
2017-07-30,MYS,1,1,0,7.4,10
2017-07-30,NGA,3,0,3,-5.0,6
2017-07-30,NMR,3,3,0,1.9,12
2017-07-30,NPL,5,5,0,5.24,12
2017-07-30,PAK,59,34,25,-0.151,253
2017-07-30,PAN,4,3,1,0.225,16
2017-07-30,PHL,4,4,0,2.35,12
2017-07-30,PRK,9,9,0,2.633,70
2017-07-30,PSE,5,1,4,-1.4,9
2017-07-30,RUS,3,3,0,1.567,14
2017-07-30,SAS,1,1,0,0.0,1
2017-07-30,SAU,6,4,2,0.167,52
2017-07-30,USA,69,65,4,2.572,364
2017-07-31,AFG,4,1,3,-4.25,8
2017-07-31,AFR,8,6,2,1.262,40
2017-07-31,ARE,17,12,5,0.082,122
2017-07-31,BEL,1,1,0,1.0,3
2017-07-31,BGD,19,2,17,-4.132,43
2017-07-31,BTN,11,11,0,3.118,34
2017-07-31,CAN,3,0,3,-4.667,8
2017-07-31,CHE,4,4,0,2.35,12
2017-07-31,CHN,177,93,84,-2.118,906
2017-07-31,DNK,1,0,1,-2.0,2
2017-07-31,EGY,3,3,0,3.233,3
2017-07-31,GBR,28,19,9,-0.857,67
2017-07-31,GRC,2,2,0,2.35,2
2017-07-31,IDN,3,0,3,-4.0,16
2017-07-31,IRN,5,4,1,3.92,18
2017-07-31,IRQ,5,5,0,0.0,30
2017-07-31,ITA,3,3,0,4.0,6
2017-07-31,JPN,3,2,1,-0.333,15
2017-07-31,KOR,3,3,0,2.0,13
2017-07-31,LBN,2,2,0,2.35,24
2017-07-31,LKA,3,2,1,-0.1,64
2017-07-31,MDV,1,0,1,-5.0,1
2017-07-31,MLT,3,3,0,2.5,8
2017-07-31,NPL,10,10,0,5.22,48
2017-07-31,NZL,3,3,0,4.333,12
2017-07-31,PAK,67,36,31,-2.146,360
2017-07-31,PAN,2,2,0,1.5,18
2017-07-31,PRK,2,2,0,3.0,6
2017-07-31,PSE,4,4,0,2.35,12
2017-07-31,RUS,8,8,0,8.0,20
2017-07-31,SAS,3,2,1,0.6,16
2017-07-31,SAU,4,4,0,2.35,16
2017-07-31,SGP,3,3,0,4.0,12
2017-07-31,SOM,1,1,0,1.0,4
2017-07-31,SWE,2,0,2,-2.0,5
2017-07-31,SYR,1,1,0,0.0,3
2017-07-31,THA,13,13,0,2.315,92
2017-07-31,USA,106,97,9,1.668,655
2017-07-31,YEM,4,0,4,-10.0,20
2017-07-31,ZAF,1,0,1,-2.0,4
2017-08-01,AFG,44,26,18,-0.855,184
2017-08-01,AFR,8,8,0,1.675,204
2017-08-01,ARE,4,0,4,-7.5,6
2017-08-01,AUS,9,7,2,1.267,20
2017-08-01,BGD,14,10,4,-0.643,52
2017-08-01,BHR,2,0,2,-5.0,2
2017-08-01,BRA,2,2,0,1.0,14
2017-08-01,BTN,15,11,4,1.14,61
2017-08-01,CAN,1,1,0,-2.0,2
2017-08-01,CHE,3,3,0,1.567,16
2017-08-01,CHN,130,66,64,-1.896,877
2017-08-01,CRI,1,0,1,-5.0,12
2017-08-01,CYP,2,0,2,-7.2,10
2017-08-01,DEU,4,4,0,2.35,12
2017-08-01,DNK,3,1,2,-2.333,5
2017-08-01,EGY,8,8,0,0.712,17
2017-08-01,EUR,3,3,0,5.267,14
2017-08-01,FRA,1,0,1,-5.0,1
2017-08-01,GBR,13,12,1,3.292,152
2017-08-01,GHA,1,1,0,0.0,12
2017-08-01,IRN,2,0,2,-4.0,6
2017-08-01,IRQ,7,7,0,-0.014,68
2017-08-01,ITA,9,5,4,0.089,34
2017-08-01,JOR,4,4,0,4.0,8
2017-08-01,JPN,1,1,0,3.0,2
2017-08-01,KAZ,14,14,0,2.35,96
2017-08-01,KOR,1,1,0,6.4,6
2017-08-01,LBY,1,1,0,-0.4,2
2017-08-01,LKA,5,5,0,2.48,60
2017-08-01,MDV,1,1,0,-2.0,1
2017-08-01,MMR,2,2,0,7.0,14
2017-08-01,NOR,1,1,0,6.0,3
2017-08-01,NPL,10,7,3,-0.73,30
2017-08-01,NZL,6,6,0,2.35,22
2017-08-01,PAK,107,34,73,-4.077,498
2017-08-01,PAN,2,2,0,3.5,8
2017-08-01,RUS,12,12,0,4.783,24
2017-08-01,SAS,9,0,9,-9.444,204
2017-08-01,SAU,3,1,2,-2.333,12
2017-08-01,SEA,7,7,0,2.929,94
2017-08-01,SGP,4,4,0,2.5,35
2017-08-01,SOM,6,6,0,5.667,10
2017-08-01,SWE,3,0,3,-5.667,5
2017-08-01,SYR,6,6,0,5.233,25
2017-08-01,THA,3,3,0,4.8,10
2017-08-01,TKM,16,16,0,2.35,96
2017-08-01,USA,74,65,9,1.757,394
2017-08-01,UZB,5,3,2,1.0,19
2017-08-01,VEN,3,0,3,-8.167,12
2017-08-02,AFG,8,5,3,-1.663,31
2017-08-02,ARE,11,11,0,1.436,150
2017-08-02,AUS,7,5,2,1.429,25
2017-08-02,BGD,6,6,0,2.5,32
2017-08-02,BRA,2,2,0,1.0,8
2017-08-02,BTN,13,9,4,0.108,32
2017-08-02,CHN,148,88,60,-0.093,966
2017-08-02,CUB,1,1,0,0.4,10
2017-08-02,DEU,1,1,0,-2.0,4
2017-08-02,EGY,13,10,3,2.246,28
2017-08-02,EUR,1,1,0,0.0,10
2017-08-02,FIN,1,0,1,-2.0,5
2017-08-02,GBR,10,10,0,3.18,31
2017-08-02,GHA,2,2,0,0.0,14
2017-08-02,IRN,2,2,0,2.35,12
2017-08-02,JPN,24,24,0,4.258,104
2017-08-02,KHM,2,0,2,-4.4,12
2017-08-02,LKA,9,6,3,-1.211,39
2017-08-02,MAR,3,0,3,-10.0,8
2017-08-02,MEA,2,0,2,-5.0,8
2017-08-02,MMR,20,18,2,2.145,223
2017-08-02,MUS,2,2,0,6.0,18
2017-08-02,MYS,6,4,2,0.833,20
2017-08-02,NOR,1,1,0,6.0,3
2017-08-02,NPL,6,6,0,4.233,16
2017-08-02,NZL,4,4,0,2.35,12
2017-08-02,PAK,85,50,35,-1.396,391
2017-08-02,PAN,9,5,4,-0.6,61
2017-08-02,RUS,3,3,0,4.0,12
2017-08-02,SAS,14,9,5,-1.779,53
2017-08-02,SAU,1,1,0,3.0,10
2017-08-02,SEA,12,12,0,5.167,40
2017-08-02,SGP,7,7,0,4.486,36
2017-08-02,SOM,11,7,4,1.691,28
2017-08-02,SYR,1,0,1,-10.0,1
2017-08-02,THA,7,7,0,4.857,19
2017-08-02,TUR,8,8,0,2.35,14
2017-08-02,USA,123,112,11,1.892,642
2017-08-02,VEN,1,1,0,7.0,5
2017-08-02,ZAF,1,1,0,3.4,10
2017-08-03,AFG,1,0,1,-10.0,1
2017-08-03,ARE,21,21,0,2.252,198
2017-08-03,ASA,1,1,0,-2.0,20
2017-08-03,AUS,6,6,0,4.417,12
2017-08-03,BGD,21,7,14,-2.238,84
2017-08-03,BRA,4,4,0,5.325,8
2017-08-03,BTN,9,6,3,0.867,66
2017-08-03,CHE,4,4,0,2.8,48
2017-08-03,CHN,154,111,43,1.305,912
2017-08-03,DEU,9,7,2,2.156,41
2017-08-03,EGY,8,7,1,2.438,19
2017-08-03,FRA,4,4,0,2.35,6
2017-08-03,GBR,19,14,5,1.974,79
2017-08-03,IRN,3,2,1,0.9,18
2017-08-03,IRQ,2,2,0,1.0,10
2017-08-03,JOR,1,1,0,-2.0,4
2017-08-03,JPN,19,17,2,1.789,74
2017-08-03,KAZ,8,6,2,-1.75,22
2017-08-03,KOR,1,0,1,-4.0,2
2017-08-03,LKA,13,11,2,-0.162,29
2017-08-03,MAR,5,5,0,2.26,6
2017-08-03,MDV,4,1,3,-3.875,15
2017-08-03,MMR,4,2,2,-3.325,30
2017-08-03,MYS,3,3,0,4.467,24
2017-08-03,NLD,3,3,0,2.5,10
2017-08-03,NPL,11,3,8,-1.364,62
2017-08-03,PAK,48,27,21,-1.225,145
2017-08-03,PAN,8,6,2,-0.05,28
2017-08-03,POL,3,0,3,-6.5,18
2017-08-03,PRK,2,2,0,2.35,20
2017-08-03,RUS,1,1,0,3.0,3
2017-08-03,SAS,4,3,1,-1.325,20
2017-08-03,SAU,1,1,0,5.2,6
2017-08-03,SEA,1,1,0,0.0,5
2017-08-03,SGP,17,16,1,1.847,103
2017-08-03,SOM,12,6,6,-0.75,54
2017-08-03,SWE,1,1,0,0.0,3
2017-08-03,THA,1,0,1,-9.0,10
2017-08-03,TUR,3,3,0,4.0,12
2017-08-03,TWN,6,6,0,6.733,30
2017-08-03,USA,91,76,15,0.965,480
2017-08-03,YEM,2,2,0,2.35,4
2017-08-03,ZAF,2,2,0,2.35,4
2017-08-04,AFG,15,14,1,1.813,67
2017-08-04,AFR,2,2,0,5.0,2
2017-08-04,ARE,23,18,5,0.143,200
2017-08-04,ASA,3,3,0,2.0,22
2017-08-04,BEL,2,1,1,-3.0,2
2017-08-04,BGD,7,7,0,1.0,16
2017-08-04,BHR,1,1,0,4.0,6
2017-08-04,BTN,25,2,23,-7.664,508
2017-08-04,CAN,3,2,1,-1.4,8
2017-08-04,CHN,135,81,54,0.204,1677
2017-08-04,DEU,5,4,1,0.3,7
2017-08-04,EGY,6,4,2,1.417,21
2017-08-04,ETH,2,2,0,5.0,12
2017-08-04,FRA,8,8,0,2.613,29
2017-08-04,GBR,20,10,10,-3.0,533
2017-08-04,IDN,6,6,0,2.2,28
2017-08-04,IRL,17,17,0,1.529,120
2017-08-04,IRN,2,0,2,-5.5,4
2017-08-04,ISR,6,5,1,0.767,30
2017-08-04,JOR,1,0,1,-6.5,10
2017-08-04,JPN,1,1,0,4.0,2
2017-08-04,KHM,5,5,0,4.96,18
2017-08-04,KOR,3,2,1,0.133,12
2017-08-04,KWT,8,8,0,1.9,16
2017-08-04,LBN,1,0,1,-4.0,6
2017-08-04,LKA,14,10,4,1.386,185
2017-08-04,LUX,1,1,0,4.0,1
2017-08-04,MAR,11,7,4,-0.091,22
2017-08-04,MDV,1,1,0,3.0,10
2017-08-04,MMR,1,1,0,0.0,2
2017-08-04,MOZ,2,1,1,-4.75,24
2017-08-04,MUS,1,0,1,-4.0,30
2017-08-04,NLD,2,2,0,2.35,8
2017-08-04,NOR,1,1,0,6.0,8
2017-08-04,NPL,7,7,0,4.714,19
2017-08-04,PAK,49,26,23,-1.665,279
2017-08-04,POL,3,3,0,7.0,36
2017-08-04,RUS,4,4,0,1.0,8
2017-08-04,SEA,8,8,0,2.188,52
2017-08-04,SGP,8,8,0,1.425,27
2017-08-04,SOM,4,0,4,-3.5,10
2017-08-04,THA,4,2,2,-5.0,11
2017-08-04,USA,41,29,12,0.873,495
2017-08-04,WSM,1,1,0,-2.0,6
2017-08-04,ZMB,1,0,1,-5.0,2
2017-08-05,AFG,1,1,0,-2.0,4
2017-08-05,ARE,4,4,0,1.675,34
2017-08-05,ASA,2,2,0,4.0,2
2017-08-05,BGD,6,6,0,2.35,20
2017-08-05,BTN,16,8,8,-3.562,78
2017-08-05,CAN,2,2,0,2.35,10
2017-08-05,CHN,98,56,42,0.663,739
2017-08-05,COG,3,0,3,-10.0,12
2017-08-05,DEU,7,7,0,3.057,13
2017-08-05,DNK,3,0,3,-5.0,6
2017-08-05,ESP,16,7,9,-4.856,97
2017-08-05,ETH,2,2,0,5.0,12
2017-08-05,GBR,12,5,7,-3.508,180
2017-08-05,ISR,3,3,0,5.8,6
2017-08-05,JPN,9,6,3,1.722,30
2017-08-05,KAZ,2,2,0,4.0,10
2017-08-05,KOR,1,1,0,0.0,2
2017-08-05,MDV,2,2,0,1.5,7
2017-08-05,MMR,10,2,8,-3.7,44
2017-08-05,NGA,2,0,2,-5.0,5
2017-08-05,NPL,5,1,4,-3.6,13
2017-08-05,PAK,30,14,16,-0.367,124
2017-08-05,PAN,1,0,1,-5.0,10
2017-08-05,RUS,4,0,4,-6.0,12
2017-08-05,SAS,1,0,1,-2.0,4
2017-08-05,SAU,1,1,0,-2.0,8
2017-08-05,SGP,1,1,0,4.0,5
2017-08-05,SOM,1,0,1,-5.0,4
2017-08-05,SYR,3,0,3,-2.0,4
2017-08-05,THA,5,4,1,-2.8,16
2017-08-05,USA,46,43,3,2.057,180
2017-08-05,VEN,3,3,0,3.4,5
2017-08-06,ARE,3,3,0,0.9,30
2017-08-06,AUS,1,1,0,6.4,10
2017-08-06,BGD,45,11,34,-3.271,166
2017-08-06,BTN,4,2,2,-3.175,34
2017-08-06,CHN,62,39,23,0.521,257
2017-08-06,DNK,3,0,3,-5.0,6
2017-08-06,EGY,26,26,0,2.608,74
2017-08-06,ESP,8,6,2,-0.488,18
2017-08-06,FRA,2,2,0,2.35,4
2017-08-06,GBR,25,21,4,1.496,60
2017-08-06,IRL,2,0,2,-7.2,12
2017-08-06,IRN,14,14,0,2.929,39
2017-08-06,IRQ,1,1,0,7.4,5
2017-08-06,ITA,4,4,0,2.5,12
2017-08-06,JOR,4,4,0,2.35,208
2017-08-06,JPN,5,5,0,4.0,12
2017-08-06,LBN,5,4,1,-1.0,21
2017-08-06,MDV,6,0,6,-2.0,6
2017-08-06,MMR,5,4,1,1.54,30
2017-08-06,NGA,1,0,1,-2.0,1
2017-08-06,NLD,2,0,2,-5.0,4
2017-08-06,NPL,9,7,2,0.778,38
2017-08-06,PAK,37,19,18,-1.159,138
2017-08-06,PRK,2,2,0,2.35,8
2017-08-06,RUS,2,2,0,7.4,6
2017-08-06,SAS,3,0,3,-2.0,5
2017-08-06,SAU,10,3,7,-3.7,48
2017-08-06,SEA,6,0,6,-10.0,40
2017-08-06,SGP,2,2,0,4.0,6
2017-08-06,SWE,1,1,0,0.0,1
2017-08-06,THA,1,1,0,4.0,3
2017-08-06,USA,77,69,8,2.664,649
2017-08-06,ZAF,5,5,0,2.44,12
2017-08-07,AFG,10,7,3,0.1,118
2017-08-07,ARE,12,7,5,0.192,50
2017-08-07,AUS,6,6,0,6.533,22
2017-08-07,BEL,1,1,0,4.0,3
2017-08-07,BGD,40,27,13,-0.222,153
2017-08-07,BRA,2,2,0,8.3,6
2017-08-07,BTN,10,3,7,-5.52,30
2017-08-07,CAN,2,2,0,0.2,7
2017-08-07,CHN,81,36,45,-1.668,547
2017-08-07,DEU,5,5,0,2.26,20
2017-08-07,FRA,5,3,2,-5.2,14
2017-08-07,GBR,23,22,1,3.922,153
2017-08-07,IRN,12,10,2,1.125,29
2017-08-07,IRQ,4,0,4,-4.0,12
2017-08-07,ITA,2,2,0,1.5,2
2017-08-07,JOR,3,3,0,2.7,42
2017-08-07,JPN,6,6,0,4.8,16
2017-08-07,KAZ,2,2,0,3.5,6
2017-08-07,KOR,1,1,0,7.0,3
2017-08-07,LAO,1,1,0,3.0,6
2017-08-07,LBN,3,2,1,-0.1,14
2017-08-07,MAR,1,1,0,4.0,1
2017-08-07,MDV,1,0,1,-10.0,10
2017-08-07,MMR,6,6,0,2.35,12
2017-08-07,MYS,4,3,1,-1.575,28
2017-08-07,NGA,5,0,5,-2.6,9
2017-08-07,NPL,10,6,4,-1.93,17
2017-08-07,OMN,10,10,0,4.34,56
2017-08-07,PAK,119,73,46,-1.406,688
2017-08-07,PAN,3,0,3,-5.0,7
2017-08-07,PHL,2,2,0,1.0,12
2017-08-07,RUS,3,3,0,2.5,12
2017-08-07,SAS,3,1,2,-1.667,9
2017-08-07,SAU,8,0,8,-6.75,25
2017-08-07,SEA,9,8,1,1.3,66
2017-08-07,SOM,5,1,4,-2.52,52
2017-08-07,THA,5,5,0,3.1,13
2017-08-07,TUR,2,2,0,3.4,18
2017-08-07,TWN,9,7,2,0.933,16
2017-08-07,USA,79,63,16,0.605,744
2017-08-08,AFG,8,6,2,0.35,25
2017-08-08,AFR,7,6,1,3.043,37
2017-08-08,ARE,9,7,2,-0.067,50
2017-08-08,AUS,1,1,0,3.0,2
2017-08-08,BEL,3,3,0,3.133,9
2017-08-08,BGD,22,22,0,2.886,99
2017-08-08,BRA,4,4,0,1.0,4
2017-08-08,BTN,2,2,0,-0.05,7
2017-08-08,CAN,1,1,0,7.0,4
2017-08-08,CHN,76,55,21,1.088,709
2017-08-08,DEU,2,2,0,0.0,4
2017-08-08,DNK,1,0,1,-7.2,2
2017-08-08,FRA,1,0,1,-10.0,3
2017-08-08,GBR,50,38,12,0.652,308
2017-08-08,IDN,3,3,0,7.0,6
2017-08-08,IRN,2,0,2,-7.0,3
2017-08-08,ISR,2,2,0,8.0,16
2017-08-08,ITA,3,1,2,-5.667,21
2017-08-08,JPN,2,1,1,-3.3,18
2017-08-08,KEN,1,0,1,-2.0,8
2017-08-08,KHM,2,2,0,1.0,6
2017-08-08,LBN,4,4,0,5.2,56
2017-08-08,LKA,17,2,15,-4.365,105
2017-08-08,MAR,2,0,2,-10.0,4
2017-08-08,MDV,1,1,0,6.4,4
2017-08-08,MYS,11,11,0,4.927,28
2017-08-08,NPL,12,12,0,3.05,47
2017-08-08,OMN,10,10,0,4.34,42
2017-08-08,PAK,95,74,21,0.245,786
2017-08-08,PHL,3,1,2,-4.0,12
2017-08-08,PRK,13,0,13,-8.308,84
2017-08-08,SAS,6,3,3,-1.267,23
2017-08-08,SAU,4,4,0,2.0,25
2017-08-08,SEA,7,3,4,-3.514,23
2017-08-08,SOM,8,3,5,-1.625,38
2017-08-08,TWN,4,4,0,2.35,12
2017-08-08,UGA,1,0,1,-4.0,3
2017-08-08,USA,111,87,24,1.132,677
2017-08-08,VEN,2,2,0,7.0,10
2017-08-08,VNM,7,7,0,3.0,14
2017-08-09,AFG,11,11,0,2.182,40
2017-08-09,AFR,3,3,0,2.5,6
2017-08-09,ARE,7,4,3,-2.043,45
2017-08-09,AUS,3,2,1,-0.667,13
2017-08-09,AUT,1,0,1,-2.0,2
2017-08-09,AZE,4,2,2,-1.325,14
2017-08-09,BEL,1,1,0,3.4,3
2017-08-09,BGD,8,4,4,-0.612,77
2017-08-09,BTN,2,1,1,-3.6,3
2017-08-09,CAN,2,2,0,0.4,20
2017-08-09,CHE,1,1,0,0.0,5
2017-08-09,CHN,68,43,25,0.129,379
2017-08-09,DEU,8,8,0,3.425,42
2017-08-09,DNK,8,1,7,-6.525,16
2017-08-09,DZA,7,7,0,4.343,20
2017-08-09,ESP,2,0,2,-2.0,12
2017-08-09,ETH,5,0,5,-9.5,18
2017-08-09,EUR,3,2,1,2.0,18
2017-08-09,FRA,7,6,1,2.914,34
2017-08-09,GBR,39,30,9,0.572,290
2017-08-09,GRC,5,5,0,2.26,40
2017-08-09,HKG,1,0,1,-5.0,10
2017-08-09,HUN,2,0,2,-2.0,2
2017-08-09,IRN,9,7,2,1.811,35
2017-08-09,IRQ,1,0,1,-5.0,10
2017-08-09,ISR,2,2,0,8.0,16
2017-08-09,ITA,6,2,4,-3.083,150
2017-08-09,JPN,1,0,1,-2.0,2
2017-08-09,KOR,1,1,0,6.4,1
2017-08-09,LAO,5,5,0,8.0,12
2017-08-09,LBN,2,2,0,2.35,2
2017-08-09,LKA,7,3,4,-1.143,23
2017-08-09,MAR,2,2,0,-2.0,4
2017-08-09,MDV,1,0,1,-4.0,6
2017-08-09,MUS,4,4,0,2.35,4
2017-08-09,MYS,2,2,0,3.0,3
2017-08-09,NPL,9,9,0,3.422,56
2017-08-09,OMN,10,10,0,3.4,52
2017-08-09,PAK,37,31,6,2.032,146
2017-08-09,QAT,3,3,0,0.4,5
2017-08-09,RUS,3,3,0,4.667,5
2017-08-09,SAS,4,0,4,-10.0,6
2017-08-09,SAU,3,1,2,-1.333,14
2017-08-09,THA,10,9,1,2.54,105
2017-08-09,USA,113,90,23,1.038,724
2017-08-09,VEN,1,1,0,7.0,5
2017-08-09,VNM,3,3,0,2.5,8
2017-08-10,AFG,4,4,0,2.35,4
2017-08-10,AFR,1,1,0,4.0,1
2017-08-10,ARE,17,9,8,-1.882,44
2017-08-10,AUS,1,1,0,0.0,1
2017-08-10,BGD,23,10,13,-2.243,87
2017-08-10,BTN,7,7,0,2.0,28
2017-08-10,CAN,3,3,0,1.7,40
2017-08-10,CHE,2,2,0,2.0,98
2017-08-10,CHN,105,69,36,0.342,562
2017-08-10,CZE,7,4,3,2.286,60
2017-08-10,DEU,6,3,3,1.0,18
2017-08-10,ETH,4,4,0,2.35,10
2017-08-10,EUR,1,1,0,1.0,5
2017-08-10,GBR,43,38,5,2.935,322
2017-08-10,GRC,1,1,0,0.0,1
2017-08-10,IRL,3,2,1,-2.333,6
2017-08-10,IRN,9,5,4,-1.133,33
2017-08-10,IRQ,1,1,0,4.0,10
2017-08-10,ISR,3,0,3,-6.8,8
2017-08-10,JPN,5,2,3,-5.2,17
2017-08-10,KOR,2,2,0,3.0,6
2017-08-10,LKA,23,4,19,-3.696,190
2017-08-10,MCO,1,1,0,3.0,4
2017-08-10,MDV,1,1,0,0.0,3
2017-08-10,MMR,1,0,1,-2.0,2
2017-08-10,MYS,2,2,0,2.35,2
2017-08-10,NPL,15,10,5,-0.287,86
2017-08-10,OMN,10,10,0,2.99,52
2017-08-10,PAK,41,25,16,0.559,728
2017-08-10,PAN,1,0,1,-2.0,4
2017-08-10,PRK,5,4,1,4.18,81
2017-08-10,QAT,3,3,0,0.4,5
2017-08-10,RUS,2,0,2,-4.7,4
2017-08-10,SAS,1,0,1,-5.0,10
2017-08-10,SAU,14,4,10,-2.9,41
2017-08-10,SEA,2,2,0,1.0,12
2017-08-10,SOM,1,1,0,-2.0,10
2017-08-10,SYC,3,3,0,0.0,10
2017-08-10,SYR,1,1,0,0.0,5
2017-08-10,THA,6,3,3,-1.3,42
2017-08-10,TWN,2,1,1,0.5,4
2017-08-10,USA,64,53,11,0.977,430
2017-08-11,AFG,2,0,2,-5.0,4
2017-08-11,AFR,4,4,0,1.0,20
2017-08-11,ARE,4,1,3,-4.25,22
2017-08-11,ASA,4,4,0,7.0,6
2017-08-11,AUS,1,1,0,3.0,2
2017-08-11,AUT,4,4,0,2.35,4
2017-08-11,BGD,10,7,3,1.98,258
2017-08-11,BTN,12,10,2,0.1,92
2017-08-11,CAN,5,5,0,3.1,18
2017-08-11,CHE,12,11,1,4.142,56
2017-08-11,CHN,126,67,59,0.918,777
2017-08-11,DEU,1,1,0,3.0,10
2017-08-11,DNK,3,0,3,-10.0,3
2017-08-11,EUR,7,7,0,7.286,26
2017-08-11,FJI,1,1,0,2.5,12
2017-08-11,GBR,84,71,13,2.757,1377
2017-08-11,IDN,2,2,0,6.4,18
2017-08-11,IRQ,1,1,0,-0.1,2
2017-08-11,ISR,6,5,1,1.467,12
2017-08-11,JOR,1,0,1,-10.0,4
2017-08-11,JPN,17,16,1,2.082,104
2017-08-11,KEN,1,1,0,4.0,1
2017-08-11,KWT,2,0,2,-3.5,5
2017-08-11,LKA,7,5,2,1.343,130
2017-08-11,MDV,1,1,0,5.0,3
2017-08-11,MLI,1,1,0,4.0,5
2017-08-11,MMR,7,7,0,4.214,86
2017-08-11,MYS,6,6,0,4.0,44
2017-08-11,NGA,2,0,2,-5.0,2
2017-08-11,NMR,1,1,0,7.4,1
2017-08-11,NPL,13,10,3,0.908,58
2017-08-11,OMN,7,7,0,3.629,46
2017-08-11,PAK,64,30,34,-1.736,1765
2017-08-11,QAT,1,1,0,0.0,2
2017-08-11,SAS,4,4,0,2.35,4
2017-08-11,SAU,12,2,10,-3.5,37
2017-08-11,SEA,1,0,1,-7.5,24
2017-08-11,SGP,1,1,0,3.4,6
2017-08-11,SOM,1,0,1,-2.0,6
2017-08-11,SWE,1,1,0,0.0,2
2017-08-11,SYC,1,1,0,0.0,20
2017-08-11,THA,1,1,0,4.0,5
2017-08-11,TUR,2,2,0,6.5,10
2017-08-11,UKR,10,10,0,5.6,14
2017-08-11,USA,83,73,10,1.876,674
2017-08-11,ZAF,2,0,2,-10.0,6
2017-08-12,AFG,1,1,0,3.4,4
2017-08-12,AFR,7,4,3,-0.286,68
2017-08-12,ARE,1,1,0,-2.0,4
2017-08-12,BGD,28,23,5,1.261,256
2017-08-12,BTN,2,2,0,2.35,16
2017-08-12,BWA,5,0,5,-4.0,48
2017-08-12,CAN,1,1,0,0.4,5
2017-08-12,CHE,2,2,0,8.0,20
2017-08-12,CHN,62,36,26,1.248,385
2017-08-12,DEU,1,1,0,7.4,8
2017-08-12,EUR,7,7,0,6.886,34
2017-08-12,GBR,28,24,4,2.046,220
2017-08-12,GRC,8,8,0,2.35,8
2017-08-12,IDN,2,2,0,6.4,18
2017-08-12,IRN,4,2,2,-3.5,6
2017-08-12,IRQ,1,1,0,0.0,10
2017-08-12,ISR,2,2,0,3.0,5
2017-08-12,ITA,1,1,0,3.4,4
2017-08-12,JPN,21,7,14,-3.01,120
2017-08-12,KOR,2,2,0,3.0,2
2017-08-12,MYS,2,2,0,6.4,18
2017-08-12,NGA,4,1,3,-2.5,22
2017-08-12,NPL,17,14,3,1.976,116
2017-08-12,PAK,83,45,38,-1.318,806
2017-08-12,PRK,1,1,0,3.0,2
2017-08-12,SAU,7,3,4,-1.143,12
2017-08-12,SEA,8,8,0,5.25,60
2017-08-12,SYR,6,0,6,-7.333,17
2017-08-12,TCD,1,1,0,7.0,18
2017-08-12,THA,8,8,0,7.0,18
2017-08-12,TUR,9,9,0,3.833,28
2017-08-12,TZA,2,2,0,-2.0,3
2017-08-12,USA,123,114,9,2.515,1175
2017-08-12,VNM,1,1,0,5.2,2
2017-08-13,AFR,2,0,2,-2.0,10
2017-08-13,ARE,3,3,0,3.8,20
2017-08-13,BGD,8,8,0,5.25,46
2017-08-13,BTN,1,1,0,0.0,5
2017-08-13,BWA,1,0,1,-4.0,10
2017-08-13,CAN,2,0,2,-6.15,20
2017-08-13,CHN,54,32,22,-0.348,260
2017-08-13,GBR,31,22,9,0.0,382
2017-08-13,IDN,3,2,1,-1.667,10
2017-08-13,IRN,3,2,1,-2.667,9
2017-08-13,IRQ,4,3,1,3.25,34
2017-08-13,ITA,3,3,0,5.0,6
2017-08-13,JPN,6,3,3,0.083,28
2017-08-13,LKA,5,0,5,-5.0,32
2017-08-13,NPL,21,17,4,2.686,146
2017-08-13,OMN,2,2,0,2.35,12
2017-08-13,PAK,93,42,51,-3.085,501
2017-08-13,PNG,1,0,1,-5.0,4
2017-08-13,POL,2,2,0,1.0,2
2017-08-13,PRK,1,0,1,-8.0,6
2017-08-13,QAT,2,2,0,-0.4,6
2017-08-13,SAS,1,0,1,-2.0,6
2017-08-13,SAU,9,3,6,-2.333,14
2017-08-13,SEA,3,3,0,4.0,12
2017-08-13,THA,4,4,0,6.5,9
2017-08-13,TKM,2,2,0,7.0,6
2017-08-13,USA,49,46,3,1.89,243
2017-08-14,AFG,7,7,0,4.271,10
2017-08-14,ARE,1,1,0,-2.0,20
2017-08-14,BGD,14,14,0,4.493,53
2017-08-14,BRA,2,2,0,3.4,6
2017-08-14,BTN,4,4,0,0.7,19
2017-08-14,CAF,2,2,0,3.5,8
2017-08-14,CAN,3,3,0,1.333,9
2017-08-14,CHE,14,10,4,1.257,50
2017-08-14,CHL,1,1,0,4.0,10
2017-08-14,CHN,54,35,19,1.243,240
2017-08-14,DEU,2,2,0,0.0,6
2017-08-14,EUR,3,1,2,-1.333,17
2017-08-14,FIN,1,1,0,7.0,2
2017-08-14,FRA,2,2,0,0.0,6
2017-08-14,GBR,57,37,20,-0.596,285
2017-08-14,GRC,2,2,0,0.5,8
2017-08-14,IDN,2,2,0,6.4,6
2017-08-14,IRN,2,2,0,3.0,2
2017-08-14,IRQ,3,3,0,3.333,10
2017-08-14,ITA,1,1,0,3.0,3
2017-08-14,JPN,16,16,0,2.125,46
2017-08-14,KWT,2,0,2,-5.0,4
2017-08-14,LKA,18,4,14,-2.944,196
2017-08-14,MCO,1,1,0,3.0,8
2017-08-14,MDV,4,4,0,6.4,13
2017-08-14,MMR,1,1,0,3.0,4
2017-08-14,MYS,2,2,0,6.4,6
2017-08-14,NGA,1,0,1,-5.0,4
2017-08-14,NPL,24,18,6,1.0,139
2017-08-14,OMN,4,4,0,2.35,12
2017-08-14,PAK,95,62,33,-0.311,484
2017-08-14,PAN,2,2,0,-2.0,5
2017-08-14,PRK,3,1,2,-0.867,4
2017-08-14,SAS,6,6,0,7.4,12
2017-08-14,SAU,7,4,3,-0.4,35
2017-08-14,SEA,2,2,0,3.0,8
2017-08-14,SWE,3,3,0,2.5,6
2017-08-14,TCD,4,4,0,5.25,16
2017-08-14,TKM,4,4,0,1.0,28
2017-08-14,UKR,2,0,2,-10.0,4
2017-08-14,USA,95,66,29,0.773,371
2017-08-14,VAT,6,6,0,1.567,15
2017-08-15,AFG,5,5,0,4.0,10
2017-08-15,AFR,14,12,2,1.393,34
2017-08-15,ARE,5,5,0,2.26,12
2017-08-15,BGD,16,11,5,-0.856,278
2017-08-15,BLR,3,3,0,6.333,12
2017-08-15,BWA,2,0,2,-4.0,10
2017-08-15,CAN,7,7,0,3.857,18
2017-08-15,CHN,65,52,13,1.917,363
2017-08-15,EUR,1,0,1,-2.0,4
2017-08-15,FRA,1,0,1,-2.0,11
2017-08-15,GBR,74,58,16,-0.561,427
2017-08-15,IDN,4,3,1,0.025,11
2017-08-15,IRN,4,3,1,4.0,10
2017-08-15,ISR,3,0,3,-10.0,6
2017-08-15,ITA,2,1,1,-0.8,20
2017-08-15,JOR,2,1,1,1.0,12
2017-08-15,JPN,16,16,0,2.812,56
2017-08-15,LKA,2,0,2,-10.0,3
2017-08-15,MEA,2,2,0,2.35,8
2017-08-15,MMR,2,2,0,0.4,8
2017-08-15,NPL,9,9,0,1.778,56
2017-08-15,NZL,4,4,0,2.35,12
2017-08-15,PAK,80,60,20,0.76,381
2017-08-15,PRK,4,2,2,-1.225,12
2017-08-15,PSE,1,0,1,-10.0,4
2017-08-15,SAS,2,0,2,-5.0,3
2017-08-15,SAU,5,4,1,2.28,15
2017-08-15,SGP,1,1,0,0.0,1
2017-08-15,SYR,4,0,4,-2.0,12
2017-08-15,THA,1,1,0,0.0,1
2017-08-15,TKM,4,4,0,1.9,108
2017-08-15,TTO,2,0,2,-10.0,4
2017-08-15,TZA,1,1,0,3.4,10
2017-08-15,USA,80,67,13,1.223,313
2017-08-15,YEM,1,1,0,3.4,10
2017-08-16,AFG,9,9,0,1.989,30
2017-08-16,AFR,6,6,0,1.567,12
2017-08-16,ARE,6,6,0,1.833,32
2017-08-16,AUS,10,9,1,2.86,20
2017-08-16,BGD,13,13,0,3.538,47
2017-08-16,BLR,3,3,0,6.333,12
2017-08-16,BRA,2,2,0,8.3,6
2017-08-16,BTN,6,1,5,-2.967,12
2017-08-16,BWA,1,0,1,-4.0,2
2017-08-16,CAN,4,4,0,4.4,11
2017-08-16,CHE,2,2,0,2.35,8
2017-08-16,CHN,118,84,34,1.685,1093
2017-08-16,DEU,1,1,0,0.0,5
2017-08-16,DNK,3,3,0,1.567,12
2017-08-16,EUR,4,4,0,1.75,24
2017-08-16,FRA,16,12,4,0.1,35
2017-08-16,GBR,35,20,15,-0.883,92
2017-08-16,GRC,11,2,9,-7.564,33
2017-08-16,IRQ,1,1,0,7.4,10
2017-08-16,ISR,6,5,1,1.733,32
2017-08-16,ITA,2,0,2,-6.5,2
2017-08-16,JPN,8,7,1,1.575,29
2017-08-16,KHM,2,0,2,-4.4,14
2017-08-16,LKA,2,2,0,2.5,60
2017-08-16,MEX,1,1,0,3.5,3
2017-08-16,MMR,6,5,1,0.733,20
2017-08-16,NAM,3,0,3,-5.0,6
2017-08-16,NGA,7,0,7,-5.571,17
2017-08-16,NPL,5,4,1,0.8,52
2017-08-16,OMN,9,9,0,3.7,56
2017-08-16,PAK,97,66,31,-1.561,1037
2017-08-16,PRK,3,3,0,7.0,10
2017-08-16,QAT,2,2,0,7.0,2
2017-08-16,RUS,2,2,0,4.0,25
2017-08-16,SAS,1,1,0,7.4,2
2017-08-16,SAU,5,5,0,6.28,22
2017-08-16,SGP,2,2,0,4.0,6
2017-08-16,SWE,5,5,0,5.2,16
2017-08-16,SYR,1,1,0,6.0,2
2017-08-16,THA,2,2,0,1.0,10
2017-08-16,TKM,5,5,0,4.3,42
2017-08-16,UKR,1,1,0,-2.0,2
2017-08-16,USA,119,110,9,2.223,475
2017-08-16,VNM,3,3,0,3.4,6
2017-08-17,AFG,5,1,4,-1.6,184
2017-08-17,AFR,2,2,0,0.4,8
2017-08-17,ARE,11,10,1,2.309,42
2017-08-17,AUS,6,6,0,2.333,12
2017-08-17,AUT,1,1,0,3.4,4
2017-08-17,BGD,9,2,7,-2.711,75
2017-08-17,BRA,2,2,0,2.35,4
2017-08-17,BTN,3,3,0,0.0,6
2017-08-17,CAN,4,3,1,-1.575,16
2017-08-17,CHE,4,4,0,2.125,16
2017-08-17,CHN,78,53,25,1.012,365
2017-08-17,DEU,5,5,0,1.0,8
2017-08-17,EGY,4,4,0,2.35,12
2017-08-17,ESP,3,0,3,-10.0,32
2017-08-17,EUR,2,1,1,2.5,8
2017-08-17,FRA,13,13,0,2.5,54
2017-08-17,GBR,16,10,6,-1.163,88
2017-08-17,GHA,1,0,1,-5.0,4
2017-08-17,GRC,3,2,1,-3.333,7
2017-08-17,IRL,1,1,0,4.0,4
2017-08-17,ISR,2,2,0,2.35,2
2017-08-17,ITA,2,2,0,2.35,2
2017-08-17,JPN,13,13,0,2.769,29
2017-08-17,KEN,4,4,0,2.35,108
2017-08-17,KGZ,2,2,0,4.0,12
2017-08-17,KHM,1,0,1,-4.4,6
2017-08-17,KOR,3,2,1,1.333,26
2017-08-17,LKA,16,13,3,2.081,34
2017-08-17,MDG,3,3,0,6.4,8
2017-08-17,MMR,9,9,0,3.633,32
2017-08-17,MWI,6,4,2,0.0,33
2017-08-17,MYS,2,1,1,0.7,2
2017-08-17,NGA,5,1,4,-0.8,19
2017-08-17,NPL,4,4,0,3.175,36
2017-08-17,OMN,28,28,0,4.525,294
2017-08-17,PAK,77,51,26,-0.558,304
2017-08-17,QAT,2,0,2,-5.0,6
2017-08-17,RUS,1,1,0,-2.0,5
2017-08-17,SAS,2,1,1,-5.0,12
2017-08-17,SAU,6,5,1,1.75,84
2017-08-17,SEA,1,0,1,-10.0,5
2017-08-17,SGP,4,4,0,4.0,8
2017-08-17,SWE,9,9,0,3.5,20
2017-08-17,SYR,4,4,0,4.0,9
2017-08-17,THA,1,1,0,4.0,3
2017-08-17,TTO,1,1,0,0.0,2
2017-08-17,TUR,1,0,1,-5.0,2
2017-08-17,TWN,1,0,1,-9.5,5
2017-08-17,TZA,4,2,2,0.7,14
2017-08-17,USA,82,72,10,1.678,345
2017-08-17,ZWE,4,4,0,2.35,32
2017-08-18,AFG,8,4,4,0.175,22
2017-08-18,ARE,7,7,0,0.486,24
2017-08-18,ASA,1,1,0,7.4,10
2017-08-18,AUS,5,4,1,0.5,14
2017-08-18,BEL,1,1,0,0.0,4
2017-08-18,BGD,15,8,7,-1.667,61
2017-08-18,BTN,3,2,1,-0.933,11
2017-08-18,CAN,3,2,1,-0.1,22
2017-08-18,CHN,88,63,25,0.936,455
2017-08-18,DEU,21,15,6,0.19,155
2017-08-18,DNK,3,3,0,6.0,24
2017-08-18,ECU,2,2,0,2.35,20
2017-08-18,ESP,11,1,10,-5.727,72
2017-08-18,EUR,11,11,0,6.455,192
2017-08-18,FRA,5,4,1,1.52,29
2017-08-18,GBR,9,9,0,2.389,32
2017-08-18,ISR,13,10,3,2.238,53
2017-08-18,JOR,1,1,0,5.0,20
2017-08-18,JPN,33,26,7,1.218,162
2017-08-18,LKA,4,2,2,-2.65,8
2017-08-18,MMR,3,2,1,-2.6,80
2017-08-18,MUS,3,3,0,-0.2,7
2017-08-18,NGA,4,0,4,-6.25,13
2017-08-18,NOR,3,3,0,2.667,3
2017-08-18,NPL,31,19,12,0.116,118
2017-08-18,OMN,8,8,0,3.288,91
2017-08-18,PAK,52,37,15,-0.6,176
2017-08-18,PRK,1,0,1,-4.4,10
2017-08-18,PRT,3,3,0,4.667,13
2017-08-18,RUS,7,7,0,3.057,24
2017-08-18,SAS,2,2,0,1.0,6
2017-08-18,SEA,5,5,0,2.98,26
2017-08-18,SGP,1,1,0,5.2,4
2017-08-18,SWE,1,1,0,4.0,3
2017-08-18,SYR,6,6,0,1.133,11
2017-08-18,TZA,4,4,0,0.2,4
2017-08-18,USA,196,170,26,2.021,1308
2017-08-18,VEN,1,1,0,7.0,5
2017-08-18,VNM,8,6,2,4.25,54
2017-08-18,ZWE,3,0,3,-4.333,12
2017-08-19,ARE,1,1,0,-2.0,8
2017-08-19,ASA,1,1,0,7.4,6
2017-08-19,AUS,3,3,0,2.567,26
2017-08-19,BGD,19,14,5,1.463,66
2017-08-19,BTN,2,0,2,-4.4,2
2017-08-19,CAN,2,0,2,-7.2,6
2017-08-19,CHN,45,34,11,1.5,177
2017-08-19,DEU,6,5,1,-0.333,34
2017-08-19,DNK,1,1,0,6.0,3
2017-08-19,ESP,11,0,11,-4.182,66
2017-08-19,FIN,2,0,2,-7.5,4
2017-08-19,FRA,1,0,1,-2.0,4
2017-08-19,GBR,7,0,7,-7.714,14
2017-08-19,HRV,5,2,3,-4.4,22
2017-08-19,IDN,3,3,0,2.0,30
2017-08-19,IRQ,2,0,2,-10.0,5
2017-08-19,ISR,6,2,4,0.333,12
2017-08-19,JOR,1,1,0,5.0,5
2017-08-19,JPN,4,1,3,-2.25,16
2017-08-19,LKA,10,10,0,1.51,24
2017-08-19,MDV,2,0,2,-3.5,15
2017-08-19,MMR,6,5,1,1.6,24
2017-08-19,NGA,3,0,3,-8.333,12
2017-08-19,NPL,23,21,2,3.643,91
2017-08-19,OMN,1,1,0,7.4,10
2017-08-19,PAK,28,15,13,-2.064,188
2017-08-19,PHL,1,1,0,0.0,1
2017-08-19,POL,1,0,1,-4.0,10
2017-08-19,RUS,7,7,0,1.714,36
2017-08-19,SAU,5,4,1,2.68,33
2017-08-19,SYR,8,8,0,3.162,28
2017-08-19,TUR,1,1,0,0.0,2
2017-08-19,TWN,1,0,1,-9.5,10
2017-08-19,USA,146,123,23,1.102,848
2017-08-19,VNM,4,4,0,6.4,14
2017-08-19,ZAF,1,1,0,3.2,10
2017-08-20,AFG,2,2,0,3.0,12
2017-08-20,AFR,4,4,0,1.0,20
2017-08-20,ARE,5,5,0,-0.26,14
2017-08-20,BGD,14,4,10,-2.143,59
2017-08-20,BTN,8,6,2,3.0,14
2017-08-20,CAN,1,0,1,-7.0,4
2017-08-20,CHN,32,24,8,1.478,203
2017-08-20,DEU,9,9,0,6.667,46
2017-08-20,ECU,2,2,0,2.35,8
2017-08-20,FRA,2,2,0,7.0,5
2017-08-20,GBR,15,10,5,0.347,26
2017-08-20,ISR,2,2,0,-2.0,46
2017-08-20,ITA,1,1,0,0.0,3
2017-08-20,JOR,2,2,0,2.35,20
2017-08-20,JPN,9,9,0,7.556,12
2017-08-20,KGZ,5,4,1,0.26,28
2017-08-20,KWT,1,0,1,-5.0,5
2017-08-20,LKA,15,14,1,1.3,66
2017-08-20,MMR,2,2,0,7.0,5
2017-08-20,MYS,2,2,0,7.0,6
2017-08-20,NGA,5,0,5,-7.4,18
2017-08-20,NOR,2,2,0,2.35,2
2017-08-20,NPL,26,16,10,-0.431,85
2017-08-20,OMN,4,4,0,5.2,20
2017-08-20,PAK,24,18,6,0.638,83
2017-08-20,RUS,11,9,2,1.691,34
2017-08-20,SAS,4,4,0,8.5,16
2017-08-20,SAU,2,2,0,6.0,4
2017-08-20,SYR,4,4,0,0.2,6
2017-08-20,TON,1,0,1,-5.0,10
2017-08-20,TWN,1,1,0,4.0,2
2017-08-20,USA,126,108,18,1.033,1202
2017-08-21,AFG,4,1,3,-3.95,15
2017-08-21,ARE,3,3,0,1.133,26
2017-08-21,AUS,4,4,0,3.0,52
2017-08-21,BEL,2,2,0,0.2,4
2017-08-21,BGD,32,23,9,0.803,73
2017-08-21,BRA,1,1,0,0.0,6
2017-08-21,BTN,4,2,2,1.0,14
2017-08-21,CAN,2,2,0,1.9,7
2017-08-21,CHN,75,43,32,-0.831,1005
2017-08-21,CUB,2,0,2,-10.0,16
2017-08-21,DEU,4,4,0,3.925,24
2017-08-21,ECU,1,1,0,0.0,32
2017-08-21,ESP,1,0,1,-5.0,4
2017-08-21,FIN,1,0,1,-2.0,10
2017-08-21,GBR,18,15,3,2.028,80
2017-08-21,GHA,3,2,1,0.9,15
2017-08-21,GRC,1,1,0,3.4,4
2017-08-21,IRN,3,0,3,-10.0,4
2017-08-21,IRQ,2,1,1,-0.8,11
2017-08-21,ISR,13,11,2,1.215,60
2017-08-21,JPN,16,10,6,1.837,52
2017-08-21,KOR,2,2,0,7.0,6
2017-08-21,LKA,1,0,1,-5.0,6
2017-08-21,MDV,3,2,1,0.9,28
2017-08-21,MEA,1,0,1,-9.5,3
2017-08-21,MMR,2,2,0,0.0,20
2017-08-21,NGA,3,0,3,-9.833,16
2017-08-21,NLD,12,12,0,3.45,42
2017-08-21,NMR,1,1,0,4.0,3
2017-08-21,NPL,35,30,5,1.803,125
2017-08-21,PAK,24,14,10,-0.775,63
2017-08-21,RUS,9,9,0,3.667,37
2017-08-21,SAS,14,14,0,6.857,70
2017-08-21,SWE,3,3,0,6.0,10
2017-08-21,SYR,1,0,1,-10.0,12
2017-08-21,THA,2,2,0,4.0,6
2017-08-21,TWN,3,3,0,0.0,6
2017-08-21,USA,216,187,29,1.917,2566
2017-08-21,ZAF,2,2,0,4.0,12
2017-08-22,AFG,38,35,3,2.937,149
2017-08-22,ARE,5,2,3,-4.1,35
2017-08-22,BGD,19,15,4,2.353,55
2017-08-22,BRA,2,2,0,4.0,8
2017-08-22,BTN,1,1,0,0.0,10
2017-08-22,CHN,60,39,21,0.172,593
2017-08-22,ESP,2,0,2,-2.0,5
2017-08-22,EUR,3,3,0,4.133,8
2017-08-22,FRA,4,4,0,2.35,12
2017-08-22,GBR,15,10,5,-1.32,43
2017-08-22,GRC,1,0,1,-10.0,5
2017-08-22,IRQ,2,1,1,0.7,35
2017-08-22,ISR,3,2,1,1.333,14
2017-08-22,ITA,2,0,2,-6.5,7
2017-08-22,JPN,18,17,1,2.889,40
2017-08-22,KGZ,11,7,4,0.3,79
2017-08-22,LKA,5,5,0,1.5,12
2017-08-22,MDV,1,0,1,-2.0,4
2017-08-22,MMR,4,4,0,2.35,8
2017-08-22,NMR,4,4,0,3.4,16
2017-08-22,NPL,28,24,4,2.968,126
2017-08-22,PAK,48,31,17,-0.117,173
2017-08-22,POL,3,3,0,2.2,4
2017-08-22,RUS,1,1,0,7.4,1
2017-08-22,SAS,3,3,0,4.0,6
2017-08-22,SAU,1,0,1,-2.0,1
2017-08-22,SEA,2,2,0,4.0,10
2017-08-22,SGP,6,6,0,3.7,34
2017-08-22,SYR,3,0,3,-10.0,30
2017-08-22,UKR,1,1,0,0.0,4
2017-08-22,USA,167,145,22,1.557,1273
2017-08-22,UZB,9,9,0,2.0,58
2017-08-22,VNM,4,4,0,4.0,27
2017-08-22,WSM,2,2,0,1.0,20
2017-08-23,AFG,10,10,0,2.64,30
2017-08-23,AFR,4,4,0,1.0,40
2017-08-23,ARE,23,16,7,1.248,138
2017-08-23,ASA,1,1,0,7.4,6
2017-08-23,AUS,4,4,0,2.35,6
2017-08-23,AUT,6,6,0,6.0,8
2017-08-23,BGD,4,2,2,-4.8,8
2017-08-23,BRN,2,2,0,3.4,2
2017-08-23,BTN,10,8,2,0.52,74
2017-08-23,CAF,2,0,2,-5.7,2
2017-08-23,CAN,40,26,14,0.885,129
2017-08-23,CAS,8,8,0,3.925,12
2017-08-23,CHN,88,79,9,1.609,395
2017-08-23,DEU,2,2,0,1.0,2
2017-08-23,ESP,4,4,0,6.0,8
2017-08-23,FIN,1,0,1,-2.0,10
2017-08-23,FRA,1,1,0,7.0,1
2017-08-23,GBR,18,15,3,2.917,78
2017-08-23,GHA,2,2,0,2.35,20
2017-08-23,HKG,1,0,1,-2.0,10
2017-08-23,IDN,1,1,0,1.0,2
2017-08-23,IRL,2,2,0,1.0,4
2017-08-23,IRN,10,10,0,2.05,14
2017-08-23,IRQ,1,1,0,3.4,18
2017-08-23,ISR,4,3,1,-0.9,26
2017-08-23,ITA,5,5,0,1.16,15
2017-08-23,JPN,6,4,2,0.617,16
2017-08-23,KGZ,5,3,2,-0.26,27
2017-08-23,MDV,1,0,1,-2.0,6
2017-08-23,MMR,1,1,0,0.0,2
2017-08-23,MUS,5,5,0,2.26,24
2017-08-23,NLD,4,4,0,2.0,12
2017-08-23,NMR,3,3,0,6.8,6
2017-08-23,NPL,80,77,3,2.773,391
2017-08-23,PAK,43,25,18,0.135,113
2017-08-23,PRK,2,0,2,-10.0,6
2017-08-23,QAT,2,2,0,2.35,8
2017-08-23,SAS,7,7,0,4.286,17
2017-08-23,SGP,10,9,1,2.81,47
2017-08-23,SYR,3,1,2,-1.667,3
2017-08-23,THA,6,6,0,1.0,14
2017-08-23,USA,58,51,7,1.914,257
2017-08-23,UZB,4,4,0,2.35,8
2017-08-23,VAT,2,0,2,-2.0,4
2017-08-23,VNM,2,2,0,8.0,6
2017-08-23,ZAF,4,4,0,0.0,12
2017-08-24,AFG,14,12,2,1.986,38
2017-08-24,AFR,1,1,0,6.4,10
2017-08-24,ARE,3,3,0,-1.333,6
2017-08-24,AUS,1,1,0,7.0,1
2017-08-24,AUT,6,6,0,6.0,8
2017-08-24,BGD,5,3,2,-1.44,12
2017-08-24,BRN,2,2,0,3.4,6
2017-08-24,BTN,1,1,0,10.0,2
2017-08-24,CAN,6,6,0,5.133,33
2017-08-24,CAS,1,1,0,4.0,6
2017-08-24,CHN,76,51,25,1.309,606
2017-08-24,DEU,11,11,0,7.0,160
2017-08-24,DNK,1,0,1,-2.0,4
2017-08-24,EGY,5,0,5,-3.44,8
2017-08-24,ESP,6,6,0,3.333,12
2017-08-24,FRA,3,2,1,1.0,17
2017-08-24,GBR,13,11,2,2.708,47
2017-08-24,GRC,3,1,2,-6.667,7
2017-08-24,IDN,3,3,0,1.8,12
2017-08-24,IRQ,6,5,1,0.9,18
2017-08-24,ISR,15,9,6,1.0,53
2017-08-24,JPN,1,1,0,7.4,6
2017-08-24,KGZ,7,7,0,3.857,37
2017-08-24,KOR,1,0,1,-5.0,6
2017-08-24,LKA,2,2,0,2.35,2
2017-08-24,MCO,1,1,0,7.0,1
2017-08-24,MDV,4,3,1,2.05,21
2017-08-24,MEX,1,0,1,-10.0,2
2017-08-24,MMR,9,1,8,-8.889,28
2017-08-24,MYS,3,1,2,-2.0,10
2017-08-24,NPL,140,125,15,3.301,1709
2017-08-24,PAK,31,24,7,0.335,98
2017-08-24,PHL,1,1,0,4.0,1
2017-08-24,POL,1,0,1,-4.4,6
2017-08-24,RUS,7,6,1,-0.357,26
2017-08-24,SAS,8,8,0,5.587,24
2017-08-24,SEA,8,7,1,0.0,45
2017-08-24,SRB,1,1,0,-2.0,4
2017-08-24,SYR,1,0,1,-10.0,10
2017-08-24,TTO,2,2,0,2.35,12
2017-08-24,TWN,2,2,0,2.35,6
2017-08-24,USA,65,61,4,1.752,591
2017-08-24,VNM,2,2,0,8.0,18
2017-08-25,AFG,12,10,2,0.0,32
2017-08-25,AFR,5,5,0,2.26,34
2017-08-25,ARE,4,4,0,2.0,24
2017-08-25,AUS,6,6,0,1.433,14
2017-08-25,BGD,9,3,6,-3.8,13
2017-08-25,BMU,3,0,3,-2.0,24
2017-08-25,BRN,2,2,0,3.4,2
2017-08-25,BTN,2,2,0,5.2,2
2017-08-25,CHN,60,27,33,-0.823,439
2017-08-25,CYM,2,2,0,2.35,4
2017-08-25,DEU,14,12,2,4.55,124
2017-08-25,DNK,1,1,0,3.4,6
2017-08-25,ESP,3,2,1,3.6,18
2017-08-25,EUR,16,14,2,0.944,85
2017-08-25,FRA,8,8,0,0.175,23
2017-08-25,GBR,17,13,4,-0.918,62
2017-08-25,GHA,2,2,0,2.35,20
2017-08-25,IDN,2,2,0,5.5,10
2017-08-25,ISR,27,24,3,2.97,108
2017-08-25,JPN,5,5,0,3.5,31
2017-08-25,KGZ,10,8,2,0.74,32
2017-08-25,KOR,2,2,0,4.8,11
2017-08-25,MDV,1,1,0,3.0,3
2017-08-25,MLI,1,1,0,7.4,3
2017-08-25,MMR,3,2,1,-2.667,12
2017-08-25,MUS,1,0,1,-4.0,8
2017-08-25,NOR,13,13,0,2.915,48
2017-08-25,NPL,34,29,5,2.106,161
2017-08-25,PAK,32,19,13,-0.928,180
2017-08-25,PHL,2,2,0,4.0,6
2017-08-25,QAT,3,3,0,2.9,3
2017-08-25,RUS,4,3,1,0.8,68
2017-08-25,SAS,2,2,0,2.35,12
2017-08-25,SAU,3,1,2,-0.867,31
2017-08-25,SGP,10,10,0,0.62,48
2017-08-25,SSD,1,1,0,0.0,6
2017-08-25,SYR,4,2,2,-3.825,30
2017-08-25,USA,62,47,15,0.092,279
2017-08-25,VNM,8,7,1,2.925,28
2017-08-26,AFG,4,2,2,-0.05,13
2017-08-26,AFR,1,1,0,4.0,2
2017-08-26,ARE,9,9,0,2.044,27
2017-08-26,ASA,1,1,0,7.4,10
2017-08-26,AUS,3,3,0,2.5,12
2017-08-26,BEL,2,0,2,-7.0,20
2017-08-26,BTN,6,0,6,-7.833,37
2017-08-26,CAN,3,2,1,-1.9,6
2017-08-26,CHN,40,29,11,2.095,176
2017-08-26,DEU,4,3,1,1.175,16
2017-08-26,EUR,8,7,1,0.125,68
2017-08-26,FRA,3,3,0,-2.0,5
2017-08-26,GBR,12,8,4,1.075,33
2017-08-26,GRC,1,1,0,3.4,4
2017-08-26,IDN,2,2,0,0.0,2
2017-08-26,IRN,1,0,1,-2.0,5
2017-08-26,ISR,9,9,0,3.678,32
2017-08-26,ITA,8,0,8,-5.0,30
2017-08-26,JPN,4,3,1,2.525,16
2017-08-26,KGZ,4,4,0,2.35,12
2017-08-26,LKA,3,3,0,7.0,4
2017-08-26,MDV,1,1,0,6.0,2
2017-08-26,MMR,2,2,0,2.35,10
2017-08-26,NLD,3,2,1,3.6,12
2017-08-26,NOR,1,1,0,7.0,6
2017-08-26,NPL,29,25,4,1.807,185
2017-08-26,PAK,52,30,22,-1.321,210
2017-08-26,PRK,2,0,2,-10.0,12
2017-08-26,PSE,1,1,0,0.0,2
2017-08-26,QAT,22,22,0,1.668,134
2017-08-26,RUS,2,2,0,5.2,12
2017-08-26,SAS,8,8,0,2.35,30
2017-08-26,SAU,9,9,0,2.811,29
2017-08-26,SGP,1,1,0,7.4,18
2017-08-26,SYR,3,0,3,-10.0,6
2017-08-26,THA,2,2,0,2.35,12
2017-08-26,USA,100,89,11,1.919,490
2017-08-26,UZB,4,4,0,0.0,13
2017-08-27,AFG,4,0,4,-4.4,9
2017-08-27,AFR,2,2,0,1.0,2
2017-08-27,BGD,17,15,2,1.435,62
2017-08-27,BTN,6,3,3,-2.5,15
2017-08-27,CAN,1,0,1,-6.5,1
2017-08-27,CHN,44,32,12,1.327,130
2017-08-27,CZE,2,2,0,1.0,2
2017-08-27,DEU,3,2,1,-1.067,6
2017-08-27,ESP,4,0,4,-2.0,12
2017-08-27,EUR,6,6,0,2.9,10
2017-08-27,GBR,11,6,5,-2.5,48
2017-08-27,GHA,2,0,2,-10.0,4
2017-08-27,IDN,2,2,0,1.0,2
2017-08-27,IRN,10,10,0,2.05,14
2017-08-27,ITA,4,0,4,-10.0,30
2017-08-27,JPN,2,2,0,0.0,3
2017-08-27,LKA,12,8,4,0.483,37
2017-08-27,MDV,2,2,0,7.0,20
2017-08-27,NPL,16,11,5,0.9,91
2017-08-27,PAK,41,25,16,-0.022,311
2017-08-27,QAT,9,8,1,0.222,29
2017-08-27,SAU,2,2,0,2.35,12
2017-08-27,SEA,1,1,0,3.0,20
2017-08-27,SGP,2,2,0,2.35,12
2017-08-27,SYR,4,0,4,-10.0,6
2017-08-27,THA,3,3,0,3.0,5
2017-08-27,USA,60,51,9,1.752,325
2017-08-27,UZB,2,2,0,0.0,5
2017-08-28,AFG,4,2,2,-0.8,5
2017-08-28,AFR,4,4,0,1.0,20
2017-08-28,ARE,3,3,0,-2.0,16
2017-08-28,AUS,2,2,0,3.0,2
2017-08-28,BEL,3,3,0,2.7,5
2017-08-28,BGD,13,11,2,1.154,37
2017-08-28,BRA,1,1,0,7.4,6
2017-08-28,BTN,15,10,5,-0.72,49
2017-08-28,CHE,7,7,0,4.0,48
2017-08-28,CHN,200,140,60,1.235,2059
2017-08-28,DZA,5,5,0,1.0,62
2017-08-28,EAF,1,1,0,4.0,6
2017-08-28,ESP,2,0,2,-7.0,10
2017-08-28,EUR,4,4,0,2.35,4
2017-08-28,FRA,9,5,4,1.111,30
2017-08-28,GBR,9,1,8,-8.111,34
2017-08-28,GRC,2,2,0,2.35,8
2017-08-28,ISR,10,8,2,3.55,35
2017-08-28,ITA,4,0,4,-7.75,36
2017-08-28,JPN,24,22,2,2.287,103
2017-08-28,LKA,10,10,0,4.21,24
2017-08-28,MDV,5,0,5,-5.0,19
2017-08-28,MMR,4,1,3,-6.25,20
2017-08-28,NGA,2,0,2,-5.0,6
2017-08-28,NPL,3,0,3,-4.667,14
2017-08-28,PAK,67,55,12,-0.019,204
2017-08-28,PRK,2,0,2,-2.0,2
2017-08-28,QAT,3,3,0,1.0,14
2017-08-28,SAS,2,2,0,4.7,15
2017-08-28,SEA,3,0,3,-5.0,12
2017-08-28,SYR,1,1,0,3.0,6
2017-08-28,THA,1,1,0,0.0,4
2017-08-28,TUR,3,2,1,3.667,6
2017-08-28,USA,71,63,8,2.341,262
2017-08-28,UZB,2,2,0,0.0,3
2017-08-28,ZAF,2,1,1,-1.0,18
2017-08-29,AFG,3,0,3,-6.0,5
2017-08-29,AFR,1,1,0,5.2,8
2017-08-29,ARE,6,3,3,-4.25,30
2017-08-29,AUS,5,4,1,0.62,25
2017-08-29,BGD,5,5,0,2.4,15
2017-08-29,BRA,4,4,0,5.5,14
2017-08-29,BTN,27,22,5,1.759,168
2017-08-29,CHE,3,3,0,4.0,6
2017-08-29,CHN,165,127,38,0.907,1027
2017-08-29,DNK,5,5,0,2.26,6
2017-08-29,ESP,1,0,1,-10.0,8
2017-08-29,EUR,2,2,0,2.35,10
2017-08-29,FJI,1,1,0,3.4,4
2017-08-29,FRA,1,1,0,1.0,10
2017-08-29,GBR,10,7,3,0.56,67
2017-08-29,IRN,4,4,0,4.675,18
2017-08-29,IRQ,6,6,0,2.867,39
2017-08-29,ISR,11,10,1,5.182,38
2017-08-29,ITA,3,2,1,2.5,12
2017-08-29,JPN,7,4,3,-2.943,38
2017-08-29,KOR,1,0,1,-5.0,10
2017-08-29,LBN,1,1,0,3.0,2
2017-08-29,LKA,3,3,0,2.133,28
2017-08-29,MDV,2,2,0,2.35,12
2017-08-29,MYS,1,1,0,6.4,6
2017-08-29,NLD,4,4,0,5.0,6
2017-08-29,NMR,5,4,1,-1.0,12
2017-08-29,NOR,1,1,0,3.4,1
2017-08-29,NPL,26,21,5,0.758,106
2017-08-29,PAK,24,15,9,-0.296,86
2017-08-29,PRK,2,0,2,-10.0,26
2017-08-29,PRT,2,0,2,-10.0,4
2017-08-29,QAT,6,6,0,2.5,24
2017-08-29,RUS,10,10,0,5.38,26
2017-08-29,SEA,2,0,2,-7.0,10
2017-08-29,SGP,6,6,0,2.35,12
2017-08-29,SWE,1,1,0,0.0,12
2017-08-29,TUR,1,1,0,4.0,2
2017-08-29,TZA,9,9,0,3.889,32
2017-08-29,USA,97,83,14,2.006,411
2017-08-29,ZAF,6,4,2,-1.433,16
2017-08-30,AFG,10,8,2,-0.32,20
2017-08-30,ARE,7,6,1,-1.857,34
2017-08-30,AUS,24,5,19,-4.817,94
2017-08-30,BEL,2,0,2,-5.0,18
2017-08-30,BGD,11,7,4,-0.418,38
2017-08-30,BTN,7,5,2,1.943,20
2017-08-30,CAN,9,9,0,1.389,19
2017-08-30,CHE,4,1,3,-1.4,6
2017-08-30,CHN,148,113,35,0.428,1457
2017-08-30,DEU,3,3,0,8.0,12
2017-08-30,EUR,6,6,0,3.2,46
2017-08-30,FRA,7,7,0,4.429,18
2017-08-30,GBR,14,8,6,-0.2,42
2017-08-30,HTI,3,3,0,2.7,20
2017-08-30,IDN,1,1,0,3.4,10
2017-08-30,IRQ,4,2,2,-1.0,7
2017-08-30,ISR,6,4,2,1.667,7
2017-08-30,ITA,3,3,0,5.667,9
2017-08-30,JOR,3,3,0,2.667,13
2017-08-30,JPN,9,5,4,-1.478,23
2017-08-30,KOR,1,1,0,3.0,10
2017-08-30,LKA,10,6,4,-0.02,52
2017-08-30,MDV,3,3,0,2.2,10
2017-08-30,MMR,4,0,4,-5.5,24
2017-08-30,MYS,8,8,0,5.25,12
2017-08-30,NGA,8,0,8,-6.5,26
2017-08-30,NLD,4,4,0,2.35,8
2017-08-30,NPL,45,40,5,0.698,167
2017-08-30,NZL,2,2,0,8.0,12
2017-08-30,OMN,4,4,0,1.0,12
2017-08-30,PAK,29,10,19,-1.693,93
2017-08-30,PER,2,2,0,0.0,2
2017-08-30,PHL,2,2,0,2.35,4
2017-08-30,POL,1,1,0,7.0,4
2017-08-30,QAT,5,5,0,2.66,16
2017-08-30,RUS,1,0,1,-2.0,1
2017-08-30,SAS,3,1,2,-5.667,39
2017-08-30,SAU,2,0,2,-2.0,3
2017-08-30,SGP,4,4,0,1.675,24
2017-08-30,SOM,2,2,0,2.35,10
2017-08-30,SWE,1,1,0,0.0,6
2017-08-30,SYR,4,4,0,2.675,6
2017-08-30,TUR,1,1,0,1.9,12
2017-08-30,USA,70,59,11,1.35,314
2017-08-31,AFG,2,2,0,2.35,8
2017-08-31,AFR,3,3,0,2.5,6
2017-08-31,ARE,6,6,0,1.667,40
2017-08-31,AUS,12,10,2,4.458,58
2017-08-31,BGD,7,4,3,-0.971,189
2017-08-31,BRA,4,4,0,7.0,6
2017-08-31,BTN,9,9,0,6.022,51
2017-08-31,CAN,3,3,0,4.333,5
2017-08-31,CHE,64,61,3,3.047,166
2017-08-31,CHN,111,90,21,1.177,496
2017-08-31,CYP,3,3,0,2.733,14
2017-08-31,DEU,3,3,0,0.0,6
2017-08-31,EUR,3,3,0,2.133,12
2017-08-31,FRA,5,5,0,2.92,20
2017-08-31,IDN,1,0,1,-10.0,1
2017-08-31,IRL,5,5,0,1.72,24
2017-08-31,ISR,13,12,1,2.4,24
2017-08-31,JOR,5,5,0,2.44,10
2017-08-31,JPN,10,7,3,2.37,142
2017-08-31,LKA,36,16,20,-1.197,223
2017-08-31,MDV,2,2,0,1.0,2
2017-08-31,MMR,1,0,1,-2.0,6
2017-08-31,MYS,1,1,0,1.0,6
2017-08-31,NPL,24,18,6,1.525,120
2017-08-31,NZL,4,4,0,8.0,12
2017-08-31,PAK,62,20,42,-2.437,233
2017-08-31,PER,1,0,1,-6.5,5
2017-08-31,PRK,1,0,1,-7.2,1
2017-08-31,QAT,2,2,0,2.35,8
2017-08-31,RUS,10,10,0,4.6,32
2017-08-31,SAS,2,2,0,1.0,6
2017-08-31,SAU,2,2,0,0.2,14
2017-08-31,SGP,3,3,0,2.0,16
2017-08-31,THA,3,3,0,0.667,11
2017-08-31,USA,65,58,7,1.594,1262
2017-08-31,VNM,1,1,0,0.0,6
2017-09-01,AFG,4,4,0,-0.2,6
2017-09-01,ARE,6,6,0,0.95,50
2017-09-01,AUS,7,7,0,3.243,32
2017-09-01,BGD,36,33,3,2.85,72
2017-09-01,BTN,4,4,0,1.05,13
2017-09-01,CAN,1,1,0,-0.4,8
2017-09-01,CHE,26,26,0,4.388,176
2017-09-01,CHL,7,7,0,3.357,16
2017-09-01,CHN,81,66,15,1.427,358
2017-09-01,DEU,14,13,1,2.293,52
2017-09-01,EUR,1,1,0,6.4,4
2017-09-01,FRA,5,4,1,1.3,14
2017-09-01,GBR,8,8,0,3.438,22
2017-09-01,IRN,4,4,0,1.0,12
2017-09-01,IRQ,1,0,1,-2.0,16
2017-09-01,ISR,4,3,1,1.25,56
2017-09-01,JOR,3,3,0,4.667,23
2017-09-01,JPN,11,7,4,0.882,21
2017-09-01,KOR,3,3,0,3.6,12
2017-09-01,LKA,14,11,3,1.371,46
2017-09-01,MDV,1,0,1,-4.0,3
2017-09-01,MMR,20,20,0,0.755,400
2017-09-01,MYS,4,4,0,0.25,12
2017-09-01,NOR,1,1,0,0.0,4
2017-09-01,NPL,38,31,7,1.058,251
2017-09-01,NZL,4,4,0,8.0,24
2017-09-01,PAK,32,9,23,-3.853,135
2017-09-01,QAT,2,1,1,0.0,6
2017-09-01,RUS,1,0,1,-2.0,2
2017-09-01,SAS,2,0,2,-5.0,2
2017-09-01,SAU,5,5,0,2.56,44
2017-09-01,SGP,2,2,0,1.0,6
2017-09-01,SOM,3,3,0,2.2,20
2017-09-01,SWE,1,1,0,0.0,4
2017-09-01,THA,3,3,0,0.667,11
2017-09-01,USA,67,49,18,-0.163,370
2017-09-01,VNM,2,2,0,2.35,4
2017-09-01,ZMB,2,2,0,1.0,4
2017-09-02,AFG,11,9,2,-0.836,40
2017-09-02,ARE,2,2,0,0.7,10
2017-09-02,AUS,2,2,0,1.0,4
2017-09-02,BGD,1,1,0,3.4,4
2017-09-02,BOL,3,3,0,3.0,3
2017-09-02,BRA,1,0,1,-2.0,3
2017-09-02,BTN,7,3,4,0.314,13
2017-09-02,CAN,3,3,0,2.2,8
2017-09-02,CHE,16,16,0,4.713,79
2017-09-02,CHN,55,45,10,1.562,333
2017-09-02,DEU,9,9,0,5.733,51
2017-09-02,EUR,3,3,0,1.7,8
2017-09-02,FRA,7,7,0,2.429,32
2017-09-02,GBR,4,3,1,-0.55,7
2017-09-02,IDN,1,1,0,0.0,10
2017-09-02,IRN,1,0,1,-2.0,4
2017-09-02,IRQ,3,0,3,-5.0,4
2017-09-02,JPN,5,5,0,5.02,26
2017-09-02,KOR,1,0,1,-10.0,10
2017-09-02,LKA,4,4,0,3.3,15
2017-09-02,MDV,1,0,1,-10.0,6
2017-09-02,MMR,6,6,0,2.05,49
2017-09-02,NPL,29,21,8,0.569,175
2017-09-02,PAK,32,12,20,-2.331,170
2017-09-02,PHL,2,2,0,4.0,6
2017-09-02,POL,15,15,0,5.76,82
2017-09-02,PSE,3,3,0,0.0,3
2017-09-02,SAS,2,1,1,-5.0,11
2017-09-02,SGP,5,5,0,0.7,17
2017-09-02,USA,72,63,9,2.022,477
2017-09-02,VNM,8,7,1,1.5,24
2017-09-02,ZAF,1,1,0,7.0,10
2017-09-03,AFG,6,6,0,1.2,18
2017-09-03,ARE,4,2,2,-2.0,6
2017-09-03,AUS,5,5,0,6.2,8
2017-09-03,BGD,3,1,2,-3.833,64
2017-09-03,BRA,10,10,0,2.61,86
2017-09-03,BTN,4,0,4,-7.75,32
2017-09-03,CAN,2,2,0,0.0,3
2017-09-03,CHE,1,1,0,3.4,6
2017-09-03,CHN,99,89,10,2.593,955
2017-09-03,DEU,4,2,2,-6.0,4
2017-09-03,DNK,4,4,0,2.35,12
2017-09-03,FRA,7,7,0,2.429,16
2017-09-03,GBR,5,3,2,-2.06,16
2017-09-03,ISR,2,0,2,-10.0,8
2017-09-03,JPN,14,13,1,2.529,42
2017-09-03,KAZ,5,5,0,2.26,10
2017-09-03,KWT,2,2,0,3.4,5
2017-09-03,LKA,18,16,2,1.378,36
2017-09-03,MDV,2,2,0,2.35,10
2017-09-03,MMR,2,2,0,3.4,3
2017-09-03,MYS,3,0,3,-6.4,7
2017-09-03,NGA,1,0,1,-5.0,2
2017-09-03,NOR,6,6,0,1.0,10
2017-09-03,NPL,33,24,9,0.391,149
2017-09-03,NZL,5,5,0,2.26,10
2017-09-03,PAK,33,14,19,-3.876,260
2017-09-03,PRK,16,1,15,-2.4,109
2017-09-03,SAS,12,12,0,3.567,47
2017-09-03,SEA,2,0,2,-9.5,10
2017-09-03,SYR,1,1,0,3.0,2
2017-09-03,THA,2,0,2,-5.0,10
2017-09-03,USA,34,31,3,2.394,373
2017-09-04,AFG,10,6,4,0.61,40
2017-09-04,AFR,2,2,0,2.35,8
2017-09-04,ARE,2,2,0,2.35,20
2017-09-04,AUS,12,6,6,-2.692,95
2017-09-04,BGD,4,4,0,3.175,23
2017-09-04,BRA,5,5,0,2.08,9
2017-09-04,BTN,4,4,0,2.35,6
2017-09-04,CAN,7,5,2,2.429,12
2017-09-04,CHN,94,76,18,1.895,388
2017-09-04,DEU,2,2,0,4.0,6
2017-09-04,EGY,4,4,0,4.0,12
2017-09-04,ETH,11,11,0,8.0,60
2017-09-04,EUR,1,1,0,4.0,3
2017-09-04,FIN,2,2,0,2.35,2
2017-09-04,GBR,46,16,30,-2.43,250
2017-09-04,IRN,6,5,1,1.7,16
2017-09-04,IRQ,2,2,0,4.0,4
2017-09-04,JPN,3,3,0,6.333,25
2017-09-04,KWT,2,2,0,0.0,5
2017-09-04,MDV,4,0,4,-7.5,12
2017-09-04,MMR,30,21,9,1.53,225
2017-09-04,NGA,2,0,2,-5.0,6
2017-09-04,NLD,5,5,0,2.26,8
2017-09-04,NOR,5,5,0,2.26,8
2017-09-04,NPL,14,12,2,1.629,53
2017-09-04,NZL,1,1,0,3.0,2
2017-09-04,OMN,4,4,0,4.0,16
2017-09-04,PAK,12,6,6,-1.825,60
2017-09-04,PRK,8,3,5,0.25,33
2017-09-04,QAT,1,0,1,-9.5,10
2017-09-04,RUS,8,7,1,0.75,50
2017-09-04,SAS,1,1,0,6.0,10
2017-09-04,SEA,1,1,0,0.0,3
2017-09-04,THA,3,3,0,3.7,7
2017-09-04,TUR,2,2,0,4.0,4
2017-09-04,USA,73,68,5,2.612,676
2017-09-04,VNM,4,4,0,1.7,7
2017-09-04,ZAF,1,1,0,3.4,6
2017-09-05,AFG,9,9,0,1.289,16
2017-09-05,AFR,4,4,0,2.35,8
2017-09-05,ARE,15,15,0,1.167,131
2017-09-05,ASA,1,1,0,3.4,2
2017-09-05,AUS,3,0,3,-2.0,188
2017-09-05,BEL,2,2,0,3.5,6
2017-09-05,BGD,13,12,1,3.231,86
2017-09-05,CAN,8,8,0,1.675,24
2017-09-05,CHE,7,7,0,3.714,37
2017-09-05,CHN,109,92,17,2.071,710
2017-09-05,COL,6,6,0,2.333,10
2017-09-05,DEU,2,0,2,-9.5,4
2017-09-05,ETH,6,6,0,8.0,12
2017-09-05,FIN,6,6,0,3.6,10
2017-09-05,GBR,42,10,32,-3.89,391
2017-09-05,GRC,1,1,0,3.4,16
2017-09-05,IRL,2,2,0,0.0,2
2017-09-05,IRN,7,5,2,1.857,22
2017-09-05,ISR,2,2,0,2.35,8
2017-09-05,ITA,3,3,0,2.5,6
2017-09-05,JOR,3,3,0,1.0,12
2017-09-05,JPN,6,6,0,0.7,19
2017-09-05,KOR,9,9,0,2.667,42
2017-09-05,LBN,2,0,2,-7.2,8
2017-09-05,LKA,16,11,5,4.0,74
2017-09-05,MMR,34,26,8,1.853,196
2017-09-05,NGA,3,0,3,-6.667,9
2017-09-05,NOR,6,6,0,2.35,12
2017-09-05,NPL,23,13,10,-1.122,77
2017-09-05,OMN,2,2,0,2.35,4
2017-09-05,PAK,58,38,20,0.405,165
2017-09-05,PRK,2,0,2,-2.0,6
2017-09-05,RUS,2,0,2,-10.0,2
2017-09-05,SAS,1,0,1,-2.0,3
2017-09-05,SGP,5,5,0,0.0,48
2017-09-05,SWE,3,3,0,2.2,20
2017-09-05,TWN,4,4,0,2.35,4
2017-09-05,USA,75,61,14,1.371,626
2017-09-05,UZB,1,0,1,-2.0,1
2017-09-05,VAT,3,3,0,5.0,13
2017-09-06,AFG,8,5,3,0.8,17
2017-09-06,ARE,9,9,0,2.522,29
2017-09-06,AUS,15,15,0,1.947,78
2017-09-06,BEL,3,3,0,1.133,12
2017-09-06,BGD,8,6,2,-0.3,37
2017-09-06,BTN,8,8,0,6.0,23
2017-09-06,CAN,4,4,0,1.975,12
2017-09-06,CHN,43,35,8,1.607,200
2017-09-06,DEU,5,2,3,-4.16,18
2017-09-06,EUR,7,7,0,3.057,115
2017-09-06,GBR,24,6,18,-3.529,84
2017-09-06,GRC,1,1,0,3.4,8
2017-09-06,HKG,1,1,0,0.4,10
2017-09-06,IRN,7,5,2,2.286,32
2017-09-06,IRQ,2,0,2,-10.0,5
2017-09-06,ISR,4,4,0,2.35,6
2017-09-06,ITA,1,0,1,-6.5,10
2017-09-06,JPN,15,15,0,3.127,49
2017-09-06,KOR,4,4,0,2.35,10
2017-09-06,KWT,1,0,1,-5.0,3
2017-09-06,LBN,1,0,1,-2.0,9
2017-09-06,LKA,12,9,3,1.283,66
2017-09-06,MMR,24,16,8,1.558,76
2017-09-06,NLD,2,2,0,1.0,4
2017-09-06,NPL,21,11,10,-2.633,62
2017-09-06,OMN,2,2,0,2.35,4
2017-09-06,PAK,77,47,30,-1.368,320
2017-09-06,PGS,3,0,3,-2.0,5
2017-09-06,RUS,8,7,1,3.212,54
2017-09-06,SAS,6,5,1,0.95,19
2017-09-06,SEA,8,8,0,2.0,24
2017-09-06,SGP,2,2,0,2.0,4
2017-09-06,SWE,2,2,0,3.0,4
2017-09-06,SYR,4,2,2,-0.5,12
2017-09-06,TWN,4,4,0,2.125,144
2017-09-06,USA,113,75,38,0.619,587
2017-09-06,ZAF,2,2,0,1.0,12
2017-09-07,AFG,9,9,0,5.033,16
2017-09-07,ARE,12,12,0,4.867,31
2017-09-07,AUS,5,0,5,-7.0,5
2017-09-07,BGD,14,13,1,2.579,30
2017-09-07,BGR,1,1,0,6.4,1
2017-09-07,BHR,2,2,0,2.35,16
2017-09-07,BTN,3,3,0,1.133,5
2017-09-07,CAN,6,4,2,1.667,21
2017-09-07,CHN,90,75,15,0.956,598
2017-09-07,DEU,1,1,0,3.4,6
2017-09-07,EST,2,2,0,2.35,24
2017-09-07,EUR,8,8,0,3.5,57
2017-09-07,FRA,4,0,4,-7.5,8
2017-09-07,GBR,17,15,2,2.065,41
2017-09-07,HRV,1,0,1,-10.0,4
2017-09-07,IDN,3,3,0,4.0,8
2017-09-07,IRL,3,3,0,0.0,6
2017-09-07,IRN,3,0,3,-2.0,8
2017-09-07,ISR,4,4,0,2.35,20
2017-09-07,JOR,5,0,5,-10.0,64
2017-09-07,JPN,7,7,0,3.929,26
2017-09-07,KOR,4,4,0,4.0,20
2017-09-07,KWT,3,0,3,-8.333,8
2017-09-07,LBN,2,1,1,-1.0,9
2017-09-07,LKA,6,5,1,2.667,25
2017-09-07,MLI,5,3,2,1.0,13
2017-09-07,MMR,25,23,2,3.496,130
2017-09-07,MYS,1,1,0,7.0,1
2017-09-07,NLD,1,0,1,-10.0,3
2017-09-07,NMR,1,1,0,0.0,3
2017-09-07,NOR,4,4,0,2.35,4
2017-09-07,NPL,7,5,2,-1.371,22
2017-09-07,PAK,80,30,50,-3.161,413
2017-09-07,PGS,3,0,3,-2.0,5
2017-09-07,PRT,8,0,8,-4.625,31
2017-09-07,RUS,4,4,0,5.6,12
2017-09-07,SAS,1,0,1,-2.0,3
2017-09-07,SAU,1,1,0,0.0,5
2017-09-07,SEA,1,1,0,4.0,10
2017-09-07,SGP,1,0,1,-2.0,6
2017-09-07,SYR,2,0,2,-5.0,5
2017-09-07,THA,1,1,0,0.0,3
2017-09-07,TWN,4,4,0,2.125,12
2017-09-07,USA,107,84,23,2.051,626
2017-09-07,UZB,7,7,0,-2.0,16
2017-09-07,VNM,4,4,0,2.35,20
2017-09-08,AFG,1,0,1,-10.0,2
2017-09-08,AFR,3,3,0,1.733,8
2017-09-08,ARE,8,6,2,0.25,15
2017-09-08,AUS,12,6,6,-1.842,66
2017-09-08,BGD,3,3,0,4.333,11
2017-09-08,BLR,8,8,0,4.0,24
2017-09-08,CAN,2,0,2,-2.0,2
2017-09-08,CHE,4,4,0,2.35,12
2017-09-08,CHL,6,6,0,3.1,14
2017-09-08,CHN,81,66,15,0.915,322
2017-09-08,DEU,2,1,1,-0.8,5
2017-09-08,EGY,4,4,0,2.35,4
2017-09-08,ESP,2,0,2,-4.0,24
2017-09-08,EST,2,2,0,2.35,8
2017-09-08,EUR,2,2,0,4.0,16
2017-09-08,FRA,8,8,0,4.537,19
2017-09-08,GBR,15,9,6,-2.153,76
2017-09-08,HRV,1,1,0,7.0,4
2017-09-08,IDN,1,0,1,-4.0,1
2017-09-08,ISR,3,2,1,2.0,8
2017-09-08,JOR,1,0,1,-10.0,10
2017-09-08,JPN,33,33,0,2.521,120
2017-09-08,LKA,19,19,0,3.516,48
2017-09-08,MMR,12,9,3,0.608,38
2017-09-08,NLD,4,4,0,2.35,8
2017-09-08,NPL,5,5,0,2.8,8
2017-09-08,PAK,38,27,11,0.676,166
2017-09-08,PRT,6,4,2,3.0,16
2017-09-08,SAU,38,38,0,3.503,132
2017-09-08,SEA,1,1,0,4.0,90
2017-09-08,SYR,2,2,0,2.35,2
2017-09-08,TWN,5,5,0,2.3,18
2017-09-08,USA,75,67,8,2.456,359
2017-09-08,VNM,3,3,0,0.0,24
2017-09-08,YEM,1,1,0,3.0,12
2017-09-08,ZAF,5,5,0,5.24,11
2017-09-09,AFG,13,13,0,4.338,27
2017-09-09,AFR,2,2,0,0.0,4
2017-09-09,ARE,7,5,2,4.143,12
2017-09-09,BGD,32,26,6,1.247,468
2017-09-09,BTN,7,5,2,-1.243,96
2017-09-09,CAN,2,2,0,3.4,6
2017-09-09,CHN,37,21,16,-0.343,116
2017-09-09,DEU,1,1,0,3.4,10
2017-09-09,FRA,9,9,0,0.667,84
2017-09-09,GBR,8,6,2,0.425,42
2017-09-09,IDN,1,1,0,3.4,10
2017-09-09,IRL,5,5,0,2.26,16
2017-09-09,ISR,4,4,0,2.35,20
2017-09-09,ITA,1,1,0,3.4,29
2017-09-09,JPN,40,40,0,3.688,115
2017-09-09,KAZ,1,1,0,4.0,1
2017-09-09,KEN,4,4,0,0.0,12
2017-09-09,KOR,2,2,0,2.35,8
2017-09-09,LKA,26,23,3,1.631,154
2017-09-09,MEX,3,2,1,0.233,20
2017-09-09,MMR,18,12,6,-0.183,76
2017-09-09,NGA,3,0,3,-5.0,7
2017-09-09,NLD,11,11,0,0.973,104
2017-09-09,PAK,48,23,25,-3.502,330
2017-09-09,PGS,6,4,2,3.333,18
2017-09-09,PRK,2,2,0,2.35,4
2017-09-09,PRT,2,0,2,-4.0,5
2017-09-09,QAT,2,0,2,-7.0,4
2017-09-09,RUS,8,8,0,3.025,24
2017-09-09,SAS,4,0,4,-2.0,15
2017-09-09,SAU,5,5,0,3.9,13
2017-09-09,SEA,8,5,3,-1.125,38
2017-09-09,SOM,3,0,3,-5.0,16
2017-09-09,SYR,2,2,0,2.35,2
2017-09-09,USA,78,70,8,2.822,629
2017-09-09,VEN,7,7,0,0.571,84
2017-09-10,AFG,26,26,0,2.627,65
2017-09-10,AFR,6,3,3,-0.633,22
2017-09-10,ARE,5,5,0,2.14,64
2017-09-10,AUS,7,7,0,4.943,43
2017-09-10,BGD,25,23,2,1.444,101
2017-09-10,BTN,8,5,3,-2.338,20
2017-09-10,CHE,1,0,1,-9.5,4
2017-09-10,CHN,34,25,9,0.474,114
2017-09-10,DEU,19,19,0,3.084,418
2017-09-10,FRA,3,3,0,1.9,14
2017-09-10,GBR,13,12,1,2.508,78
2017-09-10,ISR,2,2,0,3.4,10
2017-09-10,JOR,1,1,0,0.4,1
2017-09-10,JPN,37,37,0,2.984,241
2017-09-10,KAZ,1,1,0,4.0,1
2017-09-10,KEN,4,4,0,0.0,6
2017-09-10,LKA,1,0,1,-5.0,10
2017-09-10,MMR,16,14,2,0.5,108
2017-09-10,NLD,9,9,0,1.0,36
2017-09-10,NPL,24,15,9,-1.663,215
2017-09-10,PAK,20,17,3,1.42,53
2017-09-10,PGS,11,8,3,3.818,36
2017-09-10,POL,3,3,0,3.4,10
2017-09-10,PRK,1,1,0,10.0,3
2017-09-10,RUS,9,9,0,6.933,62
2017-09-10,SAU,4,4,0,3.4,8
2017-09-10,SEA,1,1,0,3.4,6
2017-09-10,USA,91,80,11,1.736,916
2017-09-10,VEN,1,1,0,1.0,6
2017-09-10,ZAF,2,2,0,2.35,10
2017-09-11,AFG,58,48,10,2.814,373
2017-09-11,AFR,3,3,0,3.8,13
2017-09-11,ARE,2,0,2,-4.0,8
2017-09-11,ASA,2,2,0,7.4,62
2017-09-11,AUS,7,5,2,1.7,38
2017-09-11,BGD,19,14,5,-0.542,59
2017-09-11,BLR,27,26,1,2.322,68
2017-09-11,BTN,1,1,0,3.4,1
2017-09-11,CAN,4,2,2,1.5,6
2017-09-11,CHE,6,2,4,1.0,18
2017-09-11,CHN,26,23,3,1.242,72
2017-09-11,DEU,12,5,7,-0.217,86
2017-09-11,FIN,12,12,0,6.25,50
2017-09-11,FRA,6,6,0,2.35,16
2017-09-11,GBR,14,14,0,3.079,122
2017-09-11,IRL,2,2,0,0.0,4
2017-09-11,IRQ,1,1,0,4.0,20
2017-09-11,ISR,6,6,0,1.567,10
2017-09-11,ITA,1,0,1,-10.0,4
2017-09-11,JOR,10,10,0,2.56,12
2017-09-11,JPN,145,136,9,2.798,761
2017-09-11,KOR,2,2,0,4.0,12
2017-09-11,LKA,6,3,3,-1.4,10
2017-09-11,MEX,2,2,0,2.35,8
2017-09-11,MMR,20,15,5,1.295,110
2017-09-11,NLD,1,1,0,0.0,10
2017-09-11,NOR,1,1,0,10.0,2
2017-09-11,NPL,18,9,9,-1.144,57
2017-09-11,PAK,52,33,19,-1.315,243
2017-09-11,PGS,10,6,4,2.8,54
2017-09-11,PRK,4,2,2,-1.2,18
2017-09-11,PSE,2,0,2,-5.0,10
2017-09-11,QAT,4,4,0,2.35,8
2017-09-11,RUS,7,7,0,7.543,28
2017-09-11,SAS,3,2,1,2.0,13
2017-09-11,SAU,7,6,1,0.143,19
2017-09-11,SEA,2,2,0,6.4,4
2017-09-11,SYR,7,4,3,1.429,30
2017-09-11,THA,9,6,3,1.278,72
2017-09-11,TUR,4,4,0,3.0,23
2017-09-11,USA,92,81,11,1.229,571
2017-09-11,VNM,2,2,0,6.0,16
2017-09-11,ZAF,4,4,0,7.0,8
2017-09-12,AFG,60,57,3,2.843,185
2017-09-12,AFR,2,2,0,2.35,12
2017-09-12,ARE,2,1,1,-1.5,12
2017-09-12,AUS,3,2,1,-1.767,20
2017-09-12,BEL,4,0,4,-6.25,8
2017-09-12,BGD,19,15,4,-1.653,72
2017-09-12,BLR,55,55,0,2.74,264
2017-09-12,BTN,5,1,4,-4.92,11
2017-09-12,CHE,4,4,0,2.0,8
2017-09-12,CHN,110,95,15,1.92,764
2017-09-12,DEU,5,5,0,4.6,35
2017-09-12,EUR,1,0,1,-2.0,6
2017-09-12,FRA,1,1,0,0.0,3
2017-09-12,GBR,22,17,5,1.468,178
2017-09-12,IDN,2,0,2,-5.0,2
2017-09-12,IRN,3,3,0,3.667,6
2017-09-12,ISR,6,6,0,2.35,18
2017-09-12,ITA,20,16,4,2.075,36
2017-09-12,JPN,151,144,7,2.403,724
2017-09-12,KOR,9,7,2,4.111,147
2017-09-12,KWT,1,1,0,-2.0,8
2017-09-12,LKA,16,0,16,-5.0,79
2017-09-12,MAR,5,5,0,8.0,58
2017-09-12,MMR,10,4,6,-1.21,75
2017-09-12,MYS,5,5,0,2.44,6
2017-09-12,NGA,6,0,6,-6.667,17
2017-09-12,NLD,2,2,0,7.0,6
2017-09-12,NOR,1,0,1,-4.0,4
2017-09-12,NPL,10,6,4,-0.94,46
2017-09-12,OMN,86,77,9,2.615,672
2017-09-12,PAK,69,42,27,-0.522,297
2017-09-12,RUS,20,19,1,5.87,72
2017-09-12,SAS,3,2,1,2.0,17
2017-09-12,SAU,2,2,0,1.0,6
2017-09-12,SEA,1,1,0,3.0,2
2017-09-12,SWE,1,1,0,0.0,6
2017-09-12,THA,6,4,2,0.233,12
2017-09-12,TUR,2,2,0,0.0,6
2017-09-12,USA,144,126,18,1.892,850
2017-09-12,VAT,20,20,0,3.875,174
2017-09-12,YEM,151,66,85,-2.221,1071
2017-09-13,AFG,30,27,3,3.313,138
2017-09-13,AFR,4,4,0,1.0,16
2017-09-13,ARE,6,3,3,-1.333,24
2017-09-13,AUS,1,0,1,-5.0,2
2017-09-13,AUT,2,0,2,-4.0,4
2017-09-13,BEL,4,0,4,-4.0,8
2017-09-13,BGD,12,12,0,1.408,49
2017-09-13,BLR,11,11,0,4.445,38
2017-09-13,BTN,2,2,0,0.0,4
2017-09-13,CAN,4,4,0,2.35,24
2017-09-13,CHE,5,5,0,1.8,14
2017-09-13,CHN,42,34,8,2.036,170
2017-09-13,DEU,1,0,1,-10.0,2
2017-09-13,EGY,2,2,0,4.0,2
2017-09-13,EUR,4,4,0,1.875,22
2017-09-13,GBR,17,5,12,-4.224,70
2017-09-13,IDN,2,2,0,3.2,8
2017-09-13,ITA,5,4,1,-0.12,10
2017-09-13,JPN,523,516,7,3.103,3177
2017-09-13,KOR,3,1,2,-5.333,50
2017-09-13,LKA,4,0,4,-5.0,16
2017-09-13,MAR,1,0,1,-9.0,6
2017-09-13,MLI,2,2,0,7.4,6
2017-09-13,MMR,12,2,10,-5.517,61
2017-09-13,MUS,1,1,0,-2.0,2
2017-09-13,MYS,10,10,0,3.34,25
2017-09-13,NGA,2,0,2,-5.0,6
2017-09-13,NLD,3,3,0,4.933,22
2017-09-13,NPL,13,10,3,0.623,89
2017-09-13,OMN,33,33,0,3.424,129
2017-09-13,PAK,40,27,13,-1.637,117
2017-09-13,PRT,5,5,0,1.88,14
2017-09-13,PRY,1,0,1,-5.0,2
2017-09-13,RUS,5,4,1,0.48,18
2017-09-13,SAU,2,0,2,-5.0,3
2017-09-13,SEA,4,4,0,1.175,16
2017-09-13,SGP,1,1,0,4.0,2
2017-09-13,SWE,1,1,0,3.0,6
2017-09-13,SYR,7,2,5,-6.471,26
2017-09-13,THA,3,1,2,-0.2,7
2017-09-13,TUR,5,5,0,1.88,6
2017-09-13,UKR,3,3,0,1.0,4
2017-09-13,USA,113,98,15,1.782,456
2017-09-13,VAT,15,15,0,4.253,48
2017-09-13,VEN,3,2,1,3.667,22
2017-09-13,VNM,2,2,0,2.35,12
2017-09-13,YEM,91,36,55,-2.571,314
2017-09-14,AFG,4,0,4,-5.5,8
2017-09-14,AFR,13,12,1,1.408,32
2017-09-14,ARE,1,0,1,-5.0,8
2017-09-14,AUS,5,1,4,-1.8,22
2017-09-14,BGD,34,19,15,-0.553,201
2017-09-14,BLR,9,9,0,2.4,52
2017-09-14,BTN,6,6,0,2.35,10
2017-09-14,CAN,23,18,5,1.148,98
2017-09-14,CHE,4,2,2,0.175,30
2017-09-14,CHN,63,54,9,1.852,328
2017-09-14,ESP,1,0,1,-2.0,4
2017-09-14,EUR,5,5,0,7.0,70
2017-09-14,FIN,10,10,0,7.6,13
2017-09-14,FRA,2,2,0,0.4,3
2017-09-14,GBR,22,12,10,-1.773,114
2017-09-14,IDN,2,2,0,2.35,4
2017-09-14,IRN,1,0,1,-8.0,6
2017-09-14,IRQ,1,1,0,7.4,20
2017-09-14,ISR,8,6,2,2.0,14
2017-09-14,ITA,1,1,0,0.0,4
2017-09-14,JPN,306,290,16,2.558,1895
2017-09-14,KOR,2,0,2,-10.0,40
2017-09-14,LBN,2,0,2,-4.0,8
2017-09-14,LKA,10,6,4,-0.11,33
2017-09-14,MAR,1,0,1,-9.0,3
2017-09-14,MLI,2,2,0,0.0,8
2017-09-14,MMR,9,8,1,2.411,28
2017-09-14,MNG,2,0,2,-7.5,10
2017-09-14,MUS,2,2,0,2.35,8
2017-09-14,MYS,3,3,0,2.567,6
2017-09-14,NGA,2,2,0,2.35,8
2017-09-14,NLD,5,5,0,3.0,18
2017-09-14,NMR,1,1,0,3.4,3
2017-09-14,NOR,1,1,0,6.0,5
2017-09-14,NPL,12,7,5,0.267,48
2017-09-14,OMN,7,7,0,1.4,21
2017-09-14,PAK,43,22,21,-2.377,157
2017-09-14,PHL,2,0,2,-2.0,4
2017-09-14,PRK,2,0,2,-7.2,5
2017-09-14,RUS,2,2,0,3.5,8
2017-09-14,SAS,8,5,3,-1.812,32
2017-09-14,SAU,2,2,0,0.2,11
2017-09-14,SEA,2,0,2,-5.0,6
2017-09-14,SGP,11,11,0,4.964,20
2017-09-14,SOM,2,0,2,-10.0,4
2017-09-14,SWE,2,2,0,7.0,4
2017-09-14,SYR,8,2,6,-5.537,14
2017-09-14,THA,3,3,0,2.5,8
2017-09-14,TZA,1,0,1,-2.0,6
2017-09-14,USA,111,95,16,1.863,429
2017-09-14,VNM,3,3,0,0.0,12
2017-09-14,YEM,12,9,3,-0.767,64
2017-09-15,AFG,18,16,2,1.922,89
2017-09-15,AFR,2,2,0,3.0,4
2017-09-15,ARE,24,19,5,-0.833,115
2017-09-15,AUS,10,9,1,4.76,81
2017-09-15,AUT,8,8,0,3.675,22
2017-09-15,BGD,18,14,4,2.6,89
2017-09-15,BTN,6,6,0,8.0,20
2017-09-15,CAN,15,12,3,2.82,86
2017-09-15,CHN,40,32,8,0.717,151
2017-09-15,CZE,1,1,0,3.4,2
2017-09-15,FIN,1,1,0,0.0,6
2017-09-15,FJI,2,2,0,3.5,12
2017-09-15,FRA,3,2,1,-2.333,12
2017-09-15,GBR,29,20,9,0.159,128
2017-09-15,IRL,3,2,1,1.5,34
2017-09-15,JPN,130,126,4,2.892,518
2017-09-15,KOR,2,2,0,7.0,4
2017-09-15,KWT,2,0,2,-4.5,2
2017-09-15,LKA,1,1,0,6.4,3
2017-09-15,LSO,1,0,1,-2.0,6
2017-09-15,MMR,10,8,2,3.92,35
2017-09-15,MUS,1,1,0,0.0,4
2017-09-15,MYS,3,3,0,2.567,6
2017-09-15,NOR,1,0,1,-2.0,2
2017-09-15,NPL,11,10,1,2.309,67
2017-09-15,OMN,12,12,0,1.958,60
2017-09-15,PAK,34,10,24,-4.035,188
2017-09-15,PRK,6,6,0,2.233,20
2017-09-15,SAS,5,1,4,-7.32,13
2017-09-15,SEA,2,2,0,2.35,6
2017-09-15,THA,4,4,0,2.35,4
2017-09-15,TUR,7,0,7,-5.0,34
2017-09-15,TZA,1,1,0,3.4,4
2017-09-15,USA,63,51,12,1.91,364
2017-09-15,VEN,2,2,0,7.0,4
2017-09-15,VNM,3,3,0,0.0,6
2017-09-15,YEM,16,10,6,-1.35,47
2017-09-15,ZAF,4,4,0,4.0,7
2017-09-16,AFG,14,10,4,-1.343,28
2017-09-16,AUS,1,0,1,-9.5,6
2017-09-16,BGD,11,7,4,0.782,46
2017-09-16,BTN,2,2,0,1.7,2
2017-09-16,CAN,2,2,0,2.35,8
2017-09-16,CHE,1,1,0,0.0,1
2017-09-16,CHN,14,10,4,1.164,54
2017-09-16,CZE,1,1,0,7.0,12
2017-09-16,DNK,20,19,1,4.2,150
2017-09-16,EUR,2,2,0,0.0,9
2017-09-16,GBR,20,20,0,2.91,49
2017-09-16,IDN,2,2,0,7.0,2
2017-09-16,IRL,1,1,0,6.0,6
2017-09-16,IRQ,5,5,0,7.4,32
2017-09-16,ISR,1,1,0,4.0,4
2017-09-16,ITA,4,4,0,1.175,5
2017-09-16,JPN,36,33,3,3.131,132
2017-09-16,KOR,2,2,0,7.0,4
2017-09-16,MEA,4,4,0,4.0,8
2017-09-16,MMR,9,4,5,-0.022,51
2017-09-16,MWI,2,0,2,-9.5,6
2017-09-16,NGA,1,0,1,-5.0,5
2017-09-16,NLD,2,1,1,1.0,19
2017-09-16,NPL,14,13,1,1.257,48
2017-09-16,PAK,46,21,25,-3.085,287
2017-09-16,POL,1,1,0,7.0,12
2017-09-16,PRK,2,2,0,2.35,4
2017-09-16,PSE,1,1,0,4.0,2
2017-09-16,RUS,2,2,0,7.0,12
2017-09-16,SGP,2,2,0,4.0,10
2017-09-16,THA,2,2,0,4.0,2
2017-09-16,USA,68,57,11,1.459,586
2017-09-16,YEM,2,0,2,-9.0,6
2017-09-16,ZAF,1,0,1,-9.5,6
2017-09-17,AFG,1,0,1,-5.0,8
2017-09-17,AFR,2,2,0,2.35,20
2017-09-17,ARE,2,2,0,-2.0,3
2017-09-17,BGD,9,8,1,2.522,52
2017-09-17,CHE,5,5,0,2.26,12
2017-09-17,CHN,29,26,3,3.069,88
2017-09-17,CZE,1,1,0,7.0,6
2017-09-17,DNK,9,9,0,5.111,238
2017-09-17,FIN,2,2,0,1.0,10
2017-09-17,GBR,19,16,3,1.526,59
2017-09-17,GRC,6,6,0,2.35,8
2017-09-17,IDN,1,1,0,3.0,8
2017-09-17,IRN,3,3,0,6.667,4
2017-09-17,ITA,2,2,0,0.0,6
2017-09-17,JPN,45,41,4,2.809,146
2017-09-17,KWT,4,4,0,2.35,8
2017-09-17,MWI,1,0,1,-9.5,4
2017-09-17,MYS,4,4,0,2.2,16
2017-09-17,NGA,4,0,4,-2.0,6
2017-09-17,NPL,25,17,8,-0.48,406
2017-09-17,PAK,76,58,18,-0.355,308
2017-09-17,PAN,1,1,0,0.0,5
2017-09-17,POL,1,1,0,7.0,6
2017-09-17,QAT,1,0,1,-5.0,2
2017-09-17,RUS,1,1,0,7.0,6
2017-09-17,SAS,1,1,0,10.0,10
2017-09-17,SEA,1,0,1,-9.0,5
2017-09-17,THA,4,4,0,2.35,4
2017-09-17,TKM,2,2,0,4.0,18
2017-09-17,USA,49,33,16,0.592,269
2017-09-17,VEN,5,5,0,1.0,8
2017-09-17,YEM,1,0,1,-7.2,3
2017-09-17,ZAF,4,2,2,-1.325,12
2017-09-18,AFG,5,3,2,-0.46,24
2017-09-18,ARE,5,1,4,-0.8,28
2017-09-18,AUT,8,8,0,-2.0,42
2017-09-18,AZE,3,3,0,4.0,36
2017-09-18,BGD,15,2,13,-4.32,50
2017-09-18,BGR,2,0,2,-5.0,6
2017-09-18,BTN,2,2,0,3.0,5
2017-09-18,CHN,14,11,3,1.464,111
2017-09-18,CYP,2,1,1,1.0,8
2017-09-18,CZE,1,1,0,7.0,1
2017-09-18,DEU,1,1,0,4.0,2
2017-09-18,DNK,4,4,0,6.0,20
2017-09-18,FRA,8,7,1,1.862,24
2017-09-18,GBR,39,16,23,-3.228,118
2017-09-18,IDN,1,1,0,6.4,4
2017-09-18,ISR,2,2,0,4.0,5
2017-09-18,ITA,1,1,0,0.0,3
2017-09-18,JPN,23,17,6,0.287,114
2017-09-18,KWT,2,2,0,7.0,2
2017-09-18,MDV,2,0,2,-5.0,20
2017-09-18,MMR,15,9,6,-0.553,47
2017-09-18,MYS,4,4,0,3.3,18
2017-09-18,NPL,30,18,12,-1.607,271
2017-09-18,OMN,4,2,2,-1.325,16
2017-09-18,PAK,61,37,24,-1.348,165
2017-09-18,PAN,1,0,1,-2.0,4
2017-09-18,PHL,1,1,0,3.0,6
2017-09-18,POL,1,1,0,7.0,1
2017-09-18,RUS,2,2,0,3.5,2
2017-09-18,SAS,8,3,5,-2.75,13
2017-09-18,SGP,2,2,0,3.7,8
2017-09-18,THA,2,2,0,4.0,6
2017-09-18,TKM,2,2,0,2.35,12
2017-09-18,USA,126,99,27,0.724,650
2017-09-19,AFG,11,11,0,2.482,48
2017-09-19,AFR,1,1,0,4.0,6
2017-09-19,ARE,15,11,4,1.0,103
2017-09-19,AUS,4,2,2,-0.825,16
2017-09-19,AZE,3,3,0,4.0,96
2017-09-19,BGD,24,13,11,-0.646,73
2017-09-19,BHR,1,1,0,3.4,10
2017-09-19,CAN,14,14,0,3.614,32
2017-09-19,CHE,3,3,0,-0.4,4
2017-09-19,CHN,9,5,4,0.8,18
2017-09-19,DNK,6,6,0,4.0,14
2017-09-19,EGY,11,11,0,1.936,28
2017-09-19,EUR,2,2,0,4.0,12
2017-09-19,FRA,18,18,0,3.694,118
2017-09-19,GBR,41,20,21,-2.963,147
2017-09-19,GRC,8,8,0,3.175,16
2017-09-19,IRL,1,0,1,-5.0,8
2017-09-19,IRQ,1,1,0,6.0,10
2017-09-19,JPN,26,23,3,3.288,76
2017-09-19,KAZ,15,15,0,2.8,180
2017-09-19,LKA,4,0,4,-5.0,33
2017-09-19,LSO,1,0,1,-2.0,6
2017-09-19,LVA,3,0,3,-4.0,80
2017-09-19,MAC,2,2,0,2.35,4
2017-09-19,MDV,1,0,1,-5.0,10
2017-09-19,MEA,1,1,0,-0.4,6
2017-09-19,MMR,12,10,2,2.167,29
2017-09-19,MYS,4,4,0,3.2,9
2017-09-19,NGA,1,0,1,-5.0,6
2017-09-19,NLD,4,4,0,6.0,7
2017-09-19,NPL,29,13,16,-2.217,77
2017-09-19,NZL,1,0,1,-4.0,2
2017-09-19,OMN,2,2,0,2.35,24
2017-09-19,PAK,41,10,31,-2.49,185
2017-09-19,POL,3,3,0,2.2,8
2017-09-19,PRK,5,0,5,-2.0,30
2017-09-19,QAT,3,3,0,2.2,24
2017-09-19,RUS,4,4,0,2.8,16
2017-09-19,SAS,3,3,0,3.0,25
2017-09-19,SAU,2,0,2,-5.0,4
2017-09-19,SEA,5,3,2,1.6,13
2017-09-19,SYR,4,4,0,2.35,8
2017-09-19,USA,49,41,8,1.292,340
2017-09-19,VNM,2,2,0,0.0,24
2017-09-20,AFG,6,6,0,8.533,16
2017-09-20,ALB,1,1,0,0.0,2
2017-09-20,ARE,2,0,2,-6.75,18
2017-09-20,ASA,2,2,0,2.35,12
2017-09-20,AUS,8,8,0,2.462,28
2017-09-20,BEL,2,2,0,0.5,4
2017-09-20,BGD,15,9,6,-0.673,73
2017-09-20,CAN,5,5,0,2.68,6
2017-09-20,CHN,28,24,4,1.95,98
2017-09-20,COL,4,0,4,-2.0,6
2017-09-20,DEU,24,23,1,4.058,344
2017-09-20,EGY,1,0,1,-5.0,6
2017-09-20,EUR,22,20,2,1.291,463
2017-09-20,FRA,2,2,0,1.0,8
2017-09-20,GBR,37,26,11,0.351,128
2017-09-20,GRC,2,2,0,0.4,15
2017-09-20,IDN,1,1,0,0.0,2
2017-09-20,JOR,6,4,2,0.9,12
2017-09-20,JPN,33,32,1,2.733,75
2017-09-20,KAZ,6,6,0,5.0,18
2017-09-20,KOR,1,1,0,0.0,6
2017-09-20,KWT,4,4,0,6.0,39
2017-09-20,MDV,1,1,0,0.4,3
2017-09-20,MEA,1,1,0,7.0,2
2017-09-20,MEX,4,3,1,-0.4,13
2017-09-20,MMR,6,4,2,-1.933,38
2017-09-20,MYS,7,7,0,3.571,14
2017-09-20,NPL,37,20,17,-2.241,168
2017-09-20,NZL,1,1,0,3.0,20
2017-09-20,OMN,8,6,2,0.925,16
2017-09-20,PAK,50,19,31,-3.288,251
2017-09-20,PRK,1,0,1,-2.0,5
2017-09-20,QAT,5,4,1,1.4,10
2017-09-20,RUS,5,5,0,1.8,13
2017-09-20,SGP,6,4,2,-0.1,18
2017-09-20,SYR,2,2,0,4.0,2
2017-09-20,THA,3,3,0,2.5,8
2017-09-20,TUR,8,7,1,6.175,67
2017-09-20,TWN,3,3,0,2.5,6
2017-09-20,USA,60,54,6,2.34,311
2017-09-20,UZB,2,2,0,7.0,14
2017-09-20,VAT,6,6,0,2.35,12
2017-09-20,VEN,2,2,0,3.0,4
2017-09-20,VNM,2,2,0,0.0,4
2017-09-20,ZWE,7,7,0,3.057,24
2017-09-21,AFG,3,3,0,3.267,8
2017-09-21,AFR,6,4,2,1.667,54
2017-09-21,ARE,2,2,0,2.35,8
2017-09-21,AUS,8,4,4,-3.425,68
2017-09-21,BEL,2,2,0,7.4,6
2017-09-21,BGD,15,10,5,-0.7,58
2017-09-21,BRN,1,1,0,3.4,2
2017-09-21,CAN,2,2,0,2.35,12
2017-09-21,CHE,4,4,0,1.35,18
2017-09-21,CHN,28,24,4,0.75,109
2017-09-21,DEU,7,6,1,4.029,90
2017-09-21,DNK,3,3,0,2.5,12
2017-09-21,ETH,2,2,0,6.0,8
2017-09-21,EUR,3,3,0,4.6,11
2017-09-21,FRA,9,9,0,6.222,42
2017-09-21,GBR,15,10,5,0.447,84
2017-09-21,GRC,1,1,0,7.0,5
2017-09-21,IRN,2,2,0,0.0,4
2017-09-21,IRQ,2,1,1,-0.8,10
2017-09-21,JOR,7,6,1,0.571,18
2017-09-21,JPN,27,21,6,-0.511,62
2017-09-21,KAZ,6,6,0,4.233,20
2017-09-21,KHM,2,2,0,6.4,11
2017-09-21,KIR,2,2,0,2.35,14
2017-09-21,MEX,4,2,2,-3.825,8
2017-09-21,MMR,7,7,0,3.171,35
2017-09-21,NPL,14,7,7,-2.736,47
2017-09-21,OMN,3,2,1,0.333,38
2017-09-21,PAK,59,21,38,-3.88,300
2017-09-21,PRK,3,3,0,4.8,4
2017-09-21,PRT,1,1,0,5.0,10
2017-09-21,QAT,5,5,0,1.54,26
2017-09-21,RUS,5,5,0,1.84,30
2017-09-21,SEA,2,2,0,0.0,8
2017-09-21,SGP,2,2,0,4.0,3
2017-09-21,TUR,4,3,1,3.4,23
2017-09-21,TWN,6,6,0,8.0,24
2017-09-21,USA,65,58,7,2.655,379
2017-09-21,ZAF,12,5,7,0.417,44
2017-09-22,AFG,1,1,0,3.0,6
2017-09-22,AFR,4,4,0,3.5,18
2017-09-22,ARE,9,8,1,1.878,66
2017-09-22,BGD,12,9,3,0.1,49
2017-09-22,BTN,1,1,0,7.0,1
2017-09-22,CAN,4,4,0,2.35,8
2017-09-22,CHE,2,2,0,1.0,2
2017-09-22,CHN,9,5,4,-1.767,27
2017-09-22,DEU,11,11,0,2.882,40
2017-09-22,FIN,3,0,3,-9.5,8
2017-09-22,FJI,1,1,0,2.5,6
2017-09-22,FRA,3,3,0,3.133,6
2017-09-22,GBR,31,26,5,2.026,249
2017-09-22,HKG,2,2,0,2.35,12
2017-09-22,ISR,5,5,0,2.68,9
2017-09-22,JOR,4,4,0,2.35,6
2017-09-22,JPN,8,8,0,3.05,16
2017-09-22,KOR,2,2,0,6.0,32
2017-09-22,LKA,4,4,0,2.35,40
2017-09-22,MEA,1,0,1,-2.0,2
2017-09-22,MMR,2,1,1,-2.2,9
2017-09-22,MNG,1,0,1,-7.2,5
2017-09-22,NGA,1,1,0,7.0,6
2017-09-22,NOR,1,1,0,0.0,1
2017-09-22,NPL,13,4,9,-4.246,235
2017-09-22,OMN,1,1,0,5.0,16
2017-09-22,PAK,116,64,52,-0.988,730
2017-09-22,POL,1,1,0,3.0,3
2017-09-22,QAT,1,1,0,5.0,2
2017-09-22,RUS,2,2,0,4.0,6
2017-09-22,SAS,3,3,0,2.5,80
2017-09-22,SEA,4,4,0,3.75,15
2017-09-22,SOM,1,1,0,7.0,6
2017-09-22,SSD,1,1,0,7.0,6
2017-09-22,TUR,2,1,1,-1.2,12
2017-09-22,TWN,2,2,0,2.35,4
2017-09-22,UKR,12,0,12,-8.15,47
2017-09-22,USA,64,60,4,2.83,285
2017-09-22,VAT,2,2,0,2.35,2
2017-09-22,YEM,14,14,0,6.164,44
2017-09-22,ZAF,1,0,1,-2.0,6
2017-09-23,ARE,9,6,3,0.5,53
2017-09-23,AUS,7,5,2,0.857,17
2017-09-23,AUT,3,0,3,-10.0,4
2017-09-23,BGD,21,13,8,0.529,86
2017-09-23,CAN,3,3,0,2.7,3
2017-09-23,CHN,16,4,12,-6.662,252
2017-09-23,DEU,3,0,3,-8.333,16
2017-09-23,EUR,2,2,0,2.35,10
2017-09-23,FIN,4,4,0,1.0,20
2017-09-23,FRA,5,5,0,8.0,6
2017-09-23,GBR,25,22,3,3.312,83
2017-09-23,GRC,3,3,0,2.2,20
2017-09-23,HUN,5,5,0,1.88,93
2017-09-23,IDN,6,6,0,2.35,12
2017-09-23,ISR,2,2,0,4.7,12
2017-09-23,ITA,2,2,0,3.4,4
2017-09-23,JPN,7,5,2,1.671,18
2017-09-23,KWT,3,3,0,2.2,12
2017-09-23,LKA,2,2,0,2.35,4
2017-09-23,MDV,4,3,1,-1.5,11
2017-09-23,MMR,9,9,0,3.233,57
2017-09-23,NGA,1,1,0,7.0,6
2017-09-23,NPL,8,4,4,-2.25,69
2017-09-23,OMN,2,0,2,-5.0,4
2017-09-23,PAK,105,60,45,-0.432,449
2017-09-23,SAS,2,0,2,-3.5,7
2017-09-23,SAU,2,2,0,1.0,10
2017-09-23,SEA,1,1,0,7.0,5
2017-09-23,SOM,1,1,0,7.0,6
2017-09-23,SSD,1,1,0,7.0,6
2017-09-23,SWE,3,0,3,-5.0,4
2017-09-23,UGA,4,4,0,3.55,9
2017-09-23,UKR,11,0,11,-7.291,33
2017-09-23,USA,74,66,8,1.614,270
2017-09-23,VNM,3,3,0,0.0,6
2017-09-23,YEM,7,7,0,4.171,24
2017-09-24,AFG,38,38,0,3.784,191
2017-09-24,AFR,5,4,1,1.78,8
2017-09-24,ARE,8,8,0,2.35,22
2017-09-24,ARG,4,4,0,5.0,4
2017-09-24,AUS,6,4,2,-2.667,12
2017-09-24,BGD,6,6,0,4.917,51
2017-09-24,BGR,2,2,0,1.0,12
2017-09-24,BRA,2,2,0,5.0,4
2017-09-24,BRN,2,2,0,2.35,4
2017-09-24,CAN,1,1,0,0.0,4
2017-09-24,CHN,26,18,8,-0.777,223
2017-09-24,GBR,7,7,0,5.543,15
2017-09-24,HUN,2,2,0,2.35,12
2017-09-24,IDN,2,2,0,8.0,4
2017-09-24,IRN,4,4,0,3.4,12
2017-09-24,IRQ,2,2,0,-1.0,6
2017-09-24,ITA,2,2,0,0.0,9
2017-09-24,JPN,10,9,1,2.54,34
2017-09-24,MDV,1,0,1,-9.5,5
2017-09-24,MEX,1,1,0,-2.0,4
2017-09-24,MMR,8,6,2,1.363,30
2017-09-24,NPL,11,8,3,-0.427,96
2017-09-24,OMN,11,10,1,1.273,19
2017-09-24,PAK,84,23,61,-3.487,504
2017-09-24,RUS,3,0,3,-4.667,12
2017-09-24,SAU,5,1,4,-2.92,6
2017-09-24,SEA,1,0,1,-4.4,5
2017-09-24,SGP,13,8,5,0.238,25
2017-09-24,THA,3,3,0,2.7,18
2017-09-24,TWN,2,2,0,4.0,14
2017-09-24,UGA,3,3,0,4.0,18
2017-09-24,UKR,5,0,5,-9.2,10
2017-09-24,USA,81,77,4,3.122,288
2017-09-24,VEN,2,0,2,-8.0,6
2017-09-24,VNM,2,0,2,-10.0,3
2017-09-24,YEM,6,6,0,0.667,12
2017-09-24,ZAF,3,3,0,2.7,3
2017-09-25,AFG,42,39,3,2.652,104
2017-09-25,AFR,3,3,0,3.567,6
2017-09-25,ARE,13,13,0,1.923,56
2017-09-25,AUT,3,0,3,-10.0,4
2017-09-25,AZE,2,2,0,2.35,12
2017-09-25,BGD,13,7,6,1.462,63
2017-09-25,CHE,2,2,0,0.0,3
2017-09-25,CHN,27,25,2,2.067,202
2017-09-25,DEU,2,0,2,-10.0,6
2017-09-25,EGY,16,16,0,5.062,50
2017-09-25,ESP,2,0,2,-5.0,8
2017-09-25,EUR,3,3,0,2.2,12
2017-09-25,GBR,29,19,10,-0.4,166
2017-09-25,ISR,4,3,1,0.05,10
2017-09-25,ITA,7,5,2,2.014,32
2017-09-25,JPN,16,15,1,4.175,74
2017-09-25,KAZ,2,2,0,2.5,4
2017-09-25,LKA,6,6,0,2.567,14
2017-09-25,MDV,1,0,1,-10.0,6
2017-09-25,MMR,2,1,1,-3.5,15
2017-09-25,NPL,22,21,1,3.1,216
2017-09-25,OMN,6,6,0,1.45,18
2017-09-25,PAK,56,31,25,-1.234,145
2017-09-25,PGS,4,4,0,4.7,12
2017-09-25,PHL,2,0,2,-2.0,2
2017-09-25,PRK,11,7,4,-2.018,28
2017-09-25,QAT,1,1,0,0.4,2
2017-09-25,RUS,4,0,4,-2.0,12
2017-09-25,SAS,3,3,0,1.8,8
2017-09-25,SGP,9,6,3,0.511,30
2017-09-25,SSD,2,2,0,7.4,10
2017-09-25,TUR,2,2,0,1.9,3
2017-09-25,USA,227,191,36,1.836,1373
2017-09-25,VEN,3,3,0,6.0,4
2017-09-25,ZAF,3,0,3,-5.0,32
2017-09-25,ZMB,4,4,0,2.35,6
2017-09-26,AFG,94,76,18,1.976,762
2017-09-26,ARE,17,13,4,1.188,82
2017-09-26,BGD,7,5,2,-0.357,15
2017-09-26,BTN,2,0,2,-2.0,4
2017-09-26,CAN,7,6,1,2.686,12
2017-09-26,CHE,5,2,3,0.8,8
2017-09-26,CHN,22,7,15,-2.609,184
2017-09-26,EGY,4,4,0,1.0,8
2017-09-26,EST,1,0,1,-2.0,2
2017-09-26,EUR,2,2,0,7.0,12
2017-09-26,FJI,6,6,0,7.333,18
2017-09-26,FRA,2,2,0,2.35,4
2017-09-26,GBR,38,35,3,3.889,96
2017-09-26,GRC,1,1,0,7.0,10
2017-09-26,IRN,2,0,2,-2.0,2
2017-09-26,ISR,2,2,0,4.0,5
2017-09-26,ITA,5,0,5,-5.1,19
2017-09-26,JOR,1,1,0,-2.0,2
2017-09-26,JPN,4,4,0,3.6,16
2017-09-26,KOR,8,8,0,3.763,80
2017-09-26,LBN,1,0,1,-5.0,4
2017-09-26,LKA,6,4,2,2.6,35
2017-09-26,MDV,10,8,2,2.14,48
2017-09-26,MMR,9,5,4,-1.256,24
2017-09-26,MUS,5,5,0,2.14,40
2017-09-26,MYS,7,7,0,3.057,13
2017-09-26,NER,6,6,0,7.333,18
2017-09-26,NPL,40,28,12,-0.148,574
2017-09-26,OMN,2,2,0,5.0,2
2017-09-26,PAK,49,24,25,-2.267,260
2017-09-26,PRK,18,18,0,4.189,200
2017-09-26,PSE,2,2,0,0.0,2
2017-09-26,SAS,1,1,0,3.5,6
2017-09-26,SAU,8,6,2,-0.625,32
2017-09-26,SGP,4,4,0,3.5,7
2017-09-26,SWE,2,0,2,-5.0,4
2017-09-26,THA,6,6,0,2.9,20
2017-09-26,TUV,6,6,0,7.333,18
2017-09-26,TWN,1,0,1,-5.0,4
2017-09-26,TZA,7,1,6,-8.571,75
2017-09-26,USA,156,136,20,1.662,712
2017-09-26,ZAF,6,0,6,-5.0,28
2017-09-27,AFG,73,57,16,0.451,289
2017-09-27,AFR,2,0,2,-5.0,2
2017-09-27,AUS,7,5,2,0.771,11
2017-09-27,BGD,15,14,1,3.36,76
2017-09-27,BTN,2,2,0,3.4,16
2017-09-27,CAN,3,3,0,2.5,12
2017-09-27,CHE,3,3,0,-2.0,12
2017-09-27,CHN,35,30,5,3.917,167
2017-09-27,DEU,5,5,0,1.88,14
2017-09-27,DNK,2,2,0,4.0,24
2017-09-27,EGY,14,7,7,-1.357,19
2017-09-27,GBR,27,20,7,1.644,113
2017-09-27,GUY,2,2,0,2.35,12
2017-09-27,IRQ,1,0,1,-5.0,5
2017-09-27,JOR,5,3,2,-0.86,22
2017-09-27,JPN,15,15,0,1.3,64
2017-09-27,KOR,6,6,0,6.117,22
2017-09-27,LKA,6,0,6,-6.9,83
2017-09-27,MDV,1,0,1,-5.0,10
2017-09-27,MMR,12,7,5,-1.458,65
2017-09-27,MYS,4,4,0,2.35,8
2017-09-27,NGA,2,0,2,-5.0,8
2017-09-27,NPL,6,6,0,5.783,28
2017-09-27,PAK,48,22,26,-2.458,415
2017-09-27,POL,2,2,0,2.35,8
2017-09-27,PRK,2,2,0,5.0,6
2017-09-27,RUS,10,8,2,3.34,14
2017-09-27,SAS,15,0,15,-3.267,156
2017-09-27,SAU,15,11,4,1.467,42
2017-09-27,SEA,3,3,0,4.0,88
2017-09-27,SGP,6,3,3,-0.717,22
2017-09-27,SYR,2,2,0,4.25,8
2017-09-27,THA,6,6,0,2.35,28
2017-09-27,USA,72,47,25,0.771,222
2017-09-27,YEM,1,1,0,7.4,1
2017-09-27,ZAF,4,0,4,-5.0,9
2017-09-28,AFG,42,29,13,-0.769,141
2017-09-28,AFR,1,0,1,-5.0,10
2017-09-28,ARE,3,2,1,-1.767,30
2017-09-28,AUS,9,9,0,3.489,42
2017-09-28,BGD,5,4,1,1.42,34
2017-09-28,BLR,4,4,0,2.35,12
2017-09-28,CAN,5,0,5,-5.32,11
2017-09-28,CHE,8,7,1,2.163,24
2017-09-28,CHN,48,42,6,2.319,199
2017-09-28,DEU,5,3,2,-0.36,30
2017-09-28,EUR,5,4,1,1.2,18
2017-09-28,FJI,4,4,0,7.5,18
2017-09-28,FRA,4,4,0,0.175,12
2017-09-28,GBR,4,1,3,-0.4,12
2017-09-28,IRQ,3,3,0,1.567,15
2017-09-28,ISR,9,4,5,-4.4,17
2017-09-28,ITA,1,1,0,0.0,4
2017-09-28,JPN,17,15,2,1.018,38
2017-09-28,KEN,2,2,0,2.35,8
2017-09-28,KHM,4,4,0,7.0,12
2017-09-28,KOR,21,21,0,2.424,50
2017-09-28,LKA,18,12,6,0.911,67
2017-09-28,MDV,1,1,0,-0.4,60
2017-09-28,MMR,2,1,1,-3.5,10
2017-09-28,MUS,1,0,1,-10.0,4
2017-09-28,NER,3,3,0,7.333,18
2017-09-28,NPL,19,15,4,0.695,77
2017-09-28,OMN,7,7,0,3.571,8
2017-09-28,PAK,33,20,13,-1.633,102
2017-09-28,PAN,1,1,0,3.0,5
2017-09-28,SAS,4,2,2,-3.0,11
2017-09-28,SAU,10,10,0,2.08,24
2017-09-28,SDN,1,0,1,-5.0,8
2017-09-28,SEA,3,3,0,4.0,8
2017-09-28,SGP,8,8,0,1.25,24
2017-09-28,SYR,1,1,0,3.4,4
2017-09-28,TUV,3,3,0,7.333,18
2017-09-28,USA,63,53,10,1.67,382
2017-09-28,VAT,24,19,5,0.067,87
2017-09-28,YEM,48,45,3,4.529,303
2017-09-28,ZAF,8,2,6,-1.875,18
2017-09-29,AFG,30,22,8,-0.567,75
2017-09-29,AFR,1,0,1,-5.0,2
2017-09-29,AUS,2,2,0,3.0,2
2017-09-29,BGD,9,7,2,2.278,43
2017-09-29,BTN,6,3,3,-1.25,17
2017-09-29,CHN,27,19,8,0.781,106
2017-09-29,COL,2,0,2,-9.75,6
2017-09-29,DEU,8,7,1,3.625,273
2017-09-29,DJI,1,1,0,4.0,1
2017-09-29,ESP,2,2,0,2.35,12
2017-09-29,ETH,5,5,0,2.68,9
2017-09-29,EUR,8,8,0,3.5,32
2017-09-29,FRA,4,4,0,2.45,9
2017-09-29,GBR,16,14,2,2.881,95
2017-09-29,IRN,3,0,3,-5.0,8
2017-09-29,IRQ,10,10,0,1.88,42
2017-09-29,ITA,3,3,0,1.333,10
2017-09-29,JPN,25,25,0,2.872,66
2017-09-29,KOR,2,2,0,4.0,8
2017-09-29,LKA,2,0,2,-5.0,8
2017-09-29,LUX,3,3,0,2.0,24
2017-09-29,MDV,6,4,2,-1.6,28
2017-09-29,MMR,5,5,0,1.58,43
2017-09-29,MOZ,2,0,2,-5.0,5
2017-09-29,NOR,2,2,0,8.0,2
2017-09-29,NPL,6,4,2,-1.217,18
2017-09-29,OMN,5,5,0,2.44,12
2017-09-29,PAK,48,29,19,-0.479,256
2017-09-29,RUS,20,16,4,0.04,32
2017-09-29,SAS,8,2,6,-4.5,58
2017-09-29,SAU,8,8,0,3.425,48
2017-09-29,SGP,19,19,0,3.095,93
2017-09-29,SWE,1,1,0,3.4,4
2017-09-29,SYR,5,5,0,0.8,16
2017-09-29,THA,1,1,0,3.4,2
2017-09-29,USA,90,70,20,1.066,514
2017-09-29,VAT,13,13,0,2.738,47
2017-09-29,VNM,2,1,1,0.7,7
2017-09-29,YEM,9,8,1,2.156,35
2017-09-29,ZAF,4,4,0,3.175,24
2017-09-30,AFG,22,20,2,2.436,60
2017-09-30,BGD,22,20,2,2.227,101
2017-09-30,CHN,38,28,10,0.197,232
2017-09-30,DEU,1,1,0,7.0,12
2017-09-30,DJI,3,3,0,2.9,14
2017-09-30,ETH,1,1,0,4.0,2
2017-09-30,EUR,3,3,0,6.667,22
2017-09-30,GBR,6,0,6,-8.333,6
2017-09-30,GRC,1,1,0,0.0,9
2017-09-30,IRL,1,0,1,-5.0,5
2017-09-30,IRQ,2,2,0,3.5,15
2017-09-30,JPN,3,2,1,0.667,10
2017-09-30,KWT,4,0,4,-5.0,61
2017-09-30,LKA,11,6,5,-0.064,107
2017-09-30,LUX,1,1,0,4.0,4
2017-09-30,MMR,8,5,3,-0.725,48
2017-09-30,MYS,3,3,0,4.0,15
2017-09-30,OMN,2,2,0,5.2,4
2017-09-30,PAK,46,17,29,-2.42,254
2017-09-30,PHL,6,4,2,1.45,6
2017-09-30,PRK,1,0,1,-7.2,5
2017-09-30,PRT,1,1,0,0.0,8
2017-09-30,SAS,3,0,3,-2.667,10
2017-09-30,SAU,8,8,0,1.75,24
2017-09-30,SGP,8,6,2,0.075,16
2017-09-30,SYR,2,1,1,-1.0,7
2017-09-30,THA,8,8,0,2.462,42
2017-09-30,USA,47,36,11,0.321,131
2017-10-01,AFG,4,4,0,4.7,26
2017-10-01,ARE,2,2,0,2.35,4
2017-10-01,AUS,5,2,3,-1.36,178
2017-10-01,BGD,30,24,6,1.54,131
2017-10-01,BOL,3,3,0,2.5,8
2017-10-01,CAN,1,1,0,0.4,2
2017-10-01,CHN,62,50,12,1.194,342
2017-10-01,CZE,19,19,0,5.737,87
2017-10-01,DEU,1,1,0,0.4,4
2017-10-01,EUR,1,1,0,4.0,2
2017-10-01,FRA,5,5,0,1.48,15
2017-10-01,GBR,5,3,2,-0.04,24
2017-10-01,IRQ,3,2,1,1.8,9
2017-10-01,ITA,2,1,1,-2.0,15
2017-10-01,JOR,1,1,0,3.0,4
2017-10-01,JPN,9,9,0,4.133,66
2017-10-01,KOR,2,2,0,3.4,6
2017-10-01,KWT,4,1,3,-2.9,15
2017-10-01,LKA,8,8,0,2.638,48
2017-10-01,LUX,1,1,0,4.0,4
2017-10-01,MMR,38,35,3,2.329,906
2017-10-01,MYS,2,2,0,4.0,8
2017-10-01,OMN,5,2,3,0.0,16
2017-10-01,PAK,43,25,18,-1.347,183
2017-10-01,PRK,2,2,0,5.0,6
2017-10-01,SAU,4,4,0,4.0,36
2017-10-01,THA,10,10,0,2.35,20
2017-10-01,USA,50,47,3,1.382,380
2017-10-01,VAT,24,24,0,3.304,148
2017-10-01,YEM,25,22,3,1.968,243
2017-10-02,AFG,62,60,2,3.737,215
2017-10-02,ARE,2,0,2,-2.0,3
2017-10-02,AUS,10,9,1,2.22,279
2017-10-02,BGD,19,13,6,1.442,140
2017-10-02,BRA,2,0,2,-10.0,5
2017-10-02,CAN,3,3,0,0.133,6
2017-10-02,CHE,1,1,0,0.0,5
2017-10-02,CHN,21,19,2,1.133,118
2017-10-02,CZE,17,17,0,4.529,78
2017-10-02,DEU,1,0,1,-6.5,10
2017-10-02,ESP,3,3,0,3.0,110
2017-10-02,EUR,1,1,0,4.0,10
2017-10-02,FRA,1,0,1,-4.0,1
2017-10-02,GBR,22,14,8,-0.345,142
2017-10-02,ITA,6,5,1,1.033,55
2017-10-02,JPN,22,22,0,3.532,108
2017-10-02,KOR,4,4,0,5.85,4
2017-10-02,LBN,3,3,0,2.0,9
2017-10-02,LKA,2,2,0,2.35,20
2017-10-02,MDV,2,2,0,7.0,2
2017-10-02,MEA,2,2,0,4.0,12
2017-10-02,MLI,5,2,3,-2.22,21
2017-10-02,MMR,7,2,5,-4.557,77
2017-10-02,NMR,3,3,0,6.0,8
2017-10-02,NPL,6,6,0,2.35,20
2017-10-02,PAK,83,35,48,-3.371,412
2017-10-02,SAU,3,3,0,6.0,12
2017-10-02,SEA,3,3,0,2.9,18
2017-10-02,SGP,4,4,0,6.5,21
2017-10-02,THA,6,6,0,2.9,12
2017-10-02,TWN,4,4,0,5.2,180
2017-10-02,USA,49,35,14,0.004,242
2017-10-02,VNM,4,4,0,2.35,12
2017-10-02,YEM,5,5,0,3.22,21
2017-10-03,AFG,18,14,4,0.828,46
2017-10-03,AFR,5,5,0,2.44,10
2017-10-03,ARE,4,1,3,-2.9,24
2017-10-03,AUS,10,10,0,0.84,41
2017-10-03,BGD,7,2,5,-1.571,35
2017-10-03,BRA,2,2,0,7.0,4
2017-10-03,CAN,3,3,0,2.5,12
2017-10-03,CHE,2,2,0,2.35,10
2017-10-03,CHL,1,1,0,3.4,5
2017-10-03,CHN,10,10,0,2.6,315
2017-10-03,CZE,2,2,0,4.0,5
2017-10-03,DEU,1,1,0,0.0,2
2017-10-03,DJI,6,6,0,3.567,18
2017-10-03,ESP,3,3,0,3.0,12
2017-10-03,ETH,4,4,0,2.35,12
2017-10-03,EUR,1,0,1,-2.0,20
2017-10-03,FIN,6,6,0,1.833,18
2017-10-03,FRA,10,5,5,3.1,27
2017-10-03,GBR,80,31,49,-2.455,320
2017-10-03,GHA,1,1,0,3.4,12
2017-10-03,IRL,3,2,1,-1.767,10
2017-10-03,IRN,12,9,3,0.167,23
2017-10-03,IRQ,6,2,4,-3.333,10
2017-10-03,ITA,2,0,2,-6.5,6
2017-10-03,JOR,7,7,0,3.057,19
2017-10-03,JPN,9,9,0,2.489,122
2017-10-03,LBN,1,1,0,3.5,4
2017-10-03,LKA,2,2,0,4.0,34
2017-10-03,MEX,9,7,2,0.667,19
2017-10-03,MLI,6,3,3,-3.85,17
2017-10-03,MYS,2,2,0,4.0,4
2017-10-03,NOR,4,4,0,2.35,24
2017-10-03,NPL,40,28,12,-1.018,398
2017-10-03,NZL,1,0,1,-2.0,1
2017-10-03,PAK,53,21,32,-4.36,394
2017-10-03,SEA,1,1,0,3.4,3
2017-10-03,THA,3,3,0,2.5,8
2017-10-03,TWN,3,3,0,5.2,30
2017-10-03,USA,116,68,48,-0.704,968
2017-10-03,VNM,10,10,0,3.46,62
2017-10-03,YEM,2,2,0,7.0,13
2017-10-04,AFG,3,0,3,-10.0,4
2017-10-04,AFR,8,6,2,0.887,104
2017-10-04,ARE,7,7,0,2.286,18
2017-10-04,AUS,5,5,0,1.8,22
2017-10-04,BGD,17,15,2,3.235,67
2017-10-04,BLR,5,4,1,0.04,20
2017-10-04,BRA,1,0,1,-10.0,2
2017-10-04,BTN,13,10,3,0.615,67
2017-10-04,CHE,1,0,1,-2.0,6
2017-10-04,CHN,25,16,9,0.94,207
2017-10-04,DEU,1,1,0,0.0,1
2017-10-04,ESP,1,0,1,-2.0,3
2017-10-04,EUR,2,2,0,1.0,6
2017-10-04,FIN,2,2,0,1.75,8
2017-10-04,FRA,7,4,3,0.243,24
2017-10-04,GBR,32,12,20,-2.322,73
2017-10-04,IRL,6,6,0,2.35,12
2017-10-04,IRQ,1,1,0,4.0,2
2017-10-04,ITA,9,5,4,-1.122,33
2017-10-04,JOR,2,2,0,4.0,4
2017-10-04,JPN,11,6,5,0.036,61
2017-10-04,KOR,5,4,1,1.24,31
2017-10-04,LKA,2,2,0,1.0,2
2017-10-04,LUX,2,2,0,1.0,3
2017-10-04,NGA,1,0,1,-5.0,2
2017-10-04,NPL,35,21,14,-1.829,518
2017-10-04,OMN,2,2,0,3.0,4
2017-10-04,PAK,28,11,17,-3.354,145
2017-10-04,POL,1,0,1,-4.0,6
2017-10-04,PSE,2,2,0,2.35,4
2017-10-04,QAT,4,4,0,2.35,4
2017-10-04,SAU,1,1,0,0.0,6
2017-10-04,SEA,2,0,2,-5.0,12
2017-10-04,SWE,2,2,0,2.5,5
2017-10-04,THA,4,2,2,0.175,18
2017-10-04,TUR,1,0,1,-2.0,2
2017-10-04,TZA,2,2,0,2.35,20
2017-10-04,UKR,1,0,1,-9.2,4
2017-10-04,USA,102,69,33,0.254,503
2017-10-04,VNM,5,5,0,2.08,64
2017-10-05,AFG,22,20,2,3.091,206
2017-10-05,AFR,14,14,0,2.35,396
2017-10-05,ARE,8,8,0,2.35,20
2017-10-05,BGD,26,20,6,2.219,93
2017-10-05,BTN,1,1,0,3.4,10
2017-10-05,CAN,6,6,0,5.083,30
2017-10-05,CHN,50,37,13,0.804,169
2017-10-05,DNK,8,8,0,1.675,22
2017-10-05,ESP,4,2,2,1.75,12
2017-10-05,EUR,5,5,0,6.56,42
2017-10-05,FRA,3,1,2,-3.333,8
2017-10-05,GBR,11,8,3,-0.391,21
2017-10-05,IDN,1,0,1,-5.0,5
2017-10-05,IRN,7,4,3,-0.8,21
2017-10-05,IRQ,3,0,3,-2.0,10
2017-10-05,ITA,1,0,1,-5.0,6
2017-10-05,JPN,5,5,0,2.68,36
2017-10-05,KOR,1,1,0,4.0,6
2017-10-05,LBN,2,2,0,5.2,4
2017-10-05,LKA,8,0,8,-4.25,116
2017-10-05,MDV,1,1,0,-0.4,6
2017-10-05,MMR,12,10,2,4.4,90
2017-10-05,NGA,4,0,4,-5.0,6
2017-10-05,NLD,9,9,0,2.0,12
2017-10-05,NMR,2,2,0,1.0,2
2017-10-05,NPL,7,4,3,-2.443,37
2017-10-05,OMN,1,1,0,7.0,6
2017-10-05,PAK,26,14,12,-2.285,58
2017-10-05,SAU,7,7,0,1.9,17
2017-10-05,SGP,3,3,0,8.0,20
2017-10-05,SOM,2,2,0,2.35,2
2017-10-05,UGA,3,3,0,3.0,6
2017-10-05,UKR,6,5,1,0.3,36
2017-10-05,USA,142,106,36,0.638,938
2017-10-05,UZB,1,0,1,-2.0,1
2017-10-06,AFG,3,3,0,-0.4,12
2017-10-06,AFR,7,7,0,2.586,46
2017-10-06,ARE,18,15,3,1.156,58
2017-10-06,ASA,4,4,0,3.175,24
2017-10-06,BGD,18,18,0,2.856,144
2017-10-06,CAN,2,2,0,7.0,12
2017-10-06,CHE,2,0,2,-3.5,8
2017-10-06,CHN,43,25,18,-0.323,196
2017-10-06,DEU,6,5,1,1.45,31
2017-10-06,DJI,4,4,0,2.35,12
2017-10-06,ESP,3,2,1,2.0,15
2017-10-06,ETH,4,4,0,2.35,12
2017-10-06,EUR,26,25,1,4.458,220
2017-10-06,FRA,4,1,3,-6.75,8
2017-10-06,GBR,6,3,3,-1.1,21
2017-10-06,IRQ,4,4,0,2.35,10
2017-10-06,ISR,1,1,0,5.2,2
2017-10-06,ITA,2,0,2,-8.25,5
2017-10-06,JPN,6,6,0,2.7,20
2017-10-06,KHM,2,2,0,5.0,6
2017-10-06,LKA,7,4,3,-0.8,28
2017-10-06,LUX,1,1,0,4.0,5
2017-10-06,MAR,5,5,0,3.08,10
2017-10-06,MDV,6,4,2,0.683,30
2017-10-06,MLT,2,2,0,4.0,8
2017-10-06,MMR,2,2,0,7.4,10
2017-10-06,MUS,33,33,0,2.752,338
2017-10-06,NGA,2,0,2,-5.0,6
2017-10-06,NOR,1,1,0,3.0,2
2017-10-06,NPL,8,0,8,-9.0,72
2017-10-06,PAK,21,6,15,-4.005,87
2017-10-06,RUS,13,10,3,0.031,28
2017-10-06,SAU,5,5,0,2.44,12
2017-10-06,SOM,6,6,0,2.35,14
2017-10-06,SRB,3,3,0,3.4,3
2017-10-06,SYR,1,0,1,-10.0,10
2017-10-06,TUR,2,2,0,1.0,4
2017-10-06,USA,71,65,6,2.085,451
2017-10-06,VNM,6,4,2,1.467,12
2017-10-07,AFG,15,12,3,0.153,59
2017-10-07,AFR,3,3,0,1.567,17
2017-10-07,ARE,2,0,2,-10.0,3
2017-10-07,AUS,10,7,3,0.26,68
2017-10-07,BGD,27,25,2,2.911,116
2017-10-07,BTN,14,14,0,2.8,30
2017-10-07,CAN,1,1,0,6.4,10
2017-10-07,CHN,31,24,7,0.687,96
2017-10-07,DJI,6,6,0,2.35,20
2017-10-07,ETH,6,6,0,2.35,20
2017-10-07,EUR,12,12,0,3.375,89
2017-10-07,FRA,4,4,0,2.35,24
2017-10-07,GBR,19,15,4,1.211,39
2017-10-07,JPN,4,4,0,3.8,14
2017-10-07,KOR,1,1,0,-2.0,14
2017-10-07,LKA,6,6,0,2.5,20
2017-10-07,MDV,6,4,2,-0.933,45
2017-10-07,MMR,3,0,3,-6.267,12
2017-10-07,NGA,12,3,9,-2.0,26
2017-10-07,NPL,3,0,3,-10.0,10
2017-10-07,PAK,23,10,13,-1.191,105
2017-10-07,PRK,3,0,3,-6.267,7
2017-10-07,PRT,1,0,1,-5.0,8
2017-10-07,RUS,1,1,0,-2.0,1
2017-10-07,RWA,4,2,2,-0.65,20
2017-10-07,SAS,3,1,2,-2.2,13
2017-10-07,SEA,2,2,0,4.0,10
2017-10-07,THA,2,2,0,2.35,6
2017-10-07,TZA,1,1,0,3.4,6
2017-10-07,USA,41,29,12,-0.398,207
2017-10-08,AFG,14,11,3,-0.55,108
2017-10-08,AFR,4,4,0,7.4,16
2017-10-08,ARE,6,4,2,-0.267,23
2017-10-08,AUS,6,6,0,2.35,32
2017-10-08,BGD,1,1,0,3.4,4
2017-10-08,CHN,113,108,5,3.008,417
2017-10-08,EGY,2,2,0,2.35,128
2017-10-08,EUR,4,4,0,1.0,24
2017-10-08,FRA,1,1,0,0.0,2
2017-10-08,GBR,20,9,11,-2.745,61
2017-10-08,IRL,4,4,0,2.35,24
2017-10-08,ISR,1,1,0,4.0,4
2017-10-08,LKA,8,3,5,-3.025,80
2017-10-08,MDV,2,2,0,7.0,6
2017-10-08,MLT,2,2,0,4.0,4
2017-10-08,NGA,3,0,3,-5.0,6
2017-10-08,NPL,4,4,0,1.6,22
2017-10-08,PAK,13,6,7,-1.769,54
2017-10-08,PRK,1,0,1,-10.0,10
2017-10-08,PSE,2,2,0,4.0,6
2017-10-08,SAS,7,4,3,-0.429,49
2017-10-08,SAU,5,5,0,0.0,6
2017-10-08,SEA,3,2,1,-2.667,16
2017-10-08,SGP,7,7,0,6.429,8
2017-10-08,SYR,1,0,1,-5.0,2
2017-10-08,THA,2,0,2,-5.0,4
2017-10-08,USA,106,57,49,-1.012,655
2017-10-08,YEM,2,2,0,2.35,20
2017-10-09,AFG,3,3,0,1.133,6
2017-10-09,AFR,8,0,8,-4.35,29
2017-10-09,ARE,5,5,0,3.34,12
2017-10-09,AUS,3,3,0,2.9,52
2017-10-09,BEL,1,0,1,-5.0,2
2017-10-09,BGD,16,15,1,3.112,65
2017-10-09,BGR,2,2,0,2.35,12
2017-10-09,BHR,2,2,0,2.35,20
2017-10-09,CAF,1,0,1,-4.4,6
2017-10-09,CAN,1,1,0,0.0,5
2017-10-09,CHN,92,81,11,1.757,702
2017-10-09,COD,1,0,1,-10.0,6
2017-10-09,COG,2,0,2,-9.5,2
2017-10-09,CZE,10,10,0,3.7,35
2017-10-09,DEU,3,3,0,6.0,10
2017-10-09,EGY,9,4,5,-1.733,186
2017-10-09,EUR,5,5,0,2.34,27
2017-10-09,FIN,1,1,0,3.0,4
2017-10-09,FJI,3,3,0,2.2,8
2017-10-09,FRA,1,1,0,0.0,2
2017-10-09,GBR,38,31,7,2.142,225
2017-10-09,HUN,2,2,0,4.0,6
2017-10-09,IRL,2,0,2,-10.0,4
2017-10-09,ISR,2,2,0,2.35,4
2017-10-09,ITA,4,2,2,-2.95,38
2017-10-09,JPN,10,10,0,1.88,32
2017-10-09,LBN,7,7,0,2.157,52
2017-10-09,LKA,9,6,3,-1.167,20
2017-10-09,LTU,5,5,0,4.0,22
2017-10-09,MDV,1,0,1,-9.5,6
2017-10-09,MLI,1,0,1,-10.0,10
2017-10-09,MUS,3,3,0,3.4,6
2017-10-09,NGA,14,0,14,-6.679,39
2017-10-09,NPL,9,5,4,0.156,34
2017-10-09,PAK,50,8,42,-5.83,378
2017-10-09,PSE,2,2,0,2.35,4
2017-10-09,SAS,2,2,0,1.0,4
2017-10-09,SAU,11,11,0,2.609,31
2017-10-09,SWE,1,1,0,3.5,5
2017-10-09,TUR,8,8,0,3.012,20
2017-10-09,TWN,2,2,0,5.2,5
2017-10-09,USA,116,71,45,-0.284,2164
2017-10-09,VNM,3,3,0,2.2,12
2017-10-10,AFG,17,12,5,0.047,61
2017-10-10,AFR,2,2,0,0.0,2
2017-10-10,ARE,3,2,1,2.0,4
2017-10-10,ASA,1,0,1,-5.0,12
2017-10-10,AUS,14,14,0,1.957,48
2017-10-10,BEL,2,2,0,3.0,4
2017-10-10,BGD,20,14,6,1.82,108
2017-10-10,BTN,3,3,0,3.9,6
2017-10-10,CAN,10,10,0,4.27,42
2017-10-10,CHN,31,26,5,0.703,229
2017-10-10,COD,3,0,3,-10.0,3
2017-10-10,CZE,18,18,0,4.111,46
2017-10-10,DEU,9,9,0,4.156,50
2017-10-10,DNK,8,0,8,-6.75,26
2017-10-10,EGY,8,4,4,-1.675,72
2017-10-10,ESP,2,2,0,1.7,9
2017-10-10,EUR,4,4,0,3.9,16
2017-10-10,GBR,36,29,7,1.983,144
2017-10-10,GRC,3,2,1,1.667,12
2017-10-10,IDN,3,2,1,2.933,16
2017-10-10,IRQ,1,0,1,-9.5,3
2017-10-10,ISR,2,0,2,-5.0,6
2017-10-10,ITA,5,2,3,-0.74,14
2017-10-10,KHM,1,1,0,3.4,4
2017-10-10,KOR,3,3,0,8.0,22
2017-10-10,LBN,5,5,0,2.26,18
2017-10-10,LKA,7,5,2,-2.071,31
2017-10-10,LTU,1,1,0,0.0,6
2017-10-10,MDV,2,2,0,7.0,20
2017-10-10,MEA,4,4,0,4.0,8
2017-10-10,MMR,10,9,1,1.74,53
2017-10-10,NER,3,0,3,-7.667,8
2017-10-10,NGA,8,0,8,-7.062,25
2017-10-10,NLD,9,5,4,-1.189,24
2017-10-10,NOR,3,3,0,0.0,20
2017-10-10,NPL,6,6,0,1.067,21
2017-10-10,OMN,2,2,0,4.0,2
2017-10-10,PAK,55,37,18,0.031,328
2017-10-10,PHL,4,4,0,4.875,15
2017-10-10,QAT,1,1,0,0.0,5
2017-10-10,RUS,2,2,0,6.0,6
2017-10-10,SAS,9,4,5,-1.844,147
2017-10-10,SAU,2,2,0,3.4,8
2017-10-10,SWE,4,4,0,2.35,10
2017-10-10,TUR,6,6,0,2.35,32
2017-10-10,USA,104,78,26,0.492,469
2017-10-10,YEM,1,0,1,-5.0,3
2017-10-10,ZAF,1,1,0,0.0,2
2017-10-11,AFG,4,4,0,2.35,16
2017-10-11,AFR,8,3,5,-4.725,35
2017-10-11,ARE,1,1,0,3.4,10
2017-10-11,AUS,7,4,3,-1.143,86
2017-10-11,BGD,19,16,3,1.874,50
2017-10-11,BTN,4,4,0,2.35,8
2017-10-11,CAF,1,0,1,-4.4,6
2017-10-11,CAN,4,4,0,6.4,12
2017-10-11,CHN,38,27,11,0.374,103
2017-10-11,CZE,7,7,0,4.857,24
2017-10-11,EUR,2,2,0,4.0,2
2017-10-11,FIN,4,4,0,2.35,8
2017-10-11,FRA,13,13,0,4.269,77
2017-10-11,GBR,27,26,1,2.533,121
2017-10-11,GRC,2,1,1,-2.5,7
2017-10-11,IRL,3,3,0,3.5,12
2017-10-11,IRN,1,1,0,3.4,10
2017-10-11,ISR,1,0,1,-5.0,10
2017-10-11,JPN,1,1,0,-2.0,5
2017-10-11,LKA,7,4,3,-1.329,60
2017-10-11,LTU,7,7,0,4.771,30
2017-10-11,MAR,2,2,0,7.0,6
2017-10-11,MDV,4,3,1,1.15,21
2017-10-11,MLI,1,0,1,-5.0,2
2017-10-11,NGA,8,2,6,-5.913,78
2017-10-11,NLD,1,1,0,6.4,20
2017-10-11,NPL,2,2,0,2.35,6
2017-10-11,PAK,45,32,13,-0.367,222
2017-10-11,PER,1,1,0,7.0,8
2017-10-11,RUS,11,8,3,0.736,59
2017-10-11,SAS,7,4,3,-1.757,27
2017-10-11,SAU,2,0,2,-3.5,9
2017-10-11,SGP,3,3,0,3.133,12
2017-10-11,SWE,3,3,0,2.2,20
2017-10-11,THA,2,2,0,4.0,5
2017-10-11,TUR,4,4,0,4.0,12
2017-10-11,UKR,2,2,0,5.2,10
2017-10-11,USA,67,48,19,0.263,386
2017-10-12,AFG,2,2,0,0.4,2
2017-10-12,AFR,2,0,2,-10.0,6
2017-10-12,ARE,2,2,0,0.4,10
2017-10-12,AUS,7,4,3,-2.371,82
2017-10-12,BGD,11,9,2,3.291,48
2017-10-12,BTN,6,6,0,2.2,16
2017-10-12,CHL,3,3,0,2.2,24
2017-10-12,CHN,29,24,5,1.269,197
2017-10-12,DEU,5,5,0,7.48,16
2017-10-12,EGY,8,4,4,-1.325,22
2017-10-12,EUR,5,3,2,-0.4,21
2017-10-12,FRA,23,23,0,2.878,98
2017-10-12,GBR,11,6,5,0.0,24
2017-10-12,GRC,2,2,0,2.35,8
2017-10-12,IRL,1,1,0,0.0,3
2017-10-12,IRN,2,0,2,-2.0,12
2017-10-12,ISR,1,0,1,-10.0,2
2017-10-12,JPN,7,6,1,-0.514,50
2017-10-12,KOR,3,0,3,-10.0,4
2017-10-12,LKA,24,3,21,-3.837,211
2017-10-12,MAR,3,3,0,2.0,6
2017-10-12,MDV,5,5,0,4.94,18
2017-10-12,MMR,1,1,0,0.0,10
2017-10-12,MUS,2,2,0,3.4,6
2017-10-12,MYS,20,20,0,5.41,47
2017-10-12,NGA,1,1,0,10.0,2
2017-10-12,NPL,6,4,2,-1.767,26
2017-10-12,PAK,48,30,18,-1.398,243
2017-10-12,PHL,2,2,0,2.35,20
2017-10-12,PRT,2,2,0,2.35,8
2017-10-12,RUS,11,8,3,0.427,32
2017-10-12,SAU,5,4,1,0.34,30
2017-10-12,SEA,1,1,0,4.0,3
2017-10-12,SGP,10,10,0,5.8,70
2017-10-12,SWE,11,11,0,2.727,120
2017-10-12,SYC,3,0,3,-2.0,6
2017-10-12,THA,4,4,0,4.0,4
2017-10-12,TWN,2,2,0,3.5,2
2017-10-12,UKR,2,0,2,-9.2,6
2017-10-12,USA,62,49,13,1.41,233
2017-10-12,ZAF,3,3,0,0.0,3
2017-10-13,AFG,3,0,3,-5.0,6
2017-10-13,AFR,3,1,2,0.0,4
2017-10-13,ARE,11,11,0,2.136,33
2017-10-13,ARG,3,2,1,-1.0,9
2017-10-13,AUT,8,8,0,1.675,16
2017-10-13,BEL,1,0,1,-5.0,6
2017-10-13,BGD,15,14,1,0.76,58
2017-10-13,BTN,5,5,0,1.88,12
2017-10-13,CAN,2,2,0,2.35,4
2017-10-13,CHE,5,5,0,3.0,22
2017-10-13,CHN,20,18,2,1.74,106
2017-10-13,DEU,5,5,0,4.0,10
2017-10-13,ESP,2,1,1,-3.5,16
2017-10-13,EUR,9,9,0,3.2,53
2017-10-13,FIN,1,0,1,-2.0,10
2017-10-13,FRA,6,6,0,3.667,36
2017-10-13,GBR,4,3,1,1.0,12
2017-10-13,IDN,1,1,0,3.4,4
2017-10-13,ITA,16,11,5,-0.756,108
2017-10-13,JAM,2,2,0,4.0,4
2017-10-13,JOR,1,0,1,-7.5,2
2017-10-13,JPN,16,13,3,1.263,74
2017-10-13,KOR,6,5,1,3.117,28
2017-10-13,KWT,4,4,0,2.35,12
2017-10-13,LBN,5,5,0,2.26,12
2017-10-13,LKA,18,9,9,0.239,76
2017-10-13,MDV,4,4,0,2.925,23
2017-10-13,MMR,10,10,0,1.27,78
2017-10-13,MYS,9,7,2,0.233,36
2017-10-13,NPL,15,8,7,-2.653,89
2017-10-13,NZL,2,2,0,7.4,8
2017-10-13,PAK,21,11,10,-3.652,101
2017-10-13,PHL,1,1,0,-2.0,16
2017-10-13,QAT,2,2,0,7.4,6
2017-10-13,SAU,2,2,0,1.0,4
2017-10-13,SEA,1,0,1,-5.0,6
2017-10-13,SGP,9,9,0,4.156,62
2017-10-13,SWE,18,18,0,1.783,55
2017-10-13,THA,3,3,0,0.333,5
2017-10-13,UKR,2,0,2,-9.2,4
2017-10-13,USA,56,49,7,1.391,291
2017-10-13,YEM,1,0,1,-10.0,10
2017-10-14,AFG,5,5,0,2.26,36
2017-10-14,AFR,4,4,0,5.2,7
2017-10-14,AUS,6,6,0,2.9,12
2017-10-14,BGD,10,7,3,-0.86,19
2017-10-14,BRA,1,0,1,-5.0,6
2017-10-14,BTN,2,2,0,0.0,2
2017-10-14,CAN,3,3,0,2.2,12
2017-10-14,CHN,29,17,12,0.528,110
2017-10-14,DJI,4,4,0,2.35,10
2017-10-14,FRA,1,1,0,0.0,6
2017-10-14,GBR,17,12,5,0.465,110
2017-10-14,IRN,1,0,1,-10.0,2
2017-10-14,ITA,5,4,1,-0.12,24
2017-10-14,JOR,1,0,1,-7.5,2
2017-10-14,JPN,3,3,0,2.6,12
2017-10-14,LKA,20,11,9,0.28,155
2017-10-14,MDV,2,2,0,2.35,4
2017-10-14,MLT,2,2,0,4.0,12
2017-10-14,MMR,2,2,0,-0.15,12
2017-10-14,NPL,6,6,0,1.167,68
2017-10-14,NZL,1,1,0,5.0,4
2017-10-14,PAK,36,17,19,-3.022,261
2017-10-14,POL,1,1,0,3.0,6
2017-10-14,PRK,1,1,0,3.4,1
2017-10-14,RUS,4,4,0,0.4,4
2017-10-14,SYR,5,4,1,0.4,18
2017-10-14,THA,15,10,5,-0.847,61
2017-10-14,USA,26,23,3,1.788,107
2017-10-15,AFG,5,3,2,-0.86,5
2017-10-15,AFR,12,7,5,-1.917,30
2017-10-15,AUS,2,2,0,0.4,2
2017-10-15,BEL,2,2,0,0.0,3
2017-10-15,BGD,6,3,3,-2.5,24
2017-10-15,CAN,4,4,0,1.675,32
2017-10-15,CHN,19,17,2,1.753,48
2017-10-15,DEU,8,4,4,-2.5,12
2017-10-15,EUR,2,2,0,6.4,10
2017-10-15,FRA,5,5,0,2.26,12
2017-10-15,GBR,29,20,9,0.448,71
2017-10-15,GHA,3,3,0,3.4,10
2017-10-15,JOR,1,1,0,-2.0,10
2017-10-15,JPN,3,3,0,5.933,15
2017-10-15,LKA,10,6,4,0.12,44
2017-10-15,MCO,8,0,8,-2.0,10
2017-10-15,MDV,2,2,0,3.4,12
2017-10-15,MMR,8,5,3,1.25,85
2017-10-15,MOZ,1,1,0,6.4,6
2017-10-15,NGA,4,0,4,-3.5,8
2017-10-15,NPL,9,9,0,3.444,43
2017-10-15,PAK,42,26,16,0.098,179
2017-10-15,PHL,1,1,0,0.0,6
2017-10-15,SAS,2,2,0,3.0,33
2017-10-15,SEA,1,1,0,0.0,5
2017-10-15,THA,1,1,0,0.0,2
2017-10-15,USA,35,21,14,-1.554,185
2017-10-15,VNM,10,10,0,2.68,24
2017-10-16,AFG,4,4,0,1.675,20
2017-10-16,AFR,3,2,1,-1.767,10
2017-10-16,ARE,13,10,3,0.823,37
2017-10-16,AUS,7,4,3,-0.614,56
2017-10-16,BGD,26,19,7,0.338,98
2017-10-16,BRA,5,0,5,-7.4,30
2017-10-16,CAN,3,2,1,-3.0,8
2017-10-16,CHE,14,8,6,0.15,288
2017-10-16,CHN,10,8,2,0.43,54
2017-10-16,DNK,2,1,1,-1.2,10
2017-10-16,EGY,5,0,5,-6.6,14
2017-10-16,EUR,3,2,1,3.333,9
2017-10-16,FIN,3,3,0,2.5,24
2017-10-16,FRA,2,0,2,-2.0,6
2017-10-16,GBR,14,12,2,1.893,57
2017-10-16,GNQ,4,4,0,7.0,8
2017-10-16,IRN,3,3,0,4.0,4
2017-10-16,ISR,2,2,0,5.2,2
2017-10-16,ITA,8,2,6,-5.625,20
2017-10-16,JPN,5,5,0,3.4,20
2017-10-16,KHM,3,3,0,3.233,8
2017-10-16,LKA,1,1,0,7.0,3
2017-10-16,MDV,2,2,0,3.4,6
2017-10-16,MMR,19,18,1,2.674,93
2017-10-16,NGA,3,0,3,-5.0,4
2017-10-16,NPL,10,8,2,2.74,106
2017-10-16,NZL,1,1,0,0.0,8
2017-10-16,OMN,1,1,0,1.0,1
2017-10-16,PAK,31,22,9,0.874,90
2017-10-16,PAN,1,0,1,-6.5,2
2017-10-16,PHL,6,6,0,2.767,30
2017-10-16,PRK,2,2,0,3.5,3
2017-10-16,RUS,4,4,0,2.125,12
2017-10-16,SAS,3,3,0,2.567,32
2017-10-16,SEA,6,6,0,1.667,18
2017-10-16,SOM,2,0,2,-10.0,5
2017-10-16,SWE,1,1,0,0.0,2
2017-10-16,THA,1,1,0,4.0,6
2017-10-16,TUR,1,0,1,-5.0,6
2017-10-16,USA,31,22,9,-0.487,199
2017-10-16,ZAF,2,0,2,-5.0,4
2017-10-17,AFG,10,6,4,-0.84,23
2017-10-17,AFR,3,2,1,1.8,26
2017-10-17,ARE,21,19,2,2.762,150
2017-10-17,AUS,2,2,0,5.2,9
2017-10-17,BEL,1,1,0,3.4,2
2017-10-17,BGD,21,19,2,2.41,115
2017-10-17,BRA,6,3,3,-1.833,14
2017-10-17,CHE,7,5,2,0.771,139
2017-10-17,CHN,10,6,4,-0.66,24
2017-10-17,DEU,6,6,0,2.35,16
2017-10-17,EUR,1,0,1,-4.0,10
2017-10-17,FRA,8,8,0,2.35,34
2017-10-17,GBR,21,16,5,1.41,58
2017-10-17,IRQ,2,0,2,-4.25,10
2017-10-17,ITA,4,1,3,-3.125,20
2017-10-17,JPN,11,11,0,4.264,61
2017-10-17,LKA,9,0,9,-5.0,141
2017-10-17,MMR,8,8,0,2.35,20
2017-10-17,MYS,1,1,0,7.0,4
2017-10-17,NGA,5,3,2,-4.0,30
2017-10-17,NPL,7,7,0,2.771,15
2017-10-17,OMN,4,4,0,2.35,10
2017-10-17,PAK,12,8,4,-0.75,35
2017-10-17,PHL,4,4,0,7.2,12
2017-10-17,POL,3,3,0,0.0,10
2017-10-17,PRK,4,4,0,2.35,8
2017-10-17,SAS,1,1,0,4.0,10
2017-10-17,SAU,1,1,0,0.0,4
2017-10-17,SEA,2,2,0,2.35,8
2017-10-17,SGP,2,2,0,4.7,7
2017-10-17,THA,5,5,0,2.92,17
2017-10-17,TWN,1,0,1,-2.0,4
2017-10-17,USA,109,84,25,0.6,727
2017-10-17,ZAF,4,4,0,3.4,12
2017-10-18,AFG,10,4,6,-4.4,24
2017-10-18,AUS,3,3,0,8.0,240
2017-10-18,AUT,2,2,0,2.35,4
2017-10-18,BGD,7,7,0,3.443,12
2017-10-18,BLR,1,1,0,5.2,6
2017-10-18,CAN,2,2,0,7.0,4
2017-10-18,CHE,8,8,0,5.5,20
2017-10-18,CHN,56,50,6,2.075,314
2017-10-18,ESP,5,4,1,2.8,9
2017-10-18,EUR,4,4,0,4.0,20
2017-10-18,FJI,2,0,2,-10.0,3
2017-10-18,FRA,14,14,0,1.843,35
2017-10-18,GBR,19,13,6,1.053,154
2017-10-18,IDN,11,11,0,3.018,29
2017-10-18,IRL,4,4,0,2.35,4
2017-10-18,JPN,16,12,4,1.281,88
2017-10-18,LBN,1,1,0,0.0,5
2017-10-18,LKA,11,11,0,6.673,22
2017-10-18,MEX,4,4,0,4.0,12
2017-10-18,MLI,1,0,1,-2.0,6
2017-10-18,MMR,7,7,0,6.257,26
2017-10-18,NGA,4,4,0,0.0,9
2017-10-18,NLD,1,1,0,5.2,3
2017-10-18,NPL,3,3,0,0.0,7
2017-10-18,OMN,4,4,0,2.575,10
2017-10-18,PAK,47,24,23,-2.302,152
2017-10-18,QAT,4,4,0,4.0,12
2017-10-18,SAS,4,4,0,2.35,12
2017-10-18,SGP,4,4,0,2.35,12
2017-10-18,SWE,1,1,0,0.0,2
2017-10-18,THA,3,3,0,4.0,8
2017-10-18,TUN,1,1,0,3.0,4
2017-10-18,TZA,3,3,0,2.7,11
2017-10-18,USA,82,70,12,1.533,509
2017-10-19,AFG,7,4,3,-3.429,17
2017-10-19,AFR,3,0,3,-6.667,8
2017-10-19,ARE,6,6,0,2.233,30
2017-10-19,AUS,10,10,0,4.5,60
2017-10-19,BGD,8,3,5,-3.038,62
2017-10-19,CAN,2,2,0,3.0,7
2017-10-19,CHE,2,2,0,4.0,12
2017-10-19,CHN,70,56,14,1.69,730
2017-10-19,EUR,2,2,0,1.0,8
2017-10-19,FRA,6,6,0,0.067,11
2017-10-19,GBR,7,4,3,0.343,39
2017-10-19,IDN,4,4,0,2.35,4
2017-10-19,IRL,9,9,0,7.0,42
2017-10-19,ISR,1,0,1,-5.0,4
2017-10-19,JPN,19,19,0,3.616,19
2017-10-19,LKA,2,2,0,3.7,12
2017-10-19,MDV,3,3,0,2.333,10
2017-10-19,NGA,5,2,3,-3.0,13
2017-10-19,PAK,63,40,23,-0.116,332
2017-10-19,PHL,3,3,0,2.2,16
2017-10-19,POL,1,0,1,-7.0,3
2017-10-19,QAT,12,12,0,3.725,142
2017-10-19,RUS,1,0,1,-7.0,1
2017-10-19,SAS,9,7,2,1.567,66
2017-10-19,SAU,14,14,0,3.529,74
2017-10-19,SEA,1,1,0,1.0,10
2017-10-19,SGP,10,10,0,2.07,58
2017-10-19,THA,1,1,0,5.2,6
2017-10-19,TTO,2,2,0,-0.4,2
2017-10-19,USA,87,81,6,2.1,486
2017-10-19,ZAF,1,0,1,-10.0,1
2017-10-20,AFG,19,19,0,3.747,46
2017-10-20,AFR,2,0,2,-5.0,6
2017-10-20,ARE,4,4,0,2.35,6
2017-10-20,BEL,1,1,0,7.4,6
2017-10-20,BGD,12,6,6,-2.967,85
2017-10-20,CHE,3,2,1,1.0,6
2017-10-20,CHL,1,1,0,6.4,18
2017-10-20,CHN,56,49,7,2.788,231
2017-10-20,DEU,3,3,0,-0.133,13
2017-10-20,EUR,1,0,1,-5.0,6
2017-10-20,FRA,1,1,0,4.0,2
2017-10-20,GBR,17,14,3,0.588,80
2017-10-20,IDN,7,5,2,-0.629,16
2017-10-20,IRL,2,2,0,7.0,6
2017-10-20,IRQ,1,0,1,-2.0,45
2017-10-20,ISR,1,1,0,0.0,2
2017-10-20,JPN,8,7,1,1.5,19
2017-10-20,KOR,6,5,1,1.833,12
2017-10-20,LKA,4,0,4,-6.1,24
2017-10-20,MMR,4,3,1,3.55,40
2017-10-20,MYS,2,0,2,-7.2,4
2017-10-20,NGA,1,1,0,-0.4,8
2017-10-20,NLD,1,1,0,-0.4,8
2017-10-20,NPL,5,3,2,1.48,37
2017-10-20,PAK,65,47,18,0.265,541
2017-10-20,PHL,5,3,2,0.0,22
2017-10-20,PRT,1,1,0,5.0,3
2017-10-20,QAT,12,11,1,2.975,80
2017-10-20,SAS,3,3,0,3.667,23
2017-10-20,SAU,20,20,0,3.175,106
2017-10-20,SOM,2,2,0,-1.2,6
2017-10-20,THA,1,1,0,4.0,10
2017-10-20,USA,111,107,4,2.36,451
2017-10-21,AFG,10,10,0,4.0,18
2017-10-21,ARE,2,2,0,2.35,10
2017-10-21,BEL,5,5,0,1.54,12
2017-10-21,BGD,20,13,7,-1.295,130
2017-10-21,BHR,1,0,1,-5.0,15
2017-10-21,CAN,1,1,0,3.4,6
2017-10-21,CHE,3,3,0,3.5,3
2017-10-21,CHN,26,17,9,-0.627,145
2017-10-21,DEU,4,4,0,4.0,195
2017-10-21,DNK,2,0,2,-10.0,6
2017-10-21,EUR,5,4,1,2.2,28
2017-10-21,FRA,1,1,0,4.0,4
2017-10-21,GBR,13,9,4,-0.154,112
2017-10-21,IRN,2,2,0,2.35,10
2017-10-21,IRQ,1,1,0,0.0,3
2017-10-21,ISR,2,2,0,2.35,8
2017-10-21,ITA,3,0,3,-5.5,6
2017-10-21,JPN,5,5,0,3.94,13
2017-10-21,KOR,2,2,0,8.0,6
2017-10-21,LKA,12,1,11,-4.05,96
2017-10-21,MMR,2,2,0,2.35,12
2017-10-21,MWI,1,0,1,-10.0,6
2017-10-21,NLD,2,0,2,-6.5,12
2017-10-21,NPL,3,1,2,-2.2,16
2017-10-21,OMN,1,0,1,-5.0,3
2017-10-21,PAK,81,55,26,-0.057,733
2017-10-21,PRK,2,2,0,3.5,6
2017-10-21,PRT,1,1,0,5.0,3
2017-10-21,RUS,2,2,0,8.0,6
2017-10-21,SAS,4,3,1,1.5,14
2017-10-21,SDN,2,0,2,-5.0,6
2017-10-21,USA,53,45,8,1.53,343
2017-10-21,VNM,2,2,0,1.0,16
2017-10-21,ZAF,1,0,1,-10.0,10
2017-10-22,AFG,17,17,0,4.0,32
2017-10-22,ARE,3,3,0,2.2,12
2017-10-22,BGD,60,53,7,3.177,513
2017-10-22,CAN,3,3,0,5.267,26
2017-10-22,CHE,4,4,0,3.175,8
2017-10-22,CHN,18,16,2,4.689,124
2017-10-22,DNK,3,1,2,-5.533,4
2017-10-22,ESP,3,3,0,0.0,3
2017-10-22,FRA,3,3,0,1.333,7
2017-10-22,GBR,11,3,8,-4.164,30
2017-10-22,IRL,2,2,0,2.35,4
2017-10-22,IRN,2,2,0,3.0,6
2017-10-22,IRQ,6,6,0,2.783,35
2017-10-22,KOR,1,1,0,-0.4,3
2017-10-22,LKA,7,6,1,1.786,48
2017-10-22,MEA,2,2,0,4.0,4
2017-10-22,MMR,8,8,0,5.5,112
2017-10-22,NPL,5,4,1,1.36,18
2017-10-22,NZL,3,0,3,-10.0,10
2017-10-22,PAK,64,50,14,1.431,224
2017-10-22,PHL,2,2,0,5.5,6
2017-10-22,POL,5,5,0,2.26,12
2017-10-22,PRT,4,4,0,0.5,11
2017-10-22,QAT,8,8,0,4.0,24
2017-10-22,SAU,12,12,0,4.0,16
2017-10-22,SEA,1,1,0,0.0,3
2017-10-22,SGP,1,1,0,-2.0,2
2017-10-22,TUR,3,3,0,2.7,12
2017-10-22,USA,66,60,6,1.809,609
2017-10-22,VEN,5,5,0,4.0,16
2017-10-23,AFG,44,42,2,2.268,115
2017-10-23,ARE,20,15,5,2.4,66
2017-10-23,AUS,4,4,0,6.0,62
2017-10-23,BGD,43,41,2,3.463,542
2017-10-23,CAN,1,0,1,-2.0,6
2017-10-23,CHE,1,0,1,-5.0,4
2017-10-23,CHN,42,26,16,0.331,191
2017-10-23,DEU,4,4,0,3.4,15
2017-10-23,ESP,8,4,4,-0.325,24
2017-10-23,EST,1,1,0,3.4,4
2017-10-23,EUR,6,5,1,0.5,34
2017-10-23,FRA,3,3,0,4.033,14
2017-10-23,GBR,20,18,2,1.59,98
2017-10-23,GRC,8,4,4,-2.825,20
2017-10-23,IDN,1,0,1,-10.0,4
2017-10-23,IRL,8,8,0,2.35,16
2017-10-23,IRN,3,3,0,3.4,12
2017-10-23,ISR,2,2,0,4.0,2
2017-10-23,ITA,8,8,0,2.513,12
2017-10-23,JPN,3,2,1,-1.767,15
2017-10-23,KEN,2,0,2,-4.0,20
2017-10-23,KOR,4,4,0,-0.4,6
2017-10-23,LKA,1,1,0,7.0,20
2017-10-23,MAR,1,1,0,6.0,10
2017-10-23,MDG,4,4,0,2.35,4
2017-10-23,MEA,2,2,0,4.0,8
2017-10-23,MMR,8,8,0,5.5,8
2017-10-23,MUS,2,2,0,3.4,6
2017-10-23,NLD,2,2,0,-0.2,10
2017-10-23,PAK,65,43,22,0.326,416
2017-10-23,PRK,2,0,2,-10.0,10
2017-10-23,QAT,1,1,0,3.4,1
2017-10-23,SAS,7,7,0,2.914,27
2017-10-23,SAU,2,2,0,0.0,8
2017-10-23,SGP,15,10,5,2.4,32
2017-10-23,SYR,2,2,0,2.35,16
2017-10-23,THA,1,1,0,8.3,8
2017-10-23,TWN,1,1,0,3.5,2
2017-10-23,TZA,2,2,0,7.0,20
2017-10-23,USA,178,166,12,1.996,941
2017-10-24,AFG,153,149,4,2.51,690
2017-10-24,AFR,2,2,0,1.0,6
2017-10-24,ARE,23,12,11,-2.817,128
2017-10-24,ASA,1,1,0,7.4,4
2017-10-24,AUS,23,16,7,0.757,156
2017-10-24,BEL,1,1,0,6.0,30
2017-10-24,BGD,18,16,2,2.878,68
2017-10-24,BRA,1,0,1,-9.0,4
2017-10-24,BTN,6,6,0,3.9,60
2017-10-24,CAN,11,9,2,0.673,40
2017-10-24,CHN,42,27,15,0.131,214
2017-10-24,CIV,6,6,0,2.35,20
2017-10-24,COL,4,4,0,4.0,12
2017-10-24,DEU,9,9,0,4.856,42
2017-10-24,ESP,4,2,2,-1.5,52
2017-10-24,EUR,1,0,1,-2.0,10
2017-10-24,FRA,3,3,0,4.0,12
2017-10-24,GBR,9,7,2,2.333,30
2017-10-24,GHA,6,4,2,-0.1,23
2017-10-24,GUY,2,2,0,4.0,4
2017-10-24,IDN,2,2,0,2.35,4
2017-10-24,IRQ,1,1,0,4.0,1
2017-10-24,ISR,8,8,0,2.837,100
2017-10-24,JPN,7,5,2,1.743,22
2017-10-24,KEN,4,2,2,1.5,16
2017-10-24,KOR,15,14,1,4.12,44
2017-10-24,LBN,1,1,0,4.0,4
2017-10-24,MDV,9,0,9,-4.333,27
2017-10-24,NAM,6,6,0,2.35,20
2017-10-24,NPL,13,9,4,0.215,63
2017-10-24,NZL,6,2,4,-1.717,35
2017-10-24,PAK,94,71,23,0.184,546
2017-10-24,PAN,2,2,0,2.35,4
2017-10-24,PHL,3,2,1,0.233,16
2017-10-24,PSE,11,7,4,-0.509,20
2017-10-24,RUS,9,7,2,1.067,54
2017-10-24,SAS,7,6,1,2.2,52
2017-10-24,SAU,11,11,0,2.382,48
2017-10-24,SEA,6,0,6,-5.0,8
2017-10-24,SGP,2,0,2,-10.0,10
2017-10-24,SWE,1,1,0,7.0,2
2017-10-24,THA,2,2,0,4.0,6
2017-10-24,TUR,2,2,0,2.35,4
2017-10-24,TWN,2,2,0,3.0,20
2017-10-24,USA,119,110,9,2.171,373
2017-10-24,YEM,1,0,1,-10.0,3
2017-10-25,AFG,111,108,3,3.133,493
2017-10-25,ARE,7,3,4,-4.129,22
2017-10-25,ASA,1,1,0,7.4,2
2017-10-25,AUS,17,13,4,0.512,53
2017-10-25,BEL,1,1,0,6.0,10
2017-10-25,BGD,17,15,2,3.153,56
2017-10-25,BLR,2,2,0,2.35,2
2017-10-25,CAN,4,2,2,-1.0,22
2017-10-25,CHE,1,1,0,5.0,10
2017-10-25,CHN,30,28,2,1.443,440
2017-10-25,DEU,15,13,2,4.093,38
2017-10-25,ESP,2,0,2,-10.0,6
2017-10-25,EUR,6,6,0,2.9,11
2017-10-25,FIN,3,3,0,2.5,4
2017-10-25,FRA,6,6,0,3.1,14
2017-10-25,GBR,26,25,1,0.931,72
2017-10-25,IRN,18,18,0,5.711,46
2017-10-25,IRQ,13,8,5,0.477,88
2017-10-25,ISR,13,13,0,4.277,79
2017-10-25,ITA,2,2,0,2.35,4
2017-10-25,JPN,13,8,5,0.538,61
2017-10-25,KEN,2,0,2,-4.0,4
2017-10-25,KOR,1,1,0,-2.0,10
2017-10-25,KWT,1,0,1,-2.0,3
2017-10-25,LKA,16,14,2,1.188,36
2017-10-25,MDV,10,0,10,-4.1,19
2017-10-25,MEA,2,2,0,4.0,4
2017-10-25,MMR,3,3,0,1.9,15
2017-10-25,MUS,2,2,0,3.4,6
2017-10-25,NER,1,0,1,-10.0,2
2017-10-25,NGA,2,1,1,-1.0,10
2017-10-25,NMR,1,1,0,-2.0,2
2017-10-25,NPL,23,7,16,-3.235,101
2017-10-25,NZL,2,0,2,-5.5,4
2017-10-25,PAK,128,100,28,1.061,1062
2017-10-25,PHL,3,3,0,1.7,22
2017-10-25,PRK,29,10,19,-2.859,530
2017-10-25,PSE,2,2,0,2.35,2
2017-10-25,QAT,4,4,0,2.35,6
2017-10-25,RUS,5,4,1,-0.92,12
2017-10-25,SAS,15,15,0,3.78,156
2017-10-25,SAU,6,6,0,4.033,16
2017-10-25,SEA,1,0,1,-5.0,10
2017-10-25,SGP,7,7,0,3.614,24
2017-10-25,SOM,1,1,0,0.0,1
2017-10-25,SYR,8,8,0,1.275,15
2017-10-25,TUR,21,8,13,-2.09,31
2017-10-25,TWN,3,2,1,-0.167,16
2017-10-25,UKR,1,1,0,4.0,2
2017-10-25,USA,145,115,30,0.815,794
2017-10-25,YEM,2,2,0,0.4,3
2017-10-25,ZAF,2,2,0,3.5,5
2017-10-26,AFG,39,33,6,2.451,90
2017-10-26,ARE,2,0,2,-10.0,6
2017-10-26,CAN,3,3,0,2.9,12
2017-10-26,CHE,87,26,61,-4.321,421
2017-10-26,CHN,13,10,3,-0.585,46
2017-10-26,DEU,11,11,0,5.818,30
2017-10-26,ESP,2,0,2,-10.0,6
2017-10-26,EUR,2,2,0,0.0,6
2017-10-26,FRA,7,7,0,2.514,14
2017-10-26,GBR,35,35,0,2.429,140
2017-10-26,IRN,4,4,0,7.0,12
2017-10-26,IRQ,10,3,7,-2.2,46
2017-10-26,ITA,2,2,0,7.4,12
2017-10-26,JPN,25,19,6,2.064,154
2017-10-26,KOR,1,0,1,-10.0,2
2017-10-26,KWT,2,2,0,2.35,20
2017-10-26,LKA,6,1,5,-3.5,41
2017-10-26,MDV,1,0,1,-5.0,3
2017-10-26,MMR,8,2,6,-1.125,72
2017-10-26,MYS,3,2,1,-1.767,16
2017-10-26,NGA,6,2,4,-1.767,15
2017-10-26,NLD,1,1,0,6.4,3
2017-10-26,NPL,10,6,4,-0.04,25
2017-10-26,NZL,5,5,0,3.34,22
2017-10-26,PAK,83,63,20,0.906,249
2017-10-26,PRK,16,7,9,-1.706,90
2017-10-26,RUS,2,2,0,-1.0,10
2017-10-26,SAS,11,9,2,1.182,69
2017-10-26,SEA,13,13,0,2.515,79
2017-10-26,SGP,1,0,1,-4.0,2
2017-10-26,SYR,3,0,3,-6.667,12
2017-10-26,THA,2,0,2,-5.0,4
2017-10-26,TUR,10,0,10,-5.0,18
2017-10-26,TWN,8,8,0,1.25,36
2017-10-26,UGA,3,3,0,4.0,18
2017-10-26,USA,143,117,26,0.831,788
2017-10-26,VAT,2,2,0,0.0,3
2017-10-26,YEM,6,4,2,-0.1,10
2017-10-27,AFG,21,20,1,1.533,66
2017-10-27,AFR,5,5,0,1.88,23
2017-10-27,ARE,11,10,1,1.773,57
2017-10-27,ASA,5,5,0,6.6,48
2017-10-27,AUS,12,12,0,2.442,17
2017-10-27,AUT,2,2,0,3.5,10
2017-10-27,BEL,6,5,1,2.117,14
2017-10-27,BGD,21,18,3,2.133,77
2017-10-27,CHE,33,1,32,-6.8,120
2017-10-27,CHN,31,20,11,0.281,115
2017-10-27,DEU,1,1,0,3.0,3
2017-10-27,ETH,1,1,0,3.0,2
2017-10-27,EUR,2,2,0,0.0,6
2017-10-27,FIN,8,8,0,2.5,14
2017-10-27,FRA,47,47,0,3.315,120
2017-10-27,GBR,28,25,3,2.221,79
2017-10-27,GRC,6,6,0,2.35,8
2017-10-27,IDN,2,0,2,-3.5,5
2017-10-27,IRQ,4,4,0,2.35,12
2017-10-27,ISR,2,2,0,2.35,10
2017-10-27,ITA,28,23,5,1.761,131
2017-10-27,JPN,2,2,0,7.4,4
2017-10-27,KEN,4,0,4,-3.0,14
2017-10-27,KOR,5,5,0,0.4,8
2017-10-27,LKA,10,5,5,-0.7,21
2017-10-27,MDV,2,0,2,-5.0,5
2017-10-27,MMR,16,13,3,1.6,76
2017-10-27,MYS,5,3,2,-2.4,34
2017-10-27,NGA,9,0,9,-7.889,23
2017-10-27,NPL,11,8,3,0.673,53
2017-10-27,NZL,3,3,0,2.2,4
2017-10-27,PAK,62,45,17,0.61,195
2017-10-27,PRK,13,8,5,-1.308,28
2017-10-27,QAT,4,4,0,2.35,12
2017-10-27,RUS,6,5,1,0.667,32
2017-10-27,RWA,6,6,0,2.35,10
2017-10-27,SAS,2,2,0,3.0,10
2017-10-27,SAU,8,7,1,1.75,23
2017-10-27,SEA,5,1,4,-7.4,48
2017-10-27,SGP,4,4,0,2.675,14
2017-10-27,THA,7,7,0,1.943,44
2017-10-27,TWN,6,6,0,1.0,8
2017-10-27,USA,94,78,16,1.165,397
2017-10-27,VNM,2,2,0,3.4,2
2017-10-28,AFG,40,40,0,2.465,182
2017-10-28,AFR,3,3,0,0.9,12
2017-10-28,ARE,5,5,0,2.08,17
2017-10-28,AUS,2,2,0,3.4,18
2017-10-28,BGD,30,27,3,1.557,336
2017-10-28,CHE,10,6,4,-2.27,26
2017-10-28,CHN,7,5,2,2.029,42
2017-10-28,EUR,8,8,0,2.35,14
2017-10-28,FRA,22,22,0,2.191,62
2017-10-28,GBR,9,4,5,-1.867,42
2017-10-28,IDN,2,1,1,2.5,3
2017-10-28,IRQ,3,1,2,0.0,9
2017-10-28,ISR,4,4,0,2.35,12
2017-10-28,ITA,27,24,3,2.648,67
2017-10-28,KOR,4,4,0,1.675,20
2017-10-28,KWT,1,0,1,-5.0,4
2017-10-28,LKA,17,11,6,-0.506,64
2017-10-28,MAR,4,4,0,2.35,16
2017-10-28,MDV,7,4,3,-2.143,18
2017-10-28,MMR,3,1,2,-5.5,7
2017-10-28,MUS,2,2,0,2.35,4
2017-10-28,MYS,5,4,1,1.76,21
2017-10-28,NPL,10,9,1,0.44,40
2017-10-28,PAK,48,35,13,0.337,173
2017-10-28,PER,3,1,2,-4.333,30
2017-10-28,PHL,1,0,1,-4.4,8
2017-10-28,RUS,2,2,0,4.0,18
2017-10-28,SAS,3,2,1,1.333,6
2017-10-28,SAU,1,1,0,0.0,1
2017-10-28,SEA,2,0,2,-7.5,12
2017-10-28,SGP,2,2,0,6.5,18
2017-10-28,SOM,2,0,2,-9.5,12
2017-10-28,SYR,2,2,0,4.0,2
2017-10-28,THA,4,2,2,-1.75,29
2017-10-28,TUN,6,6,0,2.45,28
2017-10-28,TUR,1,1,0,3.4,4
2017-10-28,USA,31,24,7,-0.387,138
2017-10-28,YEM,2,2,0,7.0,10
2017-10-29,AFG,12,9,3,0.908,18
2017-10-29,AFR,6,6,0,6.8,25
2017-10-29,ARE,6,2,4,-2.55,37
2017-10-29,AUS,2,2,0,3.0,4
2017-10-29,BGD,6,6,0,3.65,17
2017-10-29,CAN,4,0,4,-3.5,16
2017-10-29,CHE,15,2,13,-6.533,72
2017-10-29,CHN,39,34,5,2.618,208
2017-10-29,DEU,1,1,0,0.0,3
2017-10-29,FRA,6,6,0,5.567,12
2017-10-29,GBR,10,9,1,3.21,23
2017-10-29,IRN,7,7,0,2.671,28
2017-10-29,IRQ,4,4,0,0.75,16
2017-10-29,ISR,6,6,0,0.1,20
2017-10-29,ITA,46,43,3,2.17,338
2017-10-29,JPN,19,19,0,3.305,42
2017-10-29,LBN,1,1,0,4.0,6
2017-10-29,MMR,2,1,1,1.0,120
2017-10-29,MUS,9,5,4,-0.8,78
2017-10-29,MYS,27,24,3,2.859,78
2017-10-29,NGA,2,0,2,-6.0,3
2017-10-29,NPL,6,6,0,2.0,16
2017-10-29,PAK,46,39,7,2.089,127
2017-10-29,PHL,2,2,0,4.0,24
2017-10-29,PRK,2,2,0,0.0,5
2017-10-29,QAT,2,2,0,0.2,5
2017-10-29,SAU,11,11,0,2.309,24
2017-10-29,SGP,5,5,0,3.28,12
2017-10-29,THA,2,2,0,2.35,8
2017-10-29,TUN,4,4,0,2.35,8
2017-10-29,USA,89,83,6,2.18,486
2017-10-29,VNM,8,8,0,2.087,30
2017-10-29,YEM,2,2,0,7.0,10
2017-10-30,AFG,21,17,4,1.329,47
2017-10-30,AFR,3,2,1,-1.5,29
2017-10-30,ARE,11,8,3,0.345,134
2017-10-30,AUS,2,2,0,3.0,4
2017-10-30,BGD,11,6,5,-0.918,55
2017-10-30,BTN,12,12,0,3.55,43
2017-10-30,CAN,3,1,2,-3.0,9
2017-10-30,CHE,2,0,2,-5.0,2
2017-10-30,CHN,78,70,8,3.042,359
2017-10-30,CUB,2,2,0,5.0,3
2017-10-30,CZE,2,2,0,3.5,24
2017-10-30,DEU,1,1,0,0.0,5
2017-10-30,EGY,2,2,0,0.0,2
2017-10-30,ESP,3,0,3,-8.3,4
2017-10-30,EUR,7,7,0,3.643,58
2017-10-30,FRA,4,3,1,-0.325,13
2017-10-30,GBR,28,19,9,-0.429,111
2017-10-30,GRC,8,8,0,2.238,22
2017-10-30,IRN,18,18,0,3.35,78
2017-10-30,ISR,4,4,0,6.0,24
2017-10-30,ITA,107,103,4,2.469,381
2017-10-30,JAM,1,0,1,-7.0,1
2017-10-30,JPN,11,11,0,3.291,50
2017-10-30,KWT,1,0,1,-7.0,6
2017-10-30,LBN,1,0,1,-10.0,10
2017-10-30,LKA,2,0,2,-9.5,10
2017-10-30,MDV,7,4,3,0.143,19
2017-10-30,MEA,3,0,3,-9.0,4
2017-10-30,MMR,3,2,1,-0.1,30
2017-10-30,MUS,6,6,0,2.9,15
2017-10-30,NGA,27,4,23,-7.911,182
2017-10-30,NLD,4,4,0,2.35,6
2017-10-30,NMR,1,1,0,-2.0,1
2017-10-30,NPL,5,5,0,2.44,18
2017-10-30,NZL,2,2,0,3.0,60
2017-10-30,OMN,1,0,1,-5.0,30
2017-10-30,PAK,33,17,16,-1.452,125
2017-10-30,PHL,1,0,1,-9.2,4
2017-10-30,QAT,3,3,0,4.0,6
2017-10-30,RUS,12,12,0,2.117,18
2017-10-30,SAS,3,2,1,-0.1,6
2017-10-30,SAU,7,7,0,2.443,24
2017-10-30,SGP,7,7,0,3.014,44
2017-10-30,SOM,6,6,0,2.35,6
2017-10-30,SYR,1,1,0,-2.0,4
2017-10-30,THA,4,4,0,2.35,8
2017-10-30,TJK,2,2,0,2.35,2
2017-10-30,TKM,2,2,0,2.35,2
2017-10-30,USA,136,110,26,1.057,450
2017-10-30,ZAF,4,0,4,-10.0,26
2017-10-31,AFG,23,10,13,-2.809,73
2017-10-31,AFR,2,2,0,-1.0,8
2017-10-31,ARE,14,9,5,-0.25,56
2017-10-31,ARM,1,0,1,-10.0,2
2017-10-31,BEL,2,2,0,5.2,13
2017-10-31,BGD,1,0,1,-5.0,8
2017-10-31,BTN,13,13,0,2.315,52
2017-10-31,CAN,5,3,2,-0.6,19
2017-10-31,CHE,3,0,3,-9.0,6
2017-10-31,CHN,74,58,16,2.0,313
2017-10-31,CZE,2,2,0,3.5,4
2017-10-31,DEU,10,10,0,3.07,324
2017-10-31,EUR,6,6,0,6.0,170
2017-10-31,FIN,4,2,2,-0.575,28
2017-10-31,FRA,3,3,0,1.0,12
2017-10-31,GBR,23,15,8,-0.3,94
2017-10-31,GHA,2,0,2,-2.0,3
2017-10-31,GRC,5,5,0,3.28,15
2017-10-31,IRN,2,2,0,4.0,4
2017-10-31,ISL,4,4,0,2.125,24
2017-10-31,ISR,2,2,0,1.9,5
2017-10-31,ITA,21,12,9,-3.271,82
2017-10-31,JPN,20,19,1,2.505,50
2017-10-31,KAZ,6,6,0,7.4,78
2017-10-31,KEN,2,2,0,3.0,6
2017-10-31,KHM,4,4,0,6.3,26
2017-10-31,KOR,5,3,2,-0.2,23
2017-10-31,LKA,9,8,1,5.167,28
2017-10-31,MDV,2,2,0,2.35,10
2017-10-31,MEX,4,4,0,2.35,4
2017-10-31,MMR,1,0,1,-2.0,8
2017-10-31,MUS,32,28,4,1.769,136
2017-10-31,MYS,5,5,0,3.36,12
2017-10-31,NLD,4,4,0,3.4,18
2017-10-31,NPL,16,15,1,3.194,64
2017-10-31,NZL,2,0,2,-2.0,7
2017-10-31,OMN,3,3,0,2.9,20
2017-10-31,PAK,34,12,22,-4.797,191
2017-10-31,PER,1,1,0,3.0,4
2017-10-31,PRK,3,1,2,-3.667,21
2017-10-31,QAT,5,4,1,2.2,18
2017-10-31,RUS,6,5,1,2.4,29
2017-10-31,SAS,1,1,0,5.0,4
2017-10-31,SAU,6,4,2,-0.6,46
2017-10-31,SEA,4,4,0,4.0,12
2017-10-31,SGP,39,39,0,3.546,235
2017-10-31,SOM,1,0,1,-10.0,1
2017-10-31,SYR,12,4,8,-6.1,56
2017-10-31,THA,7,6,1,1.771,20
2017-10-31,TUN,3,3,0,1.9,6
2017-10-31,TUR,1,0,1,-10.0,6
2017-10-31,USA,45,31,14,0.044,164
2017-10-31,YEM,1,1,0,0.0,6
2017-10-31,ZAF,2,2,0,-2.0,4
2017-11-01,AFG,24,8,16,-2.654,62
2017-11-01,AFR,4,4,0,4.0,4
2017-11-01,ARE,4,0,4,-6.0,6
2017-11-01,AUS,12,10,2,3.633,319
2017-11-01,BGD,5,4,1,3.8,24
2017-11-01,BTN,17,17,0,2.753,38
2017-11-01,CAN,3,0,3,-5.0,4
2017-11-01,CHE,6,6,0,3.567,14
2017-11-01,CHN,25,18,7,-0.188,114
2017-11-01,DEU,10,10,0,2.68,64
2017-11-01,ETH,3,1,2,-2.0,13
2017-11-01,EUR,1,1,0,4.0,20
2017-11-01,FIN,1,0,1,-2.0,4
2017-11-01,FRA,1,0,1,-4.0,4
2017-11-01,GBR,28,27,1,2.839,95
2017-11-01,ISR,2,2,0,1.9,10
2017-11-01,ITA,2,2,0,4.0,10
2017-11-01,JPN,21,14,7,2.543,358
2017-11-01,KAZ,5,5,0,7.4,12
2017-11-01,KEN,1,1,0,7.0,1
2017-11-01,KOR,1,0,1,-4.0,6
2017-11-01,KWT,5,2,3,-1.6,28
2017-11-01,LBN,2,2,0,2.35,6
2017-11-01,LKA,1,1,0,0.0,5
2017-11-01,LVA,2,2,0,4.0,4
2017-11-01,MUS,34,30,4,1.138,271
2017-11-01,MYS,2,2,0,2.35,16
2017-11-01,NGA,4,0,4,-10.0,12
2017-11-01,NPL,5,3,2,-2.3,15
2017-11-01,NZL,6,2,4,-1.767,43
2017-11-01,PAK,45,25,20,-0.638,187
2017-11-01,RUS,12,11,1,1.383,55
2017-11-01,SEA,5,5,0,3.88,22
2017-11-01,SGP,41,38,3,4.578,685
2017-11-01,SOM,4,1,3,-0.4,5
2017-11-01,SWE,9,9,0,3.511,70
2017-11-01,SYR,1,1,0,0.0,8
2017-11-01,TUR,4,3,1,-1.65,15
2017-11-01,TWN,6,6,0,7.0,302
2017-11-01,USA,91,57,34,-0.515,701
2017-11-01,ZAF,5,5,0,3.96,46
2017-11-02,AFG,6,6,0,2.35,18
2017-11-02,AFR,1,1,0,0.0,5
2017-11-02,ARE,4,4,0,2.35,24
2017-11-02,AUS,20,20,0,6.0,106
2017-11-02,BEL,1,1,0,7.4,6
2017-11-02,BGD,21,16,5,0.529,169
2017-11-02,BTN,8,6,2,1.675,13
2017-11-02,CAN,18,2,16,-5.456,197
2017-11-02,CHE,4,4,0,3.0,12
2017-11-02,CHN,32,31,1,2.347,164
2017-11-02,DNK,3,1,2,-2.333,15
2017-11-02,EGY,5,2,3,-5.06,14
2017-11-02,ESP,1,1,0,7.0,2
2017-11-02,ETH,3,3,0,2.5,6
2017-11-02,EUR,3,3,0,8.0,6
2017-11-02,FRA,19,19,0,2.974,80
2017-11-02,GBR,26,21,5,1.885,73
2017-11-02,GRC,3,3,0,2.6,6
2017-11-02,IDN,1,1,0,6.4,18
2017-11-02,IRL,2,2,0,3.4,4
2017-11-02,IRN,1,0,1,-2.0,4
2017-11-02,IRQ,2,2,0,3.4,4
2017-11-02,ITA,2,1,1,-1.55,11
2017-11-02,JOR,4,0,4,-4.0,64
2017-11-02,JPN,17,12,5,0.706,96
2017-11-02,KAZ,5,4,1,4.32,12
2017-11-02,LKA,19,10,9,-1.379,283
2017-11-02,MDV,1,1,0,0.0,3
2017-11-02,MMR,4,4,0,2.35,12
2017-11-02,MUS,16,16,0,2.325,60
2017-11-02,MYS,9,9,0,3.2,42
2017-11-02,NMR,3,3,0,2.5,12
2017-11-02,NPL,4,3,1,0.675,5
2017-11-02,PAK,102,54,48,-0.923,510
2017-11-02,PHL,5,5,0,4.0,40
2017-11-02,POL,3,3,0,3.5,6
2017-11-02,RUS,2,1,1,-3.0,3
2017-11-02,SAS,2,1,1,0.7,12
2017-11-02,SEA,6,4,2,3.1,24
2017-11-02,SGP,21,18,3,5.19,168
2017-11-02,SWE,7,7,0,3.914,54
2017-11-02,SYR,2,2,0,3.5,14
2017-11-02,TUR,6,1,5,-3.0,18
2017-11-02,TWN,8,8,0,7.0,72
2017-11-02,USA,87,71,16,1.755,405
2017-11-03,AFG,3,1,2,-1.533,6
2017-11-03,AFR,3,3,0,5.467,14
2017-11-03,ARE,2,2,0,5.0,6
2017-11-03,ARM,25,25,0,3.936,86
2017-11-03,AUS,16,15,1,3.969,31
2017-11-03,BGD,29,23,6,1.241,108
2017-11-03,BRN,2,2,0,4.0,6
2017-11-03,BTN,6,6,0,2.7,7
2017-11-03,CAN,1,1,0,6.0,5
2017-11-03,CHE,4,3,1,2.5,13
2017-11-03,CHN,32,28,4,2.297,261
2017-11-03,DEU,3,3,0,-0.667,12
2017-11-03,DNK,2,0,2,-3.5,5
2017-11-03,ESP,4,4,0,2.35,8
2017-11-03,EST,5,5,0,4.6,12
2017-11-03,EUR,2,2,0,2.35,20
2017-11-03,FIN,2,2,0,0.0,8
2017-11-03,FRA,7,5,2,-1.786,26
2017-11-03,GBR,22,12,10,-0.268,108
2017-11-03,IDN,1,1,0,6.4,12
2017-11-03,IRQ,4,4,0,5.0,10
2017-11-03,ITA,9,3,6,-5.133,25
2017-11-03,JOR,3,0,3,-4.0,12
2017-11-03,JPN,5,5,0,4.2,18
2017-11-03,KAZ,8,8,0,7.2,64
2017-11-03,KOR,2,1,1,1.7,8
2017-11-03,LKA,4,0,4,-5.0,16
2017-11-03,LVA,9,9,0,3.856,28
2017-11-03,MAR,2,0,2,-10.0,7
2017-11-03,MUS,2,2,0,3.5,8
2017-11-03,MYS,16,13,3,2.275,58
2017-11-03,NLD,2,2,0,8.0,12
2017-11-03,NMR,1,1,0,0.0,2
2017-11-03,NPL,7,4,3,0.057,22
2017-11-03,NZL,7,6,1,0.686,35
2017-11-03,OMN,1,0,1,-5.0,6
2017-11-03,PAK,65,35,30,-1.418,240
2017-11-03,QAT,3,3,0,2.5,14
2017-11-03,RUS,2,2,0,4.0,8
2017-11-03,SAU,7,5,2,0.186,20
2017-11-03,SGP,7,7,0,2.757,30
2017-11-03,SVK,2,2,0,2.35,10
2017-11-03,SWE,6,6,0,1.783,28
2017-11-03,THA,3,3,0,3.4,7
2017-11-03,TUR,2,0,2,-5.0,4
2017-11-03,USA,80,62,18,0.864,442
2017-11-04,AFG,1,1,0,3.4,4
2017-11-04,ARE,3,0,3,-8.333,12
2017-11-04,ARM,3,3,0,2.5,8
2017-11-04,AUS,2,2,0,5.0,8
2017-11-04,AUT,2,0,2,-10.0,8
2017-11-04,BEL,10,10,0,4.0,17
2017-11-04,BGD,23,14,9,0.957,120
2017-11-04,BTN,3,2,1,-1.933,5
2017-11-04,CHN,15,13,2,2.02,144
2017-11-04,DEU,9,8,1,1.822,25
2017-11-04,FRA,7,7,0,3.614,26
2017-11-04,GBR,24,21,3,1.396,108
2017-11-04,GHA,1,1,0,3.4,6
2017-11-04,HUN,4,4,0,2.35,20
2017-11-04,IRQ,1,1,0,3.4,4
2017-11-04,ISR,2,2,0,8.0,12
2017-11-04,JOR,2,0,2,-4.5,12
2017-11-04,JPN,6,6,0,1.783,58
2017-11-04,KEN,5,3,2,0.1,11
2017-11-04,LVA,6,6,0,1.667,200
2017-11-04,MMR,5,2,3,-1.46,129
2017-11-04,MUS,15,15,0,2.38,108
2017-11-04,MYS,9,8,1,1.867,81
2017-11-04,NPL,4,0,4,-4.5,11
2017-11-04,NZL,4,1,3,-1.25,7
2017-11-04,PAK,28,25,3,1.704,75
2017-11-04,RUS,4,0,4,-8.0,10
2017-11-04,SAS,2,2,0,4.0,2
2017-11-04,SAU,33,28,5,1.676,404
2017-11-04,SEA,3,0,3,-6.667,4
2017-11-04,SGP,3,3,0,4.033,8
2017-11-04,SWE,1,1,0,0.0,4
2017-11-04,SYR,6,6,0,2.35,20
2017-11-04,THA,1,1,0,4.0,6
2017-11-04,TZA,1,1,0,5.0,4
2017-11-04,USA,41,34,7,1.671,197
2017-11-04,VAT,8,0,8,-10.0,19
2017-11-05,AFG,2,2,0,7.0,6
2017-11-05,ARE,8,7,1,2.988,27
2017-11-05,BEL,20,20,0,2.755,92
2017-11-05,BGD,14,14,0,5.514,63
2017-11-05,CHE,29,1,28,-6.797,91
2017-11-05,CHN,5,5,0,2.26,40
2017-11-05,DEU,36,8,28,-3.711,89
2017-11-05,FRA,2,0,2,-2.0,4
2017-11-05,GBR,17,15,2,1.753,58
2017-11-05,IRL,3,3,0,3.4,12
2017-11-05,IRQ,4,4,0,2.35,12
2017-11-05,ISR,3,3,0,6.6,12
2017-11-05,JPN,12,12,0,3.058,49
2017-11-05,KEN,5,1,4,-7.4,46
2017-11-05,LKA,11,3,8,-2.273,149
2017-11-05,MCO,3,0,3,-7.333,17
2017-11-05,MMR,2,2,0,2.35,20
2017-11-05,MUS,6,6,0,2.9,51
2017-11-05,MYS,1,1,0,3.0,1
2017-11-05,NOR,1,1,0,3.0,2
2017-11-05,NPL,1,0,1,-5.0,1
2017-11-05,PAK,19,14,5,0.174,67
2017-11-05,PAN,3,3,0,7.0,11
2017-11-05,RUS,2,2,0,2.35,4
2017-11-05,SAS,2,1,1,-2.0,8
2017-11-05,SAU,34,30,4,1.818,120
2017-11-05,SDN,2,0,2,-5.0,6
2017-11-05,SGP,1,1,0,3.0,1
2017-11-05,SOM,3,0,3,-4.667,4
2017-11-05,SYR,5,5,0,1.88,14
2017-11-05,THA,1,1,0,0.0,1
2017-11-05,TUR,1,1,0,4.0,2
2017-11-05,USA,24,16,8,0.812,118
2017-11-05,VAT,3,0,3,-10.0,6
2017-11-06,AFG,15,15,0,2.473,68
2017-11-06,AFR,7,5,2,-1.1,85
2017-11-06,ARE,9,8,1,1.033,22
2017-11-06,AUS,9,9,0,4.756,18
2017-11-06,BEL,18,18,0,2.85,66
2017-11-06,BGD,40,28,12,0.952,372
2017-11-06,BRA,1,1,0,7.4,6
2017-11-06,BWA,1,1,0,6.0,8
2017-11-06,CAN,6,6,0,3.65,33
2017-11-06,CHE,7,1,6,-7.929,15
2017-11-06,CHN,79,53,26,0.249,1441
2017-11-06,DEU,36,11,25,-3.522,88
2017-11-06,DNK,2,2,0,-2.0,4
2017-11-06,EUR,2,2,0,0.4,40
2017-11-06,FIN,4,4,0,1.175,16
2017-11-06,FRA,4,4,0,3.175,14
2017-11-06,GBR,29,23,6,1.593,81
2017-11-06,GIN,3,3,0,7.0,6
2017-11-06,GRC,1,0,1,-10.0,3
2017-11-06,IRN,11,11,0,2.0,52
2017-11-06,IRQ,14,14,0,4.879,67
2017-11-06,ISR,10,10,0,5.84,42
2017-11-06,ITA,12,5,7,-3.167,39
2017-11-06,JPN,6,3,3,-1.6,52
2017-11-06,KAZ,6,6,0,7.4,8
2017-11-06,KEN,3,0,3,-10.0,10
2017-11-06,KHM,6,6,0,2.35,18
2017-11-06,LKA,1,1,0,6.4,6
2017-11-06,LVA,2,2,0,2.35,12
2017-11-06,MAR,2,0,2,-10.0,6
2017-11-06,MMR,8,8,0,2.238,60
2017-11-06,MUS,11,11,0,2.391,32
2017-11-06,MYS,13,13,0,2.8,49
2017-11-06,NGA,2,0,2,-9.5,20
2017-11-06,NLD,11,9,2,1.345,37
2017-11-06,NOR,1,1,0,3.0,2
2017-11-06,NPL,6,4,2,-0.1,36
2017-11-06,PAK,52,32,20,-1.037,277
2017-11-06,PAN,5,5,0,-0.2,13
2017-11-06,PER,1,0,1,-5.0,6
2017-11-06,PRY,2,2,0,5.6,10
2017-11-06,QAT,6,6,0,3.35,14
2017-11-06,RUS,9,3,6,-1.311,26
2017-11-06,SAS,4,3,1,4.25,55
2017-11-06,SAU,21,13,8,0.148,77
2017-11-06,SEA,14,14,0,4.857,101
2017-11-06,SWE,8,8,0,4.375,28
2017-11-06,SYR,3,3,0,2.9,12
2017-11-06,THA,4,4,0,2.35,4
2017-11-06,TUR,4,4,0,2.575,12
2017-11-06,USA,23,8,15,-3.526,52
2017-11-07,AFG,10,10,0,1.98,32
2017-11-07,AFR,2,1,1,-0.05,3
2017-11-07,ARE,3,3,0,2.5,8
2017-11-07,ARM,3,0,3,-10.0,13
2017-11-07,AUS,5,3,2,-3.4,20
2017-11-07,BEL,33,33,0,2.982,227
2017-11-07,BGD,58,35,23,-0.669,388
2017-11-07,BHS,2,0,2,-5.0,2
2017-11-07,CHE,5,1,4,-7.4,37
2017-11-07,CHN,61,39,22,-0.085,235
2017-11-07,DEU,9,2,7,-6.222,35
2017-11-07,DNK,4,4,0,2.35,8
2017-11-07,EUR,1,1,0,0.0,6
2017-11-07,FIN,2,2,0,1.0,4
2017-11-07,FJI,3,3,0,3.333,12
2017-11-07,FRA,5,0,5,-4.8,10
2017-11-07,GBR,51,35,16,0.165,316
2017-11-07,GIN,4,4,0,3.5,14
2017-11-07,GRC,1,0,1,-10.0,8
2017-11-07,IDN,6,6,0,3.767,38
2017-11-07,IRL,2,2,0,3.4,4
2017-11-07,IRN,8,5,3,0.287,60
2017-11-07,IRQ,2,2,0,1.0,2
2017-11-07,ITA,4,2,2,-3.0,110
2017-11-07,JOR,4,3,1,1.85,14
2017-11-07,JPN,2,2,0,-0.5,11
2017-11-07,KHM,4,4,0,2.35,8
2017-11-07,LBN,2,0,2,-10.0,30
2017-11-07,LKA,5,1,4,-3.4,129
2017-11-07,MDV,1,1,0,7.4,6
2017-11-07,MMR,2,0,2,-5.0,6
2017-11-07,MYS,3,3,0,2.667,10
2017-11-07,NPL,1,0,1,-5.0,8
2017-11-07,NZL,5,3,2,-1.76,22
2017-11-07,OMN,3,3,0,2.5,40
2017-11-07,PAK,75,56,19,0.023,356
2017-11-07,PAN,3,3,0,-2.0,33
2017-11-07,PRK,6,6,0,3.5,80
2017-11-07,QAT,12,11,1,2.492,64
2017-11-07,RUS,5,5,0,3.24,20
2017-11-07,SAS,8,5,3,3.375,61
2017-11-07,SAU,3,3,0,4.0,6
2017-11-07,SDN,4,0,4,-5.0,6
2017-11-07,SEA,8,4,4,-2.0,28
2017-11-07,SGP,14,11,3,0.186,56
2017-11-07,SWE,4,4,0,1.0,4
2017-11-07,SYR,1,1,0,0.0,4
2017-11-07,THA,1,0,1,-5.0,6
2017-11-07,TKM,2,2,0,2.35,10
2017-11-07,USA,83,72,11,1.477,510
2017-11-07,VNM,2,2,0,2.2,20
2017-11-08,AFG,8,6,2,-2.788,20
2017-11-08,ARM,1,0,1,-10.0,6
2017-11-08,AUS,1,1,0,0.0,3
2017-11-08,BEL,20,20,0,3.81,69
2017-11-08,BGD,43,13,30,-2.288,326
2017-11-08,BOL,2,0,2,-5.0,4
2017-11-08,BRA,3,3,0,1.567,19
2017-11-08,BRN,10,10,0,2.35,488
2017-11-08,BTN,2,1,1,-1.0,10
2017-11-08,CHN,32,29,3,2.8,97
2017-11-08,COL,8,8,0,2.312,34
2017-11-08,CUB,1,1,0,0.0,2
2017-11-08,DEU,4,4,0,2.35,12
2017-11-08,EGY,6,6,0,2.35,8
2017-11-08,FIN,5,5,0,2.26,8
2017-11-08,FJI,3,3,0,3.333,12
2017-11-08,FRA,10,6,4,-0.36,22
2017-11-08,GBR,53,52,1,2.032,248
2017-11-08,GHA,1,1,0,7.0,5
2017-11-08,GRC,4,3,1,-2.5,10
2017-11-08,GRD,3,3,0,2.5,8
2017-11-08,IDN,9,9,0,2.989,36
2017-11-08,IRN,7,5,2,-0.9,36
2017-11-08,IRQ,1,0,1,-9.5,12
2017-11-08,ITA,16,8,8,-2.275,37
2017-11-08,JOR,1,0,1,-5.0,10
2017-11-08,JPN,11,6,5,-3.027,48
2017-11-08,KOR,6,5,1,4.0,30
2017-11-08,LBN,2,2,0,3.5,14
2017-11-08,LKA,5,3,2,0.1,28
2017-11-08,MLT,1,1,0,3.0,2
2017-11-08,MMR,1,0,1,-10.0,8
2017-11-08,MUS,2,2,0,2.35,8
2017-11-08,MYS,16,14,2,1.431,510
2017-11-08,NPL,5,5,0,2.82,20
2017-11-08,PAK,40,27,13,-0.293,177
2017-11-08,PER,1,1,0,7.0,10
2017-11-08,PHL,5,5,0,2.44,48
2017-11-08,PRK,6,6,0,3.5,56
2017-11-08,QAT,9,9,0,1.922,529
2017-11-08,RUS,10,2,8,-2.46,66
2017-11-08,SAS,6,5,1,5.167,34
2017-11-08,SAU,16,14,2,1.619,60
2017-11-08,SEA,10,2,8,-3.53,60
2017-11-08,SGP,14,14,0,2.35,596
2017-11-08,SWE,4,4,0,1.0,4
2017-11-08,SYR,1,1,0,0.0,2
2017-11-08,THA,1,0,1,-10.0,6
2017-11-08,TKM,2,2,0,7.4,4
2017-11-08,TUR,4,4,0,7.2,12
2017-11-08,USA,47,39,8,1.347,232
2017-11-08,VEN,2,2,0,2.35,8
2017-11-08,VNM,1,1,0,4.0,6
2017-11-09,AFG,1,0,1,-10.0,3
2017-11-09,AFR,4,4,0,2.35,20
2017-11-09,ARE,7,7,0,3.529,12
2017-11-09,AUS,26,23,3,3.027,73
2017-11-09,BEL,33,33,0,2.864,141
2017-11-09,BGD,52,34,18,0.142,143
2017-11-09,BRA,6,6,0,2.35,8
2017-11-09,BRN,10,10,0,2.35,234
2017-11-09,BTN,2,2,0,7.0,12
2017-11-09,CAN,3,3,0,4.667,8
2017-11-09,CHN,67,46,21,0.97,403
2017-11-09,CUB,3,2,1,0.233,9
2017-11-09,DEU,5,5,0,5.8,20
2017-11-09,DNK,2,2,0,2.35,4
2017-11-09,EGY,6,6,0,2.35,16
2017-11-09,EUR,9,9,0,3.267,54
2017-11-09,FRA,7,1,6,-4.286,30
2017-11-09,GBR,82,71,11,0.559,360
2017-11-09,GHA,1,1,0,0.0,10
2017-11-09,IDN,3,3,0,1.567,6
2017-11-09,IRN,1,1,0,0.0,4
2017-11-09,ITA,11,10,1,1.627,35
2017-11-09,JPN,10,9,1,3.77,80
2017-11-09,KEN,1,1,0,-0.4,6
2017-11-09,LAO,1,1,0,6.4,2
2017-11-09,LKA,5,5,0,6.88,13
2017-11-09,LVA,2,2,0,2.35,12
2017-11-09,MAR,1,1,0,0.0,6
2017-11-09,MMR,1,1,0,0.0,6
2017-11-09,MYS,16,16,0,2.35,258
2017-11-09,NPL,2,2,0,3.0,4
2017-11-09,NZL,2,0,2,-10.0,3
2017-11-09,OMN,2,2,0,0.0,4
2017-11-09,PAK,56,50,6,2.252,239
2017-11-09,PAN,1,1,0,-2.0,5
2017-11-09,PHL,9,9,0,3.133,20
2017-11-09,PNG,2,2,0,0.4,4
2017-11-09,PRK,4,4,0,3.5,32
2017-11-09,QAT,5,5,0,2.88,238
2017-11-09,RUS,9,4,5,0.2,15
2017-11-09,SAU,6,6,0,3.8,26
2017-11-09,SEA,10,4,6,-2.06,22
2017-11-09,SGP,16,16,0,2.237,242
2017-11-09,SYR,3,3,0,6.667,18
2017-11-09,THA,3,0,3,-10.0,15
2017-11-09,USA,26,20,6,0.362,110
2017-11-09,ZMB,2,2,0,0.0,4
2017-11-10,AFG,5,5,0,4.8,9
2017-11-10,AFR,3,3,0,2.5,132
2017-11-10,ARE,3,3,0,3.8,12
2017-11-10,AUS,9,8,1,1.433,20
2017-11-10,AUT,2,0,2,-4.0,2
2017-11-10,BEL,8,8,0,4.262,25
2017-11-10,BGD,10,9,1,0.93,39
2017-11-10,BRN,2,2,0,2.35,10
2017-11-10,BTN,4,0,4,-5.0,24
2017-11-10,CAN,10,10,0,3.61,21
2017-11-10,CHE,1,0,1,-10.0,5
2017-11-10,CHN,66,64,2,2.505,611
2017-11-10,COD,4,4,0,1.0,24
2017-11-10,COG,2,2,0,3.4,10
2017-11-10,COL,1,0,1,-5.0,4
2017-11-10,DEU,16,16,0,2.05,196
2017-11-10,DNK,2,0,2,-2.0,10
2017-11-10,EGY,4,4,0,2.35,8
2017-11-10,EUR,4,4,0,2.35,12
2017-11-10,FRA,12,8,4,1.925,46
2017-11-10,GBR,76,61,15,0.68,393
2017-11-10,IRN,4,4,0,2.0,6
2017-11-10,IRQ,1,0,1,-9.5,6
2017-11-10,ISR,7,7,0,2.914,55
2017-11-10,ITA,4,4,0,2.35,8
2017-11-10,JOR,5,5,0,2.52,34
2017-11-10,JPN,2,2,0,3.2,14
2017-11-10,KOR,8,8,0,3.825,20
2017-11-10,LAO,2,2,0,2.35,20
2017-11-10,LKA,7,2,5,-1.0,19
2017-11-10,MEX,7,3,4,-4.429,53
2017-11-10,MMR,10,9,1,2.32,24
2017-11-10,MUS,2,2,0,2.35,4
2017-11-10,MYS,11,11,0,1.709,39
2017-11-10,NPL,9,8,1,1.856,38
2017-11-10,PAK,93,65,28,0.438,774
2017-11-10,PHL,2,2,0,2.35,8
2017-11-10,PRK,6,6,0,3.5,24
2017-11-10,RUS,11,10,1,1.109,35
2017-11-10,SAU,4,4,0,2.35,8
2017-11-10,SGP,15,13,2,1.74,44
2017-11-10,THA,5,2,3,-4.4,11
2017-11-10,USA,56,46,10,0.854,360
2017-11-10,VEN,1,0,1,-5.0,2
2017-11-10,ZMB,4,4,0,2.35,4
2017-11-11,AFG,4,4,0,6.0,8
2017-11-11,ARE,3,0,3,-6.4,14
2017-11-11,AUS,6,6,0,6.5,9
2017-11-11,BEL,6,6,0,2.35,12
2017-11-11,BGD,16,13,3,3.444,90
2017-11-11,BHR,2,2,0,2.35,20
2017-11-11,BTN,6,5,1,1.667,18
2017-11-11,CAN,6,6,0,3.9,12
2017-11-11,CHE,2,2,0,2.35,16
2017-11-11,CHN,112,86,26,1.129,1239
2017-11-11,COG,2,2,0,1.0,6
2017-11-11,DEU,10,10,0,2.97,44
2017-11-11,ETH,5,4,1,3.36,12
2017-11-11,FRA,2,1,1,-2.0,9
2017-11-11,GBR,9,8,1,2.222,45
2017-11-11,IRN,7,7,0,4.371,20
2017-11-11,IRQ,2,2,0,2.35,4
2017-11-11,ISR,15,11,4,1.187,88
2017-11-11,JOR,2,0,2,-4.0,4
2017-11-11,JPN,11,11,0,3.264,23
2017-11-11,KOR,7,7,0,4.371,32
2017-11-11,KWT,2,1,1,-2.5,8
2017-11-11,LKA,1,1,0,4.0,3
2017-11-11,MEX,9,6,3,-1.333,21
2017-11-11,MMR,7,2,5,-3.286,120
2017-11-11,MUS,2,2,0,2.35,8
2017-11-11,MYS,5,3,2,-2.0,12
2017-11-11,NLD,3,0,3,-10.0,12
2017-11-11,NPL,4,2,2,-2.025,14
2017-11-11,PAK,68,46,22,0.103,377
2017-11-11,PHL,6,6,0,3.033,25
2017-11-11,PRK,4,4,0,3.5,8
2017-11-11,PSE,5,5,0,1.88,9
2017-11-11,QAT,5,5,0,3.54,24
2017-11-11,RUS,14,14,0,3.979,53
2017-11-11,SAS,2,2,0,2.35,2
2017-11-11,SAU,9,5,4,-0.456,38
2017-11-11,SEA,6,5,1,0.5,12
2017-11-11,SGP,2,2,0,2.35,2
2017-11-11,THA,11,10,1,0.845,24
2017-11-11,USA,69,55,14,0.361,445
2017-11-12,AFG,2,2,0,2.35,2
2017-11-12,AFR,2,0,2,-4.0,2
2017-11-12,ARE,2,1,1,-2.75,3
2017-11-12,AUS,6,4,2,0.25,13
2017-11-12,BGD,20,9,11,-1.25,55
2017-11-12,CHN,58,43,15,0.978,303
2017-11-12,DEU,7,4,3,-0.8,20
2017-11-12,DNK,1,1,0,3.0,3
2017-11-12,ESP,1,1,0,0.0,2
2017-11-12,ETH,5,4,1,3.36,12
2017-11-12,FRA,5,5,0,3.64,35
2017-11-12,GBR,17,14,3,0.312,85
2017-11-12,IDN,6,4,2,0.417,35
2017-11-12,IRN,1,1,0,6.0,6
2017-11-12,IRQ,1,0,1,-10.0,4
2017-11-12,ISR,2,2,0,7.0,16
2017-11-12,ITA,1,1,0,0.0,3
2017-11-12,JPN,13,10,3,2.338,37
2017-11-12,KEN,5,4,1,0.9,21
2017-11-12,LKA,1,0,1,-5.0,10
2017-11-12,MDV,3,1,2,-1.467,13
2017-11-12,MMR,5,5,0,2.68,14
2017-11-12,MYS,3,2,1,0.233,21
2017-11-12,NLD,3,3,0,2.0,3
2017-11-12,NOR,2,0,2,-10.0,2
2017-11-12,NPL,7,5,2,1.257,32
2017-11-12,PAK,34,22,12,-0.535,137
2017-11-12,PHL,25,25,0,2.312,160
2017-11-12,PNG,1,0,1,-6.5,4
2017-11-12,QAT,4,4,0,4.0,16
2017-11-12,RUS,20,20,0,4.3,146
2017-11-12,SAS,5,5,0,2.98,18
2017-11-12,SAU,4,2,2,0.25,14
2017-11-12,SEA,15,15,0,1.76,51
2017-11-12,SYR,5,4,1,-0.12,14
2017-11-12,TUR,1,0,1,-10.0,2
2017-11-12,USA,57,30,27,-2.402,415
2017-11-12,UZB,4,0,4,-5.0,37
2017-11-13,AFG,4,3,1,0.7,9
2017-11-13,ARE,3,1,2,-1.367,10
2017-11-13,AUS,3,3,0,1.8,4
2017-11-13,BEL,2,2,0,2.35,8
2017-11-13,BGD,15,2,13,-4.133,61
2017-11-13,BTN,2,0,2,-5.0,6
2017-11-13,CAN,4,1,3,-2.9,24
2017-11-13,CHN,13,11,2,0.0,75
2017-11-13,DEU,5,5,0,2.48,12
2017-11-13,FRA,8,8,0,3.137,27
2017-11-13,GBR,52,40,12,1.138,445
2017-11-13,GRC,4,4,0,0.0,8
2017-11-13,HKG,2,1,1,0.5,30
2017-11-13,IDN,3,2,1,0.233,3
2017-11-13,IRN,2,2,0,1.3,14
2017-11-13,IRQ,11,9,2,0.791,81
2017-11-13,ISR,1,1,0,0.0,4
2017-11-13,ITA,2,2,0,2.35,8
2017-11-13,JPN,11,11,0,3.945,64
2017-11-13,KEN,4,3,1,1.05,5
2017-11-13,KWT,9,7,2,0.667,32
2017-11-13,LKA,6,5,1,0.9,38
2017-11-13,MDV,1,0,1,-2.0,2
2017-11-13,MMR,4,1,3,-5.875,28
2017-11-13,MYS,3,2,1,0.233,3
2017-11-13,NPL,8,6,2,1.6,16
2017-11-13,NZL,3,3,0,6.0,10
2017-11-13,PAK,67,57,10,1.337,396
2017-11-13,PHL,28,27,1,2.911,82
2017-11-13,PRK,4,4,0,3.5,8
2017-11-13,QAT,4,2,2,0.95,7
2017-11-13,RUS,9,9,0,3.711,25
2017-11-13,SAS,2,2,0,2.35,12
2017-11-13,SAU,14,8,6,0.786,49
2017-11-13,SEA,2,2,0,1.0,6
2017-11-13,SGP,1,0,1,-7.0,4
2017-11-13,THA,15,15,0,1.8,84
2017-11-13,TUR,2,2,0,4.0,4
2017-11-13,TWN,7,7,0,0.457,38
2017-11-13,UKR,2,0,2,-5.0,2
2017-11-13,USA,70,50,20,0.709,293
2017-11-13,VNM,10,10,0,4.0,56
2017-11-14,AFG,9,9,0,2.244,40
2017-11-14,AFR,1,0,1,-2.0,10
2017-11-14,ARE,11,11,0,2.573,54
2017-11-14,AUS,10,10,0,4.84,24
2017-11-14,BGD,16,9,7,-1.6,51
2017-11-14,BTN,3,3,0,1.0,8
2017-11-14,CAN,6,4,2,1.0,18
2017-11-14,CHN,32,26,6,1.3,125
2017-11-14,DEU,11,10,1,2.382,56
2017-11-14,DNK,3,3,0,8.0,6
2017-11-14,FIN,2,2,0,1.0,12
2017-11-14,FRA,4,4,0,2.35,6
2017-11-14,GBR,47,36,11,0.043,424
2017-11-14,GNQ,1,1,0,3.0,6
2017-11-14,IRN,2,2,0,8.0,12
2017-11-14,ISR,3,3,0,5.333,14
2017-11-14,KAZ,2,0,2,-7.2,6
2017-11-14,KOR,1,1,0,3.0,6
2017-11-14,KWT,2,1,1,-0.5,8
2017-11-14,LKA,5,5,0,0.2,17
2017-11-14,MDV,2,1,1,-2.5,4
2017-11-14,MYS,1,1,0,6.4,2
2017-11-14,NGA,2,0,2,-5.0,3
2017-11-14,PAK,37,20,17,-1.595,115
2017-11-14,PER,2,2,0,3.4,2
2017-11-14,PHL,8,8,0,3.25,28
2017-11-14,PRK,2,0,2,-4.5,12
2017-11-14,PSE,2,2,0,3.4,4
2017-11-14,RUS,10,7,3,1.21,11
2017-11-14,SAS,2,2,0,2.35,8
2017-11-14,SAU,6,2,4,-0.667,24
2017-11-14,SEA,33,33,0,3.333,143
2017-11-14,SGP,2,2,0,4.0,12
2017-11-14,THA,2,2,0,2.35,40
2017-11-14,USA,46,33,13,0.596,158
2017-11-14,VNM,2,2,0,0.0,3
2017-11-14,YEM,1,1,0,0.0,4
2017-11-14,ZAF,1,1,0,0.4,4
2017-11-15,AFG,17,17,0,3.118,32
2017-11-15,AFR,4,4,0,2.35,12
2017-11-15,ARM,4,4,0,2.35,18
2017-11-15,AUS,3,3,0,0.0,34
2017-11-15,BEL,1,0,1,-5.0,2
2017-11-15,BGD,21,8,13,-3.252,61
2017-11-15,BOL,5,5,0,2.3,12
2017-11-15,BTN,1,1,0,7.0,2
2017-11-15,CAN,10,9,1,4.24,65
2017-11-15,CHE,1,1,0,4.0,6
2017-11-15,CHN,22,17,5,0.932,72
2017-11-15,CRI,2,2,0,2.35,10
2017-11-15,DEU,6,6,0,1.9,14
2017-11-15,DNK,2,1,1,0.0,9
2017-11-15,EGY,2,2,0,2.35,8
2017-11-15,FRA,17,16,1,2.529,44
2017-11-15,GBR,36,32,4,1.392,141
2017-11-15,ISR,3,2,1,0.467,24
2017-11-15,JPN,4,4,0,0.85,12
2017-11-15,KAZ,5,4,1,4.48,8
2017-11-15,KGZ,3,0,3,-7.0,7
2017-11-15,KWT,6,3,3,0.667,23
2017-11-15,LKA,17,17,0,3.112,31
2017-11-15,MMR,6,3,3,-1.3,60
2017-11-15,MYS,3,3,0,3.7,7
2017-11-15,NPL,9,3,6,-3.244,47
2017-11-15,PAK,76,43,33,-1.042,340
2017-11-15,PHL,1,1,0,-0.4,1
2017-11-15,SAU,7,5,2,1.286,27
2017-11-15,SEA,12,10,2,2.3,62
2017-11-15,SGP,4,4,0,5.2,11
2017-11-15,SWE,4,4,0,2.35,4
2017-11-15,THA,7,7,0,5.057,63
2017-11-15,TJK,8,8,0,4.0,16
2017-11-15,TUR,11,11,0,5.173,22
2017-11-15,USA,88,75,13,1.206,480
2017-11-15,VNM,3,3,0,0.0,6
2017-11-15,ZAF,1,1,0,0.4,2
2017-11-15,ZWE,1,1,0,0.4,4
2017-11-16,AFG,2,2,0,3.0,12
2017-11-16,AFR,4,4,0,2.35,32
2017-11-16,ARM,6,6,0,2.35,12
2017-11-16,AUS,5,5,0,3.16,26
2017-11-16,BGD,14,11,3,1.664,84
2017-11-16,CHN,16,15,1,1.256,62
2017-11-16,CRI,5,5,0,2.26,20
2017-11-16,DEU,3,3,0,5.133,18
2017-11-16,EGY,1,0,1,-2.0,3
2017-11-16,FRA,8,8,0,2.763,50
2017-11-16,GBR,51,50,1,2.298,220
2017-11-16,GIN,2,2,0,6.4,10
2017-11-16,IDN,2,2,0,3.4,3
2017-11-16,ISR,7,6,1,2.771,18
2017-11-16,JPN,10,8,2,2.61,55
2017-11-16,KAZ,6,6,0,6.0,18
2017-11-16,KOR,5,5,0,5.74,28
2017-11-16,LKA,32,15,17,-1.616,167
2017-11-16,MDV,3,0,3,-5.0,10
2017-11-16,MMR,4,2,2,-3.5,17
2017-11-16,MYS,8,7,1,1.938,49
2017-11-16,NLD,2,2,0,3.0,4
2017-11-16,NOR,3,3,0,2.5,4
2017-11-16,NPL,5,1,4,-5.2,59
2017-11-16,PAK,37,22,15,0.149,229
2017-11-16,POL,1,1,0,6.0,5
2017-11-16,PSE,3,3,0,0.0,5
2017-11-16,QAT,6,6,0,2.2,150
2017-11-16,RUS,4,4,0,8.0,12
2017-11-16,SAS,7,2,5,-2.414,38
2017-11-16,SAU,3,3,0,0.9,26
2017-11-16,SDN,1,0,1,-2.0,1
2017-11-16,SEA,3,2,1,-0.5,17
2017-11-16,SGP,3,3,0,7.0,8
2017-11-16,SWE,2,1,1,-3.5,6
2017-11-16,THA,7,7,0,4.429,10
2017-11-16,USA,45,38,7,2.022,225
2017-11-16,ZAF,2,2,0,0.0,10
2017-11-17,AFR,2,2,0,2.35,4
2017-11-17,AUS,1,1,0,3.4,2
2017-11-17,BEL,1,1,0,0.0,1
2017-11-17,BGD,26,15,11,-1.123,232
2017-11-17,BMU,1,1,0,0.0,4
2017-11-17,CHE,1,0,1,-2.0,2
2017-11-17,CHN,50,43,7,1.99,364
2017-11-17,DEU,12,11,1,3.592,33
2017-11-17,EGY,3,3,0,3.0,4
2017-11-17,FRA,18,17,1,1.839,54
2017-11-17,GBR,37,33,4,2.108,231
2017-11-17,GRC,7,6,1,1.743,13
2017-11-17,IDN,5,4,1,0.4,20
2017-11-17,IRL,2,2,0,3.4,8
2017-11-17,IRN,1,0,1,-2.0,2
2017-11-17,IRQ,2,2,0,7.0,2
2017-11-17,ITA,1,0,1,-9.5,4
2017-11-17,JPN,10,7,3,1.27,34
2017-11-17,KOR,9,7,2,4.078,32
2017-11-17,KWT,4,4,0,6.0,16
2017-11-17,LBN,3,3,0,2.5,8
2017-11-17,LKA,21,11,10,-1.119,226
2017-11-17,MDV,2,0,2,-5.75,7
2017-11-17,MMR,1,1,0,0.0,10
2017-11-17,MNG,2,2,0,3.5,4
2017-11-17,MUS,4,0,4,-2.0,5
2017-11-17,MYS,9,9,0,3.933,28
2017-11-17,NLD,4,4,0,2.35,4
2017-11-17,NOR,8,6,2,0.512,22
2017-11-17,NPL,7,4,3,-2.729,18
2017-11-17,NZL,1,1,0,0.0,4
2017-11-17,PAK,46,18,28,-4.552,221
2017-11-17,QAT,2,2,0,2.35,4
2017-11-17,RUS,4,4,0,6.4,4
2017-11-17,SAS,4,0,4,-5.375,80
2017-11-17,SAU,7,4,3,-2.714,12
2017-11-17,SDN,3,1,2,-2.333,5
2017-11-17,SEA,1,1,0,0.4,14
2017-11-17,SGP,7,7,0,1.143,40
2017-11-17,THA,2,2,0,7.4,10
2017-11-17,TUR,2,0,2,-5.0,2
2017-11-17,USA,158,146,12,2.511,718
2017-11-17,VNM,1,1,0,3.0,1
2017-11-17,WST,1,1,0,3.0,4
2017-11-17,ZAF,2,0,2,-5.0,7
2017-11-18,AFR,1,0,1,-5.0,4
2017-11-18,AUS,5,5,0,3.4,18
2017-11-18,BGD,8,6,2,1.65,34
2017-11-18,BOL,5,5,0,2.3,24
2017-11-18,BRA,2,2,0,2.35,6
2017-11-18,CAN,3,0,3,-10.0,6
2017-11-18,CHN,43,36,7,1.302,307
2017-11-18,DNK,1,1,0,-0.4,1
2017-11-18,ESP,4,4,0,2.35,14
2017-11-18,EUR,1,1,0,3.0,8
2017-11-18,FRA,6,5,1,5.0,26
2017-11-18,GBR,18,14,4,0.022,42
2017-11-18,HUN,1,1,0,7.0,1
2017-11-18,IRL,2,2,0,4.0,4
2017-11-18,IRN,4,4,0,1.5,11
2017-11-18,IRQ,1,0,1,-2.0,10
2017-11-18,ISR,17,17,0,3.541,62
2017-11-18,ITA,3,1,2,-3.333,25
2017-11-18,JPN,5,3,2,-1.4,44
2017-11-18,KOR,2,2,0,2.35,6
2017-11-18,KWT,2,2,0,6.0,6
2017-11-18,LBN,2,2,0,7.0,4
2017-11-18,LKA,10,4,6,-1.8,46
2017-11-18,MMR,6,3,3,-1.067,82
2017-11-18,NOR,1,1,0,-0.4,5
2017-11-18,NPL,5,5,0,8.0,10
2017-11-18,OMN,1,1,0,0.4,2
2017-11-18,PAK,65,42,23,-0.405,209
2017-11-18,PHL,2,2,0,0.0,6
2017-11-18,PSE,2,2,0,2.35,2
2017-11-18,QAT,3,3,0,1.0,8
2017-11-18,RUS,7,7,0,1.0,12
2017-11-18,SAS,7,0,7,-6.5,48
2017-11-18,SAU,12,4,8,-2.583,66
2017-11-18,SEA,2,2,0,3.0,10
2017-11-18,SGP,11,11,0,3.182,65
2017-11-18,SWE,2,2,0,1.5,6
2017-11-18,THA,5,5,0,4.46,12
2017-11-18,TUR,9,4,5,-3.178,10
2017-11-18,UKR,2,0,2,-5.0,2
2017-11-18,USA,60,43,17,-0.577,230
2017-11-18,ZWE,1,1,0,3.4,8
2017-11-19,ARG,2,0,2,-10.0,18
2017-11-19,BGD,12,8,4,-0.158,58
2017-11-19,BRA,2,2,0,2.35,6
2017-11-19,CAN,4,2,2,-3.825,16
2017-11-19,CHN,21,19,2,0.29,138
2017-11-19,CRI,1,0,1,-4.0,6
2017-11-19,EGY,1,1,0,0.0,2
2017-11-19,FRA,2,2,0,8.0,12
2017-11-19,GBR,16,13,3,2.244,37
2017-11-19,IRN,1,1,0,0.0,4
2017-11-19,IRQ,2,2,0,0.0,4
2017-11-19,ITA,1,0,1,-9.0,10
2017-11-19,JPN,3,3,0,0.667,12
2017-11-19,KOR,1,0,1,-10.0,1
2017-11-19,LKA,18,4,14,-2.667,118
2017-11-19,MMR,1,0,1,-7.2,10
2017-11-19,PAK,32,14,18,-3.106,107
2017-11-19,PRK,3,0,3,-10.0,15
2017-11-19,QAT,3,3,0,4.333,7
2017-11-19,SAS,1,0,1,-5.0,14
2017-11-19,SAU,5,1,4,-3.4,14
2017-11-19,SEA,1,1,0,6.0,1
2017-11-19,SYR,3,3,0,0.0,4
2017-11-19,THA,2,2,0,3.0,4
2017-11-19,USA,10,6,4,0.13,40
2017-11-19,WST,2,0,2,-2.0,2
2017-11-19,ZWE,1,1,0,10.0,2
2017-11-20,AFG,2,2,0,2.35,20
2017-11-20,AFR,4,4,0,1.675,10
2017-11-20,ARE,10,10,0,3.05,20
2017-11-20,ARG,2,2,0,2.35,8
2017-11-20,ARM,4,4,0,2.35,6
2017-11-20,AUS,9,9,0,4.089,31
2017-11-20,BEL,4,4,0,3.175,40
2017-11-20,BGD,2,0,2,-10.0,10
2017-11-20,CHE,2,2,0,2.35,10
2017-11-20,CHN,66,57,9,1.274,423
2017-11-20,DEU,5,4,1,0.06,15
2017-11-20,DNK,8,0,8,-5.0,24
2017-11-20,ESP,1,0,1,-5.0,2
2017-11-20,FIN,1,1,0,7.0,4
2017-11-20,FRA,10,10,0,4.61,20
2017-11-20,GBR,47,39,8,1.266,210
2017-11-20,IRN,3,0,3,-2.0,4
2017-11-20,ISR,5,0,5,-3.6,22
2017-11-20,JPN,9,9,0,5.489,44
2017-11-20,KWT,3,3,0,2.5,8
2017-11-20,LKA,9,9,0,3.233,22
2017-11-20,MEX,2,2,0,2.35,12
2017-11-20,MMR,6,4,2,1.083,56
2017-11-20,NMR,2,2,0,6.4,15
2017-11-20,NOR,4,1,3,-3.75,14
2017-11-20,NPL,8,4,4,-0.637,35
2017-11-20,PAK,36,20,16,-1.286,97
2017-11-20,PRT,1,0,1,-2.0,10
2017-11-20,PSE,2,0,2,-7.0,6
2017-11-20,QAT,2,2,0,2.35,40
2017-11-20,SAU,2,2,0,3.0,2
2017-11-20,SGP,10,10,0,4.8,40
2017-11-20,TUR,2,0,2,-2.0,2
2017-11-20,UKR,2,0,2,-5.0,6
2017-11-20,USA,72,67,5,2.903,384
2017-11-20,ZAF,3,0,3,-5.0,3
2017-11-21,ARE,11,7,4,-0.782,442
2017-11-21,ARG,1,0,1,-10.0,1
2017-11-21,AUS,14,14,0,2.629,58
2017-11-21,BEL,13,11,2,-0.923,177
2017-11-21,BGD,29,16,13,-0.717,262
2017-11-21,BLZ,2,2,0,4.0,4
2017-11-21,BTN,1,1,0,7.0,6
2017-11-21,CAN,16,15,1,3.594,45
2017-11-21,CHE,2,2,0,4.0,2
2017-11-21,CHN,39,31,8,1.282,174
2017-11-21,DEU,1,1,0,7.0,4
2017-11-21,ECU,1,1,0,4.0,4
2017-11-21,ESP,1,0,1,-5.0,2
2017-11-21,ETH,2,0,2,-2.0,4
2017-11-21,EUR,1,1,0,6.0,6
2017-11-21,FIN,1,1,0,7.0,6
2017-11-21,GBR,44,31,13,0.78,140
2017-11-21,IRL,4,4,0,2.35,12
2017-11-21,ISL,2,2,0,4.0,4
2017-11-21,ISR,2,0,2,-4.0,6
2017-11-21,ITA,1,0,1,-4.0,4
2017-11-21,JPN,15,14,1,2.973,126
2017-11-21,KHM,7,7,0,2.286,48
2017-11-21,KOR,6,6,0,4.333,31
2017-11-21,LBN,2,2,0,5.4,8
2017-11-21,LKA,28,16,12,-1.121,117
2017-11-21,MDV,3,2,1,-0.5,7
2017-11-21,MEA,1,0,1,-5.0,3
2017-11-21,MMR,9,7,2,-0.7,86
2017-11-21,MUS,2,2,0,2.35,2
2017-11-21,NGA,1,0,1,-5.0,3
2017-11-21,NLD,4,4,0,2.35,4
2017-11-21,NPL,11,7,4,-0.491,66
2017-11-21,PAK,61,32,29,-1.941,234
2017-11-21,SAS,1,0,1,-10.0,5
2017-11-21,SAU,9,8,1,1.644,20
2017-11-21,SDN,2,2,0,3.0,10
2017-11-21,SGP,9,9,0,2.833,30
2017-11-21,THA,4,4,0,5.2,13
2017-11-21,TTO,3,3,0,2.567,9
2017-11-21,TUN,1,0,1,-5.0,10
2017-11-21,TWN,4,4,0,7.2,32
2017-11-21,USA,80,67,13,1.703,413
2017-11-21,UZB,3,3,0,1.567,12
2017-11-21,VNM,6,6,0,2.35,48
2017-11-21,ZAF,1,1,0,4.0,2
2017-11-21,ZWE,3,0,3,-5.0,5
2017-11-22,AFG,1,1,0,-0.3,3
2017-11-22,AFR,2,2,0,0.0,6
2017-11-22,ARE,17,14,3,1.665,234
2017-11-22,ARM,6,6,0,2.35,6
2017-11-22,AUS,6,6,0,3.45,16
2017-11-22,BEL,18,13,5,-0.85,92
2017-11-22,BGD,24,12,12,-1.079,78
2017-11-22,BRA,2,2,0,1.0,2
2017-11-22,CAN,14,13,1,3.186,32
2017-11-22,CHE,7,5,2,0.543,20
2017-11-22,CHN,26,20,6,0.8,61
2017-11-22,CYP,4,4,0,3.175,12
2017-11-22,DEU,13,13,0,0.769,52
2017-11-22,ESP,2,2,0,0.2,14
2017-11-22,FRA,5,4,1,0.1,11
2017-11-22,GBR,32,18,14,0.606,321
2017-11-22,IDN,1,1,0,-2.0,2
2017-11-22,IRQ,2,2,0,0.0,10
2017-11-22,ISR,25,25,0,3.092,92
2017-11-22,JPN,10,9,1,3.94,73
2017-11-22,KOR,7,7,0,6.771,68
2017-11-22,KWT,5,1,4,-5.0,18
2017-11-22,LKA,14,12,2,1.664,58
2017-11-22,MDV,2,2,0,2.35,12
2017-11-22,MEA,1,0,1,-5.0,3
2017-11-22,MMR,7,7,0,2.014,14
2017-11-22,MUS,6,6,0,2.2,64
2017-11-22,NLD,2,2,0,3.0,6
2017-11-22,NPL,7,5,2,0.2,44
2017-11-22,PAK,108,60,48,0.906,1296
2017-11-22,PRK,2,0,2,-8.0,2
2017-11-22,PSE,6,6,0,3.45,12
2017-11-22,RUS,7,4,3,-0.114,34
2017-11-22,RWA,2,2,0,0.0,4
2017-11-22,SAS,25,12,13,0.716,117
2017-11-22,SEA,2,0,2,-5.0,30
2017-11-22,SGP,5,5,0,3.34,24
2017-11-22,THA,2,2,0,3.0,6
2017-11-22,USA,72,64,8,1.465,336
2017-11-22,VNM,1,1,0,3.5,2
2017-11-22,ZWE,1,0,1,-5.0,6
2017-11-23,AFG,19,18,1,2.121,77
2017-11-23,AFR,1,1,0,3.0,8
2017-11-23,ARE,10,10,0,2.68,46
2017-11-23,AUS,2,2,0,2.35,8
2017-11-23,BEL,2,2,0,-1.0,16
2017-11-23,BGD,30,15,15,-0.323,128
2017-11-23,BTN,2,2,0,3.4,2
2017-11-23,CAN,8,8,0,2.25,46
2017-11-23,CHE,3,3,0,4.333,6
2017-11-23,CHN,32,28,4,2.131,81
2017-11-23,DNK,2,2,0,6.0,4
2017-11-23,EUR,8,8,0,2.35,30
2017-11-23,FIN,4,4,0,2.35,8
2017-11-23,FJI,3,3,0,2.5,12
2017-11-23,FRA,2,0,2,-2.0,5
2017-11-23,GBR,24,15,9,1.317,93
2017-11-23,IRN,2,2,0,6.0,4
2017-11-23,IRQ,3,3,0,1.133,3
2017-11-23,ISR,91,91,0,3.43,686
2017-11-23,ITA,4,3,1,1.675,18
2017-11-23,JOR,1,1,0,-2.0,10
2017-11-23,JPN,12,11,1,4.258,83
2017-11-23,KAZ,1,1,0,7.0,1
2017-11-23,KEN,3,3,0,1.567,6
2017-11-23,KOR,6,6,0,6.6,104
2017-11-23,KWT,2,2,0,2.35,20
2017-11-23,LKA,41,39,2,1.466,197
2017-11-23,MAR,2,2,0,2.35,2
2017-11-23,MMR,7,7,0,5.4,65
2017-11-23,MUS,7,7,0,3.057,30
2017-11-23,MYS,2,2,0,6.0,20
2017-11-23,NPL,6,4,2,0.95,12
2017-11-23,PAK,147,86,61,0.406,489
2017-11-23,PSE,11,11,0,3.4,114
2017-11-23,RUS,7,7,0,6.143,14
2017-11-23,SAS,41,29,12,2.468,178
2017-11-23,SGP,5,2,3,-0.8,12
2017-11-23,SYR,16,16,0,4.0,68
2017-11-23,THA,19,17,2,3.821,72
2017-11-23,TWN,4,1,3,-0.75,16
2017-11-23,USA,47,36,11,1.338,1318
2017-11-24,AFG,6,5,1,1.233,20
2017-11-24,AFR,3,3,0,4.933,6
2017-11-24,ASA,1,1,0,6.0,10
2017-11-24,AUS,6,6,0,5.0,11
2017-11-24,BEL,4,2,2,-0.85,28
2017-11-24,BGD,19,8,11,-2.126,89
2017-11-24,CHE,2,2,0,3.4,6
2017-11-24,CHN,37,22,15,-0.276,128
2017-11-24,DNK,1,0,1,-2.0,10
2017-11-24,EGY,4,0,4,-6.0,24
2017-11-24,ESP,2,0,2,-2.0,4
2017-11-24,FIN,3,0,3,-4.667,44
2017-11-24,FRA,2,2,0,2.35,6
2017-11-24,GBR,18,13,5,1.194,66
2017-11-24,GTM,1,0,1,-2.0,4
2017-11-24,IRQ,1,0,1,-9.0,5
2017-11-24,ISR,5,5,0,2.26,6
2017-11-24,ITA,2,2,0,2.35,6
2017-11-24,JPN,5,4,1,2.84,21
2017-11-24,KEN,3,3,0,1.567,6
2017-11-24,KOR,7,6,1,3.871,51
2017-11-24,LAO,2,2,0,8.0,4
2017-11-24,LBN,2,2,0,2.35,6
2017-11-24,LKA,14,10,4,0.957,44
2017-11-24,MDV,2,0,2,-2.0,6
2017-11-24,MMR,7,7,0,4.514,30
2017-11-24,MUS,3,3,0,2.5,8
2017-11-24,NLD,8,8,0,3.275,34
2017-11-24,NPL,7,2,5,-2.286,22
2017-11-24,NZL,1,0,1,-5.0,3
2017-11-24,PAK,179,99,80,-0.38,821
2017-11-24,PSE,2,2,0,2.35,2
2017-11-24,RUS,16,16,0,4.075,43
2017-11-24,SAS,45,26,19,1.064,195
2017-11-24,SAU,2,2,0,7.4,6
2017-11-24,SEA,3,1,2,-1.333,24
2017-11-24,TUR,2,2,0,3.4,4
2017-11-24,USA,83,45,38,-1.211,351
2017-11-25,AFR,1,1,0,0.0,2
2017-11-25,ARE,3,3,0,2.5,8
2017-11-25,BGD,22,10,12,-1.077,124
2017-11-25,CAN,7,7,0,4.086,16
2017-11-25,CHN,7,3,4,-0.714,35
2017-11-25,ECU,2,2,0,4.0,6
2017-11-25,EGY,2,1,1,0.7,34
2017-11-25,EUR,2,2,0,2.35,10
2017-11-25,FIN,8,8,0,2.462,24
2017-11-25,FRA,9,7,2,1.267,34
2017-11-25,GBR,37,24,13,0.224,177
2017-11-25,HTI,2,2,0,2.35,4
2017-11-25,IDN,2,2,0,2.35,2
2017-11-25,IRN,6,4,2,-0.5,22
2017-11-25,ISR,17,16,1,2.612,102
2017-11-25,ITA,7,7,0,1.614,18
2017-11-25,JPN,6,4,2,0.9,8
2017-11-25,KWT,4,0,4,-7.5,16
2017-11-25,LKA,5,5,0,3.4,24
2017-11-25,MMR,6,6,0,5.183,173
2017-11-25,MYS,1,1,0,0.0,4
2017-11-25,NLD,2,2,0,2.35,2
2017-11-25,NPL,2,2,0,5.0,13
2017-11-25,OMN,2,2,0,2.35,40
2017-11-25,PAK,124,73,51,-0.356,594
2017-11-25,RUS,3,3,0,3.4,8
2017-11-25,SAS,19,11,8,1.337,74
2017-11-25,SAU,6,0,6,-4.0,8
2017-11-25,SEA,3,2,1,-0.1,14
2017-11-25,SWE,4,4,0,2.35,4
2017-11-25,USA,73,52,21,0.848,443
2017-11-25,ZAF,5,5,0,8.0,12
2017-11-26,AFG,5,5,0,0.74,12
2017-11-26,ARG,1,1,0,-2.0,4
2017-11-26,AUS,1,1,0,0.0,8
2017-11-26,BGD,15,7,8,-0.5,57
2017-11-26,CAN,3,2,1,1.8,12
2017-11-26,CHN,3,3,0,2.9,7
2017-11-26,CYP,3,3,0,4.0,12
2017-11-26,DEU,3,0,3,-5.0,4
2017-11-26,ESP,5,4,1,-1.2,10
2017-11-26,FRA,8,4,4,-3.0,42
2017-11-26,GBR,25,13,12,-1.34,44
2017-11-26,IRQ,1,0,1,-5.0,5
2017-11-26,ISR,19,17,2,0.742,227
2017-11-26,ITA,4,4,0,1.5,5
2017-11-26,JOR,2,2,0,7.0,80
2017-11-26,KWT,1,1,0,7.0,2
2017-11-26,LBN,1,0,1,-10.0,12
2017-11-26,LKA,7,5,2,-0.871,16
2017-11-26,NGA,10,6,4,1.84,52
2017-11-26,NOR,8,1,7,-2.875,10
2017-11-26,NPL,5,5,0,3.56,13
2017-11-26,NZL,11,9,2,1.455,28
2017-11-26,OMN,2,2,0,2.35,20
2017-11-26,PAK,109,55,54,-1.011,385
2017-11-26,POL,2,2,0,3.4,5
2017-11-26,RUS,5,5,0,4.14,16
2017-11-26,SAS,15,10,5,-0.187,87
2017-11-26,SEA,1,1,0,3.0,35
2017-11-26,SGP,1,1,0,7.4,3
2017-11-26,SOM,1,1,0,0.0,8
2017-11-26,THA,5,5,0,2.26,24
2017-11-26,URY,2,0,2,-10.0,8
2017-11-26,USA,40,25,15,-0.348,252
2017-11-26,UZB,3,0,3,-5.0,4
2017-11-26,ZWE,2,0,2,-3.5,8
2017-11-27,AFG,1,1,0,3.0,4
2017-11-27,ARE,8,6,2,1.413,46
2017-11-27,ASA,2,2,0,7.4,12
2017-11-27,AUS,1,1,0,0.0,4
2017-11-27,AUT,1,0,1,-5.0,4
2017-11-27,BEL,2,2,0,2.35,12
2017-11-27,BGD,4,4,0,5.25,11
2017-11-27,BRA,1,1,0,0.0,10
2017-11-27,CHE,2,2,0,4.0,10
2017-11-27,CHN,29,23,6,1.445,112
2017-11-27,CIV,6,6,0,2.35,18
2017-11-27,COL,3,1,2,-1.333,6
2017-11-27,CRI,1,1,0,6.0,10
2017-11-27,DEU,3,3,0,4.0,9
2017-11-27,DNK,9,7,2,1.3,20
2017-11-27,ESP,2,2,0,5.0,14
2017-11-27,EST,12,5,7,-1.167,79
2017-11-27,EUR,6,6,0,2.35,18
2017-11-27,FJI,1,1,0,4.0,1
2017-11-27,FRA,17,17,0,3.924,49
2017-11-27,GBR,36,21,15,-0.006,396
2017-11-27,HUN,1,0,1,-10.0,6
2017-11-27,IDN,1,0,1,-5.0,3
2017-11-27,IRN,2,0,2,-5.0,8
2017-11-27,IRQ,5,5,0,1.88,6
2017-11-27,ISR,8,8,0,2.25,26
2017-11-27,ITA,1,1,0,0.0,4
2017-11-27,JOR,1,1,0,7.0,10
2017-11-27,JPN,4,2,2,-0.75,46
2017-11-27,KEN,3,3,0,2.5,6
2017-11-27,KGZ,7,7,0,7.0,20
2017-11-27,KOR,5,5,0,4.72,20
2017-11-27,KWT,2,2,0,2.35,4
2017-11-27,LKA,14,12,2,1.957,30
2017-11-27,MDV,3,3,0,2.567,22
2017-11-27,MMR,8,5,3,-0.575,118
2017-11-27,MYS,2,2,0,3.0,4
2017-11-27,NGA,4,4,0,6.4,18
2017-11-27,NLD,3,1,2,-2.0,11
2017-11-27,NOR,4,0,4,-4.5,4
2017-11-27,NPL,9,8,1,2.033,29
2017-11-27,PAK,104,70,34,0.01,487
2017-11-27,QAT,2,2,0,2.35,4
2017-11-27,RUS,11,11,0,4.0,38
2017-11-27,SAS,22,12,10,-0.718,206
2017-11-27,SAU,7,7,0,3.943,33
2017-11-27,SEA,2,1,1,0.1,13
2017-11-27,SGP,1,1,0,6.0,30
2017-11-27,SWE,4,0,4,-5.5,6
2017-11-27,UKR,1,1,0,5.0,3
2017-11-27,USA,75,57,18,1.191,809
2017-11-27,UZB,1,0,1,-5.0,4
2017-11-27,ZWE,3,3,0,2.2,24
2017-11-28,AFG,5,5,0,2.3,8
2017-11-28,ARE,2,0,2,-6.5,2
2017-11-28,ASA,5,3,2,-2.8,27
2017-11-28,AUS,10,8,2,1.0,22
2017-11-28,AZE,2,2,0,1.5,14
2017-11-28,BGD,13,7,6,-0.177,52
2017-11-28,BOL,5,5,0,4.0,10
2017-11-28,BTN,3,3,0,2.333,10
2017-11-28,CHE,1,0,1,-5.0,2
2017-11-28,CHN,17,12,5,1.041,74
2017-11-28,DEU,2,2,0,1.0,10
2017-11-28,DNK,2,0,2,-5.0,6
2017-11-28,EGY,10,8,2,2.22,80
2017-11-28,EST,16,6,10,-2.244,64
2017-11-28,EUR,2,2,0,2.35,20
2017-11-28,FRA,12,12,0,4.533,44
2017-11-28,GBR,37,26,11,0.454,167
2017-11-28,GRC,3,3,0,3.667,8
2017-11-28,IDN,14,13,1,-1.293,77
2017-11-28,ISR,20,20,0,4.4,96
2017-11-28,ITA,2,0,2,-2.0,6
2017-11-28,JPN,9,3,6,-1.0,23
2017-11-28,KAZ,4,4,0,6.0,6
2017-11-28,KEN,5,5,0,0.94,10
2017-11-28,KWT,3,1,2,-3.867,20
2017-11-28,LKA,14,12,2,1.807,54
2017-11-28,MDV,1,1,0,0.0,3
2017-11-28,MMR,10,8,2,1.88,45
2017-11-28,MYS,1,1,0,4.0,4
2017-11-28,NLD,2,1,1,-0.5,4
2017-11-28,NPL,4,1,3,-4.625,15
2017-11-28,PAK,109,61,48,-1.961,1167
2017-11-28,PAN,11,7,4,-4.909,52
2017-11-28,PSE,14,14,0,5.671,62
2017-11-28,QAT,1,1,0,0.0,2
2017-11-28,RUS,13,13,0,1.346,34
2017-11-28,SAS,4,3,1,2.75,8
2017-11-28,SAU,2,2,0,2.35,6
2017-11-28,SEA,11,10,1,2.718,96
2017-11-28,SGP,23,23,0,3.683,402
2017-11-28,SWE,2,2,0,3.0,3
2017-11-28,SYR,3,3,0,-2.0,10
2017-11-28,THA,1,1,0,6.4,5
2017-11-28,USA,100,87,13,2.08,1274
2017-11-28,YEM,1,1,0,3.0,4
2017-11-29,AFR,3,1,2,-2.2,6
2017-11-29,ARE,13,13,0,2.792,86
2017-11-29,ARG,8,2,6,-6.5,36
2017-11-29,AUS,1,0,1,-5.0,3
2017-11-29,AZE,1,1,0,1.0,8
2017-11-29,BGD,13,6,7,-1.377,53
2017-11-29,BRA,8,6,2,0.512,20
2017-11-29,CAN,5,5,0,4.74,7
2017-11-29,CHE,3,1,2,-0.867,78
2017-11-29,CHN,40,34,6,2.038,198
2017-11-29,CUB,5,5,0,2.76,12
2017-11-29,DEU,3,2,1,0.233,14
2017-11-29,DJI,2,2,0,6.0,12
2017-11-29,EGY,3,3,0,4.933,8
2017-11-29,ESP,3,3,0,7.067,30
2017-11-29,ETH,2,2,0,7.0,6
2017-11-29,EUR,2,1,1,-2.5,14
2017-11-29,FRA,15,12,3,2.493,82
2017-11-29,GBR,53,39,14,1.187,164
2017-11-29,IDN,4,4,0,1.25,12
2017-11-29,IRN,3,3,0,3.833,12
2017-11-29,IRQ,6,6,0,2.35,10
2017-11-29,ISR,24,21,3,1.8,86
2017-11-29,ITA,2,2,0,3.0,6
2017-11-29,JPN,11,9,2,1.618,23
2017-11-29,KWT,4,4,0,5.5,24
2017-11-29,LKA,8,6,2,1.262,19
2017-11-29,LSO,12,12,0,4.0,120
2017-11-29,MDV,1,0,1,-4.0,6
2017-11-29,MMR,9,6,3,-1.1,56
2017-11-29,MYS,5,5,0,5.12,12
2017-11-29,NLD,2,2,0,6.0,4
2017-11-29,NPL,10,1,9,-5.1,55
2017-11-29,NZL,2,2,0,1.7,19
2017-11-29,PAK,102,46,56,-1.892,663
2017-11-29,PAN,6,3,3,-6.0,22
2017-11-29,PHL,2,2,0,1.0,6
2017-11-29,PRK,7,7,0,2.286,100
2017-11-29,PSE,2,2,0,3.45,12
2017-11-29,QAT,1,1,0,3.5,2
2017-11-29,RUS,14,14,0,2.221,102
2017-11-29,SAS,11,3,8,-3.518,55
2017-11-29,SAU,9,9,0,3.467,24
2017-11-29,SEA,5,2,3,-3.78,22
2017-11-29,SGP,14,13,1,4.0,50
2017-11-29,SSD,2,2,0,2.35,12
2017-11-29,SVK,4,4,0,2.35,10
2017-11-29,SWE,1,0,1,-4.0,2
2017-11-29,THA,2,2,0,2.35,20
2017-11-29,UGA,3,3,0,2.9,15
2017-11-29,UKR,1,0,1,-5.0,5
2017-11-29,USA,117,74,43,-0.679,522
2017-11-29,UZB,3,0,3,-5.0,4
2017-11-29,ZAF,2,2,0,3.4,4
2017-11-30,AFG,13,10,3,1.862,30
2017-11-30,ARE,4,4,0,0.175,18
2017-11-30,ARG,13,13,0,6.538,24
2017-11-30,AUS,3,1,2,-1.333,15
2017-11-30,BGD,12,3,9,-3.833,41
2017-11-30,BTN,2,2,0,4.0,6
2017-11-30,CAN,3,3,0,4.333,5
2017-11-30,CHE,2,1,1,1.2,16
2017-11-30,CHN,15,12,3,3.08,30
2017-11-30,DEU,3,2,1,-1.433,14
2017-11-30,DNK,1,1,0,-0.4,1
2017-11-30,EGY,1,1,0,7.0,6
2017-11-30,ESP,4,4,0,2.575,12
2017-11-30,EUR,2,2,0,2.35,8
2017-11-30,FRA,13,12,1,4.277,28
2017-11-30,GBR,19,17,2,1.732,73
2017-11-30,GRC,1,1,0,0.0,4
2017-11-30,ISR,6,6,0,2.35,8
2017-11-30,JPN,11,11,0,3.391,20
2017-11-30,KAZ,1,1,0,0.0,18
2017-11-30,LKA,4,3,1,0.925,24
2017-11-30,LSO,6,6,0,4.0,20
2017-11-30,MMR,3,3,0,1.667,10
2017-11-30,MUS,1,1,0,4.0,4
2017-11-30,MYS,5,5,0,5.92,22
2017-11-30,NGA,1,1,0,4.0,4
2017-11-30,NOR,3,3,0,-0.4,5
2017-11-30,NPL,1,1,0,5.0,6
2017-11-30,OMN,2,2,0,2.35,12
2017-11-30,PAK,62,33,29,-0.945,255
2017-11-30,PSE,2,2,0,0.4,4
2017-11-30,QAT,1,1,0,0.4,1
2017-11-30,RUS,3,2,1,0.0,12
2017-11-30,SAS,7,3,4,-0.429,23
2017-11-30,SAU,4,4,0,2.35,8
2017-11-30,SGP,1,1,0,3.4,2
2017-11-30,SWE,4,4,0,2.35,12
2017-11-30,SYR,1,1,0,3.0,8
2017-11-30,THA,6,4,2,-0.817,29
2017-11-30,USA,78,65,13,1.581,469
2017-11-30,UZB,1,0,1,-5.0,2
2017-11-30,VNM,1,1,0,3.5,2
2017-12-01,AFG,6,6,0,2.95,26
2017-12-01,ARE,2,2,0,-1.0,12
2017-12-01,AUS,2,2,0,4.0,6
2017-12-01,BEL,4,2,2,-2.7,12
2017-12-01,BGD,11,9,2,1.055,45
2017-12-01,BOL,1,1,0,4.0,4
2017-12-01,BRA,3,3,0,0.667,6
2017-12-01,BTN,2,2,0,2.35,2
2017-12-01,CAN,3,3,0,3.467,15
2017-12-01,CHN,21,21,0,3.7,98
2017-12-01,DEU,4,4,0,1.6,14
2017-12-01,EUR,15,15,0,1.527,38
2017-12-01,FRA,4,4,0,2.875,16
2017-12-01,GBR,36,18,18,-1.486,287
2017-12-01,GHA,1,1,0,0.0,10
2017-12-01,IRL,1,1,0,6.0,2
2017-12-01,ISR,4,4,0,4.0,6
2017-12-01,ITA,2,1,1,1.0,5
2017-12-01,JPN,5,5,0,4.08,19
2017-12-01,KOR,3,3,0,2.567,28
2017-12-01,LBY,1,0,1,-5.0,5
2017-12-01,LKA,14,13,1,1.857,69
2017-12-01,LVA,2,2,0,0.0,3
2017-12-01,MDV,5,2,3,-4.56,26
2017-12-01,MEX,1,0,1,-5.0,4
2017-12-01,MMR,2,2,0,6.2,20
2017-12-01,MYS,1,1,0,4.0,6
2017-12-01,NLD,7,4,3,0.286,32
2017-12-01,NPL,5,4,1,0.8,13
2017-12-01,PAK,59,37,22,-0.273,279
2017-12-01,RUS,3,2,1,0.9,6
2017-12-01,SAS,6,4,2,0.667,37
2017-12-01,SAU,2,1,1,-2.2,6
2017-12-01,SEA,2,2,0,8.0,20
2017-12-01,SGP,1,0,1,-4.0,9
2017-12-01,SYC,5,5,0,6.4,24
2017-12-01,SYR,1,1,0,0.0,2
2017-12-01,THA,15,13,2,0.84,54
2017-12-01,TZA,2,2,0,4.0,4
2017-12-01,USA,251,230,21,1.838,3327
2017-12-02,AFR,2,0,2,-2.0,6
2017-12-02,ARE,1,1,0,0.0,4
2017-12-02,BGD,7,4,3,-0.9,31
2017-12-02,BHR,1,0,1,-5.0,1
2017-12-02,BOL,2,2,0,2.35,4
2017-12-02,BTN,5,5,0,2.08,22
2017-12-02,CAN,1,1,0,0.0,2
2017-12-02,CHN,3,3,0,-1.333,5
2017-12-02,ESP,1,1,0,0.0,3
2017-12-02,EUR,5,3,2,-0.9,19
2017-12-02,FRA,20,20,0,3.485,72
2017-12-02,GBR,32,29,3,2.022,537
2017-12-02,IRN,29,29,0,2.531,128
2017-12-02,ITA,2,2,0,4.0,6
2017-12-02,JPN,4,4,0,2.85,32
2017-12-02,KWT,2,0,2,-5.0,6
2017-12-02,LKA,18,5,13,-3.839,173
2017-12-02,MCO,2,2,0,3.5,2
2017-12-02,MDV,3,1,2,-4.667,11
2017-12-02,MEX,4,4,0,2.35,8
2017-12-02,MMR,8,8,0,3.587,10
2017-12-02,NLD,2,2,0,8.0,20
2017-12-02,PAK,28,16,12,-0.432,126
2017-12-02,RUS,4,4,0,2.525,8
2017-12-02,SAS,1,0,1,-5.0,10
2017-12-02,SGP,1,0,1,-4.0,12
2017-12-02,SWE,4,4,0,2.35,8
2017-12-02,THA,3,3,0,4.0,6
2017-12-02,USA,111,98,13,1.592,620
2017-12-02,VNM,3,0,3,-5.0,18
2017-12-03,AFG,12,12,0,5.833,279
2017-12-03,ARE,6,6,0,2.35,20
2017-12-03,BGD,16,4,12,-3.506,149
2017-12-03,CAN,1,1,0,4.0,2
2017-12-03,CHN,13,12,1,-0.985,64
2017-12-03,DEU,1,1,0,4.0,4
2017-12-03,DNK,1,1,0,3.4,3
2017-12-03,EST,3,0,3,-5.0,6
2017-12-03,FRA,10,9,1,2.74,82
2017-12-03,GBR,53,53,0,2.66,303
2017-12-03,IRN,19,19,0,4.126,384
2017-12-03,ISR,14,11,3,-0.329,28
2017-12-03,JPN,2,2,0,3.0,6
2017-12-03,KOR,1,1,0,7.0,5
2017-12-03,KWT,2,2,0,0.0,4
2017-12-03,LKA,5,3,2,0.06,13
2017-12-03,MDV,3,0,3,-4.333,12
2017-12-03,MEA,2,2,0,7.4,8
2017-12-03,MMR,6,3,3,-0.933,19
2017-12-03,MYS,6,5,1,4.233,14
2017-12-03,NAM,3,1,2,-0.333,6
2017-12-03,NPL,5,0,5,-9.6,14
2017-12-03,PAK,63,24,39,-3.333,467
2017-12-03,PER,1,1,0,7.0,2
2017-12-03,RUS,3,3,0,1.567,6
2017-12-03,RWA,2,2,0,2.35,12
2017-12-03,SAS,9,0,9,-3.222,243
2017-12-03,SDN,1,1,0,3.4,6
2017-12-03,SGP,3,3,0,1.433,9
2017-12-03,TUR,1,0,1,-10.0,6
2017-12-03,TZA,7,3,4,-1.571,20
2017-12-03,USA,64,46,18,0.886,444
2017-12-03,VNM,2,2,0,3.5,10
2017-12-03,ZAF,3,0,3,-9.0,24
2017-12-04,AFG,13,8,5,0.631,44
2017-12-04,ARE,8,6,2,-0.738,54
2017-12-04,AUS,4,4,0,2.35,8
2017-12-04,AUT,1,0,1,-10.0,4
2017-12-04,BGD,13,12,1,2.269,173
2017-12-04,BTN,2,2,0,2.35,2
2017-12-04,CAN,5,5,0,2.56,8
2017-12-04,CHE,2,1,1,-2.0,6
2017-12-04,CHN,13,9,4,-1.031,66
2017-12-04,CRI,4,4,0,0.2,8
2017-12-04,DEU,3,3,0,5.333,11
2017-12-04,EGY,1,1,0,-0.4,6
2017-12-04,EST,2,0,2,-5.0,6
2017-12-04,FRA,9,8,1,2.033,16
2017-12-04,GBR,55,55,0,2.66,215
2017-12-04,IRL,2,2,0,-0.4,6
2017-12-04,IRN,11,9,2,2.027,47
2017-12-04,IRQ,3,2,1,-4.333,28
2017-12-04,ISR,13,13,0,2.523,43
2017-12-04,ITA,3,2,1,-1.067,8
2017-12-04,JPN,2,1,1,1.0,10
2017-12-04,KOR,17,16,1,2.012,234
2017-12-04,LKA,2,1,1,-3.5,8
2017-12-04,MDV,4,1,3,-5.0,24
2017-12-04,MEA,9,9,0,6.278,32
2017-12-04,MMR,7,7,0,3.857,26
2017-12-04,NGA,1,0,1,-5.0,6
2017-12-04,NLD,1,1,0,3.4,5
2017-12-04,PAK,84,50,34,-0.792,1047
2017-12-04,RUS,2,2,0,7.4,4
2017-12-04,SAS,10,2,8,-2.2,24
2017-12-04,SAU,3,3,0,0.0,35
2017-12-04,SEA,3,0,3,-2.0,4
2017-12-04,SGP,8,7,1,1.5,46
2017-12-04,SYR,1,1,0,-2.0,2
2017-12-04,THA,5,5,0,2.44,12
2017-12-04,UKR,1,1,0,6.0,10
2017-12-04,USA,71,40,31,-1.263,575
2017-12-04,ZAF,1,1,0,-2.0,2
2017-12-05,AFG,16,15,1,2.65,92
2017-12-05,AFR,2,2,0,5.2,6
2017-12-05,ARE,3,3,0,2.2,6
2017-12-05,AUS,5,5,0,1.68,8
2017-12-05,BEL,1,0,1,-5.0,4
2017-12-05,BGD,7,7,0,4.714,14
2017-12-05,CHE,4,1,3,-4.35,16
2017-12-05,CHN,25,20,5,2.2,186
2017-12-05,CYM,2,2,0,2.35,2
2017-12-05,DEU,20,19,1,3.53,83
2017-12-05,EGY,2,2,0,2.35,12
2017-12-05,EST,1,0,1,-5.0,6
2017-12-05,FRA,5,5,0,2.68,8
2017-12-05,GBR,28,24,4,1.025,112
2017-12-05,HKG,2,2,0,1.0,10
2017-12-05,IRL,2,0,2,-10.0,8
2017-12-05,IRN,5,4,1,1.52,12
2017-12-05,IRQ,3,3,0,4.333,12
2017-12-05,ISR,9,9,0,2.511,26
2017-12-05,JPN,7,7,0,1.943,20
2017-12-05,KAZ,2,2,0,6.0,6
2017-12-05,KEN,2,0,2,-9.0,3
2017-12-05,KOR,18,17,1,2.9,93
2017-12-05,MCO,1,1,0,-2.0,6
2017-12-05,MDV,2,2,0,2.35,6
2017-12-05,MEA,2,0,2,-9.5,6
2017-12-05,MMR,8,8,0,4.875,174
2017-12-05,MUS,3,3,0,2.667,8
2017-12-05,MYS,8,8,0,2.35,36
2017-12-05,NGA,3,0,3,-9.0,14
2017-12-05,NMR,3,1,2,-2.2,7
2017-12-05,NPL,10,8,2,2.87,21
2017-12-05,PAK,65,43,22,-0.526,301
2017-12-05,PHL,8,8,0,4.675,24
2017-12-05,RUS,6,6,0,4.633,32
2017-12-05,SAS,7,5,2,-1.386,34
2017-12-05,SAU,6,6,0,0.783,64
2017-12-05,SEA,5,0,5,-5.0,26
2017-12-05,SGP,14,11,3,2.014,110
2017-12-05,THA,15,14,1,3.467,73
2017-12-05,USA,66,53,13,0.809,355
2017-12-06,AFG,17,16,1,3.118,55
2017-12-06,AFR,4,4,0,2.35,4
2017-12-06,ARE,17,17,0,1.882,58
2017-12-06,ASA,4,4,0,1.675,40
2017-12-06,AUS,2,2,0,1.0,12
2017-12-06,AZE,1,0,1,-2.0,2
2017-12-06,BEL,11,6,5,-1.618,41
2017-12-06,BGD,16,14,2,2.1,473
2017-12-06,BRA,3,3,0,5.2,4
2017-12-06,BTN,2,2,0,4.0,6
2017-12-06,CAN,1,0,1,-4.0,4
2017-12-06,CHN,112,105,7,3.293,442
2017-12-06,DEU,8,8,0,3.737,17
2017-12-06,DNK,1,1,0,5.0,10
2017-12-06,EUR,2,2,0,4.0,10
2017-12-06,FJI,2,2,0,2.35,10
2017-12-06,FRA,2,2,0,4.0,6
2017-12-06,GBR,173,139,34,1.366,1714
2017-12-06,GUY,4,4,0,2.35,10
2017-12-06,IRQ,4,2,2,0.875,33
2017-12-06,ISR,5,0,5,-3.6,166
2017-12-06,ITA,5,5,0,1.88,18
2017-12-06,JOR,2,2,0,1.0,10
2017-12-06,JPN,4,4,0,3.5,30
2017-12-06,KAZ,2,2,0,6.0,6
2017-12-06,KOR,4,3,1,4.0,8
2017-12-06,MDV,2,0,2,-9.75,9
2017-12-06,MMR,2,2,0,5.0,7
2017-12-06,MYS,6,6,0,2.7,8
2017-12-06,PAK,68,48,20,0.693,504
2017-12-06,PHL,4,4,0,2.35,160
2017-12-06,PNG,4,4,0,3.0,24
2017-12-06,RUS,11,11,0,2.5,35
2017-12-06,SAS,3,2,1,1.333,18
2017-12-06,SDN,2,2,0,3.0,10
2017-12-06,SGP,4,3,1,1.15,17
2017-12-06,TCD,1,1,0,0.0,3
2017-12-06,THA,10,10,0,3.93,38
2017-12-06,USA,41,30,11,-0.751,194
2017-12-07,AFG,2,2,0,6.7,5
2017-12-07,ARE,4,4,0,0.85,24
2017-12-07,BEL,13,1,12,-6.231,92
2017-12-07,BGD,30,28,2,2.93,325
2017-12-07,BTN,2,2,0,3.0,5
2017-12-07,CHL,2,0,2,-5.0,3
2017-12-07,CHN,124,106,18,1.959,2059
2017-12-07,DEU,5,5,0,2.98,32
2017-12-07,EST,2,0,2,-5.0,6
2017-12-07,ETH,2,2,0,7.0,6
2017-12-07,GBR,92,70,22,0.446,1232
2017-12-07,IDN,5,5,0,2.26,12
2017-12-07,ISR,38,28,10,1.468,199
2017-12-07,ITA,8,7,1,-1.15,38
2017-12-07,JPN,3,3,0,2.0,22
2017-12-07,KEN,2,0,2,-2.0,4
2017-12-07,KOR,2,2,0,2.35,2
2017-12-07,KWT,1,1,0,3.4,4
2017-12-07,LKA,4,2,2,0.7,9
2017-12-07,MDV,8,6,2,-0.488,30
2017-12-07,MYS,7,5,2,-1.857,46
2017-12-07,NLD,1,1,0,6.0,2
2017-12-07,NPL,6,6,0,3.9,30
2017-12-07,PAK,56,43,13,0.184,149
2017-12-07,PSE,25,22,3,2.092,100
2017-12-07,RUS,26,25,1,3.746,329
2017-12-07,SAS,2,2,0,2.35,20
2017-12-07,SAU,1,1,0,3.4,2
2017-12-07,SEA,2,2,0,6.0,8
2017-12-07,THA,4,0,4,-4.4,4
2017-12-07,USA,49,35,14,0.504,229
2017-12-07,VEN,1,1,0,7.4,2
2017-12-08,AFG,7,1,6,-2.429,54
2017-12-08,ARE,7,7,0,3.329,48
2017-12-08,ASA,9,9,0,7.0,242
2017-12-08,AUS,6,4,2,-0.1,22
2017-12-08,AUT,2,2,0,1.0,12
2017-12-08,BEL,4,0,4,-3.25,33
2017-12-08,BGD,39,35,4,2.249,313
2017-12-08,BTN,4,0,4,-2.0,20
2017-12-08,CAN,4,4,0,2.35,12
2017-12-08,CHE,4,4,0,2.35,8
2017-12-08,CHN,71,62,9,1.428,373
2017-12-08,GBR,48,44,4,2.623,129
2017-12-08,GRC,1,1,0,3.0,4
2017-12-08,GRD,2,2,0,6.0,24
2017-12-08,IRN,2,2,0,5.7,8
2017-12-08,IRQ,4,4,0,4.0,30
2017-12-08,ISR,29,13,16,-1.717,147
2017-12-08,ITA,12,8,4,1.283,28
2017-12-08,JOR,2,0,2,-10.0,8
2017-12-08,JPN,20,14,6,0.9,93
2017-12-08,KHM,2,2,0,2.35,4
2017-12-08,LBY,2,2,0,2.35,2
2017-12-08,LKA,6,4,2,0.25,18
2017-12-08,MDV,4,1,3,-5.2,22
2017-12-08,MMR,3,3,0,3.4,18
2017-12-08,MUS,2,2,0,6.0,48
2017-12-08,MYS,1,1,0,3.0,8
2017-12-08,NLD,3,3,0,3.4,5
2017-12-08,NPL,4,1,3,-2.15,48
2017-12-08,PAK,103,74,29,-0.223,343
2017-12-08,PHL,1,1,0,5.2,12
2017-12-08,POL,1,0,1,-5.0,10
2017-12-08,PRT,6,6,0,2.2,18
2017-12-08,PSE,2,2,0,4.0,5
2017-12-08,QAT,2,2,0,0.4,2
2017-12-08,RUS,20,20,0,4.315,108
2017-12-08,SAS,3,3,0,1.0,6
2017-12-08,SAU,3,3,0,2.7,10
2017-12-08,SEA,1,1,0,0.0,10
2017-12-08,SGP,2,2,0,0.0,4
2017-12-08,SWE,1,1,0,6.0,2
2017-12-08,THA,5,2,3,-3.06,14
2017-12-08,TZA,3,0,3,-9.0,4
2017-12-08,USA,58,42,16,-0.288,304
2017-12-08,ZAF,6,0,6,-5.067,52
2017-12-09,AFG,6,6,0,0.667,9
2017-12-09,ARE,6,4,2,-2.3,24
2017-12-09,ARG,4,0,4,-3.5,16
2017-12-09,ASA,1,1,0,7.4,6
2017-12-09,AUS,6,6,0,3.45,8
2017-12-09,BEL,8,7,1,2.212,38
2017-12-09,BGD,14,9,5,0.243,76
2017-12-09,BMU,2,0,2,-2.0,20
2017-12-09,BOL,1,0,1,-10.0,5
2017-12-09,BTN,6,0,6,-2.0,60
2017-12-09,CAN,6,4,2,0.283,12
2017-12-09,CHN,25,15,10,0.0,186
2017-12-09,CYP,5,5,0,2.4,90
2017-12-09,FRA,1,1,0,0.0,4
2017-12-09,GBR,18,18,0,3.017,27
2017-12-09,GRD,2,2,0,6.0,20
2017-12-09,IDN,3,3,0,2.2,20
2017-12-09,IRN,2,2,0,5.2,2
2017-12-09,ISR,8,7,1,1.438,23
2017-12-09,ITA,2,0,2,-5.0,18
2017-12-09,JPN,3,0,3,-4.667,33
2017-12-09,LKA,1,0,1,-10.0,2
2017-12-09,MUS,2,2,0,6.0,40
2017-12-09,MYS,6,5,1,2.833,18
2017-12-09,NLD,1,1,0,3.4,6
2017-12-09,NMR,3,3,0,-2.0,8
2017-12-09,NPL,8,7,1,0.55,17
2017-12-09,PAK,32,23,9,0.4,87
2017-12-09,PAN,2,2,0,7.4,12
2017-12-09,PRK,2,2,0,5.2,4
2017-12-09,RUS,6,6,0,2.45,26
2017-12-09,SAS,3,3,0,1.0,6
2017-12-09,SEA,10,10,0,2.74,89
2017-12-09,SSD,1,1,0,7.0,6
2017-12-09,SYR,2,2,0,1.0,8
2017-12-09,THA,5,0,5,-8.4,21
2017-12-09,USA,62,42,20,-0.274,236
2017-12-09,ZAF,2,0,2,-4.0,24
2017-12-10,AFG,5,5,0,2.56,27
2017-12-10,ARE,12,8,4,-1.425,42
2017-12-10,ASA,1,1,0,7.4,3
2017-12-10,AUS,3,0,3,-8.333,14
2017-12-10,BEL,9,8,1,1.967,52
2017-12-10,BGD,14,13,1,2.207,30
2017-12-10,BTN,4,0,4,-2.0,20
2017-12-10,CAN,1,1,0,0.0,2
2017-12-10,CHE,1,1,0,3.5,3
2017-12-10,CHN,38,32,6,3.003,173
2017-12-10,DNK,1,0,1,-4.0,3
2017-12-10,EGY,2,2,0,1.0,4
2017-12-10,EST,5,0,5,-5.0,5
2017-12-10,FRA,8,7,1,3.962,25
2017-12-10,GBR,16,14,2,5.675,72
2017-12-10,GRD,2,2,0,6.0,4
2017-12-10,IRN,3,1,2,-4.833,4
2017-12-10,ISR,4,2,2,-4.125,13
2017-12-10,ITA,5,1,4,-3.62,24
2017-12-10,JPN,2,2,0,4.7,12
2017-12-10,KGZ,5,3,2,-1.6,20
2017-12-10,KOR,1,1,0,0.0,2
2017-12-10,KWT,1,1,0,3.0,12
2017-12-10,LKA,2,2,0,2.35,8
2017-12-10,MDV,4,0,4,-3.5,76
2017-12-10,MLI,2,1,1,-3.3,4
2017-12-10,MMR,4,4,0,4.675,12
2017-12-10,MUS,2,2,0,6.0,8
2017-12-10,NLD,1,1,0,3.4,10
2017-12-10,NPL,5,2,3,-3.3,21
2017-12-10,NZL,2,2,0,2.35,4
2017-12-10,PAK,144,114,30,1.294,823
2017-12-10,PSE,1,1,0,3.5,1
2017-12-10,QAT,1,1,0,3.5,1
2017-12-10,RUS,37,35,2,1.968,222
2017-12-10,SAS,1,1,0,3.0,12
2017-12-10,SAU,7,3,4,-1.257,25
2017-12-10,SEA,10,10,0,3.94,84
2017-12-10,SGP,4,4,0,3.4,16
2017-12-10,TCD,3,3,0,6.0,6
2017-12-10,THA,16,16,0,3.3,82
2017-12-10,UKR,4,0,4,-6.5,6
2017-12-10,USA,28,23,5,-0.021,104
2017-12-11,AFG,16,11,5,-0.075,77
2017-12-11,AFR,5,3,2,-3.5,40
2017-12-11,ARE,1,0,1,-5.0,2
2017-12-11,AUS,11,11,0,4.791,52
2017-12-11,AZE,8,8,0,1.262,39
2017-12-11,BEL,7,3,4,-2.571,21
2017-12-11,BGD,13,12,1,3.077,33
2017-12-11,CAN,7,7,0,2.757,15
2017-12-11,CHE,5,0,5,-10.0,14
2017-12-11,CHN,169,155,14,1.886,1171
2017-12-11,DNK,3,0,3,-2.667,9
2017-12-11,ESP,2,0,2,-10.0,4
2017-12-11,FRA,53,6,47,-5.536,311
2017-12-11,GBR,12,8,4,2.367,51
2017-12-11,GRD,2,2,0,6.0,8
2017-12-11,IDN,1,1,0,3.4,2
2017-12-11,IRN,6,6,0,0.517,12
2017-12-11,ISR,8,5,3,-1.838,38
2017-12-11,ITA,9,9,0,2.567,42
2017-12-11,JPN,8,7,1,4.375,21
2017-12-11,KOR,4,4,0,3.55,15
2017-12-11,LKA,2,2,0,2.35,16
2017-12-11,MDV,3,2,1,-1.433,18
2017-12-11,MUS,2,2,0,6.0,16
2017-12-11,NLD,3,3,0,6.467,42
2017-12-11,NPL,1,1,0,7.0,5
2017-12-11,PAK,302,230,72,1.416,1888
2017-12-11,POL,1,0,1,-10.0,1
2017-12-11,RUS,48,47,1,2.496,237
2017-12-11,SAU,1,1,0,3.4,10
2017-12-11,SEA,17,17,0,4.441,303
2017-12-11,SGP,3,2,1,0.0,4
2017-12-11,THA,12,12,0,3.058,226
2017-12-11,TUR,3,2,1,0.333,14
2017-12-11,USA,40,21,19,-0.247,219
2017-12-12,AFG,12,9,3,1.55,60
2017-12-12,AFR,7,7,0,2.414,12
2017-12-12,ARE,15,11,4,1.333,62
2017-12-12,AUS,10,10,0,3.94,22
2017-12-12,AZE,3,3,0,-0.4,7
2017-12-12,BEL,5,2,3,-1.2,14
2017-12-12,BGD,12,11,1,2.525,127
2017-12-12,BHR,4,4,0,2.35,6
2017-12-12,CAN,8,7,1,0.462,26
2017-12-12,CHE,2,2,0,4.0,6
2017-12-12,CHN,97,68,29,0.466,1074
2017-12-12,DEU,4,4,0,2.35,28
2017-12-12,EUR,7,5,2,-1.929,32
2017-12-12,FIN,2,2,0,2.35,12
2017-12-12,FRA,14,9,5,-0.929,39
2017-12-12,GBR,20,19,1,2.555,116
2017-12-12,IDN,7,7,0,1.614,18
2017-12-12,ISR,12,12,0,2.075,40
2017-12-12,ITA,3,0,3,-5.0,3
2017-12-12,JPN,2,2,0,1.0,4
2017-12-12,KOR,2,2,0,3.7,12
2017-12-12,LKA,7,0,7,-5.0,128
2017-12-12,MDV,1,0,1,-2.0,6
2017-12-12,MLI,1,1,0,0.0,3
2017-12-12,MMR,7,4,3,0.357,15
2017-12-12,MYS,1,1,0,6.4,5
2017-12-12,NGA,3,3,0,3.0,6
2017-12-12,NLD,4,4,0,6.7,22
2017-12-12,NPL,3,3,0,2.2,24
2017-12-12,NZL,1,0,1,-2.0,1
2017-12-12,OMN,2,2,0,2.35,16
2017-12-12,PAK,223,169,54,1.023,1582
2017-12-12,RUS,26,26,0,2.9,114
2017-12-12,SAU,4,3,1,1.95,30
2017-12-12,SEA,8,8,0,1.0,44
2017-12-12,SGP,4,2,2,1.25,18
2017-12-12,SRB,1,0,1,-10.0,2
2017-12-12,THA,10,10,0,3.34,46
2017-12-12,TWN,4,4,0,3.1,11
2017-12-12,USA,28,23,5,0.464,157
2017-12-12,VEN,5,0,5,-2.0,14
2017-12-12,YEM,1,1,0,-2.0,3
2017-12-13,AFG,22,18,4,0.777,286
2017-12-13,AFR,5,4,1,2.08,24
2017-12-13,ARE,7,7,0,5.771,91
2017-12-13,AUS,4,4,0,4.675,14
2017-12-13,AUT,3,0,3,-10.0,8
2017-12-13,AZE,8,8,0,2.5,50
2017-12-13,BEL,3,2,1,0.333,12
2017-12-13,BGD,8,8,0,3.4,24
2017-12-13,BHR,4,4,0,2.35,6
2017-12-13,BRN,1,1,0,4.0,10
2017-12-13,CAN,13,13,0,3.631,42
2017-12-13,CHE,2,2,0,4.0,6
2017-12-13,CHN,87,66,21,0.517,410
2017-12-13,DEU,8,8,0,2.238,24
2017-12-13,DNK,2,2,0,1.0,4
2017-12-13,EUR,7,7,0,1.886,21
2017-12-13,FJI,1,1,0,3.4,2
2017-12-13,FRA,5,3,2,2.2,11
2017-12-13,GBR,13,13,0,2.331,48
2017-12-13,IRN,2,2,0,10.0,10
2017-12-13,IRQ,1,0,1,-2.0,10
2017-12-13,ISR,16,15,1,1.113,75
2017-12-13,ITA,10,7,3,-0.11,38
2017-12-13,JPN,19,17,2,3.137,45
2017-12-13,KAZ,6,6,0,3.05,38
2017-12-13,LKA,1,0,1,-2.0,3
2017-12-13,MAC,2,2,0,3.4,24
2017-12-13,MDV,1,0,1,-7.2,2
2017-12-13,MMR,9,6,3,-0.833,24
2017-12-13,MYS,2,1,1,2.2,16
2017-12-13,NGA,6,0,6,-5.0,15
2017-12-13,NMR,3,3,0,4.933,10
2017-12-13,NPL,3,3,0,-1.333,6
2017-12-13,PAK,217,153,64,0.607,1227
2017-12-13,POL,1,1,0,5.0,6
2017-12-13,PRK,3,3,0,4.0,6
2017-12-13,PSE,7,7,0,3.4,10
2017-12-13,RUS,22,21,1,3.364,66
2017-12-13,SAU,4,4,0,3.275,34
2017-12-13,SEA,21,17,4,0.886,128
2017-12-13,SGP,5,4,1,2.9,20
2017-12-13,SYR,2,2,0,3.0,8
2017-12-13,TUR,3,3,0,3.0,7
2017-12-13,TWN,1,1,0,0.0,2
2017-12-13,USA,73,55,18,1.03,278
2017-12-13,VAT,6,6,0,1.7,10
2017-12-13,ZAF,2,0,2,-2.0,164
2017-12-14,AFG,15,7,8,-1.387,103
2017-12-14,AFR,3,3,0,4.0,6
2017-12-14,ARE,2,2,0,7.2,12
2017-12-14,ASA,1,1,0,5.2,6
2017-12-14,AUS,9,9,0,2.422,62
2017-12-14,BEL,4,2,2,-3.5,9
2017-12-14,BGD,11,8,3,0.545,28
2017-12-14,BTN,1,1,0,1.0,6
2017-12-14,CAN,2,2,0,0.0,4
2017-12-14,CHN,53,48,5,2.074,169
2017-12-14,DNK,2,2,0,7.0,4
2017-12-14,ECU,1,1,0,-0.4,6
2017-12-14,EUR,1,1,0,0.0,4
2017-12-14,FIN,2,2,0,1.95,33
2017-12-14,FJI,1,1,0,3.4,2
2017-12-14,FRA,29,29,0,2.097,56
2017-12-14,GBR,17,9,8,-0.929,80
2017-12-14,IRN,3,1,2,-1.2,9
2017-12-14,IRQ,3,1,2,-2.2,18
2017-12-14,ISR,5,4,1,3.68,21
2017-12-14,ITA,20,19,1,3.355,48
2017-12-14,JPN,19,5,14,-5.774,81
2017-12-14,KWT,4,4,0,2.35,32
2017-12-14,LKA,14,14,0,1.657,50
2017-12-14,MAR,2,2,0,2.35,10
2017-12-14,MMR,11,6,5,-1.318,75
2017-12-14,MYS,3,3,0,2.5,12
2017-12-14,NGA,1,0,1,-5.0,4
2017-12-14,NLD,2,2,0,4.0,8
2017-12-14,NPL,9,5,4,1.044,46
2017-12-14,OMN,2,2,0,2.35,14
2017-12-14,PAK,93,74,19,0.931,485
2017-12-14,RUS,10,8,2,0.81,38
2017-12-14,SAS,3,0,3,-2.0,5
2017-12-14,SAU,7,7,0,3.829,19
2017-12-14,SEA,5,1,4,-4.96,31
2017-12-14,SGP,3,2,1,4.267,26
2017-12-14,THA,4,4,0,4.9,4
2017-12-14,TUR,3,1,2,-1.333,30
2017-12-14,USA,49,41,8,1.337,254
2017-12-14,ZAF,2,1,1,2.0,7
2017-12-15,AFG,7,2,5,-1.657,25
2017-12-15,ARE,22,18,4,2.791,154
2017-12-15,BEL,3,3,0,3.4,6
2017-12-15,BGD,16,13,3,0.65,68
2017-12-15,BTN,6,6,0,2.35,8
2017-12-15,CAN,2,2,0,5.2,3
2017-12-15,CHE,1,1,0,4.0,6
2017-12-15,CHN,31,17,14,-2.042,138
2017-12-15,COL,3,3,0,2.2,8
2017-12-15,DEU,8,3,5,-6.25,18
2017-12-15,DNK,1,1,0,0.0,5
2017-12-15,ETH,1,1,0,6.4,30
2017-12-15,FRA,3,3,0,1.333,8
2017-12-15,GBR,18,12,6,-1.722,50
2017-12-15,IRL,2,2,0,-2.0,10
2017-12-15,IRQ,3,3,0,3.233,3
2017-12-15,ISR,4,4,0,4.0,13
2017-12-15,ITA,10,7,3,1.34,22
2017-12-15,JPN,9,6,3,1.933,49
2017-12-15,KHM,3,3,0,0.9,8
2017-12-15,KOR,3,3,0,7.4,20
2017-12-15,LBN,1,1,0,4.0,6
2017-12-15,LKA,4,2,2,0.85,27
2017-12-15,MDV,5,2,3,-4.4,25
2017-12-15,MEA,1,0,1,-9.0,6
2017-12-15,MMR,3,0,3,-5.0,16
2017-12-15,MYS,4,1,3,-3.375,12
2017-12-15,NLD,2,2,0,4.0,2
2017-12-15,NPL,13,12,1,1.785,43
2017-12-15,OMN,7,7,0,2.443,64
2017-12-15,PAK,69,51,18,0.187,448
2017-12-15,PAN,6,0,6,-9.2,100
2017-12-15,PRK,2,2,0,3.5,2
2017-12-15,PRT,1,0,1,-10.0,3
2017-12-15,SAS,5,5,0,7.0,12
2017-12-15,SAU,4,4,0,1.0,4
2017-12-15,SEA,5,5,0,2.48,12
2017-12-15,SGP,6,3,3,-0.2,16
2017-12-15,USA,56,43,13,1.612,592
2017-12-15,VNM,4,4,0,3.4,15
2017-12-15,ZAF,2,0,2,-2.0,3
2017-12-16,AFG,19,19,0,4.063,135
2017-12-16,ARE,2,0,2,-5.0,6
2017-12-16,BEL,2,2,0,-2.0,9
2017-12-16,BGD,33,28,5,1.524,251
2017-12-16,BTN,6,1,5,-4.767,17
2017-12-16,CHN,21,15,6,-0.071,131
2017-12-16,DEU,4,0,4,-10.0,6
2017-12-16,EUR,6,6,0,3.4,14
2017-12-16,FRA,2,2,0,8.2,4
2017-12-16,GBR,9,9,0,3.2,17
2017-12-16,ISR,2,0,2,-4.0,6
2017-12-16,ITA,13,8,5,0.254,27
2017-12-16,JPN,1,0,1,-2.0,2
2017-12-16,LBN,2,0,2,-7.0,5
2017-12-16,LKA,5,3,2,1.54,21
2017-12-16,MDV,5,4,1,0.44,52
2017-12-16,MYS,2,0,2,-6.5,12
2017-12-16,NGA,4,0,4,-5.0,6
2017-12-16,NPL,3,3,0,2.5,16
2017-12-16,OMN,4,4,0,2.35,16
2017-12-16,PAK,40,29,11,-0.09,162
2017-12-16,PAN,1,0,1,-9.2,1
2017-12-16,POL,2,0,2,-5.7,8
2017-12-16,SAS,1,0,1,-5.0,2
2017-12-16,SGP,9,5,4,0.267,142
2017-12-16,THA,2,2,0,4.0,18
2017-12-16,USA,57,47,10,1.679,416
2017-12-16,ZAF,4,4,0,2.35,8
2017-12-17,AFG,20,20,0,2.505,96
2017-12-17,ARE,2,0,2,-5.0,6
2017-12-17,ASA,1,1,0,7.4,10
2017-12-17,AUS,1,1,0,3.4,5
2017-12-17,BGD,20,15,5,-0.08,133
2017-12-17,BTN,5,4,1,1.16,40
2017-12-17,CHN,37,28,9,0.665,107
2017-12-17,DEU,1,1,0,7.4,6
2017-12-17,EGY,3,2,1,-1.333,15
2017-12-17,ESP,1,0,1,-5.0,6
2017-12-17,EUR,6,6,0,3.4,7
2017-12-17,FRA,8,6,2,-1.625,18
2017-12-17,GBR,13,9,4,0.885,33
2017-12-17,GHA,1,1,0,5.2,10
2017-12-17,IRQ,2,0,2,-4.4,10
2017-12-17,ISR,6,6,0,0.0,36
2017-12-17,ITA,1,1,0,3.5,1
2017-12-17,JPN,1,1,0,-2.0,3
2017-12-17,KHM,7,7,0,2.114,12
2017-12-17,LKA,6,3,3,-0.167,55
2017-12-17,MEX,4,4,0,2.35,20
2017-12-17,MLI,1,1,0,0.0,8
2017-12-17,MLT,1,0,1,-10.0,4
2017-12-17,MMR,1,0,1,-5.0,20
2017-12-17,NGA,1,0,1,-5.0,4
2017-12-17,NPL,15,9,6,0.627,62
2017-12-17,OMN,2,2,0,3.4,8
2017-12-17,PAK,52,27,25,-1.223,201
2017-12-17,PRK,18,5,13,-4.961,36
2017-12-17,RUS,5,4,1,-2.0,14
2017-12-17,SAS,4,0,4,-2.0,136
2017-12-17,SAU,3,3,0,5.133,26
2017-12-17,SEA,6,6,0,4.45,28
2017-12-17,SGP,3,1,2,-1.0,6
2017-12-17,TUR,3,3,0,8.0,12
2017-12-17,TWN,1,1,0,0.0,4
2017-12-17,TZA,4,2,2,-2.5,14
2017-12-17,UGA,1,1,0,4.0,5
2017-12-17,USA,35,19,16,-1.143,173
2017-12-17,ZAF,2,0,2,-2.0,29
2017-12-18,AFG,12,12,0,3.717,57
2017-12-18,ARE,2,2,0,2.35,2
2017-12-18,AUS,4,4,0,1.8,31
2017-12-18,BEL,3,3,0,-0.4,10
2017-12-18,BGD,16,15,1,1.481,52
2017-12-18,CAN,7,7,0,2.629,16
2017-12-18,CHN,22,20,2,1.495,80
2017-12-18,COL,1,0,1,-10.0,12
2017-12-18,DEU,1,1,0,7.4,12
2017-12-18,FRA,6,5,1,1.617,18
2017-12-18,GBR,11,8,3,2.2,30
2017-12-18,GRC,2,2,0,2.35,12
2017-12-18,IRQ,5,5,0,2.24,110
2017-12-18,ISR,9,3,6,-3.244,20
2017-12-18,JPN,5,4,1,-0.12,6
2017-12-18,LKA,2,0,2,-5.0,16
2017-12-18,MAR,5,2,3,0.8,5
2017-12-18,MDV,5,4,1,0.5,15
2017-12-18,MMR,2,2,0,4.0,4
2017-12-18,MYS,2,1,1,-1.55,12
2017-12-18,NPL,6,6,0,4.0,28
2017-12-18,OMN,7,6,1,0.171,24
2017-12-18,PAK,56,36,20,-0.595,390
2017-12-18,PRK,6,5,1,1.667,20
2017-12-18,PSE,2,2,0,3.2,12
2017-12-18,RUS,14,12,2,1.943,35
2017-12-18,SAS,2,2,0,7.0,40
2017-12-18,SAU,15,12,3,-0.027,56
2017-12-18,SEA,3,0,3,-5.0,18
2017-12-18,SGP,5,1,4,-1.4,47
2017-12-18,TUR,3,1,2,-1.333,6
2017-12-18,TWN,4,4,0,2.35,8
2017-12-18,USA,116,95,21,1.057,624
2017-12-18,UZB,5,4,1,1.72,20
2017-12-18,YEM,2,0,2,-9.0,4
2017-12-18,ZAF,1,1,0,0.0,6
2017-12-19,AFR,1,1,0,3.0,1
2017-12-19,ARE,1,1,0,3.0,4
2017-12-19,ARG,3,0,3,-9.0,3
2017-12-19,BEL,4,4,0,-1.2,12
2017-12-19,BGD,17,13,4,0.635,78
2017-12-19,CAN,9,9,0,2.3,26
2017-12-19,CHN,41,31,10,0.859,181
2017-12-19,DEU,16,16,0,4.825,91
2017-12-19,EGY,1,1,0,3.0,4
2017-12-19,EUR,3,3,0,2.7,16
2017-12-19,FRA,6,5,1,-0.217,51
2017-12-19,GBR,7,7,0,0.486,18
2017-12-19,HKG,1,0,1,-2.0,60
2017-12-19,ISR,15,14,1,2.38,52
2017-12-19,ITA,8,8,0,3.325,16
2017-12-19,JPN,1,1,0,7.0,6
2017-12-19,KWT,1,1,0,3.0,4
2017-12-19,LKA,4,2,2,0.175,15
2017-12-19,LUX,12,12,0,7.667,62
2017-12-19,MDV,3,1,2,-5.4,16
2017-12-19,MMR,3,0,3,-5.0,12
2017-12-19,MYS,7,5,2,-1.929,34
2017-12-19,NAM,1,1,0,5.0,2
2017-12-19,NGA,4,0,4,-9.0,8
2017-12-19,NLD,1,1,0,-2.0,2
2017-12-19,NPL,4,4,0,3.7,10
2017-12-19,PAK,119,83,36,0.288,708
2017-12-19,POL,2,2,0,2.35,4
2017-12-19,PSE,8,8,0,2.35,14
2017-12-19,QAT,1,1,0,0.4,5
2017-12-19,RUS,6,6,0,6.117,20
2017-12-19,SEA,2,2,0,1.0,12
2017-12-19,SGP,3,3,0,6.667,9
2017-12-19,SWE,4,3,1,-2.0,11
2017-12-19,USA,103,81,22,1.255,433
2017-12-19,VNM,1,0,1,-5.0,6
2017-12-20,AFG,5,5,0,1.48,7
2017-12-20,AFR,9,9,0,3.3,36
2017-12-20,ARE,9,5,4,-0.689,31
2017-12-20,AUS,8,8,0,1.762,35
2017-12-20,BGD,31,27,4,1.6,148
2017-12-20,BTN,3,3,0,1.667,4
2017-12-20,CAN,4,3,1,1.525,14
2017-12-20,CHE,1,0,1,-4.4,4
2017-12-20,CHN,54,53,1,4.137,342
2017-12-20,DEU,3,3,0,7.0,18
2017-12-20,ESP,1,0,1,-10.0,4
2017-12-20,EUR,4,2,2,0.1,19
2017-12-20,FRA,7,4,3,-0.8,24
2017-12-20,GBR,6,0,6,-5.833,17
2017-12-20,HKG,6,4,2,0.9,12
2017-12-20,IRN,2,0,2,-9.0,5
2017-12-20,IRQ,1,0,1,-10.0,10
2017-12-20,ISR,6,6,0,2.35,10
2017-12-20,ITA,2,0,2,-5.0,2
2017-12-20,JOR,6,6,0,1.95,13
2017-12-20,JPN,5,4,1,4.04,28
2017-12-20,KHM,1,0,1,-4.4,6
2017-12-20,KOR,2,2,0,-1.0,9
2017-12-20,LKA,2,1,1,-0.5,11
2017-12-20,LUX,2,2,0,8.0,20
2017-12-20,MDV,3,1,2,-1.533,8
2017-12-20,MMR,6,6,0,2.467,100
2017-12-20,NMR,1,1,0,7.0,4
2017-12-20,NPL,9,2,7,-4.956,44
2017-12-20,PAK,105,61,44,-0.794,439
2017-12-20,PRT,1,1,0,0.0,1
2017-12-20,RUS,2,2,0,6.0,6
2017-12-20,SAS,2,2,0,6.9,12
2017-12-20,SAU,1,1,0,3.0,2
2017-12-20,SDN,2,0,2,-3.5,8
2017-12-20,SEA,5,5,0,2.62,42
2017-12-20,SGP,3,3,0,1.0,6
2017-12-20,THA,6,6,0,3.5,31
2017-12-20,TWN,4,4,0,2.35,10
2017-12-20,USA,83,72,11,2.117,465
2017-12-20,YEM,1,1,0,10.0,10
2017-12-20,ZAF,1,1,0,3.0,10
2017-12-20,ZMB,1,1,0,6.0,1
2017-12-21,AFG,2,2,0,4.0,24
2017-12-21,ARE,2,0,2,-5.0,2
2017-12-21,AUS,11,4,7,-4.091,66
2017-12-21,BGD,42,24,18,-1.431,254
2017-12-21,BRA,6,6,0,2.35,16
2017-12-21,BTN,4,4,0,2.925,22
2017-12-21,CAN,7,6,1,3.357,42
2017-12-21,CHE,20,20,0,5.105,80
2017-12-21,CHN,57,49,8,2.863,201
2017-12-21,DEU,1,1,0,5.0,12
2017-12-21,FIN,6,6,0,2.2,12
2017-12-21,GBR,3,1,2,-1.2,12
2017-12-21,ISR,10,6,4,-0.84,30
2017-12-21,JPN,1,1,0,7.4,2
2017-12-21,KAZ,6,6,0,2.35,20
2017-12-21,KGZ,13,11,2,0.077,26
2017-12-21,KOR,4,4,0,0.675,14
2017-12-21,LKA,3,3,0,0.333,8
2017-12-21,LVA,3,3,0,2.5,8
2017-12-21,MAR,2,1,1,-2.5,2
2017-12-21,MDV,3,0,3,-4.8,6
2017-12-21,MEX,1,1,0,7.4,1
2017-12-21,MLI,5,5,0,4.84,112
2017-12-21,MMR,35,35,0,5.811,234
2017-12-21,MNG,2,2,0,2.35,20
2017-12-21,MUS,3,3,0,3.567,18
2017-12-21,NPL,9,9,0,4.411,28
2017-12-21,OMN,2,2,0,1.9,14
2017-12-21,PAK,61,44,17,0.297,206
2017-12-21,PRK,3,1,2,-2.0,8
2017-12-21,RUS,7,7,0,3.343,23
2017-12-21,SAS,3,1,2,-5.667,9
2017-12-21,SAU,2,2,0,2.35,12
2017-12-21,SDN,3,0,3,-3.0,10
2017-12-21,SEA,10,10,0,2.23,108
2017-12-21,SGP,5,5,0,3.28,26
2017-12-21,SWE,1,1,0,6.4,5
2017-12-21,THA,5,3,2,-2.26,42
2017-12-21,TWN,2,2,0,6.4,10
2017-12-21,USA,61,57,4,2.489,248
2017-12-21,VEN,6,6,0,2.2,20
2017-12-21,ZAF,1,0,1,-9.0,5
2017-12-22,AFG,1,0,1,-2.0,6
2017-12-22,AFR,3,2,1,0.333,9
2017-12-22,ARE,7,7,0,2.886,28
2017-12-22,AUS,9,7,2,0.056,27
2017-12-22,BGD,5,4,1,0.08,16
2017-12-22,CAN,8,8,0,4.675,20
2017-12-22,CHE,11,11,0,5.818,16
2017-12-22,CHN,64,63,1,4.025,344
2017-12-22,CUB,2,2,0,5.0,6
2017-12-22,DEU,2,2,0,6.5,8
2017-12-22,ESP,1,1,0,6.4,1
2017-12-22,EUR,4,4,0,1.6,40
2017-12-22,FIN,5,5,0,2.48,28
2017-12-22,FRA,4,2,2,-3.825,10
2017-12-22,GBR,13,8,5,-0.508,47
2017-12-22,IRN,5,0,5,-9.0,7
2017-12-22,ISR,30,25,5,1.873,409
2017-12-22,ITA,4,4,0,2.35,12
2017-12-22,JPN,2,1,1,-3.0,10
2017-12-22,KOR,2,0,2,-5.0,30
2017-12-22,KWT,4,4,0,2.35,8
2017-12-22,LKA,5,5,0,1.52,21
2017-12-22,MDV,3,3,0,2.233,8
2017-12-22,MMR,2,2,0,6.0,10
2017-12-22,MYS,4,4,0,5.175,14
2017-12-22,NPL,3,2,1,3.0,6
2017-12-22,PAK,78,57,21,1.028,360
2017-12-22,PRK,2,0,2,-8.0,10
2017-12-22,PSE,4,0,4,-5.375,16
2017-12-22,RUS,1,0,1,-2.0,6
2017-12-22,RWA,1,1,0,3.4,12
2017-12-22,SAS,4,0,4,-10.0,20
2017-12-22,SAU,3,1,2,-0.867,8
2017-12-22,SEA,4,3,1,-0.525,18
2017-12-22,SGP,1,1,0,10.0,6
2017-12-22,TWN,2,2,0,6.4,10
2017-12-22,USA,45,31,14,0.711,178
2017-12-23,BEL,3,0,3,-5.0,12
2017-12-23,BGD,6,4,2,2.6,14
2017-12-23,CHN,17,16,1,1.412,68
2017-12-23,EUR,3,3,0,2.2,12
2017-12-23,FRA,1,0,1,-2.0,2
2017-12-23,GBR,6,4,2,-1.167,54
2017-12-23,IDN,1,0,1,-2.0,6
2017-12-23,IRN,1,1,0,5.0,4
2017-12-23,IRQ,3,3,0,4.0,8
2017-12-23,ISR,23,16,7,0.817,74
2017-12-23,ITA,6,5,1,2.35,34
2017-12-23,KGZ,9,7,2,-0.333,20
2017-12-23,LKA,1,1,0,0.0,4
2017-12-23,MAR,5,5,0,2.26,40
2017-12-23,MMR,6,6,0,2.567,12
2017-12-23,MYS,4,3,1,1.15,29
2017-12-23,NAM,3,3,0,4.6,5
2017-12-23,NGA,1,0,1,-5.0,2
2017-12-23,NPL,7,4,3,-1.714,22
2017-12-23,PAK,85,39,46,-3.126,442
2017-12-23,PAN,2,1,1,-0.5,18
2017-12-23,PHL,3,3,0,0.0,16
2017-12-23,PSE,5,3,2,0.4,6
2017-12-23,QAT,2,0,2,-2.0,6
2017-12-23,RUS,36,34,2,2.994,120
2017-12-23,RWA,1,1,0,3.4,6
2017-12-23,SAS,3,1,2,0.867,13
2017-12-23,SDN,1,1,0,8.0,10
2017-12-23,SEA,5,4,1,2.4,28
2017-12-23,THA,5,5,0,2.26,10
2017-12-23,TUR,1,1,0,0.0,2
2017-12-23,UKR,2,2,0,5.2,4
2017-12-23,USA,48,28,20,-1.429,714
2017-12-24,AFG,9,7,2,-0.344,24
2017-12-24,AFR,4,4,0,4.0,20
2017-12-24,ARE,4,4,0,2.575,20
2017-12-24,BGD,10,6,4,-3.06,17
2017-12-24,BLR,2,2,0,1.0,2
2017-12-24,CAN,2,2,0,0.0,6
2017-12-24,COL,4,4,0,0.2,7
2017-12-24,DJI,2,2,0,6.0,6
2017-12-24,FRA,5,4,1,1.08,14
2017-12-24,GBR,10,10,0,2.37,20
2017-12-24,IRL,1,0,1,-5.0,6
2017-12-24,IRN,3,0,3,-4.0,4
2017-12-24,IRQ,3,3,0,3.667,9
2017-12-24,ISR,22,19,3,2.555,41
2017-12-24,ITA,3,3,0,4.0,4
2017-12-24,JPN,2,1,1,-1.8,9
2017-12-24,KHM,4,4,0,2.35,8
2017-12-24,LUX,2,2,0,1.0,6
2017-12-24,MDV,6,2,4,-3.383,13
2017-12-24,MMR,8,8,0,2.925,13
2017-12-24,MWI,2,0,2,-5.0,11
2017-12-24,MYS,3,0,3,-5.0,10
2017-12-24,NPL,5,4,1,2.74,12
2017-12-24,NZL,2,2,0,2.35,4
2017-12-24,OMN,2,2,0,2.35,4
2017-12-24,PAK,87,44,43,-1.941,628
2017-12-24,PHL,4,4,0,2.35,8
2017-12-24,PSE,5,5,0,2.3,16
2017-12-24,QAT,1,1,0,4.0,6
2017-12-24,RUS,13,13,0,5.546,50
2017-12-24,SAS,1,1,0,5.0,10
2017-12-24,USA,48,38,10,0.854,438
2017-12-25,AFG,7,4,3,-1.829,27
2017-12-25,AUS,2,2,0,2.35,6
2017-12-25,CHE,13,13,0,3.592,47
2017-12-25,CHN,10,7,3,1.16,27
2017-12-25,EUR,1,1,0,3.4,4
2017-12-25,FRA,1,0,1,-2.0,4
2017-12-25,GBR,15,14,1,3.513,57
2017-12-25,IDN,5,5,0,-2.0,12
2017-12-25,IRN,2,0,2,-9.0,10
2017-12-25,ISR,2,2,0,0.4,22
2017-12-25,JPN,2,2,0,3.0,6
2017-12-25,LKA,2,0,2,-5.0,6
2017-12-25,MYS,4,4,0,2.125,20
2017-12-25,NAM,2,2,0,0.0,4
2017-12-25,NPL,11,9,2,0.418,28
2017-12-25,OMN,22,22,0,2.95,110
2017-12-25,PAK,131,64,67,-1.369,777
2017-12-25,RUS,2,2,0,2.35,6
2017-12-25,SAS,1,0,1,-2.0,2
2017-12-25,SEA,5,3,2,-0.36,48
2017-12-25,SGP,10,10,0,3.13,60
2017-12-25,UKR,13,13,0,1.323,30
2017-12-25,USA,50,46,4,3.08,292
2017-12-25,UZB,2,2,0,3.0,2
2017-12-25,VCT,1,1,0,3.0,10
2017-12-25,ZAF,2,0,2,-5.0,6
2017-12-26,AFG,6,5,1,1.4,18
2017-12-26,AFR,2,2,0,4.0,6
2017-12-26,AUS,4,0,4,-9.5,32
2017-12-26,BEL,2,2,0,0.0,10
2017-12-26,BGD,1,1,0,0.0,6
2017-12-26,CAN,4,2,2,1.0,8
2017-12-26,CHE,4,4,0,2.35,20
2017-12-26,CHN,22,19,3,1.273,145
2017-12-26,DEU,11,11,0,2.564,70
2017-12-26,EUR,5,5,0,2.4,64
2017-12-26,FRA,8,5,3,1.337,29
2017-12-26,GBR,16,13,3,0.913,44
2017-12-26,IDN,3,3,0,-2.0,6
2017-12-26,IRN,4,2,2,-3.325,9
2017-12-26,IRQ,3,2,1,-1.433,3
2017-12-26,ISR,9,9,0,1.667,46
2017-12-26,ITA,1,1,0,3.0,2
2017-12-26,JPN,5,5,0,6.28,62
2017-12-26,KOR,3,3,0,6.467,5
2017-12-26,LKA,1,0,1,-5.0,2
2017-12-26,MDV,4,4,0,2.35,36
2017-12-26,MEA,7,7,0,1.9,84
2017-12-26,MMR,6,6,0,1.85,8
2017-12-26,MYS,7,7,0,1.514,28
2017-12-26,NAM,2,0,2,-10.0,4
2017-12-26,NPL,6,3,3,-0.717,13
2017-12-26,PAK,120,75,45,-0.146,411
2017-12-26,POL,2,2,0,1.0,20
2017-12-26,PRK,1,1,0,0.0,6
2017-12-26,RUS,31,25,6,0.716,96
2017-12-26,SAS,5,5,0,-0.16,12
2017-12-26,SAU,3,3,0,1.433,9
2017-12-26,SEA,2,2,0,2.35,2
2017-12-26,THA,3,0,3,-8.333,6
2017-12-26,TUR,1,0,1,-5.0,4
2017-12-26,UKR,3,3,0,0.0,7
2017-12-26,USA,42,38,4,1.252,276
2017-12-26,UZB,2,2,0,3.3,20
2017-12-26,YEM,3,3,0,2.2,12
2017-12-27,AFG,13,9,4,-0.277,76
2017-12-27,ARE,4,2,2,-1.325,28
2017-12-27,AUS,4,4,0,1.0,12
2017-12-27,BEL,3,3,0,3.4,6
2017-12-27,BGD,3,3,0,3.3,12
2017-12-27,BGR,2,0,2,-5.0,8
2017-12-27,BRA,2,0,2,-5.0,3
2017-12-27,BTN,4,4,0,5.6,6
2017-12-27,CAN,2,2,0,5.2,4
2017-12-27,CHE,2,2,0,4.0,20
2017-12-27,CHN,19,15,4,0.789,43
2017-12-27,DEU,8,8,0,3.013,18
2017-12-27,DNK,1,1,0,3.4,1
2017-12-27,DZA,1,1,0,6.0,1
2017-12-27,EGY,6,4,2,-0.1,22
2017-12-27,FIN,4,4,0,2.35,12
2017-12-27,FRA,8,5,3,0.875,38
2017-12-27,GBR,8,7,1,1.85,20
2017-12-27,IDN,6,6,0,4.033,22
2017-12-27,IRN,17,4,13,-7.029,56
2017-12-27,IRQ,3,1,2,-1.467,15
2017-12-27,ISR,6,6,0,2.817,26
2017-12-27,ITA,11,11,0,2.5,28
2017-12-27,JOR,1,1,0,3.0,4
2017-12-27,JPN,7,7,0,4.257,40
2017-12-27,KOR,1,1,0,-2.0,2
2017-12-27,LBN,3,3,0,3.733,14
2017-12-27,LKA,10,2,8,-2.0,89
2017-12-27,MMR,14,9,5,-2.286,32
2017-12-27,MYS,9,9,0,6.4,46
2017-12-27,NLD,1,1,0,7.4,6
2017-12-27,NPL,21,19,2,2.038,93
2017-12-27,PAK,170,98,72,-1.41,679
2017-12-27,PRK,2,2,0,7.0,12
2017-12-27,PRT,1,0,1,-4.0,10
2017-12-27,PSE,4,4,0,2.625,14
2017-12-27,QAT,1,1,0,3.5,4
2017-12-27,RUS,11,11,0,4.464,32
2017-12-27,SAS,5,2,3,-2.92,20
2017-12-27,SAU,4,4,0,5.375,16
2017-12-27,SYR,2,0,2,-5.0,4
2017-12-27,THA,11,11,0,2.1,32
2017-12-27,USA,42,41,1,3.64,129
2017-12-27,YEM,4,4,0,5.25,36
2017-12-28,AFG,8,8,0,2.275,28
2017-12-28,AFR,4,4,0,2.35,8
2017-12-28,ARE,7,3,4,-1.143,30
2017-12-28,AUS,9,9,0,4.667,12
2017-12-28,BEL,5,5,0,3.8,22
2017-12-28,BGD,2,1,1,-1.0,12
2017-12-28,BRA,3,1,2,-0.533,10
2017-12-28,CAN,1,1,0,3.0,1
2017-12-28,CHE,2,1,1,-0.5,6
2017-12-28,CHN,33,25,8,1.658,141
2017-12-28,DEU,4,4,0,3.5,24
2017-12-28,EUR,6,6,0,2.567,24
2017-12-28,FRA,8,6,2,0.087,32
2017-12-28,GBR,5,5,0,1.74,12
2017-12-28,IDN,3,3,0,2.0,4
2017-12-28,IRN,2,0,2,-6.5,3
2017-12-28,ISR,12,9,3,1.067,27
2017-12-28,JOR,8,8,0,3.5,46
2017-12-28,JPN,5,5,0,1.48,22
2017-12-28,KAZ,1,1,0,6.4,4
2017-12-28,LKA,21,16,5,3.61,279
2017-12-28,MAR,1,0,1,-5.0,5
2017-12-28,MDV,4,0,4,-5.0,15
2017-12-28,MMR,6,2,4,-4.333,13
2017-12-28,NPL,8,8,0,3.1,28
2017-12-28,PAK,134,98,36,0.605,876
2017-12-28,PER,4,4,0,6.0,8
2017-12-28,PSE,2,2,0,3.7,12
2017-12-28,RUS,5,1,4,-2.72,16
2017-12-28,SAS,1,0,1,-2.0,10
2017-12-28,SEA,2,0,2,-5.5,10
2017-12-28,USA,31,28,3,2.303,159
2017-12-28,UZB,1,1,0,0.0,2
2017-12-28,YEM,2,2,0,2.35,8
2017-12-29,AFG,13,4,9,-2.354,59
2017-12-29,AFR,7,6,1,1.757,17
2017-12-29,ARE,2,2,0,7.0,20
2017-12-29,BGD,14,7,7,-1.7,95
2017-12-29,CHE,10,9,1,2.44,32
2017-12-29,CHN,20,9,11,0.425,101
2017-12-29,DNK,2,2,0,-0.4,10
2017-12-29,FJI,4,4,0,7.0,12
2017-12-29,FRA,2,1,1,-3.5,18
2017-12-29,GBR,8,3,5,-3.038,30
2017-12-29,IRQ,2,0,2,-4.4,5
2017-12-29,ISR,19,13,6,0.074,24
2017-12-29,JOR,7,7,0,3.343,28
2017-12-29,KEN,3,3,0,2.5,16
2017-12-29,KHM,5,4,1,-0.12,6
2017-12-29,LBR,1,0,1,-2.0,4
2017-12-29,LKA,4,3,1,-0.8,7
2017-12-29,MDV,9,9,0,5.989,53
2017-12-29,MMR,11,11,0,4.373,68
2017-12-29,MWI,1,0,1,-5.0,6
2017-12-29,NAM,2,2,0,2.35,4
2017-12-29,NGA,2,2,0,6.4,6
2017-12-29,NPL,3,2,1,1.667,10
2017-12-29,OMN,2,2,0,2.35,12
2017-12-29,PAK,86,62,24,0.519,440
2017-12-29,PHL,1,0,1,-10.0,5
2017-12-29,PRK,4,4,0,6.4,12
2017-12-29,PSE,5,0,5,-10.0,12
2017-12-29,QAT,2,2,0,5.2,12
2017-12-29,RUS,8,7,1,2.312,65
2017-12-29,SAS,5,1,4,-4.8,13
2017-12-29,SAU,2,0,2,-2.0,6
2017-12-29,SEN,1,1,0,6.0,10
2017-12-29,SYR,2,2,0,7.0,12
2017-12-29,USA,62,42,20,-0.977,494
2017-12-30,AFG,8,3,5,-1.562,20
2017-12-30,ARE,17,17,0,2.371,112
2017-12-30,AUS,5,4,1,2.8,20
2017-12-30,BGD,21,6,15,-2.533,74
2017-12-30,CHN,42,26,16,0.924,149
2017-12-30,DEU,1,1,0,3.4,1
2017-12-30,EUR,2,0,2,-4.0,6
2017-12-30,FJI,2,2,0,3.0,8
2017-12-30,GBR,1,1,0,-2.0,4
2017-12-30,IDN,3,3,0,5.433,10
2017-12-30,IRQ,1,1,0,7.0,10
2017-12-30,ISR,45,37,8,1.758,104
2017-12-30,JOR,2,2,0,3.4,4
2017-12-30,KEN,3,3,0,2.5,8
2017-12-30,LKA,1,0,1,-5.0,10
2017-12-30,MDV,2,0,2,-8.6,14
2017-12-30,MMR,1,0,1,-5.0,3
2017-12-30,NPL,11,4,7,-1.482,37
2017-12-30,OMN,2,2,0,2.35,6
2017-12-30,PAK,78,50,28,-0.888,327
2017-12-30,PRT,3,3,0,2.5,8
2017-12-30,PSE,49,21,28,-1.994,125
2017-12-30,RUS,13,10,3,0.692,48
2017-12-30,SAS,9,4,5,-1.489,29
2017-12-30,SAU,7,7,0,2.314,18
2017-12-30,SGP,4,4,0,1.675,18
2017-12-30,USA,51,41,10,1.31,313
2017-12-31,AFG,5,5,0,3.56,10
2017-12-31,ARE,5,5,0,1.88,16
2017-12-31,AUS,1,1,0,3.4,18
2017-12-31,BEL,2,1,1,1.5,9
2017-12-31,BGD,14,9,5,1.043,36
2017-12-31,CAN,10,10,0,2.71,46
2017-12-31,CHE,4,4,0,2.35,8
2017-12-31,CHN,12,9,3,-0.108,84
2017-12-31,GBR,9,4,5,-3.167,20
2017-12-31,IDN,5,5,0,4.2,14
2017-12-31,IRN,2,2,0,4.0,6
2017-12-31,ISR,22,16,6,-0.636,73
2017-12-31,JOR,6,6,0,2.35,10
2017-12-31,JPN,7,7,0,2.286,14
2017-12-31,LKA,8,0,8,-5.0,30
2017-12-31,NGA,3,3,0,3.4,8
2017-12-31,NPL,5,2,3,-3.0,21
2017-12-31,NZL,1,1,0,3.4,7
2017-12-31,PAK,57,34,23,-1.263,237
2017-12-31,PSE,15,11,4,-0.293,37
2017-12-31,RUS,3,2,1,-0.1,5
2017-12-31,SAS,3,3,0,1.667,22
2017-12-31,SAU,7,7,0,2.371,26
2017-12-31,SEA,13,13,0,2.592,152
2017-12-31,THA,2,2,0,7.0,2
2017-12-31,USA,60,43,17,0.175,432
2018-01-01,AFR,4,4,0,2.35,16
2018-01-01,ARE,11,11,0,2.064,40
2018-01-01,AUS,1,1,0,3.0,2
2018-01-01,BEL,1,0,1,-4.0,5
2018-01-01,BGD,21,19,2,3.376,105
2018-01-01,BRA,1,0,1,-5.0,4
2018-01-01,CAN,16,16,0,2.406,29
2018-01-01,CHE,2,1,1,-3.3,8
2018-01-01,CHN,36,30,6,0.917,110
2018-01-01,DEU,4,4,0,2.35,6
2018-01-01,ETH,2,2,0,2.35,12
2018-01-01,FRA,11,11,0,2.609,18
2018-01-01,GBR,15,10,5,-0.18,48
2018-01-01,IRN,5,4,1,1.96,11
2018-01-01,ISR,4,2,2,-1.3,9
2018-01-01,JOR,4,3,1,1.35,35
2018-01-01,JPN,4,4,0,-0.2,156
2018-01-01,KEN,1,0,1,-5.0,4
2018-01-01,KWT,1,1,0,3.4,4
2018-01-01,MDV,6,6,0,1.567,12
2018-01-01,MEA,7,7,0,1.0,30
2018-01-01,MMR,4,4,0,7.0,20
2018-01-01,NPL,9,9,0,3.756,26
2018-01-01,PAK,74,50,24,0.853,551
2018-01-01,PHL,5,0,5,-9.5,25
2018-01-01,POL,1,1,0,3.0,2
2018-01-01,PSE,8,6,2,0.138,16
2018-01-01,RUS,4,4,0,4.6,22
2018-01-01,SAS,10,4,6,-3.72,39
2018-01-01,SAU,10,4,6,-4.73,94
2018-01-01,SEA,1,1,0,3.4,6
2018-01-01,SGP,3,3,0,6.6,4
2018-01-01,USA,42,24,18,-1.007,258
2018-01-01,ZAF,1,1,0,3.4,10
2018-01-02,AFR,3,3,0,0.0,3
2018-01-02,ARE,4,4,0,1.675,12
2018-01-02,BGD,23,19,4,2.791,93
2018-01-02,BTN,2,2,0,3.4,2
2018-01-02,CAN,1,1,0,0.0,6
2018-01-02,CHN,20,18,2,1.135,82
2018-01-02,EGY,2,2,0,6.0,16
2018-01-02,FRA,8,6,2,0.0,148
2018-01-02,GBR,37,19,18,0.343,402
2018-01-02,IRN,7,0,7,-7.571,19
2018-01-02,IRQ,6,2,4,-5.533,15
2018-01-02,ISR,12,10,2,0.083,59
2018-01-02,ITA,1,1,0,4.0,2
2018-01-02,JPN,2,2,0,6.4,8
2018-01-02,LKA,1,1,0,3.4,2
2018-01-02,MCO,2,2,0,2.35,2
2018-01-02,MDV,1,0,1,-10.0,10
2018-01-02,MEA,7,7,0,1.0,18
2018-01-02,MLI,1,1,0,3.0,2
2018-01-02,MMR,4,4,0,7.0,20
2018-01-02,MYS,1,0,1,-10.0,8
2018-01-02,NAM,2,2,0,3.0,2
2018-01-02,NLD,8,4,4,-5.0,54
2018-01-02,NPL,11,4,7,-3.045,30
2018-01-02,OMN,2,2,0,2.35,12
2018-01-02,PAK,77,50,27,-0.786,364
2018-01-02,PHL,2,2,0,2.35,10
2018-01-02,PRY,1,0,1,-5.0,8
2018-01-02,RUS,1,1,0,3.0,2
2018-01-02,SAS,9,2,7,-2.667,194
2018-01-02,SAU,5,0,5,-5.2,10
2018-01-02,SEA,9,9,0,3.556,130
2018-01-02,THA,9,9,0,1.867,34
2018-01-02,USA,47,32,15,0.302,310
2018-01-03,AFR,5,2,3,-2.26,17
2018-01-03,ARE,1,0,1,-5.0,10
2018-01-03,AUS,5,4,1,0.88,8
2018-01-03,BGD,19,12,7,-1.563,75
2018-01-03,BHR,17,17,0,2.159,116
2018-01-03,BRA,4,4,0,4.0,4
2018-01-03,CAN,7,7,0,3.157,22
2018-01-03,CHN,83,63,20,0.682,327
2018-01-03,DEU,10,7,3,3.56,42
2018-01-03,FRA,9,9,0,2.9,51
2018-01-03,GBR,155,89,66,-2.249,1481
2018-01-03,GRC,2,2,0,2.35,8
2018-01-03,IRL,2,2,0,2.35,20
2018-01-03,IRN,12,12,0,4.125,30
2018-01-03,ISR,22,10,12,-1.573,70
2018-01-03,ITA,3,3,0,2.5,10
2018-01-03,JPN,7,7,0,5.157,16
2018-01-03,KEN,1,0,1,-5.0,4
2018-01-03,KOR,7,7,0,3.714,9
2018-01-03,LKA,10,6,4,-0.99,20
2018-01-03,MDV,4,2,2,-4.3,20
2018-01-03,MEA,4,4,0,4.0,50
2018-01-03,MMR,4,4,0,1.75,14
2018-01-03,MNG,3,1,2,-2.2,8
2018-01-03,NLD,10,9,1,0.41,34
2018-01-03,NPL,4,3,1,-1.25,8
2018-01-03,OMN,6,6,0,2.417,24
2018-01-03,PAK,37,14,23,-2.135,154
2018-01-03,PER,2,2,0,1.0,4
2018-01-03,PRK,2,2,0,3.4,6
2018-01-03,RUS,12,11,1,5.583,98
2018-01-03,SAS,11,5,6,-0.364,66
2018-01-03,SAU,1,1,0,5.0,1
2018-01-03,SEA,12,12,0,1.342,44
2018-01-03,SEN,2,2,0,2.35,16
2018-01-03,THA,8,7,1,2.312,15
2018-01-03,TWN,4,3,1,-0.075,18
2018-01-03,USA,48,38,10,0.612,216
2018-01-03,VNM,3,3,0,2.5,12
2018-01-04,AFG,6,4,2,-0.1,14
2018-01-04,AFR,4,3,1,0.175,16
2018-01-04,ARE,2,2,0,7.0,4
2018-01-04,AUS,3,3,0,2.5,6
2018-01-04,BEL,2,2,0,8.0,12
2018-01-04,BGD,15,11,4,0.907,75
2018-01-04,BHR,18,18,0,2.222,81
2018-01-04,CAN,2,2,0,6.4,20
2018-01-04,CHN,56,34,22,-1.143,369
2018-01-04,DNK,1,1,0,0.0,6
2018-01-04,FRA,6,4,2,1.333,16
2018-01-04,GBR,86,39,47,-3.623,1436
2018-01-04,IRN,11,2,9,-5.727,80
2018-01-04,IRQ,1,1,0,0.0,5
2018-01-04,ISR,28,21,7,0.743,156
2018-01-04,JOR,6,6,0,4.0,16
2018-01-04,JPN,1,0,1,-2.0,2
2018-01-04,KEN,1,1,0,7.4,15
2018-01-04,KOR,6,6,0,3.0,24
2018-01-04,KWT,4,3,1,0.075,18
2018-01-04,LKA,20,8,12,-1.545,217
2018-01-04,MDV,4,4,0,0.975,14
2018-01-04,MEA,2,2,0,4.0,10
2018-01-04,MMR,6,4,2,-0.333,22
2018-01-04,MNG,5,2,3,-2.64,11
2018-01-04,MYS,5,5,0,3.16,17
2018-01-04,NPL,1,1,0,7.4,6
2018-01-04,OMN,8,8,0,3.138,28
2018-01-04,PAK,66,35,31,-1.115,307
2018-01-04,PHL,5,3,2,-2.2,14
2018-01-04,PRK,20,17,3,2.45,100
2018-01-04,PSE,3,3,0,2.6,33
2018-01-04,RUS,12,12,0,4.0,32
2018-01-04,SAS,10,3,7,-4.21,40
2018-01-04,SAU,3,0,3,-2.0,6
2018-01-04,SEA,3,1,2,-3.333,12
2018-01-04,SGP,3,3,0,2.5,4
2018-01-04,TTO,1,0,1,-2.0,6
2018-01-04,TWN,1,0,1,-5.0,6
2018-01-04,USA,65,56,9,1.646,271
2018-01-04,UZB,4,4,0,2.125,8
2018-01-05,AFG,8,8,0,4.025,14
2018-01-05,AFR,2,2,0,3.4,2
2018-01-05,ARE,3,2,1,0.933,8
2018-01-05,AUS,27,27,0,2.096,100
2018-01-05,BEL,3,3,0,3.4,12
2018-01-05,BGD,9,7,2,0.933,84
2018-01-05,BRA,4,4,0,4.0,4
2018-01-05,CAN,2,2,0,6.4,20
2018-01-05,CHE,1,1,0,7.0,6
2018-01-05,CHN,50,40,10,0.258,232
2018-01-05,DEU,5,1,4,-2.0,17
2018-01-05,FRA,4,4,0,4.0,4
2018-01-05,GBR,53,26,27,-3.451,391
2018-01-05,IDN,12,12,0,4.0,56
2018-01-05,IRL,1,1,0,3.5,2
2018-01-05,IRN,4,2,2,-2.0,6
2018-01-05,IRQ,2,1,1,-2.0,8
2018-01-05,ISR,12,12,0,2.725,30
2018-01-05,ITA,3,1,2,0.0,9
2018-01-05,JOR,6,6,0,4.0,8
2018-01-05,JPN,2,2,0,2.35,16
2018-01-05,KOR,6,6,0,3.733,10
2018-01-05,KWT,2,0,2,-4.0,12
2018-01-05,MYS,7,7,0,2.929,38
2018-01-05,NGA,3,0,3,-5.0,19
2018-01-05,PAK,49,35,14,0.588,249
2018-01-05,PRK,9,7,2,1.267,39
2018-01-05,PSE,3,3,0,2.6,8
2018-01-05,RUS,2,0,2,-4.0,2
2018-01-05,SAS,10,3,7,-1.12,25
2018-01-05,SAU,1,1,0,-2.0,12
2018-01-05,SEA,20,20,0,4.475,168
2018-01-05,SGP,3,3,0,2.467,5
2018-01-05,THA,9,9,0,3.267,31
2018-01-05,TON,1,0,1,-5.0,10
2018-01-05,USA,53,43,10,1.519,382
2018-01-05,ZAF,1,1,0,3.0,5
2018-01-06,AFG,4,0,4,-3.5,10
2018-01-06,AFR,4,0,4,-5.0,10
2018-01-06,ARE,4,3,1,-0.325,10
2018-01-06,ARG,4,0,4,-7.5,6
2018-01-06,BGD,32,31,1,3.756,239
2018-01-06,BHR,9,9,0,2.3,36
2018-01-06,CHE,4,4,0,2.35,8
2018-01-06,CHN,23,23,0,2.222,103
2018-01-06,DNK,4,4,0,8.0,10
2018-01-06,EUR,1,1,0,0.0,1
2018-01-06,FRA,2,2,0,1.7,4
2018-01-06,GBR,16,4,12,-3.625,26
2018-01-06,IDN,2,2,0,2.35,2
2018-01-06,IRQ,1,1,0,-2.0,4
2018-01-06,ISR,2,0,2,-4.0,4
2018-01-06,ITA,3,0,3,-2.0,4
2018-01-06,KWT,1,0,1,-4.0,2
2018-01-06,LKA,8,8,0,1.863,19
2018-01-06,MMR,7,7,0,3.143,15
2018-01-06,MYS,2,1,1,0.7,5
2018-01-06,NAM,4,2,2,-5.0,8
2018-01-06,NGA,1,0,1,-5.0,6
2018-01-06,PAK,30,21,9,0.02,92
2018-01-06,PSE,1,0,1,-4.0,2
2018-01-06,RUS,7,7,0,6.4,16
2018-01-06,SAS,4,0,4,-3.0,29
2018-01-06,SAU,1,1,0,-2.0,6
2018-01-06,SEA,29,28,1,1.924,360
2018-01-06,SGP,3,3,0,0.0,17
2018-01-06,THA,11,11,0,4.673,35
2018-01-06,TUR,1,0,1,-6.5,2
2018-01-06,USA,101,52,49,-1.848,750
2018-01-06,UZB,2,2,0,2.35,10
2018-01-06,VNM,11,11,0,3.1,18
2018-01-07,AFR,2,2,0,2.35,2
2018-01-07,ARE,9,6,3,-0.6,46
2018-01-07,BGD,6,6,0,3.6,46
2018-01-07,BHR,5,5,0,3.1,14
2018-01-07,BRN,1,1,0,0.0,20
2018-01-07,CAN,5,4,1,1.48,7
2018-01-07,CHE,1,0,1,-5.0,2
2018-01-07,CHN,9,7,2,0.9,38
2018-01-07,DEU,2,0,2,-5.0,4
2018-01-07,FRA,6,4,2,-1.767,14
2018-01-07,GBR,5,5,0,2.44,10
2018-01-07,IRQ,1,0,1,-5.0,10
2018-01-07,ISR,28,28,0,2.246,76
2018-01-07,JOR,2,1,1,-2.0,40
2018-01-07,JPN,4,1,3,-2.15,9
2018-01-07,LKA,12,4,8,-1.8,60
2018-01-07,MDV,3,3,0,2.533,23
2018-01-07,MYS,2,2,0,2.35,12
2018-01-07,NPL,6,4,2,-0.767,20
2018-01-07,OMN,1,1,0,3.0,2
2018-01-07,PAK,40,26,14,0.56,117
2018-01-07,PER,2,2,0,2.35,8
2018-01-07,PRK,8,8,0,6.25,26
2018-01-07,PRT,4,0,4,-7.5,10
2018-01-07,PSE,11,11,0,0.955,43
2018-01-07,RUS,7,7,0,6.4,8
2018-01-07,SAS,7,4,3,-1.643,29
2018-01-07,SEA,16,15,1,1.581,131
2018-01-07,SGP,4,4,0,8.0,60
2018-01-07,SYR,4,0,4,-9.875,7
2018-01-07,USA,40,20,20,-1.278,144
2018-01-08,AFG,2,0,2,-5.0,6
2018-01-08,ARE,14,13,1,1.186,58
2018-01-08,AUS,5,3,2,0.1,12
2018-01-08,BGD,3,3,0,4.467,9
2018-01-08,BHR,13,13,0,1.454,231
2018-01-08,BTN,2,2,0,3.0,10
2018-01-08,CAN,7,7,0,3.057,12
2018-01-08,CHE,14,14,0,3.143,38
2018-01-08,CHN,25,19,6,1.78,91
2018-01-08,DEU,8,6,2,-0.038,16
2018-01-08,EGY,2,2,0,2.35,12
2018-01-08,EUR,2,0,2,-5.0,20
2018-01-08,FRA,10,9,1,1.28,23
2018-01-08,GBR,39,29,10,-0.205,158
2018-01-08,IDN,2,2,0,7.4,6
2018-01-08,IRN,7,6,1,3.286,24
2018-01-08,ISR,9,9,0,2.422,32
2018-01-08,ITA,3,2,1,-1.767,6
2018-01-08,LKA,6,4,2,0.75,21
2018-01-08,MDV,5,5,0,2.4,30
2018-01-08,MEA,3,3,0,2.7,17
2018-01-08,NAM,2,2,0,2.35,8
2018-01-08,NLD,8,8,0,3.363,38
2018-01-08,NPL,9,9,0,3.856,80
2018-01-08,PAK,38,18,20,-1.25,125
2018-01-08,PER,2,1,1,0.7,28
2018-01-08,POL,1,0,1,-10.0,10
2018-01-08,PSE,3,3,0,0.0,4
2018-01-08,RUS,16,16,0,4.581,21
2018-01-08,SAS,10,7,3,-0.03,64
2018-01-08,SEA,15,14,1,2.633,57
2018-01-08,THA,1,0,1,-5.0,4
2018-01-08,TWN,1,0,1,-5.0,4
2018-01-08,USA,51,36,15,0.718,230
2018-01-08,VNM,4,4,0,2.35,8
2018-01-08,ZAF,2,2,0,2.35,4
2018-01-09,ARE,11,5,6,-0.836,52
2018-01-09,AUS,4,4,0,5.0,4
2018-01-09,BEL,4,4,0,4.0,38
2018-01-09,BGD,8,7,1,1.15,34
2018-01-09,BHR,5,3,2,-2.26,30
2018-01-09,CAN,5,5,0,2.48,30
2018-01-09,CHE,6,6,0,2.0,66
2018-01-09,CHN,52,40,12,1.39,476
2018-01-09,DEU,1,1,0,0.0,2
2018-01-09,ECU,2,2,0,1.0,2
2018-01-09,EUR,1,1,0,7.4,5
2018-01-09,FRA,2,1,1,0.5,7
2018-01-09,GBR,71,39,32,-2.362,223
2018-01-09,IDN,11,11,0,2.191,46
2018-01-09,ISR,55,54,1,2.965,190
2018-01-09,ITA,2,2,0,3.0,8
2018-01-09,JPN,1,1,0,-2.0,5
2018-01-09,KOR,6,6,0,8.0,16
2018-01-09,KWT,10,10,0,2.35,12
2018-01-09,LBN,1,1,0,5.2,2
2018-01-09,LKA,7,7,0,2.886,32
2018-01-09,MDV,6,5,1,3.25,12
2018-01-09,MMR,4,4,0,3.6,97
2018-01-09,MYS,1,0,1,-5.0,2
2018-01-09,NPL,14,13,1,1.1,39
2018-01-09,PAK,58,31,27,-0.016,236
2018-01-09,PRK,1,0,1,-10.0,10
2018-01-09,RUS,10,6,4,-0.12,17
2018-01-09,SAS,7,4,3,0.571,32
2018-01-09,SDN,1,0,1,-9.5,5
2018-01-09,SEA,8,8,0,2.375,26
2018-01-09,SGP,3,3,0,2.9,13
2018-01-09,SWE,3,3,0,2.2,8
2018-01-09,SYC,6,6,0,2.2,76
2018-01-09,SYR,2,2,0,0.0,5
2018-01-09,THA,4,2,2,-1.325,16
2018-01-09,TON,1,0,1,-5.0,20
2018-01-09,TTO,8,8,0,3.25,17
2018-01-09,TUR,4,4,0,2.925,20
2018-01-09,TZA,1,1,0,-0.4,6
2018-01-09,USA,68,54,14,1.563,518
2018-01-10,AFG,6,6,0,4.033,16
2018-01-10,AFR,2,0,2,-10.0,180
2018-01-10,ARE,3,3,0,5.133,14
2018-01-10,AUS,21,21,0,2.419,42
2018-01-10,BEL,2,2,0,4.0,2
2018-01-10,BGD,24,22,2,1.708,57
2018-01-10,BHR,1,0,1,-5.0,2
2018-01-10,CAN,10,9,1,2.84,49
2018-01-10,CHE,4,4,0,1.0,20
2018-01-10,CHN,13,11,2,0.815,68
2018-01-10,DEU,1,1,0,4.0,4
2018-01-10,EGY,2,2,0,2.35,20
2018-01-10,FIN,29,9,20,-6.031,122
2018-01-10,FRA,16,15,1,2.081,49
2018-01-10,GBR,36,26,10,-0.361,235
2018-01-10,IDN,5,5,0,1.0,18
2018-01-10,IRL,6,5,1,1.667,54
2018-01-10,IRN,7,7,0,2.014,15
2018-01-10,IRQ,1,1,0,-2.0,10
2018-01-10,ISR,25,25,0,2.056,122
2018-01-10,ITA,1,1,0,5.0,10
2018-01-10,JOR,4,4,0,0.75,20
2018-01-10,JPN,4,4,0,3.175,14
2018-01-10,KAZ,4,4,0,4.0,80
2018-01-10,KEN,10,10,0,3.01,32
2018-01-10,KOR,4,1,3,-8.0,18
2018-01-10,LKA,3,3,0,3.0,12
2018-01-10,MDV,3,3,0,2.5,80
2018-01-10,MLI,1,0,1,-5.0,6
2018-01-10,MYS,3,0,3,-7.333,3
2018-01-10,NPL,13,11,2,2.077,42
2018-01-10,PAK,42,23,19,-1.998,148
2018-01-10,SAU,7,2,5,-2.714,38
2018-01-10,SEA,12,10,2,1.217,40
2018-01-10,SYC,3,3,0,2.5,16
2018-01-10,TUR,1,1,0,3.4,6
2018-01-10,TZA,7,7,0,0.357,36
2018-01-10,UKR,1,1,0,7.4,2
2018-01-10,USA,112,86,26,1.76,642
2018-01-10,UZB,3,3,0,3.4,20
2018-01-10,VNM,4,2,2,-0.5,8
2018-01-10,YEM,2,0,2,-5.0,2
2018-01-11,AFG,4,2,2,-4.5,6
2018-01-11,AFR,1,0,1,-10.0,20
2018-01-11,ARE,14,10,4,2.464,36
2018-01-11,AUS,6,6,0,6.0,14
2018-01-11,BGD,27,22,5,1.126,82
2018-01-11,BRN,2,2,0,8.0,2
2018-01-11,CAN,11,9,2,2.682,37
2018-01-11,CHE,6,6,0,4.033,28
2018-01-11,CHN,19,18,1,2.074,118
2018-01-11,DEU,12,12,0,2.55,36
2018-01-11,DNK,4,4,0,2.35,12
2018-01-11,EGY,5,5,0,1.0,8
2018-01-11,EUR,8,7,1,1.438,40
2018-01-11,FIN,6,0,6,-9.5,13
2018-01-11,FRA,2,2,0,3.7,6
2018-01-11,GBR,60,49,11,1.682,272
2018-01-11,IRL,2,0,2,-2.0,3
2018-01-11,IRN,2,0,2,-4.4,6
2018-01-11,ISR,108,104,4,3.012,589
2018-01-11,ITA,1,0,1,-5.0,12
2018-01-11,JOR,3,2,1,-0.667,10
2018-01-11,JPN,10,9,1,3.6,182
2018-01-11,KAZ,4,4,0,4.0,20
2018-01-11,KHM,2,2,0,8.0,2
2018-01-11,LAO,3,3,0,5.667,6
2018-01-11,LKA,18,11,7,-2.328,58
2018-01-11,MDV,11,11,0,2.491,34
2018-01-11,MEX,2,2,0,2.35,2
2018-01-11,MMR,11,11,0,2.673,38
2018-01-11,MYS,5,5,0,4.7,12
2018-01-11,NGA,1,1,0,3.0,1
2018-01-11,NMR,4,4,0,2.35,10
2018-01-11,NPL,8,8,0,4.0,32
2018-01-11,NZL,2,2,0,8.0,2
2018-01-11,OMN,2,2,0,8.0,20
2018-01-11,PAK,59,34,25,-0.298,155
2018-01-11,PHL,4,4,0,3.5,12
2018-01-11,POL,1,1,0,4.0,2
2018-01-11,PRK,2,2,0,-0.2,20
2018-01-11,PSE,2,2,0,3.5,2
2018-01-11,QAT,5,4,1,0.36,28
2018-01-11,RUS,9,6,3,-1.256,20
2018-01-11,SAS,6,0,6,-6.5,12
2018-01-11,SAU,8,2,6,-1.963,30
2018-01-11,SEA,15,14,1,3.227,52
2018-01-11,SGP,13,13,0,4.992,35
2018-01-11,SWE,2,0,2,-10.0,2
2018-01-11,SYC,3,3,0,2.2,24
2018-01-11,THA,11,1,10,-8.682,27
2018-01-11,TZA,1,1,0,-0.4,5
2018-01-11,USA,106,82,24,0.692,530
2018-01-11,UZB,2,2,0,2.35,10
2018-01-11,VNM,2,0,2,-7.5,6
2018-01-11,YEM,4,4,0,1.675,168
2018-01-12,AFR,3,2,1,-3.333,24
2018-01-12,ARE,2,0,2,-10.0,5
2018-01-12,AUS,5,3,2,-2.38,32
2018-01-12,AUT,1,1,0,0.0,1
2018-01-12,BGD,21,14,7,0.133,58
2018-01-12,BHR,6,3,3,-2.667,20
2018-01-12,BHS,4,4,0,4.0,12
2018-01-12,BRA,1,1,0,3.4,4
2018-01-12,BRN,2,0,2,-5.0,4
2018-01-12,CAN,6,2,4,-2.533,15
2018-01-12,CHE,2,0,2,-10.0,4
2018-01-12,CHN,18,15,3,0.489,56
2018-01-12,DEU,21,20,1,2.548,82
2018-01-12,ECU,3,3,0,2.7,18
2018-01-12,EUR,1,1,0,7.4,5
2018-01-12,FIN,4,0,4,-3.5,13
2018-01-12,FJI,2,2,0,2.35,2
2018-01-12,FRA,6,2,4,-2.333,15
2018-01-12,GBR,36,30,6,2.125,171
2018-01-12,HTI,2,2,0,0.0,4
2018-01-12,IRL,2,0,2,-10.0,6
2018-01-12,IRN,2,2,0,2.35,10
2018-01-12,IRQ,1,1,0,1.0,5
2018-01-12,ISR,106,101,5,2.831,486
2018-01-12,JPN,4,2,2,1.2,12
2018-01-12,KEN,1,1,0,0.0,4
2018-01-12,KHM,2,2,0,2.35,4
2018-01-12,KOR,11,8,3,2.8,27
2018-01-12,LBN,2,0,2,-10.0,20
2018-01-12,LKA,13,10,3,-0.523,66
2018-01-12,MDV,12,11,1,2.75,75
2018-01-12,MEA,6,6,0,1.0,24
2018-01-12,NLD,4,4,0,6.35,14
2018-01-12,NPL,3,3,0,1.667,9
2018-01-12,PAK,59,25,34,-3.583,334
2018-01-12,POL,5,5,0,4.78,27
2018-01-12,QAT,8,7,1,0.225,34
2018-01-12,RUS,3,0,3,-10.0,6
2018-01-12,SAS,1,1,0,5.0,1
2018-01-12,SAU,8,8,0,3.175,28
2018-01-12,SEA,3,3,0,1.333,5
2018-01-12,SYC,1,1,0,4.0,10
2018-01-12,SYR,2,2,0,0.0,5
2018-01-12,THA,2,2,0,2.5,4
2018-01-12,TZA,14,14,0,1.879,72
2018-01-12,USA,106,74,32,0.592,726
2018-01-12,VNM,2,1,1,0.0,3
2018-01-12,YEM,4,4,0,1.675,48
2018-01-13,AFG,4,4,0,2.35,10
2018-01-13,AFR,1,1,0,-0.4,4
2018-01-13,ARE,7,5,2,-1.014,22
2018-01-13,AUS,9,9,0,1.867,24
2018-01-13,BGD,16,12,4,0.806,95
2018-01-13,BHR,6,4,2,0.0,15
2018-01-13,BRA,1,0,1,-2.0,3
2018-01-13,CAN,2,2,0,6.3,12
2018-01-13,CHN,10,6,4,-1.79,52
2018-01-13,EUR,2,2,0,4.0,40
2018-01-13,FRA,3,3,0,4.333,12
2018-01-13,GBR,17,16,1,1.247,66
2018-01-13,GRC,1,1,0,0.0,4
2018-01-13,IRN,6,6,0,0.9,10
2018-01-13,ISR,145,138,7,3.351,848
2018-01-13,ITA,4,4,0,2.125,4
2018-01-13,JPN,6,3,3,-1.25,44
2018-01-13,LKA,8,8,0,2.013,40
2018-01-13,MEA,10,9,1,-1.0,231
2018-01-13,MMR,14,14,0,4.729,79
2018-01-13,MUS,1,1,0,6.4,4
2018-01-13,NAM,2,2,0,2.35,4
2018-01-13,NPL,16,14,2,4.25,57
2018-01-13,PAK,38,22,16,-2.65,163
2018-01-13,POL,3,3,0,4.0,5
2018-01-13,PRT,2,2,0,2.5,15
2018-01-13,PSE,2,2,0,3.5,2
2018-01-13,RUS,2,2,0,1.0,4
2018-01-13,SAS,3,3,0,2.5,12
2018-01-13,SAU,4,2,2,-0.5,30
2018-01-13,SEA,2,2,0,1.0,12
2018-01-13,SGP,2,2,0,1.0,10
2018-01-13,SYC,2,2,0,6.4,4
2018-01-13,THA,8,5,3,-0.55,22
2018-01-13,USA,64,38,26,-0.889,286
2018-01-13,UZB,2,2,0,2.35,10
2018-01-14,ARE,5,5,0,1.54,14
2018-01-14,AUS,2,2,0,3.0,10
2018-01-14,BGD,30,23,7,0.317,187
2018-01-14,CHN,5,4,1,1.48,21
2018-01-14,EUR,5,5,0,2.26,12
2018-01-14,FRA,3,3,0,5.667,14
2018-01-14,GBR,16,16,0,4.206,29
2018-01-14,IRL,3,3,0,2.2,40
2018-01-14,IRN,6,3,3,-2.2,24
2018-01-14,IRQ,1,0,1,-5.0,4
2018-01-14,ISR,450,437,13,2.622,2744
2018-01-14,ITA,5,5,0,4.4,16
2018-01-14,JPN,14,14,0,4.0,150
2018-01-14,KOR,1,0,1,-5.0,20
2018-01-14,LBN,1,0,1,-10.0,6
2018-01-14,LKA,4,2,2,-2.0,18
2018-01-14,MEA,8,8,0,1.0,24
2018-01-14,MMR,1,1,0,0.0,8
2018-01-14,NPL,8,4,4,-0.4,20
2018-01-14,PAK,43,30,13,-0.812,170
2018-01-14,PNG,9,9,0,1.267,195
2018-01-14,PSE,4,4,0,2.35,6
2018-01-14,RUS,8,8,0,0.988,154
2018-01-14,SYR,1,0,1,-10.0,2
2018-01-14,THA,8,6,2,1.35,76
2018-01-14,USA,64,54,10,1.248,725
2018-01-14,ZAF,9,9,0,3.311,20
2018-01-15,AFG,6,6,0,2.35,24
2018-01-15,AFR,2,0,2,-4.0,2
2018-01-15,BGD,20,19,1,2.39,110
2018-01-15,BTN,2,2,0,2.35,2
2018-01-15,CHN,26,17,9,0.946,137
2018-01-15,DEU,5,0,5,-8.0,16
2018-01-15,EUR,2,0,2,-5.0,6
2018-01-15,FRA,3,2,1,-0.533,12
2018-01-15,GBR,9,8,1,2.044,45
2018-01-15,GHA,2,2,0,3.4,3
2018-01-15,IRN,16,13,3,3.25,26
2018-01-15,ISR,527,448,79,1.93,3082
2018-01-15,JOR,2,2,0,3.4,9
2018-01-15,JPN,7,6,1,3.143,20
2018-01-15,LBN,1,1,0,0.0,5
2018-01-15,LKA,8,0,8,-5.0,36
2018-01-15,MEA,4,4,0,1.0,6
2018-01-15,MMR,5,2,3,-2.6,23
2018-01-15,MNG,5,5,0,2.44,40
2018-01-15,NOR,2,2,0,5.0,4
2018-01-15,NPL,1,0,1,-2.0,6
2018-01-15,OMN,2,1,1,0.5,6
2018-01-15,PAK,99,79,20,1.449,729
2018-01-15,PSE,7,7,0,2.8,80
2018-01-15,RUS,5,4,1,-0.48,72
2018-01-15,SAS,1,1,0,3.0,6
2018-01-15,SAU,11,5,6,-2.327,27
2018-01-15,SEA,6,6,0,1.0,18
2018-01-15,SWE,2,2,0,0.0,2
2018-01-15,THA,11,11,0,3.764,24
2018-01-15,USA,73,56,17,1.699,246
2018-01-15,UZB,2,2,0,2.35,12
2018-01-15,VNM,1,1,0,0.0,8
2018-01-15,ZWE,1,0,1,-2.0,6
2018-01-16,AFG,9,7,2,0.822,42
2018-01-16,AUS,9,9,0,3.7,30
2018-01-16,BGD,36,23,13,-0.519,181
2018-01-16,BHR,10,10,0,1.63,40
2018-01-16,BTN,2,2,0,3.4,5
2018-01-16,CAN,5,5,0,2.86,22
2018-01-16,CHE,5,2,3,0.4,17
2018-01-16,CHN,44,37,7,2.577,132
2018-01-16,EGY,3,3,0,2.9,18
2018-01-16,EUR,9,9,0,1.267,30
2018-01-16,FRA,1,1,0,7.0,5
2018-01-16,GBR,22,19,3,3.209,92
2018-01-16,GRC,7,5,2,0.843,42
2018-01-16,ISR,292,253,39,1.529,1679
2018-01-16,ITA,1,0,1,-2.0,4
2018-01-16,JPN,26,25,1,4.223,79
2018-01-16,LBN,2,2,0,2.35,4
2018-01-16,LKA,17,7,10,-1.365,135
2018-01-16,MEA,8,8,0,1.5,42
2018-01-16,MKD,2,2,0,7.0,4
2018-01-16,MMR,3,1,2,-2.0,7
2018-01-16,MUS,1,1,0,1.0,6
2018-01-16,NLD,4,4,0,2.35,20
2018-01-16,NOR,1,0,1,-2.0,3
2018-01-16,NPL,8,5,3,-0.275,16
2018-01-16,NZL,3,3,0,2.5,8
2018-01-16,PAK,54,29,25,-1.054,296
2018-01-16,PSE,7,6,1,1.257,22
2018-01-16,SAS,4,4,0,2.575,8
2018-01-16,SAU,5,5,0,2.68,28
2018-01-16,SEA,4,3,1,-1.15,28
2018-01-16,SOM,3,3,0,2.2,12
2018-01-16,SWE,4,4,0,1.5,4
2018-01-16,SYR,2,2,0,2.35,2
2018-01-16,TKM,2,2,0,7.0,4
2018-01-16,UKR,4,4,0,2.575,12
2018-01-16,USA,59,48,11,1.368,278
2018-01-16,YEM,5,5,0,2.44,20
2018-01-17,AFR,3,3,0,2.2,48
2018-01-17,ARE,3,2,1,-1.333,6
2018-01-17,AUS,9,9,0,2.233,52
2018-01-17,BGD,9,8,1,1.033,48
2018-01-17,BHR,8,8,0,1.675,12
2018-01-17,CAN,5,5,0,3.58,6
2018-01-17,CHE,6,2,4,-1.55,26
2018-01-17,CHN,23,14,9,0.035,57
2018-01-17,DEU,1,1,0,0.0,2
2018-01-17,EUR,2,2,0,8.0,20
2018-01-17,GBR,21,20,1,6.51,81
2018-01-17,GRC,1,1,0,0.0,2
2018-01-17,IRQ,2,0,2,-9.5,45
2018-01-17,ISR,366,349,17,2.558,2269
2018-01-17,ITA,4,4,0,4.5,24
2018-01-17,JOR,4,4,0,2.525,13
2018-01-17,JPN,34,32,2,3.006,81
2018-01-17,KEN,3,3,0,2.2,12
2018-01-17,LBN,1,0,1,-5.0,10
2018-01-17,MDV,3,3,0,2.5,20
2018-01-17,MEA,4,4,0,2.0,10
2018-01-17,MMR,8,0,8,-7.25,42
2018-01-17,MYS,2,0,2,-7.0,5
2018-01-17,NPL,4,3,1,0.925,18
2018-01-17,NZL,6,6,0,2.5,14
2018-01-17,PAK,62,19,43,-4.487,382
2018-01-17,PRT,1,0,1,-4.0,30
2018-01-17,PSE,7,5,2,1.043,16
2018-01-17,SAS,10,1,9,-3.0,64
2018-01-17,SAU,6,6,0,1.7,36
2018-01-17,SEA,6,6,0,3.067,27
2018-01-17,SGP,3,3,0,0.0,14
2018-01-17,THA,1,1,0,0.4,10
2018-01-17,USA,50,39,11,0.158,189
2018-01-18,AFG,16,10,6,0.3,92
2018-01-18,ARE,4,4,0,4.675,36
2018-01-18,ARG,3,3,0,3.667,20
2018-01-18,ARM,2,2,0,2.35,4
2018-01-18,AUS,2,0,2,-4.4,4
2018-01-18,BGD,24,22,2,2.058,174
2018-01-18,BTN,8,8,0,2.513,36
2018-01-18,CAN,8,5,3,1.725,23
2018-01-18,CHE,2,2,0,2.35,2
2018-01-18,CHN,52,35,17,1.383,580
2018-01-18,CUB,2,2,0,5.0,6
2018-01-18,DEU,6,1,5,-5.267,12
2018-01-18,ETH,1,1,0,3.4,2
2018-01-18,EUR,1,1,0,3.5,1
2018-01-18,GBR,15,13,2,0.34,22
2018-01-18,IDN,2,2,0,0.4,3
2018-01-18,IRN,9,9,0,2.722,17
2018-01-18,IRQ,4,2,2,-5.0,8
2018-01-18,ISR,263,233,30,1.337,1575
2018-01-18,JPN,17,16,1,4.341,44
2018-01-18,KWT,6,6,0,6.0,24
2018-01-18,LBN,7,7,0,2.729,16
2018-01-18,LKA,10,9,1,1.89,42
2018-01-18,MDV,2,2,0,3.0,12
2018-01-18,MUS,2,2,0,2.35,10
2018-01-18,MYS,7,4,3,-1.657,31
2018-01-18,NPL,7,7,0,2.443,34
2018-01-18,NZL,3,3,0,7.4,6
2018-01-18,PAK,108,60,48,-0.964,638
2018-01-18,PRK,5,4,1,2.0,7
2018-01-18,QAT,6,5,1,-0.95,18
2018-01-18,RUS,22,22,0,4.655,107
2018-01-18,SAS,25,3,22,-3.152,118
2018-01-18,SAU,1,1,0,-0.4,2
2018-01-18,SEA,34,34,0,2.679,482
2018-01-18,SGP,1,1,0,0.0,4
2018-01-18,SYR,7,0,7,-7.714,18
2018-01-18,TUR,7,1,6,-3.371,17
2018-01-18,USA,54,45,9,1.098,225
2018-01-18,VNM,2,1,1,-0.3,2
2018-01-19,AFG,14,11,3,1.671,47
2018-01-19,AUS,2,2,0,5.5,8
2018-01-19,AUT,2,2,0,8.0,20
2018-01-19,BGD,22,15,7,1.132,68
2018-01-19,BHR,1,1,0,0.0,8
2018-01-19,BRN,4,4,0,7.0,20
2018-01-19,BTN,4,4,0,2.35,8
2018-01-19,CAN,14,9,5,0.207,40
2018-01-19,CHE,31,30,1,4.426,160
2018-01-19,CHN,44,23,21,-1.123,324
2018-01-19,DEU,6,5,1,1.233,24
2018-01-19,ETH,2,0,2,-5.0,6
2018-01-19,EUR,7,7,0,1.771,28
2018-01-19,FIN,1,1,0,-2.0,5
2018-01-19,FRA,17,17,0,2.606,64
2018-01-19,GBR,23,18,5,0.752,83
2018-01-19,IDN,4,4,0,1.0,12
2018-01-19,IRN,7,6,1,1.3,18
2018-01-19,ISR,124,116,8,2.641,446
2018-01-19,ITA,1,0,1,-2.0,2
2018-01-19,JPN,11,11,0,2.945,48
2018-01-19,LBN,19,5,14,-0.716,118
2018-01-19,LKA,6,4,2,-0.1,17
2018-01-19,MDV,1,0,1,-2.0,2
2018-01-19,MEX,2,2,0,0.0,8
2018-01-19,MMR,2,2,0,7.0,20
2018-01-19,MYS,4,4,0,6.4,18
2018-01-19,NPL,6,4,2,-0.1,20
2018-01-19,NZL,1,1,0,3.0,6
2018-01-19,PAK,81,40,41,-1.849,431
2018-01-19,PHL,3,3,0,6.0,24
2018-01-19,PSE,5,4,1,1.0,26
2018-01-19,RUS,9,9,0,4.6,18
2018-01-19,SAS,15,8,7,0.333,74
2018-01-19,SAU,5,3,2,-0.52,9
2018-01-19,SEA,11,7,4,-2.055,129
2018-01-19,SGP,2,2,0,7.0,20
2018-01-19,SOM,1,0,1,-5.0,1
2018-01-19,SWE,1,1,0,4.0,8
2018-01-19,SYR,26,12,14,-3.365,108
2018-01-19,THA,6,6,0,6.333,36
2018-01-19,TUR,3,0,3,-5.0,6
2018-01-19,TWN,4,4,0,2.675,16
2018-01-19,USA,130,86,44,-0.186,1018
2018-01-19,ZAF,5,4,1,1.4,20
2018-01-20,AFG,2,2,0,0.0,5
2018-01-20,ARE,3,3,0,2.9,6
2018-01-20,AUS,11,11,0,2.473,38
2018-01-20,BGD,12,10,2,3.225,35
2018-01-20,BTN,4,4,0,2.35,8
2018-01-20,CAN,7,0,7,-7.429,42
2018-01-20,CHE,3,3,0,2.9,190
2018-01-20,CHN,20,14,6,-0.66,100
2018-01-20,DEU,5,5,0,1.88,10
2018-01-20,ETH,2,0,2,-5.0,12
2018-01-20,EUR,1,0,1,-9.0,2
2018-01-20,FRA,2,0,2,-7.0,4
2018-01-20,GBR,4,4,0,5.225,14
2018-01-20,IRQ,1,0,1,-9.0,2
2018-01-20,ISR,18,17,1,1.833,108
2018-01-20,JPN,11,10,1,1.173,26
2018-01-20,KEN,2,2,0,1.7,4
2018-01-20,KOR,1,1,0,1.0,5
2018-01-20,KWT,12,12,0,5.125,86
2018-01-20,LKA,7,5,2,0.771,30
2018-01-20,MDV,1,1,0,0.0,3
2018-01-20,NGA,5,0,5,-5.0,10
2018-01-20,NPL,6,6,0,2.35,14
2018-01-20,PAK,88,27,61,-3.745,1053
2018-01-20,POL,3,2,1,-1.767,16
2018-01-20,SAS,4,0,4,-5.5,28
2018-01-20,SDN,1,1,0,3.4,4
2018-01-20,SEA,4,3,1,-0.9,55
2018-01-20,SOM,4,2,2,-1.325,26
2018-01-20,SYR,3,0,3,-10.0,6
2018-01-20,THA,1,1,0,7.0,6
2018-01-20,TUR,1,1,0,3.4,1
2018-01-20,USA,60,33,27,-2.14,223
2018-01-21,AFG,7,5,2,-1.457,27
2018-01-21,ARE,15,14,1,3.993,161
2018-01-21,AUS,26,26,0,4.45,144
2018-01-21,BGD,10,10,0,2.41,30
2018-01-21,BHR,1,1,0,0.0,4
2018-01-21,BTN,4,4,0,2.35,8
2018-01-21,CHE,23,22,1,1.896,199
2018-01-21,CHN,19,19,0,4.884,57
2018-01-21,CZE,5,5,0,6.52,34
2018-01-21,DEU,9,7,2,3.967,21
2018-01-21,FRA,7,7,0,2.286,18
2018-01-21,GBR,12,12,0,1.658,31
2018-01-21,GRC,1,1,0,3.4,6
2018-01-21,IRL,2,2,0,4.0,6
2018-01-21,IRN,6,6,0,2.35,8
2018-01-21,ISR,66,58,8,1.417,218
2018-01-21,ITA,2,2,0,3.4,6
2018-01-21,JPN,4,4,0,3.7,12
2018-01-21,KEN,4,4,0,2.35,16
2018-01-21,LBN,3,0,3,-8.167,14
2018-01-21,LKA,4,4,0,2.35,8
2018-01-21,MMR,3,3,0,3.233,30
2018-01-21,NPL,4,4,0,2.35,8
2018-01-21,NZL,2,2,0,2.35,8
2018-01-21,PAK,40,16,24,-4.402,159
2018-01-21,POL,1,0,1,-10.0,8
2018-01-21,RUS,2,2,0,2.35,8
2018-01-21,SAS,1,1,0,-0.4,2
2018-01-21,SAU,1,0,1,-10.0,10
2018-01-21,SEA,29,15,14,-1.448,125
2018-01-21,SGP,4,4,0,2.35,4
2018-01-21,THA,3,0,3,-5.0,70
2018-01-21,USA,24,15,9,-0.275,90
2018-01-22,AFG,12,9,3,0.192,46
2018-01-22,AFR,6,6,0,2.35,10
2018-01-22,ARE,13,13,0,3.085,36
2018-01-22,AUS,8,8,0,3.875,32
2018-01-22,BEL,3,3,0,2.0,3
2018-01-22,BGD,16,15,1,2.069,97
2018-01-22,BHR,1,1,0,0.0,4
2018-01-22,BMU,3,3,0,2.2,16
2018-01-22,CAN,29,29,0,3.472,80
2018-01-22,CHE,43,41,2,3.26,629
2018-01-22,CHN,33,24,9,0.624,116
2018-01-22,DEU,2,1,1,-2.1,7
2018-01-22,EUR,1,0,1,-9.5,10
2018-01-22,FRA,2,2,0,4.0,3
2018-01-22,GBR,36,20,16,-0.833,139
2018-01-22,GRC,3,2,1,4.0,14
2018-01-22,IDN,2,2,0,4.0,2
2018-01-22,IRL,5,4,1,0.88,12
2018-01-22,IRQ,1,1,0,8.3,10
2018-01-22,ISR,29,27,2,2.248,125
2018-01-22,ITA,3,3,0,8.0,16
2018-01-22,JOR,1,1,0,5.2,8
2018-01-22,JPN,14,14,0,4.029,84
2018-01-22,LBN,3,0,3,-5.0,6
2018-01-22,MDV,1,1,0,-2.0,32
2018-01-22,MEX,2,2,0,6.4,3
2018-01-22,MMR,3,3,0,0.0,3
2018-01-22,MYS,1,1,0,3.4,10
2018-01-22,NMR,1,1,0,0.0,1
2018-01-22,NPL,17,11,6,-0.265,75
2018-01-22,OMN,14,14,0,2.35,34
2018-01-22,PAK,59,29,30,-3.11,272
2018-01-22,POL,2,2,0,2.35,20
2018-01-22,PSE,19,17,2,2.263,42
2018-01-22,QAT,1,1,0,0.4,5
2018-01-22,RUS,12,12,0,3.083,43
2018-01-22,RWA,1,1,0,0.0,4
2018-01-22,SAU,1,1,0,5.0,2
2018-01-22,SEA,26,24,2,1.992,116
2018-01-22,SGP,11,7,4,1.055,53
2018-01-22,SWE,2,2,0,2.5,4
2018-01-22,THA,3,3,0,4.0,10
2018-01-22,TUR,4,0,4,-10.0,10
2018-01-22,USA,62,45,17,0.353,242
2018-01-22,VNM,2,2,0,4.0,4
2018-01-23,AFG,2,1,1,-3.5,7
2018-01-23,AFR,5,4,1,0.4,26
2018-01-23,ARE,11,11,0,3.473,44
2018-01-23,BGD,15,11,4,-0.033,76
2018-01-23,BMU,2,0,2,-2.0,8
2018-01-23,BRA,2,2,0,2.35,8
2018-01-23,BRN,3,3,0,3.8,6
2018-01-23,BTN,2,0,2,-5.0,6
2018-01-23,CAN,17,17,0,4.282,44
2018-01-23,CHE,34,32,2,2.494,99
2018-01-23,CHN,12,3,9,-5.4,64
2018-01-23,DEU,2,2,0,4.0,20
2018-01-23,EUR,6,6,0,1.0,60
2018-01-23,FRA,2,2,0,4.0,3
2018-01-23,GBR,13,6,7,-2.723,38
2018-01-23,GRC,2,2,0,2.35,8
2018-01-23,GUY,4,4,0,2.35,4
2018-01-23,IDN,8,8,0,4.375,105
2018-01-23,IRL,2,2,0,4.0,4
2018-01-23,IRN,2,2,0,0.2,5
2018-01-23,ISR,26,22,4,1.565,98
2018-01-23,JPN,37,28,9,1.724,235
2018-01-23,KEN,2,2,0,1.7,4
2018-01-23,KHM,3,3,0,3.8,6
2018-01-23,KWT,2,2,0,2.35,6
2018-01-23,LAO,3,3,0,3.8,6
2018-01-23,LBN,3,0,3,-5.0,6
2018-01-23,LKA,7,4,3,-0.429,32
2018-01-23,MMR,9,9,0,3.822,17
2018-01-23,MYS,11,11,0,3.291,44
2018-01-23,NLD,3,3,0,7.0,6
2018-01-23,NPL,16,14,2,2.513,34
2018-01-23,OMN,9,9,0,3.267,40
2018-01-23,PAK,31,20,11,-1.119,66
2018-01-23,PER,1,1,0,7.0,15
2018-01-23,PHL,12,12,0,2.8,24
2018-01-23,PSE,8,6,2,2.5,34
2018-01-23,QAT,1,1,0,0.4,5
2018-01-23,RUS,4,4,0,0.0,27
2018-01-23,SAS,3,3,0,-0.4,4
2018-01-23,SAU,9,7,2,1.744,48
2018-01-23,SEA,37,37,0,2.87,249
2018-01-23,SGP,7,5,2,2.2,20
2018-01-23,THA,4,4,0,3.85,18
2018-01-23,TZA,4,0,4,-9.875,24
2018-01-23,USA,53,44,9,0.943,1071
2018-01-23,VNM,8,8,0,4.6,22
2018-01-24,AFG,14,8,6,1.6,22
2018-01-24,AFR,9,6,3,-0.189,26
2018-01-24,AGO,1,1,0,4.0,2
2018-01-24,ARE,25,12,13,-0.084,53
2018-01-24,AUS,3,3,0,1.133,14
2018-01-24,BEL,3,3,0,2.0,3
2018-01-24,BGD,5,5,0,4.06,30
2018-01-24,BTN,2,2,0,2.35,10
2018-01-24,CAN,3,3,0,6.0,10
2018-01-24,CHE,30,23,7,1.197,149
2018-01-24,CHN,34,21,13,0.791,142
2018-01-24,DEU,8,0,8,-6.875,20
2018-01-24,ECU,2,2,0,4.0,12
2018-01-24,EUR,10,10,0,1.17,96
2018-01-24,FRA,5,4,1,0.94,20
2018-01-24,GBR,17,11,6,-0.312,63
2018-01-24,GRC,1,1,0,4.0,6
2018-01-24,IDN,8,8,0,2.113,46
2018-01-24,IRL,2,2,0,4.0,2
2018-01-24,IRQ,6,5,1,4.3,20
2018-01-24,ISR,3,3,0,0.0,14
2018-01-24,JOR,1,0,1,-9.5,3
2018-01-24,JPN,8,5,3,0.125,36
2018-01-24,KHM,3,3,0,2.2,4
2018-01-24,KOR,2,2,0,2.35,12
2018-01-24,KWT,6,6,0,3.333,68
2018-01-24,LKA,2,2,0,6.4,6
2018-01-24,MMR,12,12,0,3.525,72
2018-01-24,MYS,10,10,0,2.08,29
2018-01-24,NPL,10,10,0,1.27,32
2018-01-24,PAK,32,15,17,-2.331,190
2018-01-24,PHL,16,15,1,2.638,30
2018-01-24,QAT,4,4,0,2.35,8
2018-01-24,RUS,2,2,0,7.0,6
2018-01-24,SAS,2,1,1,0.5,4
2018-01-24,SAU,2,2,0,0.0,3
2018-01-24,SEA,65,65,0,2.655,447
2018-01-24,SGP,19,9,10,-1.011,167
2018-01-24,SWE,1,1,0,7.0,6
2018-01-24,SYR,4,4,0,2.35,20
2018-01-24,THA,10,10,0,2.89,35
2018-01-24,TUR,4,0,4,-10.0,10
2018-01-24,USA,46,36,10,0.309,219
2018-01-24,VNM,3,3,0,7.0,14
2018-01-25,AFR,4,0,4,-8.925,12
2018-01-25,ARE,36,22,14,-0.919,127
2018-01-25,ARG,1,1,0,-2.0,9
2018-01-25,AUS,6,6,0,2.35,16
2018-01-25,BGD,8,3,5,-2.075,30
2018-01-25,BRN,2,2,0,7.0,12
2018-01-25,CAN,12,12,0,2.975,36
2018-01-25,CHE,16,16,0,2.281,75
2018-01-25,CHN,33,32,1,3.17,123
2018-01-25,DEU,1,0,1,-5.0,6
2018-01-25,DJI,2,2,0,6.0,6
2018-01-25,ESP,3,0,3,-10.0,5
2018-01-25,EUR,1,0,1,-5.0,10
2018-01-25,GBR,21,15,6,-0.971,84
2018-01-25,IDN,23,22,1,2.722,77
2018-01-25,IRL,4,2,2,-2.5,10
2018-01-25,IRN,2,2,0,2.35,8
2018-01-25,IRQ,3,3,0,7.0,3
2018-01-25,ISR,5,2,3,-2.06,22
2018-01-25,JPN,19,18,1,2.705,88
2018-01-25,KOR,2,2,0,6.0,2
2018-01-25,KWT,8,8,0,4.175,32
2018-01-25,LKA,24,8,16,-1.75,124
2018-01-25,MDV,3,2,1,-2.067,6
2018-01-25,MEA,4,4,0,1.0,18
2018-01-25,MLI,1,1,0,0.0,1
2018-01-25,MMR,8,8,0,4.0,24
2018-01-25,NPL,8,5,3,-2.337,16
2018-01-25,OMN,1,0,1,-9.5,5
2018-01-25,PAK,30,10,20,-1.853,215
2018-01-25,PHL,12,10,2,2.925,16
2018-01-25,RUS,1,1,0,7.0,4
2018-01-25,SAS,5,2,3,-1.16,9
2018-01-25,SEA,99,97,2,2.416,1615
2018-01-25,SGP,16,12,4,0.812,79
2018-01-25,SWE,1,1,0,7.0,6
2018-01-25,THA,7,6,1,0.5,28
2018-01-25,TUN,2,0,2,-9.1,2
2018-01-25,USA,68,51,17,0.087,432
2018-01-25,VNM,8,8,0,4.0,25
2018-01-25,ZAF,4,1,3,-6.275,14
2018-01-26,AFG,10,5,5,-3.7,34
2018-01-26,AFR,4,1,3,-4.75,7
2018-01-26,ARE,3,3,0,3.4,6
2018-01-26,BEL,3,3,0,2.4,9
2018-01-26,BGD,10,8,2,1.34,28
2018-01-26,BRN,3,3,0,3.133,3
2018-01-26,BTN,3,3,0,3.4,15
2018-01-26,CAN,1,1,0,3.4,4
2018-01-26,CHE,7,6,1,1.3,42
2018-01-26,CHN,12,12,0,2.75,30
2018-01-26,EUR,2,0,2,-4.4,6
2018-01-26,FJI,5,5,0,3.4,18
2018-01-26,FRA,13,10,3,3.754,40
2018-01-26,GBR,29,20,9,-0.39,180
2018-01-26,IDN,7,7,0,3.914,18
2018-01-26,IRN,2,2,0,0.2,5
2018-01-26,IRQ,3,2,1,4.0,4
2018-01-26,ISR,17,17,0,2.112,36
2018-01-26,ITA,2,0,2,-6.5,6
2018-01-26,KEN,1,1,0,3.4,1
2018-01-26,KHM,11,11,0,1.455,50
2018-01-26,KOR,4,4,0,0.0,12
2018-01-26,LAO,7,7,0,4.343,34
2018-01-26,LKA,20,13,7,0.02,66
2018-01-26,MEX,8,8,0,2.35,24
2018-01-26,MMR,14,14,0,2.714,30
2018-01-26,MYS,30,30,0,2.483,113
2018-01-26,PAK,37,19,18,-2.127,150
2018-01-26,PHL,19,19,0,2.279,40
2018-01-26,RUS,2,2,0,3.4,42
2018-01-26,SAS,2,2,0,3.3,6
2018-01-26,SAU,11,3,8,-2.236,231
2018-01-26,SEA,77,74,3,1.706,982
2018-01-26,SGP,6,6,0,4.333,18
2018-01-26,SYR,4,4,0,2.35,8
2018-01-26,THA,6,6,0,1.0,6
2018-01-26,USA,47,40,7,1.536,424
2018-01-26,VNM,18,18,0,1.0,32
2018-01-27,AFG,22,11,11,-1.332,85
2018-01-27,ARE,5,5,0,2.56,5
2018-01-27,AUS,9,9,0,4.733,71
2018-01-27,BGD,11,10,1,1.991,33
2018-01-27,BRA,1,0,1,-9.5,1
2018-01-27,BRN,2,2,0,2.35,8
2018-01-27,BTN,2,2,0,3.4,5
2018-01-27,CAN,4,3,1,0.775,17
2018-01-27,CHE,5,5,0,2.56,32
2018-01-27,CHN,25,20,5,2.348,89
2018-01-27,CRB,1,1,0,6.0,18
2018-01-27,CUB,1,1,0,3.4,8
2018-01-27,CZE,7,7,0,1.643,16
2018-01-27,DEU,4,4,0,1.7,10
2018-01-27,FJI,2,2,0,3.4,6
2018-01-27,FRA,2,2,0,4.2,8
2018-01-27,GBR,20,14,6,0.69,104
2018-01-27,IDN,2,2,0,2.35,2
2018-01-27,IRQ,1,0,1,-10.0,20
2018-01-27,ISR,16,12,4,1.356,37
2018-01-27,ITA,1,0,1,-6.5,4
2018-01-27,KHM,22,22,0,4.027,79
2018-01-27,LKA,14,5,9,-2.321,33
2018-01-27,MDV,1,1,0,7.0,1
2018-01-27,MEX,1,1,0,6.4,2
2018-01-27,MMR,8,8,0,3.075,20
2018-01-27,MYS,6,6,0,0.5,41
2018-01-27,NPL,8,7,1,3.812,24
2018-01-27,PAK,12,6,6,-1.133,49
2018-01-27,PHL,5,4,1,-0.2,10
2018-01-27,PRK,5,5,0,3.4,24
2018-01-27,PSE,9,9,0,2.9,17
2018-01-27,RUS,6,5,1,5.583,11
2018-01-27,SAS,1,1,0,7.0,4
2018-01-27,SAU,1,0,1,-5.0,8
2018-01-27,SEA,42,41,1,2.29,3206
2018-01-27,SSD,1,1,0,4.0,1
2018-01-27,THA,4,2,2,-1.55,13
2018-01-27,TWN,2,2,0,8.0,20
2018-01-27,USA,34,21,13,-0.209,166
2018-01-27,VNM,2,2,0,2.35,8
2018-01-27,ZWE,2,2,0,0.0,5
2018-01-28,AFG,1,0,1,-5.0,1
2018-01-28,AFR,2,2,0,2.35,4
2018-01-28,ARE,8,8,0,3.062,48
2018-01-28,ARG,2,2,0,-2.0,17
2018-01-28,AUS,3,3,0,2.2,6
2018-01-28,BGD,3,3,0,3.133,7
2018-01-28,CAN,2,2,0,0.0,18
2018-01-28,CHN,6,5,1,0.917,33
2018-01-28,DEU,1,1,0,0.0,4
2018-01-28,ESP,1,0,1,-4.4,6
2018-01-28,GBR,12,12,0,3.608,26
2018-01-28,GRC,1,1,0,3.4,1
2018-01-28,IDN,11,11,0,1.855,24
2018-01-28,IRL,2,2,0,3.4,8
2018-01-28,ISR,15,15,0,3.12,64
2018-01-28,ITA,1,0,1,-2.0,5
2018-01-28,KHM,4,4,0,1.0,10
2018-01-28,LKA,24,4,20,-4.438,259
2018-01-28,NLD,3,3,0,2.2,4
2018-01-28,NOR,2,0,2,-5.0,10
2018-01-28,NPL,4,4,0,1.45,14
2018-01-28,OMN,7,7,0,3.914,25
2018-01-28,PAK,26,14,12,-2.15,144
2018-01-28,PHL,5,5,0,1.96,14
2018-01-28,PRK,8,8,0,3.4,36
2018-01-28,PSE,8,8,0,4.0,93
2018-01-28,QAT,4,4,0,2.35,6
2018-01-28,SAU,1,0,1,-4.0,3
2018-01-28,SEA,24,24,0,2.479,457
2018-01-28,SGP,3,3,0,2.2,12
2018-01-28,SYC,8,8,0,7.0,80
2018-01-28,THA,7,7,0,2.286,73
2018-01-28,TUR,4,4,0,2.35,6
2018-01-28,USA,25,20,5,0.34,110
2018-01-28,VEN,1,0,1,-4.4,4
2018-01-29,AFG,1,1,0,10.0,1
2018-01-29,AFR,3,3,0,3.3,11
2018-01-29,ARE,2,2,0,4.0,8
2018-01-29,AUS,6,6,0,1.567,9
2018-01-29,BGD,4,4,0,1.7,13
2018-01-29,CHE,3,3,0,1.433,22
2018-01-29,CHN,23,17,6,0.883,76
2018-01-29,FRA,1,0,1,-6.5,4
2018-01-29,GBR,7,6,1,3.543,14
2018-01-29,IDN,6,4,2,-1.867,34
2018-01-29,IRN,12,12,0,4.317,32
2018-01-29,IRQ,1,1,0,3.0,5
2018-01-29,ISR,12,10,2,1.625,62
2018-01-29,JOR,9,9,0,2.422,62
2018-01-29,JPN,3,3,0,1.567,11
2018-01-29,KOR,2,0,2,-9.25,7
2018-01-29,LKA,5,2,3,-0.8,8
2018-01-29,MDV,9,3,6,-3.667,57
2018-01-29,MMR,1,1,0,6.4,4
2018-01-29,MYS,7,1,6,-3.286,37
2018-01-29,NLD,5,5,0,7.08,42
2018-01-29,NOR,2,2,0,-2.0,4
2018-01-29,NPL,18,17,1,2.25,94
2018-01-29,NZL,4,4,0,2.35,6
2018-01-29,PAK,28,9,19,-4.068,222
2018-01-29,PHL,1,1,0,0.4,4
2018-01-29,PSE,14,14,0,2.821,70
2018-01-29,RUS,10,9,1,3.22,30
2018-01-29,SAS,2,0,2,-5.0,6
2018-01-29,SAU,1,1,0,4.0,1
2018-01-29,SEA,7,7,0,2.929,33
2018-01-29,THA,4,4,0,2.35,12
2018-01-29,USA,43,29,14,-0.616,237
2018-01-29,VNM,4,0,4,-7.9,30
2018-01-30,AFG,4,4,0,7.0,12
2018-01-30,AFR,2,2,0,2.7,8
2018-01-30,ARE,16,14,2,1.413,57
2018-01-30,ARG,1,0,1,-5.0,1
2018-01-30,ARM,4,4,0,2.35,24
2018-01-30,ASA,3,3,0,7.4,30
2018-01-30,AUS,14,3,11,-7.279,92
2018-01-30,BGD,3,3,0,5.4,9
2018-01-30,CHE,3,3,0,7.133,11
2018-01-30,CHN,22,12,10,-0.755,51
2018-01-30,CIV,1,0,1,-5.0,6
2018-01-30,DEU,9,9,0,1.244,40
2018-01-30,EGY,4,4,0,2.35,24
2018-01-30,FRA,12,10,2,0.85,50
2018-01-30,GBR,22,17,5,0.314,40
2018-01-30,GRC,4,4,0,2.35,24
2018-01-30,IRN,2,2,0,4.7,2
2018-01-30,IRQ,1,1,0,3.0,5
2018-01-30,ISR,11,11,0,3.727,44
2018-01-30,JOR,6,6,0,2.35,20
2018-01-30,KEN,4,4,0,2.35,24
2018-01-30,KOR,4,4,0,2.35,24
2018-01-30,LKA,3,1,2,-1.333,8
2018-01-30,MDV,1,0,1,-4.4,5
2018-01-30,MLT,4,4,0,2.35,24
2018-01-30,MUS,4,4,0,2.35,24
2018-01-30,MYS,2,0,2,-4.5,4
2018-01-30,NAM,4,4,0,2.35,24
2018-01-30,NGA,6,6,0,1.0,6
2018-01-30,NPL,5,5,0,3.34,24
2018-01-30,OMN,1,1,0,7.0,6
2018-01-30,PAK,77,50,27,-1.118,306
2018-01-30,PAN,2,0,2,-4.0,3
2018-01-30,PER,1,1,0,4.0,10
2018-01-30,PHL,3,3,0,2.5,24
2018-01-30,PSE,8,8,0,2.763,18
2018-01-30,QAT,2,2,0,3.4,6
2018-01-30,RUS,10,0,10,-10.0,18
2018-01-30,SAU,5,5,0,-0.8,9
2018-01-30,SEA,18,17,1,1.939,55
2018-01-30,THA,12,11,1,1.208,36
2018-01-30,TUR,4,4,0,2.35,24
2018-01-30,USA,38,34,4,1.953,282
2018-01-30,VNM,1,0,1,-10.0,10
2018-01-31,AFG,2,2,0,4.0,18
2018-01-31,AFR,1,1,0,4.0,2
2018-01-31,ARE,7,6,1,3.1,21
2018-01-31,ASA,1,1,0,7.4,8
2018-01-31,AUS,3,0,3,-4.667,6
2018-01-31,AUT,4,4,0,2.35,6
2018-01-31,BGD,20,15,5,0.525,74
2018-01-31,CAN,1,1,0,7.0,10
2018-01-31,CHE,2,2,0,1.0,10
2018-01-31,CHN,21,15,6,0.319,60
2018-01-31,DEU,6,6,0,4.3,8
2018-01-31,DNK,2,2,0,2.35,6
2018-01-31,FRA,19,16,3,2.263,49
2018-01-31,GBR,28,18,10,0.007,88
2018-01-31,GUY,2,2,0,2.35,8
2018-01-31,IDN,3,3,0,0.333,8
2018-01-31,IRN,20,20,0,2.57,44
2018-01-31,ISR,10,10,0,2.35,16
2018-01-31,ITA,1,0,1,-6.5,4
2018-01-31,JOR,3,3,0,3.0,22
2018-01-31,JPN,5,0,5,-4.6,16
2018-01-31,KHM,2,0,2,-4.4,19
2018-01-31,KOR,1,1,0,3.4,10
2018-01-31,LAO,2,2,0,2.35,4
2018-01-31,MDV,2,2,0,0.0,4
2018-01-31,MMR,9,9,0,3.056,100
2018-01-31,MYS,2,2,0,2.35,4
2018-01-31,NOR,3,3,0,5.333,120
2018-01-31,NPL,19,12,7,-0.0,72
2018-01-31,PAK,66,31,35,-1.95,340
2018-01-31,PSE,9,9,0,4.133,26
2018-01-31,RUS,1,0,1,-2.0,3
2018-01-31,RWA,2,2,0,4.0,2
2018-01-31,SAU,13,12,1,1.846,32
2018-01-31,SEA,5,5,0,2.56,26
2018-01-31,SGP,3,3,0,7.4,4
2018-01-31,SWE,2,1,1,0.7,12
2018-01-31,THA,4,4,0,1.85,16
2018-01-31,TWN,10,10,0,2.37,28
2018-01-31,TZA,3,3,0,2.7,30
2018-01-31,USA,73,70,3,2.627,427
2018-01-31,ZAF,1,0,1,-10.0,3
2018-02-01,AFG,5,3,2,-1.6,11
2018-02-01,AFR,3,3,0,3.0,10
2018-02-01,ARE,3,2,1,-1.6,40
2018-02-01,AUS,5,3,2,-2.46,12
2018-02-01,BEL,3,0,3,-5.0,4
2018-02-01,BGD,13,10,3,0.7,55
2018-02-01,BTN,3,3,0,0.0,10
2018-02-01,CAN,5,4,1,0.08,16
2018-02-01,CHN,10,3,7,-1.6,26
2018-02-01,FRA,3,3,0,6.0,13
2018-02-01,GBR,13,8,5,-3.054,38
2018-02-01,IDN,8,8,0,2.35,10
2018-02-01,IRN,4,4,0,2.5,6
2018-02-01,ISR,12,12,0,2.85,46
2018-02-01,ITA,1,0,1,-10.0,1
2018-02-01,JPN,4,3,1,1.0,26
2018-02-01,KHM,1,0,1,-4.4,6
2018-02-01,KOR,2,1,1,-4.5,11
2018-02-01,LBY,2,2,0,1.0,10
2018-02-01,LKA,4,4,0,8.0,40
2018-02-01,MDV,1,0,1,-4.0,6
2018-02-01,MMR,3,1,2,-0.333,7
2018-02-01,MYS,1,1,0,6.4,1
2018-02-01,NLD,7,7,0,2.743,22
2018-02-01,NOR,6,3,3,0.583,34
2018-02-01,NPL,14,9,5,0.729,38
2018-02-01,OMN,2,2,0,3.4,3
2018-02-01,PAK,36,12,24,-2.111,140
2018-02-01,PHL,1,0,1,-9.5,3
2018-02-01,POL,2,2,0,1.0,14
2018-02-01,QAT,1,1,0,0.4,4
2018-02-01,RUS,2,2,0,1.0,20
2018-02-01,SAS,2,0,2,-2.0,20
2018-02-01,SAU,4,0,4,-5.0,15
2018-02-01,SEA,9,9,0,2.522,33
2018-02-01,SOM,4,4,0,0.0,12
2018-02-01,SSD,1,0,1,-7.0,6
2018-02-01,THA,11,10,1,1.8,64
2018-02-01,USA,55,48,7,2.076,251
2018-02-02,AFG,5,0,5,-9.8,12
2018-02-02,AFR,9,5,4,-3.089,11
2018-02-02,AUS,9,9,0,4.544,19
2018-02-02,BGD,5,5,0,2.2,14
2018-02-02,BOL,1,1,0,3.0,6
2018-02-02,BTN,17,17,0,2.059,112
2018-02-02,CAN,1,1,0,7.0,20
2018-02-02,CHN,26,26,0,4.131,61
2018-02-02,DEU,6,6,0,4.833,13
2018-02-02,EUR,4,0,4,-2.0,9
2018-02-02,FJI,4,4,0,2.35,8
2018-02-02,FRA,4,4,0,3.3,19
2018-02-02,GBR,21,20,1,4.548,97
2018-02-02,GHA,1,0,1,-2.0,5
2018-02-02,IRN,4,4,0,2.35,4
2018-02-02,ISR,4,4,0,4.0,20
2018-02-02,ITA,4,0,4,-6.5,9
2018-02-02,JOR,2,1,1,-2.9,16
2018-02-02,JPN,1,1,0,0.0,10
2018-02-02,KOR,5,5,0,2.26,12
2018-02-02,LBN,2,0,2,-7.2,4
2018-02-02,LBY,2,2,0,1.0,20
2018-02-02,LKA,3,3,0,2.2,10
2018-02-02,MMR,5,5,0,2.34,26
2018-02-02,MYS,1,0,1,-2.0,4
2018-02-02,NLD,4,4,0,2.35,6
2018-02-02,NOR,4,0,4,-5.0,12
2018-02-02,NPL,14,13,1,2.264,71
2018-02-02,PAK,20,17,3,1.985,52
2018-02-02,RUS,7,7,0,7.914,76
2018-02-02,SAS,6,6,0,1.7,8
2018-02-02,SAU,3,0,3,-5.0,4
2018-02-02,SEA,9,7,2,-0.444,28
2018-02-02,SWE,2,0,2,-4.0,2
2018-02-02,THA,4,4,0,2.35,8
2018-02-02,USA,30,29,1,3.087,121
2018-02-02,VNM,1,0,1,-7.2,2
2018-02-03,AFG,2,2,0,2.35,8
2018-02-03,AFR,2,2,0,8.0,12
2018-02-03,ARE,4,2,2,-4.75,13
2018-02-03,AUS,5,3,2,-3.76,24
2018-02-03,BEN,2,2,0,1.0,4
2018-02-03,BGD,11,8,3,1.218,28
2018-02-03,BRA,2,2,0,2.35,12
2018-02-03,BTN,29,29,0,2.821,130
2018-02-03,CAN,4,2,2,1.0,4
2018-02-03,CHN,11,11,0,4.6,31
2018-02-03,CZE,1,0,1,-6.5,4
2018-02-03,DEU,7,4,3,1.857,16
2018-02-03,EGY,1,1,0,10.0,7
2018-02-03,EUR,2,2,0,3.4,6
2018-02-03,FRA,5,5,0,2.72,18
2018-02-03,GBR,14,11,3,-0.357,36
2018-02-03,IDN,4,1,3,-4.5,9
2018-02-03,ITA,12,9,3,0.3,38
2018-02-03,JOR,7,0,7,-9.771,100
2018-02-03,JPN,6,6,0,2.2,28
2018-02-03,KOR,2,2,0,4.0,10
2018-02-03,LKA,11,5,6,-2.818,52
2018-02-03,MDV,1,1,0,3.0,10
2018-02-03,MMR,3,3,0,7.0,20
2018-02-03,NGA,1,1,0,7.0,12
2018-02-03,NOR,2,2,0,3.0,12
2018-02-03,NPL,1,1,0,7.4,1
2018-02-03,OMN,1,1,0,3.4,12
2018-02-03,PAK,60,35,25,-0.885,341
2018-02-03,RUS,6,5,1,5.583,18
2018-02-03,SAS,1,0,1,-5.0,2
2018-02-03,SAU,5,5,0,2.44,12
2018-02-03,SEA,14,12,2,1.129,381
2018-02-03,SWE,3,0,3,-3.333,8
2018-02-03,THA,1,1,0,3.0,29
2018-02-03,TWN,3,3,0,3.0,12
2018-02-03,USA,58,52,6,2.322,449
2018-02-03,ZAF,4,3,1,-1.625,14
2018-02-04,ARE,17,10,7,0.0,38
2018-02-04,AUS,1,1,0,-2.0,1
2018-02-04,BEN,11,11,0,2.091,73
2018-02-04,BGD,19,12,7,0.8,49
2018-02-04,BTN,3,3,0,0.0,10
2018-02-04,CAN,21,21,0,3.657,119
2018-02-04,CHE,4,4,0,3.175,8
2018-02-04,CHN,13,9,4,0.169,122
2018-02-04,GBR,19,15,4,0.5,57
2018-02-04,GRC,2,2,0,2.35,8
2018-02-04,JOR,2,0,2,-5.0,4
2018-02-04,LKA,5,3,2,-0.72,76
2018-02-04,MDV,3,3,0,1.333,18
2018-02-04,MEA,3,3,0,4.0,12
2018-02-04,MMR,3,3,0,7.0,12
2018-02-04,NGA,4,3,1,1.5,36
2018-02-04,NPL,11,8,3,1.373,38
2018-02-04,PAK,42,10,32,-5.283,317
2018-02-04,RUS,1,0,1,-9.5,2
2018-02-04,SAS,2,0,2,-5.0,4
2018-02-04,SAU,16,16,0,3.194,80
2018-02-04,SEA,6,6,0,4.833,38
2018-02-04,SWE,3,1,2,-1.333,8
2018-02-04,THA,1,1,0,3.0,5
2018-02-04,USA,43,39,4,1.714,161
2018-02-05,AFG,3,3,0,4.0,6
2018-02-05,AFR,5,5,0,0.2,56
2018-02-05,ARE,21,12,9,-0.476,43
2018-02-05,AUS,5,5,0,2.26,12
2018-02-05,BEN,9,9,0,2.778,543
2018-02-05,BGD,15,10,5,0.373,40
2018-02-05,BTN,2,2,0,0.0,2
2018-02-05,CAN,2,1,1,-1.0,26
2018-02-05,CHE,4,4,0,3.175,8
2018-02-05,CHL,2,1,1,-3.05,12
2018-02-05,CHN,16,14,2,3.344,107
2018-02-05,DEU,6,6,0,6.0,6
2018-02-05,EGY,5,3,2,1.6,35
2018-02-05,EUR,1,1,0,0.0,20
2018-02-05,FRA,7,3,4,-2.829,17
2018-02-05,GBR,26,25,1,3.381,82
2018-02-05,IDN,1,1,0,0.0,10
2018-02-05,IRN,3,2,1,2.333,10
2018-02-05,ISR,20,20,0,3.59,79
2018-02-05,JOR,2,0,2,-5.0,4
2018-02-05,KOR,1,1,0,7.0,2
2018-02-05,LKA,27,18,9,0.341,59
2018-02-05,MDV,13,12,1,1.7,94
2018-02-05,MMR,3,2,1,1.0,44
2018-02-05,NGA,15,15,0,2.16,579
2018-02-05,NLD,6,6,0,6.0,6
2018-02-05,NPL,3,2,1,-1.4,7
2018-02-05,OMN,4,4,0,3.0,12
2018-02-05,PAK,124,67,57,-1.385,441
2018-02-05,PHL,2,2,0,7.0,2
2018-02-05,PSE,11,11,0,2.909,19
2018-02-05,QAT,1,1,0,7.4,8
2018-02-05,RUS,3,3,0,5.0,7
2018-02-05,SAS,8,5,3,0.175,30
2018-02-05,SAU,4,4,0,3.55,16
2018-02-05,SEA,5,5,0,4.6,34
2018-02-05,SGP,2,0,2,-4.0,8
2018-02-05,SYC,5,4,1,2.32,18
2018-02-05,SYR,6,6,0,0.0,12
2018-02-05,THA,3,3,0,1.567,6
2018-02-05,USA,33,24,9,0.655,123
2018-02-05,VNM,9,8,1,1.856,30
2018-02-05,YEM,2,1,1,2.5,6
2018-02-05,ZAF,2,2,0,2.35,12
2018-02-06,AFG,4,4,0,-0.1,21
2018-02-06,AFR,17,17,0,2.282,63
2018-02-06,ARE,15,4,11,-2.887,60
2018-02-06,ASA,1,1,0,7.4,20
2018-02-06,AUS,1,1,0,0.0,6
2018-02-06,BEN,6,6,0,2.333,36
2018-02-06,BGD,7,6,1,-0.514,26
2018-02-06,BGR,4,4,0,3.4,6
2018-02-06,BTN,2,1,1,1.6,8
2018-02-06,CAN,3,3,0,7.0,14
2018-02-06,CHE,1,0,1,-2.0,10
2018-02-06,CHL,1,1,0,3.4,3
2018-02-06,CHN,18,7,11,-3.411,51
2018-02-06,DEU,9,9,0,5.044,30
2018-02-06,EGY,2,2,0,4.0,6
2018-02-06,FRA,24,20,4,1.787,113
2018-02-06,GBR,37,36,1,3.735,168
2018-02-06,GRC,2,2,0,2.35,8
2018-02-06,IDN,2,0,2,-10.0,4
2018-02-06,IRN,4,4,0,2.35,6
2018-02-06,IRQ,3,2,1,0.267,11
2018-02-06,ISR,13,13,0,4.715,53
2018-02-06,ITA,1,1,0,4.0,6
2018-02-06,JPN,4,4,0,2.1,13
2018-02-06,LBN,1,0,1,-4.0,6
2018-02-06,LBY,3,3,0,1.0,10
2018-02-06,LKA,3,0,3,-2.0,10
2018-02-06,MDV,35,27,8,1.76,195
2018-02-06,MYS,2,2,0,6.0,4
2018-02-06,NGA,10,10,0,1.55,48
2018-02-06,NLD,6,6,0,6.0,6
2018-02-06,NPL,13,11,2,1.738,46
2018-02-06,NZL,3,3,0,1.0,8
2018-02-06,OMN,5,5,0,1.96,48
2018-02-06,PAK,116,57,59,-3.322,575
2018-02-06,PER,1,0,1,-4.0,4
2018-02-06,PSE,5,5,0,4.0,8
2018-02-06,QAT,2,1,1,1.2,10
2018-02-06,RUS,7,7,0,5.157,28
2018-02-06,SAS,8,6,2,0.212,67
2018-02-06,SAU,4,4,0,2.35,8
2018-02-06,SEA,19,19,0,5.221,70
2018-02-06,SGP,2,1,1,-0.3,5
2018-02-06,THA,3,1,2,-6.667,11
2018-02-06,TZA,1,1,0,6.0,2
2018-02-06,UKR,1,1,0,6.4,10
2018-02-06,USA,27,18,9,1.611,103
2018-02-06,VNM,2,0,2,-7.2,3
2018-02-06,ZAF,14,14,0,6.629,29
2018-02-07,AFR,8,8,0,3.1,18
2018-02-07,ARE,19,13,6,1.137,96
2018-02-07,BEN,2,2,0,1.0,4
2018-02-07,BGD,3,1,2,-2.0,12
2018-02-07,BTN,7,4,3,-0.329,24
2018-02-07,CAN,6,6,0,4.5,38
2018-02-07,CHE,6,2,4,-3.7,18
2018-02-07,CHN,34,26,8,0.476,174
2018-02-07,CIV,2,2,0,7.0,60
2018-02-07,DEU,2,0,2,-5.0,6
2018-02-07,DNK,1,0,1,-5.0,6
2018-02-07,EUR,4,4,0,3.85,15
2018-02-07,FRA,27,25,2,2.77,143
2018-02-07,GBR,33,26,7,2.206,119
2018-02-07,GHA,1,0,1,-2.0,5
2018-02-07,IDN,2,2,0,0.4,10
2018-02-07,IRN,4,4,0,2.35,6
2018-02-07,IRQ,2,2,0,7.0,60
2018-02-07,ISL,2,0,2,-5.0,3
2018-02-07,ISR,19,19,0,4.674,115
2018-02-07,ITA,6,0,6,-9.067,43
2018-02-07,JPN,3,3,0,2.9,34
2018-02-07,LKA,10,6,4,-0.79,74
2018-02-07,MCO,1,0,1,-10.0,1
2018-02-07,MDV,24,22,2,3.475,174
2018-02-07,MEA,6,6,0,1.0,12
2018-02-07,MMR,2,1,1,1.65,12
2018-02-07,MYS,1,1,0,6.4,6
2018-02-07,NPL,29,28,1,2.079,146
2018-02-07,PAK,83,38,45,-1.676,306
2018-02-07,PSE,2,2,0,4.0,12
2018-02-07,QAT,2,2,0,7.4,4
2018-02-07,RUS,2,2,0,7.0,60
2018-02-07,SAS,14,7,7,-2.85,129
2018-02-07,SAU,10,10,0,4.12,34
2018-02-07,SEA,1,1,0,0.0,14
2018-02-07,SGP,5,4,1,2.16,36
2018-02-07,SWE,1,1,0,6.4,5
2018-02-07,THA,6,6,0,1.567,23
2018-02-07,USA,53,49,4,2.2,280
2018-02-07,VNM,3,2,1,1.867,21
2018-02-07,YEM,1,1,0,4.0,2
2018-02-07,ZAF,14,12,2,3.543,38
2018-02-08,AFG,15,11,4,0.407,21
2018-02-08,AFR,5,5,0,5.0,20
2018-02-08,ARE,10,7,3,1.6,48
2018-02-08,BEL,2,0,2,-5.0,6
2018-02-08,BEN,2,2,0,1.0,4
2018-02-08,BGD,18,13,5,0.472,71
2018-02-08,BGR,1,0,1,-10.0,4
2018-02-08,BRA,1,1,0,3.4,4
2018-02-08,BWA,2,0,2,-4.0,4
2018-02-08,CAN,56,56,0,2.634,260
2018-02-08,CHL,1,1,0,3.0,6
2018-02-08,CHN,22,16,6,-0.195,87
2018-02-08,DNK,3,2,1,0.1,9
2018-02-08,EGY,2,1,1,0.7,8
2018-02-08,EUR,3,3,0,4.467,42
2018-02-08,FRA,4,4,0,1.175,14
2018-02-08,GBR,16,8,8,-0.931,51
2018-02-08,IRN,2,1,1,0.7,8
2018-02-08,ISR,32,31,1,3.584,128
2018-02-08,ITA,1,0,1,-2.0,5
2018-02-08,JOR,3,3,0,3.3,24
2018-02-08,JPN,1,1,0,4.0,7
2018-02-08,KOR,5,4,1,1.28,30
2018-02-08,KWT,3,3,0,1.0,6
2018-02-08,LBN,1,1,0,6.0,6
2018-02-08,LKA,5,0,5,-5.0,76
2018-02-08,MDV,29,23,6,0.776,234
2018-02-08,MEA,4,4,0,1.0,6
2018-02-08,MMR,1,0,1,-5.0,5
2018-02-08,MYS,4,4,0,2.35,20
2018-02-08,NAM,1,1,0,-0.4,1
2018-02-08,NGA,2,2,0,1.0,20
2018-02-08,NPL,11,8,3,0.855,43
2018-02-08,OMN,3,3,0,5.0,12
2018-02-08,PAK,75,39,36,-1.965,210
2018-02-08,PER,3,3,0,3.9,6
2018-02-08,PSE,11,11,0,3.036,39
2018-02-08,QAT,2,2,0,2.35,30
2018-02-08,RUS,5,5,0,4.88,19
2018-02-08,SAS,2,1,1,-4.25,4
2018-02-08,SAU,19,19,0,3.968,64
2018-02-08,SEA,9,9,0,1.789,46
2018-02-08,SGP,1,1,0,7.4,2
2018-02-08,THA,10,6,4,-0.27,37
2018-02-08,TJK,4,4,0,7.0,4
2018-02-08,USA,55,50,5,2.1,409
2018-02-08,UZB,1,1,0,3.4,2
2018-02-08,YEM,1,0,1,-10.0,5
2018-02-08,ZAF,3,2,1,2.0,22
2018-02-09,AFG,4,3,1,-0.8,10
2018-02-09,AFR,5,3,2,1.48,14
2018-02-09,ARE,26,24,2,2.138,96
2018-02-09,AUS,1,0,1,-4.0,2
2018-02-09,AZE,4,4,0,1.0,4
2018-02-09,BEL,3,2,1,2.667,5
2018-02-09,BGD,14,6,8,-3.129,46
2018-02-09,BTN,4,4,0,4.0,8
2018-02-09,CAN,32,32,0,2.584,141
2018-02-09,CHN,26,18,8,0.154,89
2018-02-09,DNK,4,2,2,0.175,10
2018-02-09,ECU,1,1,0,7.0,5
2018-02-09,ESP,2,0,2,-10.0,10
2018-02-09,FRA,4,1,3,-1.0,34
2018-02-09,GBR,29,15,14,-0.641,140
2018-02-09,IDN,4,3,1,4.3,9
2018-02-09,IRL,3,3,0,4.0,6
2018-02-09,ISR,36,36,0,2.808,243
2018-02-09,ITA,5,3,2,-0.46,12
2018-02-09,JOR,17,13,4,1.424,121
2018-02-09,JPN,10,10,0,3.82,22
2018-02-09,KOR,1,1,0,3.4,8
2018-02-09,LKA,6,3,3,1.0,36
2018-02-09,MDV,35,29,6,1.706,94
2018-02-09,NLD,2,2,0,2.35,8
2018-02-09,NPL,2,1,1,2.7,11
2018-02-09,OMN,22,22,0,3.373,64
2018-02-09,PAK,97,60,37,-0.746,527
2018-02-09,PRK,6,0,6,-5.0,75
2018-02-09,PSE,64,64,0,2.739,257
2018-02-09,RUS,7,7,0,7.0,22
2018-02-09,SAS,4,4,0,2.725,10
2018-02-09,SAU,12,10,2,0.55,26
2018-02-09,SEA,1,1,0,1.0,4
2018-02-09,SGP,2,2,0,3.4,8
2018-02-09,TJK,2,2,0,7.0,2
2018-02-09,UKR,3,3,0,4.8,8
2018-02-09,USA,54,44,10,1.294,340
2018-02-09,UZB,3,2,1,-1.533,6
2018-02-09,VNM,2,2,0,2.35,4
2018-02-09,YEM,1,0,1,-10.0,3
2018-02-10,AFG,1,0,1,-10.0,1
2018-02-10,AFR,9,9,0,3.333,42
2018-02-10,ARE,23,21,2,1.848,70
2018-02-10,BGD,13,6,7,-1.8,94
2018-02-10,BRA,2,2,0,4.0,4
2018-02-10,CAN,26,25,1,2.9,49
2018-02-10,CHN,2,0,2,-2.0,6
2018-02-10,DEU,3,1,2,-5.0,20
2018-02-10,FRA,15,15,0,2.693,47
2018-02-10,GBR,18,12,6,0.594,45
2018-02-10,ISR,47,45,2,2.181,197
2018-02-10,ITA,10,10,0,2.56,12
2018-02-10,JOR,1,0,1,-5.0,7
2018-02-10,JPN,6,3,3,-4.017,22
2018-02-10,LKA,20,16,4,1.51,101
2018-02-10,MDV,14,13,1,2.514,29
2018-02-10,NPL,10,3,7,-3.9,78
2018-02-10,OMN,5,5,0,2.68,14
2018-02-10,PAK,81,39,42,-1.642,480
2018-02-10,PRK,7,4,3,-1.571,16
2018-02-10,PSE,41,41,0,2.237,107
2018-02-10,QAT,2,0,2,-5.0,12
2018-02-10,RUS,7,7,0,5.286,37
2018-02-10,RWA,1,1,0,4.0,3
2018-02-10,SAS,4,3,1,0.775,15
2018-02-10,SAU,4,4,0,2.35,44
2018-02-10,THA,2,2,0,0.0,6
2018-02-10,USA,15,13,2,0.147,90
2018-02-10,ZAF,1,1,0,4.0,5
2018-02-11,AFR,2,2,0,2.35,20
2018-02-11,ARE,31,29,2,4.187,165
2018-02-11,AUT,3,3,0,0.4,6
2018-02-11,BGD,3,2,1,-0.4,20
2018-02-11,CAN,9,7,2,2.022,24
2018-02-11,CHN,7,5,2,2.057,22
2018-02-11,EUR,2,2,0,2.35,10
2018-02-11,GBR,23,19,4,2.104,108
2018-02-11,ISR,13,13,0,2.846,30
2018-02-11,ITA,7,5,2,-2.286,18
2018-02-11,JOR,5,4,1,-0.12,18
2018-02-11,JPN,7,7,0,2.714,21
2018-02-11,KOR,8,8,0,7.7,18
2018-02-11,LKA,3,1,2,-1.333,7
2018-02-11,MDV,11,8,3,1.255,42
2018-02-11,NPL,5,4,1,1.68,51
2018-02-11,NZL,2,2,0,2.35,8
2018-02-11,OMN,17,17,0,2.282,84
2018-02-11,PAK,63,34,29,-0.905,293
2018-02-11,PER,1,1,0,7.0,2
2018-02-11,PSE,18,18,0,3.844,86
2018-02-11,QAT,9,7,2,0.356,36
2018-02-11,SAS,1,0,1,-6.5,6
2018-02-11,SAU,4,4,0,7.0,6
2018-02-11,SGP,3,3,0,2.567,16
2018-02-11,SYC,6,6,0,1.9,16
2018-02-11,THA,2,2,0,2.35,2
2018-02-11,UKR,4,4,0,2.35,12
2018-02-11,USA,32,20,12,-1.025,212
2018-02-12,AFG,3,3,0,1.133,10
2018-02-12,AFR,18,17,1,5.039,61
2018-02-12,ARE,35,30,5,2.269,147
2018-02-12,AUS,5,5,0,0.0,12
2018-02-12,BEL,2,0,2,-4.5,16
2018-02-12,BGD,9,7,2,3.778,40
2018-02-12,CAN,57,55,2,4.063,262
2018-02-12,CHN,15,12,3,1.133,100
2018-02-12,DEU,5,5,0,5.64,35
2018-02-12,ECU,1,1,0,7.0,3
2018-02-12,ETH,7,7,0,4.0,12
2018-02-12,FRA,10,10,0,2.72,29
2018-02-12,GBR,32,29,3,2.212,106
2018-02-12,GRC,1,0,1,-10.0,10
2018-02-12,IRN,6,6,0,4.0,19
2018-02-12,IRQ,1,1,0,0.0,5
2018-02-12,ISR,11,11,0,2.3,21
2018-02-12,ITA,2,1,1,-3.5,11
2018-02-12,JOR,19,19,0,2.363,62
2018-02-12,JPN,1,1,0,6.0,10
2018-02-12,KEN,1,0,1,-5.0,6
2018-02-12,KOR,4,3,1,1.1,23
2018-02-12,LKA,6,6,0,0.833,16
2018-02-12,MDV,7,7,0,-0.5,36
2018-02-12,MUS,6,6,0,2.7,12
2018-02-12,NGA,1,1,0,0.0,4
2018-02-12,NMR,1,1,0,0.0,5
2018-02-12,NPL,5,4,1,2.08,19
2018-02-12,OMN,27,27,0,2.63,117
2018-02-12,PAK,131,85,46,0.549,494
2018-02-12,PHL,2,2,0,4.0,12
2018-02-12,PSE,12,12,0,2.3,26
2018-02-12,RUS,6,5,1,1.867,26
2018-02-12,SAS,3,2,1,2.167,22
2018-02-12,SGP,2,2,0,5.2,14
2018-02-12,SYR,5,5,0,2.26,12
2018-02-12,THA,5,3,2,-3.4,14
2018-02-12,USA,43,34,9,0.319,328
2018-02-12,UZB,2,2,0,7.0,12
2018-02-12,YEM,1,0,1,-10.0,1
2018-02-12,ZAF,8,8,0,3.725,19
2018-02-13,AFR,7,2,5,-4.314,25
2018-02-13,ARE,27,21,6,1.781,145
2018-02-13,AUS,1,0,1,-2.0,3
2018-02-13,AUT,2,0,2,-2.0,4
2018-02-13,BGD,12,9,3,0.45,48
2018-02-13,BRA,4,4,0,3.4,10
2018-02-13,BTN,1,1,0,-0.4,4
2018-02-13,CAN,24,24,0,3.087,58
2018-02-13,CHN,21,15,6,-0.086,49
2018-02-13,DEU,6,6,0,5.467,38
2018-02-13,ESP,6,6,0,2.233,32
2018-02-13,EUR,2,2,0,1.7,13
2018-02-13,FIN,1,0,1,-10.0,10
2018-02-13,FRA,5,5,0,3.04,12
2018-02-13,GBR,22,18,4,3.655,308
2018-02-13,GRC,4,0,4,-10.0,34
2018-02-13,IRN,18,18,0,2.989,35
2018-02-13,IRQ,3,3,0,2.9,30
2018-02-13,ISR,28,26,2,1.911,73
2018-02-13,JOR,7,7,0,2.586,16
2018-02-13,JPN,6,6,0,2.567,22
2018-02-13,KEN,9,4,5,-1.733,42
2018-02-13,KOR,5,4,1,0.88,16
2018-02-13,LKA,3,0,3,-4.0,4
2018-02-13,MDV,16,10,6,0.575,31
2018-02-13,MEA,4,4,0,1.0,24
2018-02-13,MEX,2,2,0,6.4,3
2018-02-13,MMR,2,2,0,3.4,4
2018-02-13,MUS,3,3,0,5.933,22
2018-02-13,NLD,6,6,0,1.7,15
2018-02-13,NOR,4,4,0,2.35,12
2018-02-13,NPL,6,0,6,-5.0,66
2018-02-13,NZL,3,0,3,-2.0,8
2018-02-13,OMN,9,9,0,2.3,22
2018-02-13,PAK,137,88,49,0.509,694
2018-02-13,RUS,4,4,0,1.0,4
2018-02-13,SAS,13,6,7,-0.6,46
2018-02-13,SAU,2,2,0,8.0,6
2018-02-13,SEA,10,10,0,2.5,26
2018-02-13,SGP,1,1,0,8.0,18
2018-02-13,SWE,2,0,2,-4.0,2
2018-02-13,THA,6,5,1,0.0,10
2018-02-13,TWN,3,0,3,-4.0,6
2018-02-13,USA,56,40,16,-0.573,454
2018-02-13,ZAF,5,5,0,0.16,12
2018-02-13,ZWE,4,4,0,6.0,6
2018-02-14,AFG,8,8,0,4.125,19
2018-02-14,AFR,17,17,0,2.324,48
2018-02-14,ARE,1,0,1,-2.0,1
2018-02-14,ASA,3,3,0,2.467,15
2018-02-14,AUS,3,3,0,2.2,20
2018-02-14,AUT,1,0,1,-9.0,4
2018-02-14,BGD,8,2,6,-5.013,24
2018-02-14,CAN,24,24,0,2.892,116
2018-02-14,CHE,1,1,0,3.4,10
2018-02-14,CHN,15,14,1,2.0,57
2018-02-14,DEU,2,2,0,4.0,10
2018-02-14,ETH,24,24,0,2.162,176
2018-02-14,FRA,13,12,1,0.731,70
2018-02-14,GBR,16,12,4,2.15,80
2018-02-14,GHA,1,1,0,4.0,6
2018-02-14,IRN,59,59,0,2.98,156
2018-02-14,IRQ,3,3,0,3.6,12
2018-02-14,ISR,23,23,0,2.813,80
2018-02-14,ITA,3,3,0,0.0,8
2018-02-14,JOR,23,22,1,2.617,71
2018-02-14,JPN,4,4,0,4.375,50
2018-02-14,KEN,5,2,3,-2.06,17
2018-02-14,KHM,1,1,0,3.0,2
2018-02-14,KOR,2,2,0,6.4,30
2018-02-14,KWT,2,2,0,6.4,30
2018-02-14,LKA,1,1,0,1.9,6
2018-02-14,MDV,11,7,4,-1.118,40
2018-02-14,MEA,4,4,0,1.0,6
2018-02-14,MMR,15,12,3,0.5,204
2018-02-14,MNG,9,5,4,-0.967,48
2018-02-14,MOZ,2,2,0,4.0,8
2018-02-14,MUS,5,4,1,2.96,16
2018-02-14,MYS,3,3,0,6.4,30
2018-02-14,NGA,2,0,2,-5.0,3
2018-02-14,NLD,2,2,0,6.4,30
2018-02-14,NPL,41,11,30,-3.012,139
2018-02-14,NZL,2,2,0,6.4,30
2018-02-14,OMN,8,8,0,3.175,22
2018-02-14,PAK,85,48,37,-0.801,359
2018-02-14,PHL,2,2,0,2.35,2
2018-02-14,POL,2,2,0,-2.0,90
2018-02-14,PSE,5,5,0,2.98,9
2018-02-14,SAS,8,5,3,0.925,15
2018-02-14,SAU,3,3,0,4.667,14
2018-02-14,SEA,7,7,0,4.771,49
2018-02-14,SGP,3,3,0,6.933,36
2018-02-14,SOM,4,4,0,2.35,8
2018-02-14,TZA,9,2,7,-3.367,24
2018-02-14,USA,47,36,11,0.647,318
2018-02-14,ZAF,1,0,1,-9.0,6
2018-02-14,ZWE,4,4,0,6.0,12
2018-02-15,AFG,8,8,0,3.788,12
2018-02-15,AFR,3,2,1,0.9,10
2018-02-15,ARE,6,5,1,2.45,25
2018-02-15,AUS,2,2,0,7.0,12
2018-02-15,AUT,3,3,0,2.2,6
2018-02-15,BEL,4,2,2,-6.0,14
2018-02-15,BGD,14,10,4,-0.95,118
2018-02-15,BLR,4,2,2,-0.75,8
2018-02-15,CAN,20,20,0,2.785,67
2018-02-15,CHE,20,3,17,-4.715,68
2018-02-15,CHN,48,31,17,-0.217,1041
2018-02-15,CZE,3,3,0,2.667,15
2018-02-15,DEU,4,4,0,1.675,8
2018-02-15,DNK,1,1,0,3.4,1
2018-02-15,ETH,6,6,0,2.35,20
2018-02-15,EUR,2,2,0,4.0,6
2018-02-15,FRA,2,2,0,2.35,10
2018-02-15,GBR,39,33,6,0.854,120
2018-02-15,IDN,2,2,0,0.0,8
2018-02-15,IRL,2,2,0,4.0,2
2018-02-15,IRN,71,69,2,3.224,208
2018-02-15,ISR,18,16,2,1.772,89
2018-02-15,JOR,28,28,0,2.782,80
2018-02-15,JPN,11,11,0,4.8,93
2018-02-15,KEN,3,2,1,-0.1,14
2018-02-15,KOR,3,2,1,1.267,17
2018-02-15,KWT,2,2,0,6.4,12
2018-02-15,MDV,2,0,2,-2.0,6
2018-02-15,MEX,1,1,0,0.0,3
2018-02-15,MMR,2,2,0,2.35,2
2018-02-15,MOZ,2,2,0,4.0,4
2018-02-15,MYS,6,6,0,4.45,36
2018-02-15,NLD,2,2,0,6.4,12
2018-02-15,NPL,35,13,22,-2.32,194
2018-02-15,NZL,2,2,0,6.4,12
2018-02-15,OMN,6,4,2,0.667,12
2018-02-15,PAK,91,58,33,-0.346,420
2018-02-15,PHL,1,1,0,4.0,3
2018-02-15,POL,4,4,0,-2.0,12
2018-02-15,RUS,10,9,1,1.16,22
2018-02-15,SAS,8,2,6,-4.975,43
2018-02-15,SAU,6,5,1,0.383,24
2018-02-15,SEA,2,0,2,-7.25,11
2018-02-15,SGP,3,3,0,5.4,14
2018-02-15,SYR,3,0,3,-10.0,3
2018-02-15,THA,1,0,1,-2.0,1
2018-02-15,TTO,2,2,0,2.35,30
2018-02-15,UKR,3,2,1,-4.667,12
2018-02-15,USA,59,53,6,1.129,330
2018-02-15,VNM,2,0,2,-10.0,6
2018-02-15,ZAF,1,0,1,-2.0,1
2018-02-16,AFG,7,3,4,-3.429,27
2018-02-16,AFR,2,1,1,1.7,8
2018-02-16,ARE,7,4,3,-2.286,36
2018-02-16,AUS,25,22,3,0.848,96
2018-02-16,BEL,1,1,0,-2.0,6
2018-02-16,BGD,36,15,21,-2.825,125
2018-02-16,CAN,65,65,0,2.694,192
2018-02-16,CHE,1,0,1,-2.0,2
2018-02-16,CHN,54,38,16,0.98,208
2018-02-16,DEU,1,0,1,-6.5,6
2018-02-16,EST,3,3,0,1.567,4
2018-02-16,EUR,2,2,0,0.2,10
2018-02-16,FRA,3,1,2,-5.667,7
2018-02-16,GBR,30,23,7,0.653,132
2018-02-16,GHA,2,2,0,2.35,4
2018-02-16,IRN,69,66,3,2.368,202
2018-02-16,ISR,6,5,1,1.65,14
2018-02-16,ITA,3,0,3,-6.667,30
2018-02-16,JOR,29,29,0,2.921,130
2018-02-16,JPN,2,2,0,0.0,14
2018-02-16,KAZ,2,2,0,3.5,14
2018-02-16,KOR,8,8,0,2.238,128
2018-02-16,LKA,4,4,0,6.55,20
2018-02-16,LVA,1,1,0,0.0,2
2018-02-16,MCO,3,0,3,-10.0,10
2018-02-16,MDV,6,4,2,-0.8,14
2018-02-16,MEX,1,0,1,-5.0,6
2018-02-16,MUS,4,4,0,1.0,10
2018-02-16,MYS,2,2,0,6.0,12
2018-02-16,NLD,2,2,0,8.0,8
2018-02-16,NPL,3,0,3,-6.5,32
2018-02-16,NZL,1,1,0,4.0,2
2018-02-16,OMN,1,0,1,-10.0,10
2018-02-16,PAK,66,43,23,0.288,319
2018-02-16,POL,1,1,0,5.0,1
2018-02-16,PSE,2,2,0,2.35,4
2018-02-16,RUS,3,1,2,-4.2,16
2018-02-16,SAS,5,4,1,1.72,14
2018-02-16,SAU,5,2,3,0.4,32
2018-02-16,SEA,2,2,0,7.0,11
2018-02-16,SGP,3,3,0,3.8,22
2018-02-16,SWE,1,1,0,4.0,2
2018-02-16,SYR,6,6,0,1.833,6
2018-02-16,USA,52,46,6,2.342,386
2018-02-16,ZAF,1,0,1,-9.0,10
2018-02-17,AFG,8,8,0,4.5,28
2018-02-17,AFR,3,2,1,4.867,17
2018-02-17,ARE,6,6,0,2.35,24
2018-02-17,AUS,13,12,1,1.1,41
2018-02-17,BEL,2,2,0,7.4,12
2018-02-17,BGD,32,23,9,0.053,134
2018-02-17,CAN,97,96,1,2.778,347
2018-02-17,CHE,6,6,0,2.333,11
2018-02-17,CHN,8,2,6,-2.7,33
2018-02-17,DEU,1,1,0,4.0,3
2018-02-17,FIN,12,10,2,1.108,31
2018-02-17,FJI,3,3,0,3.767,12
2018-02-17,FRA,12,12,0,3.233,18
2018-02-17,GBR,33,20,13,0.5,78
2018-02-17,GHA,1,1,0,4.0,10
2018-02-17,IRN,254,245,9,3.306,1089
2018-02-17,IRQ,1,1,0,7.4,5
2018-02-17,ISR,9,8,1,2.322,83
2018-02-17,ITA,4,4,0,3.0,12
2018-02-17,JOR,86,83,3,2.692,219
2018-02-17,JPN,16,14,2,1.675,33
2018-02-17,KOR,2,2,0,2.35,16
2018-02-17,LKA,4,4,0,2.35,6
2018-02-17,MDV,5,2,3,-1.8,30
2018-02-17,MMR,1,1,0,0.0,6
2018-02-17,MYS,3,3,0,4.733,50
2018-02-17,NPL,2,1,1,-3.3,8
2018-02-17,OMN,5,5,0,7.36,10
2018-02-17,PAK,33,19,14,0.833,71
2018-02-17,POL,7,7,0,2.286,34
2018-02-17,PRK,5,0,5,-5.0,32
2018-02-17,PSE,8,8,0,2.35,28
2018-02-17,RUS,10,8,2,0.34,29
2018-02-17,SAS,7,7,0,2.629,38
2018-02-17,SAU,14,10,4,0.743,62
2018-02-17,SGP,4,2,2,3.0,23
2018-02-17,SYR,6,6,0,1.833,6
2018-02-17,TWN,1,1,0,7.0,2
2018-02-17,USA,34,28,6,1.265,157
2018-02-17,ZAF,1,1,0,8.3,2
2018-02-18,AFG,18,18,0,3.444,42
2018-02-18,AFR,2,2,0,7.4,2
2018-02-18,ARE,2,2,0,0.0,6
2018-02-18,AUS,3,3,0,1.0,8
2018-02-18,BEL,4,2,2,1.95,18
2018-02-18,BGD,24,17,7,0.242,189
2018-02-18,CAN,148,148,0,2.973,693
2018-02-18,CHN,9,8,1,3.411,25
2018-02-18,DEU,3,3,0,2.5,6
2018-02-18,GBR,12,10,2,2.508,38
2018-02-18,HTI,4,3,1,-1.0,6
2018-02-18,IRN,100,100,0,4.665,380
2018-02-18,ITA,4,4,0,2.35,12
2018-02-18,JOR,26,22,4,3.208,98
2018-02-18,JPN,9,8,1,2.444,64
2018-02-18,MDV,2,0,2,-2.0,6
2018-02-18,MMR,3,3,0,6.0,8
2018-02-18,MUS,2,2,0,1.0,20
2018-02-18,NPL,7,5,2,-0.086,32
2018-02-18,PAK,20,9,11,-2.475,119
2018-02-18,POL,5,5,0,2.26,32
2018-02-18,QAT,2,2,0,3.4,4
2018-02-18,RUS,2,0,2,-10.0,5
2018-02-18,SAS,7,7,0,2.629,46
2018-02-18,SAU,3,1,2,0.0,6
2018-02-18,SGP,3,1,2,-1.0,17
2018-02-18,SYR,5,5,0,2.9,56
2018-02-18,THA,3,3,0,3.4,10
2018-02-18,TUR,1,0,1,-5.0,3
2018-02-18,TZA,2,2,0,-2.0,3
2018-02-18,USA,56,54,2,2.545,298
2018-02-18,ZAF,1,1,0,7.4,2
2018-02-19,AFG,7,4,3,-1.714,20
2018-02-19,AFR,1,1,0,0.0,2
2018-02-19,ARE,2,0,2,-5.0,4
2018-02-19,AUT,2,0,2,-2.0,6
2018-02-19,BEL,2,0,2,-3.5,48
2018-02-19,BGD,5,5,0,3.2,10
2018-02-19,BGR,2,0,2,-10.0,12
2018-02-19,BTN,2,2,0,2.35,16
2018-02-19,CAN,448,440,8,2.616,3207
2018-02-19,CHE,5,4,1,1.72,32
2018-02-19,CHN,37,32,5,1.705,137
2018-02-19,DEU,1,0,1,-10.0,12
2018-02-19,EGY,1,1,0,4.0,3
2018-02-19,EUR,6,3,3,-2.433,30
2018-02-19,FRA,6,4,2,-1.25,24
2018-02-19,GBR,89,82,7,3.811,330
2018-02-19,IDN,17,17,0,3.471,44
2018-02-19,IRN,27,22,5,3.722,72
2018-02-19,ISR,8,8,0,2.35,28
2018-02-19,JOR,2,2,0,2.35,8
2018-02-19,JPN,15,15,0,3.727,74
2018-02-19,LKA,6,6,0,4.45,8
2018-02-19,MDV,2,0,2,-2.0,6
2018-02-19,MMR,7,7,0,3.914,20
2018-02-19,NPL,26,21,5,1.308,84
2018-02-19,PAK,55,33,22,-1.224,210
2018-02-19,POL,2,0,2,-10.0,8
2018-02-19,PSE,8,8,0,2.562,8
2018-02-19,QAT,2,1,1,-2.0,20
2018-02-19,RUS,2,1,1,0.5,14
2018-02-19,SAS,6,2,4,-1.883,10
2018-02-19,SAU,1,1,0,6.4,1
2018-02-19,SEA,2,2,0,4.1,12
2018-02-19,SGP,2,2,0,7.0,20
2018-02-19,THA,6,5,1,1.0,10
2018-02-19,USA,88,76,12,3.628,492
2018-02-20,AFG,5,3,2,0.68,10
2018-02-20,AFR,10,6,4,-2.19,41
2018-02-20,ARE,15,12,3,1.347,58
2018-02-20,ASA,2,2,0,2.35,12
2018-02-20,AUS,2,2,0,0.5,29
2018-02-20,AUT,2,0,2,-2.0,12
2018-02-20,BEL,2,0,2,-10.0,5
2018-02-20,BGD,34,26,8,1.241,144
2018-02-20,BRA,2,2,0,2.35,12
2018-02-20,BTN,9,9,0,1.7,24
2018-02-20,CAN,255,247,8,2.598,1267
2018-02-20,CHE,13,13,0,1.423,226
2018-02-20,CHN,41,37,4,1.166,113
2018-02-20,DNK,3,0,3,-2.0,4
2018-02-20,EGY,1,1,0,3.4,2
2018-02-20,ESP,1,1,0,4.0,4
2018-02-20,EUR,3,3,0,2.2,32
2018-02-20,FRA,5,3,2,0.2,9
2018-02-20,GBR,56,47,9,3.107,316
2018-02-20,GRC,2,0,2,-10.0,26
2018-02-20,IRN,21,20,1,4.457,42
2018-02-20,ISR,14,12,2,1.436,103
2018-02-20,JOR,10,7,3,1.47,24
2018-02-20,JPN,34,34,0,3.212,159
2018-02-20,KOR,2,2,0,8.0,12
2018-02-20,LKA,4,2,2,-2.05,26
2018-02-20,MDV,7,6,1,-0.771,29
2018-02-20,MLI,1,0,1,-5.0,5
2018-02-20,MMR,7,4,3,1.857,14
2018-02-20,MUS,1,1,0,0.0,6
2018-02-20,NPL,13,10,3,0.862,55
2018-02-20,PAK,38,11,27,-5.342,190
2018-02-20,PRT,4,4,0,1.75,6
2018-02-20,QAT,4,4,0,1.375,10
2018-02-20,RUS,6,6,0,5.0,12
2018-02-20,RWA,2,2,0,-2.0,6
2018-02-20,SAS,10,6,4,1.03,67
2018-02-20,SAU,1,1,0,4.0,4
2018-02-20,SEA,7,7,0,5.414,22
2018-02-20,SGP,2,2,0,2.35,10
2018-02-20,SYC,6,6,0,8.0,564
2018-02-20,THA,1,0,1,-10.0,3
2018-02-20,USA,115,96,19,1.69,467
2018-02-20,VNM,2,2,0,3.4,18
2018-02-20,ZAF,7,2,5,-6.857,48
2018-02-21,AFR,9,7,2,0.711,39
2018-02-21,ARE,3,3,0,4.033,20
2018-02-21,AUS,12,12,0,4.0,12
2018-02-21,BGD,32,28,4,2.237,130
2018-02-21,CAN,313,305,8,2.569,1420
2018-02-21,CHE,18,12,6,-0.217,52
2018-02-21,CHN,36,22,14,-0.731,84
2018-02-21,DEU,2,2,0,5.2,8
2018-02-21,DNK,4,4,0,2.35,8
2018-02-21,EUR,4,4,0,2.875,19
2018-02-21,FIN,1,1,0,4.0,10
2018-02-21,FRA,5,5,0,3.1,12
2018-02-21,GBR,28,23,5,1.943,158
2018-02-21,GRC,3,0,3,-10.0,24
2018-02-21,IRN,9,8,1,5.289,18
2018-02-21,IRQ,2,2,0,5.0,3
2018-02-21,ISR,10,7,3,-0.56,79
2018-02-21,ITA,4,4,0,2.35,4
2018-02-21,JOR,4,4,0,2.725,15
2018-02-21,JPN,25,25,0,3.572,118
2018-02-21,KEN,4,0,4,-5.0,12
2018-02-21,LKA,4,2,2,-1.325,13
2018-02-21,MDV,9,6,3,-0.511,95
2018-02-21,MMR,2,2,0,3.2,4
2018-02-21,MYS,1,1,0,-2.0,42
2018-02-21,NAM,1,1,0,5.2,3
2018-02-21,NMR,1,0,1,-10.0,1
2018-02-21,NOR,4,4,0,2.35,6
2018-02-21,OMN,3,3,0,2.733,12
2018-02-21,PAK,70,47,23,-0.043,293
2018-02-21,PHL,2,0,2,-2.0,4
2018-02-21,POL,2,2,0,-2.0,6
2018-02-21,PRT,8,8,0,1.675,35
2018-02-21,SAU,8,7,1,0.812,17
2018-02-21,SEA,3,3,0,2.2,4
2018-02-21,SGP,9,8,1,3.189,66
2018-02-21,SYC,8,8,0,8.0,36
2018-02-21,THA,3,0,3,-3.0,7
2018-02-21,USA,71,54,17,0.277,297
2018-02-21,VNM,2,2,0,3.4,12
2018-02-21,ZAF,7,5,2,-0.471,62
2018-02-22,AFG,1,0,1,-10.0,4
2018-02-22,AFR,4,2,2,-1.25,10
2018-02-22,ARE,6,3,3,-0.483,27
2018-02-22,ASA,8,8,0,4.0,24
2018-02-22,BEL,2,2,0,0.0,5
2018-02-22,BGD,14,13,1,4.2,43
2018-02-22,BRA,1,0,1,-5.0,2
2018-02-22,CAN,351,310,41,1.755,1360
2018-02-22,CHN,32,14,18,-0.859,127
2018-02-22,DEU,1,1,0,5.2,4
2018-02-22,DNK,1,0,1,-2.0,3
2018-02-22,EUR,4,0,4,-10.0,10
2018-02-22,FRA,10,10,0,4.9,32
2018-02-22,GBR,26,21,5,0.892,102
2018-02-22,IRN,9,6,3,0.333,20
2018-02-22,IRQ,3,3,0,2.733,9
2018-02-22,ISR,6,5,1,0.267,21
2018-02-22,JPN,6,2,4,-0.667,30
2018-02-22,KEN,1,0,1,-5.0,4
2018-02-22,KOR,4,2,2,-1.0,12
2018-02-22,KWT,2,2,0,2.35,10
2018-02-22,LKA,9,8,1,3.667,20
2018-02-22,MDV,17,9,8,-0.635,64
2018-02-22,MEA,5,5,0,3.34,36
2018-02-22,MLI,2,0,2,-5.0,16
2018-02-22,MMR,2,2,0,3.2,4
2018-02-22,MYS,12,10,2,1.4,43
2018-02-22,NLD,3,3,0,3.4,6
2018-02-22,NPL,13,10,3,-0.123,30
2018-02-22,NZL,4,4,0,2.125,12
2018-02-22,PAK,66,35,31,-2.679,342
2018-02-22,POL,2,0,2,-10.0,6
2018-02-22,PRT,6,6,0,2.35,36
2018-02-22,PSE,2,2,0,2.35,4
2018-02-22,QAT,2,2,0,4.0,20
2018-02-22,SAS,3,2,1,0.9,16
2018-02-22,SAU,1,1,0,7.0,6
2018-02-22,SGP,1,1,0,0.0,10
2018-02-22,SWE,1,1,0,5.2,3
2018-02-22,SYR,8,7,1,0.875,16
2018-02-22,THA,6,6,0,2.35,24
2018-02-22,TUR,6,6,0,1.0,50
2018-02-22,TWN,4,4,0,4.95,30
2018-02-22,USA,74,62,12,0.807,197
2018-02-22,VNM,4,4,0,4.0,4
2018-02-22,ZAF,2,1,1,-3.0,6
2018-02-23,AFG,1,0,1,-10.0,6
2018-02-23,AFR,11,9,2,2.109,59
2018-02-23,ARE,14,13,1,4.364,113
2018-02-23,AUS,8,5,3,0.375,18
2018-02-23,BEL,2,2,0,2.35,10
2018-02-23,BGD,18,12,6,1.217,63
2018-02-23,BHR,2,0,2,-5.0,6
2018-02-23,BTN,3,2,1,-1.733,26
2018-02-23,CAN,304,265,39,1.484,2285
2018-02-23,CHE,2,2,0,1.0,20
2018-02-23,CHN,38,26,12,0.921,174
2018-02-23,COG,2,2,0,7.0,8
2018-02-23,DNK,1,0,1,-2.0,3
2018-02-23,FJI,1,1,0,0.0,2
2018-02-23,FRA,28,25,3,1.75,174
2018-02-23,GBR,32,22,10,0.45,128
2018-02-23,GHA,3,3,0,1.567,14
2018-02-23,IDN,8,8,0,3.25,38
2018-02-23,IRN,7,4,3,-1.929,14
2018-02-23,ISR,16,15,1,1.531,28
2018-02-23,ITA,10,10,0,2.82,36
2018-02-23,JOR,13,12,1,4.538,52
2018-02-23,JPN,22,19,3,2.809,89
2018-02-23,KOR,1,0,1,-5.0,6
2018-02-23,LKA,33,27,6,4.058,222
2018-02-23,LVA,11,11,0,3.836,144
2018-02-23,MDV,15,7,8,-1.373,212
2018-02-23,MEA,8,8,0,4.0,72
2018-02-23,MMR,2,2,0,3.0,6
2018-02-23,MYS,3,3,0,6.467,15
2018-02-23,NPL,9,9,0,3.878,24
2018-02-23,OMN,2,2,0,8.0,2
2018-02-23,PAK,57,33,24,-2.309,341
2018-02-23,QAT,1,1,0,0.0,5
2018-02-23,RUS,8,7,1,0.613,21
2018-02-23,SAS,7,7,0,0.857,26
2018-02-23,SAU,9,9,0,3.289,75
2018-02-23,SGP,8,8,0,2.538,64
2018-02-23,SYC,7,7,0,6.857,14
2018-02-23,THA,2,2,0,2.35,4
2018-02-23,TWN,2,2,0,7.4,4
2018-02-23,USA,66,45,21,-0.112,231
2018-02-23,VEN,1,1,0,0.0,2
2018-02-23,YEM,1,1,0,-0.1,2
2018-02-23,ZAF,5,4,1,0.4,28
2018-02-24,AFG,1,0,1,-2.0,2
2018-02-24,AFR,1,0,1,-2.0,2
2018-02-24,ARE,5,4,1,1.36,36
2018-02-24,AUS,4,4,0,7.0,4
2018-02-24,BGD,10,8,2,0.5,43
2018-02-24,BHR,2,0,2,-5.0,6
2018-02-24,CAN,65,46,19,0.095,417
2018-02-24,CHN,38,26,12,0.955,154
2018-02-24,DNK,1,1,0,7.4,4
2018-02-24,FRA,21,21,0,2.357,74
2018-02-24,GBR,30,24,6,1.97,158
2018-02-24,GRC,2,1,1,-2.5,8
2018-02-24,IRN,15,15,0,3.127,32
2018-02-24,ISR,15,14,1,1.86,26
2018-02-24,ITA,2,2,0,7.4,4
2018-02-24,JOR,1,1,0,0.0,8
2018-02-24,JPN,5,5,0,7.0,25
2018-02-24,KOR,4,4,0,2.35,12
2018-02-24,LKA,2,2,0,2.35,40
2018-02-24,MDV,7,2,5,-3.429,68
2018-02-24,MEA,8,8,0,4.0,24
2018-02-24,MUS,3,3,0,2.5,12
2018-02-24,NAM,1,1,0,4.0,2
2018-02-24,NGA,1,0,1,-5.0,4
2018-02-24,NPL,6,5,1,2.45,16
2018-02-24,OMN,3,3,0,3.0,4
2018-02-24,PAK,47,18,29,-3.543,192
2018-02-24,PSE,1,1,0,0.0,1
2018-02-24,RUS,4,4,0,2.35,8
2018-02-24,SAS,4,0,4,-6.0,12
2018-02-24,SAU,11,9,2,0.855,56
2018-02-24,SEA,5,5,0,4.8,22
2018-02-24,SGP,5,5,0,3.1,38
2018-02-24,THA,5,4,1,-0.12,17
2018-02-24,TWN,5,0,5,-4.4,14
2018-02-24,USA,30,23,7,1.667,171
2018-02-24,YEM,4,4,0,2.35,4
2018-02-25,ARE,74,60,14,0.572,452
2018-02-25,AUS,2,2,0,0.2,7
2018-02-25,BEL,5,2,3,-4.5,13
2018-02-25,BGD,3,0,3,-4.333,12
2018-02-25,BTN,1,1,0,0.0,3
2018-02-25,CAN,37,31,6,1.349,81
2018-02-25,CHN,28,17,11,0.236,97
2018-02-25,DEU,1,0,1,-4.0,1
2018-02-25,ECU,1,1,0,3.4,6
2018-02-25,FRA,4,4,0,5.5,8
2018-02-25,GBR,20,17,3,1.89,137
2018-02-25,IRN,1,1,0,5.0,6
2018-02-25,ISR,11,11,0,2.145,126
2018-02-25,ITA,8,7,1,2.425,18
2018-02-25,JPN,5,5,0,5.6,6
2018-02-25,KNA,2,2,0,2.35,18
2018-02-25,KWT,2,2,0,7.4,20
2018-02-25,LKA,5,0,5,-3.8,9
2018-02-25,MDV,5,0,5,-10.0,12
2018-02-25,MEA,1,1,0,3.4,2
2018-02-25,MYS,2,2,0,3.4,2
2018-02-25,NPL,1,1,0,7.0,6
2018-02-25,OMN,5,4,1,0.88,41
2018-02-25,PAK,45,25,20,-0.729,277
2018-02-25,PRK,3,0,3,-2.0,10
2018-02-25,QAT,16,13,3,0.775,36
2018-02-25,SAU,6,3,3,-1.3,11
2018-02-25,SEA,3,2,1,0.333,8
2018-02-25,SGP,6,4,2,-0.1,8
2018-02-25,SYR,6,6,0,2.883,30
2018-02-25,TWN,1,1,0,0.0,10
2018-02-25,USA,61,55,6,2.605,270
2018-02-25,VNM,2,2,0,6.0,6
2018-02-25,ZAF,1,0,1,-9.2,16
2018-02-26,AFG,23,23,0,3.952,88
2018-02-26,AFR,4,4,0,8.0,6
2018-02-26,ARE,84,78,6,1.742,713
2018-02-26,AUS,9,8,1,1.878,62
2018-02-26,BEL,1,1,0,1.0,4
2018-02-26,BGD,18,12,6,0.811,78
2018-02-26,BRA,4,4,0,2.35,12
2018-02-26,BTN,2,2,0,0.0,14
2018-02-26,CAN,21,16,5,0.571,309
2018-02-26,CHN,28,24,4,1.975,138
2018-02-26,DNK,4,4,0,6.3,5
2018-02-26,EUR,1,1,0,6.4,6
2018-02-26,FRA,7,7,0,1.7,14
2018-02-26,GBR,32,28,4,2.494,120
2018-02-26,GIN,2,2,0,2.35,4
2018-02-26,IDN,3,3,0,6.0,12
2018-02-26,IRN,25,22,3,3.096,64
2018-02-26,IRQ,2,1,1,-1.0,22
2018-02-26,ISR,2,2,0,4.9,12
2018-02-26,ITA,5,1,4,-3.4,22
2018-02-26,JOR,48,48,0,3.217,188
2018-02-26,JPN,6,6,0,3.417,26
2018-02-26,KEN,1,1,0,1.0,1
2018-02-26,KNA,1,1,0,0.0,6
2018-02-26,KOR,3,3,0,2.2,8
2018-02-26,LKA,4,4,0,2.35,4
2018-02-26,MDV,7,7,0,2.314,103
2018-02-26,MMR,2,0,2,-5.0,6
2018-02-26,NGA,2,2,0,8.0,6
2018-02-26,NPL,3,2,1,0.6,21
2018-02-26,NZL,2,2,0,2.35,12
2018-02-26,OMN,3,3,0,1.567,14
2018-02-26,PAK,82,70,12,1.54,326
2018-02-26,PSE,2,2,0,2.35,2
2018-02-26,QAT,1,1,0,0.0,3
2018-02-26,RUS,2,2,0,2.3,3
2018-02-26,SAS,3,0,3,-3.0,6
2018-02-26,SAU,12,10,2,1.367,31
2018-02-26,SEA,3,1,2,-4.367,12
2018-02-26,SGP,16,13,3,2.587,118
2018-02-26,SYR,3,3,0,2.0,4
2018-02-26,USA,60,34,26,-0.93,315
2018-02-26,VNM,2,2,0,8.0,4
2018-02-26,YEM,5,5,0,3.36,9
2018-02-26,ZAF,3,0,3,-7.733,14
2018-02-27,AFG,4,4,0,2.35,24
2018-02-27,AFR,1,1,0,3.0,2
2018-02-27,ARE,82,78,4,2.27,820
2018-02-27,AUS,6,6,0,3.467,15
2018-02-27,BGD,4,4,0,4.0,16
2018-02-27,BRA,4,4,0,2.125,24
2018-02-27,BTN,3,3,0,5.267,8
2018-02-27,CAN,16,10,6,-1.125,30
2018-02-27,CHN,34,22,12,-0.026,126
2018-02-27,EUR,3,3,0,4.8,12
2018-02-27,FRA,5,4,1,-0.12,8
2018-02-27,GBR,9,9,0,3.756,66
2018-02-27,GHA,1,1,0,6.0,6
2018-02-27,GRC,2,2,0,2.35,10
2018-02-27,HRV,2,2,0,8.0,2
2018-02-27,IRN,9,6,3,2.0,32
2018-02-27,IRQ,6,4,2,0.283,33
2018-02-27,ISR,1,0,1,-2.0,4
2018-02-27,ITA,14,9,5,1.636,37
2018-02-27,JOR,33,33,0,3.136,108
2018-02-27,JPN,9,8,1,1.867,40
2018-02-27,KOR,37,37,0,1.568,161
2018-02-27,LBN,2,0,2,-10.0,6
2018-02-27,LKA,2,2,0,0.0,12
2018-02-27,MDV,11,7,4,-0.273,61
2018-02-27,MEA,10,10,0,0.8,18
2018-02-27,MYS,5,5,0,2.86,8
2018-02-27,NPL,18,10,8,1.122,186
2018-02-27,NZL,3,3,0,2.2,8
2018-02-27,PAK,49,29,20,-0.949,313
2018-02-27,QAT,2,2,0,8.0,2
2018-02-27,RUS,2,2,0,8.0,2
2018-02-27,SAS,2,0,2,-4.0,6
2018-02-27,SAU,15,15,0,3.4,27
2018-02-27,SEA,7,7,0,5.429,34
2018-02-27,SGP,12,10,2,2.075,60
2018-02-27,SSD,4,4,0,2.35,50
2018-02-27,SYR,1,0,1,-9.0,5
2018-02-27,THA,1,0,1,-5.0,4
2018-02-27,TWN,3,1,2,-2.2,12
2018-02-27,USA,49,39,10,0.81,211
2018-02-27,VNM,18,18,0,3.75,109
2018-02-27,ZAF,2,2,0,3.0,3
2018-02-28,AFG,4,4,0,2.35,24
2018-02-28,AFR,2,2,0,4.0,4
2018-02-28,AGO,1,1,0,6.0,1
2018-02-28,ARE,51,44,7,1.098,252
2018-02-28,BGD,13,10,3,0.854,72
2018-02-28,CAN,51,35,16,0.567,125
2018-02-28,CHN,28,21,7,1.039,104
2018-02-28,DEU,5,5,0,0.0,30
2018-02-28,FRA,3,2,1,2.0,28
2018-02-28,GBR,89,75,14,1.247,1256
2018-02-28,IRN,1,1,0,3.4,2
2018-02-28,IRQ,2,2,0,2.35,10
2018-02-28,ISR,4,4,0,5.5,7
2018-02-28,JOR,52,51,1,3.088,350
2018-02-28,JPN,6,6,0,3.85,33
2018-02-28,KOR,14,11,3,0.586,50
2018-02-28,LKA,4,4,0,8.0,12
2018-02-28,MDV,7,7,0,1.143,18
2018-02-28,MEA,10,10,0,1.0,36
2018-02-28,MMR,2,2,0,1.35,10
2018-02-28,MYS,2,2,0,8.0,20
2018-02-28,NPL,13,11,2,3.738,44
2018-02-28,NZL,1,1,0,-2.0,10
2018-02-28,PAK,34,30,4,2.538,115
2018-02-28,SAU,17,17,0,2.624,46
2018-02-28,SEA,4,4,0,2.125,6
2018-02-28,SGP,5,3,2,2.0,46
2018-02-28,SYR,4,4,0,5.2,14
2018-02-28,USA,71,68,3,2.296,300
2018-02-28,VEN,3,3,0,4.0,8
2018-02-28,VNM,11,11,0,3.045,33
2018-02-28,ZAF,5,1,4,-4.22,18
2018-03-01,AFG,2,2,0,3.5,6
2018-03-01,AFR,17,11,6,1.388,40
2018-03-01,ARE,21,16,5,1.157,83
2018-03-01,AUS,3,3,0,1.133,9
2018-03-01,BGD,23,16,7,0.983,100
2018-03-01,BTN,5,4,1,-0.12,8
2018-03-01,CAN,38,21,17,0.408,211
2018-03-01,CHN,29,23,6,0.814,116
2018-03-01,DEU,4,4,0,1.25,10
2018-03-01,DNK,1,1,0,3.4,2
2018-03-01,EUR,3,3,0,5.6,16
2018-03-01,FRA,26,26,0,3.935,96
2018-03-01,GBR,68,59,9,1.56,359
2018-03-01,GHA,3,3,0,2.2,24
2018-03-01,IRL,5,0,5,-10.0,24
2018-03-01,IRN,12,10,2,1.067,25
2018-03-01,ISR,9,9,0,3.3,90
2018-03-01,ITA,12,11,1,2.775,50
2018-03-01,JOR,59,58,1,2.312,215
2018-03-01,JPN,10,9,1,3.98,25
2018-03-01,KOR,1,1,0,4.0,6
2018-03-01,LKA,4,3,1,0.0,18
2018-03-01,MDV,6,4,2,1.167,19
2018-03-01,MEA,11,10,1,1.818,17
2018-03-01,MMR,2,2,0,3.4,2
2018-03-01,NPL,8,1,7,-5.825,26
2018-03-01,PAK,61,51,10,0.767,824
2018-03-01,PHL,1,0,1,-5.0,3
2018-03-01,PRT,2,2,0,2.35,2
2018-03-01,RUS,11,11,0,4.818,58
2018-03-01,SAU,17,17,0,2.2,37
2018-03-01,SEA,10,10,0,2.74,46
2018-03-01,SWE,4,4,0,2.35,6
2018-03-01,SYR,3,2,1,0.333,7
2018-03-01,THA,11,6,5,-0.991,33
2018-03-01,UGA,2,2,0,2.35,20
2018-03-01,USA,60,45,15,1.015,262
2018-03-01,VNM,12,12,0,3.75,25
2018-03-01,ZAF,6,4,2,-3.033,28
2018-03-02,AFG,2,2,0,3.5,6
2018-03-02,AFR,7,3,4,-0.086,40
2018-03-02,ARE,13,8,5,-0.8,44
2018-03-02,AUS,2,2,0,0.0,6
2018-03-02,BGD,17,6,11,-2.341,61
2018-03-02,BRA,2,2,0,2.35,12
2018-03-02,BRN,2,2,0,3.4,2
2018-03-02,CAN,20,17,3,2.08,101
2018-03-02,CHN,69,59,10,2.271,1754
2018-03-02,DEU,2,0,2,-5.0,5
2018-03-02,ECU,3,3,0,2.7,18
2018-03-02,ETH,1,1,0,4.0,1
2018-03-02,EUR,1,1,0,3.4,20
2018-03-02,FRA,5,5,0,0.0,13
2018-03-02,GBR,11,3,8,-3.818,39
2018-03-02,IDN,4,4,0,2.35,12
2018-03-02,ISR,14,14,0,2.586,32
2018-03-02,ITA,16,15,1,2.331,101
2018-03-02,JOR,15,15,0,5.42,24
2018-03-02,JPN,3,3,0,2.467,16
2018-03-02,LKA,5,4,1,0.2,78
2018-03-02,MCO,3,3,0,7.0,5
2018-03-02,MDV,3,3,0,2.2,24
2018-03-02,MEA,2,2,0,2.35,12
2018-03-02,NPL,1,1,0,4.0,2
2018-03-02,PAK,48,30,18,-0.519,165
2018-03-02,RUS,6,6,0,3.0,26
2018-03-02,SAU,7,7,0,2.757,16
2018-03-02,SEA,2,2,0,3.0,10
2018-03-02,SGP,4,4,0,6.0,60
2018-03-02,SYR,4,2,2,-1.725,29
2018-03-02,THA,3,2,1,-0.1,10
2018-03-02,USA,43,37,6,1.258,263
2018-03-02,VNM,45,45,0,2.871,409
2018-03-02,ZAF,4,4,0,1.9,26
2018-03-03,AFG,10,10,0,3.33,98
2018-03-03,AFR,3,2,1,0.9,10
2018-03-03,ARE,16,3,13,-6.463,34
2018-03-03,ARM,2,2,0,4.0,3
2018-03-03,AUS,7,4,3,-2.943,22
2018-03-03,BEL,2,0,2,-5.0,4
2018-03-03,BGD,44,35,9,1.502,314
2018-03-03,CAN,23,20,3,0.352,63
2018-03-03,CHE,5,3,2,-2.38,18
2018-03-03,CHN,31,21,10,2.281,82
2018-03-03,DEU,3,3,0,2.5,12
2018-03-03,ESP,3,0,3,-10.0,6
2018-03-03,EUR,2,2,0,1.0,6
2018-03-03,FRA,4,4,0,2.575,12
2018-03-03,GBR,20,18,2,1.985,170
2018-03-03,IDN,1,0,1,-2.0,6
2018-03-03,ISR,6,6,0,2.35,12
2018-03-03,ITA,21,19,2,1.476,85
2018-03-03,JOR,2,0,2,-6.5,6
2018-03-03,JPN,8,6,2,3.5,20
2018-03-03,LKA,6,5,1,3.183,26
2018-03-03,MCO,2,2,0,4.0,8
2018-03-03,MDV,6,2,4,-1.133,26
2018-03-03,MEA,6,6,0,2.35,24
2018-03-03,NPL,18,11,7,-0.489,87
2018-03-03,PAK,33,27,6,0.964,190
2018-03-03,PHL,2,2,0,3.0,4
2018-03-03,SAS,2,0,2,-6.5,5
2018-03-03,SWE,4,4,0,0.0,14
2018-03-03,SYR,4,0,4,-6.65,20
2018-03-03,USA,136,119,17,1.388,889
2018-03-03,VNM,111,111,0,1.985,591
2018-03-03,ZAF,16,11,5,-1.275,34
2018-03-04,AFG,1,1,0,3.4,2
2018-03-04,ARE,9,7,2,1.778,22
2018-03-04,BGD,11,11,0,4.973,84
2018-03-04,CHE,4,3,1,-0.95,58
2018-03-04,CHN,25,20,5,1.076,147
2018-03-04,DEU,3,0,3,-2.0,6
2018-03-04,EUR,1,1,0,6.4,10
2018-03-04,GBR,35,32,3,2.357,165
2018-03-04,ITA,1,1,0,3.0,2
2018-03-04,JOR,5,3,2,-1.6,20
2018-03-04,JPN,5,5,0,0.8,14
2018-03-04,LKA,2,0,2,-2.0,4
2018-03-04,MAR,2,2,0,2.35,8
2018-03-04,MDV,1,0,1,-2.0,20
2018-03-04,MEA,7,7,0,1.0,24
2018-03-04,MMR,1,0,1,-5.0,5
2018-03-04,MUS,8,0,8,-4.4,30
2018-03-04,MYS,1,1,0,4.0,2
2018-03-04,NPL,7,4,3,0.571,21
2018-03-04,NZL,1,1,0,-0.4,6
2018-03-04,PAK,24,18,6,-0.558,143
2018-03-04,RUS,4,4,0,3.5,8
2018-03-04,SAU,4,3,1,1.15,6
2018-03-04,SEA,5,5,0,3.28,56
2018-03-04,SWE,2,2,0,0.0,4
2018-03-04,SYR,2,0,2,-6.5,5
2018-03-04,USA,69,62,7,1.757,248
2018-03-04,VNM,36,36,0,1.7,88
2018-03-05,AFG,2,1,1,-1.0,18
2018-03-05,AFR,1,0,1,-9.0,6
2018-03-05,ARE,5,3,2,-1.84,32
2018-03-05,BGD,33,30,3,2.948,160
2018-03-05,BTN,2,2,0,7.0,8
2018-03-05,CAN,5,1,4,-2.8,14
2018-03-05,CHE,1,0,1,-2.0,10
2018-03-05,CHN,26,17,9,-0.242,97
2018-03-05,DEU,2,2,0,2.35,8
2018-03-05,EUR,2,1,1,0.7,12
2018-03-05,FIN,7,7,0,1.814,22
2018-03-05,FRA,10,10,0,3.47,15
2018-03-05,GBR,33,30,3,2.491,86
2018-03-05,IDN,2,0,2,-5.0,8
2018-03-05,IRN,5,5,0,1.96,31
2018-03-05,ITA,23,21,2,2.47,314
2018-03-05,JOR,2,2,0,2.35,8
2018-03-05,JPN,10,8,2,2.03,56
2018-03-05,KOR,3,3,0,2.9,17
2018-03-05,LKA,6,6,0,0.9,14
2018-03-05,MCO,1,0,1,-5.0,2
2018-03-05,MDV,3,1,2,-3.667,12
2018-03-05,MEA,4,4,0,1.0,6
2018-03-05,MMR,1,1,0,-2.0,4
2018-03-05,MUS,2,0,2,-4.4,6
2018-03-05,MYS,7,2,5,-2.9,13
2018-03-05,NLD,4,4,0,2.35,4
2018-03-05,NPL,5,5,0,2.98,16
2018-03-05,PAK,27,15,12,-0.863,86
2018-03-05,PSE,1,0,1,-9.5,2
2018-03-05,RUS,4,2,2,-3.825,20
2018-03-05,SAS,1,0,1,-10.0,4
2018-03-05,SAU,13,11,2,1.208,62
2018-03-05,SEA,1,1,0,0.4,3
2018-03-05,SGP,3,3,0,4.267,16
2018-03-05,SWE,7,7,0,0.671,28
2018-03-05,USA,81,71,10,1.889,371
2018-03-05,VNM,8,8,0,2.825,21
2018-03-05,ZAF,2,1,1,-4.5,5
2018-03-06,AFR,3,3,0,-2.0,6
2018-03-06,ARE,10,4,6,-3.25,71
2018-03-06,BGD,11,9,2,0.682,43
2018-03-06,BRN,2,2,0,3.4,2
2018-03-06,BTN,2,2,0,7.0,4
2018-03-06,CAN,14,10,4,0.486,42
2018-03-06,CHE,1,1,0,3.4,20
2018-03-06,CHN,54,44,10,0.763,184
2018-03-06,DEU,6,4,2,1.817,26
2018-03-06,ESP,3,3,0,1.133,10
2018-03-06,FIN,1,1,0,1.0,4
2018-03-06,FRA,17,16,1,2.453,23
2018-03-06,GBR,34,29,5,1.094,93
2018-03-06,GHA,1,1,0,0.4,10
2018-03-06,IRL,2,2,0,2.35,12
2018-03-06,IRN,12,10,2,2.342,27
2018-03-06,IRQ,1,1,0,-2.0,3
2018-03-06,ISL,3,2,1,3.6,15
2018-03-06,ISR,13,13,0,3.538,256
2018-03-06,ITA,24,19,5,1.892,68
2018-03-06,JOR,7,7,0,2.729,20
2018-03-06,KOR,2,2,0,2.35,12
2018-03-06,KWT,2,2,0,2.35,40
2018-03-06,LKA,4,2,2,-2.5,12
2018-03-06,MDV,12,4,8,-1.5,28
2018-03-06,MUS,5,0,5,-4.4,24
2018-03-06,MYS,10,7,3,0.97,42
2018-03-06,NOR,15,15,0,8.0,102
2018-03-06,PAK,25,16,9,0.308,85
2018-03-06,PRK,1,1,0,0.0,2
2018-03-06,QAT,4,4,0,0.4,17
2018-03-06,RUS,52,17,35,-2.502,291
2018-03-06,SAS,3,0,3,-2.667,66
2018-03-06,SAU,10,10,0,4.4,21
2018-03-06,SEA,2,2,0,1.0,12
2018-03-06,SGP,5,5,0,4.0,18
2018-03-06,SYR,6,4,2,0.9,6
2018-03-06,THA,14,13,1,1.793,280
2018-03-06,TUR,2,2,0,7.4,4
2018-03-06,TWN,2,0,2,-6.5,3
2018-03-06,USA,97,87,10,2.265,926
2018-03-06,VNM,2,2,0,8.0,6
2018-03-06,YEM,1,1,0,4.0,8
2018-03-06,ZAF,3,3,0,0.6,8
2018-03-07,AFG,1,1,0,3.4,2
2018-03-07,AFR,15,10,5,-3.267,78
2018-03-07,ARE,12,6,6,-1.217,91
2018-03-07,ASA,2,2,0,7.4,4
2018-03-07,AUS,1,1,0,6.0,1
2018-03-07,BGD,34,31,3,1.274,110
2018-03-07,BTN,2,0,2,-10.0,2
2018-03-07,CAN,20,20,0,2.645,42
2018-03-07,CHE,1,0,1,-5.0,10
2018-03-07,CHN,41,27,14,-1.249,296
2018-03-07,DEU,2,2,0,0.0,5
2018-03-07,ETH,2,2,0,4.0,18
2018-03-07,EUR,6,5,1,4.667,39
2018-03-07,FRA,46,46,0,4.287,96
2018-03-07,GBR,31,17,14,-0.2,59
2018-03-07,GRC,6,5,1,0.367,34
2018-03-07,IRL,5,5,0,1.4,11
2018-03-07,IRN,13,13,0,2.331,31
2018-03-07,ISR,34,31,3,3.665,493
2018-03-07,ITA,10,10,0,2.46,69
2018-03-07,JPN,5,5,0,1.0,16
2018-03-07,KOR,2,2,0,0.0,5
2018-03-07,MDV,7,0,7,-4.829,18
2018-03-07,MMR,7,5,2,1.3,45
2018-03-07,MUS,4,0,4,-4.4,6
2018-03-07,NPL,5,4,1,-0.12,22
2018-03-07,OMN,2,2,0,2.35,6
2018-03-07,PAK,29,11,18,-2.931,90
2018-03-07,PER,1,1,0,3.0,6
2018-03-07,PRK,5,2,3,-3.6,23
2018-03-07,QAT,4,4,0,0.4,21
2018-03-07,RUS,70,26,44,-2.567,197
2018-03-07,SAS,11,6,5,-1.773,37
2018-03-07,SAU,7,6,1,2.571,23
2018-03-07,SEA,2,2,0,1.0,4
2018-03-07,SGP,1,1,0,1.0,6
2018-03-07,SYC,4,4,0,5.2,14
2018-03-07,SYR,3,0,3,-2.0,10
2018-03-07,THA,9,8,1,1.9,23
2018-03-07,TTO,1,1,0,0.0,2
2018-03-07,USA,87,69,18,0.769,585
2018-03-07,VNM,11,10,1,2.973,37
2018-03-07,ZMB,2,0,2,-5.0,6
2018-03-07,ZWE,2,1,1,0.0,8
2018-03-08,AFG,9,4,5,-4.133,15
2018-03-08,AFR,6,6,0,1.683,97
2018-03-08,ARE,74,29,45,-1.639,622
2018-03-08,AUS,1,1,0,-0.4,5
2018-03-08,BGD,54,50,4,2.094,554
2018-03-08,BHR,4,4,0,1.0,12
2018-03-08,CAN,27,23,4,1.352,59
2018-03-08,CHN,33,26,7,0.97,215
2018-03-08,DEU,2,2,0,2.35,6
2018-03-08,DNK,1,1,0,0.4,3
2018-03-08,ESP,2,2,0,1.0,2
2018-03-08,ETH,2,2,0,4.0,16
2018-03-08,EUR,8,8,0,1.812,211
2018-03-08,FRA,47,47,0,3.349,127
2018-03-08,GBR,19,11,8,0.532,67
2018-03-08,GHA,2,2,0,0.0,4
2018-03-08,GUY,3,3,0,2.4,6
2018-03-08,HUN,3,3,0,4.0,10
2018-03-08,IRN,8,8,0,2.612,10
2018-03-08,ISR,45,38,7,2.378,99
2018-03-08,JOR,2,2,0,0.0,2
2018-03-08,JPN,4,4,0,7.0,24
2018-03-08,KOR,5,4,1,0.96,20
2018-03-08,LBN,2,2,0,4.7,20
2018-03-08,LKA,5,2,3,-4.06,16
2018-03-08,MDV,4,1,3,-5.25,13
2018-03-08,MMR,2,2,0,7.0,3
2018-03-08,NGA,2,0,2,-5.0,6
2018-03-08,NPL,6,3,3,-2.8,26
2018-03-08,PAK,15,4,11,-2.6,27
2018-03-08,PHL,4,4,0,2.35,4
2018-03-08,POL,1,1,0,0.0,2
2018-03-08,PRK,3,0,3,-10.0,5
2018-03-08,RUS,7,1,6,-6.957,26
2018-03-08,SAU,3,3,0,4.0,4
2018-03-08,SEA,10,10,0,0.57,59
2018-03-08,SGP,5,3,2,-0.2,15
2018-03-08,SWE,3,2,1,3.6,14
2018-03-08,SYC,4,4,0,5.2,14
2018-03-08,THA,4,4,0,4.875,14
2018-03-08,TUR,4,0,4,-10.0,10
2018-03-08,TWN,6,5,1,1.5,6
2018-03-08,USA,108,88,20,1.679,729
2018-03-09,AFG,2,2,0,3.4,8
2018-03-09,AFR,4,4,0,4.675,39
2018-03-09,ARE,28,16,12,-1.257,78
2018-03-09,AUS,2,2,0,2.35,16
2018-03-09,BGD,63,60,3,2.397,441
2018-03-09,CAN,49,38,11,0.616,104
2018-03-09,CHE,1,0,1,-5.0,4
2018-03-09,CHN,55,43,12,1.096,187
2018-03-09,CZE,1,1,0,6.4,6
2018-03-09,DEU,7,7,0,2.0,19
2018-03-09,DNK,3,3,0,0.4,9
2018-03-09,ECU,1,1,0,7.0,3
2018-03-09,ETH,1,1,0,4.0,2
2018-03-09,EUR,3,3,0,3.4,35
2018-03-09,FRA,124,120,4,2.663,555
2018-03-09,GBR,51,45,6,1.984,237
2018-03-09,GRC,2,1,1,-5.0,70
2018-03-09,IRN,16,16,0,2.556,20
2018-03-09,ISL,2,2,0,3.4,6
2018-03-09,ISR,11,10,1,3.155,64
2018-03-09,ITA,6,4,2,-1.767,22
2018-03-09,JPN,4,3,1,4.75,14
2018-03-09,KOR,9,6,3,0.133,54
2018-03-09,LBY,8,8,0,2.175,16
2018-03-09,LKA,5,5,0,2.08,30
2018-03-09,MDV,2,2,0,0.5,15
2018-03-09,NLD,4,4,0,2.35,4
2018-03-09,NZL,1,1,0,3.4,2
2018-03-09,PAK,48,19,29,-2.81,298
2018-03-09,PRK,2,2,0,7.0,4
2018-03-09,RUS,12,8,4,1.075,37
2018-03-09,SAS,2,0,2,-4.0,3
2018-03-09,SEA,7,5,2,-0.571,52
2018-03-09,SGP,18,10,8,0.567,75
2018-03-09,TGO,2,2,0,2.35,16
2018-03-09,TWN,5,5,0,1.34,12
2018-03-09,USA,60,43,17,0.603,567
2018-03-09,VNM,1,1,0,5.2,1
2018-03-09,ZAF,3,3,0,1.567,14
2018-03-10,AFR,7,4,3,-2.0,46
2018-03-10,ARE,1,1,0,0.4,12
2018-03-10,ASA,1,1,0,7.4,1
2018-03-10,AUS,14,12,2,1.5,37
2018-03-10,BGD,33,30,3,1.606,154
2018-03-10,CAN,18,9,9,-1.511,88
2018-03-10,CHE,2,1,1,-0.8,7
2018-03-10,CHN,34,23,11,0.574,104
2018-03-10,DEU,2,0,2,-9.0,12
2018-03-10,DNK,1,1,0,0.0,4
2018-03-10,EUR,1,0,1,-2.0,8
2018-03-10,FRA,296,277,19,2.504,3978
2018-03-10,GBR,18,16,2,1.539,189
2018-03-10,GRC,2,1,1,-5.0,30
2018-03-10,HKG,1,0,1,-2.0,8
2018-03-10,IDN,2,0,2,-6.5,8
2018-03-10,IRN,9,7,2,-0.311,15
2018-03-10,ISL,4,4,0,3.4,18
2018-03-10,ISR,4,4,0,2.35,10
2018-03-10,ITA,5,3,2,-0.44,27
2018-03-10,JPN,4,4,0,4.0,20
2018-03-10,LKA,21,15,6,0.5,128
2018-03-10,MMR,4,3,1,0.25,15
2018-03-10,MYS,1,1,0,4.0,2
2018-03-10,NGA,33,0,33,-9.682,255
2018-03-10,NLD,1,1,0,5.0,4
2018-03-10,NPL,17,13,4,1.365,64
2018-03-10,OMN,1,1,0,4.0,2
2018-03-10,PAK,25,6,19,-4.832,131
2018-03-10,PHL,4,4,0,7.0,8
2018-03-10,QAT,4,4,0,2.65,14
2018-03-10,RUS,19,18,1,2.353,78
2018-03-10,SAS,1,0,1,-2.0,6
2018-03-10,SAU,4,4,0,2.35,4
2018-03-10,SGP,5,5,0,1.0,23
2018-03-10,SUR,6,6,0,2.2,30
2018-03-10,SYC,5,5,0,3.2,33
2018-03-10,SYR,6,6,0,2.35,24
2018-03-10,THA,6,5,1,0.25,15
2018-03-10,TUR,1,1,0,3.4,1
2018-03-10,USA,52,45,7,1.819,213
2018-03-10,VNM,6,6,0,1.567,6
2018-03-10,VUT,2,2,0,7.0,4
2018-03-10,ZAF,1,1,0,7.0,3
2018-03-11,AFG,2,2,0,3.4,8
2018-03-11,AFR,14,14,0,6.171,207
2018-03-11,AUS,3,2,1,-1.667,10
2018-03-11,BGD,45,40,5,1.751,166
2018-03-11,CAN,4,4,0,2.35,24
2018-03-11,CHE,6,6,0,4.75,8
2018-03-11,CHN,24,21,3,1.821,48
2018-03-11,ECU,1,1,0,7.0,3
2018-03-11,FJI,6,6,0,2.4,12
2018-03-11,FRA,245,242,3,3.984,2881
2018-03-11,GBR,21,21,0,3.738,61
2018-03-11,GHA,8,8,0,2.35,48
2018-03-11,GRC,1,0,1,-10.0,10
2018-03-11,JOR,1,1,0,4.0,1
2018-03-11,JPN,2,2,0,0.0,13
2018-03-11,KOR,1,1,0,3.4,2
2018-03-11,LKA,23,23,0,2.422,110
2018-03-11,MDV,3,3,0,2.2,24
2018-03-11,MMR,2,0,2,-5.0,18
2018-03-11,NGA,3,0,3,-10.0,14
2018-03-11,NLD,2,0,2,-4.4,8
2018-03-11,NPL,10,8,2,0.88,42
2018-03-11,PAK,32,25,7,0.472,114
2018-03-11,PHL,1,1,0,3.4,6
2018-03-11,POL,1,0,1,-10.0,3
2018-03-11,QAT,5,5,0,2.08,28
2018-03-11,RUS,8,8,0,1.425,28
2018-03-11,SAS,4,4,0,1.0,4
2018-03-11,SGP,1,1,0,3.4,1
2018-03-11,SUR,4,4,0,2.35,6
2018-03-11,SYR,4,1,3,-6.85,12
2018-03-11,TGO,4,4,0,2.35,8
2018-03-11,THA,2,2,0,2.35,8
2018-03-11,TUR,3,0,3,-4.0,4
2018-03-11,USA,68,58,10,0.997,1227
2018-03-11,VNM,2,2,0,5.2,2
2018-03-12,AFG,2,1,1,-4.8,16
2018-03-12,AFR,3,3,0,5.333,10
2018-03-12,ARE,26,21,5,0.8,70
2018-03-12,ASA,3,3,0,7.8,6
2018-03-12,AUS,21,21,0,2.129,49
2018-03-12,BEL,3,2,1,0.233,10
2018-03-12,BGD,13,9,4,-0.285,30
2018-03-12,BGR,6,6,0,2.9,12
2018-03-12,CAN,21,18,3,1.071,54
2018-03-12,CHE,1,0,1,-2.0,2
2018-03-12,CHN,47,40,7,2.47,315
2018-03-12,EGY,2,2,0,2.35,4
2018-03-12,FJI,2,2,0,2.35,12
2018-03-12,FRA,192,186,6,3.503,969
2018-03-12,GBR,18,16,2,1.739,77
2018-03-12,GHA,12,12,0,2.192,51
2018-03-12,ISR,8,8,0,6.4,48
2018-03-12,JPN,5,5,0,2.34,18
2018-03-12,KHM,1,1,0,2.5,6
2018-03-12,LKA,11,10,1,1.764,73
2018-03-12,NAM,1,0,1,-6.5,4
2018-03-12,NPL,12,12,0,2.567,51
2018-03-12,PAK,38,18,20,-1.784,155
2018-03-12,PGS,3,0,3,-2.0,8
2018-03-12,PHL,1,1,0,3.4,6
2018-03-12,POL,6,3,3,-3.9,29
2018-03-12,SAS,7,4,3,-0.929,33
2018-03-12,SGP,5,4,1,0.64,15
2018-03-12,SWE,1,1,0,7.0,2
2018-03-12,SYR,3,3,0,7.0,6
2018-03-12,THA,2,2,0,2.35,8
2018-03-12,USA,59,49,10,0.998,488
2018-03-12,VEN,4,4,0,1.8,20
2018-03-12,VNM,6,6,0,1.567,6
2018-03-12,ZAF,3,2,1,2.667,5
2018-03-13,AFG,1,1,0,0.4,6
2018-03-13,AFR,7,3,4,1.0,32
2018-03-13,ARE,12,6,6,-1.983,57
2018-03-13,AUS,2,2,0,2.35,4
2018-03-13,BGR,5,5,0,1.96,9
2018-03-13,BLR,2,2,0,4.0,10
2018-03-13,BRA,3,0,3,-2.0,7
2018-03-13,CAN,13,10,3,0.292,34
2018-03-13,CHE,1,0,1,-9.0,8
2018-03-13,CHN,38,38,0,2.729,77
2018-03-13,EST,2,0,2,-5.0,4
2018-03-13,FRA,34,34,0,2.171,81
2018-03-13,GBR,15,10,5,1.14,90
2018-03-13,GHA,10,9,1,1.76,24
2018-03-13,IRL,2,2,0,0.0,4
2018-03-13,ISR,5,4,1,2.96,13
2018-03-13,ITA,3,2,1,-0.6,3
2018-03-13,JPN,5,5,0,1.5,17
2018-03-13,LKA,7,7,0,2.5,26
2018-03-13,MDV,9,7,2,0.0,20
2018-03-13,MEA,1,0,1,-4.4,6
2018-03-13,MMR,1,0,1,-5.0,4
2018-03-13,MUS,3,3,0,5.2,10
2018-03-13,NGA,2,0,2,-10.0,7
2018-03-13,NPL,7,3,4,-2.2,17
2018-03-13,PAK,40,12,28,-2.49,116
2018-03-13,POL,2,0,2,-10.0,12
2018-03-13,QAT,2,2,0,5.0,6
2018-03-13,RUS,10,10,0,0.4,30
2018-03-13,SAS,2,0,2,-3.0,8
2018-03-13,SAU,12,11,1,1.492,74
2018-03-13,SGP,3,3,0,3.267,6
2018-03-13,SWE,3,3,0,2.5,16
2018-03-13,THA,2,2,0,4.0,4
2018-03-13,TUR,2,0,2,-5.0,2
2018-03-13,TWN,2,2,0,5.2,8
2018-03-13,USA,73,67,6,1.944,257
2018-03-13,UZB,2,2,0,4.0,2
2018-03-13,YEM,2,0,2,-10.0,8
2018-03-13,ZAF,1,1,0,7.0,4
2018-03-14,AFG,3,2,1,-1.767,10
2018-03-14,AFR,1,0,1,-9.5,4
2018-03-14,ARE,7,4,3,-0.786,43
2018-03-14,ARG,1,1,0,3.4,2
2018-03-14,AUS,6,5,1,2.5,46
2018-03-14,AUT,2,0,2,-2.0,2
2018-03-14,BEN,1,1,0,6.4,5
2018-03-14,BGD,6,4,2,-0.2,24
2018-03-14,BLR,1,1,0,4.0,4
2018-03-14,BRA,2,2,0,0.0,10
2018-03-14,CAN,2,0,2,-5.0,4
2018-03-14,CHN,42,38,4,2.029,104
2018-03-14,DEU,3,3,0,0.0,11
2018-03-14,ESP,2,2,0,0.0,10
2018-03-14,EUR,6,2,4,-5.533,21
2018-03-14,FRA,14,12,2,1.4,42
2018-03-14,GBR,58,51,7,0.49,575
2018-03-14,GHA,5,4,1,1.64,6
2018-03-14,GRC,2,0,2,-4.0,2
2018-03-14,IRN,9,9,0,1.6,33
2018-03-14,ISR,9,9,0,4.733,16
2018-03-14,ITA,3,3,0,3.4,8
2018-03-14,JOR,1,0,1,-10.0,5
2018-03-14,JPN,6,5,1,1.8,27
2018-03-14,KOR,9,7,2,2.044,24
2018-03-14,LKA,3,1,2,-4.533,13
2018-03-14,MCO,3,3,0,1.567,12
2018-03-14,MDV,4,0,4,-5.75,51
2018-03-14,MMR,1,0,1,-5.0,4
2018-03-14,MUS,2,2,0,4.0,12
2018-03-14,NPL,22,9,13,-1.486,51
2018-03-14,NZL,3,3,0,2.733,11
2018-03-14,PAK,37,21,16,-0.668,111
2018-03-14,PSE,1,1,0,7.0,2
2018-03-14,RUS,1,1,0,3.0,4
2018-03-14,SAS,2,1,1,-1.75,6
2018-03-14,SAU,10,8,2,1.09,20
2018-03-14,SEA,2,1,1,-0.65,8
2018-03-14,SGP,2,1,1,-3.25,20
2018-03-14,TWN,3,3,0,2.2,10
2018-03-14,USA,120,116,4,2.668,753
2018-03-14,VNM,1,1,0,7.0,6
2018-03-15,AFG,1,0,1,-5.0,8
2018-03-15,AFR,1,0,1,-4.4,1
2018-03-15,ARE,10,7,3,-0.25,58
2018-03-15,ARM,4,0,4,-10.0,18
2018-03-15,AUS,11,10,1,3.773,42
2018-03-15,BEL,12,4,8,-5.883,40
2018-03-15,BGD,20,15,5,0.325,82
2018-03-15,CAN,22,17,5,-0.686,110
2018-03-15,CHN,23,18,5,2.343,100
2018-03-15,DEU,10,10,0,4.0,47
2018-03-15,EUR,4,4,0,7.2,14
2018-03-15,FRA,9,9,0,2.833,24
2018-03-15,GBR,30,22,8,-0.487,100
2018-03-15,GHA,1,1,0,0.0,3
2018-03-15,GRC,1,1,0,3.4,8
2018-03-15,IDN,2,2,0,4.0,4
2018-03-15,IRN,4,4,0,3.05,24
2018-03-15,ITA,20,16,4,0.89,102
2018-03-15,JOR,2,2,0,4.7,10
2018-03-15,JPN,4,1,3,-1.0,57
2018-03-15,KAZ,6,6,0,3.45,36
2018-03-15,KHM,2,2,0,2.35,372
2018-03-15,KWT,2,2,0,2.35,16
2018-03-15,LBN,1,1,0,5.0,1
2018-03-15,LUX,1,1,0,0.0,3
2018-03-15,MDV,1,1,0,7.4,10
2018-03-15,MEA,1,1,0,0.0,1
2018-03-15,MEX,1,1,0,6.4,2
2018-03-15,MMR,7,4,3,-2.943,40
2018-03-15,MUS,5,3,2,1.6,13
2018-03-15,MYS,3,3,0,2.6,6
2018-03-15,NAM,1,1,0,0.0,2
2018-03-15,NLD,1,1,0,5.2,6
2018-03-15,NPL,11,10,1,3.073,51
2018-03-15,OMN,2,2,0,4.5,10
2018-03-15,PAK,146,101,45,0.212,1050
2018-03-15,QAT,4,4,0,0.0,10
2018-03-15,RUS,3,3,0,4.0,24
2018-03-15,SAS,4,1,3,-5.875,49
2018-03-15,SAU,6,3,3,-1.0,10
2018-03-15,SEA,4,4,0,1.0,6
2018-03-15,SGP,2,2,0,6.0,6
2018-03-15,SWE,3,3,0,2.5,8
2018-03-15,SYR,6,6,0,2.35,20
2018-03-15,THA,15,15,0,1.96,372
2018-03-15,TUR,5,2,3,-5.68,27
2018-03-15,TWN,3,3,0,2.2,10
2018-03-15,USA,62,49,13,1.335,364
2018-03-15,UZB,1,1,0,7.4,8
2018-03-15,VNM,3,3,0,4.333,24
2018-03-15,ZAF,2,0,2,-7.0,14
2018-03-16,AFG,2,0,2,-10.0,7
2018-03-16,ARE,8,8,0,2.925,18
2018-03-16,AUS,12,12,0,2.95,27
2018-03-16,BEL,12,8,4,-3.217,30
2018-03-16,BGD,11,4,7,-2.445,32
2018-03-16,BTN,1,1,0,5.0,4
2018-03-16,CAN,27,19,8,0.326,140
2018-03-16,CHN,9,7,2,1.456,59
2018-03-16,DEU,3,0,3,-6.667,12
2018-03-16,EUR,4,4,0,4.375,15
2018-03-16,FIN,1,1,0,-2.0,16
2018-03-16,FRA,20,20,0,2.485,82
2018-03-16,GBR,21,16,5,1.014,78
2018-03-16,GRC,1,1,0,3.4,4
2018-03-16,IRL,8,7,1,1.25,22
2018-03-16,IRQ,1,1,0,6.0,4
2018-03-16,ISR,5,5,0,5.8,13
2018-03-16,ITA,1,1,0,0.0,6
2018-03-16,JOR,1,1,0,7.4,4
2018-03-16,JPN,9,9,0,6.111,26
2018-03-16,KHM,2,2,0,2.35,12
2018-03-16,KOR,1,0,1,-2.0,6
2018-03-16,KWT,2,2,0,2.35,16
2018-03-16,LKA,9,6,3,3.067,74
2018-03-16,MMR,3,3,0,-0.3,50
2018-03-16,MUS,6,6,0,1.9,10
2018-03-16,MYS,3,3,0,2.7,13
2018-03-16,NLD,1,1,0,3.0,1
2018-03-16,NPL,11,11,0,3.245,40
2018-03-16,PAK,76,62,14,1.066,242
2018-03-16,POL,2,2,0,2.35,12
2018-03-16,RUS,2,0,2,-2.0,2
2018-03-16,SAS,5,3,2,2.44,26
2018-03-16,SAU,7,7,0,4.0,10
2018-03-16,SEA,4,4,0,3.0,14
2018-03-16,SGP,4,3,1,3.05,8
2018-03-16,THA,2,2,0,2.35,12
2018-03-16,TUR,2,2,0,3.5,52
2018-03-16,UKR,4,4,0,4.0,12
2018-03-16,USA,76,57,19,1.707,401
2018-03-16,UZB,5,3,2,0.44,8
2018-03-16,VNM,4,4,0,2.35,8
2018-03-17,ARE,23,18,5,-0.139,51
2018-03-17,ARG,2,0,2,-4.4,4
2018-03-17,AUS,3,2,1,4.0,9
2018-03-17,BGD,28,11,17,-1.304,172
2018-03-17,CAN,5,3,2,0.04,10
2018-03-17,CHN,15,12,3,2.46,54
2018-03-17,CRB,23,23,0,2.904,180
2018-03-17,DEU,10,10,0,3.4,27
2018-03-17,DNK,2,2,0,0.0,3
2018-03-17,ECU,1,0,1,-5.0,1
2018-03-17,ESP,5,4,1,1.26,11
2018-03-17,EUR,1,0,1,-2.0,4
2018-03-17,FJI,6,6,0,1.9,44
2018-03-17,FRA,4,4,0,3.3,12
2018-03-17,GBR,4,3,1,2.2,10
2018-03-17,GHA,4,4,0,3.5,4
2018-03-17,GRC,2,2,0,2.35,8
2018-03-17,IRL,14,0,14,-4.714,135
2018-03-17,IRN,16,16,0,4.175,20
2018-03-17,ITA,6,0,6,-9.417,27
2018-03-17,JOR,4,4,0,2.35,6
2018-03-17,JPN,9,8,1,3.711,34
2018-03-17,LBN,2,2,0,7.0,2
2018-03-17,LKA,4,4,0,2.35,16
2018-03-17,MCO,2,2,0,2.35,2
2018-03-17,MMR,8,8,0,3.088,55
2018-03-17,MYS,1,1,0,6.0,2
2018-03-17,NGA,5,0,5,-5.0,9
2018-03-17,NPL,7,2,5,-4.286,29
2018-03-17,PAK,110,74,36,0.3,690
2018-03-17,PAN,5,0,5,-5.0,72
2018-03-17,RUS,7,0,7,-7.086,17
2018-03-17,SAS,1,0,1,-2.0,6
2018-03-17,SAU,1,1,0,3.4,1
2018-03-17,SEA,1,1,0,0.0,8
2018-03-17,SGP,2,1,1,1.0,20
2018-03-17,SYR,5,3,2,-0.2,8
2018-03-17,THA,6,3,3,-2.233,14
2018-03-17,USA,54,35,19,1.263,333
2018-03-18,ARE,4,4,0,2.35,36
2018-03-18,ASA,9,9,0,2.733,24
2018-03-18,AUS,5,4,1,1.48,16
2018-03-18,BEL,2,2,0,6.0,10
2018-03-18,BGD,29,8,21,-2.562,142
2018-03-18,CHE,3,3,0,0.0,58
2018-03-18,CHN,9,8,1,4.667,20
2018-03-18,DEU,5,5,0,3.62,23
2018-03-18,EGY,2,2,0,4.0,6
2018-03-18,ESP,1,0,1,-2.0,4
2018-03-18,FRA,2,2,0,3.0,4
2018-03-18,GBR,13,10,3,1.3,28
2018-03-18,GHA,3,3,0,2.567,12
2018-03-18,IRL,4,0,4,-5.0,35
2018-03-18,LKA,7,7,0,2.143,16
2018-03-18,MDV,4,0,4,-2.75,14
2018-03-18,MMR,1,1,0,0.0,5
2018-03-18,NGA,11,2,9,-4.091,37
2018-03-18,NPL,5,2,3,0.4,42
2018-03-18,NZL,2,2,0,2.35,20
2018-03-18,PAK,105,44,61,-2.71,956
2018-03-18,PAN,2,0,2,-5.0,2
2018-03-18,PER,1,1,0,0.0,2
2018-03-18,QAT,1,1,0,3.4,10
2018-03-18,RUS,3,3,0,1.0,8
2018-03-18,SAS,6,5,1,0.533,24
2018-03-18,SEA,3,3,0,2.2,8
2018-03-18,USA,25,22,3,1.684,76
2018-03-18,VNM,6,6,0,2.35,8
2018-03-18,YEM,2,2,0,2.35,8
2018-03-18,ZAF,2,0,2,-5.0,6
2018-03-19,AFG,10,8,2,-0.12,14
2018-03-19,ARE,14,11,3,1.15,43
2018-03-19,BGD,22,10,12,-1.664,57
2018-03-19,CAN,8,8,0,3.212,48
2018-03-19,CHE,10,10,0,0.52,36
2018-03-19,CHN,36,36,0,3.103,455
2018-03-19,DEU,1,1,0,4.0,2
2018-03-19,ESP,2,2,0,7.0,6
2018-03-19,FRA,13,13,0,3.062,37
2018-03-19,GBR,19,15,4,0.353,67
2018-03-19,GHA,3,3,0,2.467,14
2018-03-19,IDN,2,2,0,2.35,12
2018-03-19,IRL,9,9,0,1.9,18
2018-03-19,IRN,3,3,0,6.467,8
2018-03-19,IRQ,2,0,2,-5.0,2
2018-03-19,ISR,16,16,0,2.962,90
2018-03-19,ITA,3,0,3,-10.0,16
2018-03-19,JPN,3,3,0,1.8,62
2018-03-19,LKA,3,2,1,0.233,40
2018-03-19,LVA,6,6,0,1.0,16
2018-03-19,MMR,10,10,0,1.16,311
2018-03-19,MUS,2,2,0,1.0,2
2018-03-19,NGA,3,0,3,-5.0,6
2018-03-19,NPL,8,8,0,4.763,50
2018-03-19,PAK,65,36,29,-1.458,326
2018-03-19,PSE,4,4,0,3.175,8
2018-03-19,QAT,2,0,2,-5.0,6
2018-03-19,SAS,9,8,1,2.011,70
2018-03-19,SAU,3,3,0,4.333,63
2018-03-19,SGP,1,1,0,4.0,1
2018-03-19,THA,3,2,1,-1.6,19
2018-03-19,USA,96,88,8,2.216,526
2018-03-19,VAT,6,4,2,-0.667,7
2018-03-19,VNM,1,1,0,7.0,10
2018-03-20,AFG,11,11,0,4.473,32
2018-03-20,AFR,1,0,1,-5.0,2
2018-03-20,ARE,14,12,2,2.586,27
2018-03-20,ARG,2,2,0,4.0,6
2018-03-20,AUS,3,2,1,-2.167,11
2018-03-20,BGD,12,3,9,-2.5,61
2018-03-20,BGR,12,7,5,-2.992,68
2018-03-20,BTN,3,3,0,0.0,7
2018-03-20,CHE,8,8,0,1.425,24
2018-03-20,CHN,34,25,9,0.921,576
2018-03-20,DEU,14,14,0,2.721,56
2018-03-20,EUR,1,1,0,-2.0,10
2018-03-20,FRA,3,1,2,-0.167,5
2018-03-20,GBR,33,26,7,1.582,102
2018-03-20,IRN,3,3,0,7.467,6
2018-03-20,IRQ,171,95,76,-2.643,825
2018-03-20,ISR,7,7,0,2.486,14
2018-03-20,ITA,4,0,4,-8.75,12
2018-03-20,JPN,10,10,0,1.97,54
2018-03-20,KOR,5,5,0,0.94,72
2018-03-20,LKA,1,0,1,-2.0,4
2018-03-20,MDV,3,0,3,-9.833,26
2018-03-20,MEX,1,1,0,0.0,2
2018-03-20,MMR,4,4,0,5.0,16
2018-03-20,MUS,4,4,0,7.0,8
2018-03-20,NGA,3,3,0,2.9,6
2018-03-20,NLD,1,1,0,0.0,4
2018-03-20,NPL,4,2,2,0.25,26
2018-03-20,OMN,4,4,0,2.35,20
2018-03-20,PAK,35,26,9,2.294,183
2018-03-20,PHL,1,1,0,3.0,10
2018-03-20,PSE,3,3,0,2.9,3
2018-03-20,RUS,17,7,10,-1.718,47
2018-03-20,SAS,2,1,1,1.5,12
2018-03-20,SEA,1,0,1,-10.0,5
2018-03-20,SGP,2,2,0,0.0,3
2018-03-20,SYC,7,7,0,7.371,12
2018-03-20,THA,5,5,0,2.44,26
2018-03-20,USA,72,64,8,2.893,574
2018-03-20,YEM,1,1,0,3.4,10
2018-03-20,ZAF,4,0,4,-5.0,12
2018-03-21,AFG,12,5,7,-1.842,47
2018-03-21,AFR,6,6,0,0.767,28
2018-03-21,ARE,8,6,2,0.7,12
2018-03-21,BGD,11,6,5,-1.736,78
2018-03-21,BGR,1,1,0,3.4,10
2018-03-21,BRA,2,2,0,3.4,6
2018-03-21,BTN,3,3,0,-0.4,4
2018-03-21,CHE,1,1,0,0.0,10
2018-03-21,CHN,53,42,11,0.855,276
2018-03-21,DEU,12,12,0,2.7,82
2018-03-21,EUR,3,2,1,0.6,26
2018-03-21,FRA,10,10,0,8.0,712
2018-03-21,GBR,15,11,4,0.413,54
2018-03-21,IRL,1,0,1,-7.2,1
2018-03-21,IRN,2,2,0,8.0,4
2018-03-21,IRQ,69,34,35,-3.293,304
2018-03-21,ISR,18,18,0,4.506,107
2018-03-21,ITA,2,0,2,-4.0,4
2018-03-21,JOR,2,0,2,-2.0,4
2018-03-21,JPN,23,14,9,-0.765,141
2018-03-21,KHM,1,1,0,7.4,2
2018-03-21,KOR,2,2,0,0.0,20
2018-03-21,LKA,3,0,3,-5.0,14
2018-03-21,MAR,2,0,2,-10.0,6
2018-03-21,MDV,5,0,5,-9.8,25
2018-03-21,MMR,2,2,0,7.2,16
2018-03-21,MUS,3,3,0,7.0,12
2018-03-21,NGA,7,0,7,-6.286,18
2018-03-21,NLD,4,4,0,3.2,16
2018-03-21,NOR,1,1,0,0.0,2
2018-03-21,NPL,8,5,3,0.175,28
2018-03-21,NZL,2,2,0,3.0,8
2018-03-21,OMN,1,1,0,3.4,12
2018-03-21,PAK,22,9,13,-0.314,97
2018-03-21,QAT,13,13,0,3.492,88
2018-03-21,RUS,1,1,0,0.0,4
2018-03-21,SAS,3,3,0,4.467,12
2018-03-21,SEA,2,0,2,-7.1,10
2018-03-21,THA,1,0,1,-10.0,1
2018-03-21,USA,80,67,13,1.938,476
2018-03-21,VEN,9,2,7,-0.8,19
2018-03-21,YEM,4,4,0,6.25,12
2018-03-21,ZAF,1,1,0,-0.4,2
2018-03-22,AFG,3,0,3,-4.667,12
2018-03-22,AFR,7,7,0,5.0,19
2018-03-22,ARE,27,23,4,1.467,95
2018-03-22,AUS,1,1,0,6.4,10
2018-03-22,BGD,9,6,3,-0.167,48
2018-03-22,BGR,6,4,2,-1.683,11
2018-03-22,BTN,5,5,0,-0.4,12
2018-03-22,CAN,15,11,4,1.147,37
2018-03-22,CHE,6,6,0,1.7,28
2018-03-22,CHN,34,18,16,-0.741,135
2018-03-22,DEU,25,23,2,2.324,57
2018-03-22,ESP,1,0,1,-2.0,4
2018-03-22,EUR,2,2,0,5.2,6
2018-03-22,FJI,1,0,1,-2.0,6
2018-03-22,FRA,3,2,1,-0.1,13
2018-03-22,GBR,31,22,9,0.481,100
2018-03-22,GNQ,4,4,0,4.0,16
2018-03-22,IDN,5,5,0,3.1,28
2018-03-22,IRL,2,1,1,0.7,9
2018-03-22,IRN,4,2,2,-0.5,12
2018-03-22,IRQ,52,27,25,-2.402,181
2018-03-22,ISR,37,35,2,3.605,218
2018-03-22,JPN,11,11,0,3.464,42
2018-03-22,KHM,2,2,0,0.0,2
2018-03-22,KOR,2,2,0,2.35,10
2018-03-22,LKA,4,4,0,2.35,10
2018-03-22,LVA,1,1,0,3.4,5
2018-03-22,MCO,1,1,0,3.0,6
2018-03-22,MDV,5,3,2,-0.72,25
2018-03-22,MEX,2,2,0,2.35,2
2018-03-22,MMR,6,6,0,2.35,6
2018-03-22,MOZ,2,2,0,8.0,80
2018-03-22,MWI,4,4,0,4.0,16
2018-03-22,MYS,1,0,1,-10.0,4
2018-03-22,PAK,100,89,11,2.058,422
2018-03-22,QAT,8,8,0,2.262,44
2018-03-22,RUS,7,4,3,-3.714,30
2018-03-22,SAS,3,2,1,-0.6,22
2018-03-22,SAU,2,2,0,5.0,10
2018-03-22,SEA,3,3,0,4.0,20
2018-03-22,SGP,1,1,0,3.0,5
2018-03-22,THA,2,2,0,0.0,2
2018-03-22,TTO,2,2,0,5.2,16
2018-03-22,UKR,2,2,0,0.4,4
2018-03-22,USA,47,39,8,1.357,203
2018-03-22,YEM,1,1,0,4.0,4
2018-03-23,AFR,8,8,0,3.538,20
2018-03-23,ARE,6,4,2,-0.983,18
2018-03-23,ARG,1,1,0,2.5,4
2018-03-23,ASA,2,2,0,7.4,5
2018-03-23,BEL,3,3,0,0.467,18
2018-03-23,BGD,14,7,7,-0.779,87
2018-03-23,BRA,2,2,0,2.35,32
2018-03-23,BTN,6,6,0,2.7,12
2018-03-23,CAN,4,1,3,-2.25,21
2018-03-23,CHN,56,46,10,1.311,316
2018-03-23,DEU,28,25,3,2.246,60
2018-03-23,DNK,2,0,2,-7.5,4
2018-03-23,EGY,5,3,2,-0.48,12
2018-03-23,EST,4,4,0,1.3,25
2018-03-23,GBR,69,57,12,1.551,335
2018-03-23,IRL,7,4,3,-0.714,63
2018-03-23,IRQ,20,9,11,-2.43,67
2018-03-23,ISR,59,59,0,2.671,253
2018-03-23,JOR,4,4,0,-0.5,10
2018-03-23,JPN,20,17,3,0.805,84
2018-03-23,KOR,3,2,1,-0.1,11
2018-03-23,LKA,1,1,0,5.0,10
2018-03-23,LTU,2,2,0,2.35,20
2018-03-23,LVA,7,7,0,2.486,13
2018-03-23,MDV,4,3,1,1.2,52
2018-03-23,MMR,2,0,2,-5.0,5
2018-03-23,MWI,6,6,0,1.567,9
2018-03-23,NGA,7,2,5,-4.714,32
2018-03-23,NLD,1,0,1,-4.4,1
2018-03-23,NPL,12,12,0,2.692,34
2018-03-23,OMN,2,2,0,2.35,8
2018-03-23,PAK,86,52,34,-0.94,611
2018-03-23,POL,3,1,2,-3.333,15
2018-03-23,PRK,3,3,0,2.2,32
2018-03-23,RUS,8,8,0,1.762,22
2018-03-23,SAU,1,0,1,-10.0,10
2018-03-23,SEA,2,2,0,3.5,12
2018-03-23,SYR,1,0,1,-2.0,10
2018-03-23,USA,45,35,10,1.024,221
2018-03-24,AFG,46,31,15,1.813,317
2018-03-24,AFR,13,13,0,3.085,76
2018-03-24,ARE,20,16,4,-0.0,94
2018-03-24,BGD,13,9,4,0.162,64
2018-03-24,CAN,2,0,2,-5.0,4
2018-03-24,CHE,3,2,1,1.6,6
2018-03-24,CHN,40,37,3,0.687,250
2018-03-24,CRI,3,3,0,3.4,8
2018-03-24,DEU,33,30,3,2.182,112
2018-03-24,EST,5,5,0,1.18,18
2018-03-24,ETH,1,1,0,4.0,2
2018-03-24,FRA,6,5,1,2.3,32
2018-03-24,GBR,13,12,1,3.754,33
2018-03-24,IDN,1,0,1,-5.0,6
2018-03-24,IRQ,3,0,3,-6.5,7
2018-03-24,ISR,14,14,0,2.436,88
2018-03-24,JOR,2,2,0,-2.0,6
2018-03-24,JPN,1,1,0,6.4,6
2018-03-24,KEN,2,2,0,0.4,3
2018-03-24,KOR,6,6,0,2.35,12
2018-03-24,LBN,3,3,0,3.0,16
2018-03-24,MDV,1,1,0,3.0,6
2018-03-24,MEA,10,10,0,1.0,32
2018-03-24,MMR,1,0,1,-5.0,10
2018-03-24,MYS,1,1,0,-2.0,6
2018-03-24,NGA,1,0,1,-9.5,20
2018-03-24,NPL,7,5,2,1.914,30
2018-03-24,PAK,66,47,19,0.359,404
2018-03-24,QAT,2,2,0,2.35,8
2018-03-24,RUS,1,0,1,-2.0,1
2018-03-24,SDN,1,1,0,0.0,6
2018-03-24,SEA,1,1,0,3.0,1
2018-03-24,THA,8,0,8,-7.25,34
2018-03-24,TWN,1,1,0,-2.0,6
2018-03-24,USA,85,58,27,0.771,718
2018-03-24,YEM,1,0,1,-10.0,10
2018-03-24,ZAF,2,2,0,0.0,4
2018-03-24,ZWE,4,4,0,4.0,160
2018-03-25,AFG,3,0,3,-5.0,14
2018-03-25,AFR,8,5,3,-1.575,56
2018-03-25,ARE,6,6,0,1.267,11
2018-03-25,AUS,11,11,0,5.055,74
2018-03-25,BGD,9,8,1,3.578,33
2018-03-25,BGR,3,0,3,-10.0,12
2018-03-25,CHE,4,4,0,2.0,6
2018-03-25,CHN,29,26,3,1.176,96
2018-03-25,DEU,53,52,1,2.875,172
2018-03-25,FRA,2,2,0,0.0,4
2018-03-25,GBR,4,0,4,-4.5,6
2018-03-25,IRL,3,3,0,3.133,6
2018-03-25,IRQ,2,2,0,1.9,4
2018-03-25,ISR,19,18,1,1.926,119
2018-03-25,ITA,1,0,1,-6.5,7
2018-03-25,JPN,17,17,0,5.588,132
2018-03-25,KEN,2,2,0,7.0,8
2018-03-25,KHM,1,1,0,7.0,10
2018-03-25,LKA,4,1,3,-1.15,24
2018-03-25,LVA,2,2,0,4.0,5
2018-03-25,MWI,6,6,0,1.567,9
2018-03-25,NGA,1,0,1,-9.0,3
2018-03-25,NPL,6,1,5,-3.667,14
2018-03-25,OMN,2,2,0,4.0,3
2018-03-25,PAK,62,35,27,-0.015,213
2018-03-25,RUS,5,1,4,-4.8,22
2018-03-25,SAU,1,1,0,0.4,2
2018-03-25,SEA,2,0,2,-10.0,5
2018-03-25,SOM,2,2,0,-0.4,10
2018-03-25,THA,2,2,0,2.35,24
2018-03-25,USA,81,75,6,2.411,493
2018-03-25,ZWE,5,5,0,4.6,64
2018-03-26,AFG,2,0,2,-10.0,6
2018-03-26,AFR,22,9,13,-3.091,136
2018-03-26,ARE,2,2,0,2.35,2
2018-03-26,ASA,7,7,0,5.343,28
2018-03-26,AUS,10,6,4,2.7,21
2018-03-26,AUT,6,6,0,2.35,6
2018-03-26,BGD,13,7,6,-2.277,74
2018-03-26,CAN,8,8,0,3.838,12
2018-03-26,CHN,47,30,17,-1.219,185
2018-03-26,DEU,9,4,5,-1.733,36
2018-03-26,EGY,12,12,0,2.35,24
2018-03-26,ETH,1,1,0,4.0,2
2018-03-26,GBR,11,6,5,-1.6,70
2018-03-26,IDN,2,2,0,4.0,5
2018-03-26,IRN,1,1,0,9.0,2
2018-03-26,IRQ,28,23,5,0.357,156
2018-03-26,ISR,5,5,0,0.96,13
2018-03-26,ITA,4,4,0,7.0,11
2018-03-26,JPN,15,15,0,4.327,49
2018-03-26,KAZ,1,1,0,8.5,6
2018-03-26,LKA,4,2,2,-2.5,14
2018-03-26,MDV,3,0,3,-9.167,16
2018-03-26,MMR,2,0,2,-10.0,2
2018-03-26,MUS,1,0,1,-2.0,4
2018-03-26,MYS,2,2,0,4.0,12
2018-03-26,NGA,6,6,0,2.35,8
2018-03-26,NOR,5,5,0,4.0,12
2018-03-26,NPL,3,2,1,1.667,18
2018-03-26,NZL,1,1,0,3.4,2
2018-03-26,OMN,2,1,1,-3.3,5
2018-03-26,PAK,31,23,8,1.381,124
2018-03-26,RUS,7,6,1,-0.657,21
2018-03-26,SAU,4,4,0,3.75,8
2018-03-26,SEA,6,6,0,4.233,43
2018-03-26,SGP,5,4,1,2.14,18
2018-03-26,SYR,3,3,0,7.0,10
2018-03-26,THA,6,6,0,3.133,18
2018-03-26,UGA,1,1,0,3.4,2
2018-03-26,UKR,3,1,2,-6.667,18
2018-03-26,USA,125,111,14,2.183,864
2018-03-26,UZB,3,3,0,2.2,12
2018-03-26,YEM,3,2,1,-1.767,24
2018-03-26,ZAF,3,3,0,2.2,10
2026-07-28,AFR,2,2,0,3.4,72
2026-07-28,ARE,10,10,0,1.73,44
2026-07-28,BTN,6,6,0,6.4,82
2026-07-28,CAN,6,6,0,2.7,12
2026-07-28,CHN,2,2,0,5.2,4
2026-07-28,CIV,2,2,0,2.35,4
2026-07-28,DEU,4,4,0,6.0,120
2026-07-28,FRA,5,0,5,-5.0,69
2026-07-28,GBR,27,26,1,2.963,148
2026-07-28,GRC,1,1,0,4.0,16
2026-07-28,IRQ,2,2,0,3.4,3
2026-07-28,ISR,5,5,0,7.26,10
2026-07-28,ITA,10,7,3,0.22,82
2026-07-28,JPN,3,3,0,4.467,24
2026-07-28,KOR,3,0,3,-5.0,18
2026-07-28,NGA,1,1,0,3.4,6
2026-07-28,NLD,2,2,0,3.4,2
2026-07-28,NPL,7,4,3,0.957,24
2026-07-28,PAK,24,15,9,0.888,77
2026-07-28,QAT,3,3,0,0.0,6
2026-07-28,RUS,1,1,0,1.0,3
2026-07-28,SAU,2,2,0,2.35,4
2026-07-28,SEA,2,2,0,0.0,6
2026-07-28,SGP,2,2,0,3.0,12
2026-07-28,THA,10,2,8,-3.41,20
2026-07-28,UKR,4,4,0,3.3,6
2026-07-28,USA,41,27,14,-1.239,180
