date,adm1,n,n_conflict,n_protest
2017-01-01,IN00,44,8,0
2017-01-01,IN01,17,5,0
2017-01-01,IN02,188,44,2
2017-01-01,IN03,30,8,1
2017-01-01,IN06,3,0,0
2017-01-01,IN07,811,247,9
2017-01-01,IN09,68,20,0
2017-01-01,IN10,95,29,0
2017-01-01,IN11,41,13,1
2017-01-01,IN12,177,71,0
2017-01-01,IN13,83,15,1
2017-01-01,IN16,351,83,2
2017-01-01,IN17,14,1,0
2017-01-01,IN19,210,47,5
2017-01-01,IN20,23,8,1
2017-01-01,IN21,108,22,1
2017-01-01,IN22,15,2,0
2017-01-01,IN23,90,36,4
2017-01-01,IN24,66,14,0
2017-01-01,IN25,290,94,6
2017-01-01,IN26,13,3,0
2017-01-01,IN28,167,46,0
2017-01-01,IN30,4,1,0
2017-01-01,IN33,8,4,0
2017-01-01,IN34,180,56,1
2017-01-01,IN35,64,15,2
2017-01-01,IN36,671,188,14
2017-01-01,IN37,38,7,0
2017-01-01,IN38,80,18,0
2017-01-01,IN39,82,26,3
2017-01-02,IN00,111,33,2
2017-01-02,IN01,1,0,0
2017-01-02,IN02,340,106,8
2017-01-02,IN03,20,5,1
2017-01-02,IN06,7,0,0
2017-01-02,IN07,1224,354,13
2017-01-02,IN09,220,76,9
2017-01-02,IN10,102,29,3
2017-01-02,IN11,30,10,1
2017-01-02,IN12,313,114,11
2017-01-02,IN13,178,58,3
2017-01-02,IN16,762,234,11
2017-01-02,IN17,18,13,1
2017-01-02,IN18,3,0,0
2017-01-02,IN19,491,134,12
2017-01-02,IN20,25,7,3
2017-01-02,IN21,96,42,7
2017-01-02,IN22,15,2,0
2017-01-02,IN23,125,54,2
2017-01-02,IN24,146,42,0
2017-01-02,IN25,444,125,8
2017-01-02,IN26,19,7,0
2017-01-02,IN28,195,58,0
2017-01-02,IN33,9,1,0
2017-01-02,IN34,183,46,1
2017-01-02,IN35,161,48,0
2017-01-02,IN36,962,262,12
2017-01-02,IN37,42,6,1
2017-01-02,IN38,76,20,0
2017-01-02,IN39,108,40,6
2017-01-03,IN00,125,30,6
2017-01-03,IN01,6,2,0
2017-01-03,IN02,474,135,15
2017-01-03,IN03,27,17,2
2017-01-03,IN05,3,0,0
2017-01-03,IN06,8,0,0
2017-01-03,IN07,1248,359,14
2017-01-03,IN09,234,67,3
2017-01-03,IN10,81,24,1
2017-01-03,IN11,34,11,0
2017-01-03,IN12,499,218,10
2017-01-03,IN13,179,48,6
2017-01-03,IN14,1,1,0
2017-01-03,IN16,936,309,10
2017-01-03,IN17,32,13,1
2017-01-03,IN18,2,2,2
2017-01-03,IN19,762,264,15
2017-01-03,IN20,58,7,1
2017-01-03,IN21,189,71,9
2017-01-03,IN22,46,12,0
2017-01-03,IN23,128,45,1
2017-01-03,IN24,232,70,2
2017-01-03,IN25,498,174,17
2017-01-03,IN26,37,24,5
2017-01-03,IN28,456,181,20
2017-01-03,IN30,2,0,0
2017-01-03,IN31,1,0,0
2017-01-03,IN33,20,5,0
2017-01-03,IN34,232,80,6
2017-01-03,IN35,145,48,4
2017-01-03,IN36,836,261,16
2017-01-03,IN37,86,21,2
2017-01-03,IN38,53,22,0
2017-01-03,IN39,70,10,0
2017-01-04,IN00,133,35,5
2017-01-04,IN01,8,0,0
2017-01-04,IN02,466,120,4
2017-01-04,IN03,96,36,1
2017-01-04,IN06,2,0,0
2017-01-04,IN07,1695,540,41
2017-01-04,IN09,275,82,5
2017-01-04,IN10,140,51,3
2017-01-04,IN11,42,5,0
2017-01-04,IN12,278,118,2
2017-01-04,IN13,207,67,4
2017-01-04,IN16,1057,343,22
2017-01-04,IN17,25,4,0
2017-01-04,IN18,5,3,0
2017-01-04,IN19,970,332,8
2017-01-04,IN20,35,15,0
2017-01-04,IN21,276,119,23
2017-01-04,IN22,38,3,0
2017-01-04,IN23,127,41,1
2017-01-04,IN24,235,69,1
2017-01-04,IN25,487,115,7
2017-01-04,IN26,61,28,2
2017-01-04,IN28,683,352,88
2017-01-04,IN31,2,0,0
2017-01-04,IN33,23,2,0
2017-01-04,IN34,432,102,0
2017-01-04,IN35,204,83,14
2017-01-04,IN36,1024,300,22
2017-01-04,IN37,49,14,0
2017-01-04,IN38,46,12,2
2017-01-04,IN39,197,58,10
2017-01-05,IN00,119,36,1
2017-01-05,IN01,16,6,0
2017-01-05,IN02,407,90,7
2017-01-05,IN03,35,11,1
2017-01-05,IN05,3,0,0
2017-01-05,IN07,1629,495,36
2017-01-05,IN09,339,47,4
2017-01-05,IN10,118,27,1
2017-01-05,IN11,36,10,0
2017-01-05,IN12,415,85,1
2017-01-05,IN13,191,47,0
2017-01-05,IN16,1001,358,19
2017-01-05,IN17,22,3,1
2017-01-05,IN18,7,7,0
2017-01-05,IN19,807,255,8
2017-01-05,IN20,69,22,8
2017-01-05,IN21,135,36,10
2017-01-05,IN22,89,50,4
2017-01-05,IN23,140,43,8
2017-01-05,IN24,212,60,3
2017-01-05,IN25,548,170,5
2017-01-05,IN26,16,4,0
2017-01-05,IN28,592,230,60
2017-01-05,IN30,8,0,0
2017-01-05,IN31,1,0,0
2017-01-05,IN33,37,10,0
2017-01-05,IN34,466,114,0
2017-01-05,IN35,292,87,1
2017-01-05,IN36,1032,271,20
2017-01-05,IN37,66,24,0
2017-01-05,IN38,57,16,1
2017-01-05,IN39,132,28,5
2017-01-06,IN00,101,26,3
2017-01-06,IN01,10,2,0
2017-01-06,IN02,285,71,4
2017-01-06,IN03,46,10,0
2017-01-06,IN06,8,0,0
2017-01-06,IN07,1495,482,21
2017-01-06,IN09,236,59,5
2017-01-06,IN10,144,34,4
2017-01-06,IN11,37,9,0
2017-01-06,IN12,366,176,2
2017-01-06,IN13,385,254,110
2017-01-06,IN16,1042,316,10
2017-01-06,IN17,18,3,0
2017-01-06,IN19,569,201,6
2017-01-06,IN20,21,6,0
2017-01-06,IN21,89,22,6
2017-01-06,IN22,31,12,1
2017-01-06,IN23,140,66,4
2017-01-06,IN24,160,54,8
2017-01-06,IN25,537,152,7
2017-01-06,IN26,32,4,2
2017-01-06,IN28,349,96,20
2017-01-06,IN30,7,1,0
2017-01-06,IN33,40,5,0
2017-01-06,IN34,440,150,5
2017-01-06,IN35,145,43,0
2017-01-06,IN36,722,176,7
2017-01-06,IN37,42,11,0
2017-01-06,IN38,39,13,1
2017-01-06,IN39,74,29,2
2017-01-07,IN00,107,31,0
2017-01-07,IN01,12,1,0
2017-01-07,IN02,216,53,2
2017-01-07,IN03,53,22,2
2017-01-07,IN05,7,4,1
2017-01-07,IN07,1284,395,21
2017-01-07,IN09,278,56,1
2017-01-07,IN10,126,42,2
2017-01-07,IN11,16,6,0
2017-01-07,IN12,352,107,5
2017-01-07,IN13,169,79,15
2017-01-07,IN16,776,275,15
2017-01-07,IN17,23,9,0
2017-01-07,IN18,7,5,0
2017-01-07,IN19,513,135,5
2017-01-07,IN20,14,4,0
2017-01-07,IN21,90,25,4
2017-01-07,IN22,32,15,8
2017-01-07,IN23,146,59,14
2017-01-07,IN24,158,53,7
2017-01-07,IN25,322,113,6
2017-01-07,IN26,8,2,0
2017-01-07,IN28,294,78,4
2017-01-07,IN30,11,4,0
2017-01-07,IN31,3,1,0
2017-01-07,IN33,73,18,2
2017-01-07,IN34,215,68,2
2017-01-07,IN35,112,36,0
2017-01-07,IN36,782,224,8
2017-01-07,IN37,72,27,3
2017-01-07,IN38,33,11,2
2017-01-07,IN39,82,19,0
2017-01-08,IN00,76,22,2
2017-01-08,IN01,4,0,0
2017-01-08,IN02,162,50,6
2017-01-08,IN03,56,13,1
2017-01-08,IN05,4,0,0
2017-01-08,IN07,1061,272,8
2017-01-08,IN09,309,48,5
2017-01-08,IN10,142,32,1
2017-01-08,IN11,10,6,0
2017-01-08,IN12,229,65,5
2017-01-08,IN13,95,19,0
2017-01-08,IN16,647,171,6
2017-01-08,IN17,56,14,1
2017-01-08,IN18,2,0,0
2017-01-08,IN19,622,149,3
2017-01-08,IN20,25,4,1
2017-01-08,IN21,71,29,6
2017-01-08,IN22,54,10,0
2017-01-08,IN23,108,37,0
2017-01-08,IN24,116,26,3
2017-01-08,IN25,221,60,3
2017-01-08,IN26,5,0,0
2017-01-08,IN28,171,65,4
2017-01-08,IN30,3,0,0
2017-01-08,IN33,28,8,0
2017-01-08,IN34,219,94,1
2017-01-08,IN35,138,32,1
2017-01-08,IN36,692,246,5
2017-01-08,IN37,127,57,2
2017-01-08,IN38,66,20,0
2017-01-08,IN39,74,21,1
2017-01-09,IN00,115,31,1
2017-01-09,IN01,7,0,0
2017-01-09,IN02,403,90,3
2017-01-09,IN03,89,45,3
2017-01-09,IN06,4,1,0
2017-01-09,IN07,1796,594,71
2017-01-09,IN09,375,50,5
2017-01-09,IN10,104,22,0
2017-01-09,IN11,25,13,0
2017-01-09,IN12,380,180,1
2017-01-09,IN13,178,47,12
2017-01-09,IN14,2,0,0
2017-01-09,IN16,1035,299,24
2017-01-09,IN17,29,8,1
2017-01-09,IN18,3,1,0
2017-01-09,IN19,810,222,19
2017-01-09,IN20,35,8,0
2017-01-09,IN21,126,63,29
2017-01-09,IN22,28,6,0
2017-01-09,IN23,174,67,3
2017-01-09,IN24,242,69,11
2017-01-09,IN25,550,166,10
2017-01-09,IN26,15,6,3
2017-01-09,IN28,293,121,35
2017-01-09,IN31,4,0,0
2017-01-09,IN33,65,10,0
2017-01-09,IN34,217,69,7
2017-01-09,IN35,179,56,3
2017-01-09,IN36,774,240,13
2017-01-09,IN37,74,40,0
2017-01-09,IN38,22,3,0
2017-01-09,IN39,53,17,1
2017-01-10,IN00,113,34,9
2017-01-10,IN01,10,3,1
2017-01-10,IN02,288,76,6
2017-01-10,IN03,59,11,2
2017-01-10,IN05,1,1,0
2017-01-10,IN07,1663,482,37
2017-01-10,IN09,501,99,6
2017-01-10,IN10,60,14,0
2017-01-10,IN11,32,15,0
2017-01-10,IN12,323,152,5
2017-01-10,IN13,174,57,5
2017-01-10,IN14,2,0,0
2017-01-10,IN16,1098,332,5
2017-01-10,IN17,48,5,1
2017-01-10,IN19,608,192,17
2017-01-10,IN20,57,14,1
2017-01-10,IN21,151,64,27
2017-01-10,IN22,56,15,0
2017-01-10,IN23,162,51,1
2017-01-10,IN24,332,75,8
2017-01-10,IN25,577,182,23
2017-01-10,IN26,34,26,15
2017-01-10,IN28,295,127,37
2017-01-10,IN30,20,0,0
2017-01-10,IN31,4,2,0
2017-01-10,IN33,43,3,0
2017-01-10,IN34,221,83,6
2017-01-10,IN35,265,64,3
2017-01-10,IN36,761,238,7
2017-01-10,IN37,119,50,0
2017-01-10,IN38,41,14,0
2017-01-10,IN39,103,19,0
2017-01-11,IN00,73,21,7
2017-01-11,IN01,5,2,1
2017-01-11,IN02,283,68,2
2017-01-11,IN03,51,5,0
2017-01-11,IN06,7,5,0
2017-01-11,IN07,1831,530,42
2017-01-11,IN09,428,71,7
2017-01-11,IN10,132,27,2
2017-01-11,IN11,11,2,0
2017-01-11,IN12,251,86,5
2017-01-11,IN13,158,58,18
2017-01-11,IN16,1061,292,12
2017-01-11,IN17,12,9,2
2017-01-11,IN18,2,2,0
2017-01-11,IN19,458,100,4
2017-01-11,IN20,45,24,1
2017-01-11,IN21,114,41,11
2017-01-11,IN22,28,8,1
2017-01-11,IN23,148,42,0
2017-01-11,IN24,227,75,3
2017-01-11,IN25,386,123,15
2017-01-11,IN26,19,7,0
2017-01-11,IN28,442,213,26
2017-01-11,IN31,5,4,0
2017-01-11,IN33,69,14,0
2017-01-11,IN34,276,78,0
2017-01-11,IN35,180,43,1
2017-01-11,IN36,732,262,7
2017-01-11,IN37,120,51,2
2017-01-11,IN38,49,15,0
2017-01-11,IN39,101,20,1
2017-01-12,IN00,85,31,4
2017-01-12,IN01,7,2,0
2017-01-12,IN02,335,66,1
2017-01-12,IN03,59,10,0
2017-01-12,IN07,1407,428,26
2017-01-12,IN09,380,91,3
2017-01-12,IN10,109,28,1
2017-01-12,IN11,22,7,0
2017-01-12,IN12,230,73,5
2017-01-12,IN13,166,48,7
2017-01-12,IN16,1151,289,11
2017-01-12,IN17,60,18,0
2017-01-12,IN18,6,2,0
2017-01-12,IN19,432,121,11
2017-01-12,IN20,42,7,0
2017-01-12,IN21,115,41,2
2017-01-12,IN22,26,12,3
2017-01-12,IN23,195,76,2
2017-01-12,IN24,223,71,3
2017-01-12,IN25,628,205,27
2017-01-12,IN26,21,6,0
2017-01-12,IN28,451,193,22
2017-01-12,IN32,2,0,0
2017-01-12,IN33,49,14,0
2017-01-12,IN34,461,175,3
2017-01-12,IN35,172,48,0
2017-01-12,IN36,682,232,13
2017-01-12,IN37,44,11,0
2017-01-12,IN38,37,17,1
2017-01-12,IN39,55,10,0
2017-01-13,IN00,97,33,3
2017-01-13,IN01,7,1,0
2017-01-13,IN02,283,70,2
2017-01-13,IN03,46,8,0
2017-01-13,IN05,1,1,0
2017-01-13,IN07,1604,512,27
2017-01-13,IN09,302,71,9
2017-01-13,IN10,47,7,0
2017-01-13,IN11,32,3,0
2017-01-13,IN12,260,108,7
2017-01-13,IN13,135,53,6
2017-01-13,IN16,1147,363,29
2017-01-13,IN17,52,30,0
2017-01-13,IN18,1,0,0
2017-01-13,IN19,490,150,6
2017-01-13,IN20,31,8,3
2017-01-13,IN21,130,44,9
2017-01-13,IN22,13,5,1
2017-01-13,IN23,143,55,11
2017-01-13,IN24,235,57,0
2017-01-13,IN25,587,216,40
2017-01-13,IN26,4,0,0
2017-01-13,IN28,457,180,23
2017-01-13,IN30,2,0,0
2017-01-13,IN31,3,1,0
2017-01-13,IN33,51,8,0
2017-01-13,IN34,404,153,2
2017-01-13,IN35,162,69,4
2017-01-13,IN36,682,226,17
2017-01-13,IN37,87,40,2
2017-01-13,IN38,19,9,1
2017-01-13,IN39,84,21,0
2017-01-14,IN00,54,16,3
2017-01-14,IN01,2,2,2
2017-01-14,IN02,202,58,7
2017-01-14,IN03,43,4,0
2017-01-14,IN07,975,293,16
2017-01-14,IN09,190,32,0
2017-01-14,IN10,142,66,0
2017-01-14,IN11,39,10,3
2017-01-14,IN12,198,67,3
2017-01-14,IN13,46,13,3
2017-01-14,IN14,2,0,0
2017-01-14,IN16,726,176,24
2017-01-14,IN17,42,16,0
2017-01-14,IN18,2,0,0
2017-01-14,IN19,422,138,8
2017-01-14,IN20,45,13,2
2017-01-14,IN21,85,26,2
2017-01-14,IN22,14,0,0
2017-01-14,IN23,209,89,3
2017-01-14,IN24,166,56,5
2017-01-14,IN25,387,138,23
2017-01-14,IN26,24,6,2
2017-01-14,IN28,341,130,22
2017-01-14,IN30,3,1,0
2017-01-14,IN31,10,4,0
2017-01-14,IN33,30,6,0
2017-01-14,IN34,588,160,7
2017-01-14,IN35,165,33,3
2017-01-14,IN36,604,205,17
2017-01-14,IN37,23,11,0
2017-01-14,IN38,18,7,0
2017-01-14,IN39,125,30,1
2017-01-15,IN00,67,10,1
2017-01-15,IN01,10,6,0
2017-01-15,IN02,228,46,1
2017-01-15,IN03,37,7,0
2017-01-15,IN06,1,0,0
2017-01-15,IN07,990,293,20
2017-01-15,IN09,124,31,1
2017-01-15,IN10,145,66,3
2017-01-15,IN11,19,6,0
2017-01-15,IN12,316,123,6
2017-01-15,IN13,93,25,1
2017-01-15,IN14,1,0,0
2017-01-15,IN16,507,147,11
2017-01-15,IN17,7,3,0
2017-01-15,IN19,353,102,6
2017-01-15,IN20,33,12,0
2017-01-15,IN21,66,21,0
2017-01-15,IN22,5,2,0
2017-01-15,IN23,213,89,9
2017-01-15,IN24,148,41,1
2017-01-15,IN25,317,125,20
2017-01-15,IN26,11,4,1
2017-01-15,IN28,293,86,7
2017-01-15,IN33,22,4,0
2017-01-15,IN34,455,107,1
2017-01-15,IN35,62,19,0
2017-01-15,IN36,500,141,7
2017-01-15,IN37,27,19,0
2017-01-15,IN38,23,7,0
2017-01-15,IN39,92,21,4
2017-01-16,IN00,143,38,1
2017-01-16,IN01,6,0,0
2017-01-16,IN02,316,69,9
2017-01-16,IN03,38,12,0
2017-01-16,IN06,2,2,0
2017-01-16,IN07,1520,436,22
2017-01-16,IN09,273,36,1
2017-01-16,IN10,117,41,8
2017-01-16,IN11,6,0,0
2017-01-16,IN12,434,185,9
2017-01-16,IN13,130,29,2
2017-01-16,IN14,1,0,0
2017-01-16,IN16,1030,296,15
2017-01-16,IN17,19,11,1
2017-01-16,IN18,16,14,0
2017-01-16,IN19,478,124,16
2017-01-16,IN20,47,15,0
2017-01-16,IN21,90,33,4
2017-01-16,IN22,12,4,0
2017-01-16,IN23,187,87,4
2017-01-16,IN24,220,46,2
2017-01-16,IN25,389,143,16
2017-01-16,IN26,35,17,3
2017-01-16,IN28,463,156,16
2017-01-16,IN30,14,9,0
2017-01-16,IN31,1,1,1
2017-01-16,IN33,59,12,0
2017-01-16,IN34,311,102,4
2017-01-16,IN35,184,76,7
2017-01-16,IN36,987,331,26
2017-01-16,IN37,51,27,0
2017-01-16,IN38,29,9,4
2017-01-16,IN39,231,73,0
2017-01-17,IN00,171,42,6
2017-01-17,IN01,5,1,0
2017-01-17,IN02,528,216,36
2017-01-17,IN03,64,25,1
2017-01-17,IN06,3,0,0
2017-01-17,IN07,1836,552,49
2017-01-17,IN09,242,72,4
2017-01-17,IN10,140,54,0
2017-01-17,IN11,29,4,0
2017-01-17,IN12,499,160,5
2017-01-17,IN13,187,46,3
2017-01-17,IN16,1024,301,9
2017-01-17,IN17,46,6,0
2017-01-17,IN19,495,151,7
2017-01-17,IN20,68,14,1
2017-01-17,IN21,73,21,3
2017-01-17,IN22,16,1,0
2017-01-17,IN23,202,88,4
2017-01-17,IN24,259,65,2
2017-01-17,IN25,616,212,48
2017-01-17,IN26,38,13,7
2017-01-17,IN28,276,107,0
2017-01-17,IN30,14,10,0
2017-01-17,IN31,6,0,0
2017-01-17,IN33,56,18,2
2017-01-17,IN34,463,158,6
2017-01-17,IN35,180,69,4
2017-01-17,IN36,1069,277,28
2017-01-17,IN37,34,13,2
2017-01-17,IN38,28,5,1
2017-01-17,IN39,80,21,3
2017-01-18,IN00,96,37,3
2017-01-18,IN01,10,0,0
2017-01-18,IN02,445,180,12
2017-01-18,IN03,109,40,9
2017-01-18,IN05,1,0,0
2017-01-18,IN06,1,0,0
2017-01-18,IN07,1941,545,66
2017-01-18,IN09,299,109,18
2017-01-18,IN10,130,42,2
2017-01-18,IN11,24,15,2
2017-01-18,IN12,359,111,4
2017-01-18,IN13,165,57,6
2017-01-18,IN16,1354,478,63
2017-01-18,IN17,55,27,1
2017-01-18,IN18,2,1,0
2017-01-18,IN19,589,151,9
2017-01-18,IN20,96,9,0
2017-01-18,IN21,124,26,3
2017-01-18,IN22,45,11,1
2017-01-18,IN23,212,68,0
2017-01-18,IN24,437,130,6
2017-01-18,IN25,1085,434,124
2017-01-18,IN26,37,8,5
2017-01-18,IN28,425,137,9
2017-01-18,IN30,4,1,1
2017-01-18,IN31,14,5,1
2017-01-18,IN33,47,20,2
2017-01-18,IN34,357,136,5
2017-01-18,IN35,262,93,7
2017-01-18,IN36,950,281,31
2017-01-18,IN37,40,20,10
2017-01-18,IN38,31,4,0
2017-01-18,IN39,173,45,4
2017-01-19,IN00,160,45,4
2017-01-19,IN01,4,1,0
2017-01-19,IN02,382,103,8
2017-01-19,IN03,61,12,3
2017-01-19,IN06,1,1,0
2017-01-19,IN07,1976,558,56
2017-01-19,IN09,218,70,13
2017-01-19,IN10,129,45,6
2017-01-19,IN11,42,19,2
2017-01-19,IN12,532,248,8
2017-01-19,IN13,199,111,5
2017-01-19,IN14,5,2,0
2017-01-19,IN16,1056,389,40
2017-01-19,IN17,84,19,1
2017-01-19,IN18,5,4,0
2017-01-19,IN19,440,144,6
2017-01-19,IN20,85,18,1
2017-01-19,IN21,65,12,0
2017-01-19,IN22,37,9,0
2017-01-19,IN23,135,46,0
2017-01-19,IN24,287,72,4
2017-01-19,IN25,1433,543,156
2017-01-19,IN26,45,18,1
2017-01-19,IN28,266,68,6
2017-01-19,IN30,2,1,0
2017-01-19,IN31,1,1,0
2017-01-19,IN33,54,16,0
2017-01-19,IN34,220,90,4
2017-01-19,IN35,253,99,5
2017-01-19,IN36,1001,313,28
2017-01-19,IN37,27,13,0
2017-01-19,IN38,33,6,0
2017-01-19,IN39,109,33,4
2017-01-20,IN00,128,33,4
2017-01-20,IN01,10,4,0
2017-01-20,IN02,287,82,8
2017-01-20,IN03,101,32,2
2017-01-20,IN06,1,1,0
2017-01-20,IN07,1589,425,32
2017-01-20,IN09,230,59,2
2017-01-20,IN10,168,63,3
2017-01-20,IN11,27,10,0
2017-01-20,IN12,335,105,8
2017-01-20,IN13,135,42,5
2017-01-20,IN14,3,0,0
2017-01-20,IN16,1012,331,53
2017-01-20,IN17,21,7,0
2017-01-20,IN18,1,1,0
2017-01-20,IN19,440,140,7
2017-01-20,IN20,57,15,7
2017-01-20,IN21,65,26,2
2017-01-20,IN22,21,6,2
2017-01-20,IN23,195,95,4
2017-01-20,IN24,228,57,4
2017-01-20,IN25,1341,487,121
2017-01-20,IN26,31,0,0
2017-01-20,IN28,236,69,9
2017-01-20,IN31,10,3,0
2017-01-20,IN33,39,11,0
2017-01-20,IN34,194,75,2
2017-01-20,IN35,200,73,17
2017-01-20,IN36,993,304,24
2017-01-20,IN37,41,9,0
2017-01-20,IN38,32,6,3
2017-01-20,IN39,79,10,1
2017-01-21,IN00,66,14,1
2017-01-21,IN01,2,1,0
2017-01-21,IN02,218,53,4
2017-01-21,IN03,27,5,0
2017-01-21,IN07,1225,313,23
2017-01-21,IN09,177,48,2
2017-01-21,IN10,67,14,2
2017-01-21,IN11,20,7,0
2017-01-21,IN12,346,124,10
2017-01-21,IN13,190,107,8
2017-01-21,IN16,905,338,33
2017-01-21,IN17,32,11,1
2017-01-21,IN18,2,0,0
2017-01-21,IN19,235,88,14
2017-01-21,IN20,16,9,0
2017-01-21,IN21,103,30,5
2017-01-21,IN22,4,1,0
2017-01-21,IN23,209,77,3
2017-01-21,IN24,195,55,4
2017-01-21,IN25,927,339,78
2017-01-21,IN26,59,6,0
2017-01-21,IN28,312,101,16
2017-01-21,IN30,2,0,0
2017-01-21,IN31,1,0,0
2017-01-21,IN32,1,0,0
2017-01-21,IN33,45,17,0
2017-01-21,IN34,236,84,3
2017-01-21,IN35,142,49,5
2017-01-21,IN36,712,222,9
2017-01-21,IN37,32,9,1
2017-01-21,IN38,11,4,1
2017-01-21,IN39,134,38,6
2017-01-22,IN00,84,29,3
2017-01-22,IN01,6,5,0
2017-01-22,IN02,219,48,4
2017-01-22,IN03,122,82,0
2017-01-22,IN06,1,0,0
2017-01-22,IN07,894,212,21
2017-01-22,IN09,144,48,6
2017-01-22,IN10,66,27,1
2017-01-22,IN11,16,8,6
2017-01-22,IN12,204,85,0
2017-01-22,IN13,69,25,4
2017-01-22,IN14,1,0,0
2017-01-22,IN16,575,195,13
2017-01-22,IN17,16,3,0
2017-01-22,IN19,232,76,16
2017-01-22,IN20,32,17,0
2017-01-22,IN21,144,33,3
2017-01-22,IN22,6,1,1
2017-01-22,IN23,192,71,0
2017-01-22,IN24,204,49,4
2017-01-22,IN25,924,369,62
2017-01-22,IN26,10,5,0
2017-01-22,IN28,221,61,13
2017-01-22,IN30,15,9,0
2017-01-22,IN31,1,0,0
2017-01-22,IN33,24,8,1
2017-01-22,IN34,196,74,6
2017-01-22,IN35,67,10,0
2017-01-22,IN36,763,269,16
2017-01-22,IN37,64,7,0
2017-01-22,IN38,19,6,0
2017-01-22,IN39,107,36,5
2017-01-23,IN00,108,57,4
2017-01-23,IN01,21,2,0
2017-01-23,IN02,384,106,7
2017-01-23,IN03,91,39,3
2017-01-23,IN05,2,2,0
2017-01-23,IN07,1436,394,22
2017-01-23,IN09,115,28,0
2017-01-23,IN10,111,25,3
2017-01-23,IN11,21,7,0
2017-01-23,IN12,223,91,8
2017-01-23,IN13,180,56,2
2017-01-23,IN14,3,1,0
2017-01-23,IN16,1153,329,20
2017-01-23,IN17,58,20,0
2017-01-23,IN18,3,0,0
2017-01-23,IN19,485,152,39
2017-01-23,IN20,25,4,2
2017-01-23,IN21,107,20,3
2017-01-23,IN22,8,2,0
2017-01-23,IN23,102,37,2
2017-01-23,IN24,257,69,4
2017-01-23,IN25,1812,919,208
2017-01-23,IN26,29,7,0
2017-01-23,IN28,247,70,7
2017-01-23,IN30,5,0,0
2017-01-23,IN31,12,8,0
2017-01-23,IN33,52,14,4
2017-01-23,IN34,168,62,3
2017-01-23,IN35,168,45,1
2017-01-23,IN36,918,311,28
2017-01-23,IN37,75,42,1
2017-01-23,IN38,21,4,0
2017-01-23,IN39,87,28,3
2017-01-24,IN00,97,23,3
2017-01-24,IN01,7,3,0
2017-01-24,IN02,453,91,5
2017-01-24,IN03,40,6,0
2017-01-24,IN05,1,0,0
2017-01-24,IN06,2,0,0
2017-01-24,IN07,1801,413,19
2017-01-24,IN09,267,72,1
2017-01-24,IN10,135,33,0
2017-01-24,IN11,10,6,0
2017-01-24,IN12,578,234,8
2017-01-24,IN13,134,58,14
2017-01-24,IN14,1,0,0
2017-01-24,IN16,1012,266,14
2017-01-24,IN17,91,25,1
2017-01-24,IN18,7,0,0
2017-01-24,IN19,535,148,18
2017-01-24,IN20,33,3,0
2017-01-24,IN21,95,21,0
2017-01-24,IN22,41,2,0
2017-01-24,IN23,165,51,0
2017-01-24,IN24,249,78,6
2017-01-24,IN25,1007,468,106
2017-01-24,IN26,22,3,1
2017-01-24,IN28,228,57,4
2017-01-24,IN30,7,2,0
2017-01-24,IN31,5,2,0
2017-01-24,IN33,57,11,0
2017-01-24,IN34,142,65,2
2017-01-24,IN35,130,41,6
2017-01-24,IN36,812,254,24
2017-01-24,IN37,86,36,4
2017-01-24,IN38,32,2,0
2017-01-24,IN39,71,26,0
2017-01-25,IN00,102,29,2
2017-01-25,IN01,2,0,0
2017-01-25,IN02,361,77,10
2017-01-25,IN03,54,19,4
2017-01-25,IN06,4,0,0
2017-01-25,IN07,2159,449,16
2017-01-25,IN09,315,99,1
2017-01-25,IN10,132,49,0
2017-01-25,IN11,32,13,0
2017-01-25,IN12,384,143,2
2017-01-25,IN13,159,50,4
2017-01-25,IN16,1031,277,7
2017-01-25,IN17,60,9,1
2017-01-25,IN18,4,0,0
2017-01-25,IN19,634,154,10
2017-01-25,IN20,21,3,0
2017-01-25,IN21,111,16,1
2017-01-25,IN22,15,5,2
2017-01-25,IN23,178,53,5
2017-01-25,IN24,258,77,1
2017-01-25,IN25,716,283,55
2017-01-25,IN26,18,0,0
2017-01-25,IN28,287,70,5
2017-01-25,IN30,7,0,0
2017-01-25,IN33,59,19,0
2017-01-25,IN34,232,68,2
2017-01-25,IN35,147,43,8
2017-01-25,IN36,716,229,19
2017-01-25,IN37,173,87,4
2017-01-25,IN38,37,8,1
2017-01-25,IN39,53,14,1
2017-01-26,IN00,139,54,2
2017-01-26,IN01,4,0,0
2017-01-26,IN02,638,199,49
2017-01-26,IN03,99,36,2
2017-01-26,IN05,5,2,0
2017-01-26,IN06,10,0,0
2017-01-26,IN07,1779,333,21
2017-01-26,IN09,154,55,6
2017-01-26,IN10,88,23,0
2017-01-26,IN11,28,15,0
2017-01-26,IN12,443,162,6
2017-01-26,IN13,142,29,2
2017-01-26,IN14,2,0,0
2017-01-26,IN16,790,187,16
2017-01-26,IN17,22,9,2
2017-01-26,IN18,9,2,0
2017-01-26,IN19,502,117,4
2017-01-26,IN20,10,2,0
2017-01-26,IN21,72,25,2
2017-01-26,IN22,14,0,0
2017-01-26,IN23,262,61,6
2017-01-26,IN24,245,52,3
2017-01-26,IN25,404,157,30
2017-01-26,IN26,26,3,3
2017-01-26,IN28,157,30,5
2017-01-26,IN30,18,3,0
2017-01-26,IN31,15,1,0
2017-01-26,IN33,41,15,0
2017-01-26,IN34,227,70,2
2017-01-26,IN35,120,40,2
2017-01-26,IN36,655,190,12
2017-01-26,IN37,41,13,0
2017-01-26,IN38,12,3,0
2017-01-26,IN39,24,8,0
2017-01-27,IN00,101,27,0
2017-01-27,IN01,4,0,0
2017-01-27,IN02,505,142,13
2017-01-27,IN03,60,22,2
2017-01-27,IN06,2,0,0
2017-01-27,IN07,1247,324,17
2017-01-27,IN09,141,52,2
2017-01-27,IN10,105,29,1
2017-01-27,IN11,27,7,0
2017-01-27,IN12,349,98,2
2017-01-27,IN13,208,91,9
2017-01-27,IN16,833,280,13
2017-01-27,IN17,77,21,0
2017-01-27,IN18,3,3,2
2017-01-27,IN19,544,147,8
2017-01-27,IN20,30,10,0
2017-01-27,IN21,61,12,0
2017-01-27,IN22,16,3,0
2017-01-27,IN23,323,120,15
2017-01-27,IN24,422,190,27
2017-01-27,IN25,606,229,35
2017-01-27,IN26,16,2,2
2017-01-27,IN28,178,40,3
2017-01-27,IN30,27,11,0
2017-01-27,IN31,2,2,0
2017-01-27,IN33,45,8,0
2017-01-27,IN34,138,40,7
2017-01-27,IN35,73,15,2
2017-01-27,IN36,705,218,17
2017-01-27,IN37,67,37,2
2017-01-27,IN38,18,2,0
2017-01-27,IN39,67,27,0
2017-01-28,IN00,88,31,2
2017-01-28,IN01,10,1,0
2017-01-28,IN02,348,86,7
2017-01-28,IN03,52,11,0
2017-01-28,IN05,1,1,0
2017-01-28,IN07,990,309,16
2017-01-28,IN09,155,59,2
2017-01-28,IN10,87,49,3
2017-01-28,IN11,4,0,0
2017-01-28,IN12,344,142,13
2017-01-28,IN13,125,31,7
2017-01-28,IN14,1,1,0
2017-01-28,IN16,804,332,23
2017-01-28,IN17,14,6,2
2017-01-28,IN18,7,4,0
2017-01-28,IN19,351,114,11
2017-01-28,IN20,46,10,2
2017-01-28,IN21,93,32,6
2017-01-28,IN22,16,3,0
2017-01-28,IN23,257,70,12
2017-01-28,IN24,627,282,13
2017-01-28,IN25,430,166,29
2017-01-28,IN26,13,6,0
2017-01-28,IN28,283,79,5
2017-01-28,IN30,14,7,0
2017-01-28,IN31,5,0,0
2017-01-28,IN33,77,26,1
2017-01-28,IN34,225,77,7
2017-01-28,IN35,211,86,1
2017-01-28,IN36,747,239,20
2017-01-28,IN37,40,11,5
2017-01-28,IN38,36,12,0
2017-01-28,IN39,55,17,0
2017-01-29,IN00,83,12,1
2017-01-29,IN01,4,1,0
2017-01-29,IN02,266,39,3
2017-01-29,IN03,63,16,3
2017-01-29,IN06,1,1,0
2017-01-29,IN07,852,281,12
2017-01-29,IN09,85,26,0
2017-01-29,IN10,116,35,8
2017-01-29,IN11,19,7,1
2017-01-29,IN12,206,65,2
2017-01-29,IN13,57,22,1
2017-01-29,IN16,533,194,7
2017-01-29,IN17,27,5,0
2017-01-29,IN18,8,2,0
2017-01-29,IN19,327,81,9
2017-01-29,IN20,34,11,2
2017-01-29,IN21,82,13,0
2017-01-29,IN22,9,1,0
2017-01-29,IN23,242,90,4
2017-01-29,IN24,322,144,13
2017-01-29,IN25,332,141,32
2017-01-29,IN26,17,3,0
2017-01-29,IN28,130,40,0
2017-01-29,IN30,10,1,0
2017-01-29,IN33,63,19,0
2017-01-29,IN34,102,29,3
2017-01-29,IN35,154,55,2
2017-01-29,IN36,673,193,24
2017-01-29,IN37,40,15,0
2017-01-29,IN38,29,9,0
2017-01-29,IN39,77,17,1
2017-01-30,IN00,128,40,7
2017-01-30,IN01,4,0,0
2017-01-30,IN02,349,78,3
2017-01-30,IN03,34,9,0
2017-01-30,IN06,4,0,0
2017-01-30,IN07,1462,513,34
2017-01-30,IN09,213,70,4
2017-01-30,IN10,106,33,1
2017-01-30,IN11,41,16,1
2017-01-30,IN12,322,110,8
2017-01-30,IN13,246,112,4
2017-01-30,IN16,1395,593,11
2017-01-30,IN17,3,0,0
2017-01-30,IN18,9,3,0
2017-01-30,IN19,458,143,10
2017-01-30,IN20,11,2,0
2017-01-30,IN21,94,39,0
2017-01-30,IN22,4,0,0
2017-01-30,IN23,205,66,1
2017-01-30,IN24,485,238,18
2017-01-30,IN25,425,151,39
2017-01-30,IN26,17,6,0
2017-01-30,IN28,319,91,12
2017-01-30,IN29,3,0,0
2017-01-30,IN30,1,0,0
2017-01-30,IN31,3,1,0
2017-01-30,IN33,37,14,1
2017-01-30,IN34,142,51,11
2017-01-30,IN35,462,176,10
2017-01-30,IN36,1059,372,20
2017-01-30,IN37,62,34,0
2017-01-30,IN38,36,10,0
2017-01-30,IN39,127,32,0
2017-01-31,IN00,116,42,3
2017-01-31,IN01,28,5,0
2017-01-31,IN02,295,96,10
2017-01-31,IN03,30,9,0
2017-01-31,IN07,1455,445,14
2017-01-31,IN09,174,54,1
2017-01-31,IN10,119,38,4
2017-01-31,IN11,28,10,0
2017-01-31,IN12,321,115,7
2017-01-31,IN13,283,115,10
2017-01-31,IN16,1444,684,32
2017-01-31,IN17,15,7,0
2017-01-31,IN18,9,0,0
2017-01-31,IN19,446,116,8
2017-01-31,IN20,20,7,0
2017-01-31,IN21,83,22,1
2017-01-31,IN22,15,6,1
2017-01-31,IN23,255,106,6
2017-01-31,IN24,368,140,9
2017-01-31,IN25,532,204,30
2017-01-31,IN26,22,6,0
2017-01-31,IN28,184,46,1
2017-01-31,IN30,1,1,0
2017-01-31,IN33,37,18,0
2017-01-31,IN34,123,55,2
2017-01-31,IN35,347,141,4
2017-01-31,IN36,793,276,15
2017-01-31,IN37,47,23,1
2017-01-31,IN38,55,14,2
2017-01-31,IN39,91,44,2
2017-02-01,IN00,101,31,1
2017-02-01,IN01,44,10,0
2017-02-01,IN02,292,71,6
2017-02-01,IN03,54,16,2
2017-02-01,IN06,1,0,0
2017-02-01,IN07,1311,308,4
2017-02-01,IN09,179,55,3
2017-02-01,IN10,120,30,0
2017-02-01,IN11,16,5,0
2017-02-01,IN12,270,93,10
2017-02-01,IN13,431,131,9
2017-02-01,IN16,1164,412,20
2017-02-01,IN17,20,11,0
2017-02-01,IN18,12,2,0
2017-02-01,IN19,398,76,10
2017-02-01,IN20,21,11,0
2017-02-01,IN21,94,25,1
2017-02-01,IN22,22,2,0
2017-02-01,IN23,275,106,2
2017-02-01,IN24,352,94,11
2017-02-01,IN25,386,131,11
2017-02-01,IN26,21,1,0
2017-02-01,IN28,164,52,7
2017-02-01,IN30,6,0,0
2017-02-01,IN31,4,0,0
2017-02-01,IN33,60,24,0
2017-02-01,IN34,166,52,3
2017-02-01,IN35,248,85,4
2017-02-01,IN36,520,147,12
2017-02-01,IN37,35,9,2
2017-02-01,IN38,28,4,0
2017-02-01,IN39,72,17,2
2017-02-02,IN00,149,31,0
2017-02-02,IN01,16,5,0
2017-02-02,IN02,341,83,3
2017-02-02,IN03,60,33,5
2017-02-02,IN05,1,0,0
2017-02-02,IN06,1,0,0
2017-02-02,IN07,1210,354,15
2017-02-02,IN09,143,55,2
2017-02-02,IN10,128,33,7
2017-02-02,IN11,27,11,1
2017-02-02,IN12,329,98,9
2017-02-02,IN13,185,66,14
2017-02-02,IN16,1063,389,17
2017-02-02,IN17,48,24,0
2017-02-02,IN18,5,4,0
2017-02-02,IN19,443,103,8
2017-02-02,IN20,72,35,4
2017-02-02,IN21,94,38,2
2017-02-02,IN22,26,5,1
2017-02-02,IN23,271,108,2
2017-02-02,IN24,288,89,9
2017-02-02,IN25,378,110,3
2017-02-02,IN26,16,0,0
2017-02-02,IN28,191,36,7
2017-02-02,IN30,8,0,0
2017-02-02,IN31,2,0,0
2017-02-02,IN33,71,23,0
2017-02-02,IN34,125,38,2
2017-02-02,IN35,201,71,1
2017-02-02,IN36,592,211,9
2017-02-02,IN37,58,27,0
2017-02-02,IN38,28,4,0
2017-02-02,IN39,98,26,1
2017-02-03,IN00,131,43,1
2017-02-03,IN01,11,2,0
2017-02-03,IN02,291,60,5
2017-02-03,IN03,42,20,5
2017-02-03,IN05,2,0,0
2017-02-03,IN06,2,0,0
2017-02-03,IN07,1164,356,32
2017-02-03,IN09,171,64,2
2017-02-03,IN10,146,44,10
2017-02-03,IN11,36,12,0
2017-02-03,IN12,281,114,17
2017-02-03,IN13,151,45,4
2017-02-03,IN16,1133,425,15
2017-02-03,IN17,43,18,2
2017-02-03,IN19,710,154,9
2017-02-03,IN20,152,73,7
2017-02-03,IN21,94,26,0
2017-02-03,IN22,18,2,0
2017-02-03,IN23,179,50,2
2017-02-03,IN24,265,79,3
2017-02-03,IN25,469,141,4
2017-02-03,IN26,6,1,0
2017-02-03,IN28,257,91,7
2017-02-03,IN30,8,0,0
2017-02-03,IN31,2,0,0
2017-02-03,IN33,55,30,6
2017-02-03,IN34,133,44,2
2017-02-03,IN35,227,92,3
2017-02-03,IN36,805,298,28
2017-02-03,IN37,74,29,0
2017-02-03,IN38,26,1,0
2017-02-03,IN39,50,18,2
2017-02-04,IN00,83,17,0
2017-02-04,IN01,9,1,0
2017-02-04,IN02,334,80,6
2017-02-04,IN03,53,18,3
2017-02-04,IN07,920,248,10
2017-02-04,IN09,114,36,0
2017-02-04,IN10,97,30,0
2017-02-04,IN11,23,4,0
2017-02-04,IN12,295,105,4
2017-02-04,IN13,169,69,7
2017-02-04,IN16,910,372,10
2017-02-04,IN17,26,8,0
2017-02-04,IN18,2,0,0
2017-02-04,IN19,544,136,3
2017-02-04,IN20,59,25,5
2017-02-04,IN21,97,38,1
2017-02-04,IN22,2,0,0
2017-02-04,IN23,399,179,7
2017-02-04,IN24,187,56,1
2017-02-04,IN25,367,92,9
2017-02-04,IN26,9,5,0
2017-02-04,IN28,155,62,6
2017-02-04,IN30,4,1,0
2017-02-04,IN31,2,0,0
2017-02-04,IN33,74,14,0
2017-02-04,IN34,131,23,0
2017-02-04,IN35,183,74,5
2017-02-04,IN36,946,296,19
2017-02-04,IN37,49,14,0
2017-02-04,IN38,28,9,1
2017-02-04,IN39,143,37,6
2017-02-05,IN00,67,12,0
2017-02-05,IN01,5,0,0
2017-02-05,IN02,245,79,4
2017-02-05,IN03,35,15,0
2017-02-05,IN06,2,2,0
2017-02-05,IN07,864,264,23
2017-02-05,IN09,121,47,3
2017-02-05,IN10,95,29,0
2017-02-05,IN11,10,4,0
2017-02-05,IN12,305,102,6
2017-02-05,IN13,135,57,12
2017-02-05,IN14,7,2,0
2017-02-05,IN16,603,219,7
2017-02-05,IN17,71,16,0
2017-02-05,IN18,1,0,0
2017-02-05,IN19,425,114,6
2017-02-05,IN20,73,29,2
2017-02-05,IN21,102,34,0
2017-02-05,IN22,3,2,0
2017-02-05,IN23,145,43,3
2017-02-05,IN24,161,61,3
2017-02-05,IN25,599,156,8
2017-02-05,IN26,17,5,0
2017-02-05,IN28,146,35,1
2017-02-05,IN30,2,2,0
2017-02-05,IN33,36,11,0
2017-02-05,IN34,212,83,6
2017-02-05,IN35,170,46,1
2017-02-05,IN36,846,290,32
2017-02-05,IN37,46,15,0
2017-02-05,IN38,25,5,0
2017-02-05,IN39,91,12,1
2017-02-06,IN00,65,18,4
2017-02-06,IN01,12,6,0
2017-02-06,IN02,307,82,8
2017-02-06,IN03,87,15,0
2017-02-06,IN05,2,2,0
2017-02-06,IN06,3,0,0
2017-02-06,IN07,1494,476,26
2017-02-06,IN09,170,69,11
2017-02-06,IN10,178,72,0
2017-02-06,IN11,8,3,0
2017-02-06,IN12,288,95,11
2017-02-06,IN13,189,54,13
2017-02-06,IN14,3,0,0
2017-02-06,IN16,1122,348,17
2017-02-06,IN17,111,30,4
2017-02-06,IN19,576,164,6
2017-02-06,IN20,68,25,3
2017-02-06,IN21,96,19,3
2017-02-06,IN22,7,0,0
2017-02-06,IN23,115,39,5
2017-02-06,IN24,229,79,7
2017-02-06,IN25,897,215,18
2017-02-06,IN26,5,3,0
2017-02-06,IN28,249,87,10
2017-02-06,IN30,1,0,0
2017-02-06,IN31,26,14,0
2017-02-06,IN33,18,4,0
2017-02-06,IN34,160,64,10
2017-02-06,IN35,207,68,6
2017-02-06,IN36,989,346,30
2017-02-06,IN37,61,28,1
2017-02-06,IN38,20,4,1
2017-02-06,IN39,136,47,6
2017-02-07,IN00,97,26,1
2017-02-07,IN01,4,1,0
2017-02-07,IN02,357,76,6
2017-02-07,IN03,36,10,0
2017-02-07,IN06,1,1,0
2017-02-07,IN07,1578,466,39
2017-02-07,IN09,145,68,3
2017-02-07,IN10,148,73,3
2017-02-07,IN11,17,4,0
2017-02-07,IN12,256,82,4
2017-02-07,IN13,159,50,10
2017-02-07,IN14,1,0,0
2017-02-07,IN16,1314,436,13
2017-02-07,IN17,32,5,0
2017-02-07,IN18,2,0,0
2017-02-07,IN19,538,128,6
2017-02-07,IN20,54,23,1
2017-02-07,IN21,100,21,2
2017-02-07,IN22,15,6,0
2017-02-07,IN23,227,113,1
2017-02-07,IN24,359,109,6
2017-02-07,IN25,832,226,7
2017-02-07,IN26,13,3,0
2017-02-07,IN28,321,95,1
2017-02-07,IN29,1,0,0
2017-02-07,IN30,3,0,0
2017-02-07,IN31,20,9,0
2017-02-07,IN33,64,22,1
2017-02-07,IN34,326,131,9
2017-02-07,IN35,251,102,5
2017-02-07,IN36,1032,386,19
2017-02-07,IN37,64,21,0
2017-02-07,IN38,82,37,26
2017-02-07,IN39,195,53,1
2017-02-08,IN00,87,29,4
2017-02-08,IN01,11,2,1
2017-02-08,IN02,320,61,7
2017-02-08,IN03,33,19,1
2017-02-08,IN05,1,0,0
2017-02-08,IN06,3,0,0
2017-02-08,IN07,1350,432,43
2017-02-08,IN09,256,117,6
2017-02-08,IN10,171,55,8
2017-02-08,IN11,7,1,0
2017-02-08,IN12,245,101,8
2017-02-08,IN13,204,67,19
2017-02-08,IN14,4,2,0
2017-02-08,IN16,1031,339,13
2017-02-08,IN17,27,5,0
2017-02-08,IN19,416,113,2
2017-02-08,IN20,49,14,1
2017-02-08,IN21,103,39,1
2017-02-08,IN22,1,0,0
2017-02-08,IN23,201,85,2
2017-02-08,IN24,179,62,7
2017-02-08,IN25,1080,303,6
2017-02-08,IN26,26,12,0
2017-02-08,IN28,316,121,8
2017-02-08,IN29,3,0,0
2017-02-08,IN30,1,0,0
2017-02-08,IN31,17,1,0
2017-02-08,IN33,47,13,0
2017-02-08,IN34,291,133,2
2017-02-08,IN35,260,79,1
2017-02-08,IN36,778,270,33
2017-02-08,IN37,34,10,0
2017-02-08,IN38,18,3,1
2017-02-08,IN39,114,33,0
2017-02-09,IN00,64,16,3
2017-02-09,IN01,10,1,0
2017-02-09,IN02,303,82,5
2017-02-09,IN03,39,18,0
2017-02-09,IN06,3,0,0
2017-02-09,IN07,1671,495,40
2017-02-09,IN09,174,69,7
2017-02-09,IN10,108,41,7
2017-02-09,IN11,8,3,0
2017-02-09,IN12,244,88,4
2017-02-09,IN13,213,48,8
2017-02-09,IN14,6,2,0
2017-02-09,IN16,1212,393,15
2017-02-09,IN17,6,0,0
2017-02-09,IN19,469,135,2
2017-02-09,IN20,29,3,1
2017-02-09,IN21,94,51,5
2017-02-09,IN22,21,1,0
2017-02-09,IN23,139,60,2
2017-02-09,IN24,181,68,3
2017-02-09,IN25,991,247,2
2017-02-09,IN26,4,2,1
2017-02-09,IN28,273,77,7
2017-02-09,IN30,4,1,0
2017-02-09,IN31,6,0,0
2017-02-09,IN33,45,5,0
2017-02-09,IN34,156,62,2
2017-02-09,IN35,209,83,3
2017-02-09,IN36,769,327,10
2017-02-09,IN37,38,16,2
2017-02-09,IN38,21,4,1
2017-02-09,IN39,220,92,4
2017-02-10,IN00,144,27,0
2017-02-10,IN01,6,1,0
2017-02-10,IN02,244,67,1
2017-02-10,IN03,52,13,0
2017-02-10,IN05,9,1,0
2017-02-10,IN06,2,0,0
2017-02-10,IN07,1435,421,31
2017-02-10,IN09,208,88,12
2017-02-10,IN10,178,45,3
2017-02-10,IN11,19,2,1
2017-02-10,IN12,314,138,11
2017-02-10,IN13,160,55,1
2017-02-10,IN14,3,0,0
2017-02-10,IN16,1042,296,10
2017-02-10,IN17,23,6,0
2017-02-10,IN18,1,0,0
2017-02-10,IN19,589,162,11
2017-02-10,IN20,51,20,1
2017-02-10,IN21,68,14,1
2017-02-10,IN22,13,0,0
2017-02-10,IN23,106,50,1
2017-02-10,IN24,248,86,9
2017-02-10,IN25,971,256,9
2017-02-10,IN26,14,4,0
2017-02-10,IN28,219,66,8
2017-02-10,IN31,7,3,0
2017-02-10,IN33,37,18,1
2017-02-10,IN34,141,61,0
2017-02-10,IN35,301,125,3
2017-02-10,IN36,840,370,20
2017-02-10,IN37,52,25,0
2017-02-10,IN38,3,1,0
2017-02-10,IN39,95,30,5
2017-02-11,IN00,95,34,0
2017-02-11,IN01,12,0,0
2017-02-11,IN02,259,74,2
2017-02-11,IN03,48,7,0
2017-02-11,IN05,5,3,0
2017-02-11,IN06,2,0,0
2017-02-11,IN07,792,224,13
2017-02-11,IN09,131,44,0
2017-02-11,IN10,137,51,2
2017-02-11,IN11,37,18,0
2017-02-11,IN12,205,80,14
2017-02-11,IN13,116,29,4
2017-02-11,IN16,779,275,6
2017-02-11,IN17,26,5,2
2017-02-11,IN18,6,2,0
2017-02-11,IN19,411,98,7
2017-02-11,IN20,26,7,0
2017-02-11,IN21,57,18,1
2017-02-11,IN22,3,0,0
2017-02-11,IN23,92,49,1
2017-02-11,IN24,168,82,2
2017-02-11,IN25,562,130,4
2017-02-11,IN26,6,0,0
2017-02-11,IN28,266,93,1
2017-02-11,IN30,1,1,0
2017-02-11,IN33,20,2,0
2017-02-11,IN34,225,91,2
2017-02-11,IN35,234,63,0
2017-02-11,IN36,948,349,7
2017-02-11,IN37,50,17,0
2017-02-11,IN38,25,8,0
2017-02-11,IN39,152,67,2
2017-02-12,IN00,98,34,2
2017-02-12,IN02,270,68,7
2017-02-12,IN03,24,1,0
2017-02-12,IN07,723,233,19
2017-02-12,IN09,133,57,2
2017-02-12,IN10,60,23,2
2017-02-12,IN11,16,6,0
2017-02-12,IN12,321,153,4
2017-02-12,IN13,91,32,11
2017-02-12,IN14,2,0,0
2017-02-12,IN16,601,216,19
2017-02-12,IN17,35,12,7
2017-02-12,IN18,10,10,0
2017-02-12,IN19,272,75,1
2017-02-12,IN20,38,9,1
2017-02-12,IN21,32,6,1
2017-02-12,IN22,1,0,0
2017-02-12,IN23,88,65,4
2017-02-12,IN24,179,52,1
2017-02-12,IN25,476,145,11
2017-02-12,IN26,2,0,0
2017-02-12,IN28,172,60,4
2017-02-12,IN33,5,3,0
2017-02-12,IN34,99,38,0
2017-02-12,IN35,204,64,3
2017-02-12,IN36,624,247,17
2017-02-12,IN37,22,6,0
2017-02-12,IN38,17,5,0
2017-02-12,IN39,136,58,1
2017-02-13,IN00,179,65,1
2017-02-13,IN01,3,3,0
2017-02-13,IN02,324,106,5
2017-02-13,IN03,60,25,0
2017-02-13,IN05,9,4,1
2017-02-13,IN07,1170,327,26
2017-02-13,IN09,195,73,6
2017-02-13,IN10,158,27,3
2017-02-13,IN11,10,4,0
2017-02-13,IN12,414,188,15
2017-02-13,IN13,260,113,17
2017-02-13,IN16,894,255,13
2017-02-13,IN17,27,5,0
2017-02-13,IN18,9,0,0
2017-02-13,IN19,658,184,13
2017-02-13,IN20,77,14,0
2017-02-13,IN21,80,30,4
2017-02-13,IN22,3,0,0
2017-02-13,IN23,75,37,1
2017-02-13,IN24,250,98,3
2017-02-13,IN25,790,225,8
2017-02-13,IN26,12,7,0
2017-02-13,IN28,298,103,1
2017-02-13,IN30,9,3,0
2017-02-13,IN31,10,7,0
2017-02-13,IN33,12,2,0
2017-02-13,IN34,116,43,2
2017-02-13,IN35,279,112,1
2017-02-13,IN36,763,315,25
2017-02-13,IN37,33,4,1
2017-02-13,IN38,30,6,2
2017-02-13,IN39,200,65,8
2017-02-14,IN00,165,41,2
2017-02-14,IN02,304,79,5
2017-02-14,IN03,81,19,0
2017-02-14,IN05,1,0,0
2017-02-14,IN06,3,0,0
2017-02-14,IN07,1217,344,12
2017-02-14,IN09,216,104,6
2017-02-14,IN10,159,49,1
2017-02-14,IN11,16,4,0
2017-02-14,IN12,547,260,9
2017-02-14,IN13,90,21,1
2017-02-14,IN16,901,279,19
2017-02-14,IN17,15,0,0
2017-02-14,IN19,940,278,4
2017-02-14,IN20,28,3,0
2017-02-14,IN21,58,21,0
2017-02-14,IN22,12,1,0
2017-02-14,IN23,86,41,0
2017-02-14,IN24,219,71,3
2017-02-14,IN25,1209,394,6
2017-02-14,IN26,3,0,0
2017-02-14,IN28,247,88,6
2017-02-14,IN30,7,3,0
2017-02-14,IN31,17,7,0
2017-02-14,IN33,15,2,0
2017-02-14,IN34,196,52,1
2017-02-14,IN35,268,100,5
2017-02-14,IN36,569,203,3
2017-02-14,IN37,17,1,0
2017-02-14,IN38,32,5,0
2017-02-14,IN39,152,51,6
2017-02-15,IN00,167,39,1
2017-02-15,IN01,9,4,0
2017-02-15,IN02,345,75,11
2017-02-15,IN03,67,17,0
2017-02-15,IN07,1382,364,26
2017-02-15,IN09,331,139,19
2017-02-15,IN10,130,44,1
2017-02-15,IN11,40,13,0
2017-02-15,IN12,615,258,5
2017-02-15,IN13,136,32,1
2017-02-15,IN16,1073,344,21
2017-02-15,IN17,83,29,3
2017-02-15,IN18,2,2,0
2017-02-15,IN19,806,218,18
2017-02-15,IN20,31,8,0
2017-02-15,IN21,68,16,0
2017-02-15,IN22,17,2,0
2017-02-15,IN23,169,63,0
2017-02-15,IN24,247,84,3
2017-02-15,IN25,619,196,7
2017-02-15,IN26,15,2,0
2017-02-15,IN28,184,54,5
2017-02-15,IN31,12,3,1
2017-02-15,IN33,14,4,0
2017-02-15,IN34,285,129,2
2017-02-15,IN35,214,79,18
2017-02-15,IN36,864,276,12
2017-02-15,IN37,56,23,0
2017-02-15,IN38,60,7,1
2017-02-15,IN39,192,77,0
2017-02-16,IN00,133,34,4
2017-02-16,IN01,5,0,0
2017-02-16,IN02,429,112,5
2017-02-16,IN03,81,28,1
2017-02-16,IN05,2,0,0
2017-02-16,IN07,1658,497,28
2017-02-16,IN09,271,95,4
2017-02-16,IN10,131,44,3
2017-02-16,IN11,43,22,2
2017-02-16,IN12,514,244,27
2017-02-16,IN13,140,41,0
2017-02-16,IN16,995,307,20
2017-02-16,IN17,100,31,2
2017-02-16,IN18,2,1,0
2017-02-16,IN19,614,140,11
2017-02-16,IN20,81,18,3
2017-02-16,IN21,53,13,0
2017-02-16,IN22,3,0,0
2017-02-16,IN23,153,59,1
2017-02-16,IN24,228,75,9
2017-02-16,IN25,928,271,3
2017-02-16,IN26,19,7,0
2017-02-16,IN28,269,103,10
2017-02-16,IN30,1,0,0
2017-02-16,IN31,6,2,0
2017-02-16,IN33,16,8,0
2017-02-16,IN34,179,73,0
2017-02-16,IN35,238,77,1
2017-02-16,IN36,866,266,10
2017-02-16,IN37,26,13,0
2017-02-16,IN38,46,3,2
2017-02-16,IN39,114,47,4
2017-02-17,IN00,173,37,4
2017-02-17,IN01,7,0,0
2017-02-17,IN02,325,86,2
2017-02-17,IN03,121,38,0
2017-02-17,IN05,5,1,0
2017-02-17,IN06,16,3,0
2017-02-17,IN07,1445,461,21
2017-02-17,IN09,217,91,4
2017-02-17,IN10,160,49,4
2017-02-17,IN11,50,8,3
2017-02-17,IN12,457,217,14
2017-02-17,IN13,147,27,3
2017-02-17,IN16,865,309,10
2017-02-17,IN17,74,21,3
2017-02-17,IN18,5,4,0
2017-02-17,IN19,642,178,8
2017-02-17,IN20,75,11,0
2017-02-17,IN21,104,14,0
2017-02-17,IN22,15,1,0
2017-02-17,IN23,154,54,3
2017-02-17,IN24,204,68,3
2017-02-17,IN25,864,311,10
2017-02-17,IN26,17,6,0
2017-02-17,IN28,205,81,4
2017-02-17,IN30,1,0,0
2017-02-17,IN31,1,0,0
2017-02-17,IN33,16,8,0
2017-02-17,IN34,142,62,5
2017-02-17,IN35,251,65,6
2017-02-17,IN36,1078,334,14
2017-02-17,IN37,52,22,8
2017-02-17,IN38,104,14,3
2017-02-17,IN39,82,16,4
2017-02-18,IN00,114,35,0
2017-02-18,IN01,5,2,0
2017-02-18,IN02,218,62,9
2017-02-18,IN03,113,16,0
2017-02-18,IN05,3,0,0
2017-02-18,IN06,3,1,0
2017-02-18,IN07,1004,301,26
2017-02-18,IN09,150,44,3
2017-02-18,IN10,79,29,1
2017-02-18,IN11,15,0,0
2017-02-18,IN12,309,99,1
2017-02-18,IN13,197,72,1
2017-02-18,IN16,918,295,10
2017-02-18,IN17,59,29,2
2017-02-18,IN18,8,2,0
2017-02-18,IN19,368,86,5
2017-02-18,IN20,181,19,2
2017-02-18,IN21,95,14,0
2017-02-18,IN22,5,0,0
2017-02-18,IN23,77,17,0
2017-02-18,IN24,276,98,6
2017-02-18,IN25,879,383,64
2017-02-18,IN26,23,10,1
2017-02-18,IN28,192,71,11
2017-02-18,IN29,2,0,0
2017-02-18,IN30,2,2,0
2017-02-18,IN33,27,10,0
2017-02-18,IN34,121,46,0
2017-02-18,IN35,161,46,1
2017-02-18,IN36,678,286,12
2017-02-18,IN37,18,7,3
2017-02-18,IN38,26,5,0
2017-02-18,IN39,68,19,0
2017-02-19,IN00,91,23,0
2017-02-19,IN01,6,2,0
2017-02-19,IN02,226,57,2
2017-02-19,IN03,73,2,0
2017-02-19,IN06,7,2,0
2017-02-19,IN07,841,195,18
2017-02-19,IN09,161,43,0
2017-02-19,IN10,162,57,11
2017-02-19,IN11,25,6,1
2017-02-19,IN12,264,103,9
2017-02-19,IN13,129,71,2
2017-02-19,IN16,565,200,6
2017-02-19,IN17,31,10,0
2017-02-19,IN18,5,0,0
2017-02-19,IN19,248,73,3
2017-02-19,IN20,137,16,3
2017-02-19,IN21,39,13,2
2017-02-19,IN22,13,2,0
2017-02-19,IN23,55,31,4
2017-02-19,IN24,286,70,4
2017-02-19,IN25,561,222,44
2017-02-19,IN26,8,0,0
2017-02-19,IN28,134,26,0
2017-02-19,IN30,1,1,0
2017-02-19,IN33,24,1,0
2017-02-19,IN34,61,23,1
2017-02-19,IN35,142,48,2
2017-02-19,IN36,746,263,16
2017-02-19,IN37,20,6,0
2017-02-19,IN38,21,3,1
2017-02-19,IN39,32,3,0
2017-02-20,IN00,193,51,5
2017-02-20,IN01,14,6,0
2017-02-20,IN02,282,67,2
2017-02-20,IN03,84,3,0
2017-02-20,IN07,1512,373,20
2017-02-20,IN09,254,90,12
2017-02-20,IN10,142,62,7
2017-02-20,IN11,36,14,0
2017-02-20,IN12,192,75,4
2017-02-20,IN13,317,174,3
2017-02-20,IN16,997,287,12
2017-02-20,IN17,103,34,4
2017-02-20,IN18,14,1,0
2017-02-20,IN19,451,96,13
2017-02-20,IN20,130,34,4
2017-02-20,IN21,55,12,3
2017-02-20,IN22,22,6,2
2017-02-20,IN23,71,27,0
2017-02-20,IN24,186,72,3
2017-02-20,IN25,664,241,54
2017-02-20,IN26,11,2,0
2017-02-20,IN28,252,91,13
2017-02-20,IN30,3,0,0
2017-02-20,IN33,31,2,0
2017-02-20,IN34,135,55,10
2017-02-20,IN35,238,91,4
2017-02-20,IN36,1102,374,26
2017-02-20,IN37,36,15,0
2017-02-20,IN38,63,7,0
2017-02-20,IN39,82,18,0
2017-02-21,IN00,176,55,4
2017-02-21,IN01,71,24,4
2017-02-21,IN02,505,136,8
2017-02-21,IN03,48,9,1
2017-02-21,IN07,1591,450,25
2017-02-21,IN09,245,77,5
2017-02-21,IN10,135,57,0
2017-02-21,IN11,11,1,0
2017-02-21,IN12,304,146,1
2017-02-21,IN13,247,126,4
2017-02-21,IN14,1,0,0
2017-02-21,IN16,1282,372,13
2017-02-21,IN17,31,10,0
2017-02-21,IN18,10,10,0
2017-02-21,IN19,478,114,14
2017-02-21,IN20,60,25,3
2017-02-21,IN21,87,22,1
2017-02-21,IN22,12,0,0
2017-02-21,IN23,93,41,2
2017-02-21,IN24,341,148,6
2017-02-21,IN25,631,169,9
2017-02-21,IN26,31,0,0
2017-02-21,IN28,276,84,12
2017-02-21,IN30,17,9,1
2017-02-21,IN31,15,6,0
2017-02-21,IN33,17,3,0
2017-02-21,IN34,170,79,0
2017-02-21,IN35,176,45,1
2017-02-21,IN36,837,265,15
2017-02-21,IN37,58,28,0
2017-02-21,IN38,16,1,1
2017-02-21,IN39,69,21,2
2017-02-22,IN00,184,64,7
2017-02-22,IN01,11,1,0
2017-02-22,IN02,529,172,18
2017-02-22,IN03,56,27,1
2017-02-22,IN05,1,1,0
2017-02-22,IN06,9,6,0
2017-02-22,IN07,1778,552,55
2017-02-22,IN09,148,38,7
2017-02-22,IN10,120,28,0
2017-02-22,IN11,11,0,0
2017-02-22,IN12,265,116,2
2017-02-22,IN13,188,77,1
2017-02-22,IN16,1172,387,10
2017-02-22,IN17,45,17,0
2017-02-22,IN18,5,5,0
2017-02-22,IN19,558,152,10
2017-02-22,IN20,52,11,1
2017-02-22,IN21,93,33,2
2017-02-22,IN22,8,4,2
2017-02-22,IN23,82,41,0
2017-02-22,IN24,239,70,4
2017-02-22,IN25,595,208,54
2017-02-22,IN26,22,1,1
2017-02-22,IN28,238,50,2
2017-02-22,IN30,9,5,0
2017-02-22,IN31,20,7,0
2017-02-22,IN33,11,1,0
2017-02-22,IN34,213,105,5
2017-02-22,IN35,265,81,15
2017-02-22,IN36,1137,358,12
2017-02-22,IN37,22,10,0
2017-02-22,IN38,29,2,0
2017-02-22,IN39,118,46,6
2017-02-23,IN00,162,49,3
2017-02-23,IN01,4,0,0
2017-02-23,IN02,321,95,16
2017-02-23,IN03,70,27,0
2017-02-23,IN05,9,0,0
2017-02-23,IN07,1810,551,56
2017-02-23,IN09,245,106,4
2017-02-23,IN10,185,79,10
2017-02-23,IN11,10,2,0
2017-02-23,IN12,371,189,9
2017-02-23,IN13,174,79,3
2017-02-23,IN14,3,0,0
2017-02-23,IN16,1552,406,21
2017-02-23,IN17,87,28,0
2017-02-23,IN19,427,130,13
2017-02-23,IN20,22,8,0
2017-02-23,IN21,59,12,0
2017-02-23,IN22,8,0,0
2017-02-23,IN23,135,61,3
2017-02-23,IN24,610,188,8
2017-02-23,IN25,496,161,17
2017-02-23,IN26,17,3,0
2017-02-23,IN28,229,73,12
2017-02-23,IN29,1,1,0
2017-02-23,IN30,1,0,0
2017-02-23,IN31,11,3,0
2017-02-23,IN33,31,3,0
2017-02-23,IN34,215,54,3
2017-02-23,IN35,175,42,2
2017-02-23,IN36,1027,351,20
2017-02-23,IN37,40,16,0
2017-02-23,IN38,26,8,0
2017-02-23,IN39,61,18,0
2017-02-24,IN00,167,71,6
2017-02-24,IN01,15,3,0
2017-02-24,IN02,544,220,1
2017-02-24,IN03,26,8,0
2017-02-24,IN05,1,0,0
2017-02-24,IN06,1,0,0
2017-02-24,IN07,2067,646,44
2017-02-24,IN09,166,61,5
2017-02-24,IN10,130,44,4
2017-02-24,IN11,14,5,0
2017-02-24,IN12,351,107,6
2017-02-24,IN13,175,91,6
2017-02-24,IN14,1,1,0
2017-02-24,IN16,1108,348,5
2017-02-24,IN17,72,24,7
2017-02-24,IN18,12,0,0
2017-02-24,IN19,346,105,5
2017-02-24,IN20,65,10,0
2017-02-24,IN21,119,31,0
2017-02-24,IN22,27,9,1
2017-02-24,IN23,100,35,4
2017-02-24,IN24,407,100,9
2017-02-24,IN25,565,124,7
2017-02-24,IN26,11,0,0
2017-02-24,IN28,196,48,3
2017-02-24,IN31,14,5,0
2017-02-24,IN33,25,11,0
2017-02-24,IN34,237,77,2
2017-02-24,IN35,164,52,3
2017-02-24,IN36,917,289,10
2017-02-24,IN37,36,13,0
2017-02-24,IN38,34,19,0
2017-02-24,IN39,41,11,0
2017-02-25,IN00,133,24,1
2017-02-25,IN01,6,1,0
2017-02-25,IN02,507,182,2
2017-02-25,IN03,17,5,0
2017-02-25,IN07,1080,402,34
2017-02-25,IN09,155,61,4
2017-02-25,IN10,104,37,3
2017-02-25,IN11,11,0,0
2017-02-25,IN12,369,145,14
2017-02-25,IN13,146,69,6
2017-02-25,IN14,1,1,0
2017-02-25,IN16,923,354,22
2017-02-25,IN17,136,44,6
2017-02-25,IN19,265,91,17
2017-02-25,IN20,25,4,1
2017-02-25,IN21,131,41,8
2017-02-25,IN22,14,1,0
2017-02-25,IN23,59,20,1
2017-02-25,IN24,322,96,3
2017-02-25,IN25,290,99,5
2017-02-25,IN26,8,1,0
2017-02-25,IN28,293,94,3
2017-02-25,IN31,2,0,0
2017-02-25,IN33,22,4,0
2017-02-25,IN34,151,49,4
2017-02-25,IN35,123,32,1
2017-02-25,IN36,827,302,31
2017-02-25,IN37,36,14,1
2017-02-25,IN38,55,27,1
2017-02-25,IN39,39,13,1
2017-02-26,IN00,96,32,0
2017-02-26,IN01,7,1,0
2017-02-26,IN02,458,163,13
2017-02-26,IN03,10,5,0
2017-02-26,IN06,1,0,0
2017-02-26,IN07,1068,347,23
2017-02-26,IN09,154,60,0
2017-02-26,IN10,166,68,6
2017-02-26,IN11,20,1,0
2017-02-26,IN12,198,103,5
2017-02-26,IN13,122,59,8
2017-02-26,IN16,605,192,10
2017-02-26,IN17,10,8,0
2017-02-26,IN18,39,10,0
2017-02-26,IN19,229,54,4
2017-02-26,IN20,34,10,0
2017-02-26,IN21,121,39,4
2017-02-26,IN22,6,4,0
2017-02-26,IN23,63,20,0
2017-02-26,IN24,204,53,2
2017-02-26,IN25,266,74,10
2017-02-26,IN26,13,3,0
2017-02-26,IN28,168,49,3
2017-02-26,IN30,3,3,0
2017-02-26,IN31,7,5,0
2017-02-26,IN33,24,3,1
2017-02-26,IN34,204,76,7
2017-02-26,IN35,109,53,2
2017-02-26,IN36,720,262,15
2017-02-26,IN37,17,6,0
2017-02-26,IN38,34,5,1
2017-02-26,IN39,81,27,1
2017-02-27,IN00,119,33,2
2017-02-27,IN01,4,1,0
2017-02-27,IN02,497,155,1
2017-02-27,IN03,36,14,0
2017-02-27,IN06,5,0,0
2017-02-27,IN07,1635,632,49
2017-02-27,IN09,243,116,3
2017-02-27,IN10,184,60,4
2017-02-27,IN11,22,10,0
2017-02-27,IN12,425,218,7
2017-02-27,IN13,150,75,10
2017-02-27,IN16,984,286,10
2017-02-27,IN17,45,22,3
2017-02-27,IN18,4,1,0
2017-02-27,IN19,404,142,8
2017-02-27,IN20,27,11,0
2017-02-27,IN21,134,38,3
2017-02-27,IN22,21,6,2
2017-02-27,IN23,106,34,3
2017-02-27,IN24,301,95,2
2017-02-27,IN25,469,149,12
2017-02-27,IN26,8,4,0
2017-02-27,IN28,219,59,3
2017-02-27,IN30,5,4,0
2017-02-27,IN31,17,6,0
2017-02-27,IN33,34,4,0
2017-02-27,IN34,146,62,10
2017-02-27,IN35,276,133,1
2017-02-27,IN36,885,340,22
2017-02-27,IN37,68,37,6
2017-02-27,IN38,22,8,0
2017-02-27,IN39,85,25,3
2017-02-28,IN00,123,28,0
2017-02-28,IN01,16,6,0
2017-02-28,IN02,557,201,4
2017-02-28,IN03,111,52,3
2017-02-28,IN06,1,0,0
2017-02-28,IN07,1974,790,91
2017-02-28,IN09,196,78,8
2017-02-28,IN10,171,62,16
2017-02-28,IN11,18,5,1
2017-02-28,IN12,452,244,30
2017-02-28,IN13,216,94,12
2017-02-28,IN14,3,3,0
2017-02-28,IN16,1170,311,18
2017-02-28,IN17,58,18,6
2017-02-28,IN18,12,0,0
2017-02-28,IN19,371,85,3
2017-02-28,IN20,49,8,0
2017-02-28,IN21,72,18,0
2017-02-28,IN22,11,3,2
2017-02-28,IN23,147,71,5
2017-02-28,IN24,230,64,5
2017-02-28,IN25,524,165,25
2017-02-28,IN26,23,13,7
2017-02-28,IN28,196,68,6
2017-02-28,IN30,11,1,0
2017-02-28,IN31,2,0,0
2017-02-28,IN33,15,5,0
2017-02-28,IN34,160,44,6
2017-02-28,IN35,172,85,11
2017-02-28,IN36,901,357,46
2017-02-28,IN37,36,21,1
2017-02-28,IN38,41,13,1
2017-02-28,IN39,53,6,2
2017-03-01,IN00,109,32,7
2017-03-01,IN01,1,0,0
2017-03-01,IN02,518,206,9
2017-03-01,IN03,95,31,0
2017-03-01,IN07,1741,713,98
2017-03-01,IN09,258,87,10
2017-03-01,IN10,239,111,16
2017-03-01,IN11,18,11,3
2017-03-01,IN12,267,119,5
2017-03-01,IN13,220,97,11
2017-03-01,IN14,4,4,0
2017-03-01,IN16,1145,386,31
2017-03-01,IN17,86,13,1
2017-03-01,IN19,397,109,3
2017-03-01,IN20,39,7,1
2017-03-01,IN21,96,26,2
2017-03-01,IN22,11,2,1
2017-03-01,IN23,160,55,6
2017-03-01,IN24,227,63,2
2017-03-01,IN25,570,208,27
2017-03-01,IN26,19,5,5
2017-03-01,IN28,346,158,9
2017-03-01,IN30,1,0,0
2017-03-01,IN33,36,6,1
2017-03-01,IN34,264,97,7
2017-03-01,IN35,161,57,4
2017-03-01,IN36,939,383,45
2017-03-01,IN37,23,10,2
2017-03-01,IN38,23,8,1
2017-03-01,IN39,94,25,1
2017-03-02,IN00,121,28,1
2017-03-02,IN01,17,5,0
2017-03-02,IN02,342,94,4
2017-03-02,IN03,87,30,6
2017-03-02,IN05,6,4,0
2017-03-02,IN06,6,0,0
2017-03-02,IN07,1853,723,80
2017-03-02,IN09,298,113,4
2017-03-02,IN10,271,112,23
2017-03-02,IN11,13,6,0
2017-03-02,IN12,245,87,3
2017-03-02,IN13,301,165,22
2017-03-02,IN16,1105,357,19
2017-03-02,IN17,19,11,4
2017-03-02,IN18,6,2,0
2017-03-02,IN19,498,137,14
2017-03-02,IN20,57,16,3
2017-03-02,IN21,93,18,0
2017-03-02,IN22,1,0,0
2017-03-02,IN23,82,25,2
2017-03-02,IN24,269,87,7
2017-03-02,IN25,615,254,18
2017-03-02,IN26,30,12,2
2017-03-02,IN28,240,79,3
2017-03-02,IN30,14,4,0
2017-03-02,IN31,1,0,0
2017-03-02,IN33,13,6,0
2017-03-02,IN34,282,114,14
2017-03-02,IN35,235,97,11
2017-03-02,IN36,1013,399,31
2017-03-02,IN37,33,7,0
2017-03-02,IN38,15,3,0
2017-03-02,IN39,66,17,1
2017-03-03,IN00,131,35,0
2017-03-03,IN01,8,2,0
2017-03-03,IN02,344,125,31
2017-03-03,IN03,256,30,0
2017-03-03,IN05,2,0,0
2017-03-03,IN07,1767,550,45
2017-03-03,IN09,172,58,8
2017-03-03,IN10,126,41,5
2017-03-03,IN11,41,10,1
2017-03-03,IN12,283,138,18
2017-03-03,IN13,626,320,36
2017-03-03,IN14,4,0,0
2017-03-03,IN16,1094,346,14
2017-03-03,IN17,166,84,15
2017-03-03,IN18,9,3,0
2017-03-03,IN19,438,171,31
2017-03-03,IN20,69,24,5
2017-03-03,IN21,57,17,0
2017-03-03,IN23,113,29,2
2017-03-03,IN24,300,85,7
2017-03-03,IN25,508,159,8
2017-03-03,IN26,19,13,0
2017-03-03,IN28,282,73,0
2017-03-03,IN30,108,13,1
2017-03-03,IN31,1,1,0
2017-03-03,IN33,21,5,0
2017-03-03,IN34,221,94,11
2017-03-03,IN35,244,97,10
2017-03-03,IN36,1128,404,31
2017-03-03,IN37,58,27,3
2017-03-03,IN38,36,2,0
2017-03-03,IN39,61,10,0
2017-03-04,IN00,105,25,0
2017-03-04,IN01,10,8,0
2017-03-04,IN02,196,49,1
2017-03-04,IN03,86,21,3
2017-03-04,IN05,1,1,0
2017-03-04,IN06,6,1,0
2017-03-04,IN07,1249,333,40
2017-03-04,IN09,240,78,1
2017-03-04,IN10,61,16,1
2017-03-04,IN11,22,1,0
2017-03-04,IN12,214,94,12
2017-03-04,IN13,211,59,3
2017-03-04,IN16,880,315,20
2017-03-04,IN17,100,42,4
2017-03-04,IN18,1,1,0
2017-03-04,IN19,245,100,2
2017-03-04,IN20,30,9,1
2017-03-04,IN21,47,8,0
2017-03-04,IN22,6,0,0
2017-03-04,IN23,107,47,1
2017-03-04,IN24,313,100,4
2017-03-04,IN25,240,71,4
2017-03-04,IN26,22,4,1
2017-03-04,IN28,183,61,4
2017-03-04,IN30,50,5,0
2017-03-04,IN31,3,0,0
2017-03-04,IN33,12,2,0
2017-03-04,IN34,132,49,17
2017-03-04,IN35,190,62,9
2017-03-04,IN36,1329,442,51
2017-03-04,IN37,29,7,0
2017-03-04,IN38,50,9,0
2017-03-04,IN39,26,4,0
2017-03-05,IN00,81,33,0
2017-03-05,IN01,5,0,0
2017-03-05,IN02,176,56,2
2017-03-05,IN03,46,10,0
2017-03-05,IN05,3,0,0
2017-03-05,IN07,991,340,17
2017-03-05,IN09,155,60,2
2017-03-05,IN10,60,20,0
2017-03-05,IN11,14,1,1
2017-03-05,IN12,338,171,6
2017-03-05,IN13,189,101,1
2017-03-05,IN16,625,167,3
2017-03-05,IN17,47,28,2
2017-03-05,IN18,5,2,0
2017-03-05,IN19,218,71,5
2017-03-05,IN20,4,0,0
2017-03-05,IN21,65,16,0
2017-03-05,IN22,9,1,0
2017-03-05,IN23,34,15,0
2017-03-05,IN24,200,65,2
2017-03-05,IN25,234,81,13
2017-03-05,IN26,4,3,0
2017-03-05,IN28,195,90,9
2017-03-05,IN30,3,0,0
2017-03-05,IN31,3,0,0
2017-03-05,IN33,10,3,0
2017-03-05,IN34,156,71,8
2017-03-05,IN35,102,34,1
2017-03-05,IN36,954,468,38
2017-03-05,IN37,32,10,0
2017-03-05,IN38,44,12,0
2017-03-05,IN39,37,13,0
2017-03-06,IN00,124,50,2
2017-03-06,IN02,288,86,5
2017-03-06,IN03,89,20,0
2017-03-06,IN05,1,0,0
2017-03-06,IN06,8,0,0
2017-03-06,IN07,1713,501,47
2017-03-06,IN09,410,105,3
2017-03-06,IN10,92,24,1
2017-03-06,IN11,32,6,0
2017-03-06,IN12,410,157,17
2017-03-06,IN13,333,190,18
2017-03-06,IN16,1304,528,12
2017-03-06,IN17,79,41,5
2017-03-06,IN18,4,0,0
2017-03-06,IN19,393,109,6
2017-03-06,IN20,18,2,0
2017-03-06,IN21,57,19,1
2017-03-06,IN22,10,2,0
2017-03-06,IN23,83,26,0
2017-03-06,IN24,223,52,6
2017-03-06,IN25,438,92,10
2017-03-06,IN26,15,6,3
2017-03-06,IN28,174,58,4
2017-03-06,IN30,16,3,0
2017-03-06,IN33,15,4,2
2017-03-06,IN34,179,94,19
2017-03-06,IN35,196,48,9
2017-03-06,IN36,1286,478,28
2017-03-06,IN37,15,7,0
2017-03-06,IN38,47,13,3
2017-03-06,IN39,81,22,6
2017-03-07,IN00,91,26,0
2017-03-07,IN01,1,0,0
2017-03-07,IN02,301,75,4
2017-03-07,IN03,66,30,1
2017-03-07,IN05,2,0,0
2017-03-07,IN06,3,0,0
2017-03-07,IN07,1582,481,23
2017-03-07,IN09,401,72,11
2017-03-07,IN10,87,28,0
2017-03-07,IN11,42,3,0
2017-03-07,IN12,139,42,4
2017-03-07,IN13,179,70,2
2017-03-07,IN16,1140,377,14
2017-03-07,IN17,59,24,1
2017-03-07,IN18,7,0,0
2017-03-07,IN19,436,134,8
2017-03-07,IN20,14,4,0
2017-03-07,IN21,101,24,0
2017-03-07,IN22,7,1,0
2017-03-07,IN23,62,34,0
2017-03-07,IN24,223,71,8
2017-03-07,IN25,610,262,21
2017-03-07,IN26,4,1,0
2017-03-07,IN28,289,97,8
2017-03-07,IN30,5,0,0
2017-03-07,IN33,13,3,0
2017-03-07,IN34,189,78,11
2017-03-07,IN35,304,120,9
2017-03-07,IN36,1214,520,21
2017-03-07,IN37,46,23,1
2017-03-07,IN38,42,8,0
2017-03-07,IN39,100,40,2
2017-03-08,IN00,152,37,1
2017-03-08,IN01,4,1,0
2017-03-08,IN02,348,82,4
2017-03-08,IN03,46,15,0
2017-03-08,IN05,7,5,0
2017-03-08,IN06,4,1,0
2017-03-08,IN07,1395,401,28
2017-03-08,IN09,396,121,21
2017-03-08,IN10,137,27,8
2017-03-08,IN11,30,9,0
2017-03-08,IN12,284,105,7
2017-03-08,IN13,228,78,8
2017-03-08,IN16,1044,306,11
2017-03-08,IN17,191,91,8
2017-03-08,IN18,5,4,0
2017-03-08,IN19,510,131,5
2017-03-08,IN20,37,6,0
2017-03-08,IN21,63,13,2
2017-03-08,IN22,15,4,0
2017-03-08,IN23,73,19,0
2017-03-08,IN24,377,146,11
2017-03-08,IN25,542,176,27
2017-03-08,IN26,25,7,0
2017-03-08,IN28,212,64,3
2017-03-08,IN30,8,1,0
2017-03-08,IN31,15,2,0
2017-03-08,IN33,17,4,0
2017-03-08,IN34,221,80,6
2017-03-08,IN35,530,300,1
2017-03-08,IN36,1549,684,17
2017-03-08,IN37,69,18,0
2017-03-08,IN38,29,7,0
2017-03-08,IN39,74,37,0
2017-03-09,IN00,143,42,3
2017-03-09,IN01,3,0,0
2017-03-09,IN02,359,93,2
2017-03-09,IN03,109,42,8
2017-03-09,IN06,3,0,0
2017-03-09,IN07,1628,515,22
2017-03-09,IN09,292,91,5
2017-03-09,IN10,152,67,7
2017-03-09,IN11,14,3,0
2017-03-09,IN12,487,208,12
2017-03-09,IN13,207,107,10
2017-03-09,IN16,959,310,12
2017-03-09,IN17,30,11,2
2017-03-09,IN18,18,7,0
2017-03-09,IN19,464,157,13
2017-03-09,IN20,35,8,0
2017-03-09,IN21,49,16,0
2017-03-09,IN22,16,4,0
2017-03-09,IN23,144,76,2
2017-03-09,IN24,493,206,29
2017-03-09,IN25,432,165,19
2017-03-09,IN26,11,1,0
2017-03-09,IN28,234,65,3
2017-03-09,IN30,12,2,0
2017-03-09,IN31,2,0,0
2017-03-09,IN33,17,6,0
2017-03-09,IN34,193,70,1
2017-03-09,IN35,471,227,1
2017-03-09,IN36,1493,649,16
2017-03-09,IN37,65,18,0
2017-03-09,IN38,44,2,0
2017-03-09,IN39,214,68,3
2017-03-10,IN00,133,42,2
2017-03-10,IN01,2,1,0
2017-03-10,IN02,319,72,6
2017-03-10,IN03,69,26,12
2017-03-10,IN06,6,1,0
2017-03-10,IN07,1602,529,28
2017-03-10,IN09,216,53,1
2017-03-10,IN10,237,116,3
2017-03-10,IN11,36,8,0
2017-03-10,IN12,425,182,17
2017-03-10,IN13,239,114,5
2017-03-10,IN16,949,261,16
2017-03-10,IN17,44,10,4
2017-03-10,IN18,6,3,0
2017-03-10,IN19,557,127,10
2017-03-10,IN20,42,2,0
2017-03-10,IN21,51,9,0
2017-03-10,IN22,10,8,0
2017-03-10,IN23,118,63,11
2017-03-10,IN24,264,90,14
2017-03-10,IN25,475,157,7
2017-03-10,IN26,31,6,0
2017-03-10,IN28,351,154,7
2017-03-10,IN30,13,0,0
2017-03-10,IN31,2,0,0
2017-03-10,IN33,27,6,0
2017-03-10,IN34,189,86,4
2017-03-10,IN35,285,115,3
2017-03-10,IN36,1259,456,26
2017-03-10,IN37,32,6,1
2017-03-10,IN38,37,9,0
2017-03-10,IN39,141,47,1
2017-03-11,IN00,85,17,1
2017-03-11,IN01,1,1,0
2017-03-11,IN02,200,48,3
2017-03-11,IN03,22,2,0
2017-03-11,IN05,1,1,0
2017-03-11,IN06,5,0,0
2017-03-11,IN07,972,256,22
2017-03-11,IN09,133,34,0
2017-03-11,IN10,134,38,0
2017-03-11,IN11,23,9,1
2017-03-11,IN12,287,81,5
2017-03-11,IN13,106,28,0
2017-03-11,IN16,636,207,6
2017-03-11,IN17,123,44,7
2017-03-11,IN19,316,102,2
2017-03-11,IN20,48,2,0
2017-03-11,IN21,76,22,0
2017-03-11,IN23,266,106,18
2017-03-11,IN24,203,54,3
2017-03-11,IN25,361,154,14
2017-03-11,IN26,14,5,0
2017-03-11,IN28,207,80,11
2017-03-11,IN30,2,0,0
2017-03-11,IN33,97,13,0
2017-03-11,IN34,168,65,12
2017-03-11,IN35,161,69,2
2017-03-11,IN36,1928,524,29
2017-03-11,IN37,200,98,1
2017-03-11,IN38,24,11,2
2017-03-11,IN39,521,145,9
2017-03-12,IN00,91,17,0
2017-03-12,IN01,3,3,0
2017-03-12,IN02,218,40,5
2017-03-12,IN03,36,9,1
2017-03-12,IN05,3,1,0
2017-03-12,IN06,3,0,0
2017-03-12,IN07,1090,247,19
2017-03-12,IN09,167,42,0
2017-03-12,IN10,59,12,0
2017-03-12,IN11,37,1,0
2017-03-12,IN12,153,61,6
2017-03-12,IN13,81,31,3
2017-03-12,IN16,379,78,0
2017-03-12,IN17,48,29,3
2017-03-12,IN19,257,84,3
2017-03-12,IN20,28,3,2
2017-03-12,IN21,58,15,0
2017-03-12,IN22,5,0,0
2017-03-12,IN23,230,34,5
2017-03-12,IN24,67,27,5
2017-03-12,IN25,254,86,1
2017-03-12,IN26,4,1,0
2017-03-12,IN28,158,56,1
2017-03-12,IN30,10,2,0
2017-03-12,IN33,136,16,0
2017-03-12,IN34,104,35,1
2017-03-12,IN35,90,31,1
2017-03-12,IN36,1377,358,25
2017-03-12,IN37,107,49,0
2017-03-12,IN38,18,0,0
2017-03-12,IN39,341,58,7
2017-03-13,IN00,119,21,2
2017-03-13,IN01,4,4,0
2017-03-13,IN02,213,45,4
2017-03-13,IN03,91,47,1
2017-03-13,IN06,2,0,0
2017-03-13,IN07,826,200,10
2017-03-13,IN09,107,24,1
2017-03-13,IN10,53,17,2
2017-03-13,IN11,5,0,0
2017-03-13,IN12,151,57,2
2017-03-13,IN13,107,33,4
2017-03-13,IN16,409,121,4
2017-03-13,IN17,28,10,0
2017-03-13,IN18,8,2,0
2017-03-13,IN19,382,120,5
2017-03-13,IN20,29,4,0
2017-03-13,IN21,32,15,0
2017-03-13,IN22,3,0,0
2017-03-13,IN23,78,16,1
2017-03-13,IN24,100,31,0
2017-03-13,IN25,316,128,23
2017-03-13,IN26,39,23,0
2017-03-13,IN28,112,25,0
2017-03-13,IN30,16,4,0
2017-03-13,IN31,2,0,0
2017-03-13,IN33,130,24,1
2017-03-13,IN34,84,16,0
2017-03-13,IN35,74,27,1
2017-03-13,IN36,721,168,9
2017-03-13,IN37,82,39,3
2017-03-13,IN38,13,2,0
2017-03-13,IN39,123,23,1
2017-03-14,IN00,121,28,0
2017-03-14,IN01,5,3,0
2017-03-14,IN02,333,107,12
2017-03-14,IN03,56,14,1
2017-03-14,IN05,2,0,0
2017-03-14,IN06,6,3,0
2017-03-14,IN07,1522,388,19
2017-03-14,IN09,172,44,5
2017-03-14,IN10,138,52,1
2017-03-14,IN11,17,4,0
2017-03-14,IN12,219,82,4
2017-03-14,IN13,189,59,1
2017-03-14,IN16,864,257,13
2017-03-14,IN17,31,19,6
2017-03-14,IN18,6,3,0
2017-03-14,IN19,542,209,6
2017-03-14,IN20,41,4,2
2017-03-14,IN21,44,12,3
2017-03-14,IN22,15,1,0
2017-03-14,IN23,128,48,0
2017-03-14,IN24,119,30,0
2017-03-14,IN25,445,121,5
2017-03-14,IN26,21,7,0
2017-03-14,IN28,227,70,7
2017-03-14,IN30,2,0,0
2017-03-14,IN31,3,2,0
2017-03-14,IN33,134,34,1
2017-03-14,IN34,180,89,0
2017-03-14,IN35,123,47,1
2017-03-14,IN36,1072,378,13
2017-03-14,IN37,98,44,0
2017-03-14,IN38,21,4,1
2017-03-14,IN39,219,44,0
2017-03-15,IN00,126,42,0
2017-03-15,IN01,3,2,0
2017-03-15,IN02,347,93,14
2017-03-15,IN03,38,8,2
2017-03-15,IN06,2,0,0
2017-03-15,IN07,1570,417,14
2017-03-15,IN09,187,44,3
2017-03-15,IN10,139,43,8
2017-03-15,IN11,41,11,0
2017-03-15,IN12,337,124,2
2017-03-15,IN13,128,42,1
2017-03-15,IN16,991,360,27
2017-03-15,IN17,74,17,2
2017-03-15,IN18,2,1,0
2017-03-15,IN19,562,168,16
2017-03-15,IN20,19,6,0
2017-03-15,IN21,119,36,1
2017-03-15,IN22,18,0,0
2017-03-15,IN23,100,33,1
2017-03-15,IN24,272,116,12
2017-03-15,IN25,572,186,19
2017-03-15,IN26,23,5,0
2017-03-15,IN28,243,62,3
2017-03-15,IN30,4,2,0
2017-03-15,IN33,247,104,2
2017-03-15,IN34,202,83,6
2017-03-15,IN35,189,59,2
2017-03-15,IN36,1423,590,20
2017-03-15,IN37,32,7,1
2017-03-15,IN38,33,1,0
2017-03-15,IN39,207,51,4
2017-03-16,IN00,138,28,1
2017-03-16,IN01,2,0,0
2017-03-16,IN02,423,127,13
2017-03-16,IN03,66,26,5
2017-03-16,IN05,12,5,5
2017-03-16,IN06,5,1,0
2017-03-16,IN07,1646,455,30
2017-03-16,IN09,194,34,1
2017-03-16,IN10,199,54,3
2017-03-16,IN11,37,12,1
2017-03-16,IN12,385,158,15
2017-03-16,IN13,136,47,4
2017-03-16,IN14,17,5,2
2017-03-16,IN16,1199,348,26
2017-03-16,IN17,31,13,0
2017-03-16,IN18,2,1,0
2017-03-16,IN19,515,189,5
2017-03-16,IN20,47,14,2
2017-03-16,IN21,110,28,2
2017-03-16,IN22,7,1,0
2017-03-16,IN23,192,49,6
2017-03-16,IN24,213,94,5
2017-03-16,IN25,590,150,13
2017-03-16,IN26,9,2,1
2017-03-16,IN28,226,74,5
2017-03-16,IN30,30,5,0
2017-03-16,IN31,3,0,0
2017-03-16,IN32,3,0,0
2017-03-16,IN33,307,112,3
2017-03-16,IN34,172,42,3
2017-03-16,IN35,200,69,3
2017-03-16,IN36,1186,382,33
2017-03-16,IN37,70,22,0
2017-03-16,IN38,65,8,0
2017-03-16,IN39,250,55,1
2017-03-17,IN00,128,23,2
2017-03-17,IN01,3,0,0
2017-03-17,IN02,244,64,3
2017-03-17,IN03,63,25,6
2017-03-17,IN05,1,0,0
2017-03-17,IN06,5,1,0
2017-03-17,IN07,1576,418,32
2017-03-17,IN09,172,57,0
2017-03-17,IN10,178,57,6
2017-03-17,IN11,49,13,0
2017-03-17,IN12,398,163,14
2017-03-17,IN13,191,75,3
2017-03-17,IN16,1069,338,25
2017-03-17,IN17,7,3,0
2017-03-17,IN18,1,0,0
2017-03-17,IN19,436,128,3
2017-03-17,IN20,34,17,0
2017-03-17,IN21,101,18,0
2017-03-17,IN22,18,1,0
2017-03-17,IN23,95,28,3
2017-03-17,IN24,254,92,5
2017-03-17,IN25,526,177,9
2017-03-17,IN26,23,11,0
2017-03-17,IN28,519,159,3
2017-03-17,IN30,23,9,0
2017-03-17,IN31,6,0,0
2017-03-17,IN33,191,62,2
2017-03-17,IN34,202,55,6
2017-03-17,IN35,208,69,0
2017-03-17,IN36,1207,324,22
2017-03-17,IN37,57,19,0
2017-03-17,IN38,42,11,0
2017-03-17,IN39,220,35,3
2017-03-18,IN00,101,25,1
2017-03-18,IN01,14,3,2
2017-03-18,IN02,238,56,2
2017-03-18,IN03,40,11,0
2017-03-18,IN05,2,0,0
2017-03-18,IN06,8,0,0
2017-03-18,IN07,1126,325,30
2017-03-18,IN09,165,56,2
2017-03-18,IN10,243,89,3
2017-03-18,IN11,18,6,0
2017-03-18,IN12,278,90,3
2017-03-18,IN13,167,61,1
2017-03-18,IN14,4,0,0
2017-03-18,IN16,672,183,25
2017-03-18,IN17,30,8,1
2017-03-18,IN19,316,128,7
2017-03-18,IN20,27,8,2
2017-03-18,IN21,74,10,0
2017-03-18,IN22,7,1,0
2017-03-18,IN23,64,19,1
2017-03-18,IN24,148,39,1
2017-03-18,IN25,378,121,9
2017-03-18,IN26,52,16,0
2017-03-18,IN28,281,90,5
2017-03-18,IN30,15,5,0
2017-03-18,IN33,99,43,2
2017-03-18,IN34,177,42,4
2017-03-18,IN35,109,27,0
2017-03-18,IN36,1421,281,27
2017-03-18,IN37,46,25,0
2017-03-18,IN38,22,7,0
2017-03-18,IN39,260,21,2
2017-03-19,IN00,71,8,0
2017-03-19,IN01,7,0,0
2017-03-19,IN02,243,71,16
2017-03-19,IN03,18,7,0
2017-03-19,IN06,1,0,0
2017-03-19,IN07,1114,350,59
2017-03-19,IN09,152,38,4
2017-03-19,IN10,404,195,17
2017-03-19,IN11,14,2,0
2017-03-19,IN12,132,44,1
2017-03-19,IN13,176,58,18
2017-03-19,IN16,527,158,20
2017-03-19,IN17,31,3,1
2017-03-19,IN19,190,62,3
2017-03-19,IN20,16,2,0
2017-03-19,IN21,51,14,3
2017-03-19,IN22,3,0,0
2017-03-19,IN23,30,3,0
2017-03-19,IN24,119,46,1
2017-03-19,IN25,236,59,0
2017-03-19,IN26,32,6,0
2017-03-19,IN28,113,33,6
2017-03-19,IN29,3,0,0
2017-03-19,IN30,8,0,0
2017-03-19,IN31,2,0,0
2017-03-19,IN33,32,17,0
2017-03-19,IN34,112,23,2
2017-03-19,IN35,121,24,0
2017-03-19,IN36,1472,375,13
2017-03-19,IN37,89,26,2
2017-03-19,IN38,20,1,0
2017-03-19,IN39,93,24,1
2017-03-20,IN00,107,18,0
2017-03-20,IN01,12,2,0
2017-03-20,IN02,252,76,12
2017-03-20,IN03,36,13,0
2017-03-20,IN07,1534,395,45
2017-03-20,IN09,188,64,1
2017-03-20,IN10,201,76,1
2017-03-20,IN11,52,8,5
2017-03-20,IN12,260,90,10
2017-03-20,IN13,235,73,18
2017-03-20,IN14,1,0,0
2017-03-20,IN16,956,283,21
2017-03-20,IN17,26,4,1
2017-03-20,IN19,289,93,3
2017-03-20,IN20,23,2,0
2017-03-20,IN21,85,24,2
2017-03-20,IN22,5,1,0
2017-03-20,IN23,84,23,4
2017-03-20,IN24,193,58,9
2017-03-20,IN25,381,111,6
2017-03-20,IN26,44,11,0
2017-03-20,IN28,232,67,1
2017-03-20,IN30,5,1,0
2017-03-20,IN33,53,10,0
2017-03-20,IN34,205,38,3
2017-03-20,IN35,184,52,2
2017-03-20,IN36,1460,432,17
2017-03-20,IN37,88,20,0
2017-03-20,IN38,26,12,3
2017-03-20,IN39,129,27,3
2017-03-21,IN00,170,37,0
2017-03-21,IN01,5,0,0
2017-03-21,IN02,254,41,5
2017-03-21,IN03,45,5,0
2017-03-21,IN05,1,1,0
2017-03-21,IN06,4,2,0
2017-03-21,IN07,1677,384,26
2017-03-21,IN09,212,68,2
2017-03-21,IN10,135,46,1
2017-03-21,IN11,40,7,0
2017-03-21,IN12,251,78,5
2017-03-21,IN13,192,52,2
2017-03-21,IN14,1,0,0
2017-03-21,IN16,1011,316,21
2017-03-21,IN17,30,13,0
2017-03-21,IN19,551,180,9
2017-03-21,IN20,32,6,1
2017-03-21,IN21,115,32,1
2017-03-21,IN22,16,0,0
2017-03-21,IN23,94,36,4
2017-03-21,IN24,247,54,2
2017-03-21,IN25,594,191,9
2017-03-21,IN26,32,12,0
2017-03-21,IN28,347,122,11
2017-03-21,IN29,2,0,0
2017-03-21,IN30,14,1,0
2017-03-21,IN31,4,4,3
2017-03-21,IN33,21,8,0
2017-03-21,IN34,249,65,2
2017-03-21,IN35,121,32,2
2017-03-21,IN36,1800,476,14
2017-03-21,IN37,78,19,1
2017-03-21,IN38,31,7,0
2017-03-21,IN39,215,60,3
2017-03-22,IN00,131,36,0
2017-03-22,IN01,3,2,0
2017-03-22,IN02,290,67,1
2017-03-22,IN03,110,28,0
2017-03-22,IN05,3,2,0
2017-03-22,IN06,3,0,0
2017-03-22,IN07,1416,377,21
2017-03-22,IN09,166,53,3
2017-03-22,IN10,90,34,7
2017-03-22,IN11,31,9,1
2017-03-22,IN12,265,70,6
2017-03-22,IN13,164,61,2
2017-03-22,IN16,963,291,26
2017-03-22,IN17,6,3,0
2017-03-22,IN18,12,5,0
2017-03-22,IN19,638,159,19
2017-03-22,IN20,14,6,2
2017-03-22,IN21,95,25,0
2017-03-22,IN22,11,5,0
2017-03-22,IN23,44,26,0
2017-03-22,IN24,322,124,7
2017-03-22,IN25,494,175,6
2017-03-22,IN26,47,13,0
2017-03-22,IN28,303,119,11
2017-03-22,IN30,3,0,0
2017-03-22,IN31,2,0,0
2017-03-22,IN32,2,0,0
2017-03-22,IN33,59,21,0
2017-03-22,IN34,134,32,0
2017-03-22,IN35,131,57,0
2017-03-22,IN36,1402,522,13
2017-03-22,IN37,53,8,0
2017-03-22,IN38,29,7,0
2017-03-22,IN39,120,11,1
2017-03-23,IN00,136,42,0
2017-03-23,IN01,2,0,0
2017-03-23,IN02,243,67,1
2017-03-23,IN03,70,29,0
2017-03-23,IN06,1,0,0
2017-03-23,IN07,1528,491,37
2017-03-23,IN09,174,64,1
2017-03-23,IN10,79,28,1
2017-03-23,IN11,44,7,0
2017-03-23,IN12,225,69,0
2017-03-23,IN13,137,48,1
2017-03-23,IN14,2,1,0
2017-03-23,IN16,1089,370,41
2017-03-23,IN17,12,6,1
2017-03-23,IN18,15,3,0
2017-03-23,IN19,537,158,3
2017-03-23,IN20,37,5,0
2017-03-23,IN21,61,14,1
2017-03-23,IN22,1,1,0
2017-03-23,IN23,75,16,4
2017-03-23,IN24,398,203,8
2017-03-23,IN25,389,153,6
2017-03-23,IN26,71,7,0
2017-03-23,IN28,325,101,6
2017-03-23,IN29,1,0,0
2017-03-23,IN30,31,2,0
2017-03-23,IN31,9,5,0
2017-03-23,IN33,31,11,0
2017-03-23,IN34,184,71,1
2017-03-23,IN35,111,27,1
2017-03-23,IN36,1227,462,12
2017-03-23,IN37,20,3,0
2017-03-23,IN38,5,1,0
2017-03-23,IN39,101,31,9
2017-03-24,IN00,145,58,0
2017-03-24,IN01,11,1,0
2017-03-24,IN02,388,113,7
2017-03-24,IN03,66,20,5
2017-03-24,IN07,1642,566,44
2017-03-24,IN09,236,75,8
2017-03-24,IN10,134,45,6
2017-03-24,IN11,36,10,1
2017-03-24,IN12,146,28,1
2017-03-24,IN13,132,38,1
2017-03-24,IN16,1516,581,43
2017-03-24,IN17,44,5,2
2017-03-24,IN18,1,0,0
2017-03-24,IN19,428,118,19
2017-03-24,IN20,48,3,0
2017-03-24,IN21,56,16,1
2017-03-24,IN22,15,5,0
2017-03-24,IN23,114,38,3
2017-03-24,IN24,853,457,16
2017-03-24,IN25,371,114,8
2017-03-24,IN26,34,8,0
2017-03-24,IN28,223,67,11
2017-03-24,IN30,32,0,0
2017-03-24,IN31,2,1,0
2017-03-24,IN33,30,9,0
2017-03-24,IN34,165,55,1
2017-03-24,IN35,76,22,2
2017-03-24,IN36,1222,416,12
2017-03-24,IN37,56,23,0
2017-03-24,IN38,52,17,0
2017-03-24,IN39,154,36,7
2017-03-25,IN00,93,26,0
2017-03-25,IN01,9,1,0
2017-03-25,IN02,296,105,25
2017-03-25,IN03,47,15,0
2017-03-25,IN07,1045,343,16
2017-03-25,IN09,207,63,3
2017-03-25,IN10,83,21,0
2017-03-25,IN11,76,45,0
2017-03-25,IN12,147,53,2
2017-03-25,IN13,99,25,2
2017-03-25,IN16,833,296,12
2017-03-25,IN17,3,0,0
2017-03-25,IN18,1,1,0
2017-03-25,IN19,284,85,1
2017-03-25,IN20,23,4,1
2017-03-25,IN21,67,16,0
2017-03-25,IN22,14,6,1
2017-03-25,IN23,60,23,0
2017-03-25,IN24,487,179,6
2017-03-25,IN25,293,77,9
2017-03-25,IN26,36,25,0
2017-03-25,IN28,188,67,9
2017-03-25,IN30,3,0,0
2017-03-25,IN33,14,9,0
2017-03-25,IN34,155,58,10
2017-03-25,IN35,180,67,0
2017-03-25,IN36,1195,382,16
2017-03-25,IN37,21,5,0
2017-03-25,IN38,20,9,0
2017-03-25,IN39,126,36,1
2017-03-26,IN00,90,30,1
2017-03-26,IN01,6,1,0
2017-03-26,IN02,264,50,3
2017-03-26,IN03,44,7,0
2017-03-26,IN06,3,0,0
2017-03-26,IN07,807,246,16
2017-03-26,IN09,148,70,1
2017-03-26,IN10,117,28,1
2017-03-26,IN11,24,3,0
2017-03-26,IN12,205,92,2
2017-03-26,IN13,135,37,0
2017-03-26,IN16,526,178,13
2017-03-26,IN17,58,10,0
2017-03-26,IN18,2,0,0
2017-03-26,IN19,205,46,2
2017-03-26,IN20,17,2,0
2017-03-26,IN21,63,25,1
2017-03-26,IN22,18,4,0
2017-03-26,IN23,75,27,0
2017-03-26,IN24,259,89,2
2017-03-26,IN25,296,102,5
2017-03-26,IN26,12,6,0
2017-03-26,IN28,128,37,5
2017-03-26,IN30,10,1,1
2017-03-26,IN33,14,7,1
2017-03-26,IN34,145,35,1
2017-03-26,IN35,92,25,0
2017-03-26,IN36,798,256,8
2017-03-26,IN37,43,15,0
2017-03-26,IN38,30,9,0
2017-03-26,IN39,96,28,3
2017-03-27,IN00,137,31,1
2017-03-27,IN01,14,1,0
2017-03-27,IN02,389,66,2
2017-03-27,IN03,48,14,1
2017-03-27,IN06,3,2,0
2017-03-27,IN07,1401,459,38
2017-03-27,IN09,287,93,9
2017-03-27,IN10,145,34,1
2017-03-27,IN11,18,10,2
2017-03-27,IN12,269,124,0
2017-03-27,IN13,240,52,0
2017-03-27,IN14,2,0,0
2017-03-27,IN16,1066,393,39
2017-03-27,IN17,74,12,3
2017-03-27,IN19,355,101,11
2017-03-27,IN20,30,14,0
2017-03-27,IN21,108,39,2
2017-03-27,IN22,13,1,0
2017-03-27,IN23,92,30,3
2017-03-27,IN24,555,228,15
2017-03-27,IN25,487,151,8
2017-03-27,IN26,16,6,0
2017-03-27,IN28,188,34,1
2017-03-27,IN30,7,0,0
2017-03-27,IN33,31,9,1
2017-03-27,IN34,176,55,3
2017-03-27,IN35,160,41,4
2017-03-27,IN36,1033,359,21
2017-03-27,IN37,26,3,0
2017-03-27,IN38,22,3,0
2017-03-27,IN39,122,28,1
2017-03-28,IN00,117,40,1
2017-03-28,IN01,4,0,0
2017-03-28,IN02,369,97,5
2017-03-28,IN03,59,9,1
2017-03-28,IN06,5,1,0
2017-03-28,IN07,1540,451,36
2017-03-28,IN09,219,54,4
2017-03-28,IN10,106,35,0
2017-03-28,IN11,23,9,1
2017-03-28,IN12,374,199,15
2017-03-28,IN13,117,43,1
2017-03-28,IN14,1,0,0
2017-03-28,IN16,913,310,5
2017-03-28,IN17,8,4,0
2017-03-28,IN19,405,92,1
2017-03-28,IN20,34,14,1
2017-03-28,IN21,130,51,5
2017-03-28,IN22,43,5,0
2017-03-28,IN23,47,26,5
2017-03-28,IN24,403,160,0
2017-03-28,IN25,401,81,7
2017-03-28,IN26,27,11,0
2017-03-28,IN28,240,79,8
2017-03-28,IN30,26,8,0
2017-03-28,IN33,26,6,0
2017-03-28,IN34,241,96,12
2017-03-28,IN35,146,49,0
2017-03-28,IN36,990,294,13
2017-03-28,IN37,53,24,1
2017-03-28,IN38,31,11,0
2017-03-28,IN39,114,42,1
2017-03-29,IN00,140,43,2
2017-03-29,IN01,3,0,0
2017-03-29,IN02,276,74,9
2017-03-29,IN03,79,22,0
2017-03-29,IN05,1,0,0
2017-03-29,IN06,8,1,0
2017-03-29,IN07,1671,519,31
2017-03-29,IN09,250,50,0
2017-03-29,IN10,89,53,0
2017-03-29,IN11,24,5,0
2017-03-29,IN12,414,232,27
2017-03-29,IN13,126,32,1
2017-03-29,IN14,1,1,0
2017-03-29,IN16,807,278,8
2017-03-29,IN17,17,10,3
2017-03-29,IN19,262,67,1
2017-03-29,IN20,57,18,1
2017-03-29,IN21,94,29,0
2017-03-29,IN22,10,1,0
2017-03-29,IN23,31,10,2
2017-03-29,IN24,313,101,3
2017-03-29,IN25,517,113,14
2017-03-29,IN26,40,5,0
2017-03-29,IN28,259,94,4
2017-03-29,IN30,23,7,0
2017-03-29,IN33,22,5,0
2017-03-29,IN34,158,49,7
2017-03-29,IN35,136,46,0
2017-03-29,IN36,1059,401,21
2017-03-29,IN37,22,10,4
2017-03-29,IN38,56,8,0
2017-03-29,IN39,102,19,2
2017-03-30,IN00,190,54,3
2017-03-30,IN01,23,4,0
2017-03-30,IN02,255,64,5
2017-03-30,IN03,97,14,0
2017-03-30,IN06,8,0,0
2017-03-30,IN07,1749,563,45
2017-03-30,IN09,302,56,1
2017-03-30,IN10,109,52,12
2017-03-30,IN11,35,7,0
2017-03-30,IN12,299,120,5
2017-03-30,IN13,162,39,1
2017-03-30,IN16,948,336,36
2017-03-30,IN17,36,6,3
2017-03-30,IN19,420,106,4
2017-03-30,IN20,38,7,0
2017-03-30,IN21,125,19,0
2017-03-30,IN22,24,4,0
2017-03-30,IN23,72,23,1
2017-03-30,IN24,401,106,3
2017-03-30,IN25,576,118,27
2017-03-30,IN26,55,17,0
2017-03-30,IN28,265,100,8
2017-03-30,IN30,17,2,0
2017-03-30,IN31,4,2,0
2017-03-30,IN33,41,9,0
2017-03-30,IN34,179,43,0
2017-03-30,IN35,170,36,3
2017-03-30,IN36,1214,410,14
2017-03-30,IN37,61,7,0
2017-03-30,IN38,19,5,0
2017-03-30,IN39,96,23,3
2017-03-31,IN00,97,24,1
2017-03-31,IN01,12,1,0
2017-03-31,IN02,393,133,8
2017-03-31,IN03,165,30,1
2017-03-31,IN06,1,0,0
2017-03-31,IN07,1563,420,27
2017-03-31,IN09,236,80,10
2017-03-31,IN10,116,24,1
2017-03-31,IN11,111,81,0
2017-03-31,IN12,300,88,3
2017-03-31,IN13,163,45,0
2017-03-31,IN16,935,288,16
2017-03-31,IN17,45,17,3
2017-03-31,IN18,1,1,0
2017-03-31,IN19,409,79,2
2017-03-31,IN20,9,4,0
2017-03-31,IN21,150,36,2
2017-03-31,IN22,8,2,0
2017-03-31,IN23,60,18,1
2017-03-31,IN24,275,80,1
2017-03-31,IN25,668,167,29
2017-03-31,IN26,33,11,2
2017-03-31,IN28,282,111,8
2017-03-31,IN30,37,9,0
2017-03-31,IN31,9,3,0
2017-03-31,IN33,52,3,0
2017-03-31,IN34,172,49,2
2017-03-31,IN35,178,58,1
2017-03-31,IN36,959,335,9
2017-03-31,IN37,59,19,0
2017-03-31,IN38,33,13,0
2017-03-31,IN39,135,41,1
2017-04-01,IN00,69,26,0
2017-04-01,IN01,1,0,0
2017-04-01,IN02,363,104,4
2017-04-01,IN03,172,28,4
2017-04-01,IN07,1292,390,23
2017-04-01,IN09,137,59,3
2017-04-01,IN10,103,45,5
2017-04-01,IN11,28,11,0
2017-04-01,IN12,236,103,5
2017-04-01,IN13,103,30,0
2017-04-01,IN16,668,206,11
2017-04-01,IN17,8,4,0
2017-04-01,IN18,1,1,0
2017-04-01,IN19,287,79,4
2017-04-01,IN20,27,18,0
2017-04-01,IN21,86,26,0
2017-04-01,IN22,10,7,1
2017-04-01,IN23,45,16,2
2017-04-01,IN24,260,63,0
2017-04-01,IN25,553,142,13
2017-04-01,IN26,26,6,0
2017-04-01,IN28,252,103,9
2017-04-01,IN30,57,19,0
2017-04-01,IN31,1,0,0
2017-04-01,IN33,16,10,0
2017-04-01,IN34,122,52,2
2017-04-01,IN35,193,59,3
2017-04-01,IN36,653,247,4
2017-04-01,IN37,33,18,0
2017-04-01,IN38,36,8,0
2017-04-01,IN39,73,20,0
2017-04-02,IN00,56,17,0
2017-04-02,IN01,4,0,0
2017-04-02,IN02,263,117,8
2017-04-02,IN03,157,21,0
2017-04-02,IN06,5,1,0
2017-04-02,IN07,1161,354,20
2017-04-02,IN09,164,62,2
2017-04-02,IN10,86,43,3
2017-04-02,IN11,53,22,5
2017-04-02,IN12,342,95,8
2017-04-02,IN13,107,22,0
2017-04-02,IN16,493,149,9
2017-04-02,IN17,62,40,1
2017-04-02,IN18,1,1,0
2017-04-02,IN19,320,83,4
2017-04-02,IN20,15,5,3
2017-04-02,IN21,75,20,1
2017-04-02,IN22,1,0,0
2017-04-02,IN23,102,38,1
2017-04-02,IN24,183,38,0
2017-04-02,IN25,359,123,8
2017-04-02,IN26,11,4,0
2017-04-02,IN28,178,63,4
2017-04-02,IN30,31,14,0
2017-04-02,IN33,14,8,0
2017-04-02,IN34,141,62,1
2017-04-02,IN35,168,58,8
2017-04-02,IN36,708,197,4
2017-04-02,IN37,30,19,0
2017-04-02,IN38,43,11,0
2017-04-02,IN39,55,9,0
2017-04-03,IN00,126,44,2
2017-04-03,IN01,9,4,0
2017-04-03,IN02,312,80,3
2017-04-03,IN03,156,22,1
2017-04-03,IN05,5,3,0
2017-04-03,IN06,3,0,0
2017-04-03,IN07,1607,496,27
2017-04-03,IN09,250,61,2
2017-04-03,IN10,124,54,3
2017-04-03,IN11,66,31,7
2017-04-03,IN12,488,232,5
2017-04-03,IN13,153,43,3
2017-04-03,IN14,3,0,0
2017-04-03,IN16,831,255,13
2017-04-03,IN17,63,9,0
2017-04-03,IN18,3,2,0
2017-04-03,IN19,458,143,10
2017-04-03,IN20,14,8,1
2017-04-03,IN21,114,31,4
2017-04-03,IN22,16,6,0
2017-04-03,IN23,121,46,3
2017-04-03,IN24,150,37,5
2017-04-03,IN25,543,178,15
2017-04-03,IN26,35,8,1
2017-04-03,IN28,302,98,18
2017-04-03,IN30,63,7,0
2017-04-03,IN33,48,11,0
2017-04-03,IN34,226,73,2
2017-04-03,IN35,268,112,9
2017-04-03,IN36,744,250,12
2017-04-03,IN37,54,24,0
2017-04-03,IN38,33,10,0
2017-04-03,IN39,207,27,1
2017-04-04,IN00,150,31,3
2017-04-04,IN01,6,1,0
2017-04-04,IN02,340,89,1
2017-04-04,IN03,293,62,5
2017-04-04,IN05,1,0,0
2017-04-04,IN07,1689,440,19
2017-04-04,IN09,237,58,5
2017-04-04,IN10,141,46,4
2017-04-04,IN11,54,12,0
2017-04-04,IN12,323,102,3
2017-04-04,IN13,163,37,1
2017-04-04,IN16,1076,360,10
2017-04-04,IN17,6,3,0
2017-04-04,IN18,1,0,0
2017-04-04,IN19,409,134,12
2017-04-04,IN20,21,9,0
2017-04-04,IN21,63,7,0
2017-04-04,IN22,5,4,0
2017-04-04,IN23,91,38,1
2017-04-04,IN24,198,57,4
2017-04-04,IN25,432,144,11
2017-04-04,IN26,7,0,0
2017-04-04,IN28,255,72,6
2017-04-04,IN29,2,1,0
2017-04-04,IN30,248,38,4
2017-04-04,IN31,1,0,0
2017-04-04,IN32,2,2,0
2017-04-04,IN33,5,0,0
2017-04-04,IN34,137,58,2
2017-04-04,IN35,169,55,3
2017-04-04,IN36,949,262,17
2017-04-04,IN37,57,16,0
2017-04-04,IN38,45,23,0
2017-04-04,IN39,70,19,1
2017-04-05,IN00,135,43,1
2017-04-05,IN01,28,5,2
2017-04-05,IN02,271,63,2
2017-04-05,IN03,241,68,5
2017-04-05,IN07,1854,489,30
2017-04-05,IN09,182,63,0
2017-04-05,IN10,173,62,1
2017-04-05,IN11,73,29,0
2017-04-05,IN12,326,117,1
2017-04-05,IN13,195,64,7
2017-04-05,IN14,3,0,0
2017-04-05,IN16,868,238,5
2017-04-05,IN17,37,0,0
2017-04-05,IN19,480,154,10
2017-04-05,IN20,9,2,0
2017-04-05,IN21,62,7,0
2017-04-05,IN22,20,6,0
2017-04-05,IN23,91,37,0
2017-04-05,IN24,485,195,5
2017-04-05,IN25,396,133,11
2017-04-05,IN26,36,4,0
2017-04-05,IN28,248,74,0
2017-04-05,IN30,354,70,9
2017-04-05,IN31,21,12,0
2017-04-05,IN33,39,9,2
2017-04-05,IN34,224,83,4
2017-04-05,IN35,164,75,5
2017-04-05,IN36,987,306,7
2017-04-05,IN37,48,19,0
2017-04-05,IN38,28,5,2
2017-04-05,IN39,70,20,0
2017-04-06,IN00,159,43,0
2017-04-06,IN01,7,4,2
2017-04-06,IN02,347,77,3
2017-04-06,IN03,265,73,2
2017-04-06,IN06,1,1,0
2017-04-06,IN07,2100,555,25
2017-04-06,IN09,211,86,3
2017-04-06,IN10,167,61,3
2017-04-06,IN11,49,24,1
2017-04-06,IN12,296,130,3
2017-04-06,IN13,123,39,17
2017-04-06,IN16,1179,399,18
2017-04-06,IN17,30,0,0
2017-04-06,IN18,2,0,0
2017-04-06,IN19,411,109,7
2017-04-06,IN20,28,10,0
2017-04-06,IN21,48,11,2
2017-04-06,IN22,24,5,1
2017-04-06,IN23,57,18,1
2017-04-06,IN24,872,397,12
2017-04-06,IN25,314,98,10
2017-04-06,IN26,52,5,0
2017-04-06,IN28,325,94,3
2017-04-06,IN30,199,39,3
2017-04-06,IN33,18,5,0
2017-04-06,IN34,195,64,9
2017-04-06,IN35,93,47,2
2017-04-06,IN36,858,307,18
2017-04-06,IN37,56,30,0
2017-04-06,IN38,26,7,3
2017-04-06,IN39,92,14,0
2017-04-07,IN00,156,29,4
2017-04-07,IN01,29,1,0
2017-04-07,IN02,328,56,5
2017-04-07,IN03,167,32,0
2017-04-07,IN06,13,2,0
2017-04-07,IN07,2015,482,23
2017-04-07,IN09,210,75,4
2017-04-07,IN10,123,46,0
2017-04-07,IN11,23,2,0
2017-04-07,IN12,346,113,9
2017-04-07,IN13,174,103,14
2017-04-07,IN16,920,287,11
2017-04-07,IN17,19,7,0
2017-04-07,IN18,10,2,0
2017-04-07,IN19,362,100,4
2017-04-07,IN20,29,5,0
2017-04-07,IN21,79,14,0
2017-04-07,IN22,7,3,0
2017-04-07,IN23,77,19,2
2017-04-07,IN24,771,297,3
2017-04-07,IN25,458,136,14
2017-04-07,IN26,40,12,0
2017-04-07,IN28,273,50,6
2017-04-07,IN30,73,4,1
2017-04-07,IN31,1,0,0
2017-04-07,IN33,14,3,0
2017-04-07,IN34,158,44,0
2017-04-07,IN35,100,37,0
2017-04-07,IN36,814,275,22
2017-04-07,IN37,58,26,0
2017-04-07,IN38,72,26,2
2017-04-07,IN39,117,31,0
2017-04-08,IN00,95,18,2
2017-04-08,IN01,45,2,0
2017-04-08,IN02,439,89,1
2017-04-08,IN03,172,30,1
2017-04-08,IN05,5,2,0
2017-04-08,IN06,4,0,0
2017-04-08,IN07,1929,464,17
2017-04-08,IN09,208,73,1
2017-04-08,IN10,101,28,0
2017-04-08,IN11,67,21,0
2017-04-08,IN12,246,102,7
2017-04-08,IN13,86,53,1
2017-04-08,IN14,10,3,0
2017-04-08,IN16,762,217,1
2017-04-08,IN17,9,3,0
2017-04-08,IN18,2,0,0
2017-04-08,IN19,318,91,0
2017-04-08,IN20,9,3,0
2017-04-08,IN21,145,43,2
2017-04-08,IN22,20,5,0
2017-04-08,IN23,153,48,3
2017-04-08,IN24,528,155,3
2017-04-08,IN25,341,110,12
2017-04-08,IN26,46,0,0
2017-04-08,IN28,271,46,4
2017-04-08,IN30,89,12,0
2017-04-08,IN33,21,8,0
2017-04-08,IN34,125,31,1
2017-04-08,IN35,100,31,0
2017-04-08,IN36,711,240,21
2017-04-08,IN37,63,15,0
2017-04-08,IN38,64,16,0
2017-04-08,IN39,64,21,2
2017-04-09,IN00,72,20,3
2017-04-09,IN01,5,1,0
2017-04-09,IN02,208,60,7
2017-04-09,IN03,99,17,0
2017-04-09,IN05,6,5,0
2017-04-09,IN06,2,1,0
2017-04-09,IN07,1298,333,17
2017-04-09,IN09,157,48,1
2017-04-09,IN10,63,27,10
2017-04-09,IN11,11,3,0
2017-04-09,IN12,337,198,9
2017-04-09,IN13,79,40,2
2017-04-09,IN14,6,2,0
2017-04-09,IN16,665,138,0
2017-04-09,IN17,45,12,0
2017-04-09,IN19,220,83,6
2017-04-09,IN20,19,4,0
2017-04-09,IN21,111,43,2
2017-04-09,IN22,13,7,0
2017-04-09,IN23,64,14,0
2017-04-09,IN24,244,90,0
2017-04-09,IN25,328,120,5
2017-04-09,IN26,35,1,0
2017-04-09,IN28,154,33,1
2017-04-09,IN30,32,10,1
2017-04-09,IN33,18,3,0
2017-04-09,IN34,277,66,11
2017-04-09,IN35,163,60,2
2017-04-09,IN36,528,146,17
2017-04-09,IN37,122,20,0
2017-04-09,IN38,50,16,0
2017-04-09,IN39,73,29,4
2017-04-10,IN00,142,22,0
2017-04-10,IN01,5,2,0
2017-04-10,IN02,259,80,8
2017-04-10,IN03,153,48,1
2017-04-10,IN06,7,3,0
2017-04-10,IN07,2309,662,22
2017-04-10,IN09,282,83,1
2017-04-10,IN10,175,48,4
2017-04-10,IN11,95,42,0
2017-04-10,IN12,599,311,17
2017-04-10,IN13,254,97,7
2017-04-10,IN14,3,1,0
2017-04-10,IN16,1027,291,5
2017-04-10,IN17,59,10,2
2017-04-10,IN19,425,93,12
2017-04-10,IN20,26,9,0
2017-04-10,IN21,98,19,1
2017-04-10,IN22,4,0,0
2017-04-10,IN23,110,43,1
2017-04-10,IN24,351,111,16
2017-04-10,IN25,554,208,31
2017-04-10,IN26,30,5,0
2017-04-10,IN28,230,74,6
2017-04-10,IN30,59,13,0
2017-04-10,IN33,49,13,0
2017-04-10,IN34,246,66,8
2017-04-10,IN35,196,79,1
2017-04-10,IN36,621,165,12
2017-04-10,IN37,79,13,0
2017-04-10,IN38,34,6,0
2017-04-10,IN39,83,18,0
2017-04-11,IN00,157,37,3
2017-04-11,IN01,8,0,0
2017-04-11,IN02,236,54,10
2017-04-11,IN03,234,70,3
2017-04-11,IN05,1,0,0
2017-04-11,IN07,2209,725,20
2017-04-11,IN09,269,69,2
2017-04-11,IN10,109,32,4
2017-04-11,IN11,68,8,3
2017-04-11,IN12,485,234,9
2017-04-11,IN13,171,50,2
2017-04-11,IN16,1147,349,10
2017-04-11,IN17,6,0,0
2017-04-11,IN19,366,84,5
2017-04-11,IN20,8,2,0
2017-04-11,IN21,102,20,4
2017-04-11,IN22,4,2,0
2017-04-11,IN23,166,55,3
2017-04-11,IN24,316,94,8
2017-04-11,IN25,488,175,10
2017-04-11,IN26,39,6,0
2017-04-11,IN28,388,114,9
2017-04-11,IN30,53,15,0
2017-04-11,IN33,28,5,0
2017-04-11,IN34,231,73,10
2017-04-11,IN35,226,83,1
2017-04-11,IN36,599,160,11
2017-04-11,IN37,84,30,4
2017-04-11,IN38,40,13,0
2017-04-11,IN39,117,24,2
2017-04-12,IN00,149,40,1
2017-04-12,IN01,14,2,0
2017-04-12,IN02,333,84,7
2017-04-12,IN03,221,65,4
2017-04-12,IN05,10,3,0
2017-04-12,IN06,6,4,0
2017-04-12,IN07,1839,612,52
2017-04-12,IN09,283,66,1
2017-04-12,IN10,208,63,3
2017-04-12,IN11,74,14,0
2017-04-12,IN12,400,176,11
2017-04-12,IN13,173,52,4
2017-04-12,IN14,2,0,0
2017-04-12,IN16,987,284,21
2017-04-12,IN17,45,10,0
2017-04-12,IN19,358,106,1
2017-04-12,IN20,27,9,0
2017-04-12,IN21,215,37,0
2017-04-12,IN22,17,4,0
2017-04-12,IN23,106,36,0
2017-04-12,IN24,246,73,2
2017-04-12,IN25,410,155,6
2017-04-12,IN26,5,1,0
2017-04-12,IN28,304,148,3
2017-04-12,IN30,77,12,1
2017-04-12,IN31,3,0,0
2017-04-12,IN33,32,12,0
2017-04-12,IN34,156,37,1
2017-04-12,IN35,275,89,5
2017-04-12,IN36,817,256,19
2017-04-12,IN37,45,14,1
2017-04-12,IN38,50,14,3
2017-04-12,IN39,72,20,0
2017-04-13,IN00,140,33,0
2017-04-13,IN01,5,0,0
2017-04-13,IN02,228,49,0
2017-04-13,IN03,116,27,0
2017-04-13,IN05,1,0,0
2017-04-13,IN07,1448,422,22
2017-04-13,IN09,366,129,4
2017-04-13,IN10,154,43,8
2017-04-13,IN11,46,11,2
2017-04-13,IN12,260,102,4
2017-04-13,IN13,112,33,0
2017-04-13,IN14,1,0,0
2017-04-13,IN16,882,272,7
2017-04-13,IN17,19,8,0
2017-04-13,IN18,2,0,0
2017-04-13,IN19,439,101,4
2017-04-13,IN20,42,15,0
2017-04-13,IN21,107,11,0
2017-04-13,IN22,12,2,0
2017-04-13,IN23,188,50,4
2017-04-13,IN24,259,68,11
2017-04-13,IN25,471,169,25
2017-04-13,IN26,11,0,0
2017-04-13,IN28,376,135,10
2017-04-13,IN30,56,10,4
2017-04-13,IN31,6,3,0
2017-04-13,IN33,26,3,0
2017-04-13,IN34,218,57,6
2017-04-13,IN35,156,50,5
2017-04-13,IN36,652,196,12
2017-04-13,IN37,24,9,0
2017-04-13,IN38,41,3,0
2017-04-13,IN39,46,14,0
2017-04-14,IN00,63,9,0
2017-04-14,IN02,298,80,2
2017-04-14,IN03,53,12,0
2017-04-14,IN06,5,3,0
2017-04-14,IN07,1264,377,27
2017-04-14,IN09,341,98,3
2017-04-14,IN10,93,33,0
2017-04-14,IN11,21,4,0
2017-04-14,IN12,276,103,10
2017-04-14,IN13,122,52,2
2017-04-14,IN14,3,3,0
2017-04-14,IN16,852,213,7
2017-04-14,IN17,54,8,0
2017-04-14,IN19,295,86,3
2017-04-14,IN20,29,10,0
2017-04-14,IN21,113,14,0
2017-04-14,IN22,7,0,0
2017-04-14,IN23,101,27,0
2017-04-14,IN24,208,79,2
2017-04-14,IN25,360,119,11
2017-04-14,IN26,12,0,0
2017-04-14,IN28,355,114,4
2017-04-14,IN30,38,3,2
2017-04-14,IN31,6,1,1
2017-04-14,IN33,15,7,2
2017-04-14,IN34,250,55,3
2017-04-14,IN35,158,44,1
2017-04-14,IN36,726,217,8
2017-04-14,IN37,23,7,1
2017-04-14,IN38,29,5,0
2017-04-14,IN39,65,23,0
2017-04-15,IN00,75,17,0
2017-04-15,IN01,9,4,0
2017-04-15,IN02,177,57,0
2017-04-15,IN03,37,15,0
2017-04-15,IN06,7,0,0
2017-04-15,IN07,1091,366,19
2017-04-15,IN09,157,34,1
2017-04-15,IN10,85,38,0
2017-04-15,IN11,39,21,0
2017-04-15,IN12,509,240,19
2017-04-15,IN13,154,47,2
2017-04-15,IN14,2,2,0
2017-04-15,IN16,705,267,10
2017-04-15,IN17,84,38,2
2017-04-15,IN19,267,65,0
2017-04-15,IN20,18,2,0
2017-04-15,IN21,333,37,1
2017-04-15,IN22,5,0,0
2017-04-15,IN23,126,22,0
2017-04-15,IN24,162,57,2
2017-04-15,IN25,300,84,12
2017-04-15,IN26,17,3,0
2017-04-15,IN28,220,61,4
2017-04-15,IN30,24,5,2
2017-04-15,IN31,2,0,0
2017-04-15,IN33,9,1,0
2017-04-15,IN34,238,83,0
2017-04-15,IN35,144,42,2
2017-04-15,IN36,672,194,16
2017-04-15,IN37,17,9,0
2017-04-15,IN38,26,5,0
2017-04-15,IN39,63,16,1
2017-04-16,IN00,91,24,2
2017-04-16,IN01,1,0,0
2017-04-16,IN02,372,122,14
2017-04-16,IN03,120,20,0
2017-04-16,IN06,16,0,0
2017-04-16,IN07,918,298,20
2017-04-16,IN09,301,32,2
2017-04-16,IN10,56,19,3
2017-04-16,IN11,21,6,0
2017-04-16,IN12,380,123,8
2017-04-16,IN13,111,29,0
2017-04-16,IN16,598,228,6
2017-04-16,IN17,33,3,0
2017-04-16,IN19,261,60,0
2017-04-16,IN20,5,3,0
2017-04-16,IN21,477,78,4
2017-04-16,IN22,2,0,0
2017-04-16,IN23,51,28,0
2017-04-16,IN24,118,29,2
2017-04-16,IN25,303,98,5
2017-04-16,IN26,34,5,1
2017-04-16,IN28,120,37,4
2017-04-16,IN30,10,0,0
2017-04-16,IN33,8,3,0
2017-04-16,IN34,187,45,2
2017-04-16,IN35,119,36,0
2017-04-16,IN36,530,144,11
2017-04-16,IN37,46,16,0
2017-04-16,IN38,17,2,0
2017-04-16,IN39,68,18,0
2017-04-17,IN00,128,34,2
2017-04-17,IN01,14,3,0
2017-04-17,IN02,463,157,28
2017-04-17,IN03,68,10,0
2017-04-17,IN06,50,8,2
2017-04-17,IN07,1554,393,15
2017-04-17,IN09,374,85,6
2017-04-17,IN10,123,35,5
2017-04-17,IN11,14,7,0
2017-04-17,IN12,718,396,55
2017-04-17,IN13,90,30,0
2017-04-17,IN16,845,299,16
2017-04-17,IN17,5,1,0
2017-04-17,IN19,412,102,7
2017-04-17,IN20,31,5,0
2017-04-17,IN21,287,55,4
2017-04-17,IN22,8,2,1
2017-04-17,IN23,103,18,0
2017-04-17,IN24,242,98,7
2017-04-17,IN25,670,189,12
2017-04-17,IN26,23,2,1
2017-04-17,IN28,219,72,0
2017-04-17,IN30,11,3,0
2017-04-17,IN32,2,0,0
2017-04-17,IN33,25,8,0
2017-04-17,IN34,298,71,5
2017-04-17,IN35,156,55,3
2017-04-17,IN36,640,212,19
2017-04-17,IN37,56,7,0
2017-04-17,IN38,34,3,0
2017-04-17,IN39,51,6,1
2017-04-18,IN00,124,29,1
2017-04-18,IN01,11,2,1
2017-04-18,IN02,296,83,13
2017-04-18,IN03,49,10,0
2017-04-18,IN06,7,2,0
2017-04-18,IN07,2078,573,16
2017-04-18,IN09,259,72,3
2017-04-18,IN10,88,20,1
2017-04-18,IN11,25,8,0
2017-04-18,IN12,417,219,22
2017-04-18,IN13,95,27,3
2017-04-18,IN14,1,0,0
2017-04-18,IN16,1022,327,14
2017-04-18,IN17,101,27,4
2017-04-18,IN18,1,0,0
2017-04-18,IN19,456,147,9
2017-04-18,IN20,81,14,0
2017-04-18,IN21,238,48,5
2017-04-18,IN22,12,2,0
2017-04-18,IN23,182,58,1
2017-04-18,IN24,286,51,2
2017-04-18,IN25,726,166,11
2017-04-18,IN26,21,6,0
2017-04-18,IN28,244,59,0
2017-04-18,IN30,52,5,0
2017-04-18,IN31,3,0,0
2017-04-18,IN33,26,9,1
2017-04-18,IN34,215,52,2
2017-04-18,IN35,183,51,0
2017-04-18,IN36,743,264,13
2017-04-18,IN37,29,7,0
2017-04-18,IN38,28,5,1
2017-04-18,IN39,63,23,0
2017-04-19,IN00,142,34,1
2017-04-19,IN01,10,1,0
2017-04-19,IN02,275,72,4
2017-04-19,IN03,119,21,0
2017-04-19,IN06,2,0,0
2017-04-19,IN07,1568,478,22
2017-04-19,IN09,191,47,0
2017-04-19,IN10,124,43,5
2017-04-19,IN11,48,16,0
2017-04-19,IN12,316,140,20
2017-04-19,IN13,98,31,1
2017-04-19,IN16,800,242,6
2017-04-19,IN17,9,0,0
2017-04-19,IN19,432,111,4
2017-04-19,IN20,26,2,0
2017-04-19,IN21,190,37,3
2017-04-19,IN22,10,4,0
2017-04-19,IN23,187,51,11
2017-04-19,IN24,189,53,0
2017-04-19,IN25,529,112,11
2017-04-19,IN26,13,4,0
2017-04-19,IN28,210,81,0
2017-04-19,IN30,85,29,2
2017-04-19,IN31,1,0,0
2017-04-19,IN33,23,6,0
2017-04-19,IN34,203,62,2
2017-04-19,IN35,143,42,1
2017-04-19,IN36,1143,450,11
2017-04-19,IN37,22,8,0
2017-04-19,IN38,21,1,0
2017-04-19,IN39,131,26,0
2017-04-20,IN00,172,49,6
2017-04-20,IN01,3,2,0
2017-04-20,IN02,209,62,3
2017-04-20,IN03,74,15,1
2017-04-20,IN05,3,2,0
2017-04-20,IN07,1654,518,23
2017-04-20,IN09,144,42,2
2017-04-20,IN10,135,39,2
2017-04-20,IN11,47,12,0
2017-04-20,IN12,329,151,12
2017-04-20,IN13,128,33,0
2017-04-20,IN14,2,0,0
2017-04-20,IN16,975,336,12
2017-04-20,IN17,63,14,1
2017-04-20,IN18,4,0,0
2017-04-20,IN19,490,160,9
2017-04-20,IN20,27,3,0
2017-04-20,IN21,163,15,1
2017-04-20,IN22,14,4,0
2017-04-20,IN23,275,45,1
2017-04-20,IN24,304,111,7
2017-04-20,IN25,353,114,1
2017-04-20,IN26,8,5,1
2017-04-20,IN28,206,80,3
2017-04-20,IN30,28,4,0
2017-04-20,IN33,29,16,0
2017-04-20,IN34,246,117,2
2017-04-20,IN35,204,84,2
2017-04-20,IN36,892,372,17
2017-04-20,IN37,16,0,0
2017-04-20,IN38,20,4,0
2017-04-20,IN39,97,35,0
2017-04-21,IN00,135,34,0
2017-04-21,IN01,13,6,0
2017-04-21,IN02,417,140,13
2017-04-21,IN03,185,36,7
2017-04-21,IN05,11,4,0
2017-04-21,IN06,1,0,0
2017-04-21,IN07,1686,542,16
2017-04-21,IN09,177,45,0
2017-04-21,IN10,206,38,0
2017-04-21,IN11,60,17,2
2017-04-21,IN12,458,181,26
2017-04-21,IN13,171,36,2
2017-04-21,IN16,996,302,8
2017-04-21,IN17,29,3,0
2017-04-21,IN18,12,3,3
2017-04-21,IN19,431,127,11
2017-04-21,IN20,32,6,0
2017-04-21,IN21,172,24,1
2017-04-21,IN22,8,3,0
2017-04-21,IN23,217,62,1
2017-04-21,IN24,373,93,5
2017-04-21,IN25,532,169,12
2017-04-21,IN26,19,7,0
2017-04-21,IN28,301,116,7
2017-04-21,IN30,57,13,1
2017-04-21,IN31,1,1,0
2017-04-21,IN33,40,10,0
2017-04-21,IN34,324,76,0
2017-04-21,IN35,244,70,0
2017-04-21,IN36,868,306,15
2017-04-21,IN37,126,34,0
2017-04-21,IN38,35,11,0
2017-04-21,IN39,108,14,0
2017-04-22,IN00,81,24,3
2017-04-22,IN01,2,0,0
2017-04-22,IN02,281,90,6
2017-04-22,IN03,88,25,6
2017-04-22,IN05,4,0,0
2017-04-22,IN06,2,0,0
2017-04-22,IN07,1166,361,21
2017-04-22,IN09,175,54,5
2017-04-22,IN10,118,19,0
2017-04-22,IN11,36,7,0
2017-04-22,IN12,338,116,6
2017-04-22,IN13,83,24,2
2017-04-22,IN14,3,0,0
2017-04-22,IN16,790,229,7
2017-04-22,IN17,57,26,1
2017-04-22,IN19,391,118,6
2017-04-22,IN20,25,9,2
2017-04-22,IN21,130,25,2
2017-04-22,IN22,1,0,0
2017-04-22,IN23,51,14,1
2017-04-22,IN24,194,72,1
2017-04-22,IN25,474,161,29
2017-04-22,IN26,5,0,0
2017-04-22,IN28,159,48,0
2017-04-22,IN30,13,1,0
2017-04-22,IN32,2,2,0
2017-04-22,IN33,9,2,0
2017-04-22,IN34,225,90,3
2017-04-22,IN35,136,63,0
2017-04-22,IN36,623,182,5
2017-04-22,IN37,35,22,6
2017-04-22,IN38,31,10,1
2017-04-22,IN39,51,9,0
2017-04-23,IN00,126,51,5
2017-04-23,IN01,2,1,0
2017-04-23,IN02,237,54,11
2017-04-23,IN03,28,12,0
2017-04-23,IN07,1279,410,45
2017-04-23,IN09,219,68,3
2017-04-23,IN10,65,24,6
2017-04-23,IN11,19,4,0
2017-04-23,IN12,250,88,7
2017-04-23,IN13,120,48,1
2017-04-23,IN16,522,127,7
2017-04-23,IN17,15,3,0
2017-04-23,IN18,4,0,0
2017-04-23,IN19,221,51,1
2017-04-23,IN20,18,4,0
2017-04-23,IN21,66,22,0
2017-04-23,IN22,17,0,0
2017-04-23,IN23,59,20,0
2017-04-23,IN24,162,57,0
2017-04-23,IN25,496,136,20
2017-04-23,IN26,11,4,0
2017-04-23,IN28,141,44,1
2017-04-23,IN29,3,0,0
2017-04-23,IN30,5,2,0
2017-04-23,IN33,1,1,0
2017-04-23,IN34,109,26,0
2017-04-23,IN35,133,34,1
2017-04-23,IN36,573,208,11
2017-04-23,IN37,19,4,0
2017-04-23,IN38,22,4,0
2017-04-23,IN39,44,13,0
2017-04-24,IN00,99,30,1
2017-04-24,IN01,11,3,0
2017-04-24,IN02,309,61,4
2017-04-24,IN03,58,8,1
2017-04-24,IN06,7,1,0
2017-04-24,IN07,1705,485,29
2017-04-24,IN09,190,59,2
2017-04-24,IN10,157,60,3
2017-04-24,IN11,59,9,1
2017-04-24,IN12,739,264,23
2017-04-24,IN13,272,97,1
2017-04-24,IN14,6,2,0
2017-04-24,IN16,969,273,12
2017-04-24,IN17,48,17,2
2017-04-24,IN19,386,110,2
2017-04-24,IN20,11,0,0
2017-04-24,IN21,115,39,0
2017-04-24,IN22,12,1,0
2017-04-24,IN23,138,45,5
2017-04-24,IN24,262,112,7
2017-04-24,IN25,565,171,17
2017-04-24,IN26,7,4,0
2017-04-24,IN28,167,33,0
2017-04-24,IN30,6,2,0
2017-04-24,IN31,15,8,0
2017-04-24,IN33,30,4,0
2017-04-24,IN34,142,51,3
2017-04-24,IN35,204,59,0
2017-04-24,IN36,549,175,4
2017-04-24,IN37,613,225,8
2017-04-24,IN38,26,19,0
2017-04-24,IN39,63,16,0
2017-04-25,IN00,121,27,5
2017-04-25,IN01,7,2,0
2017-04-25,IN02,336,95,2
2017-04-25,IN03,59,14,3
2017-04-25,IN07,1578,446,24
2017-04-25,IN09,223,72,0
2017-04-25,IN10,178,60,0
2017-04-25,IN11,39,5,0
2017-04-25,IN12,492,186,20
2017-04-25,IN13,192,62,8
2017-04-25,IN14,3,0,0
2017-04-25,IN16,1132,376,11
2017-04-25,IN17,8,5,0
2017-04-25,IN19,415,100,4
2017-04-25,IN20,31,6,0
2017-04-25,IN21,158,41,6
2017-04-25,IN22,4,0,0
2017-04-25,IN23,132,60,1
2017-04-25,IN24,220,78,0
2017-04-25,IN25,538,174,48
2017-04-25,IN26,19,7,0
2017-04-25,IN28,483,102,13
2017-04-25,IN30,12,0,0
2017-04-25,IN31,1,0,0
2017-04-25,IN33,19,13,4
2017-04-25,IN34,134,56,0
2017-04-25,IN35,194,73,2
2017-04-25,IN36,639,214,8
2017-04-25,IN37,625,290,2
2017-04-25,IN38,39,7,0
2017-04-25,IN39,147,26,0
2017-04-26,IN00,159,36,0
2017-04-26,IN01,11,2,0
2017-04-26,IN02,361,74,4
2017-04-26,IN03,62,16,7
2017-04-26,IN05,1,0,0
2017-04-26,IN06,7,0,0
2017-04-26,IN07,1975,533,14
2017-04-26,IN09,175,54,2
2017-04-26,IN10,95,31,2
2017-04-26,IN11,54,7,0
2017-04-26,IN12,415,155,16
2017-04-26,IN13,112,41,4
2017-04-26,IN14,3,0,0
2017-04-26,IN16,1229,338,11
2017-04-26,IN17,4,0,0
2017-04-26,IN18,1,0,0
2017-04-26,IN19,272,69,4
2017-04-26,IN20,19,9,0
2017-04-26,IN21,152,33,4
2017-04-26,IN22,7,0,0
2017-04-26,IN23,97,29,2
2017-04-26,IN24,171,57,4
2017-04-26,IN25,365,114,6
2017-04-26,IN26,29,1,0
2017-04-26,IN28,461,122,1
2017-04-26,IN30,21,7,0
2017-04-26,IN33,24,3,1
2017-04-26,IN34,185,54,0
2017-04-26,IN35,152,48,5
2017-04-26,IN36,608,181,3
2017-04-26,IN37,380,178,0
2017-04-26,IN38,35,20,0
2017-04-26,IN39,63,13,0
2017-04-27,IN00,141,58,1
2017-04-27,IN01,15,2,0
2017-04-27,IN02,326,72,4
2017-04-27,IN03,47,9,0
2017-04-27,IN06,13,0,0
2017-04-27,IN07,1789,485,28
2017-04-27,IN09,201,66,2
2017-04-27,IN10,159,37,0
2017-04-27,IN11,92,16,1
2017-04-27,IN12,865,459,30
2017-04-27,IN13,102,17,0
2017-04-27,IN14,2,0,0
2017-04-27,IN16,1072,284,11
2017-04-27,IN17,3,0,0
2017-04-27,IN19,355,89,5
2017-04-27,IN20,27,8,0
2017-04-27,IN21,147,27,1
2017-04-27,IN22,2,0,0
2017-04-27,IN23,149,48,6
2017-04-27,IN24,101,37,8
2017-04-27,IN25,425,95,4
2017-04-27,IN26,8,1,0
2017-04-27,IN28,234,53,1
2017-04-27,IN30,11,5,0
2017-04-27,IN33,20,4,0
2017-04-27,IN34,150,45,0
2017-04-27,IN35,118,28,3
2017-04-27,IN36,595,175,10
2017-04-27,IN37,194,74,1
2017-04-27,IN38,8,5,0
2017-04-27,IN39,105,15,0
2017-04-28,IN00,119,30,0
2017-04-28,IN02,372,69,2
2017-04-28,IN03,32,1,0
2017-04-28,IN05,3,2,0
2017-04-28,IN06,15,3,0
2017-04-28,IN07,1651,474,11
2017-04-28,IN09,195,75,4
2017-04-28,IN10,249,65,0
2017-04-28,IN11,40,15,1
2017-04-28,IN12,764,365,15
2017-04-28,IN13,124,36,3
2017-04-28,IN14,6,1,0
2017-04-28,IN16,1050,300,6
2017-04-28,IN17,27,5,0
2017-04-28,IN19,368,95,2
2017-04-28,IN20,23,7,0
2017-04-28,IN21,169,40,2
2017-04-28,IN22,6,1,0
2017-04-28,IN23,99,34,6
2017-04-28,IN24,139,50,3
2017-04-28,IN25,410,118,11
2017-04-28,IN26,13,4,2
2017-04-28,IN28,238,63,1
2017-04-28,IN30,9,0,0
2017-04-28,IN33,15,4,0
2017-04-28,IN34,179,53,0
2017-04-28,IN35,170,46,0
2017-04-28,IN36,733,276,10
2017-04-28,IN37,179,96,0
2017-04-28,IN38,37,17,1
2017-04-28,IN39,55,5,0
2017-04-29,IN00,77,23,0
2017-04-29,IN01,6,3,0
2017-04-29,IN02,328,81,2
2017-04-29,IN03,37,10,1
2017-04-29,IN07,1332,328,8
2017-04-29,IN09,148,57,1
2017-04-29,IN10,239,69,6
2017-04-29,IN11,43,11,0
2017-04-29,IN12,723,216,15
2017-04-29,IN13,110,23,2
2017-04-29,IN14,4,0,0
2017-04-29,IN16,817,228,8
2017-04-29,IN17,6,6,0
2017-04-29,IN18,5,0,0
2017-04-29,IN19,365,111,0
2017-04-29,IN20,11,1,0
2017-04-29,IN21,109,17,1
2017-04-29,IN22,13,0,0
2017-04-29,IN23,91,26,2
2017-04-29,IN24,117,26,0
2017-04-29,IN25,293,84,7
2017-04-29,IN26,2,0,0
2017-04-29,IN28,310,133,3
2017-04-29,IN30,7,5,2
2017-04-29,IN31,11,1,0
2017-04-29,IN33,10,5,2
2017-04-29,IN34,157,47,0
2017-04-29,IN35,78,33,2
2017-04-29,IN36,683,282,2
2017-04-29,IN37,79,32,1
2017-04-29,IN38,27,9,0
2017-04-29,IN39,33,7,0
2017-04-30,IN00,60,12,1
2017-04-30,IN02,283,64,4
2017-04-30,IN03,3,0,0
2017-04-30,IN05,1,1,0
2017-04-30,IN06,1,1,0
2017-04-30,IN07,1133,243,15
2017-04-30,IN09,95,30,4
2017-04-30,IN10,81,32,2
2017-04-30,IN11,50,15,0
2017-04-30,IN12,471,135,2
2017-04-30,IN13,156,56,2
2017-04-30,IN14,5,0,0
2017-04-30,IN16,511,162,9
2017-04-30,IN17,3,1,0
2017-04-30,IN19,290,68,3
2017-04-30,IN20,12,5,0
2017-04-30,IN21,70,10,4
2017-04-30,IN22,10,0,0
2017-04-30,IN23,31,8,0
2017-04-30,IN24,95,15,1
2017-04-30,IN25,199,45,6
2017-04-30,IN26,6,0,0
2017-04-30,IN28,161,59,1
2017-04-30,IN32,2,0,0
2017-04-30,IN33,8,0,0
2017-04-30,IN34,67,22,0
2017-04-30,IN35,98,18,0
2017-04-30,IN36,528,198,2
2017-04-30,IN37,104,58,0
2017-04-30,IN38,5,1,0
2017-04-30,IN39,40,12,3
2017-05-01,IN00,66,17,0
2017-05-01,IN01,3,0,0
2017-05-01,IN02,455,138,8
2017-05-01,IN03,46,16,5
2017-05-01,IN06,4,0,0
2017-05-01,IN07,1955,489,19
2017-05-01,IN09,151,41,1
2017-05-01,IN10,211,84,2
2017-05-01,IN11,80,22,1
2017-05-01,IN12,973,437,28
2017-05-01,IN13,129,24,0
2017-05-01,IN14,7,2,0
2017-05-01,IN16,804,218,8
2017-05-01,IN17,47,18,0
2017-05-01,IN18,2,1,0
2017-05-01,IN19,356,75,6
2017-05-01,IN20,4,1,0
2017-05-01,IN21,89,25,0
2017-05-01,IN22,6,1,0
2017-05-01,IN23,36,12,1
2017-05-01,IN24,172,58,0
2017-05-01,IN25,283,76,6
2017-05-01,IN28,219,65,3
2017-05-01,IN33,16,2,0
2017-05-01,IN34,96,14,0
2017-05-01,IN35,225,92,3
2017-05-01,IN36,793,269,9
2017-05-01,IN37,162,64,0
2017-05-01,IN38,10,1,0
2017-05-01,IN39,72,21,1
2017-05-02,IN00,78,28,0
2017-05-02,IN01,13,6,0
2017-05-02,IN02,374,107,5
2017-05-02,IN03,30,3,0
2017-05-02,IN06,6,0,0
2017-05-02,IN07,1609,519,15
2017-05-02,IN09,166,56,1
2017-05-02,IN10,146,81,0
2017-05-02,IN11,22,7,0
2017-05-02,IN12,1062,475,24
2017-05-02,IN13,108,34,0
2017-05-02,IN14,5,2,0
2017-05-02,IN16,806,240,28
2017-05-02,IN17,2,2,0
2017-05-02,IN19,474,134,2
2017-05-02,IN20,47,9,0
2017-05-02,IN21,116,40,3
2017-05-02,IN22,4,1,0
2017-05-02,IN23,107,29,2
2017-05-02,IN24,198,67,3
2017-05-02,IN25,350,81,5
2017-05-02,IN26,6,3,0
2017-05-02,IN28,238,70,1
2017-05-02,IN31,4,0,0
2017-05-02,IN33,15,4,0
2017-05-02,IN34,142,72,5
2017-05-02,IN35,306,94,0
2017-05-02,IN36,722,234,9
2017-05-02,IN37,122,53,0
2017-05-02,IN38,17,8,0
2017-05-02,IN39,142,27,0
2017-05-03,IN00,79,19,1
2017-05-03,IN01,25,6,0
2017-05-03,IN02,383,92,13
2017-05-03,IN03,37,5,1
2017-05-03,IN05,3,0,0
2017-05-03,IN06,1,0,0
2017-05-03,IN07,1758,545,18
2017-05-03,IN09,159,38,7
2017-05-03,IN10,105,26,0
2017-05-03,IN11,18,6,2
2017-05-03,IN12,817,372,63
2017-05-03,IN13,105,24,0
2017-05-03,IN16,952,330,34
2017-05-03,IN17,39,12,4
2017-05-03,IN18,2,0,0
2017-05-03,IN19,451,120,1
2017-05-03,IN20,17,2,0
2017-05-03,IN21,81,14,1
2017-05-03,IN22,5,0,0
2017-05-03,IN23,105,40,6
2017-05-03,IN24,258,82,4
2017-05-03,IN25,348,75,8
2017-05-03,IN26,30,2,0
2017-05-03,IN28,340,84,7
2017-05-03,IN31,18,4,0
2017-05-03,IN33,10,2,0
2017-05-03,IN34,204,70,2
2017-05-03,IN35,230,72,0
2017-05-03,IN36,725,304,16
2017-05-03,IN37,94,49,0
2017-05-03,IN38,11,2,0
2017-05-03,IN39,307,22,0
2017-05-04,IN00,96,26,0
2017-05-04,IN01,2,1,0
2017-05-04,IN02,331,104,7
2017-05-04,IN03,56,16,0
2017-05-04,IN06,2,0,0
2017-05-04,IN07,1542,384,19
2017-05-04,IN09,393,195,2
2017-05-04,IN10,159,30,1
2017-05-04,IN11,34,5,0
2017-05-04,IN12,537,271,33
2017-05-04,IN13,147,44,2
2017-05-04,IN14,1,0,0
2017-05-04,IN16,1151,397,22
2017-05-04,IN17,4,0,0
2017-05-04,IN19,396,125,7
2017-05-04,IN20,45,6,0
2017-05-04,IN21,109,17,0
2017-05-04,IN22,10,1,0
2017-05-04,IN23,83,49,2
2017-05-04,IN24,231,47,1
2017-05-04,IN25,345,114,6
2017-05-04,IN26,14,2,0
2017-05-04,IN28,379,105,1
2017-05-04,IN30,6,0,0
2017-05-04,IN33,29,9,1
2017-05-04,IN34,269,96,0
2017-05-04,IN35,244,62,5
2017-05-04,IN36,617,214,6
2017-05-04,IN37,122,36,1
2017-05-04,IN38,36,5,0
2017-05-04,IN39,183,24,0
2017-05-05,IN00,74,27,1
2017-05-05,IN01,4,3,0
2017-05-05,IN02,304,60,3
2017-05-05,IN03,79,30,2
2017-05-05,IN06,3,0,0
2017-05-05,IN07,1861,671,41
2017-05-05,IN09,250,98,0
2017-05-05,IN10,96,30,0
2017-05-05,IN11,30,7,0
2017-05-05,IN12,506,240,21
2017-05-05,IN13,154,49,2
2017-05-05,IN14,2,1,0
2017-05-05,IN16,939,331,4
2017-05-05,IN17,3,0,0
2017-05-05,IN19,307,74,7
2017-05-05,IN20,21,3,2
2017-05-05,IN21,101,14,0
2017-05-05,IN22,10,1,0
2017-05-05,IN23,77,29,2
2017-05-05,IN24,219,78,0
2017-05-05,IN25,292,60,2
2017-05-05,IN26,31,10,0
2017-05-05,IN28,199,70,2
2017-05-05,IN30,8,5,0
2017-05-05,IN31,4,2,0
2017-05-05,IN33,22,12,0
2017-05-05,IN34,346,114,0
2017-05-05,IN35,133,54,0
2017-05-05,IN36,729,285,4
2017-05-05,IN37,105,39,1
2017-05-05,IN38,16,8,0
2017-05-05,IN39,94,29,2
2017-05-06,IN00,69,12,0
2017-05-06,IN01,9,2,0
2017-05-06,IN02,229,63,5
2017-05-06,IN03,64,17,0
2017-05-06,IN06,2,0,0
2017-05-06,IN07,1396,416,16
2017-05-06,IN09,206,83,0
2017-05-06,IN10,48,13,0
2017-05-06,IN11,50,9,2
2017-05-06,IN12,507,208,35
2017-05-06,IN13,93,18,1
2017-05-06,IN14,1,0,0
2017-05-06,IN16,710,219,5
2017-05-06,IN17,32,12,2
2017-05-06,IN19,343,70,2
2017-05-06,IN20,16,10,0
2017-05-06,IN21,115,18,0
2017-05-06,IN22,1,0,0
2017-05-06,IN23,50,20,2
2017-05-06,IN24,112,34,0
2017-05-06,IN25,266,64,4
2017-05-06,IN26,78,21,3
2017-05-06,IN28,178,52,1
2017-05-06,IN30,6,3,0
2017-05-06,IN32,7,1,0
2017-05-06,IN33,6,0,0
2017-05-06,IN34,315,127,0
2017-05-06,IN35,93,37,7
2017-05-06,IN36,497,132,9
2017-05-06,IN37,87,36,0
2017-05-06,IN38,13,4,0
2017-05-06,IN39,116,23,0
2017-05-07,IN00,32,12,1
2017-05-07,IN02,186,41,3
2017-05-07,IN03,14,4,0
2017-05-07,IN05,6,2,0
2017-05-07,IN06,2,0,0
2017-05-07,IN07,1441,457,22
2017-05-07,IN09,112,65,0
2017-05-07,IN10,71,22,0
2017-05-07,IN11,22,9,0
2017-05-07,IN12,492,257,8
2017-05-07,IN13,129,54,0
2017-05-07,IN16,490,141,1
2017-05-07,IN17,9,4,1
2017-05-07,IN18,2,2,0
2017-05-07,IN19,234,62,5
2017-05-07,IN20,6,1,0
2017-05-07,IN21,73,14,0
2017-05-07,IN22,18,3,0
2017-05-07,IN23,108,21,2
2017-05-07,IN24,137,47,0
2017-05-07,IN25,152,34,3
2017-05-07,IN26,116,21,1
2017-05-07,IN28,163,25,0
2017-05-07,IN33,2,0,0
2017-05-07,IN34,237,66,0
2017-05-07,IN35,133,27,2
2017-05-07,IN36,395,126,15
2017-05-07,IN37,105,30,0
2017-05-07,IN38,19,7,0
2017-05-07,IN39,59,13,0
2017-05-08,IN00,63,22,1
2017-05-08,IN01,8,3,0
2017-05-08,IN02,311,79,7
2017-05-08,IN03,20,2,0
2017-05-08,IN05,2,0,0
2017-05-08,IN06,32,2,0
2017-05-08,IN07,1711,507,19
2017-05-08,IN09,201,98,6
2017-05-08,IN10,131,36,0
2017-05-08,IN11,36,11,0
2017-05-08,IN12,522,238,25
2017-05-08,IN13,118,43,0
2017-05-08,IN16,974,342,12
2017-05-08,IN17,9,5,0
2017-05-08,IN18,1,1,0
2017-05-08,IN19,379,103,17
2017-05-08,IN20,26,3,0
2017-05-08,IN21,81,30,0
2017-05-08,IN22,7,1,0
2017-05-08,IN23,157,43,4
2017-05-08,IN24,186,58,2
2017-05-08,IN25,360,119,1
2017-05-08,IN26,25,0,0
2017-05-08,IN28,282,108,4
2017-05-08,IN30,6,0,0
2017-05-08,IN33,39,15,0
2017-05-08,IN34,422,172,3
2017-05-08,IN35,149,48,1
2017-05-08,IN36,553,205,14
2017-05-08,IN37,156,48,1
2017-05-08,IN38,84,40,1
2017-05-08,IN39,58,17,1
2017-05-09,IN00,78,20,5
2017-05-09,IN01,2,0,0
2017-05-09,IN02,294,85,3
2017-05-09,IN03,33,9,0
2017-05-09,IN06,9,0,0
2017-05-09,IN07,1941,658,65
2017-05-09,IN09,269,65,2
2017-05-09,IN10,110,29,0
2017-05-09,IN11,104,12,1
2017-05-09,IN12,340,137,13
2017-05-09,IN13,184,56,1
2017-05-09,IN16,957,327,2
2017-05-09,IN17,100,31,0
2017-05-09,IN19,395,106,5
2017-05-09,IN20,53,16,1
2017-05-09,IN21,84,12,0
2017-05-09,IN22,5,0,0
2017-05-09,IN23,74,22,1
2017-05-09,IN24,177,36,5
2017-05-09,IN25,387,158,9
2017-05-09,IN26,32,9,1
2017-05-09,IN28,529,204,4
2017-05-09,IN30,3,1,0
2017-05-09,IN33,16,7,0
2017-05-09,IN34,270,109,1
2017-05-09,IN35,139,53,2
2017-05-09,IN36,653,190,15
2017-05-09,IN37,88,38,2
2017-05-09,IN38,67,27,1
2017-05-09,IN39,52,11,0
2017-05-10,IN00,87,30,0
2017-05-10,IN01,3,0,0
2017-05-10,IN02,372,84,3
2017-05-10,IN03,44,8,4
2017-05-10,IN06,6,0,0
2017-05-10,IN07,1648,525,36
2017-05-10,IN09,125,38,3
2017-05-10,IN10,47,9,0
2017-05-10,IN11,123,19,1
2017-05-10,IN12,557,187,11
2017-05-10,IN13,126,35,1
2017-05-10,IN16,879,276,14
2017-05-10,IN17,13,6,4
2017-05-10,IN19,355,75,5
2017-05-10,IN20,18,1,0
2017-05-10,IN21,85,8,0
2017-05-10,IN22,4,0,0
2017-05-10,IN23,63,22,1
2017-05-10,IN24,125,44,1
2017-05-10,IN25,468,142,9
2017-05-10,IN26,21,0,0
2017-05-10,IN28,401,132,1
2017-05-10,IN30,5,0,0
2017-05-10,IN33,27,1,0
2017-05-10,IN34,267,80,1
2017-05-10,IN35,106,33,2
2017-05-10,IN36,588,224,12
2017-05-10,IN37,72,34,1
2017-05-10,IN38,64,31,0
2017-05-10,IN39,68,16,0
2017-05-11,IN00,112,28,0
2017-05-11,IN01,2,0,0
2017-05-11,IN02,365,86,5
2017-05-11,IN03,46,11,0
2017-05-11,IN06,4,1,0
2017-05-11,IN07,1720,453,44
2017-05-11,IN09,145,64,10
2017-05-11,IN10,70,14,1
2017-05-11,IN11,47,9,0
2017-05-11,IN12,716,338,29
2017-05-11,IN13,99,27,8
2017-05-11,IN14,1,0,0
2017-05-11,IN16,725,191,7
2017-05-11,IN17,15,6,3
2017-05-11,IN19,330,107,6
2017-05-11,IN20,5,1,0
2017-05-11,IN21,125,22,3
2017-05-11,IN22,16,6,0
2017-05-11,IN23,112,65,0
2017-05-11,IN24,241,55,5
2017-05-11,IN25,609,179,12
2017-05-11,IN26,16,8,0
2017-05-11,IN28,364,136,6
2017-05-11,IN33,20,1,0
2017-05-11,IN34,258,83,2
2017-05-11,IN35,164,62,6
2017-05-11,IN36,817,344,23
2017-05-11,IN37,52,15,1
2017-05-11,IN38,41,15,1
2017-05-11,IN39,77,15,4
2017-05-12,IN00,85,22,0
2017-05-12,IN01,12,2,0
2017-05-12,IN02,363,102,5
2017-05-12,IN03,56,3,0
2017-05-12,IN07,1644,449,32
2017-05-12,IN09,162,53,1
2017-05-12,IN10,174,35,3
2017-05-12,IN11,48,11,0
2017-05-12,IN12,495,172,9
2017-05-12,IN13,146,51,1
2017-05-12,IN14,7,2,0
2017-05-12,IN16,906,256,9
2017-05-12,IN17,23,5,2
2017-05-12,IN19,304,91,6
2017-05-12,IN20,22,4,1
2017-05-12,IN21,73,27,2
2017-05-12,IN22,6,2,0
2017-05-12,IN23,190,77,6
2017-05-12,IN24,206,47,5
2017-05-12,IN25,452,121,11
2017-05-12,IN26,7,3,1
2017-05-12,IN28,325,126,3
2017-05-12,IN33,15,6,0
2017-05-12,IN34,190,49,1
2017-05-12,IN35,187,67,5
2017-05-12,IN36,799,301,14
2017-05-12,IN37,106,39,1
2017-05-12,IN38,51,14,5
2017-05-12,IN39,98,26,2
2017-05-13,IN00,69,17,1
2017-05-13,IN01,10,7,0
2017-05-13,IN02,292,70,0
2017-05-13,IN03,44,11,2
2017-05-13,IN07,1282,448,43
2017-05-13,IN09,121,39,1
2017-05-13,IN10,134,76,1
2017-05-13,IN11,41,4,0
2017-05-13,IN12,518,287,16
2017-05-13,IN13,192,90,4
2017-05-13,IN16,689,245,9
2017-05-13,IN17,8,7,2
2017-05-13,IN19,240,52,3
2017-05-13,IN20,9,1,0
2017-05-13,IN21,64,19,2
2017-05-13,IN23,67,32,3
2017-05-13,IN24,134,29,3
2017-05-13,IN25,273,66,3
2017-05-13,IN26,23,13,0
2017-05-13,IN28,251,117,8
2017-05-13,IN31,11,0,0
2017-05-13,IN32,3,1,0
2017-05-13,IN33,24,6,0
2017-05-13,IN34,113,39,2
2017-05-13,IN35,149,52,0
2017-05-13,IN36,464,137,11
2017-05-13,IN37,69,19,0
2017-05-13,IN38,31,12,1
2017-05-13,IN39,39,5,0
2017-05-14,IN00,57,19,0
2017-05-14,IN01,27,0,0
2017-05-14,IN02,209,63,4
2017-05-14,IN03,39,15,0
2017-05-14,IN06,2,0,0
2017-05-14,IN07,1263,344,42
2017-05-14,IN09,121,43,4
2017-05-14,IN10,267,128,5
2017-05-14,IN11,7,4,0
2017-05-14,IN12,510,237,6
2017-05-14,IN13,82,39,2
2017-05-14,IN16,476,157,5
2017-05-14,IN17,18,4,0
2017-05-14,IN18,6,0,0
2017-05-14,IN19,229,85,2
2017-05-14,IN20,13,1,0
2017-05-14,IN21,78,31,2
2017-05-14,IN22,6,1,0
2017-05-14,IN23,106,38,2
2017-05-14,IN24,77,20,4
2017-05-14,IN25,232,43,2
2017-05-14,IN26,8,2,1
2017-05-14,IN28,221,87,6
2017-05-14,IN30,5,0,0
2017-05-14,IN33,10,4,0
2017-05-14,IN34,163,61,3
2017-05-14,IN35,139,35,0
2017-05-14,IN36,501,161,9
2017-05-14,IN37,60,16,0
2017-05-14,IN38,51,12,0
2017-05-14,IN39,48,2,0
2017-05-15,IN00,142,33,2
2017-05-15,IN01,30,1,0
2017-05-15,IN02,284,106,21
2017-05-15,IN03,80,14,0
2017-05-15,IN05,4,0,0
2017-05-15,IN06,13,4,0
2017-05-15,IN07,1758,598,29
2017-05-15,IN09,144,36,2
2017-05-15,IN10,275,149,2
2017-05-15,IN11,22,4,0
2017-05-15,IN12,417,171,10
2017-05-15,IN13,189,84,4
2017-05-15,IN14,4,0,0
2017-05-15,IN16,672,228,6
2017-05-15,IN17,1,0,0
2017-05-15,IN18,1,0,0
2017-05-15,IN19,277,67,2
2017-05-15,IN20,23,5,0
2017-05-15,IN21,108,23,0
2017-05-15,IN22,2,2,2
2017-05-15,IN23,103,40,1
2017-05-15,IN24,140,26,2
2017-05-15,IN25,581,164,6
2017-05-15,IN26,30,1,0
2017-05-15,IN28,260,71,0
2017-05-15,IN29,2,0,0
2017-05-15,IN30,7,1,0
2017-05-15,IN31,3,0,0
2017-05-15,IN33,20,2,0
2017-05-15,IN34,188,55,2
2017-05-15,IN35,213,37,0
2017-05-15,IN36,560,147,10
2017-05-15,IN37,107,38,1
2017-05-15,IN38,63,17,0
2017-05-15,IN39,48,15,0
2017-05-16,IN00,99,27,2
2017-05-16,IN01,15,4,0
2017-05-16,IN02,292,73,13
2017-05-16,IN03,44,6,0
2017-05-16,IN05,3,0,0
2017-05-16,IN06,8,4,0
2017-05-16,IN07,1902,546,14
2017-05-16,IN09,186,62,1
2017-05-16,IN10,250,104,12
2017-05-16,IN11,43,17,0
2017-05-16,IN12,431,147,14
2017-05-16,IN13,175,64,0
2017-05-16,IN14,5,1,0
2017-05-16,IN16,899,250,3
2017-05-16,IN17,14,6,2
2017-05-16,IN18,2,2,0
2017-05-16,IN19,342,90,3
2017-05-16,IN20,6,0,0
2017-05-16,IN21,80,23,2
2017-05-16,IN22,13,0,0
2017-05-16,IN23,78,21,3
2017-05-16,IN24,113,35,1
2017-05-16,IN25,561,197,7
2017-05-16,IN26,20,4,0
2017-05-16,IN28,212,69,2
2017-05-16,IN29,1,0,0
2017-05-16,IN33,25,3,0
2017-05-16,IN34,295,86,1
2017-05-16,IN35,175,47,5
2017-05-16,IN36,657,194,21
2017-05-16,IN37,63,46,1
2017-05-16,IN38,44,13,8
2017-05-16,IN39,103,24,1
2017-05-17,IN00,126,48,7
2017-05-17,IN01,9,0,0
2017-05-17,IN02,294,87,2
2017-05-17,IN03,33,4,0
2017-05-17,IN05,1,0,0
2017-05-17,IN06,9,0,0
2017-05-17,IN07,1630,464,31
2017-05-17,IN09,122,27,1
2017-05-17,IN10,310,122,23
2017-05-17,IN11,21,6,0
2017-05-17,IN12,410,140,13
2017-05-17,IN13,143,36,0
2017-05-17,IN14,54,1,0
2017-05-17,IN16,714,202,3
2017-05-17,IN17,6,1,0
2017-05-17,IN18,1,0,0
2017-05-17,IN19,383,110,2
2017-05-17,IN20,10,2,0
2017-05-17,IN21,92,34,8
2017-05-17,IN22,15,1,0
2017-05-17,IN23,97,26,0
2017-05-17,IN24,199,48,0
2017-05-17,IN25,420,131,2
2017-05-17,IN26,6,1,0
2017-05-17,IN28,437,161,16
2017-05-17,IN30,3,0,0
2017-05-17,IN31,10,8,0
2017-05-17,IN33,17,5,0
2017-05-17,IN34,385,168,22
2017-05-17,IN35,146,33,0
2017-05-17,IN36,610,187,10
2017-05-17,IN37,72,38,0
2017-05-17,IN38,39,3,0
2017-05-17,IN39,132,18,0
2017-05-18,IN00,112,17,1
2017-05-18,IN01,20,5,1
2017-05-18,IN02,271,66,3
2017-05-18,IN03,63,13,0
2017-05-18,IN05,2,0,0
2017-05-18,IN07,1845,548,29
2017-05-18,IN09,209,39,1
2017-05-18,IN10,186,49,8
2017-05-18,IN11,17,8,0
2017-05-18,IN12,364,130,5
2017-05-18,IN13,153,30,1
2017-05-18,IN16,975,301,12
2017-05-18,IN18,10,1,0
2017-05-18,IN19,393,107,1
2017-05-18,IN20,32,8,0
2017-05-18,IN21,56,11,1
2017-05-18,IN22,14,4,0
2017-05-18,IN23,65,27,0
2017-05-18,IN24,185,51,4
2017-05-18,IN25,452,127,6
2017-05-18,IN26,27,6,0
2017-05-18,IN28,207,51,0
2017-05-18,IN31,5,3,0
2017-05-18,IN33,55,8,0
2017-05-18,IN34,202,64,13
2017-05-18,IN35,352,52,1
2017-05-18,IN36,417,144,10
2017-05-18,IN37,75,12,0
2017-05-18,IN38,23,5,1
2017-05-18,IN39,89,22,0
2017-05-19,IN00,112,23,2
2017-05-19,IN01,8,1,0
2017-05-19,IN02,297,82,2
2017-05-19,IN03,48,12,0
2017-05-19,IN06,2,0,0
2017-05-19,IN07,1397,459,26
2017-05-19,IN09,145,39,1
2017-05-19,IN10,82,36,4
2017-05-19,IN11,25,8,0
2017-05-19,IN12,375,148,17
2017-05-19,IN13,120,36,2
2017-05-19,IN16,924,326,21
2017-05-19,IN17,14,4,0
2017-05-19,IN18,1,0,0
2017-05-19,IN19,368,69,4
2017-05-19,IN20,46,10,1
2017-05-19,IN21,165,42,6
2017-05-19,IN23,74,23,0
2017-05-19,IN24,195,51,7
2017-05-19,IN25,459,116,16
2017-05-19,IN26,26,8,0
2017-05-19,IN28,258,72,5
2017-05-19,IN30,4,0,0
2017-05-19,IN33,39,7,1
2017-05-19,IN34,143,50,11
2017-05-19,IN35,324,90,1
2017-05-19,IN36,540,171,11
2017-05-19,IN37,70,34,0
2017-05-19,IN38,67,26,2
2017-05-19,IN39,137,47,2
2017-05-20,IN00,83,25,0
2017-05-20,IN01,8,3,1
2017-05-20,IN02,262,66,8
2017-05-20,IN03,29,4,0
2017-05-20,IN05,2,1,0
2017-05-20,IN07,958,294,34
2017-05-20,IN09,140,34,0
2017-05-20,IN10,61,16,1
2017-05-20,IN11,47,7,0
2017-05-20,IN12,548,158,10
2017-05-20,IN13,224,77,4
2017-05-20,IN14,1,1,0
2017-05-20,IN16,674,215,10
2017-05-20,IN17,5,3,0
2017-05-20,IN19,254,72,0
2017-05-20,IN20,16,6,0
2017-05-20,IN21,63,25,0
2017-05-20,IN22,8,4,0
2017-05-20,IN23,48,9,0
2017-05-20,IN24,229,76,14
2017-05-20,IN25,283,72,1
2017-05-20,IN26,33,5,0
2017-05-20,IN28,234,62,2
2017-05-20,IN30,6,2,0
2017-05-20,IN33,89,22,0
2017-05-20,IN34,172,45,2
2017-05-20,IN35,105,32,0
2017-05-20,IN36,344,113,9
2017-05-20,IN37,53,19,2
2017-05-20,IN38,33,19,2
2017-05-20,IN39,83,12,0
2017-05-21,IN00,108,38,3
2017-05-21,IN01,4,0,0
2017-05-21,IN02,233,39,2
2017-05-21,IN03,32,5,0
2017-05-21,IN05,1,1,0
2017-05-21,IN06,3,1,0
2017-05-21,IN07,1025,346,58
2017-05-21,IN09,233,40,0
2017-05-21,IN10,138,53,3
2017-05-21,IN11,58,14,0
2017-05-21,IN12,278,92,2
2017-05-21,IN13,128,46,2
2017-05-21,IN16,496,163,6
2017-05-21,IN17,3,1,0
2017-05-21,IN19,254,61,0
2017-05-21,IN20,10,5,0
2017-05-21,IN21,63,4,0
2017-05-21,IN22,3,2,0
2017-05-21,IN23,114,39,0
2017-05-21,IN24,141,40,5
2017-05-21,IN25,328,78,5
2017-05-21,IN26,28,5,1
2017-05-21,IN28,164,47,2
2017-05-21,IN30,1,1,0
2017-05-21,IN31,7,0,0
2017-05-21,IN33,111,26,0
2017-05-21,IN34,123,38,0
2017-05-21,IN35,132,51,3
2017-05-21,IN36,523,212,44
2017-05-21,IN37,17,5,0
2017-05-21,IN38,31,13,2
2017-05-21,IN39,42,3,0
2017-05-22,IN00,100,24,2
2017-05-22,IN01,1,0,0
2017-05-22,IN02,346,56,5
2017-05-22,IN03,93,26,1
2017-05-22,IN05,3,1,0
2017-05-22,IN06,6,1,0
2017-05-22,IN07,1606,420,36
2017-05-22,IN09,423,26,1
2017-05-22,IN10,110,37,3
2017-05-22,IN11,66,32,2
2017-05-22,IN12,420,164,13
2017-05-22,IN13,174,54,13
2017-05-22,IN16,830,213,15
2017-05-22,IN17,3,2,0
2017-05-22,IN18,1,0,0
2017-05-22,IN19,559,142,6
2017-05-22,IN20,34,8,0
2017-05-22,IN21,110,34,1
2017-05-22,IN22,8,3,0
2017-05-22,IN23,90,15,0
2017-05-22,IN24,173,53,5
2017-05-22,IN25,379,91,18
2017-05-22,IN26,17,7,0
2017-05-22,IN28,418,228,44
2017-05-22,IN30,3,0,0
2017-05-22,IN31,6,0,0
2017-05-22,IN33,99,27,0
2017-05-22,IN34,172,54,1
2017-05-22,IN35,331,127,1
2017-05-22,IN36,878,330,44
2017-05-22,IN37,71,20,1
2017-05-22,IN38,87,41,4
2017-05-22,IN39,88,12,0
2017-05-23,IN00,111,30,0
2017-05-23,IN01,21,0,0
2017-05-23,IN02,331,97,4
2017-05-23,IN03,94,20,1
2017-05-23,IN06,7,2,0
2017-05-23,IN07,1399,431,16
2017-05-23,IN09,420,52,2
2017-05-23,IN10,90,42,6
2017-05-23,IN11,39,5,0
2017-05-23,IN12,472,184,19
2017-05-23,IN13,151,30,4
2017-05-23,IN16,765,227,8
2017-05-23,IN17,15,5,0
2017-05-23,IN18,10,9,1
2017-05-23,IN19,429,98,0
2017-05-23,IN20,17,2,0
2017-05-23,IN21,79,20,4
2017-05-23,IN22,8,0,0
2017-05-23,IN23,43,12,0
2017-05-23,IN24,203,79,5
2017-05-23,IN25,375,113,9
2017-05-23,IN26,14,1,0
2017-05-23,IN28,223,94,17
2017-05-23,IN30,3,1,0
2017-05-23,IN31,7,1,0
2017-05-23,IN33,17,4,0
2017-05-23,IN34,180,62,2
2017-05-23,IN35,250,92,5
2017-05-23,IN36,680,234,10
2017-05-23,IN37,99,20,2
2017-05-23,IN38,23,3,1
2017-05-23,IN39,124,40,1
2017-05-24,IN00,165,32,1
2017-05-24,IN01,13,8,0
2017-05-24,IN02,441,106,3
2017-05-24,IN03,92,22,2
2017-05-24,IN06,1,0,0
2017-05-24,IN07,1551,470,27
2017-05-24,IN09,272,49,2
2017-05-24,IN10,120,40,1
2017-05-24,IN11,26,5,0
2017-05-24,IN12,499,183,12
2017-05-24,IN13,137,38,0
2017-05-24,IN16,993,322,18
2017-05-24,IN17,7,6,0
2017-05-24,IN18,4,1,0
2017-05-24,IN19,430,109,1
2017-05-24,IN20,25,7,1
2017-05-24,IN21,91,21,2
2017-05-24,IN22,9,4,0
2017-05-24,IN23,66,18,0
2017-05-24,IN24,163,71,5
2017-05-24,IN25,486,114,6
2017-05-24,IN26,8,1,0
2017-05-24,IN28,287,99,9
2017-05-24,IN30,5,1,0
2017-05-24,IN31,2,2,0
2017-05-24,IN33,20,2,0
2017-05-24,IN34,224,77,6
2017-05-24,IN35,221,64,0
2017-05-24,IN36,1007,465,38
2017-05-24,IN37,58,18,0
2017-05-24,IN38,18,5,0
2017-05-24,IN39,181,36,1
2017-05-25,IN00,145,54,1
2017-05-25,IN01,28,8,0
2017-05-25,IN02,393,83,4
2017-05-25,IN03,138,13,1
2017-05-25,IN05,1,0,0
2017-05-25,IN06,3,1,0
2017-05-25,IN07,1835,400,19
2017-05-25,IN09,269,44,6
2017-05-25,IN10,116,28,0
2017-05-25,IN11,40,5,0
2017-05-25,IN12,566,242,32
2017-05-25,IN13,259,70,1
2017-05-25,IN14,2,2,0
2017-05-25,IN16,1132,249,17
2017-05-25,IN17,9,2,0
2017-05-25,IN18,3,1,0
2017-05-25,IN19,394,84,3
2017-05-25,IN20,21,0,0
2017-05-25,IN21,79,20,2
2017-05-25,IN22,7,1,0
2017-05-25,IN23,129,47,0
2017-05-25,IN24,244,54,1
2017-05-25,IN25,321,85,0
2017-05-25,IN26,8,4,1
2017-05-25,IN28,461,219,43
2017-05-25,IN31,10,1,1
2017-05-25,IN33,3,0,0
2017-05-25,IN34,306,84,4
2017-05-25,IN35,207,66,1
2017-05-25,IN36,928,392,34
2017-05-25,IN37,48,21,0
2017-05-25,IN38,43,19,1
2017-05-25,IN39,108,23,0
2017-05-26,IN00,150,44,9
2017-05-26,IN01,16,6,0
2017-05-26,IN02,295,82,1
2017-05-26,IN03,318,55,4
2017-05-26,IN05,2,0,0
2017-05-26,IN06,12,3,0
2017-05-26,IN07,1567,381,23
2017-05-26,IN09,285,58,6
2017-05-26,IN10,144,58,1
2017-05-26,IN11,74,4,0
2017-05-26,IN12,519,168,13
2017-05-26,IN13,246,120,1
2017-05-26,IN16,1084,276,18
2017-05-26,IN17,14,4,1
2017-05-26,IN18,8,7,0
2017-05-26,IN19,375,75,3
2017-05-26,IN20,30,3,1
2017-05-26,IN21,78,11,0
2017-05-26,IN22,7,1,0
2017-05-26,IN23,116,47,3
2017-05-26,IN24,262,77,7
2017-05-26,IN25,289,59,4
2017-05-26,IN26,20,3,0
2017-05-26,IN28,191,72,15
2017-05-26,IN33,8,2,0
2017-05-26,IN34,445,157,3
2017-05-26,IN35,190,85,7
2017-05-26,IN36,872,363,25
2017-05-26,IN37,53,22,0
2017-05-26,IN38,51,19,0
2017-05-26,IN39,77,19,1
2017-05-27,IN00,99,34,1
2017-05-27,IN01,5,4,0
2017-05-27,IN02,282,63,2
2017-05-27,IN03,95,22,0
2017-05-27,IN06,6,3,0
2017-05-27,IN07,1098,288,22
2017-05-27,IN09,199,37,6
2017-05-27,IN10,105,22,0
2017-05-27,IN11,27,5,0
2017-05-27,IN12,559,315,19
2017-05-27,IN13,238,122,13
2017-05-27,IN14,1,0,0
2017-05-27,IN16,575,164,6
2017-05-27,IN17,14,3,2
2017-05-27,IN19,242,46,0
2017-05-27,IN20,49,5,0
2017-05-27,IN21,68,5,3
2017-05-27,IN22,6,1,0
2017-05-27,IN23,90,36,1
2017-05-27,IN24,153,34,3
2017-05-27,IN25,281,76,4
2017-05-27,IN26,3,3,0
2017-05-27,IN28,167,47,7
2017-05-27,IN30,9,1,0
2017-05-27,IN33,17,4,0
2017-05-27,IN34,437,75,0
2017-05-27,IN35,133,50,2
2017-05-27,IN36,866,301,13
2017-05-27,IN37,49,13,0
2017-05-27,IN38,39,11,0
2017-05-27,IN39,52,8,0
2017-05-28,IN00,71,28,2
2017-05-28,IN01,1,0,0
2017-05-28,IN02,266,54,4
2017-05-28,IN03,64,23,0
2017-05-28,IN07,1108,278,8
2017-05-28,IN09,233,56,4
2017-05-28,IN10,62,20,1
2017-05-28,IN11,11,1,0
2017-05-28,IN12,673,387,14
2017-05-28,IN13,283,147,10
2017-05-28,IN16,547,150,5
2017-05-28,IN17,15,7,1
2017-05-28,IN18,2,0,0
2017-05-28,IN19,241,74,9
2017-05-28,IN20,21,3,0
2017-05-28,IN21,53,20,2
2017-05-28,IN22,4,1,0
2017-05-28,IN23,36,11,0
2017-05-28,IN24,109,36,0
2017-05-28,IN25,223,47,8
2017-05-28,IN26,17,0,0
2017-05-28,IN28,156,38,1
2017-05-28,IN30,1,1,0
2017-05-28,IN33,13,6,0
2017-05-28,IN34,185,37,1
2017-05-28,IN35,72,27,3
2017-05-28,IN36,469,147,5
2017-05-28,IN37,25,5,0
2017-05-28,IN38,8,3,0
2017-05-28,IN39,63,10,0
2017-05-29,IN00,144,49,6
2017-05-29,IN01,4,1,0
2017-05-29,IN02,328,104,2
2017-05-29,IN03,99,21,0
2017-05-29,IN05,4,0,0
2017-05-29,IN07,1616,384,27
2017-05-29,IN09,243,49,2
2017-05-29,IN10,86,25,0
2017-05-29,IN11,75,16,0
2017-05-29,IN12,402,170,2
2017-05-29,IN13,567,320,39
2017-05-29,IN16,879,257,3
2017-05-29,IN17,28,4,0
2017-05-29,IN18,15,7,0
2017-05-29,IN19,355,105,19
2017-05-29,IN20,49,12,0
2017-05-29,IN21,85,21,4
2017-05-29,IN22,14,8,1
2017-05-29,IN23,173,48,3
2017-05-29,IN24,136,41,1
2017-05-29,IN25,391,128,12
2017-05-29,IN26,46,21,0
2017-05-29,IN28,249,104,7
2017-05-29,IN30,7,1,0
2017-05-29,IN31,20,10,0
2017-05-29,IN33,1,0,0
2017-05-29,IN34,209,90,2
2017-05-29,IN35,90,38,1
2017-05-29,IN36,754,317,15
2017-05-29,IN37,72,20,0
2017-05-29,IN38,37,16,2
2017-05-29,IN39,83,12,0
2017-05-30,IN00,164,54,3
2017-05-30,IN01,21,5,0
2017-05-30,IN02,254,62,8
2017-05-30,IN03,64,27,2
2017-05-30,IN06,10,6,0
2017-05-30,IN07,1336,324,22
2017-05-30,IN09,296,84,5
2017-05-30,IN10,136,44,3
2017-05-30,IN11,74,15,0
2017-05-30,IN12,288,108,5
2017-05-30,IN13,540,254,50
2017-05-30,IN14,8,3,0
2017-05-30,IN16,878,263,12
2017-05-30,IN17,15,6,1
2017-05-30,IN18,4,1,0
2017-05-30,IN19,358,99,13
2017-05-30,IN20,28,12,0
2017-05-30,IN21,63,12,1
2017-05-30,IN22,24,16,2
2017-05-30,IN23,127,45,4
2017-05-30,IN24,171,61,1
2017-05-30,IN25,492,231,22
2017-05-30,IN26,31,20,0
2017-05-30,IN28,205,53,4
2017-05-30,IN30,14,2,0
2017-05-30,IN31,6,0,0
2017-05-30,IN33,14,6,0
2017-05-30,IN34,185,52,5
2017-05-30,IN35,154,59,0
2017-05-30,IN36,841,353,10
2017-05-30,IN37,59,23,0
2017-05-30,IN38,16,4,1
2017-05-30,IN39,90,25,1
2017-05-31,IN00,123,33,2
2017-05-31,IN01,1,0,0
2017-05-31,IN02,362,80,6
2017-05-31,IN03,104,25,2
2017-05-31,IN05,1,0,0
2017-05-31,IN06,7,1,0
2017-05-31,IN07,1348,344,19
2017-05-31,IN09,252,66,8
2017-05-31,IN10,98,28,7
2017-05-31,IN11,45,12,0
2017-05-31,IN12,299,165,19
2017-05-31,IN13,538,257,34
2017-05-31,IN14,5,3,0
2017-05-31,IN16,905,232,16
2017-05-31,IN17,14,3,0
2017-05-31,IN18,9,3,0
2017-05-31,IN19,455,96,10
2017-05-31,IN20,33,6,1
2017-05-31,IN21,65,18,4
2017-05-31,IN22,25,13,1
2017-05-31,IN23,150,60,5
2017-05-31,IN24,221,71,4
2017-05-31,IN25,683,350,51
2017-05-31,IN26,35,10,1
2017-05-31,IN28,283,69,0
2017-05-31,IN30,23,0,0
2017-05-31,IN31,6,0,0
2017-05-31,IN33,9,0,0
2017-05-31,IN34,187,65,17
2017-05-31,IN35,179,57,1
2017-05-31,IN36,830,213,7
2017-05-31,IN37,36,6,0
2017-05-31,IN38,59,19,2
2017-05-31,IN39,53,22,0
2017-06-01,IN00,103,30,2
2017-06-01,IN01,4,0,0
2017-06-01,IN02,379,100,5
2017-06-01,IN03,73,21,0
2017-06-01,IN06,4,1,0
2017-06-01,IN07,1288,342,23
2017-06-01,IN09,206,55,6
2017-06-01,IN10,125,38,2
2017-06-01,IN11,23,5,0
2017-06-01,IN12,572,246,15
2017-06-01,IN13,306,162,31
2017-06-01,IN14,2,0,0
2017-06-01,IN16,933,276,25
2017-06-01,IN17,6,2,0
2017-06-01,IN18,18,7,0
2017-06-01,IN19,440,100,4
2017-06-01,IN20,30,3,1
2017-06-01,IN21,94,25,2
2017-06-01,IN22,24,1,0
2017-06-01,IN23,143,39,0
2017-06-01,IN24,156,39,3
2017-06-01,IN25,550,210,24
2017-06-01,IN26,18,4,0
2017-06-01,IN28,190,61,11
2017-06-01,IN30,1,0,0
2017-06-01,IN31,2,0,0
2017-06-01,IN33,46,6,0
2017-06-01,IN34,183,76,22
2017-06-01,IN35,204,75,9
2017-06-01,IN36,554,202,20
2017-06-01,IN37,70,19,7
2017-06-01,IN38,27,4,0
2017-06-01,IN39,75,21,1
2017-06-02,IN00,83,24,6
2017-06-02,IN01,16,3,0
2017-06-02,IN02,363,121,9
2017-06-02,IN03,72,12,4
2017-06-02,IN06,7,3,0
2017-06-02,IN07,1142,291,8
2017-06-02,IN09,234,64,8
2017-06-02,IN10,157,53,1
2017-06-02,IN11,24,2,0
2017-06-02,IN12,460,185,18
2017-06-02,IN13,342,95,10
2017-06-02,IN14,7,0,0
2017-06-02,IN16,983,258,21
2017-06-02,IN17,2,0,0
2017-06-02,IN18,11,3,0
2017-06-02,IN19,346,110,7
2017-06-02,IN20,42,1,0
2017-06-02,IN21,105,26,2
2017-06-02,IN22,13,2,0
2017-06-02,IN23,118,27,3
2017-06-02,IN24,106,19,2
2017-06-02,IN25,432,114,9
2017-06-02,IN26,41,8,0
2017-06-02,IN28,241,82,4
2017-06-02,IN30,2,1,0
2017-06-02,IN31,2,2,0
2017-06-02,IN33,19,3,0
2017-06-02,IN34,278,100,9
2017-06-02,IN35,129,58,0
2017-06-02,IN36,527,187,10
2017-06-02,IN37,58,6,0
2017-06-02,IN38,54,10,1
2017-06-02,IN39,84,28,1
2017-06-03,IN00,94,11,0
2017-06-03,IN01,7,0,0
2017-06-03,IN02,245,67,1
2017-06-03,IN03,93,10,1
2017-06-03,IN07,1113,303,8
2017-06-03,IN09,96,33,3
2017-06-03,IN10,153,61,8
2017-06-03,IN11,12,2,0
2017-06-03,IN12,538,226,4
2017-06-03,IN13,261,64,7
2017-06-03,IN14,3,2,0
2017-06-03,IN16,588,165,26
2017-06-03,IN17,19,9,2
2017-06-03,IN18,2,1,0
2017-06-03,IN19,277,78,8
2017-06-03,IN20,50,16,0
2017-06-03,IN21,105,35,3
2017-06-03,IN22,13,4,0
2017-06-03,IN23,130,56,5
2017-06-03,IN24,128,40,0
2017-06-03,IN25,380,94,9
2017-06-03,IN26,34,8,0
2017-06-03,IN28,146,51,1
2017-06-03,IN30,1,1,0
2017-06-03,IN33,20,2,0
2017-06-03,IN34,259,70,4
2017-06-03,IN35,136,69,6
2017-06-03,IN36,514,155,2
2017-06-03,IN37,39,9,0
2017-06-03,IN38,28,10,0
2017-06-03,IN39,119,60,3
2017-06-04,IN00,65,16,0
2017-06-04,IN01,9,2,0
2017-06-04,IN02,338,74,4
2017-06-04,IN03,34,17,0
2017-06-04,IN06,1,0,0
2017-06-04,IN07,841,232,13
2017-06-04,IN09,86,24,0
2017-06-04,IN10,76,38,6
2017-06-04,IN11,19,7,0
2017-06-04,IN12,412,147,0
2017-06-04,IN13,216,50,0
2017-06-04,IN16,521,139,13
2017-06-04,IN17,7,4,0
2017-06-04,IN18,1,0,0
2017-06-04,IN19,237,44,1
2017-06-04,IN20,15,5,0
2017-06-04,IN21,48,20,0
2017-06-04,IN22,9,2,0
2017-06-04,IN23,59,25,3
2017-06-04,IN24,97,36,1
2017-06-04,IN25,356,89,8
2017-06-04,IN26,15,5,0
2017-06-04,IN28,170,54,5
2017-06-04,IN30,1,1,0
2017-06-04,IN31,1,0,0
2017-06-04,IN33,7,3,0
2017-06-04,IN34,178,61,7
2017-06-04,IN35,195,76,4
2017-06-04,IN36,455,134,6
2017-06-04,IN37,23,10,1
2017-06-04,IN38,10,4,0
2017-06-04,IN39,104,32,0
2017-06-05,IN00,116,27,1
2017-06-05,IN02,407,90,6
2017-06-05,IN03,71,13,0
2017-06-05,IN06,1,0,0
2017-06-05,IN07,1276,359,13
2017-06-05,IN09,134,21,0
2017-06-05,IN10,150,61,4
2017-06-05,IN11,53,21,4
2017-06-05,IN12,652,326,10
2017-06-05,IN13,172,43,2
2017-06-05,IN14,1,0,0
2017-06-05,IN16,781,210,12
2017-06-05,IN17,20,5,0
2017-06-05,IN19,403,106,2
2017-06-05,IN20,11,3,0
2017-06-05,IN21,106,31,1
2017-06-05,IN22,18,11,0
2017-06-05,IN23,192,46,5
2017-06-05,IN24,194,76,1
2017-06-05,IN25,356,110,5
2017-06-05,IN26,26,4,1
2017-06-05,IN28,252,85,16
2017-06-05,IN30,18,9,0
2017-06-05,IN31,7,3,0
2017-06-05,IN33,32,16,1
2017-06-05,IN34,143,55,6
2017-06-05,IN35,258,92,12
2017-06-05,IN36,693,192,18
2017-06-05,IN37,67,15,1
2017-06-05,IN38,13,4,3
2017-06-05,IN39,199,45,0
2017-06-06,IN00,75,18,4
2017-06-06,IN01,9,0,0
2017-06-06,IN02,313,91,5
2017-06-06,IN03,28,6,2
2017-06-06,IN05,6,3,0
2017-06-06,IN06,9,5,0
2017-06-06,IN07,1456,472,33
2017-06-06,IN09,175,67,4
2017-06-06,IN10,166,82,3
2017-06-06,IN11,31,10,0
2017-06-06,IN12,449,171,5
2017-06-06,IN13,183,69,19
2017-06-06,IN14,3,1,0
2017-06-06,IN16,809,237,14
2017-06-06,IN17,14,3,0
2017-06-06,IN18,36,21,1
2017-06-06,IN19,412,86,4
2017-06-06,IN20,8,1,0
2017-06-06,IN21,95,41,11
2017-06-06,IN22,5,4,0
2017-06-06,IN23,213,78,3
2017-06-06,IN24,199,61,3
2017-06-06,IN25,368,107,13
2017-06-06,IN26,9,3,2
2017-06-06,IN28,199,87,5
2017-06-06,IN30,2,1,0
2017-06-06,IN31,4,1,0
2017-06-06,IN33,12,4,0
2017-06-06,IN34,190,90,19
2017-06-06,IN35,621,303,25
2017-06-06,IN36,661,178,14
2017-06-06,IN37,48,20,0
2017-06-06,IN38,14,9,1
2017-06-06,IN39,150,54,13
2017-06-07,IN00,119,36,0
2017-06-07,IN01,14,9,0
2017-06-07,IN02,315,125,5
2017-06-07,IN03,93,45,2
2017-06-07,IN07,1315,435,35
2017-06-07,IN09,165,66,12
2017-06-07,IN10,176,69,2
2017-06-07,IN11,49,15,0
2017-06-07,IN12,394,143,11
2017-06-07,IN13,287,99,9
2017-06-07,IN16,891,322,21
2017-06-07,IN17,13,4,0
2017-06-07,IN18,7,6,0
2017-06-07,IN19,393,125,4
2017-06-07,IN20,88,56,0
2017-06-07,IN21,67,14,3
2017-06-07,IN22,6,0,0
2017-06-07,IN23,103,53,4
2017-06-07,IN24,272,97,10
2017-06-07,IN25,378,121,14
2017-06-07,IN26,10,3,2
2017-06-07,IN28,287,100,4
2017-06-07,IN30,6,1,0
2017-06-07,IN31,2,0,0
2017-06-07,IN33,15,2,0
2017-06-07,IN34,99,17,6
2017-06-07,IN35,1342,707,75
2017-06-07,IN36,523,192,31
2017-06-07,IN37,45,9,0
2017-06-07,IN38,28,10,4
2017-06-07,IN39,61,9,1
2017-06-08,IN00,123,32,4
2017-06-08,IN01,4,0,0
2017-06-08,IN02,327,74,5
2017-06-08,IN03,56,16,0
2017-06-08,IN05,2,0,0
2017-06-08,IN07,1467,437,46
2017-06-08,IN09,163,39,1
2017-06-08,IN10,145,92,12
2017-06-08,IN11,48,29,0
2017-06-08,IN12,462,172,11
2017-06-08,IN13,377,161,18
2017-06-08,IN14,5,1,0
2017-06-08,IN16,1089,341,34
2017-06-08,IN17,5,2,0
2017-06-08,IN18,4,3,0
2017-06-08,IN19,369,86,3
2017-06-08,IN20,32,16,1
2017-06-08,IN21,121,13,3
2017-06-08,IN22,2,0,0
2017-06-08,IN23,81,24,0
2017-06-08,IN24,244,86,7
2017-06-08,IN25,324,91,6
2017-06-08,IN26,4,2,0
2017-06-08,IN28,452,155,27
2017-06-08,IN30,7,0,0
2017-06-08,IN31,46,3,0
2017-06-08,IN33,17,5,0
2017-06-08,IN34,87,30,1
2017-06-08,IN35,1784,834,107
2017-06-08,IN36,693,305,27
2017-06-08,IN37,126,25,8
2017-06-08,IN38,30,4,1
2017-06-08,IN39,70,16,0
2017-06-09,IN00,82,22,1
2017-06-09,IN01,2,2,0
2017-06-09,IN02,298,87,4
2017-06-09,IN03,51,11,0
2017-06-09,IN07,1597,517,55
2017-06-09,IN09,174,48,6
2017-06-09,IN10,188,71,23
2017-06-09,IN11,35,13,0
2017-06-09,IN12,465,142,11
2017-06-09,IN13,214,79,5
2017-06-09,IN16,847,244,29
2017-06-09,IN18,12,2,0
2017-06-09,IN19,364,107,9
2017-06-09,IN20,53,18,0
2017-06-09,IN21,71,17,0
2017-06-09,IN22,9,1,1
2017-06-09,IN23,93,19,2
2017-06-09,IN24,142,38,0
2017-06-09,IN25,373,119,16
2017-06-09,IN26,14,8,0
2017-06-09,IN28,477,165,24
2017-06-09,IN30,15,4,0
2017-06-09,IN31,30,3,1
2017-06-09,IN33,32,4,0
2017-06-09,IN34,150,47,2
2017-06-09,IN35,1194,615,81
2017-06-09,IN36,604,207,14
2017-06-09,IN37,48,14,0
2017-06-09,IN38,12,1,0
2017-06-09,IN39,103,22,1
2017-06-10,IN00,89,29,6
2017-06-10,IN01,11,0,0
2017-06-10,IN02,200,76,1
2017-06-10,IN03,71,16,0
2017-06-10,IN07,1000,309,28
2017-06-10,IN09,161,65,5
2017-06-10,IN10,143,51,4
2017-06-10,IN11,34,8,1
2017-06-10,IN12,263,111,2
2017-06-10,IN13,126,49,1
2017-06-10,IN16,565,176,12
2017-06-10,IN17,10,2,0
2017-06-10,IN18,6,4,0
2017-06-10,IN19,318,74,3
2017-06-10,IN20,129,31,0
2017-06-10,IN21,96,35,10
2017-06-10,IN23,132,45,4
2017-06-10,IN24,185,71,3
2017-06-10,IN25,406,126,18
2017-06-10,IN26,19,9,0
2017-06-10,IN28,345,122,20
2017-06-10,IN30,5,4,0
2017-06-10,IN31,1,0,0
2017-06-10,IN33,5,1,0
2017-06-10,IN34,144,42,1
2017-06-10,IN35,1049,476,89
2017-06-10,IN36,494,217,43
2017-06-10,IN37,177,66,5
2017-06-10,IN38,13,2,0
2017-06-10,IN39,189,73,4
2017-06-11,IN00,83,22,5
2017-06-11,IN02,142,45,2
2017-06-11,IN03,52,13,0
2017-06-11,IN05,3,1,0
2017-06-11,IN06,2,0,0
2017-06-11,IN07,799,229,15
2017-06-11,IN09,111,32,3
2017-06-11,IN10,94,27,2
2017-06-11,IN11,9,1,0
2017-06-11,IN12,270,116,4
2017-06-11,IN13,143,55,2
2017-06-11,IN16,486,147,12
2017-06-11,IN18,4,1,0
2017-06-11,IN19,297,82,8
2017-06-11,IN20,63,16,0
2017-06-11,IN21,60,10,0
2017-06-11,IN22,18,4,0
2017-06-11,IN23,102,52,3
2017-06-11,IN24,85,22,3
2017-06-11,IN25,214,48,0
2017-06-11,IN26,8,4,3
2017-06-11,IN28,178,49,4
2017-06-11,IN30,8,0,0
2017-06-11,IN31,2,0,0
2017-06-11,IN33,9,6,0
2017-06-11,IN34,122,26,0
2017-06-11,IN35,782,274,44
2017-06-11,IN36,347,127,16
2017-06-11,IN37,56,14,0
2017-06-11,IN38,7,1,0
2017-06-11,IN39,61,18,0
2017-06-12,IN00,127,35,1
2017-06-12,IN01,28,3,1
2017-06-12,IN02,249,55,8
2017-06-12,IN03,76,21,0
2017-06-12,IN06,2,0,0
2017-06-12,IN07,1339,353,13
2017-06-12,IN09,148,26,1
2017-06-12,IN10,161,47,4
2017-06-12,IN11,44,19,3
2017-06-12,IN12,261,89,7
2017-06-12,IN13,158,48,5
2017-06-12,IN14,5,2,0
2017-06-12,IN16,941,240,7
2017-06-12,IN17,18,6,0
2017-06-12,IN18,4,4,0
2017-06-12,IN19,582,206,10
2017-06-12,IN20,88,19,0
2017-06-12,IN21,95,16,3
2017-06-12,IN22,6,1,0
2017-06-12,IN23,148,57,16
2017-06-12,IN24,199,50,4
2017-06-12,IN25,363,127,2
2017-06-12,IN26,27,12,0
2017-06-12,IN28,308,133,4
2017-06-12,IN30,15,6,0
2017-06-12,IN31,46,6,0
2017-06-12,IN33,33,10,0
2017-06-12,IN34,218,53,1
2017-06-12,IN35,645,261,48
2017-06-12,IN36,522,125,6
2017-06-12,IN37,36,11,0
2017-06-12,IN38,37,7,0
2017-06-12,IN39,73,22,1
2017-06-13,IN00,109,21,1
2017-06-13,IN01,33,0,0
2017-06-13,IN02,258,60,4
2017-06-13,IN03,38,12,1
2017-06-13,IN06,3,0,0
2017-06-13,IN07,1207,264,17
2017-06-13,IN09,278,103,6
2017-06-13,IN10,160,63,7
2017-06-13,IN11,29,7,1
2017-06-13,IN12,343,128,3
2017-06-13,IN13,156,66,6
2017-06-13,IN16,860,315,13
2017-06-13,IN17,2,0,0
2017-06-13,IN18,8,4,0
2017-06-13,IN19,436,124,4
2017-06-13,IN20,94,22,0
2017-06-13,IN21,139,50,6
2017-06-13,IN22,22,7,1
2017-06-13,IN23,88,35,0
2017-06-13,IN24,192,71,8
2017-06-13,IN25,333,94,13
2017-06-13,IN26,12,4,1
2017-06-13,IN28,197,82,4
2017-06-13,IN30,12,3,0
2017-06-13,IN31,27,11,2
2017-06-13,IN33,11,3,0
2017-06-13,IN34,154,32,1
2017-06-13,IN35,812,378,62
2017-06-13,IN36,506,153,22
2017-06-13,IN37,50,17,0
2017-06-13,IN38,41,5,2
2017-06-13,IN39,66,23,0
2017-06-14,IN00,90,30,1
2017-06-14,IN01,25,0,0
2017-06-14,IN02,348,105,5
2017-06-14,IN03,51,12,0
2017-06-14,IN06,5,0,0
2017-06-14,IN07,1262,326,8
2017-06-14,IN09,201,54,1
2017-06-14,IN10,117,34,1
2017-06-14,IN11,18,1,0
2017-06-14,IN12,290,176,4
2017-06-14,IN13,231,62,6
2017-06-14,IN16,928,232,4
2017-06-14,IN17,15,4,0
2017-06-14,IN19,336,88,1
2017-06-14,IN20,54,2,0
2017-06-14,IN21,89,28,7
2017-06-14,IN22,23,9,0
2017-06-14,IN23,47,18,3
2017-06-14,IN24,206,72,0
2017-06-14,IN25,429,134,18
2017-06-14,IN26,36,25,9
2017-06-14,IN28,202,52,5
2017-06-14,IN30,1,0,0
2017-06-14,IN31,27,6,0
2017-06-14,IN32,4,2,0
2017-06-14,IN33,26,9,0
2017-06-14,IN34,210,40,4
2017-06-14,IN35,890,287,27
2017-06-14,IN36,646,205,14
2017-06-14,IN37,66,25,5
2017-06-14,IN38,27,12,2
2017-06-14,IN39,67,25,0
2017-06-15,IN00,128,36,3
2017-06-15,IN01,12,1,0
2017-06-15,IN02,380,132,2
2017-06-15,IN03,42,11,0
2017-06-15,IN06,1,0,0
2017-06-15,IN07,1435,343,21
2017-06-15,IN09,150,62,7
2017-06-15,IN10,253,115,10
2017-06-15,IN11,56,17,3
2017-06-15,IN12,258,97,1
2017-06-15,IN13,218,66,3
2017-06-15,IN14,3,1,0
2017-06-15,IN16,1193,341,8
2017-06-15,IN17,5,3,0
2017-06-15,IN18,6,1,0
2017-06-15,IN19,417,77,1
2017-06-15,IN20,46,14,0
2017-06-15,IN21,134,31,5
2017-06-15,IN22,13,2,1
2017-06-15,IN23,119,46,5
2017-06-15,IN24,419,101,9
2017-06-15,IN25,398,128,17
2017-06-15,IN26,15,10,0
2017-06-15,IN28,389,170,12
2017-06-15,IN30,3,1,0
2017-06-15,IN31,24,6,0
2017-06-15,IN33,34,15,0
2017-06-15,IN34,176,48,0
2017-06-15,IN35,483,186,28
2017-06-15,IN36,530,140,14
2017-06-15,IN37,40,11,0
2017-06-15,IN38,23,7,0
2017-06-15,IN39,64,20,2
2017-06-16,IN00,143,42,3
2017-06-16,IN01,14,3,0
2017-06-16,IN02,490,214,15
2017-06-16,IN03,60,20,0
2017-06-16,IN06,12,0,0
2017-06-16,IN07,1630,393,22
2017-06-16,IN09,254,72,11
2017-06-16,IN10,192,85,20
2017-06-16,IN11,38,18,0
2017-06-16,IN12,613,352,17
2017-06-16,IN13,121,25,2
2017-06-16,IN14,1,1,0
2017-06-16,IN16,1609,477,12
2017-06-16,IN18,6,2,0
2017-06-16,IN19,496,112,10
2017-06-16,IN20,30,2,0
2017-06-16,IN21,58,16,2
2017-06-16,IN22,44,11,0
2017-06-16,IN23,72,24,4
2017-06-16,IN24,552,109,1
2017-06-16,IN25,388,161,23
2017-06-16,IN26,21,9,0
2017-06-16,IN28,278,102,10
2017-06-16,IN30,5,0,0
2017-06-16,IN33,21,7,2
2017-06-16,IN34,275,86,9
2017-06-16,IN35,417,196,58
2017-06-16,IN36,493,136,22
2017-06-16,IN37,55,3,0
2017-06-16,IN38,50,13,0
2017-06-16,IN39,61,12,0
2017-06-17,IN00,86,28,0
2017-06-17,IN01,10,4,0
2017-06-17,IN02,308,82,1
2017-06-17,IN03,30,10,0
2017-06-17,IN05,1,1,0
2017-06-17,IN06,16,8,1
2017-06-17,IN07,959,337,22
2017-06-17,IN09,171,57,3
2017-06-17,IN10,126,74,5
2017-06-17,IN11,29,10,2
2017-06-17,IN12,567,302,11
2017-06-17,IN13,156,37,2
2017-06-17,IN16,871,296,3
2017-06-17,IN17,28,3,1
2017-06-17,IN19,302,67,3
2017-06-17,IN20,17,1,0
2017-06-17,IN21,98,31,3
2017-06-17,IN22,34,16,0
2017-06-17,IN23,61,24,0
2017-06-17,IN24,258,74,1
2017-06-17,IN25,377,120,3
2017-06-17,IN26,15,3,0
2017-06-17,IN28,445,208,15
2017-06-17,IN30,9,0,0
2017-06-17,IN31,1,0,0
2017-06-17,IN33,10,2,0
2017-06-17,IN34,165,54,0
2017-06-17,IN35,325,120,11
2017-06-17,IN36,338,105,8
2017-06-17,IN37,20,10,1
2017-06-17,IN38,41,6,0
2017-06-17,IN39,32,13,2
2017-06-18,IN00,86,31,0
2017-06-18,IN01,1,0,0
2017-06-18,IN02,230,63,1
2017-06-18,IN03,30,12,0
2017-06-18,IN06,8,1,1
2017-06-18,IN07,680,197,9
2017-06-18,IN09,144,48,7
2017-06-18,IN10,137,58,5
2017-06-18,IN11,10,6,0
2017-06-18,IN12,302,111,4
2017-06-18,IN13,120,34,1
2017-06-18,IN16,728,223,3
2017-06-18,IN17,13,4,1
2017-06-18,IN18,2,0,0
2017-06-18,IN19,265,36,0
2017-06-18,IN20,7,3,0
2017-06-18,IN21,39,21,4
2017-06-18,IN22,10,2,0
2017-06-18,IN23,63,22,1
2017-06-18,IN24,366,43,2
2017-06-18,IN25,198,61,4
2017-06-18,IN26,8,1,0
2017-06-18,IN28,412,174,23
2017-06-18,IN30,3,2,0
2017-06-18,IN31,1,1,1
2017-06-18,IN33,22,7,0
2017-06-18,IN34,73,35,1
2017-06-18,IN35,155,69,2
2017-06-18,IN36,408,135,16
2017-06-18,IN37,21,5,2
2017-06-18,IN38,9,4,0
2017-06-18,IN39,48,18,1
2017-06-19,IN00,122,33,0
2017-06-19,IN01,5,4,1
2017-06-19,IN02,405,81,0
2017-06-19,IN03,23,13,1
2017-06-19,IN06,12,0,0
2017-06-19,IN07,1707,332,9
2017-06-19,IN09,149,31,4
2017-06-19,IN10,139,37,7
2017-06-19,IN11,12,1,0
2017-06-19,IN12,254,84,1
2017-06-19,IN13,156,29,2
2017-06-19,IN14,2,0,0
2017-06-19,IN16,1023,311,22
2017-06-19,IN17,56,19,0
2017-06-19,IN18,3,1,0
2017-06-19,IN19,394,70,1
2017-06-19,IN20,49,16,2
2017-06-19,IN21,180,36,2
2017-06-19,IN22,34,2,0
2017-06-19,IN23,83,35,1
2017-06-19,IN24,509,99,6
2017-06-19,IN25,375,108,5
2017-06-19,IN26,52,15,0
2017-06-19,IN28,537,138,15
2017-06-19,IN30,34,6,0
2017-06-19,IN31,3,1,0
2017-06-19,IN33,31,15,0
2017-06-19,IN34,1089,203,2
2017-06-19,IN35,287,105,8
2017-06-19,IN36,927,227,26
2017-06-19,IN37,29,12,4
2017-06-19,IN38,19,4,0
2017-06-19,IN39,65,11,0
2017-06-20,IN00,129,41,0
2017-06-20,IN01,23,1,0
2017-06-20,IN02,280,63,1
2017-06-20,IN03,58,9,3
2017-06-20,IN05,2,0,0
2017-06-20,IN06,11,2,0
2017-06-20,IN07,1449,362,14
2017-06-20,IN09,146,33,1
2017-06-20,IN10,233,70,12
2017-06-20,IN11,40,11,0
2017-06-20,IN12,198,86,1
2017-06-20,IN13,178,49,6
2017-06-20,IN16,1007,242,16
2017-06-20,IN17,14,2,0
2017-06-20,IN18,2,0,0
2017-06-20,IN19,379,110,14
2017-06-20,IN20,29,6,2
2017-06-20,IN21,133,33,1
2017-06-20,IN22,16,3,0
2017-06-20,IN23,119,46,0
2017-06-20,IN24,392,64,3
2017-06-20,IN25,415,167,2
2017-06-20,IN26,75,20,0
2017-06-20,IN28,584,186,16
2017-06-20,IN30,34,7,0
2017-06-20,IN31,17,1,0
2017-06-20,IN33,8,3,0
2017-06-20,IN34,784,122,2
2017-06-20,IN35,150,42,10
2017-06-20,IN36,951,173,12
2017-06-20,IN37,34,13,2
2017-06-20,IN38,22,8,1
2017-06-20,IN39,69,15,0
2017-06-21,IN00,111,27,0
2017-06-21,IN01,10,2,2
2017-06-21,IN02,314,75,6
2017-06-21,IN03,49,11,0
2017-06-21,IN07,1501,381,18
2017-06-21,IN09,256,55,4
2017-06-21,IN10,204,58,11
2017-06-21,IN11,48,1,0
2017-06-21,IN12,333,118,1
2017-06-21,IN13,196,59,4
2017-06-21,IN14,1,1,0
2017-06-21,IN16,890,232,20
2017-06-21,IN17,4,1,0
2017-06-21,IN18,2,2,0
2017-06-21,IN19,421,104,9
2017-06-21,IN20,29,5,0
2017-06-21,IN21,100,21,3
2017-06-21,IN22,19,2,0
2017-06-21,IN23,135,55,5
2017-06-21,IN24,238,48,0
2017-06-21,IN25,560,210,3
2017-06-21,IN26,6,2,0
2017-06-21,IN28,559,214,8
2017-06-21,IN30,11,1,0
2017-06-21,IN31,13,0,0
2017-06-21,IN33,25,5,0
2017-06-21,IN34,677,115,3
2017-06-21,IN35,294,124,42
2017-06-21,IN36,925,217,34
2017-06-21,IN37,46,15,0
2017-06-21,IN38,15,9,0
2017-06-21,IN39,51,11,0
2017-06-22,IN00,110,23,0
2017-06-22,IN01,9,0,0
2017-06-22,IN02,274,73,6
2017-06-22,IN03,83,18,1
2017-06-22,IN06,7,4,0
2017-06-22,IN07,1397,281,9
2017-06-22,IN09,187,42,0
2017-06-22,IN10,162,44,1
2017-06-22,IN11,45,7,3
2017-06-22,IN12,401,198,6
2017-06-22,IN13,173,41,2
2017-06-22,IN14,3,1,0
2017-06-22,IN16,1063,318,44
2017-06-22,IN17,3,0,0
2017-06-22,IN19,488,156,8
2017-06-22,IN20,13,3,0
2017-06-22,IN21,104,9,1
2017-06-22,IN22,29,5,0
2017-06-22,IN23,77,12,0
2017-06-22,IN24,221,62,0
2017-06-22,IN25,426,104,9
2017-06-22,IN26,10,1,0
2017-06-22,IN28,288,110,3
2017-06-22,IN30,16,2,0
2017-06-22,IN33,34,11,0
2017-06-22,IN34,692,136,11
2017-06-22,IN35,285,108,6
2017-06-22,IN36,465,105,4
2017-06-22,IN37,28,4,0
2017-06-22,IN38,31,7,0
2017-06-22,IN39,28,6,0
2017-06-23,IN00,93,20,0
2017-06-23,IN01,9,0,0
2017-06-23,IN02,339,86,0
2017-06-23,IN03,40,18,0
2017-06-23,IN06,9,1,0
2017-06-23,IN07,1572,310,4
2017-06-23,IN09,167,37,2
2017-06-23,IN10,217,84,7
2017-06-23,IN11,19,4,0
2017-06-23,IN12,632,259,17
2017-06-23,IN13,112,22,1
2017-06-23,IN16,871,290,11
2017-06-23,IN17,21,7,1
2017-06-23,IN19,384,145,4
2017-06-23,IN20,10,7,0
2017-06-23,IN21,73,15,5
2017-06-23,IN22,17,3,0
2017-06-23,IN23,50,26,0
2017-06-23,IN24,219,47,0
2017-06-23,IN25,442,125,7
2017-06-23,IN26,14,0,0
2017-06-23,IN28,325,124,11
2017-06-23,IN30,9,0,0
2017-06-23,IN31,9,5,0
2017-06-23,IN33,8,3,1
2017-06-23,IN34,472,106,10
2017-06-23,IN35,243,80,2
2017-06-23,IN36,529,111,1
2017-06-23,IN37,54,14,0
2017-06-23,IN38,46,14,1
2017-06-23,IN39,100,11,1
2017-06-24,IN00,131,24,0
2017-06-24,IN01,15,2,0
2017-06-24,IN02,222,49,0
2017-06-24,IN03,29,10,1
2017-06-24,IN06,12,3,0
2017-06-24,IN07,1419,310,7
2017-06-24,IN09,205,59,2
2017-06-24,IN10,274,81,0
2017-06-24,IN11,20,5,0
2017-06-24,IN12,461,188,5
2017-06-24,IN13,131,57,1
2017-06-24,IN16,705,196,7
2017-06-24,IN17,9,3,0
2017-06-24,IN19,458,132,5
2017-06-24,IN20,14,2,0
2017-06-24,IN21,50,7,0
2017-06-24,IN22,14,3,0
2017-06-24,IN23,57,11,0
2017-06-24,IN24,228,73,2
2017-06-24,IN25,345,101,5
2017-06-24,IN26,23,8,6
2017-06-24,IN28,224,77,3
2017-06-24,IN30,2,1,0
2017-06-24,IN31,4,3,0
2017-06-24,IN33,16,5,0
2017-06-24,IN34,281,65,1
2017-06-24,IN35,330,101,4
2017-06-24,IN36,506,105,5
2017-06-24,IN37,29,15,0
2017-06-24,IN38,31,4,3
2017-06-24,IN39,47,5,0
2017-06-25,IN00,78,21,2
2017-06-25,IN01,8,4,0
2017-06-25,IN02,273,84,3
2017-06-25,IN03,21,3,0
2017-06-25,IN06,1,0,0
2017-06-25,IN07,1073,267,6
2017-06-25,IN09,170,31,0
2017-06-25,IN10,222,86,0
2017-06-25,IN11,5,0,0
2017-06-25,IN12,483,234,4
2017-06-25,IN13,97,36,0
2017-06-25,IN16,447,156,5
2017-06-25,IN17,9,3,0
2017-06-25,IN18,4,1,0
2017-06-25,IN19,292,83,0
2017-06-25,IN20,15,4,0
2017-06-25,IN21,51,15,0
2017-06-25,IN22,16,3,0
2017-06-25,IN23,41,5,0
2017-06-25,IN24,193,66,4
2017-06-25,IN25,151,42,0
2017-06-25,IN26,9,2,0
2017-06-25,IN28,126,42,4
2017-06-25,IN30,4,1,0
2017-06-25,IN33,7,1,0
2017-06-25,IN34,202,62,1
2017-06-25,IN35,103,39,2
2017-06-25,IN36,565,149,17
2017-06-25,IN37,51,29,2
2017-06-25,IN38,8,5,0
2017-06-25,IN39,70,14,1
2017-06-26,IN00,268,48,1
2017-06-26,IN01,10,1,1
2017-06-26,IN02,274,62,5
2017-06-26,IN03,42,8,0
2017-06-26,IN05,2,0,0
2017-06-26,IN06,4,2,0
2017-06-26,IN07,1404,341,25
2017-06-26,IN09,155,22,0
2017-06-26,IN10,344,133,8
2017-06-26,IN11,6,0,0
2017-06-26,IN12,657,232,10
2017-06-26,IN13,96,29,0
2017-06-26,IN16,886,237,9
2017-06-26,IN17,16,1,0
2017-06-26,IN19,485,133,5
2017-06-26,IN20,33,12,0
2017-06-26,IN21,72,17,3
2017-06-26,IN22,11,0,0
2017-06-26,IN23,85,15,3
2017-06-26,IN24,181,41,4
2017-06-26,IN25,324,80,2
2017-06-26,IN26,39,12,1
2017-06-26,IN28,207,54,6
2017-06-26,IN30,9,0,0
2017-06-26,IN31,5,2,0
2017-06-26,IN33,21,7,0
2017-06-26,IN34,200,61,1
2017-06-26,IN35,205,60,9
2017-06-26,IN36,542,134,19
2017-06-26,IN37,37,14,3
2017-06-26,IN38,20,3,0
2017-06-26,IN39,121,28,0
2017-06-27,IN00,221,91,10
2017-06-27,IN01,7,1,0
2017-06-27,IN02,254,54,4
2017-06-27,IN03,38,9,0
2017-06-27,IN06,15,0,0
2017-06-27,IN07,1380,372,22
2017-06-27,IN09,304,73,2
2017-06-27,IN10,181,72,13
2017-06-27,IN11,53,9,0
2017-06-27,IN12,538,196,16
2017-06-27,IN13,84,23,1
2017-06-27,IN16,844,263,6
2017-06-27,IN17,17,0,0
2017-06-27,IN18,7,1,0
2017-06-27,IN19,377,77,1
2017-06-27,IN20,1,1,0
2017-06-27,IN21,70,21,11
2017-06-27,IN22,15,0,0
2017-06-27,IN23,212,38,1
2017-06-27,IN24,113,36,7
2017-06-27,IN25,231,69,5
2017-06-27,IN28,138,48,6
2017-06-27,IN30,3,0,0
2017-06-27,IN31,4,0,0
2017-06-27,IN33,14,5,0
2017-06-27,IN34,171,63,3
2017-06-27,IN35,215,64,3
2017-06-27,IN36,458,136,8
2017-06-27,IN37,24,6,0
2017-06-27,IN38,18,2,0
2017-06-27,IN39,65,27,0
2017-06-28,IN00,271,83,4
2017-06-28,IN01,12,2,0
2017-06-28,IN02,275,84,19
2017-06-28,IN03,37,7,0
2017-06-28,IN07,1849,499,70
2017-06-28,IN09,335,86,3
2017-06-28,IN10,354,207,27
2017-06-28,IN11,19,6,0
2017-06-28,IN12,547,179,7
2017-06-28,IN13,131,50,14
2017-06-28,IN16,1235,503,40
2017-06-28,IN17,1,0,0
2017-06-28,IN19,556,165,15
2017-06-28,IN20,20,1,0
2017-06-28,IN21,52,12,2
2017-06-28,IN22,26,2,0
2017-06-28,IN23,132,42,6
2017-06-28,IN24,196,72,17
2017-06-28,IN25,345,103,8
2017-06-28,IN26,7,0,0
2017-06-28,IN28,218,76,10
2017-06-28,IN30,14,3,0
2017-06-28,IN31,1,0,0
2017-06-28,IN33,60,1,0
2017-06-28,IN34,221,86,4
2017-06-28,IN35,183,63,2
2017-06-28,IN36,467,187,22
2017-06-28,IN37,93,38,1
2017-06-28,IN38,61,40,1
2017-06-28,IN39,62,13,0
2017-06-29,IN00,253,84,2
2017-06-29,IN01,13,4,0
2017-06-29,IN02,251,82,6
2017-06-29,IN03,58,20,0
2017-06-29,IN07,1747,521,60
2017-06-29,IN09,515,145,17
2017-06-29,IN10,335,155,16
2017-06-29,IN11,6,5,0
2017-06-29,IN12,432,147,17
2017-06-29,IN13,165,34,3
2017-06-29,IN14,2,0,0
2017-06-29,IN16,923,344,35
2017-06-29,IN17,5,1,0
2017-06-29,IN18,2,0,0
2017-06-29,IN19,408,76,11
2017-06-29,IN20,10,1,0
2017-06-29,IN21,58,7,2
2017-06-29,IN22,9,3,0
2017-06-29,IN23,72,36,6
2017-06-29,IN24,131,74,3
2017-06-29,IN25,323,92,7
2017-06-29,IN26,5,3,0
2017-06-29,IN28,221,78,18
2017-06-29,IN30,9,1,0
2017-06-29,IN34,247,69,6
2017-06-29,IN35,111,43,3
2017-06-29,IN36,399,150,21
2017-06-29,IN37,45,13,0
2017-06-29,IN38,50,28,5
2017-06-29,IN39,56,16,4
2017-06-30,IN00,170,53,2
2017-06-30,IN01,8,6,1
2017-06-30,IN02,242,64,14
2017-06-30,IN03,53,15,0
2017-06-30,IN07,1606,490,46
2017-06-30,IN09,360,117,6
2017-06-30,IN10,179,70,8
2017-06-30,IN11,21,6,0
2017-06-30,IN12,408,157,23
2017-06-30,IN13,154,50,7
2017-06-30,IN14,2,0,0
2017-06-30,IN16,809,266,22
2017-06-30,IN17,2,2,0
2017-06-30,IN18,2,0,0
2017-06-30,IN19,347,113,8
2017-06-30,IN20,11,0,0
2017-06-30,IN21,43,15,1
2017-06-30,IN22,6,0,0
2017-06-30,IN23,43,11,3
2017-06-30,IN24,119,50,4
2017-06-30,IN25,339,86,10
2017-06-30,IN26,12,7,0
2017-06-30,IN28,249,83,3
2017-06-30,IN29,4,2,0
2017-06-30,IN30,6,0,0
2017-06-30,IN31,10,0,0
2017-06-30,IN33,19,3,0
2017-06-30,IN34,264,87,4
2017-06-30,IN35,167,61,10
2017-06-30,IN36,464,176,45
2017-06-30,IN37,29,7,0
2017-06-30,IN38,58,32,2
2017-06-30,IN39,56,12,0
2017-07-01,IN00,131,40,2
2017-07-01,IN02,151,40,1
2017-07-01,IN03,59,20,1
2017-07-01,IN07,1057,337,32
2017-07-01,IN09,161,41,5
2017-07-01,IN10,139,61,7
2017-07-01,IN11,8,2,0
2017-07-01,IN12,583,268,10
2017-07-01,IN13,112,29,0
2017-07-01,IN14,19,5,0
2017-07-01,IN16,623,242,19
2017-07-01,IN17,10,1,0
2017-07-01,IN18,2,2,0
2017-07-01,IN19,230,74,8
2017-07-01,IN20,14,5,0
2017-07-01,IN21,70,10,2
2017-07-01,IN22,25,1,0
2017-07-01,IN23,95,28,0
2017-07-01,IN24,117,48,10
2017-07-01,IN25,267,77,15
2017-07-01,IN26,8,1,0
2017-07-01,IN28,168,50,6
2017-07-01,IN30,1,0,0
2017-07-01,IN31,5,0,0
2017-07-01,IN33,113,7,0
2017-07-01,IN34,148,31,3
2017-07-01,IN35,132,46,4
2017-07-01,IN36,491,175,24
2017-07-01,IN37,38,14,0
2017-07-01,IN38,29,10,1
2017-07-01,IN39,58,25,1
2017-07-02,IN00,128,24,4
2017-07-02,IN02,208,40,3
2017-07-02,IN03,46,9,2
2017-07-02,IN05,3,1,0
2017-07-02,IN06,1,0,0
2017-07-02,IN07,1003,300,20
2017-07-02,IN09,142,45,2
2017-07-02,IN10,76,37,0
2017-07-02,IN11,16,5,0
2017-07-02,IN12,376,159,12
2017-07-02,IN13,75,27,1
2017-07-02,IN14,2,0,0
2017-07-02,IN16,659,220,9
2017-07-02,IN17,5,2,0
2017-07-02,IN18,2,0,0
2017-07-02,IN19,258,89,21
2017-07-02,IN20,23,4,0
2017-07-02,IN21,41,8,0
2017-07-02,IN22,36,3,0
2017-07-02,IN23,35,9,3
2017-07-02,IN24,176,74,1
2017-07-02,IN25,272,75,9
2017-07-02,IN26,19,0,0
2017-07-02,IN28,134,37,2
2017-07-02,IN30,11,1,0
2017-07-02,IN32,4,1,0
2017-07-02,IN33,107,34,10
2017-07-02,IN34,198,60,2
2017-07-02,IN35,128,31,7
2017-07-02,IN36,653,229,11
2017-07-02,IN37,44,8,0
2017-07-02,IN38,47,21,2
2017-07-02,IN39,49,14,0
2017-07-03,IN00,231,70,1
2017-07-03,IN01,1,1,0
2017-07-03,IN02,280,57,1
2017-07-03,IN03,64,17,7
2017-07-03,IN07,1598,432,25
2017-07-03,IN09,207,73,20
2017-07-03,IN10,189,81,6
2017-07-03,IN11,70,51,0
2017-07-03,IN12,563,264,13
2017-07-03,IN13,141,54,1
2017-07-03,IN16,1058,306,25
2017-07-03,IN17,14,4,0
2017-07-03,IN19,323,97,11
2017-07-03,IN20,41,10,1
2017-07-03,IN21,69,11,2
2017-07-03,IN22,3,0,0
2017-07-03,IN23,69,27,4
2017-07-03,IN24,165,75,3
2017-07-03,IN25,399,143,17
2017-07-03,IN26,37,7,0
2017-07-03,IN28,307,107,7
2017-07-03,IN30,1,0,0
2017-07-03,IN31,1,0,0
2017-07-03,IN33,56,8,0
2017-07-03,IN34,344,90,1
2017-07-03,IN35,148,36,2
2017-07-03,IN36,944,358,39
2017-07-03,IN37,60,28,2
2017-07-03,IN38,59,22,0
2017-07-03,IN39,68,21,0
2017-07-04,IN00,222,51,0
2017-07-04,IN01,9,1,0
2017-07-04,IN02,288,77,0
2017-07-04,IN03,50,21,12
2017-07-04,IN06,2,0,0
2017-07-04,IN07,1649,341,10
2017-07-04,IN09,215,80,9
2017-07-04,IN10,200,71,1
2017-07-04,IN11,73,21,0
2017-07-04,IN12,487,197,8
2017-07-04,IN13,126,37,4
2017-07-04,IN14,3,0,0
2017-07-04,IN16,1142,311,22
2017-07-04,IN17,22,5,0
2017-07-04,IN19,342,83,4
2017-07-04,IN20,5,4,0
2017-07-04,IN21,70,6,1
2017-07-04,IN22,9,3,1
2017-07-04,IN23,58,22,1
2017-07-04,IN24,158,51,0
2017-07-04,IN25,316,84,12
2017-07-04,IN26,18,7,2
2017-07-04,IN28,482,179,14
2017-07-04,IN30,2,0,0
2017-07-04,IN31,13,3,0
2017-07-04,IN33,27,7,0
2017-07-04,IN34,231,61,3
2017-07-04,IN35,244,72,2
2017-07-04,IN36,524,164,16
2017-07-04,IN37,32,9,0
2017-07-04,IN38,27,10,0
2017-07-04,IN39,77,18,0
2017-07-05,IN00,194,71,4
2017-07-05,IN01,10,1,0
2017-07-05,IN02,280,64,2
2017-07-05,IN03,53,12,2
2017-07-05,IN07,1614,394,22
2017-07-05,IN09,299,94,16
2017-07-05,IN10,137,28,2
2017-07-05,IN11,34,7,1
2017-07-05,IN12,426,135,21
2017-07-05,IN13,194,40,2
2017-07-05,IN14,3,0,0
2017-07-05,IN16,1357,327,7
2017-07-05,IN17,17,2,0
2017-07-05,IN18,1,1,0
2017-07-05,IN19,376,88,3
2017-07-05,IN20,20,8,1
2017-07-05,IN21,107,20,1
2017-07-05,IN22,64,20,1
2017-07-05,IN23,53,22,4
2017-07-05,IN24,157,70,3
2017-07-05,IN25,266,74,5
2017-07-05,IN26,10,3,0
2017-07-05,IN28,596,264,26
2017-07-05,IN30,19,0,0
2017-07-05,IN31,1,1,0
2017-07-05,IN33,17,3,0
2017-07-05,IN34,230,56,2
2017-07-05,IN35,152,29,3
2017-07-05,IN36,458,160,6
2017-07-05,IN37,28,5,0
2017-07-05,IN38,17,8,0
2017-07-05,IN39,115,24,0
2017-07-06,IN00,185,39,0
2017-07-06,IN01,11,0,0
2017-07-06,IN02,233,51,4
2017-07-06,IN03,94,21,4
2017-07-06,IN06,2,0,0
2017-07-06,IN07,1964,501,18
2017-07-06,IN09,220,68,6
2017-07-06,IN10,180,58,5
2017-07-06,IN11,25,6,0
2017-07-06,IN12,467,172,12
2017-07-06,IN13,174,52,3
2017-07-06,IN14,2,1,0
2017-07-06,IN16,1084,262,2
2017-07-06,IN17,16,3,0
2017-07-06,IN19,454,112,4
2017-07-06,IN20,48,4,0
2017-07-06,IN21,90,14,0
2017-07-06,IN22,45,20,5
2017-07-06,IN23,74,19,2
2017-07-06,IN24,108,45,2
2017-07-06,IN25,317,107,9
2017-07-06,IN26,48,9,0
2017-07-06,IN28,489,225,10
2017-07-06,IN29,2,0,0
2017-07-06,IN30,13,2,0
2017-07-06,IN31,3,0,0
2017-07-06,IN33,74,23,0
2017-07-06,IN34,387,68,1
2017-07-06,IN35,242,72,9
2017-07-06,IN36,420,104,10
2017-07-06,IN37,42,9,0
2017-07-06,IN38,71,35,0
2017-07-06,IN39,66,10,0
2017-07-07,IN00,156,30,0
2017-07-07,IN01,20,5,0
2017-07-07,IN02,195,53,3
2017-07-07,IN03,14,2,0
2017-07-07,IN07,1313,350,15
2017-07-07,IN09,260,71,10
2017-07-07,IN10,128,51,0
2017-07-07,IN11,15,9,0
2017-07-07,IN12,524,198,7
2017-07-07,IN13,94,35,0
2017-07-07,IN16,979,333,17
2017-07-07,IN17,8,1,0
2017-07-07,IN18,2,0,0
2017-07-07,IN19,397,116,12
2017-07-07,IN20,27,2,0
2017-07-07,IN21,66,8,0
2017-07-07,IN22,8,5,0
2017-07-07,IN23,73,33,5
2017-07-07,IN24,120,35,0
2017-07-07,IN25,180,55,7
2017-07-07,IN26,6,5,3
2017-07-07,IN28,544,215,8
2017-07-07,IN29,13,0,0
2017-07-07,IN30,4,1,0
2017-07-07,IN31,11,0,0
2017-07-07,IN33,71,14,0
2017-07-07,IN34,576,174,3
2017-07-07,IN35,131,39,5
2017-07-07,IN36,235,83,8
2017-07-07,IN37,24,6,0
2017-07-07,IN38,152,51,6
2017-07-07,IN39,100,32,1
2017-07-08,IN00,56,9,0
2017-07-08,IN01,4,0,0
2017-07-08,IN02,207,45,3
2017-07-08,IN03,25,8,1
2017-07-08,IN06,2,0,0
2017-07-08,IN07,1210,377,22
2017-07-08,IN09,308,80,12
2017-07-08,IN10,239,110,12
2017-07-08,IN11,24,9,2
2017-07-08,IN12,443,247,15
2017-07-08,IN13,74,17,1
2017-07-08,IN16,610,216,5
2017-07-08,IN17,11,7,0
2017-07-08,IN19,225,80,2
2017-07-08,IN20,20,3,0
2017-07-08,IN21,67,11,0
2017-07-08,IN22,34,17,10
2017-07-08,IN23,50,13,2
2017-07-08,IN24,122,39,1
2017-07-08,IN25,185,69,8
2017-07-08,IN26,12,8,1
2017-07-08,IN28,627,307,10
2017-07-08,IN31,8,0,0
2017-07-08,IN33,26,5,0
2017-07-08,IN34,325,103,0
2017-07-08,IN35,152,32,0
2017-07-08,IN36,356,118,5
2017-07-08,IN37,33,10,0
2017-07-08,IN38,91,26,0
2017-07-08,IN39,51,22,3
2017-07-09,IN00,82,33,0
2017-07-09,IN01,10,0,0
2017-07-09,IN02,201,62,6
2017-07-09,IN03,64,8,0
2017-07-09,IN06,1,0,0
2017-07-09,IN07,1141,316,14
2017-07-09,IN09,254,52,16
2017-07-09,IN10,289,136,11
2017-07-09,IN11,15,0,0
2017-07-09,IN12,401,206,9
2017-07-09,IN13,134,35,0
2017-07-09,IN16,646,236,8
2017-07-09,IN17,13,6,2
2017-07-09,IN18,6,1,0
2017-07-09,IN19,232,59,1
2017-07-09,IN20,47,15,3
2017-07-09,IN21,39,18,3
2017-07-09,IN22,12,6,0
2017-07-09,IN23,56,27,0
2017-07-09,IN24,48,21,2
2017-07-09,IN25,176,44,2
2017-07-09,IN26,12,2,0
2017-07-09,IN28,441,188,13
2017-07-09,IN29,6,0,0
2017-07-09,IN30,9,1,0
2017-07-09,IN31,23,2,0
2017-07-09,IN33,16,3,0
2017-07-09,IN34,323,95,0
2017-07-09,IN35,200,58,0
2017-07-09,IN36,357,128,11
2017-07-09,IN37,41,8,0
2017-07-09,IN38,63,16,0
2017-07-09,IN39,20,8,1
2017-07-10,IN00,135,42,3
2017-07-10,IN01,11,3,0
2017-07-10,IN02,259,58,5
2017-07-10,IN03,57,12,0
2017-07-10,IN06,6,2,0
2017-07-10,IN07,1512,433,22
2017-07-10,IN09,306,80,7
2017-07-10,IN10,174,76,10
2017-07-10,IN11,25,4,1
2017-07-10,IN12,951,476,26
2017-07-10,IN13,221,80,3
2017-07-10,IN16,1149,449,15
2017-07-10,IN17,19,7,0
2017-07-10,IN18,1,0,0
2017-07-10,IN19,347,102,3
2017-07-10,IN20,46,8,0
2017-07-10,IN21,53,19,2
2017-07-10,IN22,16,3,0
2017-07-10,IN23,70,22,1
2017-07-10,IN24,169,31,6
2017-07-10,IN25,321,71,2
2017-07-10,IN26,16,12,0
2017-07-10,IN28,381,158,11
2017-07-10,IN29,4,1,0
2017-07-10,IN30,5,1,0
2017-07-10,IN33,143,16,0
2017-07-10,IN34,623,149,0
2017-07-10,IN35,153,68,5
2017-07-10,IN36,472,190,23
2017-07-10,IN37,30,12,0
2017-07-10,IN38,74,16,0
2017-07-10,IN39,65,25,2
2017-07-11,IN00,139,54,0
2017-07-11,IN01,1,0,0
2017-07-11,IN02,292,98,5
2017-07-11,IN03,88,12,1
2017-07-11,IN06,4,2,0
2017-07-11,IN07,1489,486,32
2017-07-11,IN09,525,154,26
2017-07-11,IN10,98,38,2
2017-07-11,IN11,16,2,0
2017-07-11,IN12,1958,1006,48
2017-07-11,IN13,273,136,2
2017-07-11,IN14,4,1,0
2017-07-11,IN16,2212,996,30
2017-07-11,IN17,4,2,0
2017-07-11,IN19,315,105,2
2017-07-11,IN20,46,10,0
2017-07-11,IN21,23,11,1
2017-07-11,IN22,11,4,1
2017-07-11,IN23,35,12,1
2017-07-11,IN24,245,96,11
2017-07-11,IN25,391,128,6
2017-07-11,IN26,11,4,0
2017-07-11,IN28,342,129,12
2017-07-11,IN30,3,0,0
2017-07-11,IN31,1,1,0
2017-07-11,IN33,23,9,1
2017-07-11,IN34,429,101,1
2017-07-11,IN35,211,94,3
2017-07-11,IN36,368,146,6
2017-07-11,IN37,67,26,3
2017-07-11,IN38,74,13,0
2017-07-11,IN39,90,27,2
2017-07-12,IN00,114,39,0
2017-07-12,IN01,15,2,0
2017-07-12,IN02,251,76,4
2017-07-12,IN03,104,21,0
2017-07-12,IN05,3,3,1
2017-07-12,IN07,1133,344,27
2017-07-12,IN09,243,83,15
2017-07-12,IN10,72,26,3
2017-07-12,IN11,19,8,0
2017-07-12,IN12,1097,547,22
2017-07-12,IN13,271,137,4
2017-07-12,IN16,1511,614,33
2017-07-12,IN17,17,7,0
2017-07-12,IN18,3,2,0
2017-07-12,IN19,382,104,3
2017-07-12,IN20,21,5,0
2017-07-12,IN21,92,31,4
2017-07-12,IN22,9,0,0
2017-07-12,IN23,87,34,6
2017-07-12,IN24,272,90,3
2017-07-12,IN25,276,96,2
2017-07-12,IN26,33,14,0
2017-07-12,IN28,357,150,3
2017-07-12,IN30,22,8,2
2017-07-12,IN31,16,3,0
2017-07-12,IN33,47,14,0
2017-07-12,IN34,465,138,2
2017-07-12,IN35,151,49,0
2017-07-12,IN36,393,140,8
2017-07-12,IN37,39,10,0
2017-07-12,IN38,94,24,0
2017-07-12,IN39,59,20,0
2017-07-13,IN00,103,34,0
2017-07-13,IN01,12,5,4
2017-07-13,IN02,269,79,3
2017-07-13,IN03,122,13,1
2017-07-13,IN06,6,0,0
2017-07-13,IN07,1415,442,29
2017-07-13,IN09,211,79,3
2017-07-13,IN10,102,31,3
2017-07-13,IN11,51,22,0
2017-07-13,IN12,505,210,3
2017-07-13,IN13,213,92,4
2017-07-13,IN16,1141,453,18
2017-07-13,IN17,11,5,0
2017-07-13,IN18,3,0,0
2017-07-13,IN19,478,163,7
2017-07-13,IN20,41,8,0
2017-07-13,IN21,63,21,3
2017-07-13,IN22,19,0,0
2017-07-13,IN23,120,36,0
2017-07-13,IN24,402,169,17
2017-07-13,IN25,370,112,12
2017-07-13,IN26,21,5,0
2017-07-13,IN28,294,101,8
2017-07-13,IN30,11,2,0
2017-07-13,IN31,19,5,2
2017-07-13,IN33,40,9,0
2017-07-13,IN34,328,99,0
2017-07-13,IN35,223,78,1
2017-07-13,IN36,642,250,19
2017-07-13,IN37,50,17,0
2017-07-13,IN38,51,12,0
2017-07-13,IN39,78,23,0
2017-07-14,IN00,115,34,1
2017-07-14,IN01,6,0,0
2017-07-14,IN02,271,41,3
2017-07-14,IN03,40,9,0
2017-07-14,IN06,2,0,0
2017-07-14,IN07,1327,349,16
2017-07-14,IN09,316,93,7
2017-07-14,IN10,77,26,2
2017-07-14,IN11,48,26,1
2017-07-14,IN12,551,212,16
2017-07-14,IN13,184,73,1
2017-07-14,IN14,6,2,0
2017-07-14,IN16,1254,461,13
2017-07-14,IN17,14,2,0
2017-07-14,IN19,429,120,5
2017-07-14,IN20,60,16,0
2017-07-14,IN21,103,10,0
2017-07-14,IN22,8,0,0
2017-07-14,IN23,96,35,3
2017-07-14,IN24,330,55,4
2017-07-14,IN25,317,119,15
2017-07-14,IN26,20,6,0
2017-07-14,IN28,288,117,5
2017-07-14,IN30,1,1,0
2017-07-14,IN31,7,0,0
2017-07-14,IN33,27,3,0
2017-07-14,IN34,277,69,0
2017-07-14,IN35,216,92,5
2017-07-14,IN36,714,262,3
2017-07-14,IN37,57,17,2
2017-07-14,IN38,43,4,0
2017-07-14,IN39,65,9,1
2017-07-15,IN00,90,18,0
2017-07-15,IN01,4,0,0
2017-07-15,IN02,194,49,1
2017-07-15,IN03,62,19,0
2017-07-15,IN06,6,1,0
2017-07-15,IN07,1004,264,19
2017-07-15,IN09,288,64,5
2017-07-15,IN10,87,27,4
2017-07-15,IN11,19,11,3
2017-07-15,IN12,657,226,1
2017-07-15,IN13,216,76,4
2017-07-15,IN16,1054,319,20
2017-07-15,IN17,3,3,0
2017-07-15,IN18,6,3,0
2017-07-15,IN19,260,75,1
2017-07-15,IN20,42,10,0
2017-07-15,IN21,61,10,0
2017-07-15,IN22,11,0,0
2017-07-15,IN23,60,21,2
2017-07-15,IN24,273,52,2
2017-07-15,IN25,204,47,1
2017-07-15,IN26,19,3,0
2017-07-15,IN28,298,106,4
2017-07-15,IN30,5,0,0
2017-07-15,IN31,3,2,2
2017-07-15,IN33,49,16,0
2017-07-15,IN34,361,91,1
2017-07-15,IN35,124,36,2
2017-07-15,IN36,587,219,22
2017-07-15,IN37,42,9,1
2017-07-15,IN38,59,19,1
2017-07-15,IN39,95,19,1
2017-07-16,IN00,63,8,1
2017-07-16,IN01,4,0,0
2017-07-16,IN02,201,47,8
2017-07-16,IN03,34,11,0
2017-07-16,IN06,6,1,0
2017-07-16,IN07,888,247,24
2017-07-16,IN09,209,69,10
2017-07-16,IN10,82,32,3
2017-07-16,IN11,15,4,0
2017-07-16,IN12,554,215,3
2017-07-16,IN13,112,19,1
2017-07-16,IN16,714,230,5
2017-07-16,IN17,9,0,0
2017-07-16,IN18,10,2,0
2017-07-16,IN19,241,57,0
2017-07-16,IN20,20,1,0
2017-07-16,IN21,98,19,2
2017-07-16,IN22,3,0,0
2017-07-16,IN23,191,84,13
2017-07-16,IN24,135,28,3
2017-07-16,IN25,225,101,20
2017-07-16,IN26,8,4,0
2017-07-16,IN28,211,70,0
2017-07-16,IN30,6,1,0
2017-07-16,IN33,18,5,0
2017-07-16,IN34,251,65,1
2017-07-16,IN35,216,104,3
2017-07-16,IN36,310,83,3
2017-07-16,IN37,17,3,1
2017-07-16,IN38,20,5,0
2017-07-16,IN39,59,3,0
2017-07-17,IN00,126,39,0
2017-07-17,IN01,4,0,0
2017-07-17,IN02,390,89,5
2017-07-17,IN03,72,18,0
2017-07-17,IN06,1,0,0
2017-07-17,IN07,1442,412,25
2017-07-17,IN09,193,68,12
2017-07-17,IN10,77,20,1
2017-07-17,IN11,17,4,0
2017-07-17,IN12,648,280,10
2017-07-17,IN13,156,46,1
2017-07-17,IN16,1100,442,48
2017-07-17,IN17,20,5,0
2017-07-17,IN18,2,0,0
2017-07-17,IN19,558,172,11
2017-07-17,IN20,35,15,0
2017-07-17,IN21,139,29,3
2017-07-17,IN22,26,3,1
2017-07-17,IN23,102,31,3
2017-07-17,IN24,126,39,2
2017-07-17,IN25,388,135,4
2017-07-17,IN26,67,7,3
2017-07-17,IN28,308,99,6
2017-07-17,IN30,12,4,0
2017-07-17,IN31,4,0,0
2017-07-17,IN33,30,2,0
2017-07-17,IN34,403,111,0
2017-07-17,IN35,207,66,5
2017-07-17,IN36,669,237,11
2017-07-17,IN37,50,10,0
2017-07-17,IN38,18,3,0
2017-07-17,IN39,44,15,1
2017-07-18,IN00,94,33,0
2017-07-18,IN01,1,0,0
2017-07-18,IN02,373,101,4
2017-07-18,IN03,50,19,0
2017-07-18,IN06,3,0,0
2017-07-18,IN07,1451,465,36
2017-07-18,IN09,178,55,10
2017-07-18,IN10,87,29,4
2017-07-18,IN11,41,17,4
2017-07-18,IN12,409,173,2
2017-07-18,IN13,177,57,6
2017-07-18,IN14,1,0,0
2017-07-18,IN16,908,340,44
2017-07-18,IN17,15,5,0
2017-07-18,IN18,1,1,0
2017-07-18,IN19,598,187,27
2017-07-18,IN20,55,7,0
2017-07-18,IN21,79,11,0
2017-07-18,IN22,21,5,0
2017-07-18,IN23,56,17,2
2017-07-18,IN24,211,77,14
2017-07-18,IN25,381,126,17
2017-07-18,IN26,34,8,1
2017-07-18,IN28,266,91,2
2017-07-18,IN30,2,2,0
2017-07-18,IN33,9,2,0
2017-07-18,IN34,275,73,1
2017-07-18,IN35,146,60,4
2017-07-18,IN36,643,252,18
2017-07-18,IN37,35,2,0
2017-07-18,IN38,31,12,2
2017-07-18,IN39,39,3,0
2017-07-19,IN00,151,56,7
2017-07-19,IN01,3,0,0
2017-07-19,IN02,374,105,3
2017-07-19,IN03,73,28,1
2017-07-19,IN07,1583,483,46
2017-07-19,IN09,205,71,14
2017-07-19,IN10,206,87,4
2017-07-19,IN11,107,60,5
2017-07-19,IN12,428,177,9
2017-07-19,IN13,161,39,0
2017-07-19,IN14,2,0,0
2017-07-19,IN16,875,251,16
2017-07-19,IN17,4,1,0
2017-07-19,IN18,6,1,0
2017-07-19,IN19,583,201,20
2017-07-19,IN20,101,39,0
2017-07-19,IN21,68,23,0
2017-07-19,IN22,11,4,2
2017-07-19,IN23,86,30,1
2017-07-19,IN24,202,66,5
2017-07-19,IN25,395,161,21
2017-07-19,IN26,16,4,0
2017-07-19,IN28,297,111,4
2017-07-19,IN30,3,0,0
2017-07-19,IN31,4,0,0
2017-07-19,IN33,37,7,0
2017-07-19,IN34,237,55,0
2017-07-19,IN35,225,91,7
2017-07-19,IN36,540,213,15
2017-07-19,IN37,12,1,1
2017-07-19,IN38,22,10,0
2017-07-19,IN39,52,15,0
2017-07-20,IN00,133,25,1
2017-07-20,IN01,10,0,0
2017-07-20,IN02,263,71,0
2017-07-20,IN03,49,13,0
2017-07-20,IN07,1690,476,28
2017-07-20,IN09,232,68,2
2017-07-20,IN10,92,29,1
2017-07-20,IN11,93,36,0
2017-07-20,IN12,319,114,12
2017-07-20,IN13,174,52,1
2017-07-20,IN14,2,0,0
2017-07-20,IN16,694,194,12
2017-07-20,IN17,8,0,0
2017-07-20,IN19,417,127,12
2017-07-20,IN20,43,17,0
2017-07-20,IN21,95,25,3
2017-07-20,IN22,18,8,0
2017-07-20,IN23,120,46,5
2017-07-20,IN24,257,80,5
2017-07-20,IN25,346,94,5
2017-07-20,IN26,46,13,1
2017-07-20,IN28,204,46,8
2017-07-20,IN30,10,4,0
2017-07-20,IN31,1,1,1
2017-07-20,IN33,25,4,0
2017-07-20,IN34,292,86,3
2017-07-20,IN35,158,53,4
2017-07-20,IN36,780,247,21
2017-07-20,IN37,54,10,1
2017-07-20,IN38,19,7,0
2017-07-20,IN39,94,22,2
2017-07-21,IN00,138,46,1
2017-07-21,IN01,9,2,0
2017-07-21,IN02,261,80,5
2017-07-21,IN03,48,10,0
2017-07-21,IN07,1539,497,11
2017-07-21,IN09,331,90,6
2017-07-21,IN10,95,14,1
2017-07-21,IN11,61,19,0
2017-07-21,IN12,526,236,27
2017-07-21,IN13,196,80,0
2017-07-21,IN16,941,277,9
2017-07-21,IN17,10,2,0
2017-07-21,IN18,2,0,0
2017-07-21,IN19,368,112,7
2017-07-21,IN20,38,13,1
2017-07-21,IN21,100,21,2
2017-07-21,IN22,25,10,3
2017-07-21,IN23,80,28,4
2017-07-21,IN24,248,55,7
2017-07-21,IN25,308,73,4
2017-07-21,IN26,28,13,1
2017-07-21,IN28,229,94,4
2017-07-21,IN30,5,1,0
2017-07-21,IN31,1,1,1
2017-07-21,IN33,19,4,0
2017-07-21,IN34,303,81,2
2017-07-21,IN35,155,42,5
2017-07-21,IN36,562,152,1
2017-07-21,IN37,25,9,0
2017-07-21,IN38,24,6,0
2017-07-21,IN39,98,24,0
2017-07-22,IN00,51,13,0
2017-07-22,IN01,11,6,0
2017-07-22,IN02,266,89,4
2017-07-22,IN03,42,18,2
2017-07-22,IN05,1,1,0
2017-07-22,IN06,1,0,0
2017-07-22,IN07,1152,324,16
2017-07-22,IN09,210,66,4
2017-07-22,IN10,72,27,0
2017-07-22,IN11,49,16,3
2017-07-22,IN12,412,163,11
2017-07-22,IN13,171,79,0
2017-07-22,IN14,1,0,0
2017-07-22,IN16,652,222,8
2017-07-22,IN17,17,2,1
2017-07-22,IN19,282,92,6
2017-07-22,IN20,46,8,2
2017-07-22,IN21,83,20,2
2017-07-22,IN22,18,5,0
2017-07-22,IN23,108,20,1
2017-07-22,IN24,242,33,5
2017-07-22,IN25,227,84,11
2017-07-22,IN26,13,4,1
2017-07-22,IN28,133,47,2
2017-07-22,IN30,6,1,0
2017-07-22,IN31,9,2,1
2017-07-22,IN33,37,15,0
2017-07-22,IN34,421,50,1
2017-07-22,IN35,100,35,2
2017-07-22,IN36,563,217,9
2017-07-22,IN37,9,2,0
2017-07-22,IN38,34,13,0
2017-07-22,IN39,42,21,0
2017-07-23,IN00,96,54,0
2017-07-23,IN01,4,2,0
2017-07-23,IN02,240,73,4
2017-07-23,IN03,33,6,0
2017-07-23,IN07,1025,283,17
2017-07-23,IN09,154,39,0
2017-07-23,IN10,54,20,0
2017-07-23,IN11,26,12,0
2017-07-23,IN12,251,101,0
2017-07-23,IN13,76,35,0
2017-07-23,IN16,626,165,5
2017-07-23,IN17,12,7,0
2017-07-23,IN18,5,1,0
2017-07-23,IN19,173,53,4
2017-07-23,IN20,8,4,0
2017-07-23,IN21,44,5,0
2017-07-23,IN22,8,4,0
2017-07-23,IN23,36,17,0
2017-07-23,IN24,269,67,2
2017-07-23,IN25,249,104,5
2017-07-23,IN26,11,1,0
2017-07-23,IN28,195,63,1
2017-07-23,IN30,19,1,0
2017-07-23,IN31,7,0,0
2017-07-23,IN33,14,7,1
2017-07-23,IN34,221,54,1
2017-07-23,IN35,111,11,2
2017-07-23,IN36,308,125,6
2017-07-23,IN37,10,1,0
2017-07-23,IN38,26,2,0
2017-07-23,IN39,55,26,10
2017-07-24,IN00,147,63,1
2017-07-24,IN01,10,1,0
2017-07-24,IN02,375,108,5
2017-07-24,IN03,30,5,0
2017-07-24,IN05,1,0,0
2017-07-24,IN06,1,0,0
2017-07-24,IN07,1583,469,27
2017-07-24,IN09,217,44,1
2017-07-24,IN10,94,43,0
2017-07-24,IN11,21,5,0
2017-07-24,IN12,509,205,17
2017-07-24,IN13,215,118,2
2017-07-24,IN14,10,0,0
2017-07-24,IN16,1007,310,19
2017-07-24,IN17,15,7,0
2017-07-24,IN18,5,0,0
2017-07-24,IN19,430,92,10
2017-07-24,IN20,64,13,0
2017-07-24,IN21,100,26,0
2017-07-24,IN22,4,1,0
2017-07-24,IN23,87,38,2
2017-07-24,IN24,324,94,2
2017-07-24,IN25,391,109,12
2017-07-24,IN26,8,1,0
2017-07-24,IN28,243,90,0
2017-07-24,IN30,7,2,0
2017-07-24,IN31,3,0,0
2017-07-24,IN33,18,10,0
2017-07-24,IN34,199,52,1
2017-07-24,IN35,208,76,4
2017-07-24,IN36,543,171,13
2017-07-24,IN37,33,7,0
2017-07-24,IN38,29,14,0
2017-07-24,IN39,103,33,11
2017-07-25,IN00,145,27,0
2017-07-25,IN01,11,6,0
2017-07-25,IN02,327,85,11
2017-07-25,IN03,47,13,0
2017-07-25,IN07,1541,428,31
2017-07-25,IN09,377,72,1
2017-07-25,IN10,109,25,0
2017-07-25,IN11,28,10,1
2017-07-25,IN12,514,192,4
2017-07-25,IN13,237,101,1
2017-07-25,IN14,1,0,0
2017-07-25,IN16,1024,301,28
2017-07-25,IN17,9,5,0
2017-07-25,IN18,4,0,0
2017-07-25,IN19,387,86,4
2017-07-25,IN20,17,4,0
2017-07-25,IN21,73,15,0
2017-07-25,IN22,8,3,0
2017-07-25,IN23,87,34,8
2017-07-25,IN24,330,72,4
2017-07-25,IN25,454,111,12
2017-07-25,IN26,25,11,0
2017-07-25,IN28,440,151,9
2017-07-25,IN30,5,0,0
2017-07-25,IN31,10,0,0
2017-07-25,IN33,35,16,2
2017-07-25,IN34,250,55,0
2017-07-25,IN35,201,74,5
2017-07-25,IN36,763,215,10
2017-07-25,IN37,65,20,0
2017-07-25,IN38,53,20,0
2017-07-25,IN39,72,19,0
2017-07-26,IN00,114,40,1
2017-07-26,IN01,3,0,0
2017-07-26,IN02,311,92,10
2017-07-26,IN03,46,16,0
2017-07-26,IN06,3,0,0
2017-07-26,IN07,1610,491,14
2017-07-26,IN09,289,53,0
2017-07-26,IN10,124,27,0
2017-07-26,IN11,45,11,0
2017-07-26,IN12,536,211,2
2017-07-26,IN13,186,67,1
2017-07-26,IN14,1,0,0
2017-07-26,IN16,935,304,13
2017-07-26,IN17,7,1,0
2017-07-26,IN19,399,110,14
2017-07-26,IN20,22,7,0
2017-07-26,IN21,77,16,4
2017-07-26,IN22,20,1,0
2017-07-26,IN23,98,41,3
2017-07-26,IN24,310,90,1
2017-07-26,IN25,302,96,15
2017-07-26,IN26,26,7,0
2017-07-26,IN28,247,62,1
2017-07-26,IN30,8,1,0
2017-07-26,IN31,3,0,0
2017-07-26,IN33,15,5,2
2017-07-26,IN34,840,254,1
2017-07-26,IN35,251,99,8
2017-07-26,IN36,460,128,3
2017-07-26,IN37,68,10,0
2017-07-26,IN38,70,33,0
2017-07-26,IN39,85,15,3
2017-07-27,IN00,92,15,0
2017-07-27,IN01,2,1,0
2017-07-27,IN02,304,70,4
2017-07-27,IN03,37,3,0
2017-07-27,IN06,1,0,0
2017-07-27,IN07,1292,394,15
2017-07-27,IN09,294,88,1
2017-07-27,IN10,101,22,2
2017-07-27,IN11,39,8,0
2017-07-27,IN12,373,148,3
2017-07-27,IN13,162,44,3
2017-07-27,IN16,788,212,9
2017-07-27,IN17,10,4,0
2017-07-27,IN18,5,2,0
2017-07-27,IN19,448,84,5
2017-07-27,IN20,24,1,0
2017-07-27,IN21,76,15,0
2017-07-27,IN22,15,1,1
2017-07-27,IN23,56,28,0
2017-07-27,IN24,362,71,3
2017-07-27,IN25,363,73,9
2017-07-27,IN26,5,1,0
2017-07-27,IN28,223,60,0
2017-07-27,IN30,6,0,0
2017-07-27,IN31,4,0,0
2017-07-27,IN33,6,3,1
2017-07-27,IN34,1289,391,39
2017-07-27,IN35,128,34,2
2017-07-27,IN36,473,185,14
2017-07-27,IN37,82,10,0
2017-07-27,IN38,119,22,1
2017-07-27,IN39,109,21,0
2017-07-28,IN00,118,34,0
2017-07-28,IN01,3,1,0
2017-07-28,IN02,290,111,3
2017-07-28,IN03,56,15,4
2017-07-28,IN06,21,12,0
2017-07-28,IN07,1413,416,8
2017-07-28,IN09,397,146,4
2017-07-28,IN10,202,90,1
2017-07-28,IN11,44,20,2
2017-07-28,IN12,432,140,8
2017-07-28,IN13,181,92,2
2017-07-28,IN16,945,332,26
2017-07-28,IN17,13,1,0
2017-07-28,IN19,392,104,9
2017-07-28,IN20,34,16,0
2017-07-28,IN21,75,29,1
2017-07-28,IN22,33,3,0
2017-07-28,IN23,81,24,2
2017-07-28,IN24,306,55,1
2017-07-28,IN25,309,96,11
2017-07-28,IN26,7,3,0
2017-07-28,IN28,360,90,2
2017-07-28,IN30,9,1,0
2017-07-28,IN31,6,3,0
2017-07-28,IN33,18,5,0
2017-07-28,IN34,743,252,28
2017-07-28,IN35,200,69,7
2017-07-28,IN36,593,182,7
2017-07-28,IN37,58,11,0
2017-07-28,IN38,19,1,0
2017-07-28,IN39,62,18,1
2017-07-29,IN00,88,28,0
2017-07-29,IN01,9,3,0
2017-07-29,IN02,318,97,6
2017-07-29,IN03,77,13,1
2017-07-29,IN05,2,2,0
2017-07-29,IN06,1,1,0
2017-07-29,IN07,981,312,9
2017-07-29,IN09,290,102,1
2017-07-29,IN10,96,48,7
2017-07-29,IN11,28,10,0
2017-07-29,IN12,444,154,0
2017-07-29,IN13,131,42,3
2017-07-29,IN16,708,250,12
2017-07-29,IN17,10,8,0
2017-07-29,IN19,407,128,4
2017-07-29,IN20,32,13,3
2017-07-29,IN21,76,15,0
2017-07-29,IN22,16,3,0
2017-07-29,IN23,112,30,1
2017-07-29,IN24,154,30,3
2017-07-29,IN25,293,95,8
2017-07-29,IN26,5,2,0
2017-07-29,IN28,239,73,0
2017-07-29,IN30,2,0,0
2017-07-29,IN33,17,11,0
2017-07-29,IN34,369,129,1
2017-07-29,IN35,173,48,5
2017-07-29,IN36,710,179,8
2017-07-29,IN37,79,28,6
2017-07-29,IN38,9,3,0
2017-07-29,IN39,62,16,1
2017-07-30,IN00,80,32,1
2017-07-30,IN02,195,35,0
2017-07-30,IN03,65,14,2
2017-07-30,IN05,4,3,0
2017-07-30,IN07,845,266,20
2017-07-30,IN09,178,57,3
2017-07-30,IN10,87,30,7
2017-07-30,IN11,46,22,0
2017-07-30,IN12,379,151,12
2017-07-30,IN13,372,193,24
2017-07-30,IN16,538,185,16
2017-07-30,IN17,3,0,0
2017-07-30,IN19,359,133,7
2017-07-30,IN20,20,2,0
2017-07-30,IN21,82,21,0
2017-07-30,IN22,2,0,0
2017-07-30,IN23,69,20,0
2017-07-30,IN24,89,29,4
2017-07-30,IN25,258,76,5
2017-07-30,IN26,31,2,0
2017-07-30,IN28,116,45,5
2017-07-30,IN30,6,1,0
2017-07-30,IN31,2,0,0
2017-07-30,IN33,5,5,0
2017-07-30,IN34,340,98,6
2017-07-30,IN35,109,44,10
2017-07-30,IN36,361,93,6
2017-07-30,IN37,43,16,2
2017-07-30,IN38,8,0,0
2017-07-30,IN39,60,11,1
2017-07-31,IN00,119,35,1
2017-07-31,IN01,4,0,0
2017-07-31,IN02,407,114,8
2017-07-31,IN03,111,13,1
2017-07-31,IN06,1,0,0
2017-07-31,IN07,1393,433,21
2017-07-31,IN09,290,94,3
2017-07-31,IN10,153,49,4
2017-07-31,IN11,27,10,1
2017-07-31,IN12,525,176,42
2017-07-31,IN13,313,122,5
2017-07-31,IN14,1,0,0
2017-07-31,IN16,881,299,14
2017-07-31,IN17,2,1,0
2017-07-31,IN18,6,0,0
2017-07-31,IN19,582,208,8
2017-07-31,IN20,48,11,0
2017-07-31,IN21,55,17,1
2017-07-31,IN22,30,2,2
2017-07-31,IN23,95,59,15
2017-07-31,IN24,166,51,0
2017-07-31,IN25,320,118,4
2017-07-31,IN26,45,10,1
2017-07-31,IN28,228,89,1
2017-07-31,IN30,11,1,0
2017-07-31,IN33,16,3,0
2017-07-31,IN34,567,222,4
2017-07-31,IN35,200,85,8
2017-07-31,IN36,686,213,12
2017-07-31,IN37,39,8,0
2017-07-31,IN38,12,3,0
2017-07-31,IN39,124,53,1
2017-08-01,IN00,115,33,2
2017-08-01,IN01,2,0,0
2017-08-01,IN02,316,96,7
2017-08-01,IN03,163,22,0
2017-08-01,IN07,1555,415,37
2017-08-01,IN09,211,64,3
2017-08-01,IN10,163,40,0
2017-08-01,IN11,41,18,0
2017-08-01,IN12,761,398,28
2017-08-01,IN13,184,63,3
2017-08-01,IN14,6,1,0
2017-08-01,IN16,1066,386,45
2017-08-01,IN17,1,0,0
2017-08-01,IN18,4,1,0
2017-08-01,IN19,458,120,8
2017-08-01,IN20,63,3,0
2017-08-01,IN21,73,19,3
2017-08-01,IN22,2,0,0
2017-08-01,IN23,49,15,2
2017-08-01,IN24,206,68,10
2017-08-01,IN25,405,135,12
2017-08-01,IN26,26,15,1
2017-08-01,IN28,157,52,2
2017-08-01,IN30,1,0,0
2017-08-01,IN31,11,3,0
2017-08-01,IN33,34,17,0
2017-08-01,IN34,446,162,5
2017-08-01,IN35,222,85,3
2017-08-01,IN36,593,177,10
2017-08-01,IN37,48,13,0
2017-08-01,IN38,25,7,2
2017-08-01,IN39,124,37,0
2017-08-02,IN00,136,60,0
2017-08-02,IN01,6,1,0
2017-08-02,IN02,362,137,2
2017-08-02,IN03,122,34,1
2017-08-02,IN06,4,0,0
2017-08-02,IN07,1376,389,12
2017-08-02,IN09,222,53,2
2017-08-02,IN10,252,39,0
2017-08-02,IN11,30,12,0
2017-08-02,IN12,710,304,22
2017-08-02,IN13,261,78,2
2017-08-02,IN14,3,3,0
2017-08-02,IN16,839,314,16
2017-08-02,IN17,7,1,0
2017-08-02,IN18,9,2,0
2017-08-02,IN19,899,297,16
2017-08-02,IN20,29,9,0
2017-08-02,IN21,77,20,2
2017-08-02,IN22,11,0,0
2017-08-02,IN23,87,52,3
2017-08-02,IN24,251,65,6
2017-08-02,IN25,375,115,17
2017-08-02,IN26,39,20,0
2017-08-02,IN28,269,107,7
2017-08-02,IN30,9,4,0
2017-08-02,IN31,11,6,0
2017-08-02,IN33,17,4,0
2017-08-02,IN34,333,79,6
2017-08-02,IN35,177,80,11
2017-08-02,IN36,582,139,11
2017-08-02,IN37,45,9,0
2017-08-02,IN38,11,1,0
2017-08-02,IN39,73,17,0
2017-08-03,IN00,121,38,1
2017-08-03,IN01,15,2,0
2017-08-03,IN02,362,122,3
2017-08-03,IN03,30,11,0
2017-08-03,IN07,1428,426,29
2017-08-03,IN09,272,39,1
2017-08-03,IN10,215,61,3
2017-08-03,IN11,42,15,0
2017-08-03,IN12,604,266,8
2017-08-03,IN13,252,70,4
2017-08-03,IN14,18,13,0
2017-08-03,IN16,877,282,7
2017-08-03,IN17,7,3,0
2017-08-03,IN18,10,3,0
2017-08-03,IN19,690,272,35
2017-08-03,IN20,22,9,0
2017-08-03,IN21,97,23,2
2017-08-03,IN22,15,2,0
2017-08-03,IN23,102,35,4
2017-08-03,IN24,170,38,1
2017-08-03,IN25,315,72,9
2017-08-03,IN26,18,5,0
2017-08-03,IN28,170,50,4
2017-08-03,IN30,7,4,0
2017-08-03,IN31,4,0,0
2017-08-03,IN33,23,12,0
2017-08-03,IN34,339,89,5
2017-08-03,IN35,163,60,4
2017-08-03,IN36,464,156,19
2017-08-03,IN37,71,20,1
2017-08-03,IN38,32,20,1
2017-08-03,IN39,90,32,0
2017-08-04,IN00,105,28,0
2017-08-04,IN01,7,1,0
2017-08-04,IN02,343,94,10
2017-08-04,IN03,90,19,3
2017-08-04,IN06,3,0,0
2017-08-04,IN07,1328,465,14
2017-08-04,IN09,414,149,13
2017-08-04,IN10,129,36,4
2017-08-04,IN11,36,10,0
2017-08-04,IN12,395,188,6
2017-08-04,IN13,281,101,0
2017-08-04,IN16,1006,320,8
2017-08-04,IN17,20,4,0
2017-08-04,IN18,26,3,0
2017-08-04,IN19,567,209,7
2017-08-04,IN20,19,6,0
2017-08-04,IN21,171,56,5
2017-08-04,IN22,23,2,0
2017-08-04,IN23,138,45,3
2017-08-04,IN24,250,57,10
2017-08-04,IN25,366,94,6
2017-08-04,IN26,22,0,0
2017-08-04,IN28,251,72,4
2017-08-04,IN29,1,1,0
2017-08-04,IN31,6,0,0
2017-08-04,IN33,39,12,0
2017-08-04,IN34,180,55,5
2017-08-04,IN35,224,67,4
2017-08-04,IN36,574,164,11
2017-08-04,IN37,35,7,1
2017-08-04,IN38,16,2,0
2017-08-04,IN39,105,33,0
2017-08-05,IN00,86,17,0
2017-08-05,IN01,1,1,0
2017-08-05,IN02,315,78,7
2017-08-05,IN03,68,24,0
2017-08-05,IN06,8,1,0
2017-08-05,IN07,1197,410,38
2017-08-05,IN09,365,212,39
2017-08-05,IN10,132,34,4
2017-08-05,IN11,30,9,0
2017-08-05,IN12,364,210,8
2017-08-05,IN13,170,60,0
2017-08-05,IN14,4,0,0
2017-08-05,IN16,757,265,37
2017-08-05,IN17,5,2,0
2017-08-05,IN19,581,180,9
2017-08-05,IN20,11,2,0
2017-08-05,IN21,74,20,1
2017-08-05,IN22,3,1,0
2017-08-05,IN23,98,40,1
2017-08-05,IN24,129,39,1
2017-08-05,IN25,188,72,18
2017-08-05,IN26,3,0,0
2017-08-05,IN28,182,51,3
2017-08-05,IN33,7,3,0
2017-08-05,IN34,116,40,5
2017-08-05,IN35,138,34,6
2017-08-05,IN36,545,123,14
2017-08-05,IN37,41,9,0
2017-08-05,IN38,18,3,0
2017-08-05,IN39,43,15,4
2017-08-06,IN00,90,25,1
2017-08-06,IN01,2,0,0
2017-08-06,IN02,278,98,5
2017-08-06,IN03,55,16,5
2017-08-06,IN05,4,1,1
2017-08-06,IN07,874,290,14
2017-08-06,IN09,287,121,30
2017-08-06,IN10,265,98,14
2017-08-06,IN11,25,7,0
2017-08-06,IN12,269,153,3
2017-08-06,IN13,295,94,8
2017-08-06,IN16,689,249,17
2017-08-06,IN17,8,3,0
2017-08-06,IN19,432,123,6
2017-08-06,IN20,15,5,0
2017-08-06,IN21,65,18,3
2017-08-06,IN22,10,0,0
2017-08-06,IN23,66,23,3
2017-08-06,IN24,112,39,1
2017-08-06,IN25,145,41,7
2017-08-06,IN26,1,1,0
2017-08-06,IN28,156,32,5
2017-08-06,IN30,6,3,0
2017-08-06,IN31,1,0,0
2017-08-06,IN33,24,3,0
2017-08-06,IN34,128,42,0
2017-08-06,IN35,158,62,4
2017-08-06,IN36,477,186,1
2017-08-06,IN37,74,18,0
2017-08-06,IN38,9,6,0
2017-08-06,IN39,37,8,0
2017-08-07,IN00,108,33,1
2017-08-07,IN01,5,1,0
2017-08-07,IN02,277,92,2
2017-08-07,IN03,45,16,1
2017-08-07,IN05,7,4,0
2017-08-07,IN06,6,0,0
2017-08-07,IN07,1123,366,20
2017-08-07,IN09,309,78,2
2017-08-07,IN10,239,121,7
2017-08-07,IN11,42,10,0
2017-08-07,IN12,347,148,6
2017-08-07,IN13,307,138,0
2017-08-07,IN14,6,3,0
2017-08-07,IN16,1043,284,25
2017-08-07,IN17,4,0,0
2017-08-07,IN19,659,128,0
2017-08-07,IN20,13,2,1
2017-08-07,IN21,59,8,0
2017-08-07,IN22,12,0,0
2017-08-07,IN23,62,20,0
2017-08-07,IN24,175,51,6
2017-08-07,IN25,286,74,11
2017-08-07,IN26,66,8,1
2017-08-07,IN28,145,26,2
2017-08-07,IN30,18,8,0
2017-08-07,IN31,27,15,3
2017-08-07,IN33,17,6,1
2017-08-07,IN34,173,54,2
2017-08-07,IN35,168,60,18
2017-08-07,IN36,561,165,8
2017-08-07,IN37,144,15,0
2017-08-07,IN38,19,4,0
2017-08-07,IN39,15,2,0
2017-08-08,IN00,141,51,3
2017-08-08,IN01,10,2,0
2017-08-08,IN02,308,80,13
2017-08-08,IN03,35,1,0
2017-08-08,IN06,1,0,0
2017-08-08,IN07,1566,478,25
2017-08-08,IN09,446,165,3
2017-08-08,IN10,300,135,15
2017-08-08,IN11,48,9,0
2017-08-08,IN12,407,146,12
2017-08-08,IN13,144,50,8
2017-08-08,IN14,7,3,0
2017-08-08,IN16,996,370,16
2017-08-08,IN17,4,0,0
2017-08-08,IN18,5,0,0
2017-08-08,IN19,717,195,14
2017-08-08,IN20,9,3,0
2017-08-08,IN21,119,36,0
2017-08-08,IN22,28,1,0
2017-08-08,IN23,78,19,0
2017-08-08,IN24,99,21,6
2017-08-08,IN25,329,99,6
2017-08-08,IN26,23,0,0
2017-08-08,IN28,142,38,1
2017-08-08,IN30,13,7,0
2017-08-08,IN31,2,0,0
2017-08-08,IN33,14,1,0
2017-08-08,IN34,242,79,1
2017-08-08,IN35,246,102,11
2017-08-08,IN36,565,167,17
2017-08-08,IN37,82,20,0
2017-08-08,IN38,3,0,0
2017-08-08,IN39,52,21,0
2017-08-09,IN00,95,27,0
2017-08-09,IN01,7,1,0
2017-08-09,IN02,332,87,6
2017-08-09,IN03,41,16,0
2017-08-09,IN05,3,1,0
2017-08-09,IN07,1577,446,23
2017-08-09,IN09,387,152,2
2017-08-09,IN10,244,90,0
2017-08-09,IN11,30,10,0
2017-08-09,IN12,466,161,4
2017-08-09,IN13,219,65,7
2017-08-09,IN14,4,0,0
2017-08-09,IN16,1331,440,65
2017-08-09,IN17,17,7,0
2017-08-09,IN18,1,0,0
2017-08-09,IN19,533,154,20
2017-08-09,IN20,26,4,0
2017-08-09,IN21,77,16,0
2017-08-09,IN23,47,17,2
2017-08-09,IN24,231,51,8
2017-08-09,IN25,323,89,4
2017-08-09,IN26,17,1,0
2017-08-09,IN28,244,74,1
2017-08-09,IN30,14,3,0
2017-08-09,IN33,16,6,0
2017-08-09,IN34,351,100,11
2017-08-09,IN35,205,82,3
2017-08-09,IN36,541,189,9
2017-08-09,IN37,42,19,0
2017-08-09,IN38,22,9,0
2017-08-09,IN39,93,22,0
2017-08-10,IN00,132,40,1
2017-08-10,IN01,1,0,0
2017-08-10,IN02,329,72,7
2017-08-10,IN03,42,9,1
2017-08-10,IN07,1673,502,29
2017-08-10,IN09,181,51,2
2017-08-10,IN10,153,63,2
2017-08-10,IN11,16,3,0
2017-08-10,IN12,445,128,8
2017-08-10,IN13,200,63,0
2017-08-10,IN14,2,0,0
2017-08-10,IN16,987,362,21
2017-08-10,IN17,5,0,0
2017-08-10,IN18,10,0,0
2017-08-10,IN19,373,81,8
2017-08-10,IN20,16,4,0
2017-08-10,IN21,75,22,4
2017-08-10,IN22,9,1,0
2017-08-10,IN23,97,37,0
2017-08-10,IN24,157,53,3
2017-08-10,IN25,436,126,4
2017-08-10,IN26,36,7,5
2017-08-10,IN28,203,56,4
2017-08-10,IN29,1,0,0
2017-08-10,IN30,8,2,0
2017-08-10,IN31,18,10,4
2017-08-10,IN33,15,5,0
2017-08-10,IN34,419,102,5
2017-08-10,IN35,259,73,2
2017-08-10,IN36,511,133,8
2017-08-10,IN37,52,24,9
2017-08-10,IN38,65,24,4
2017-08-10,IN39,47,11,0
2017-08-11,IN00,160,33,0
2017-08-11,IN01,6,1,0
2017-08-11,IN02,423,97,4
2017-08-11,IN03,114,31,2
2017-08-11,IN05,6,3,0
2017-08-11,IN06,3,0,0
2017-08-11,IN07,1657,461,18
2017-08-11,IN09,201,73,8
2017-08-11,IN10,106,53,9
2017-08-11,IN11,17,0,0
2017-08-11,IN12,453,139,12
2017-08-11,IN13,220,66,2
2017-08-11,IN14,1,1,0
2017-08-11,IN16,921,336,8
2017-08-11,IN17,8,4,3
2017-08-11,IN19,419,100,16
2017-08-11,IN20,16,3,0
2017-08-11,IN21,53,12,0
2017-08-11,IN22,4,2,1
2017-08-11,IN23,153,25,1
2017-08-11,IN24,148,32,3
2017-08-11,IN25,502,126,3
2017-08-11,IN26,17,3,0
2017-08-11,IN28,212,63,6
2017-08-11,IN30,20,3,1
2017-08-11,IN31,2,0,0
2017-08-11,IN33,17,5,0
2017-08-11,IN34,616,168,5
2017-08-11,IN35,144,41,2
2017-08-11,IN36,835,246,7
2017-08-11,IN37,34,5,0
2017-08-11,IN38,32,9,0
2017-08-11,IN39,49,6,0
2017-08-12,IN00,183,39,1
2017-08-12,IN01,10,1,0
2017-08-12,IN02,191,74,0
2017-08-12,IN03,80,31,2
2017-08-12,IN06,3,1,0
2017-08-12,IN07,1118,308,14
2017-08-12,IN09,170,58,2
2017-08-12,IN10,100,42,5
2017-08-12,IN11,17,6,1
2017-08-12,IN12,378,153,3
2017-08-12,IN13,121,31,1
2017-08-12,IN16,551,174,9
2017-08-12,IN17,5,2,0
2017-08-12,IN19,488,83,1
2017-08-12,IN20,23,7,4
2017-08-12,IN21,75,9,1
2017-08-12,IN22,3,0,0
2017-08-12,IN23,107,31,8
2017-08-12,IN24,149,46,0
2017-08-12,IN25,316,83,7
2017-08-12,IN26,19,3,0
2017-08-12,IN28,191,54,7
2017-08-12,IN30,14,3,1
2017-08-12,IN31,14,7,2
2017-08-12,IN33,20,9,0
2017-08-12,IN34,395,96,1
2017-08-12,IN35,212,60,10
2017-08-12,IN36,1235,354,12
2017-08-12,IN37,20,5,0
2017-08-12,IN38,40,15,0
2017-08-12,IN39,68,10,0
2017-08-13,IN00,88,20,1
2017-08-13,IN02,223,45,0
2017-08-13,IN03,77,18,0
2017-08-13,IN07,1010,275,10
2017-08-13,IN09,114,33,1
2017-08-13,IN10,120,38,2
2017-08-13,IN11,41,9,0
2017-08-13,IN12,446,225,7
2017-08-13,IN13,132,21,4
2017-08-13,IN16,494,161,8
2017-08-13,IN17,21,4,0
2017-08-13,IN19,420,84,0
2017-08-13,IN20,29,10,0
2017-08-13,IN21,46,7,0
2017-08-13,IN22,3,0,0
2017-08-13,IN23,88,37,4
2017-08-13,IN24,72,29,0
2017-08-13,IN25,230,63,12
2017-08-13,IN26,24,13,0
2017-08-13,IN28,182,55,8
2017-08-13,IN29,5,1,0
2017-08-13,IN30,2,1,0
2017-08-13,IN33,20,7,0
2017-08-13,IN34,253,57,2
2017-08-13,IN35,110,25,4
2017-08-13,IN36,1029,351,19
2017-08-13,IN37,34,9,1
2017-08-13,IN38,52,19,0
2017-08-13,IN39,127,29,1
2017-08-14,IN00,117,23,0
2017-08-14,IN01,11,5,0
2017-08-14,IN02,274,76,0
2017-08-14,IN03,87,11,0
2017-08-14,IN06,1,0,0
2017-08-14,IN07,1418,411,8
2017-08-14,IN09,153,34,0
2017-08-14,IN10,114,34,2
2017-08-14,IN11,75,22,1
2017-08-14,IN12,586,184,7
2017-08-14,IN13,90,37,2
2017-08-14,IN16,765,230,11
2017-08-14,IN17,13,1,0
2017-08-14,IN18,6,4,0
2017-08-14,IN19,568,130,5
2017-08-14,IN20,35,8,0
2017-08-14,IN21,73,14,0
2017-08-14,IN22,27,9,0
2017-08-14,IN23,114,28,1
2017-08-14,IN24,127,60,1
2017-08-14,IN25,386,105,10
2017-08-14,IN26,12,4,0
2017-08-14,IN28,293,66,5
2017-08-14,IN29,9,0,0
2017-08-14,IN30,4,0,0
2017-08-14,IN31,6,1,0
2017-08-14,IN33,41,14,0
2017-08-14,IN34,353,82,1
2017-08-14,IN35,104,24,0
2017-08-14,IN36,1289,417,32
2017-08-14,IN37,41,12,0
2017-08-14,IN38,12,1,0
2017-08-14,IN39,144,47,0
2017-08-15,IN00,120,21,1
2017-08-15,IN01,4,1,1
2017-08-15,IN02,291,68,3
2017-08-15,IN03,54,5,0
2017-08-15,IN05,2,0,0
2017-08-15,IN06,1,0,0
2017-08-15,IN07,1569,415,15
2017-08-15,IN09,165,43,4
2017-08-15,IN10,96,33,0
2017-08-15,IN11,34,3,0
2017-08-15,IN12,609,196,5
2017-08-15,IN13,168,62,0
2017-08-15,IN16,713,191,13
2017-08-15,IN17,28,16,0
2017-08-15,IN18,2,1,0
2017-08-15,IN19,437,165,12
2017-08-15,IN20,30,6,0
2017-08-15,IN21,72,19,1
2017-08-15,IN22,6,0,0
2017-08-15,IN23,84,16,0
2017-08-15,IN24,94,20,3
2017-08-15,IN25,320,82,3
2017-08-15,IN26,36,15,0
2017-08-15,IN28,217,31,0
2017-08-15,IN30,3,0,0
2017-08-15,IN31,3,0,0
2017-08-15,IN33,52,12,0
2017-08-15,IN34,225,75,2
2017-08-15,IN35,138,29,4
2017-08-15,IN36,806,247,21
2017-08-15,IN37,43,8,0
2017-08-15,IN38,38,10,0
2017-08-15,IN39,79,13,0
2017-08-16,IN00,190,58,1
2017-08-16,IN01,17,3,0
2017-08-16,IN02,339,73,4
2017-08-16,IN03,84,18,0
2017-08-16,IN05,6,0,0
2017-08-16,IN06,1,0,0
2017-08-16,IN07,1539,326,14
2017-08-16,IN09,129,24,3
2017-08-16,IN10,138,49,0
2017-08-16,IN11,24,3,0
2017-08-16,IN12,608,232,9
2017-08-16,IN13,268,79,0
2017-08-16,IN16,829,236,10
2017-08-16,IN17,12,7,0
2017-08-16,IN19,552,158,10
2017-08-16,IN20,37,3,0
2017-08-16,IN21,98,21,1
2017-08-16,IN22,6,0,0
2017-08-16,IN23,83,31,3
2017-08-16,IN24,118,36,1
2017-08-16,IN25,270,75,6
2017-08-16,IN26,159,54,2
2017-08-16,IN28,277,84,5
2017-08-16,IN30,2,0,0
2017-08-16,IN31,7,1,0
2017-08-16,IN32,1,0,0
2017-08-16,IN33,35,11,0
2017-08-16,IN34,340,91,1
2017-08-16,IN35,248,58,6
2017-08-16,IN36,686,229,32
2017-08-16,IN37,37,15,0
2017-08-16,IN38,14,3,0
2017-08-16,IN39,57,11,0
2017-08-17,IN00,220,72,0
2017-08-17,IN01,12,5,0
2017-08-17,IN02,312,83,3
2017-08-17,IN03,95,19,0
2017-08-17,IN06,1,0,0
2017-08-17,IN07,1595,474,10
2017-08-17,IN09,253,48,0
2017-08-17,IN10,157,50,3
2017-08-17,IN11,37,7,0
2017-08-17,IN12,689,227,11
2017-08-17,IN13,239,60,0
2017-08-17,IN16,833,285,9
2017-08-17,IN17,4,0,0
2017-08-17,IN18,8,0,0
2017-08-17,IN19,434,123,4
2017-08-17,IN20,28,2,0
2017-08-17,IN21,75,11,0
2017-08-17,IN22,1,0,0
2017-08-17,IN23,92,22,0
2017-08-17,IN24,187,25,0
2017-08-17,IN25,461,114,5
2017-08-17,IN26,62,12,0
2017-08-17,IN28,274,102,16
2017-08-17,IN31,11,4,0
2017-08-17,IN33,38,11,0
2017-08-17,IN34,419,110,5
2017-08-17,IN35,272,88,10
2017-08-17,IN36,832,354,26
2017-08-17,IN37,34,18,0
2017-08-17,IN38,96,26,3
2017-08-17,IN39,42,9,0
2017-08-18,IN00,170,49,4
2017-08-18,IN01,1,0,0
2017-08-18,IN02,285,87,2
2017-08-18,IN03,66,16,0
2017-08-18,IN06,1,0,0
2017-08-18,IN07,1358,455,16
2017-08-18,IN09,118,28,0
2017-08-18,IN10,167,68,0
2017-08-18,IN11,16,6,0
2017-08-18,IN12,415,135,4
2017-08-18,IN13,167,43,1
2017-08-18,IN16,933,289,4
2017-08-18,IN17,13,10,2
2017-08-18,IN19,450,134,6
2017-08-18,IN20,9,2,0
2017-08-18,IN21,148,20,2
2017-08-18,IN23,28,12,0
2017-08-18,IN24,143,52,1
2017-08-18,IN25,347,80,9
2017-08-18,IN26,50,9,2
2017-08-18,IN28,165,54,2
2017-08-18,IN30,2,0,0
2017-08-18,IN31,5,0,0
2017-08-18,IN33,33,10,1
2017-08-18,IN34,332,91,1
2017-08-18,IN35,336,47,4
2017-08-18,IN36,593,210,11
2017-08-18,IN37,55,7,0
2017-08-18,IN38,34,7,2
2017-08-18,IN39,49,5,0
2017-08-19,IN00,116,26,0
2017-08-19,IN01,3,2,0
2017-08-19,IN02,279,87,6
2017-08-19,IN03,44,16,3
2017-08-19,IN06,2,0,0
2017-08-19,IN07,1113,285,13
2017-08-19,IN09,152,38,6
2017-08-19,IN10,103,38,6
2017-08-19,IN11,26,6,0
2017-08-19,IN12,398,111,3
2017-08-19,IN13,170,48,3
2017-08-19,IN14,4,1,0
2017-08-19,IN16,740,232,7
2017-08-19,IN17,17,6,0
2017-08-19,IN19,416,104,6
2017-08-19,IN20,31,4,0
2017-08-19,IN21,93,20,1
2017-08-19,IN22,11,3,0
2017-08-19,IN23,92,29,1
2017-08-19,IN24,132,48,6
2017-08-19,IN25,280,70,2
2017-08-19,IN26,23,0,0
2017-08-19,IN28,154,51,4
2017-08-19,IN30,1,0,0
2017-08-19,IN31,2,0,0
2017-08-19,IN33,9,3,0
2017-08-19,IN34,518,140,15
2017-08-19,IN35,316,53,3
2017-08-19,IN36,823,243,6
2017-08-19,IN37,76,19,1
2017-08-19,IN38,69,34,0
2017-08-19,IN39,78,20,0
2017-08-20,IN00,151,30,0
2017-08-20,IN01,2,1,0
2017-08-20,IN02,229,81,5
2017-08-20,IN03,29,6,1
2017-08-20,IN07,867,244,3
2017-08-20,IN09,75,30,1
2017-08-20,IN10,89,28,1
2017-08-20,IN11,30,11,0
2017-08-20,IN12,329,84,4
2017-08-20,IN13,96,36,0
2017-08-20,IN14,1,0,0
2017-08-20,IN16,575,183,6
2017-08-20,IN17,3,0,0
2017-08-20,IN18,1,0,0
2017-08-20,IN19,296,102,12
2017-08-20,IN20,11,1,0
2017-08-20,IN21,98,16,0
2017-08-20,IN22,1,0,0
2017-08-20,IN23,82,39,0
2017-08-20,IN24,81,23,0
2017-08-20,IN25,222,45,5
2017-08-20,IN26,23,2,2
2017-08-20,IN28,150,55,3
2017-08-20,IN30,2,0,0
2017-08-20,IN31,9,6,0
2017-08-20,IN33,32,5,0
2017-08-20,IN34,272,62,4
2017-08-20,IN35,227,41,5
2017-08-20,IN36,383,94,8
2017-08-20,IN37,23,4,0
2017-08-20,IN38,45,16,2
2017-08-20,IN39,79,9,2
2017-08-21,IN00,182,54,0
2017-08-21,IN01,5,4,0
2017-08-21,IN02,441,84,5
2017-08-21,IN03,66,15,0
2017-08-21,IN05,4,0,0
2017-08-21,IN07,1416,326,2
2017-08-21,IN09,143,50,1
2017-08-21,IN10,94,27,2
2017-08-21,IN11,21,2,0
2017-08-21,IN12,361,125,0
2017-08-21,IN13,134,40,2
2017-08-21,IN14,2,0,0
2017-08-21,IN16,1187,365,8
2017-08-21,IN17,5,0,0
2017-08-21,IN18,2,0,0
2017-08-21,IN19,455,140,8
2017-08-21,IN20,10,1,0
2017-08-21,IN21,114,16,2
2017-08-21,IN22,5,3,1
2017-08-21,IN23,69,20,0
2017-08-21,IN24,172,66,4
2017-08-21,IN25,816,156,7
2017-08-21,IN26,20,4,0
2017-08-21,IN28,304,86,5
2017-08-21,IN30,15,1,0
2017-08-21,IN31,16,2,0
2017-08-21,IN33,62,17,0
2017-08-21,IN34,379,96,3
2017-08-21,IN35,212,43,7
2017-08-21,IN36,555,140,12
2017-08-21,IN37,86,15,0
2017-08-21,IN38,25,4,0
2017-08-21,IN39,63,9,2
2017-08-22,IN00,195,63,0
2017-08-22,IN01,3,1,0
2017-08-22,IN02,259,69,3
2017-08-22,IN03,57,11,2
2017-08-22,IN07,1673,464,14
2017-08-22,IN09,163,49,2
2017-08-22,IN10,134,49,7
2017-08-22,IN11,21,6,0
2017-08-22,IN12,291,106,3
2017-08-22,IN13,98,34,4
2017-08-22,IN16,1015,326,14
2017-08-22,IN17,14,1,0
2017-08-22,IN18,6,1,0
2017-08-22,IN19,428,88,8
2017-08-22,IN20,32,8,1
2017-08-22,IN21,128,23,0
2017-08-22,IN22,20,9,0
2017-08-22,IN23,149,46,3
2017-08-22,IN24,182,51,1
2017-08-22,IN25,682,150,4
2017-08-22,IN26,33,13,1
2017-08-22,IN28,180,39,2
2017-08-22,IN30,4,0,0
2017-08-22,IN31,10,4,0
2017-08-22,IN33,21,8,0
2017-08-22,IN34,328,151,13
2017-08-22,IN35,252,66,7
2017-08-22,IN36,736,202,14
2017-08-22,IN37,62,11,1
2017-08-22,IN38,19,2,0
2017-08-22,IN39,102,20,0
2017-08-23,IN00,199,64,6
2017-08-23,IN01,3,2,1
2017-08-23,IN02,397,95,2
2017-08-23,IN03,30,7,1
2017-08-23,IN06,5,1,0
2017-08-23,IN07,1510,379,21
2017-08-23,IN09,134,20,3
2017-08-23,IN10,245,83,6
2017-08-23,IN11,22,1,0
2017-08-23,IN12,309,79,10
2017-08-23,IN13,189,69,2
2017-08-23,IN16,1221,380,10
2017-08-23,IN17,13,2,0
2017-08-23,IN18,3,0,0
2017-08-23,IN19,401,103,4
2017-08-23,IN20,69,2,0
2017-08-23,IN21,80,15,3
2017-08-23,IN22,56,14,4
2017-08-23,IN23,76,13,0
2017-08-23,IN24,185,60,1
2017-08-23,IN25,449,116,3
2017-08-23,IN26,36,13,5
2017-08-23,IN28,287,97,7
2017-08-23,IN30,4,2,0
2017-08-23,IN31,4,0,0
2017-08-23,IN33,36,15,0
2017-08-23,IN34,357,80,4
2017-08-23,IN35,313,88,1
2017-08-23,IN36,679,169,9
2017-08-23,IN37,30,6,0
2017-08-23,IN38,25,2,0
2017-08-23,IN39,76,13,1
2017-08-24,IN00,135,41,6
2017-08-24,IN01,3,3,0
2017-08-24,IN02,299,46,2
2017-08-24,IN03,80,25,1
2017-08-24,IN06,10,0,0
2017-08-24,IN07,1466,377,30
2017-08-24,IN09,123,33,1
2017-08-24,IN10,264,87,2
2017-08-24,IN11,53,13,0
2017-08-24,IN12,308,111,6
2017-08-24,IN13,106,47,3
2017-08-24,IN14,3,0,0
2017-08-24,IN16,803,221,11
2017-08-24,IN17,8,2,0
2017-08-24,IN18,5,2,1
2017-08-24,IN19,459,97,1
2017-08-24,IN20,42,3,0
2017-08-24,IN21,61,3,1
2017-08-24,IN22,52,15,0
2017-08-24,IN23,79,27,0
2017-08-24,IN24,101,46,0
2017-08-24,IN25,410,117,6
2017-08-24,IN26,21,10,3
2017-08-24,IN28,244,85,2
2017-08-24,IN30,3,0,0
2017-08-24,IN31,22,9,4
2017-08-24,IN33,15,4,0
2017-08-24,IN34,329,74,8
2017-08-24,IN35,327,110,4
2017-08-24,IN36,621,154,6
2017-08-24,IN37,41,13,0
2017-08-24,IN38,17,9,0
2017-08-24,IN39,31,1,0
2017-08-25,IN00,142,50,3
2017-08-25,IN01,7,2,0
2017-08-25,IN02,205,43,3
2017-08-25,IN03,45,10,0
2017-08-25,IN05,4,0,0
2017-08-25,IN06,4,0,0
2017-08-25,IN07,1334,478,18
2017-08-25,IN09,81,21,0
2017-08-25,IN10,997,465,16
2017-08-25,IN11,33,8,0
2017-08-25,IN12,258,96,8
2017-08-25,IN13,121,43,2
2017-08-25,IN14,3,0,0
2017-08-25,IN16,611,158,7
2017-08-25,IN17,8,2,0
2017-08-25,IN18,9,1,0
2017-08-25,IN19,293,60,5
2017-08-25,IN20,22,3,0
2017-08-25,IN21,26,7,0
2017-08-25,IN22,24,7,0
2017-08-25,IN23,178,109,3
2017-08-25,IN24,130,46,1
2017-08-25,IN25,204,56,3
2017-08-25,IN26,3,0,0
2017-08-25,IN28,220,64,9
2017-08-25,IN31,17,13,8
2017-08-25,IN33,15,5,0
2017-08-25,IN34,265,73,7
2017-08-25,IN35,200,62,3
2017-08-25,IN36,431,150,5
2017-08-25,IN37,12,3,0
2017-08-25,IN38,40,10,0
2017-08-25,IN39,47,9,1
2017-08-26,IN00,59,19,0
2017-08-26,IN01,7,5,0
2017-08-26,IN02,288,48,5
2017-08-26,IN03,12,0,0
2017-08-26,IN06,3,0,0
2017-08-26,IN07,1031,347,13
2017-08-26,IN09,114,27,0
2017-08-26,IN10,1016,425,15
2017-08-26,IN11,8,2,0
2017-08-26,IN12,433,224,8
2017-08-26,IN13,93,25,0
2017-08-26,IN14,3,0,0
2017-08-26,IN16,496,145,3
2017-08-26,IN17,4,4,0
2017-08-26,IN18,5,0,0
2017-08-26,IN19,233,55,0
2017-08-26,IN20,66,11,2
2017-08-26,IN21,26,6,0
2017-08-26,IN22,19,1,0
2017-08-26,IN23,136,62,0
2017-08-26,IN24,134,31,0
2017-08-26,IN25,220,47,1
2017-08-26,IN26,9,2,0
2017-08-26,IN28,199,55,4
2017-08-26,IN29,4,1,0
2017-08-26,IN31,6,0,0
2017-08-26,IN33,8,4,0
2017-08-26,IN34,346,69,3
2017-08-26,IN35,134,26,1
2017-08-26,IN36,412,166,5
2017-08-26,IN37,29,6,0
2017-08-26,IN38,13,4,0
2017-08-26,IN39,35,12,0
2017-08-27,IN00,52,20,0
2017-08-27,IN01,3,1,0
2017-08-27,IN02,180,64,3
2017-08-27,IN03,45,12,0
2017-08-27,IN06,1,0,0
2017-08-27,IN07,809,242,4
2017-08-27,IN09,137,37,3
2017-08-27,IN10,647,356,7
2017-08-27,IN11,9,4,1
2017-08-27,IN12,318,152,2
2017-08-27,IN13,119,47,2
2017-08-27,IN16,421,123,9
2017-08-27,IN17,3,1,0
2017-08-27,IN19,214,82,4
2017-08-27,IN20,36,8,0
2017-08-27,IN21,28,5,2
2017-08-27,IN22,16,5,0
2017-08-27,IN23,80,28,0
2017-08-27,IN24,97,26,0
2017-08-27,IN25,238,41,0
2017-08-27,IN26,15,4,0
2017-08-27,IN28,126,46,0
2017-08-27,IN33,15,1,0
2017-08-27,IN34,343,132,17
2017-08-27,IN35,64,20,1
2017-08-27,IN36,298,91,8
2017-08-27,IN37,64,12,0
2017-08-27,IN38,9,4,2
2017-08-27,IN39,32,16,1
2017-08-28,IN00,167,56,0
2017-08-28,IN01,4,1,0
2017-08-28,IN02,282,72,3
2017-08-28,IN03,35,13,0
2017-08-28,IN06,3,1,0
2017-08-28,IN07,1633,429,4
2017-08-28,IN09,302,107,1
2017-08-28,IN10,1106,589,9
2017-08-28,IN11,41,2,0
2017-08-28,IN12,356,116,8
2017-08-28,IN13,132,46,2
2017-08-28,IN14,2,0,0
2017-08-28,IN16,675,176,7
2017-08-28,IN17,13,7,2
2017-08-28,IN18,11,0,0
2017-08-28,IN19,323,76,0
2017-08-28,IN20,10,3,0
2017-08-28,IN21,93,14,0
2017-08-28,IN22,48,11,0
2017-08-28,IN23,83,37,0
2017-08-28,IN24,236,71,3
2017-08-28,IN25,348,65,4
2017-08-28,IN26,15,8,1
2017-08-28,IN28,195,50,0
2017-08-28,IN30,2,1,0
2017-08-28,IN31,14,5,3
2017-08-28,IN33,74,11,0
2017-08-28,IN34,134,38,2
2017-08-28,IN35,139,26,1
2017-08-28,IN36,419,155,3
2017-08-28,IN37,32,4,0
2017-08-28,IN38,11,2,0
2017-08-28,IN39,70,3,0
2017-08-29,IN00,127,42,0
2017-08-29,IN01,9,0,0
2017-08-29,IN02,341,95,2
2017-08-29,IN03,22,8,0
2017-08-29,IN05,5,3,0
2017-08-29,IN06,6,1,0
2017-08-29,IN07,1510,437,8
2017-08-29,IN09,197,80,0
2017-08-29,IN10,496,223,2
2017-08-29,IN11,114,59,5
2017-08-29,IN12,227,54,4
2017-08-29,IN13,156,41,0
2017-08-29,IN16,944,251,11
2017-08-29,IN17,1,0,0
2017-08-29,IN18,17,0,0
2017-08-29,IN19,357,73,2
2017-08-29,IN20,25,2,1
2017-08-29,IN21,171,35,0
2017-08-29,IN22,3,1,0
2017-08-29,IN23,27,8,0
2017-08-29,IN24,194,31,3
2017-08-29,IN25,316,67,7
2017-08-29,IN26,16,6,0
2017-08-29,IN28,235,59,4
2017-08-29,IN30,2,0,0
2017-08-29,IN31,25,3,0
2017-08-29,IN33,19,1,0
2017-08-29,IN34,187,35,10
2017-08-29,IN35,165,49,2
2017-08-29,IN36,575,234,6
2017-08-29,IN37,30,11,0
2017-08-29,IN38,13,5,0
2017-08-29,IN39,35,15,0
2017-08-30,IN00,191,47,4
2017-08-30,IN01,9,1,0
2017-08-30,IN02,333,65,8
2017-08-30,IN03,53,17,1
2017-08-30,IN06,2,0,0
2017-08-30,IN07,1538,428,10
2017-08-30,IN09,132,36,0
2017-08-30,IN10,353,153,4
2017-08-30,IN11,158,68,5
2017-08-30,IN12,257,99,3
2017-08-30,IN13,147,46,1
2017-08-30,IN16,1102,302,5
2017-08-30,IN17,21,5,0
2017-08-30,IN18,15,6,0
2017-08-30,IN19,370,97,6
2017-08-30,IN20,18,5,0
2017-08-30,IN21,95,29,0
2017-08-30,IN22,18,4,0
2017-08-30,IN23,42,16,0
2017-08-30,IN24,168,45,1
2017-08-30,IN25,424,121,5
2017-08-30,IN26,38,12,2
2017-08-30,IN28,207,50,0
2017-08-30,IN29,1,0,0
2017-08-30,IN30,11,1,0
2017-08-30,IN31,5,3,0
2017-08-30,IN33,18,4,0
2017-08-30,IN34,199,85,1
2017-08-30,IN35,122,38,0
2017-08-30,IN36,673,247,4
2017-08-30,IN37,52,13,0
2017-08-30,IN38,19,9,0
2017-08-30,IN39,38,20,1
2017-08-31,IN00,168,39,1
2017-08-31,IN01,12,7,0
2017-08-31,IN02,342,59,6
2017-08-31,IN03,34,9,2
2017-08-31,IN07,1396,299,14
2017-08-31,IN09,145,41,1
2017-08-31,IN10,201,87,2
2017-08-31,IN11,41,10,0
2017-08-31,IN12,236,83,1
2017-08-31,IN13,150,41,0
2017-08-31,IN14,2,0,0
2017-08-31,IN16,1020,276,5
2017-08-31,IN17,9,1,0
2017-08-31,IN19,229,39,6
2017-08-31,IN20,14,1,0
2017-08-31,IN21,49,16,7
2017-08-31,IN22,20,9,1
2017-08-31,IN23,85,31,2
2017-08-31,IN24,187,51,1
2017-08-31,IN25,334,79,4
2017-08-31,IN26,7,2,0
2017-08-31,IN28,224,60,0
2017-08-31,IN29,1,0,0
2017-08-31,IN30,8,1,0
2017-08-31,IN31,24,7,0
2017-08-31,IN33,14,3,0
2017-08-31,IN34,261,95,0
2017-08-31,IN35,143,39,1
2017-08-31,IN36,616,164,4
2017-08-31,IN37,28,3,1
2017-08-31,IN38,15,1,0
2017-08-31,IN39,34,17,0
2017-09-01,IN00,125,23,0
2017-09-01,IN01,16,6,0
2017-09-01,IN02,331,62,0
2017-09-01,IN03,48,5,0
2017-09-01,IN05,2,0,0
2017-09-01,IN07,1544,429,14
2017-09-01,IN09,188,58,0
2017-09-01,IN10,223,95,3
2017-09-01,IN11,69,21,3
2017-09-01,IN12,295,131,0
2017-09-01,IN13,158,36,1
2017-09-01,IN16,945,260,9
2017-09-01,IN17,18,1,0
2017-09-01,IN19,412,105,10
2017-09-01,IN20,7,0,0
2017-09-01,IN21,78,26,0
2017-09-01,IN22,30,11,0
2017-09-01,IN23,74,17,0
2017-09-01,IN24,123,37,0
2017-09-01,IN25,445,112,3
2017-09-01,IN26,13,2,0
2017-09-01,IN28,251,71,2
2017-09-01,IN29,6,0,0
2017-09-01,IN31,30,6,0
2017-09-01,IN33,10,0,0
2017-09-01,IN34,221,77,0
2017-09-01,IN35,185,59,2
2017-09-01,IN36,631,216,2
2017-09-01,IN37,15,9,0
2017-09-01,IN38,33,8,0
2017-09-01,IN39,97,46,0
2017-09-02,IN00,108,35,0
2017-09-02,IN01,8,1,0
2017-09-02,IN02,258,44,2
2017-09-02,IN03,75,24,4
2017-09-02,IN05,3,1,0
2017-09-02,IN06,4,0,0
2017-09-02,IN07,1219,280,9
2017-09-02,IN09,182,34,2
2017-09-02,IN10,181,78,0
2017-09-02,IN11,30,8,0
2017-09-02,IN12,221,104,1
2017-09-02,IN13,161,44,5
2017-09-02,IN16,577,130,9
2017-09-02,IN17,10,5,0
2017-09-02,IN19,273,66,2
2017-09-02,IN20,17,1,0
2017-09-02,IN21,68,14,1
2017-09-02,IN22,7,0,0
2017-09-02,IN23,83,17,0
2017-09-02,IN24,198,35,0
2017-09-02,IN25,433,191,54
2017-09-02,IN26,43,21,0
2017-09-02,IN28,158,53,1
2017-09-02,IN30,2,0,0
2017-09-02,IN31,32,2,0
2017-09-02,IN33,12,5,0
2017-09-02,IN34,233,55,4
2017-09-02,IN35,147,34,0
2017-09-02,IN36,728,280,1
2017-09-02,IN37,19,6,0
2017-09-02,IN38,9,0,0
2017-09-02,IN39,53,22,0
2017-09-03,IN00,87,15,1
2017-09-03,IN02,234,43,2
2017-09-03,IN03,58,16,0
2017-09-03,IN06,12,0,0
2017-09-03,IN07,1141,261,5
2017-09-03,IN09,274,23,0
2017-09-03,IN10,142,82,0
2017-09-03,IN11,57,19,0
2017-09-03,IN12,135,51,3
2017-09-03,IN13,180,43,0
2017-09-03,IN16,466,134,7
2017-09-03,IN17,2,1,0
2017-09-03,IN18,3,2,0
2017-09-03,IN19,311,79,3
2017-09-03,IN20,6,2,1
2017-09-03,IN21,130,17,0
2017-09-03,IN22,7,3,0
2017-09-03,IN23,50,18,0
2017-09-03,IN24,214,79,2
2017-09-03,IN25,429,156,40
2017-09-03,IN28,112,42,0
2017-09-03,IN30,3,2,0
2017-09-03,IN31,9,0,0
2017-09-03,IN33,29,6,0
2017-09-03,IN34,331,88,0
2017-09-03,IN35,186,51,6
2017-09-03,IN36,532,147,4
2017-09-03,IN37,44,5,0
2017-09-03,IN38,10,2,0
2017-09-03,IN39,92,29,0
2017-09-04,IN00,140,37,4
2017-09-04,IN01,8,5,0
2017-09-04,IN02,316,67,5
2017-09-04,IN03,62,15,0
2017-09-04,IN05,4,1,0
2017-09-04,IN06,9,1,1
2017-09-04,IN07,1354,417,15
2017-09-04,IN09,288,58,1
2017-09-04,IN10,183,65,0
2017-09-04,IN11,75,17,0
2017-09-04,IN12,353,153,4
2017-09-04,IN13,143,57,4
2017-09-04,IN16,806,205,15
2017-09-04,IN17,2,1,0
2017-09-04,IN18,11,4,0
2017-09-04,IN19,375,102,8
2017-09-04,IN20,9,2,0
2017-09-04,IN21,64,17,1
2017-09-04,IN22,4,2,1
2017-09-04,IN23,67,25,6
2017-09-04,IN24,167,40,4
2017-09-04,IN25,411,143,28
2017-09-04,IN26,6,0,0
2017-09-04,IN28,237,65,11
2017-09-04,IN31,27,8,0
2017-09-04,IN33,38,11,0
2017-09-04,IN34,221,74,8
2017-09-04,IN35,171,71,0
2017-09-04,IN36,769,230,22
2017-09-04,IN37,26,9,0
2017-09-04,IN38,27,14,10
2017-09-04,IN39,44,7,0
2017-09-05,IN00,170,36,1
2017-09-05,IN02,200,50,2
2017-09-05,IN03,62,16,0
2017-09-05,IN06,1,0,0
2017-09-05,IN07,1747,494,33
2017-09-05,IN09,186,45,1
2017-09-05,IN10,196,60,0
2017-09-05,IN11,58,10,0
2017-09-05,IN12,414,146,7
2017-09-05,IN13,107,20,0
2017-09-05,IN16,584,140,10
2017-09-05,IN17,10,2,0
2017-09-05,IN18,4,2,0
2017-09-05,IN19,911,498,27
2017-09-05,IN20,130,6,0
2017-09-05,IN21,64,10,0
2017-09-05,IN22,27,5,1
2017-09-05,IN23,103,32,0
2017-09-05,IN24,186,38,3
2017-09-05,IN25,506,152,30
2017-09-05,IN26,10,2,0
2017-09-05,IN28,293,91,14
2017-09-05,IN30,5,0,0
2017-09-05,IN31,91,9,0
2017-09-05,IN33,8,6,0
2017-09-05,IN34,251,96,6
2017-09-05,IN35,234,74,3
2017-09-05,IN36,609,160,19
2017-09-05,IN37,32,9,0
2017-09-05,IN38,22,2,0
2017-09-05,IN39,50,14,2
2017-09-06,IN00,214,73,1
2017-09-06,IN01,16,10,0
2017-09-06,IN02,316,99,18
2017-09-06,IN03,104,32,0
2017-09-06,IN05,2,2,0
2017-09-06,IN07,1595,538,32
2017-09-06,IN09,237,64,0
2017-09-06,IN10,194,98,9
2017-09-06,IN11,20,11,0
2017-09-06,IN12,349,136,13
2017-09-06,IN13,235,76,5
2017-09-06,IN16,829,299,21
2017-09-06,IN17,31,13,0
2017-09-06,IN18,2,0,0
2017-09-06,IN19,2552,1388,109
2017-09-06,IN20,209,24,2
2017-09-06,IN21,138,21,0
2017-09-06,IN22,21,5,0
2017-09-06,IN23,124,40,0
2017-09-06,IN24,105,32,0
2017-09-06,IN25,432,171,31
2017-09-06,IN26,55,17,0
2017-09-06,IN28,331,115,11
2017-09-06,IN29,2,1,0
2017-09-06,IN30,5,3,0
2017-09-06,IN31,44,6,0
2017-09-06,IN33,14,6,0
2017-09-06,IN34,258,120,3
2017-09-06,IN35,160,63,12
2017-09-06,IN36,666,224,14
2017-09-06,IN37,39,11,0
2017-09-06,IN38,23,6,1
2017-09-06,IN39,55,12,0
2017-09-07,IN00,121,31,0
2017-09-07,IN01,4,3,0
2017-09-07,IN02,309,86,7
2017-09-07,IN03,90,35,4
2017-09-07,IN05,4,1,0
2017-09-07,IN06,1,1,0
2017-09-07,IN07,1525,502,25
2017-09-07,IN09,172,49,0
2017-09-07,IN10,178,73,3
2017-09-07,IN11,55,11,0
2017-09-07,IN12,400,143,11
2017-09-07,IN13,126,42,4
2017-09-07,IN14,2,0,0
2017-09-07,IN16,1247,571,15
2017-09-07,IN17,19,6,0
2017-09-07,IN18,3,0,0
2017-09-07,IN19,1636,814,69
2017-09-07,IN20,18,3,0
2017-09-07,IN21,180,57,0
2017-09-07,IN22,19,3,0
2017-09-07,IN23,62,14,0
2017-09-07,IN24,118,39,0
2017-09-07,IN25,430,130,25
2017-09-07,IN26,28,14,2
2017-09-07,IN28,282,93,17
2017-09-07,IN31,3,1,0
2017-09-07,IN33,28,10,0
2017-09-07,IN34,467,187,4
2017-09-07,IN35,140,48,0
2017-09-07,IN36,471,145,6
2017-09-07,IN37,26,10,1
2017-09-07,IN38,37,11,1
2017-09-07,IN39,48,5,1
2017-09-08,IN00,143,50,2
2017-09-08,IN01,7,3,0
2017-09-08,IN02,366,92,6
2017-09-08,IN03,39,11,1
2017-09-08,IN07,1468,472,31
2017-09-08,IN09,225,46,3
2017-09-08,IN10,258,104,2
2017-09-08,IN11,30,7,0
2017-09-08,IN12,456,166,23
2017-09-08,IN13,255,74,1
2017-09-08,IN14,4,0,0
2017-09-08,IN16,957,365,6
2017-09-08,IN17,5,3,0
2017-09-08,IN19,1114,526,32
2017-09-08,IN20,31,3,0
2017-09-08,IN21,88,21,0
2017-09-08,IN22,13,4,0
2017-09-08,IN23,77,34,0
2017-09-08,IN24,202,62,3
2017-09-08,IN25,442,187,49
2017-09-08,IN26,25,2,1
2017-09-08,IN28,251,66,3
2017-09-08,IN30,6,1,0
2017-09-08,IN31,9,1,0
2017-09-08,IN33,50,18,3
2017-09-08,IN34,375,156,2
2017-09-08,IN35,165,66,1
2017-09-08,IN36,475,143,18
2017-09-08,IN37,49,9,0
2017-09-08,IN38,83,26,2
2017-09-08,IN39,35,11,1
2017-09-09,IN00,76,19,0
2017-09-09,IN01,6,2,0
2017-09-09,IN02,333,76,8
2017-09-09,IN03,70,17,2
2017-09-09,IN06,1,0,0
2017-09-09,IN07,1196,395,27
2017-09-09,IN09,163,22,2
2017-09-09,IN10,358,147,13
2017-09-09,IN11,13,2,0
2017-09-09,IN12,612,199,14
2017-09-09,IN13,159,55,0
2017-09-09,IN14,9,2,0
2017-09-09,IN16,646,255,11
2017-09-09,IN17,12,7,0
2017-09-09,IN19,642,284,10
2017-09-09,IN20,23,3,0
2017-09-09,IN21,81,25,1
2017-09-09,IN22,2,0,0
2017-09-09,IN23,108,36,0
2017-09-09,IN24,119,64,3
2017-09-09,IN25,334,101,8
2017-09-09,IN26,29,4,3
2017-09-09,IN28,232,76,4
2017-09-09,IN30,5,0,0
2017-09-09,IN31,5,1,0
2017-09-09,IN33,82,23,0
2017-09-09,IN34,134,51,1
2017-09-09,IN35,137,46,1
2017-09-09,IN36,440,153,14
2017-09-09,IN37,30,5,1
2017-09-09,IN38,52,16,1
2017-09-09,IN39,35,11,2
2017-09-10,IN00,45,12,0
2017-09-10,IN01,2,0,0
2017-09-10,IN02,325,69,5
2017-09-10,IN03,87,16,0
2017-09-10,IN05,3,1,0
2017-09-10,IN07,1117,371,13
2017-09-10,IN09,221,57,0
2017-09-10,IN10,428,178,11
2017-09-10,IN11,18,3,0
2017-09-10,IN12,490,138,4
2017-09-10,IN13,168,44,0
2017-09-10,IN16,535,167,6
2017-09-10,IN17,8,1,0
2017-09-10,IN18,4,2,0
2017-09-10,IN19,464,179,3
2017-09-10,IN20,9,1,0
2017-09-10,IN21,97,29,3
2017-09-10,IN22,3,0,0
2017-09-10,IN23,85,30,0
2017-09-10,IN24,133,48,2
2017-09-10,IN25,375,86,7
2017-09-10,IN26,7,2,0
2017-09-10,IN28,194,44,1
2017-09-10,IN30,2,0,0
2017-09-10,IN31,2,0,0
2017-09-10,IN33,96,9,1
2017-09-10,IN34,176,60,1
2017-09-10,IN35,202,74,0
2017-09-10,IN36,474,147,5
2017-09-10,IN37,17,10,0
2017-09-10,IN38,42,9,0
2017-09-10,IN39,87,13,0
2017-09-11,IN00,101,21,0
2017-09-11,IN01,8,1,0
2017-09-11,IN02,388,126,9
2017-09-11,IN03,69,8,0
2017-09-11,IN06,3,0,0
2017-09-11,IN07,1480,433,30
2017-09-11,IN09,416,51,0
2017-09-11,IN10,513,263,23
2017-09-11,IN11,32,8,0
2017-09-11,IN12,511,128,2
2017-09-11,IN13,154,43,2
2017-09-11,IN14,4,2,0
2017-09-11,IN16,874,249,15
2017-09-11,IN17,6,3,0
2017-09-11,IN18,1,1,0
2017-09-11,IN19,664,274,18
2017-09-11,IN20,8,2,0
2017-09-11,IN21,79,25,0
2017-09-11,IN22,9,2,0
2017-09-11,IN23,57,20,3
2017-09-11,IN24,146,54,2
2017-09-11,IN25,392,145,11
2017-09-11,IN26,7,2,0
2017-09-11,IN28,368,67,10
2017-09-11,IN30,5,0,0
2017-09-11,IN31,23,6,1
2017-09-11,IN33,17,8,0
2017-09-11,IN34,235,74,6
2017-09-11,IN35,175,60,16
2017-09-11,IN36,563,158,12
2017-09-11,IN37,39,15,0
2017-09-11,IN38,75,20,0
2017-09-11,IN39,88,26,5
2017-09-12,IN00,151,28,0
2017-09-12,IN01,5,1,0
2017-09-12,IN02,340,92,7
2017-09-12,IN03,12,2,0
2017-09-12,IN07,1862,527,21
2017-09-12,IN09,559,89,4
2017-09-12,IN10,408,165,10
2017-09-12,IN11,35,6,0
2017-09-12,IN12,692,240,1
2017-09-12,IN13,501,165,6
2017-09-12,IN14,3,0,0
2017-09-12,IN16,929,261,11
2017-09-12,IN17,15,1,0
2017-09-12,IN18,29,14,0
2017-09-12,IN19,710,287,16
2017-09-12,IN20,54,6,0
2017-09-12,IN21,49,14,1
2017-09-12,IN22,11,1,0
2017-09-12,IN23,83,30,3
2017-09-12,IN24,163,55,3
2017-09-12,IN25,484,143,2
2017-09-12,IN26,21,4,0
2017-09-12,IN28,355,121,9
2017-09-12,IN30,8,4,0
2017-09-12,IN31,11,3,0
2017-09-12,IN33,23,3,0
2017-09-12,IN34,204,55,3
2017-09-12,IN35,201,64,0
2017-09-12,IN36,726,237,13
2017-09-12,IN37,4,1,0
2017-09-12,IN38,18,10,0
2017-09-12,IN39,74,20,1
2017-09-13,IN00,149,31,0
2017-09-13,IN01,11,5,0
2017-09-13,IN02,323,72,3
2017-09-13,IN03,81,24,1
2017-09-13,IN05,4,3,0
2017-09-13,IN06,8,0,0
2017-09-13,IN07,1738,495,28
2017-09-13,IN09,1030,73,7
2017-09-13,IN10,402,143,9
2017-09-13,IN11,38,11,0
2017-09-13,IN12,307,123,4
2017-09-13,IN13,484,113,1
2017-09-13,IN16,985,278,13
2017-09-13,IN17,15,3,0
2017-09-13,IN18,22,12,0
2017-09-13,IN19,526,186,4
2017-09-13,IN20,46,21,0
2017-09-13,IN21,85,25,0
2017-09-13,IN22,27,7,2
2017-09-13,IN23,138,67,19
2017-09-13,IN24,194,47,4
2017-09-13,IN25,333,110,17
2017-09-13,IN26,28,9,0
2017-09-13,IN28,246,58,4
2017-09-13,IN30,12,6,0
2017-09-13,IN31,5,1,0
2017-09-13,IN33,22,1,0
2017-09-13,IN34,212,89,0
2017-09-13,IN35,140,41,1
2017-09-13,IN36,668,196,9
2017-09-13,IN37,49,7,0
2017-09-13,IN38,32,9,0
2017-09-13,IN39,90,35,0
2017-09-14,IN00,147,42,2
2017-09-14,IN01,9,1,1
2017-09-14,IN02,245,78,4
2017-09-14,IN03,91,28,1
2017-09-14,IN06,1,0,0
2017-09-14,IN07,1550,426,15
2017-09-14,IN09,556,78,4
2017-09-14,IN10,339,158,5
2017-09-14,IN11,27,4,0
2017-09-14,IN12,491,234,13
2017-09-14,IN13,182,32,0
2017-09-14,IN16,1137,394,32
2017-09-14,IN17,10,3,0
2017-09-14,IN18,1,1,0
2017-09-14,IN19,462,157,7
2017-09-14,IN20,7,0,0
2017-09-14,IN21,71,14,1
2017-09-14,IN22,15,5,0
2017-09-14,IN23,185,51,3
2017-09-14,IN24,269,101,2
2017-09-14,IN25,390,121,7
2017-09-14,IN26,16,3,1
2017-09-14,IN28,260,88,4
2017-09-14,IN30,3,2,0
2017-09-14,IN31,12,3,0
2017-09-14,IN33,44,12,0
2017-09-14,IN34,197,44,2
2017-09-14,IN35,215,88,1
2017-09-14,IN36,618,167,6
2017-09-14,IN37,37,14,2
2017-09-14,IN38,41,8,1
2017-09-14,IN39,70,24,0
2017-09-15,IN00,122,49,2
2017-09-15,IN01,18,10,0
2017-09-15,IN02,316,122,4
2017-09-15,IN03,47,8,0
2017-09-15,IN06,8,0,0
2017-09-15,IN07,1170,284,11
2017-09-15,IN09,262,61,1
2017-09-15,IN10,367,162,4
2017-09-15,IN11,23,11,0
2017-09-15,IN12,316,134,4
2017-09-15,IN13,243,45,1
2017-09-15,IN14,3,0,0
2017-09-15,IN16,756,282,26
2017-09-15,IN17,4,2,0
2017-09-15,IN18,3,1,0
2017-09-15,IN19,471,163,7
2017-09-15,IN20,24,5,1
2017-09-15,IN21,66,33,1
2017-09-15,IN22,14,5,0
2017-09-15,IN23,98,49,1
2017-09-15,IN24,247,85,6
2017-09-15,IN25,498,137,12
2017-09-15,IN26,6,4,1
2017-09-15,IN28,181,44,1
2017-09-15,IN29,1,0,0
2017-09-15,IN30,9,5,0
2017-09-15,IN31,24,3,0
2017-09-15,IN33,25,5,0
2017-09-15,IN34,162,65,2
2017-09-15,IN35,190,77,5
2017-09-15,IN36,539,172,16
2017-09-15,IN37,32,7,2
2017-09-15,IN38,60,14,2
2017-09-15,IN39,46,8,0
2017-09-16,IN00,65,13,0
2017-09-16,IN01,8,1,0
2017-09-16,IN02,310,94,5
2017-09-16,IN03,26,5,0
2017-09-16,IN05,2,0,0
2017-09-16,IN06,7,0,0
2017-09-16,IN07,1043,300,17
2017-09-16,IN09,196,31,3
2017-09-16,IN10,333,145,5
2017-09-16,IN11,33,6,0
2017-09-16,IN12,373,106,3
2017-09-16,IN13,188,59,1
2017-09-16,IN16,497,183,4
2017-09-16,IN17,32,3,0
2017-09-16,IN18,5,0,0
2017-09-16,IN19,349,101,7
2017-09-16,IN20,7,1,0
2017-09-16,IN21,51,14,0
2017-09-16,IN22,3,1,0
2017-09-16,IN23,77,31,7
2017-09-16,IN24,85,30,4
2017-09-16,IN25,275,88,3
2017-09-16,IN26,24,21,8
2017-09-16,IN28,253,74,0
2017-09-16,IN31,6,1,0
2017-09-16,IN33,25,11,0
2017-09-16,IN34,120,44,2
2017-09-16,IN35,172,51,7
2017-09-16,IN36,472,170,3
2017-09-16,IN37,38,11,1
2017-09-16,IN38,45,9,0
2017-09-16,IN39,52,23,0
2017-09-17,IN00,60,13,0
2017-09-17,IN01,5,2,0
2017-09-17,IN02,302,70,6
2017-09-17,IN03,36,14,0
2017-09-17,IN05,4,3,3
2017-09-17,IN06,3,0,0
2017-09-17,IN07,971,219,8
2017-09-17,IN09,327,25,4
2017-09-17,IN10,171,59,0
2017-09-17,IN11,48,12,0
2017-09-17,IN12,240,80,3
2017-09-17,IN13,81,19,2
2017-09-17,IN14,1,1,0
2017-09-17,IN16,506,160,15
2017-09-17,IN17,13,0,0
2017-09-17,IN19,309,95,2
2017-09-17,IN20,26,5,0
2017-09-17,IN21,72,19,0
2017-09-17,IN22,10,4,0
2017-09-17,IN23,95,31,3
2017-09-17,IN24,127,24,0
2017-09-17,IN25,315,67,2
2017-09-17,IN26,11,4,0
2017-09-17,IN28,197,56,0
2017-09-17,IN31,8,3,0
2017-09-17,IN33,21,7,0
2017-09-17,IN34,106,33,3
2017-09-17,IN35,166,41,1
2017-09-17,IN36,342,99,4
2017-09-17,IN37,41,6,0
2017-09-17,IN38,54,4,0
2017-09-17,IN39,71,24,0
2017-09-18,IN00,94,22,0
2017-09-18,IN01,5,0,0
2017-09-18,IN02,292,84,7
2017-09-18,IN03,74,19,0
2017-09-18,IN06,2,0,0
2017-09-18,IN07,1437,438,14
2017-09-18,IN09,473,134,4
2017-09-18,IN10,337,136,1
2017-09-18,IN11,30,10,0
2017-09-18,IN12,284,123,2
2017-09-18,IN13,144,44,0
2017-09-18,IN16,713,280,4
2017-09-18,IN17,28,9,0
2017-09-18,IN18,7,4,1
2017-09-18,IN19,462,182,7
2017-09-18,IN20,16,4,0
2017-09-18,IN21,105,33,0
2017-09-18,IN22,8,2,2
2017-09-18,IN23,75,24,0
2017-09-18,IN24,185,52,3
2017-09-18,IN25,511,189,9
2017-09-18,IN26,23,10,0
2017-09-18,IN28,158,48,1
2017-09-18,IN30,3,1,0
2017-09-18,IN31,2,0,0
2017-09-18,IN33,6,4,1
2017-09-18,IN34,162,43,1
2017-09-18,IN35,156,52,3
2017-09-18,IN36,508,154,5
2017-09-18,IN37,23,12,1
2017-09-18,IN38,21,1,1
2017-09-18,IN39,45,10,1
2017-09-19,IN00,103,21,0
2017-09-19,IN01,12,1,0
2017-09-19,IN02,382,86,4
2017-09-19,IN03,100,31,9
2017-09-19,IN05,1,1,0
2017-09-19,IN06,1,0,0
2017-09-19,IN07,1264,356,5
2017-09-19,IN09,331,107,5
2017-09-19,IN10,330,140,0
2017-09-19,IN11,25,5,0
2017-09-19,IN12,382,135,7
2017-09-19,IN13,153,40,0
2017-09-19,IN16,858,320,15
2017-09-19,IN17,25,4,0
2017-09-19,IN18,7,1,0
2017-09-19,IN19,383,120,5
2017-09-19,IN20,46,4,0
2017-09-19,IN21,115,27,7
2017-09-19,IN22,16,3,0
2017-09-19,IN23,78,21,0
2017-09-19,IN24,206,95,2
2017-09-19,IN25,550,188,5
2017-09-19,IN26,21,8,0
2017-09-19,IN28,136,35,1
2017-09-19,IN29,6,1,0
2017-09-19,IN30,7,4,0
2017-09-19,IN31,7,1,0
2017-09-19,IN33,38,13,0
2017-09-19,IN34,204,68,8
2017-09-19,IN35,145,63,6
2017-09-19,IN36,466,136,4
2017-09-19,IN37,24,11,3
2017-09-19,IN38,104,25,5
2017-09-19,IN39,76,24,0
2017-09-20,IN00,128,31,3
2017-09-20,IN01,6,1,0
2017-09-20,IN02,428,135,2
2017-09-20,IN03,71,18,2
2017-09-20,IN05,3,2,0
2017-09-20,IN06,1,0,0
2017-09-20,IN07,1273,362,10
2017-09-20,IN09,202,41,2
2017-09-20,IN10,294,117,0
2017-09-20,IN11,27,7,0
2017-09-20,IN12,267,94,1
2017-09-20,IN13,122,18,0
2017-09-20,IN14,6,0,0
2017-09-20,IN16,839,232,6
2017-09-20,IN17,15,3,0
2017-09-20,IN19,398,108,6
2017-09-20,IN20,26,6,1
2017-09-20,IN21,128,55,6
2017-09-20,IN22,21,5,0
2017-09-20,IN23,80,21,1
2017-09-20,IN24,207,65,1
2017-09-20,IN25,513,169,6
2017-09-20,IN26,71,47,3
2017-09-20,IN28,284,97,7
2017-09-20,IN29,6,1,0
2017-09-20,IN30,13,1,0
2017-09-20,IN31,14,0,0
2017-09-20,IN33,50,4,0
2017-09-20,IN34,204,86,6
2017-09-20,IN35,110,38,3
2017-09-20,IN36,600,229,7
2017-09-20,IN37,34,13,0
2017-09-20,IN38,39,9,0
2017-09-20,IN39,122,27,5
2017-09-21,IN00,116,38,5
2017-09-21,IN01,4,0,0
2017-09-21,IN02,302,81,3
2017-09-21,IN03,82,17,0
2017-09-21,IN07,1548,412,21
2017-09-21,IN09,283,71,5
2017-09-21,IN10,168,63,1
2017-09-21,IN11,29,7,0
2017-09-21,IN12,327,173,4
2017-09-21,IN13,254,71,2
2017-09-21,IN14,6,0,0
2017-09-21,IN16,1080,281,4
2017-09-21,IN17,15,6,0
2017-09-21,IN18,2,1,0
2017-09-21,IN19,493,169,7
2017-09-21,IN20,52,5,0
2017-09-21,IN21,186,67,7
2017-09-21,IN22,25,11,0
2017-09-21,IN23,149,70,0
2017-09-21,IN24,265,94,2
2017-09-21,IN25,599,111,4
2017-09-21,IN26,244,164,12
2017-09-21,IN28,396,148,2
2017-09-21,IN30,8,1,0
2017-09-21,IN31,6,0,0
2017-09-21,IN33,17,1,0
2017-09-21,IN34,242,91,4
2017-09-21,IN35,143,54,1
2017-09-21,IN36,617,224,14
2017-09-21,IN37,99,43,0
2017-09-21,IN38,37,16,4
2017-09-21,IN39,95,18,0
2017-09-22,IN00,102,28,0
2017-09-22,IN01,12,1,0
2017-09-22,IN02,375,76,6
2017-09-22,IN03,61,13,1
2017-09-22,IN05,2,1,0
2017-09-22,IN07,1245,390,11
2017-09-22,IN09,248,56,4
2017-09-22,IN10,217,107,3
2017-09-22,IN11,33,6,0
2017-09-22,IN12,461,201,0
2017-09-22,IN13,213,45,3
2017-09-22,IN16,926,250,9
2017-09-22,IN17,6,4,2
2017-09-22,IN18,6,2,0
2017-09-22,IN19,476,139,7
2017-09-22,IN20,37,6,0
2017-09-22,IN21,81,35,1
2017-09-22,IN22,6,1,0
2017-09-22,IN23,145,46,2
2017-09-22,IN24,227,66,1
2017-09-22,IN25,338,92,2
2017-09-22,IN26,170,83,1
2017-09-22,IN28,343,100,3
2017-09-22,IN30,7,0,0
2017-09-22,IN31,26,7,1
2017-09-22,IN33,15,4,0
2017-09-22,IN34,153,41,0
2017-09-22,IN35,145,51,2
2017-09-22,IN36,553,144,19
2017-09-22,IN37,73,25,1
2017-09-22,IN38,72,22,0
2017-09-22,IN39,60,12,0
2017-09-23,IN00,110,28,0
2017-09-23,IN01,11,0,0
2017-09-23,IN02,402,126,6
2017-09-23,IN03,61,16,1
2017-09-23,IN06,1,0,0
2017-09-23,IN07,1018,344,10
2017-09-23,IN09,177,31,0
2017-09-23,IN10,233,132,0
2017-09-23,IN11,46,4,0
2017-09-23,IN12,312,102,2
2017-09-23,IN13,126,17,1
2017-09-23,IN14,1,0,0
2017-09-23,IN16,630,182,10
2017-09-23,IN17,13,0,0
2017-09-23,IN18,1,1,0
2017-09-23,IN19,310,99,2
2017-09-23,IN20,29,0,0
2017-09-23,IN21,59,9,1
2017-09-23,IN22,11,3,0
2017-09-23,IN23,65,31,0
2017-09-23,IN24,202,85,1
2017-09-23,IN25,417,101,2
2017-09-23,IN26,91,65,3
2017-09-23,IN28,243,65,5
2017-09-23,IN30,12,3,3
2017-09-23,IN31,6,0,0
2017-09-23,IN33,24,5,1
2017-09-23,IN34,189,72,4
2017-09-23,IN35,234,74,1
2017-09-23,IN36,550,158,14
2017-09-23,IN37,55,24,0
2017-09-23,IN38,51,26,0
2017-09-23,IN39,105,7,0
2017-09-24,IN00,65,27,1
2017-09-24,IN01,16,1,0
2017-09-24,IN02,215,54,6
2017-09-24,IN03,23,8,0
2017-09-24,IN07,997,281,12
2017-09-24,IN09,164,46,5
2017-09-24,IN10,93,47,2
2017-09-24,IN11,11,2,0
2017-09-24,IN12,348,181,3
2017-09-24,IN13,106,22,1
2017-09-24,IN14,2,0,0
2017-09-24,IN16,501,155,1
2017-09-24,IN17,11,2,0
2017-09-24,IN18,1,0,0
2017-09-24,IN19,224,84,3
2017-09-24,IN20,41,7,0
2017-09-24,IN21,45,14,0
2017-09-24,IN22,15,4,0
2017-09-24,IN23,72,17,0
2017-09-24,IN24,154,51,5
2017-09-24,IN25,247,67,2
2017-09-24,IN26,31,14,0
2017-09-24,IN28,90,25,1
2017-09-24,IN33,22,6,1
2017-09-24,IN34,87,24,0
2017-09-24,IN35,107,42,1
2017-09-24,IN36,686,340,59
2017-09-24,IN37,51,15,1
2017-09-24,IN38,23,9,1
2017-09-24,IN39,78,1,0
2017-09-25,IN00,125,33,1
2017-09-25,IN01,12,1,0
2017-09-25,IN02,292,92,4
2017-09-25,IN03,34,19,0
2017-09-25,IN07,1637,489,46
2017-09-25,IN09,558,97,9
2017-09-25,IN10,247,105,1
2017-09-25,IN11,45,7,0
2017-09-25,IN12,478,239,9
2017-09-25,IN13,274,80,5
2017-09-25,IN14,1,0,0
2017-09-25,IN16,706,178,9
2017-09-25,IN17,9,3,0
2017-09-25,IN18,4,3,0
2017-09-25,IN19,425,131,11
2017-09-25,IN20,27,2,0
2017-09-25,IN21,104,40,1
2017-09-25,IN22,4,2,0
2017-09-25,IN23,43,16,0
2017-09-25,IN24,224,73,1
2017-09-25,IN25,478,93,4
2017-09-25,IN26,51,26,0
2017-09-25,IN28,178,49,2
2017-09-25,IN30,13,4,1
2017-09-25,IN33,16,8,0
2017-09-25,IN34,189,57,1
2017-09-25,IN35,146,34,4
2017-09-25,IN36,1094,481,95
2017-09-25,IN37,69,23,0
2017-09-25,IN38,39,11,0
2017-09-25,IN39,115,26,0
2017-09-26,IN00,77,24,1
2017-09-26,IN01,13,0,0
2017-09-26,IN02,335,120,8
2017-09-26,IN03,48,29,0
2017-09-26,IN06,13,0,0
2017-09-26,IN07,1911,469,21
2017-09-26,IN09,608,94,10
2017-09-26,IN10,367,191,1
2017-09-26,IN11,31,6,0
2017-09-26,IN12,470,235,4
2017-09-26,IN13,164,45,11
2017-09-26,IN16,962,275,11
2017-09-26,IN17,7,1,0
2017-09-26,IN19,411,136,15
2017-09-26,IN20,17,4,0
2017-09-26,IN21,40,7,3
2017-09-26,IN22,2,1,1
2017-09-26,IN23,96,24,1
2017-09-26,IN24,298,69,2
2017-09-26,IN25,342,88,2
2017-09-26,IN26,16,3,0
2017-09-26,IN28,158,60,0
2017-09-26,IN33,24,9,0
2017-09-26,IN34,175,39,1
2017-09-26,IN35,172,66,3
2017-09-26,IN36,1018,428,56
2017-09-26,IN37,69,24,2
2017-09-26,IN38,36,10,5
2017-09-26,IN39,19,4,0
2017-09-27,IN00,93,29,1
2017-09-27,IN01,2,1,0
2017-09-27,IN02,256,86,5
2017-09-27,IN03,61,21,0
2017-09-27,IN06,19,6,0
2017-09-27,IN07,1543,417,24
2017-09-27,IN09,342,79,8
2017-09-27,IN10,144,65,1
2017-09-27,IN11,3,2,0
2017-09-27,IN12,362,149,0
2017-09-27,IN13,191,51,6
2017-09-27,IN16,792,236,3
2017-09-27,IN17,21,0,0
2017-09-27,IN18,1,0,0
2017-09-27,IN19,445,160,32
2017-09-27,IN20,85,46,0
2017-09-27,IN21,56,8,0
2017-09-27,IN22,7,2,0
2017-09-27,IN23,103,33,3
2017-09-27,IN24,140,34,4
2017-09-27,IN25,487,106,4
2017-09-27,IN26,34,16,2
2017-09-27,IN28,174,38,4
2017-09-27,IN30,16,5,0
2017-09-27,IN33,22,10,0
2017-09-27,IN34,230,59,2
2017-09-27,IN35,141,54,3
2017-09-27,IN36,865,373,45
2017-09-27,IN37,58,9,0
2017-09-27,IN38,44,8,1
2017-09-27,IN39,71,9,1
2017-09-28,IN00,104,36,0
2017-09-28,IN01,15,3,1
2017-09-28,IN02,178,53,6
2017-09-28,IN03,15,4,0
2017-09-28,IN06,7,6,0
2017-09-28,IN07,1546,420,23
2017-09-28,IN09,288,40,3
2017-09-28,IN10,222,86,1
2017-09-28,IN11,9,1,0
2017-09-28,IN12,425,164,5
2017-09-28,IN13,298,63,3
2017-09-28,IN16,739,243,8
2017-09-28,IN17,10,2,0
2017-09-28,IN18,4,0,0
2017-09-28,IN19,448,126,13
2017-09-28,IN20,67,25,0
2017-09-28,IN21,28,6,0
2017-09-28,IN22,2,0,0
2017-09-28,IN23,63,26,1
2017-09-28,IN24,148,48,0
2017-09-28,IN25,302,76,1
2017-09-28,IN26,20,15,0
2017-09-28,IN28,98,13,5
2017-09-28,IN31,4,0,0
2017-09-28,IN33,54,28,2
2017-09-28,IN34,139,46,0
2017-09-28,IN35,158,40,0
2017-09-28,IN36,518,205,22
2017-09-28,IN37,47,8,0
2017-09-28,IN38,21,9,0
2017-09-28,IN39,109,16,0
2017-09-29,IN00,100,40,0
2017-09-29,IN02,189,63,5
2017-09-29,IN03,31,5,2
2017-09-29,IN06,6,2,0
2017-09-29,IN07,1322,296,14
2017-09-29,IN09,127,29,4
2017-09-29,IN10,126,52,0
2017-09-29,IN11,17,0,0
2017-09-29,IN12,311,100,6
2017-09-29,IN13,98,19,1
2017-09-29,IN16,1052,296,6
2017-09-29,IN17,4,0,0
2017-09-29,IN19,243,56,3
2017-09-29,IN20,20,6,0
2017-09-29,IN21,28,13,0
2017-09-29,IN22,25,1,0
2017-09-29,IN23,63,27,2
2017-09-29,IN24,227,114,2
2017-09-29,IN25,160,23,1
2017-09-29,IN26,54,19,1
2017-09-29,IN28,133,27,4
2017-09-29,IN30,1,1,0
2017-09-29,IN33,19,4,0
2017-09-29,IN34,71,15,1
2017-09-29,IN35,103,47,0
2017-09-29,IN36,463,174,13
2017-09-29,IN37,30,2,0
2017-09-29,IN38,20,5,0
2017-09-29,IN39,43,7,1
2017-09-30,IN00,58,17,1
2017-09-30,IN02,85,20,2
2017-09-30,IN03,42,15,0
2017-09-30,IN05,1,1,0
2017-09-30,IN07,784,179,9
2017-09-30,IN09,216,45,4
2017-09-30,IN10,46,18,0
2017-09-30,IN11,16,2,0
2017-09-30,IN12,230,59,1
2017-09-30,IN13,142,54,3
2017-09-30,IN16,820,263,10
2017-09-30,IN17,14,2,0
2017-09-30,IN18,10,0,0
2017-09-30,IN19,207,46,2
2017-09-30,IN20,23,7,0
2017-09-30,IN21,15,6,0
2017-09-30,IN22,17,0,0
2017-09-30,IN23,98,46,1
2017-09-30,IN24,173,75,5
2017-09-30,IN25,202,41,2
2017-09-30,IN26,20,2,0
2017-09-30,IN28,128,23,0
2017-09-30,IN30,1,0,0
2017-09-30,IN31,6,3,1
2017-09-30,IN33,11,3,0
2017-09-30,IN34,83,12,0
2017-09-30,IN35,71,27,0
2017-09-30,IN36,295,90,7
2017-09-30,IN37,8,2,0
2017-09-30,IN38,12,4,0
2017-09-30,IN39,125,20,0
2017-10-01,IN00,58,12,0
2017-10-01,IN01,1,0,0
2017-10-01,IN02,149,28,0
2017-10-01,IN03,95,17,0
2017-10-01,IN07,675,175,2
2017-10-01,IN09,236,60,5
2017-10-01,IN10,52,19,0
2017-10-01,IN11,12,2,0
2017-10-01,IN12,205,50,1
2017-10-01,IN13,139,29,0
2017-10-01,IN16,591,148,11
2017-10-01,IN17,28,16,3
2017-10-01,IN18,2,0,0
2017-10-01,IN19,230,31,0
2017-10-01,IN20,24,4,0
2017-10-01,IN21,29,10,0
2017-10-01,IN22,4,1,0
2017-10-01,IN23,80,34,1
2017-10-01,IN24,156,66,2
2017-10-01,IN25,227,55,0
2017-10-01,IN26,27,15,0
2017-10-01,IN28,99,27,0
2017-10-01,IN31,29,4,0
2017-10-01,IN33,10,2,0
2017-10-01,IN34,124,36,2
2017-10-01,IN35,91,32,3
2017-10-01,IN36,368,113,4
2017-10-01,IN37,8,3,0
2017-10-01,IN38,9,3,0
2017-10-01,IN39,118,9,0
2017-10-02,IN00,112,30,1
2017-10-02,IN01,8,1,0
2017-10-02,IN02,214,52,2
2017-10-02,IN03,90,30,4
2017-10-02,IN05,2,0,0
2017-10-02,IN07,879,216,15
2017-10-02,IN09,380,100,7
2017-10-02,IN10,68,16,2
2017-10-02,IN11,19,3,0
2017-10-02,IN12,340,150,5
2017-10-02,IN13,202,61,7
2017-10-02,IN16,618,161,12
2017-10-02,IN17,16,2,0
2017-10-02,IN18,4,1,0
2017-10-02,IN19,257,96,2
2017-10-02,IN20,13,0,0
2017-10-02,IN21,75,26,1
2017-10-02,IN22,10,1,0
2017-10-02,IN23,66,37,2
2017-10-02,IN24,91,18,2
2017-10-02,IN25,322,107,18
2017-10-02,IN26,56,43,10
2017-10-02,IN28,164,26,2
2017-10-02,IN30,4,0,0
2017-10-02,IN31,10,1,0
2017-10-02,IN33,19,3,0
2017-10-02,IN34,79,18,0
2017-10-02,IN35,158,50,8
2017-10-02,IN36,626,190,10
2017-10-02,IN37,40,8,2
2017-10-02,IN38,28,13,0
2017-10-02,IN39,51,12,0
2017-10-03,IN00,121,41,0
2017-10-03,IN01,18,0,0
2017-10-03,IN02,269,55,4
2017-10-03,IN03,66,17,2
2017-10-03,IN06,2,0,0
2017-10-03,IN07,1364,446,21
2017-10-03,IN09,237,81,1
2017-10-03,IN10,252,98,1
2017-10-03,IN11,56,16,1
2017-10-03,IN12,573,280,3
2017-10-03,IN13,572,292,24
2017-10-03,IN14,8,1,0
2017-10-03,IN16,867,264,14
2017-10-03,IN17,13,7,0
2017-10-03,IN18,7,0,0
2017-10-03,IN19,553,209,6
2017-10-03,IN20,14,2,0
2017-10-03,IN21,66,16,0
2017-10-03,IN22,10,5,0
2017-10-03,IN23,108,46,12
2017-10-03,IN24,176,61,6
2017-10-03,IN25,351,100,11
2017-10-03,IN26,63,36,2
2017-10-03,IN28,188,33,4
2017-10-03,IN30,12,2,0
2017-10-03,IN31,7,0,0
2017-10-03,IN33,18,2,0
2017-10-03,IN34,124,16,0
2017-10-03,IN35,149,55,0
2017-10-03,IN36,622,211,13
2017-10-03,IN37,48,14,6
2017-10-03,IN38,32,4,0
2017-10-03,IN39,42,6,1
2017-10-04,IN00,127,28,1
2017-10-04,IN01,6,1,0
2017-10-04,IN02,202,41,1
2017-10-04,IN03,38,9,2
2017-10-04,IN07,1231,371,35
2017-10-04,IN09,280,127,28
2017-10-04,IN10,204,99,1
2017-10-04,IN11,17,2,0
2017-10-04,IN12,296,151,6
2017-10-04,IN13,469,167,22
2017-10-04,IN14,2,0,0
2017-10-04,IN16,670,196,8
2017-10-04,IN17,9,5,0
2017-10-04,IN18,2,0,0
2017-10-04,IN19,384,118,19
2017-10-04,IN20,9,2,0
2017-10-04,IN21,46,18,0
2017-10-04,IN22,17,3,0
2017-10-04,IN23,96,36,1
2017-10-04,IN24,157,42,10
2017-10-04,IN25,474,170,14
2017-10-04,IN26,23,11,0
2017-10-04,IN28,153,45,4
2017-10-04,IN31,3,0,0
2017-10-04,IN33,12,5,0
2017-10-04,IN34,126,45,0
2017-10-04,IN35,185,73,2
2017-10-04,IN36,946,271,19
2017-10-04,IN37,26,2,1
2017-10-04,IN38,49,10,0
2017-10-04,IN39,25,4,0
2017-10-05,IN00,119,37,1
2017-10-05,IN01,7,3,0
2017-10-05,IN02,261,60,0
2017-10-05,IN03,99,9,0
2017-10-05,IN06,5,0,0
2017-10-05,IN07,1663,473,27
2017-10-05,IN09,322,150,17
2017-10-05,IN10,236,98,0
2017-10-05,IN11,27,6,0
2017-10-05,IN12,214,79,8
2017-10-05,IN13,527,163,24
2017-10-05,IN16,755,253,23
2017-10-05,IN17,10,2,0
2017-10-05,IN18,4,1,0
2017-10-05,IN19,466,165,7
2017-10-05,IN20,51,5,0
2017-10-05,IN21,64,17,0
2017-10-05,IN22,12,5,0
2017-10-05,IN23,92,44,4
2017-10-05,IN24,135,47,9
2017-10-05,IN25,410,100,2
2017-10-05,IN26,19,6,2
2017-10-05,IN28,196,48,2
2017-10-05,IN30,4,0,0
2017-10-05,IN31,3,1,0
2017-10-05,IN33,11,4,0
2017-10-05,IN34,214,60,2
2017-10-05,IN35,186,72,7
2017-10-05,IN36,719,233,12
2017-10-05,IN37,24,6,0
2017-10-05,IN38,45,10,0
2017-10-05,IN39,80,9,0
2017-10-06,IN00,79,27,0
2017-10-06,IN01,20,2,0
2017-10-06,IN02,255,58,1
2017-10-06,IN03,49,14,0
2017-10-06,IN05,6,1,0
2017-10-06,IN06,8,0,0
2017-10-06,IN07,1364,347,16
2017-10-06,IN09,312,72,3
2017-10-06,IN10,182,70,0
2017-10-06,IN11,12,3,0
2017-10-06,IN12,190,107,11
2017-10-06,IN13,296,88,3
2017-10-06,IN16,710,248,16
2017-10-06,IN17,2,0,0
2017-10-06,IN19,470,144,6
2017-10-06,IN20,17,4,0
2017-10-06,IN21,67,7,0
2017-10-06,IN22,6,2,1
2017-10-06,IN23,81,36,6
2017-10-06,IN24,152,42,3
2017-10-06,IN25,300,111,9
2017-10-06,IN26,17,4,0
2017-10-06,IN28,174,42,1
2017-10-06,IN30,17,5,0
2017-10-06,IN31,2,0,0
2017-10-06,IN33,20,8,0
2017-10-06,IN34,169,36,0
2017-10-06,IN35,129,33,1
2017-10-06,IN36,444,131,11
2017-10-06,IN37,23,8,0
2017-10-06,IN38,21,8,0
2017-10-06,IN39,60,18,0
2017-10-07,IN00,134,36,2
2017-10-07,IN01,26,4,2
2017-10-07,IN02,228,55,1
2017-10-07,IN03,30,8,0
2017-10-07,IN05,7,2,0
2017-10-07,IN06,6,0,0
2017-10-07,IN07,996,269,18
2017-10-07,IN09,633,92,7
2017-10-07,IN10,152,68,0
2017-10-07,IN11,41,17,0
2017-10-07,IN12,256,97,3
2017-10-07,IN13,249,76,8
2017-10-07,IN14,1,0,0
2017-10-07,IN16,570,179,4
2017-10-07,IN17,4,2,0
2017-10-07,IN19,349,93,7
2017-10-07,IN20,18,1,0
2017-10-07,IN21,50,15,2
2017-10-07,IN22,1,0,0
2017-10-07,IN23,62,27,2
2017-10-07,IN24,130,35,8
2017-10-07,IN25,323,74,3
2017-10-07,IN26,6,1,0
2017-10-07,IN28,146,44,14
2017-10-07,IN30,2,0,0
2017-10-07,IN31,4,1,0
2017-10-07,IN33,11,3,0
2017-10-07,IN34,76,17,0
2017-10-07,IN35,89,29,2
2017-10-07,IN36,449,133,5
2017-10-07,IN37,79,31,1
2017-10-07,IN38,17,6,1
2017-10-07,IN39,47,8,0
2017-10-08,IN00,172,15,0
2017-10-08,IN01,10,2,0
2017-10-08,IN02,186,52,5
2017-10-08,IN03,70,6,0
2017-10-08,IN07,903,215,11
2017-10-08,IN09,618,84,1
2017-10-08,IN10,64,22,0
2017-10-08,IN11,21,6,0
2017-10-08,IN12,167,47,1
2017-10-08,IN13,350,131,13
2017-10-08,IN16,451,121,7
2017-10-08,IN17,17,0,0
2017-10-08,IN19,259,66,6
2017-10-08,IN20,21,2,0
2017-10-08,IN21,42,4,0
2017-10-08,IN23,63,15,2
2017-10-08,IN24,110,24,0
2017-10-08,IN25,223,63,7
2017-10-08,IN26,15,8,1
2017-10-08,IN28,90,25,1
2017-10-08,IN30,17,6,0
2017-10-08,IN33,5,2,2
2017-10-08,IN34,129,39,2
2017-10-08,IN35,105,52,1
2017-10-08,IN36,290,96,13
2017-10-08,IN37,30,11,0
2017-10-08,IN38,20,16,1
2017-10-08,IN39,40,8,0
2017-10-09,IN00,232,37,2
2017-10-09,IN01,18,6,0
2017-10-09,IN02,352,80,8
2017-10-09,IN03,65,10,0
2017-10-09,IN07,1438,442,34
2017-10-09,IN09,530,169,6
2017-10-09,IN10,152,71,0
2017-10-09,IN11,29,8,1
2017-10-09,IN12,335,135,2
2017-10-09,IN13,382,177,22
2017-10-09,IN16,851,272,10
2017-10-09,IN17,5,1,1
2017-10-09,IN18,5,2,0
2017-10-09,IN19,430,117,4
2017-10-09,IN20,19,3,0
2017-10-09,IN21,67,7,0
2017-10-09,IN22,3,0,0
2017-10-09,IN23,42,13,0
2017-10-09,IN24,171,49,4
2017-10-09,IN25,338,86,3
2017-10-09,IN26,22,2,1
2017-10-09,IN28,179,37,4
2017-10-09,IN30,18,6,0
2017-10-09,IN31,6,4,0
2017-10-09,IN32,1,0,0
2017-10-09,IN33,15,1,0
2017-10-09,IN34,171,52,2
2017-10-09,IN35,142,41,3
2017-10-09,IN36,617,194,12
2017-10-09,IN37,33,8,0
2017-10-09,IN38,32,9,0
2017-10-09,IN39,32,5,0
2017-10-10,IN00,160,40,5
2017-10-10,IN01,5,1,0
2017-10-10,IN02,294,77,1
2017-10-10,IN03,37,17,0
2017-10-10,IN05,4,4,0
2017-10-10,IN06,1,0,0
2017-10-10,IN07,1462,441,38
2017-10-10,IN09,454,120,8
2017-10-10,IN10,150,64,0
2017-10-10,IN11,41,6,0
2017-10-10,IN12,301,132,2
2017-10-10,IN13,264,72,6
2017-10-10,IN16,908,283,8
2017-10-10,IN17,14,4,0
2017-10-10,IN18,7,1,0
2017-10-10,IN19,427,115,9
2017-10-10,IN20,42,18,0
2017-10-10,IN21,48,12,0
2017-10-10,IN22,5,0,0
2017-10-10,IN23,76,12,0
2017-10-10,IN24,164,53,5
2017-10-10,IN25,241,52,2
2017-10-10,IN26,18,12,1
2017-10-10,IN28,134,39,1
2017-10-10,IN30,8,2,0
2017-10-10,IN31,10,7,0
2017-10-10,IN33,24,11,0
2017-10-10,IN34,317,72,1
2017-10-10,IN35,160,55,1
2017-10-10,IN36,825,200,16
2017-10-10,IN37,48,7,0
2017-10-10,IN38,29,5,2
2017-10-10,IN39,65,12,0
2017-10-11,IN00,104,28,0
2017-10-11,IN01,15,5,0
2017-10-11,IN02,259,67,6
2017-10-11,IN03,54,10,0
2017-10-11,IN06,5,1,1
2017-10-11,IN07,1346,432,51
2017-10-11,IN09,372,106,12
2017-10-11,IN10,118,52,1
2017-10-11,IN11,40,6,0
2017-10-11,IN12,354,174,2
2017-10-11,IN13,281,127,11
2017-10-11,IN14,3,1,0
2017-10-11,IN16,1035,331,21
2017-10-11,IN17,10,0,0
2017-10-11,IN18,9,2,0
2017-10-11,IN19,379,123,9
2017-10-11,IN20,11,3,2
2017-10-11,IN21,94,28,0
2017-10-11,IN22,11,2,0
2017-10-11,IN23,92,29,2
2017-10-11,IN24,176,52,2
2017-10-11,IN25,369,93,17
2017-10-11,IN26,46,26,1
2017-10-11,IN28,191,60,0
2017-10-11,IN30,5,1,0
2017-10-11,IN31,1,1,0
2017-10-11,IN33,30,7,0
2017-10-11,IN34,265,77,0
2017-10-11,IN35,136,45,6
2017-10-11,IN36,453,134,17
2017-10-11,IN37,39,7,0
2017-10-11,IN38,68,33,6
2017-10-11,IN39,50,9,0
2017-10-12,IN00,69,16,2
2017-10-12,IN01,3,1,0
2017-10-12,IN02,277,58,8
2017-10-12,IN03,53,14,0
2017-10-12,IN06,10,0,0
2017-10-12,IN07,1287,358,43
2017-10-12,IN09,240,84,11
2017-10-12,IN10,115,63,9
2017-10-12,IN11,93,23,1
2017-10-12,IN12,188,72,4
2017-10-12,IN13,169,42,13
2017-10-12,IN14,15,1,0
2017-10-12,IN16,1003,315,15
2017-10-12,IN17,17,5,0
2017-10-12,IN18,6,1,0
2017-10-12,IN19,371,84,6
2017-10-12,IN20,9,0,0
2017-10-12,IN21,48,11,0
2017-10-12,IN22,2,1,0
2017-10-12,IN23,135,67,2
2017-10-12,IN24,186,63,3
2017-10-12,IN25,418,112,1
2017-10-12,IN26,17,1,0
2017-10-12,IN28,174,50,3
2017-10-12,IN30,3,0,0
2017-10-12,IN33,22,8,0
2017-10-12,IN34,245,51,4
2017-10-12,IN35,197,63,3
2017-10-12,IN36,877,317,8
2017-10-12,IN37,8,3,0
2017-10-12,IN38,17,11,0
2017-10-12,IN39,87,12,0
2017-10-13,IN00,122,31,1
2017-10-13,IN01,9,6,4
2017-10-13,IN02,277,78,0
2017-10-13,IN03,88,17,0
2017-10-13,IN06,4,0,0
2017-10-13,IN07,1222,365,42
2017-10-13,IN09,272,90,10
2017-10-13,IN10,172,79,0
2017-10-13,IN11,136,45,4
2017-10-13,IN12,183,73,15
2017-10-13,IN13,222,84,10
2017-10-13,IN14,6,1,0
2017-10-13,IN16,870,255,12
2017-10-13,IN17,16,6,0
2017-10-13,IN18,13,2,0
2017-10-13,IN19,368,129,14
2017-10-13,IN20,22,6,0
2017-10-13,IN21,73,14,2
2017-10-13,IN23,49,14,0
2017-10-13,IN24,134,32,3
2017-10-13,IN25,269,75,0
2017-10-13,IN26,18,1,0
2017-10-13,IN28,205,69,11
2017-10-13,IN30,10,0,0
2017-10-13,IN31,5,1,0
2017-10-13,IN33,16,3,3
2017-10-13,IN34,371,100,4
2017-10-13,IN35,180,52,2
2017-10-13,IN36,818,301,8
2017-10-13,IN37,18,2,0
2017-10-13,IN38,24,5,0
2017-10-13,IN39,157,34,0
2017-10-14,IN00,87,20,0
2017-10-14,IN01,2,1,0
2017-10-14,IN02,180,54,1
2017-10-14,IN03,53,17,2
2017-10-14,IN05,1,0,0
2017-10-14,IN07,783,238,27
2017-10-14,IN09,304,79,2
2017-10-14,IN10,155,67,0
2017-10-14,IN11,78,19,1
2017-10-14,IN12,386,216,22
2017-10-14,IN13,216,100,1
2017-10-14,IN14,6,2,0
2017-10-14,IN16,637,217,7
2017-10-14,IN17,2,1,0
2017-10-14,IN18,14,3,0
2017-10-14,IN19,501,178,2
2017-10-14,IN20,13,3,0
2017-10-14,IN21,23,7,0
2017-10-14,IN22,11,3,0
2017-10-14,IN23,47,15,0
2017-10-14,IN24,136,49,2
2017-10-14,IN25,288,62,6
2017-10-14,IN26,30,11,9
2017-10-14,IN28,135,29,0
2017-10-14,IN33,13,3,0
2017-10-14,IN34,716,103,4
2017-10-14,IN35,107,32,0
2017-10-14,IN36,542,202,9
2017-10-14,IN37,26,1,0
2017-10-14,IN38,9,2,0
2017-10-14,IN39,46,10,0
2017-10-15,IN00,39,11,0
2017-10-15,IN01,11,4,0
2017-10-15,IN02,198,62,2
2017-10-15,IN03,54,9,0
2017-10-15,IN05,6,6,0
2017-10-15,IN07,815,203,7
2017-10-15,IN09,294,74,2
2017-10-15,IN10,78,29,0
2017-10-15,IN11,82,21,1
2017-10-15,IN12,144,64,7
2017-10-15,IN13,123,59,6
2017-10-15,IN14,4,2,0
2017-10-15,IN16,546,180,6
2017-10-15,IN17,20,2,0
2017-10-15,IN18,1,0,0
2017-10-15,IN19,240,84,1
2017-10-15,IN20,17,3,0
2017-10-15,IN21,62,12,2
2017-10-15,IN22,3,3,0
2017-10-15,IN23,77,32,0
2017-10-15,IN24,124,44,0
2017-10-15,IN25,195,41,0
2017-10-15,IN26,32,19,6
2017-10-15,IN28,121,33,0
2017-10-15,IN30,8,3,0
2017-10-15,IN33,19,4,2
2017-10-15,IN34,240,48,0
2017-10-15,IN35,113,40,0
2017-10-15,IN36,543,165,3
2017-10-15,IN37,25,10,0
2017-10-15,IN38,43,11,0
2017-10-15,IN39,103,28,3
2017-10-16,IN00,75,19,0
2017-10-16,IN01,14,3,0
2017-10-16,IN02,306,79,12
2017-10-16,IN03,39,8,0
2017-10-16,IN05,3,2,0
2017-10-16,IN06,1,0,0
2017-10-16,IN07,1069,300,26
2017-10-16,IN09,403,115,4
2017-10-16,IN10,95,23,0
2017-10-16,IN11,104,40,0
2017-10-16,IN12,127,45,0
2017-10-16,IN13,226,116,7
2017-10-16,IN14,17,2,0
2017-10-16,IN16,686,206,6
2017-10-16,IN17,13,2,0
2017-10-16,IN18,1,0,0
2017-10-16,IN19,387,123,4
2017-10-16,IN20,34,6,0
2017-10-16,IN21,87,9,1
2017-10-16,IN22,1,0,0
2017-10-16,IN23,92,25,4
2017-10-16,IN24,235,59,3
2017-10-16,IN25,224,51,2
2017-10-16,IN26,58,19,0
2017-10-16,IN28,283,77,3
2017-10-16,IN30,9,3,0
2017-10-16,IN31,1,0,0
2017-10-16,IN33,16,5,0
2017-10-16,IN34,222,57,4
2017-10-16,IN35,111,26,1
2017-10-16,IN36,911,332,0
2017-10-16,IN37,28,14,0
2017-10-16,IN38,25,3,0
2017-10-16,IN39,50,10,0
2017-10-17,IN00,120,32,2
2017-10-17,IN01,12,5,0
2017-10-17,IN02,336,83,1
2017-10-17,IN03,31,7,0
2017-10-17,IN05,5,1,0
2017-10-17,IN07,1125,380,35
2017-10-17,IN09,243,90,4
2017-10-17,IN10,145,53,4
2017-10-17,IN11,79,19,2
2017-10-17,IN12,177,80,13
2017-10-17,IN13,351,133,19
2017-10-17,IN14,11,5,0
2017-10-17,IN16,809,206,8
2017-10-17,IN17,44,4,0
2017-10-17,IN18,2,0,0
2017-10-17,IN19,437,142,4
2017-10-17,IN20,24,4,0
2017-10-17,IN21,79,38,0
2017-10-17,IN23,234,119,5
2017-10-17,IN24,258,92,9
2017-10-17,IN25,203,63,6
2017-10-17,IN26,48,14,0
2017-10-17,IN28,230,69,1
2017-10-17,IN30,4,1,0
2017-10-17,IN31,2,0,0
2017-10-17,IN33,9,1,0
2017-10-17,IN34,126,30,2
2017-10-17,IN35,144,42,1
2017-10-17,IN36,818,249,7
2017-10-17,IN37,48,13,0
2017-10-17,IN38,12,2,0
2017-10-17,IN39,35,9,0
2017-10-18,IN00,82,15,2
2017-10-18,IN01,11,1,0
2017-10-18,IN02,227,47,6
2017-10-18,IN03,36,16,0
2017-10-18,IN06,2,0,0
2017-10-18,IN07,1106,267,12
2017-10-18,IN09,153,53,10
2017-10-18,IN10,72,37,1
2017-10-18,IN11,103,23,0
2017-10-18,IN12,244,117,2
2017-10-18,IN13,184,62,1
2017-10-18,IN14,7,3,0
2017-10-18,IN16,511,116,10
2017-10-18,IN17,23,0,0
2017-10-18,IN18,4,1,0
2017-10-18,IN19,267,86,7
2017-10-18,IN20,3,1,0
2017-10-18,IN21,44,12,0
2017-10-18,IN23,123,44,0
2017-10-18,IN24,188,61,7
2017-10-18,IN25,201,42,3
2017-10-18,IN26,28,11,0
2017-10-18,IN28,186,66,2
2017-10-18,IN30,5,1,0
2017-10-18,IN33,27,3,0
2017-10-18,IN34,86,25,4
2017-10-18,IN35,96,31,0
2017-10-18,IN36,616,169,6
2017-10-18,IN37,26,8,0
2017-10-18,IN38,18,5,0
2017-10-18,IN39,48,8,0
2017-10-19,IN00,57,23,3
2017-10-19,IN01,2,0,0
2017-10-19,IN02,155,16,4
2017-10-19,IN03,32,7,0
2017-10-19,IN07,809,162,5
2017-10-19,IN09,148,65,5
2017-10-19,IN10,43,17,0
2017-10-19,IN11,40,1,0
2017-10-19,IN12,237,72,6
2017-10-19,IN13,81,17,2
2017-10-19,IN14,2,2,0
2017-10-19,IN16,460,149,5
2017-10-19,IN17,20,5,0
2017-10-19,IN18,1,0,0
2017-10-19,IN19,285,68,7
2017-10-19,IN20,25,5,0
2017-10-19,IN21,38,8,0
2017-10-19,IN23,105,31,0
2017-10-19,IN24,69,26,2
2017-10-19,IN25,188,55,5
2017-10-19,IN26,14,10,0
2017-10-19,IN28,116,41,0
2017-10-19,IN30,2,1,0
2017-10-19,IN33,5,3,0
2017-10-19,IN34,141,41,1
2017-10-19,IN35,67,20,0
2017-10-19,IN36,432,98,3
2017-10-19,IN37,14,5,0
2017-10-19,IN38,10,1,0
2017-10-19,IN39,62,11,0
2017-10-20,IN00,119,24,1
2017-10-20,IN01,1,1,0
2017-10-20,IN02,195,44,4
2017-10-20,IN03,56,20,0
2017-10-20,IN05,6,0,0
2017-10-20,IN06,2,0,0
2017-10-20,IN07,1082,207,3
2017-10-20,IN09,192,100,10
2017-10-20,IN10,49,29,1
2017-10-20,IN11,52,12,0
2017-10-20,IN12,228,83,1
2017-10-20,IN13,172,53,1
2017-10-20,IN16,485,156,8
2017-10-20,IN17,1,0,0
2017-10-20,IN19,328,95,4
2017-10-20,IN20,60,14,3
2017-10-20,IN21,67,23,5
2017-10-20,IN22,12,0,0
2017-10-20,IN23,99,27,1
2017-10-20,IN24,97,41,9
2017-10-20,IN25,309,104,7
2017-10-20,IN26,57,12,0
2017-10-20,IN28,146,38,1
2017-10-20,IN30,8,2,0
2017-10-20,IN33,22,3,0
2017-10-20,IN34,176,53,5
2017-10-20,IN35,135,45,2
2017-10-20,IN36,508,120,0
2017-10-20,IN37,18,4,0
2017-10-20,IN38,30,7,0
2017-10-20,IN39,263,49,2
2017-10-21,IN00,85,12,0
2017-10-21,IN01,10,1,0
2017-10-21,IN02,198,35,1
2017-10-21,IN03,20,4,0
2017-10-21,IN06,3,0,0
2017-10-21,IN07,821,195,9
2017-10-21,IN09,240,49,1
2017-10-21,IN10,53,18,1
2017-10-21,IN11,35,6,0
2017-10-21,IN12,255,108,7
2017-10-21,IN13,124,34,1
2017-10-21,IN14,2,0,0
2017-10-21,IN16,455,154,10
2017-10-21,IN17,9,0,0
2017-10-21,IN19,386,121,2
2017-10-21,IN20,13,0,0
2017-10-21,IN21,73,28,6
2017-10-21,IN22,1,1,0
2017-10-21,IN23,104,32,2
2017-10-21,IN24,142,24,2
2017-10-21,IN25,284,116,9
2017-10-21,IN26,13,7,0
2017-10-21,IN28,100,33,7
2017-10-21,IN30,4,0,0
2017-10-21,IN34,116,26,1
2017-10-21,IN35,104,39,0
2017-10-21,IN36,360,169,12
2017-10-21,IN37,7,2,0
2017-10-21,IN38,18,6,0
2017-10-21,IN39,56,16,1
2017-10-22,IN00,131,18,2
2017-10-22,IN01,2,1,1
2017-10-22,IN02,185,41,0
2017-10-22,IN03,112,24,7
2017-10-22,IN06,1,0,0
2017-10-22,IN07,930,185,7
2017-10-22,IN09,502,90,1
2017-10-22,IN10,71,16,3
2017-10-22,IN11,63,20,0
2017-10-22,IN12,285,151,9
2017-10-22,IN13,53,12,0
2017-10-22,IN14,5,3,0
2017-10-22,IN16,506,172,11
2017-10-22,IN18,1,0,0
2017-10-22,IN19,310,99,3
2017-10-22,IN20,23,1,0
2017-10-22,IN21,73,34,3
2017-10-22,IN22,9,5,0
2017-10-22,IN23,99,24,1
2017-10-22,IN24,95,29,1
2017-10-22,IN25,259,85,5
2017-10-22,IN26,13,3,0
2017-10-22,IN28,149,33,0
2017-10-22,IN30,3,0,0
2017-10-22,IN33,5,4,0
2017-10-22,IN34,64,18,0
2017-10-22,IN35,132,21,0
2017-10-22,IN36,347,152,6
2017-10-22,IN37,13,7,1
2017-10-22,IN38,62,17,0
2017-10-22,IN39,59,10,1
2017-10-23,IN00,109,23,1
2017-10-23,IN01,9,6,0
2017-10-23,IN02,372,87,2
2017-10-23,IN03,90,29,1
2017-10-23,IN06,1,0,0
2017-10-23,IN07,1300,271,9
2017-10-23,IN09,598,170,7
2017-10-23,IN10,74,34,1
2017-10-23,IN11,63,21,2
2017-10-23,IN12,390,86,2
2017-10-23,IN13,109,41,1
2017-10-23,IN14,2,2,0
2017-10-23,IN16,687,244,7
2017-10-23,IN17,5,1,0
2017-10-23,IN18,5,2,0
2017-10-23,IN19,313,98,3
2017-10-23,IN20,31,6,0
2017-10-23,IN21,93,37,0
2017-10-23,IN22,15,5,0
2017-10-23,IN23,91,19,0
2017-10-23,IN24,186,65,15
2017-10-23,IN25,344,100,3
2017-10-23,IN26,23,5,0
2017-10-23,IN28,147,37,0
2017-10-23,IN30,13,1,0
2017-10-23,IN33,12,0,0
2017-10-23,IN34,151,46,6
2017-10-23,IN35,186,23,1
2017-10-23,IN36,521,170,4
2017-10-23,IN37,16,1,0
2017-10-23,IN38,25,6,0
2017-10-23,IN39,77,11,0
2017-10-24,IN00,123,16,2
2017-10-24,IN01,8,0,0
2017-10-24,IN02,335,83,1
2017-10-24,IN03,42,7,0
2017-10-24,IN07,1837,331,20
2017-10-24,IN09,374,115,13
2017-10-24,IN10,63,22,0
2017-10-24,IN11,48,16,0
2017-10-24,IN12,423,99,6
2017-10-24,IN13,200,54,3
2017-10-24,IN16,700,184,9
2017-10-24,IN17,3,1,0
2017-10-24,IN18,5,0,0
2017-10-24,IN19,394,113,0
2017-10-24,IN20,53,9,0
2017-10-24,IN21,70,7,0
2017-10-24,IN22,23,7,4
2017-10-24,IN23,76,29,0
2017-10-24,IN24,247,53,15
2017-10-24,IN25,341,105,4
2017-10-24,IN26,7,0,0
2017-10-24,IN28,157,42,7
2017-10-24,IN33,25,2,2
2017-10-24,IN34,164,56,8
2017-10-24,IN35,170,34,11
2017-10-24,IN36,529,146,5
2017-10-24,IN37,6,4,0
2017-10-24,IN38,36,11,0
2017-10-24,IN39,69,19,0
2017-10-25,IN00,99,24,4
2017-10-25,IN01,11,2,0
2017-10-25,IN02,444,123,5
2017-10-25,IN03,51,6,0
2017-10-25,IN06,2,0,0
2017-10-25,IN07,2170,498,16
2017-10-25,IN09,306,98,5
2017-10-25,IN10,150,43,0
2017-10-25,IN11,133,49,3
2017-10-25,IN12,358,89,2
2017-10-25,IN13,203,64,2
2017-10-25,IN14,4,2,0
2017-10-25,IN16,825,257,13
2017-10-25,IN17,6,1,0
2017-10-25,IN18,16,8,0
2017-10-25,IN19,532,153,14
2017-10-25,IN20,23,3,0
2017-10-25,IN21,70,16,0
2017-10-25,IN22,5,2,0
2017-10-25,IN23,71,20,7
2017-10-25,IN24,410,91,21
2017-10-25,IN25,313,112,1
2017-10-25,IN26,41,9,0
2017-10-25,IN28,247,86,4
2017-10-25,IN30,10,3,0
2017-10-25,IN31,8,5,0
2017-10-25,IN33,10,1,0
2017-10-25,IN34,154,46,2
2017-10-25,IN35,151,17,0
2017-10-25,IN36,485,162,12
2017-10-25,IN37,23,3,0
2017-10-25,IN38,29,10,0
2017-10-25,IN39,132,30,0
2017-10-26,IN00,250,102,1
2017-10-26,IN01,14,4,0
2017-10-26,IN02,389,114,7
2017-10-26,IN03,61,14,1
2017-10-26,IN07,1605,450,21
2017-10-26,IN09,268,98,8
2017-10-26,IN10,109,41,5
2017-10-26,IN11,55,24,1
2017-10-26,IN12,314,83,7
2017-10-26,IN13,175,72,3
2017-10-26,IN16,827,308,12
2017-10-26,IN17,7,5,0
2017-10-26,IN18,4,2,0
2017-10-26,IN19,553,158,13
2017-10-26,IN20,32,4,0
2017-10-26,IN21,42,4,0
2017-10-26,IN22,11,5,0
2017-10-26,IN23,64,23,0
2017-10-26,IN24,270,69,6
2017-10-26,IN25,343,92,0
2017-10-26,IN26,32,5,0
2017-10-26,IN28,191,50,0
2017-10-26,IN29,1,0,0
2017-10-26,IN30,6,0,0
2017-10-26,IN31,1,0,0
2017-10-26,IN33,13,3,0
2017-10-26,IN34,172,41,1
2017-10-26,IN35,227,75,2
2017-10-26,IN36,1080,320,7
2017-10-26,IN37,56,14,0
2017-10-26,IN38,31,6,0
2017-10-26,IN39,82,16,3
2017-10-27,IN00,229,70,3
2017-10-27,IN01,8,0,0
2017-10-27,IN02,335,113,9
2017-10-27,IN03,33,7,0
2017-10-27,IN07,1395,356,10
2017-10-27,IN09,380,151,0
2017-10-27,IN10,97,19,1
2017-10-27,IN11,63,19,3
2017-10-27,IN12,348,91,10
2017-10-27,IN13,223,45,2
2017-10-27,IN14,1,0,0
2017-10-27,IN16,833,237,13
2017-10-27,IN17,2,1,0
2017-10-27,IN18,2,2,0
2017-10-27,IN19,596,187,11
2017-10-27,IN20,56,7,0
2017-10-27,IN21,76,13,0
2017-10-27,IN22,5,4,0
2017-10-27,IN23,79,34,6
2017-10-27,IN24,241,49,2
2017-10-27,IN25,413,135,6
2017-10-27,IN26,6,2,0
2017-10-27,IN28,203,54,0
2017-10-27,IN30,7,1,0
2017-10-27,IN33,17,5,1
2017-10-27,IN34,147,43,0
2017-10-27,IN35,148,31,1
2017-10-27,IN36,753,331,11
2017-10-27,IN37,317,170,2
2017-10-27,IN38,53,5,0
2017-10-27,IN39,80,14,0
2017-10-28,IN00,148,37,2
2017-10-28,IN01,4,3,3
2017-10-28,IN02,321,97,5
2017-10-28,IN03,69,13,0
2017-10-28,IN06,3,1,1
2017-10-28,IN07,1311,229,11
2017-10-28,IN09,461,166,5
2017-10-28,IN10,111,48,0
2017-10-28,IN11,59,15,0
2017-10-28,IN12,328,91,5
2017-10-28,IN13,226,37,2
2017-10-28,IN14,1,1,1
2017-10-28,IN16,681,195,9
2017-10-28,IN17,14,0,0
2017-10-28,IN18,11,0,0
2017-10-28,IN19,493,111,7
2017-10-28,IN20,35,7,0
2017-10-28,IN21,55,18,1
2017-10-28,IN22,2,1,0
2017-10-28,IN23,83,26,3
2017-10-28,IN24,185,58,2
2017-10-28,IN25,281,59,5
2017-10-28,IN26,15,0,0
2017-10-28,IN28,165,46,2
2017-10-28,IN31,1,0,0
2017-10-28,IN33,12,3,0
2017-10-28,IN34,216,82,2
2017-10-28,IN35,117,36,3
2017-10-28,IN36,609,191,10
2017-10-28,IN37,314,194,1
2017-10-28,IN38,47,8,0
2017-10-28,IN39,71,17,1
2017-10-29,IN00,99,28,1
2017-10-29,IN01,8,1,0
2017-10-29,IN02,250,49,3
2017-10-29,IN03,39,4,0
2017-10-29,IN07,942,207,8
2017-10-29,IN09,410,137,11
2017-10-29,IN10,55,25,0
2017-10-29,IN11,47,6,0
2017-10-29,IN12,456,146,4
2017-10-29,IN13,122,22,1
2017-10-29,IN14,1,1,1
2017-10-29,IN16,564,203,29
2017-10-29,IN17,16,6,0
2017-10-29,IN18,3,0,0
2017-10-29,IN19,563,95,2
2017-10-29,IN20,20,4,0
2017-10-29,IN21,49,8,0
2017-10-29,IN23,60,24,1
2017-10-29,IN24,96,17,1
2017-10-29,IN25,230,48,8
2017-10-29,IN26,8,0,0
2017-10-29,IN28,141,40,2
2017-10-29,IN31,12,6,2
2017-10-29,IN33,10,2,0
2017-10-29,IN34,89,28,1
2017-10-29,IN35,143,50,3
2017-10-29,IN36,378,118,13
2017-10-29,IN37,250,152,11
2017-10-29,IN38,17,5,0
2017-10-29,IN39,81,15,4
2017-10-30,IN00,117,24,1
2017-10-30,IN01,12,3,1
2017-10-30,IN02,281,68,4
2017-10-30,IN03,96,12,0
2017-10-30,IN07,1692,421,23
2017-10-30,IN09,501,143,12
2017-10-30,IN10,171,55,3
2017-10-30,IN11,109,41,7
2017-10-30,IN12,352,115,12
2017-10-30,IN13,374,95,0
2017-10-30,IN14,4,2,0
2017-10-30,IN16,803,265,34
2017-10-30,IN17,5,3,0
2017-10-30,IN19,470,95,5
2017-10-30,IN20,19,3,0
2017-10-30,IN21,64,24,0
2017-10-30,IN22,17,3,0
2017-10-30,IN23,130,74,0
2017-10-30,IN24,159,48,0
2017-10-30,IN25,261,59,1
2017-10-30,IN26,10,4,0
2017-10-30,IN28,239,69,8
2017-10-30,IN33,23,3,0
2017-10-30,IN34,114,44,4
2017-10-30,IN35,133,30,3
2017-10-30,IN36,495,150,12
2017-10-30,IN37,73,28,0
2017-10-30,IN38,25,2,0
2017-10-30,IN39,104,30,5
2017-10-31,IN00,129,38,6
2017-10-31,IN01,16,4,0
2017-10-31,IN02,363,116,10
2017-10-31,IN03,104,8,0
2017-10-31,IN07,1520,435,21
2017-10-31,IN09,327,85,6
2017-10-31,IN10,109,44,1
2017-10-31,IN11,118,43,1
2017-10-31,IN12,323,101,4
2017-10-31,IN13,193,45,0
2017-10-31,IN16,972,295,11
2017-10-31,IN17,7,1,0
2017-10-31,IN19,342,77,10
2017-10-31,IN20,43,7,0
2017-10-31,IN21,46,6,0
2017-10-31,IN22,5,1,0
2017-10-31,IN23,242,97,3
2017-10-31,IN24,160,48,4
2017-10-31,IN25,304,94,3
2017-10-31,IN28,219,58,7
2017-10-31,IN31,3,0,0
2017-10-31,IN32,3,0,0
2017-10-31,IN33,32,0,0
2017-10-31,IN34,118,45,1
2017-10-31,IN35,162,41,5
2017-10-31,IN36,500,142,9
2017-10-31,IN37,49,30,0
2017-10-31,IN38,17,0,0
2017-10-31,IN39,62,19,1
2017-11-01,IN00,166,42,2
2017-11-01,IN01,4,0,0
2017-11-01,IN02,303,74,6
2017-11-01,IN03,119,8,0
2017-11-01,IN06,3,0,0
2017-11-01,IN07,1362,382,13
2017-11-01,IN09,567,150,3
2017-11-01,IN10,139,35,3
2017-11-01,IN11,77,28,0
2017-11-01,IN12,260,72,7
2017-11-01,IN13,195,79,5
2017-11-01,IN14,2,2,0
2017-11-01,IN16,968,310,23
2017-11-01,IN17,17,4,0
2017-11-01,IN18,4,0,0
2017-11-01,IN19,399,85,10
2017-11-01,IN20,51,13,0
2017-11-01,IN21,78,16,0
2017-11-01,IN22,16,6,2
2017-11-01,IN23,126,50,1
2017-11-01,IN24,236,79,1
2017-11-01,IN25,347,97,6
2017-11-01,IN26,3,2,0
2017-11-01,IN28,154,47,1
2017-11-01,IN30,1,0,0
2017-11-01,IN33,35,4,0
2017-11-01,IN34,176,56,0
2017-11-01,IN35,161,40,4
2017-11-01,IN36,730,201,8
2017-11-01,IN37,45,9,1
2017-11-01,IN38,63,19,4
2017-11-01,IN39,50,12,1
2017-11-02,IN00,120,41,1
2017-11-02,IN01,28,16,7
2017-11-02,IN02,253,46,1
2017-11-02,IN03,30,3,0
2017-11-02,IN05,1,1,0
2017-11-02,IN06,1,0,0
2017-11-02,IN07,1308,393,13
2017-11-02,IN09,472,121,8
2017-11-02,IN10,164,59,1
2017-11-02,IN11,179,50,6
2017-11-02,IN12,251,85,0
2017-11-02,IN13,289,87,7
2017-11-02,IN14,4,2,0
2017-11-02,IN16,1129,291,16
2017-11-02,IN17,2,0,0
2017-11-02,IN18,9,1,0
2017-11-02,IN19,555,145,9
2017-11-02,IN20,38,13,0
2017-11-02,IN21,42,8,0
2017-11-02,IN22,7,3,0
2017-11-02,IN23,218,94,0
2017-11-02,IN24,222,74,5
2017-11-02,IN25,293,52,4
2017-11-02,IN26,63,4,3
2017-11-02,IN28,134,29,0
2017-11-02,IN33,2,0,0
2017-11-02,IN34,112,35,1
2017-11-02,IN35,162,33,1
2017-11-02,IN36,881,272,9
2017-11-02,IN37,79,14,0
2017-11-02,IN38,20,7,0
2017-11-02,IN39,82,29,2
2017-11-03,IN00,132,37,1
2017-11-03,IN01,12,7,0
2017-11-03,IN02,358,78,7
2017-11-03,IN03,48,4,0
2017-11-03,IN05,8,2,0
2017-11-03,IN07,1401,332,5
2017-11-03,IN09,497,108,2
2017-11-03,IN10,141,43,1
2017-11-03,IN11,155,58,7
2017-11-03,IN12,382,122,2
2017-11-03,IN13,183,53,2
2017-11-03,IN14,4,1,0
2017-11-03,IN16,921,251,8
2017-11-03,IN18,3,0,0
2017-11-03,IN19,560,164,12
2017-11-03,IN20,38,5,0
2017-11-03,IN21,59,7,0
2017-11-03,IN22,13,5,0
2017-11-03,IN23,208,72,0
2017-11-03,IN24,202,45,10
2017-11-03,IN25,413,100,5
2017-11-03,IN26,24,5,1
2017-11-03,IN28,159,30,1
2017-11-03,IN30,4,0,0
2017-11-03,IN33,18,1,0
2017-11-03,IN34,173,28,3
2017-11-03,IN35,246,88,0
2017-11-03,IN36,510,150,11
2017-11-03,IN37,83,8,0
2017-11-03,IN38,25,3,0
2017-11-03,IN39,69,19,3
2017-11-04,IN00,58,17,0
2017-11-04,IN01,10,8,2
2017-11-04,IN02,238,64,6
2017-11-04,IN03,36,12,0
2017-11-04,IN05,1,0,0
2017-11-04,IN07,947,243,1
2017-11-04,IN09,418,117,6
2017-11-04,IN10,72,20,1
2017-11-04,IN11,165,43,2
2017-11-04,IN12,380,107,4
2017-11-04,IN13,140,40,2
2017-11-04,IN16,710,209,2
2017-11-04,IN17,1,0,0
2017-11-04,IN18,3,1,0
2017-11-04,IN19,358,117,14
2017-11-04,IN20,14,5,0
2017-11-04,IN21,43,8,0
2017-11-04,IN22,19,4,0
2017-11-04,IN23,87,30,0
2017-11-04,IN24,199,54,7
2017-11-04,IN25,292,88,4
2017-11-04,IN26,10,2,0
2017-11-04,IN28,207,56,2
2017-11-04,IN29,2,0,0
2017-11-04,IN30,2,0,0
2017-11-04,IN33,6,2,0
2017-11-04,IN34,193,74,0
2017-11-04,IN35,266,97,1
2017-11-04,IN36,453,149,4
2017-11-04,IN37,63,5,0
2017-11-04,IN38,53,14,0
2017-11-04,IN39,94,15,0
2017-11-05,IN00,110,53,0
2017-11-05,IN01,13,3,1
2017-11-05,IN02,174,36,1
2017-11-05,IN03,68,14,0
2017-11-05,IN07,703,175,11
2017-11-05,IN09,311,67,6
2017-11-05,IN10,53,12,1
2017-11-05,IN11,220,79,12
2017-11-05,IN12,355,117,3
2017-11-05,IN13,122,53,9
2017-11-05,IN16,464,167,5
2017-11-05,IN17,4,0,0
2017-11-05,IN19,230,65,4
2017-11-05,IN20,40,6,1
2017-11-05,IN21,42,19,1
2017-11-05,IN22,13,2,0
2017-11-05,IN23,46,22,0
2017-11-05,IN24,102,24,2
2017-11-05,IN25,305,101,4
2017-11-05,IN26,5,3,1
2017-11-05,IN28,87,21,0
2017-11-05,IN30,7,0,0
2017-11-05,IN33,18,3,1
2017-11-05,IN34,127,37,0
2017-11-05,IN35,202,90,1
2017-11-05,IN36,452,183,4
2017-11-05,IN37,47,3,0
2017-11-05,IN38,36,10,0
2017-11-05,IN39,85,37,5
2017-11-06,IN00,198,55,2
2017-11-06,IN01,10,6,0
2017-11-06,IN02,443,113,13
2017-11-06,IN03,178,30,0
2017-11-06,IN05,3,1,1
2017-11-06,IN06,7,3,0
2017-11-06,IN07,1121,320,13
2017-11-06,IN09,295,70,4
2017-11-06,IN10,136,45,3
2017-11-06,IN11,195,58,2
2017-11-06,IN12,517,142,16
2017-11-06,IN13,179,60,5
2017-11-06,IN14,1,0,0
2017-11-06,IN16,790,221,12
2017-11-06,IN17,13,3,0
2017-11-06,IN18,1,0,0
2017-11-06,IN19,313,85,5
2017-11-06,IN20,41,1,0
2017-11-06,IN21,77,20,0
2017-11-06,IN22,4,0,0
2017-11-06,IN23,113,39,1
2017-11-06,IN24,267,75,9
2017-11-06,IN25,961,175,6
2017-11-06,IN26,20,7,1
2017-11-06,IN28,182,59,6
2017-11-06,IN30,7,1,0
2017-11-06,IN31,5,2,0
2017-11-06,IN33,18,3,0
2017-11-06,IN34,148,58,4
2017-11-06,IN35,149,70,1
2017-11-06,IN36,561,191,2
2017-11-06,IN37,105,35,0
2017-11-06,IN38,42,11,0
2017-11-06,IN39,112,37,0
2017-11-07,IN00,125,20,0
2017-11-07,IN02,355,90,9
2017-11-07,IN03,118,17,0
2017-11-07,IN06,7,2,0
2017-11-07,IN07,1477,368,27
2017-11-07,IN09,600,185,12
2017-11-07,IN10,159,56,0
2017-11-07,IN11,123,36,2
2017-11-07,IN12,525,241,8
2017-11-07,IN13,175,51,1
2017-11-07,IN16,839,243,16
2017-11-07,IN17,20,3,0
2017-11-07,IN18,3,0,0
2017-11-07,IN19,399,91,4
2017-11-07,IN20,35,5,0
2017-11-07,IN21,117,36,7
2017-11-07,IN22,19,4,3
2017-11-07,IN23,158,72,1
2017-11-07,IN24,304,92,5
2017-11-07,IN25,579,129,15
2017-11-07,IN26,16,4,2
2017-11-07,IN28,295,142,7
2017-11-07,IN30,7,3,1
2017-11-07,IN31,2,0,0
2017-11-07,IN33,61,7,0
2017-11-07,IN34,145,41,4
2017-11-07,IN35,116,33,1
2017-11-07,IN36,497,133,0
2017-11-07,IN37,46,11,2
2017-11-07,IN38,20,2,0
2017-11-07,IN39,133,31,3
2017-11-08,IN00,85,24,0
2017-11-08,IN02,318,74,8
2017-11-08,IN03,129,34,6
2017-11-08,IN05,5,5,0
2017-11-08,IN06,7,0,0
2017-11-08,IN07,1700,510,44
2017-11-08,IN09,555,169,32
2017-11-08,IN10,279,106,5
2017-11-08,IN11,153,54,4
2017-11-08,IN12,416,130,8
2017-11-08,IN13,175,45,4
2017-11-08,IN16,871,273,17
2017-11-08,IN17,6,3,1
2017-11-08,IN19,440,139,29
2017-11-08,IN20,9,1,0
2017-11-08,IN21,95,44,7
2017-11-08,IN22,15,5,1
2017-11-08,IN23,148,60,4
2017-11-08,IN24,279,126,18
2017-11-08,IN25,430,122,24
2017-11-08,IN26,14,6,1
2017-11-08,IN28,368,170,11
2017-11-08,IN30,25,13,2
2017-11-08,IN33,33,7,3
2017-11-08,IN34,172,73,20
2017-11-08,IN35,177,64,2
2017-11-08,IN36,512,187,16
2017-11-08,IN37,45,18,0
2017-11-08,IN38,25,5,0
2017-11-08,IN39,102,49,3
2017-11-09,IN00,90,26,0
2017-11-09,IN01,2,0,0
2017-11-09,IN02,265,60,4
2017-11-09,IN03,149,33,3
2017-11-09,IN05,5,1,0
2017-11-09,IN06,2,0,0
2017-11-09,IN07,1629,451,15
2017-11-09,IN09,402,112,9
2017-11-09,IN10,286,117,4
2017-11-09,IN11,242,89,9
2017-11-09,IN12,271,99,0
2017-11-09,IN13,178,58,3
2017-11-09,IN14,1,0,0
2017-11-09,IN16,796,209,16
2017-11-09,IN17,1,0,0
2017-11-09,IN18,11,0,0
2017-11-09,IN19,399,113,5
2017-11-09,IN20,7,0,0
2017-11-09,IN21,147,39,0
2017-11-09,IN22,17,7,0
2017-11-09,IN23,95,31,0
2017-11-09,IN24,196,80,6
2017-11-09,IN25,376,127,4
2017-11-09,IN26,7,1,0
2017-11-09,IN28,287,129,2
2017-11-09,IN30,7,2,0
2017-11-09,IN33,31,6,0
2017-11-09,IN34,183,40,10
2017-11-09,IN35,227,111,15
2017-11-09,IN36,387,108,2
2017-11-09,IN37,35,8,0
2017-11-09,IN38,39,19,0
2017-11-09,IN39,94,25,3
2017-11-10,IN00,119,44,1
2017-11-10,IN01,10,5,1
2017-11-10,IN02,327,99,8
2017-11-10,IN03,154,32,1
2017-11-10,IN07,1573,463,14
2017-11-10,IN09,310,81,8
2017-11-10,IN10,196,57,0
2017-11-10,IN11,57,24,0
2017-11-10,IN12,264,70,2
2017-11-10,IN13,208,61,4
2017-11-10,IN14,4,2,0
2017-11-10,IN16,906,227,25
2017-11-10,IN17,6,1,0
2017-11-10,IN18,4,0,0
2017-11-10,IN19,635,227,36
2017-11-10,IN20,27,13,6
2017-11-10,IN21,119,32,0
2017-11-10,IN22,18,6,0
2017-11-10,IN23,99,30,0
2017-11-10,IN24,334,116,11
2017-11-10,IN25,289,86,3
2017-11-10,IN26,7,2,0
2017-11-10,IN28,181,50,2
2017-11-10,IN30,3,0,0
2017-11-10,IN33,15,2,0
2017-11-10,IN34,124,31,4
2017-11-10,IN35,251,72,9
2017-11-10,IN36,466,153,11
2017-11-10,IN37,29,6,0
2017-11-10,IN38,52,14,4
2017-11-10,IN39,42,15,0
2017-11-11,IN00,63,15,0
2017-11-11,IN01,1,0,0
2017-11-11,IN02,342,76,7
2017-11-11,IN03,102,18,0
2017-11-11,IN07,1259,339,6
2017-11-11,IN09,524,88,7
2017-11-11,IN10,151,71,0
2017-11-11,IN11,37,9,1
2017-11-11,IN12,369,100,0
2017-11-11,IN13,123,40,0
2017-11-11,IN16,639,173,11
2017-11-11,IN17,6,0,0
2017-11-11,IN18,3,1,0
2017-11-11,IN19,377,135,11
2017-11-11,IN20,11,0,0
2017-11-11,IN21,61,20,0
2017-11-11,IN22,7,0,0
2017-11-11,IN23,41,10,0
2017-11-11,IN24,170,73,5
2017-11-11,IN25,202,60,2
2017-11-11,IN26,23,9,0
2017-11-11,IN28,179,48,1
2017-11-11,IN30,5,1,0
2017-11-11,IN31,1,0,0
2017-11-11,IN33,12,2,0
2017-11-11,IN34,78,19,3
2017-11-11,IN35,169,68,4
2017-11-11,IN36,386,106,8
2017-11-11,IN37,19,7,0
2017-11-11,IN38,62,28,1
2017-11-11,IN39,73,7,0
2017-11-12,IN00,86,27,0
2017-11-12,IN01,10,1,0
2017-11-12,IN02,197,44,8
2017-11-12,IN03,69,7,0
2017-11-12,IN07,911,263,5
2017-11-12,IN09,399,116,17
2017-11-12,IN10,153,74,4
2017-11-12,IN11,62,15,2
2017-11-12,IN12,270,63,1
2017-11-12,IN13,316,171,5
2017-11-12,IN16,501,159,19
2017-11-12,IN17,3,1,0
2017-11-12,IN19,327,159,9
2017-11-12,IN20,27,6,0
2017-11-12,IN21,55,16,1
2017-11-12,IN22,6,4,0
2017-11-12,IN23,59,24,5
2017-11-12,IN24,271,126,12
2017-11-12,IN25,209,55,2
2017-11-12,IN26,36,16,0
2017-11-12,IN28,99,23,3
2017-11-12,IN33,9,0,0
2017-11-12,IN34,62,6,0
2017-11-12,IN35,141,44,5
2017-11-12,IN36,365,107,3
2017-11-12,IN37,37,10,0
2017-11-12,IN38,24,5,0
2017-11-12,IN39,61,10,0
2017-11-13,IN00,144,41,4
2017-11-13,IN01,3,0,0
2017-11-13,IN02,343,74,7
2017-11-13,IN03,79,22,0
2017-11-13,IN05,6,0,0
2017-11-13,IN06,3,2,0
2017-11-13,IN07,1290,361,9
2017-11-13,IN09,436,129,22
2017-11-13,IN10,294,121,1
2017-11-13,IN11,32,5,0
2017-11-13,IN12,335,74,0
2017-11-13,IN13,296,111,12
2017-11-13,IN14,1,0,0
2017-11-13,IN16,759,234,32
2017-11-13,IN17,27,8,0
2017-11-13,IN18,1,1,0
2017-11-13,IN19,438,164,18
2017-11-13,IN20,7,1,0
2017-11-13,IN21,154,30,0
2017-11-13,IN22,6,1,0
2017-11-13,IN23,107,54,1
2017-11-13,IN24,387,160,19
2017-11-13,IN25,309,73,0
2017-11-13,IN26,16,9,0
2017-11-13,IN28,145,49,2
2017-11-13,IN30,7,1,0
2017-11-13,IN33,17,6,0
2017-11-13,IN34,139,37,0
2017-11-13,IN35,192,98,3
2017-11-13,IN36,582,162,9
2017-11-13,IN37,51,18,2
2017-11-13,IN38,55,10,5
2017-11-13,IN39,45,8,0
2017-11-14,IN00,142,37,1
2017-11-14,IN01,19,3,1
2017-11-14,IN02,349,100,3
2017-11-14,IN03,64,24,0
2017-11-14,IN07,1499,425,13
2017-11-14,IN09,431,121,12
2017-11-14,IN10,271,111,4
2017-11-14,IN11,26,9,1
2017-11-14,IN12,281,99,0
2017-11-14,IN13,325,116,2
2017-11-14,IN16,803,239,29
2017-11-14,IN17,8,0,0
2017-11-14,IN19,509,144,16
2017-11-14,IN20,30,4,0
2017-11-14,IN21,157,59,0
2017-11-14,IN22,19,2,0
2017-11-14,IN23,132,52,5
2017-11-14,IN24,260,94,17
2017-11-14,IN25,381,128,0
2017-11-14,IN26,15,8,0
2017-11-14,IN28,124,31,0
2017-11-14,IN30,2,0,0
2017-11-14,IN31,1,0,0
2017-11-14,IN33,27,9,3
2017-11-14,IN34,86,15,0
2017-11-14,IN35,216,77,2
2017-11-14,IN36,645,196,6
2017-11-14,IN37,98,14,0
2017-11-14,IN38,17,3,0
2017-11-14,IN39,63,15,0
2017-11-15,IN00,160,45,0
2017-11-15,IN01,10,3,0
2017-11-15,IN02,321,65,5
2017-11-15,IN03,82,13,1
2017-11-15,IN05,3,0,0
2017-11-15,IN06,1,0,0
2017-11-15,IN07,1672,415,25
2017-11-15,IN09,362,104,11
2017-11-15,IN10,350,110,8
2017-11-15,IN11,57,6,0
2017-11-15,IN12,275,130,5
2017-11-15,IN13,380,119,5
2017-11-15,IN16,839,276,23
2017-11-15,IN17,8,6,0
2017-11-15,IN18,3,1,0
2017-11-15,IN19,587,169,22
2017-11-15,IN20,25,1,0
2017-11-15,IN21,127,28,1
2017-11-15,IN22,26,9,0
2017-11-15,IN23,88,36,9
2017-11-15,IN24,331,132,18
2017-11-15,IN25,373,98,2
2017-11-15,IN26,9,4,0
2017-11-15,IN28,219,71,3
2017-11-15,IN30,3,0,0
2017-11-15,IN31,4,0,0
2017-11-15,IN33,12,2,0
2017-11-15,IN34,192,41,8
2017-11-15,IN35,296,101,4
2017-11-15,IN36,749,173,1
2017-11-15,IN37,42,17,6
2017-11-15,IN38,66,13,1
2017-11-15,IN39,67,14,0
2017-11-16,IN00,146,41,0
2017-11-16,IN01,5,4,0
2017-11-16,IN02,384,83,7
2017-11-16,IN03,49,14,0
2017-11-16,IN06,2,0,0
2017-11-16,IN07,1182,299,21
2017-11-16,IN09,317,98,16
2017-11-16,IN10,145,55,5
2017-11-16,IN11,82,32,0
2017-11-16,IN12,358,140,5
2017-11-16,IN13,170,58,4
2017-11-16,IN14,2,0,0
2017-11-16,IN16,863,253,24
2017-11-16,IN17,11,1,0
2017-11-16,IN19,728,206,58
2017-11-16,IN20,14,0,0
2017-11-16,IN21,101,22,2
2017-11-16,IN22,10,2,0
2017-11-16,IN23,105,32,2
2017-11-16,IN24,285,99,11
2017-11-16,IN25,448,138,3
2017-11-16,IN26,14,1,0
2017-11-16,IN28,178,61,4
2017-11-16,IN31,13,7,0
2017-11-16,IN33,15,2,0
2017-11-16,IN34,105,40,12
2017-11-16,IN35,162,58,9
2017-11-16,IN36,798,187,16
2017-11-16,IN37,84,26,5
2017-11-16,IN38,17,2,2
2017-11-16,IN39,101,13,0
2017-11-17,IN00,133,34,0
2017-11-17,IN01,1,0,0
2017-11-17,IN02,489,94,3
2017-11-17,IN03,78,23,3
2017-11-17,IN06,5,0,0
2017-11-17,IN07,1372,338,21
2017-11-17,IN09,391,130,7
2017-11-17,IN10,129,42,0
2017-11-17,IN11,67,21,3
2017-11-17,IN12,307,128,4
2017-11-17,IN13,168,40,1
2017-11-17,IN16,900,298,34
2017-11-17,IN17,18,2,0
2017-11-17,IN18,4,0,0
2017-11-17,IN19,529,182,31
2017-11-17,IN20,27,1,0
2017-11-17,IN21,76,23,0
2017-11-17,IN22,9,1,0
2017-11-17,IN23,165,59,1
2017-11-17,IN24,389,168,33
2017-11-17,IN25,363,119,3
2017-11-17,IN26,8,1,0
2017-11-17,IN28,224,85,12
2017-11-17,IN30,2,2,0
2017-11-17,IN31,19,7,0
2017-11-17,IN33,21,0,0
2017-11-17,IN34,216,76,3
2017-11-17,IN35,146,54,6
2017-11-17,IN36,741,184,18
2017-11-17,IN37,44,11,0
2017-11-17,IN38,31,2,0
2017-11-17,IN39,46,17,0
2017-11-18,IN00,101,30,1
2017-11-18,IN01,3,0,0
2017-11-18,IN02,344,56,5
2017-11-18,IN03,85,12,0
2017-11-18,IN06,6,1,0
2017-11-18,IN07,1136,335,20
2017-11-18,IN09,307,94,7
2017-11-18,IN10,81,27,0
2017-11-18,IN11,43,11,0
2017-11-18,IN12,375,202,1
2017-11-18,IN13,173,44,5
2017-11-18,IN16,816,320,19
2017-11-18,IN17,15,2,0
2017-11-18,IN18,2,1,0
2017-11-18,IN19,392,116,29
2017-11-18,IN20,15,0,0
2017-11-18,IN21,66,21,2
2017-11-18,IN22,1,0,0
2017-11-18,IN23,111,49,1
2017-11-18,IN24,264,110,27
2017-11-18,IN25,263,90,1
2017-11-18,IN26,10,0,0
2017-11-18,IN28,196,64,7
2017-11-18,IN30,5,3,0
2017-11-18,IN31,2,0,0
2017-11-18,IN33,25,4,0
2017-11-18,IN34,156,56,14
2017-11-18,IN35,142,48,5
2017-11-18,IN36,437,109,4
2017-11-18,IN37,10,1,0
2017-11-18,IN38,24,3,0
2017-11-18,IN39,19,0,0
2017-11-19,IN00,49,11,1
2017-11-19,IN01,3,1,0
2017-11-19,IN02,212,65,1
2017-11-19,IN03,69,18,0
2017-11-19,IN07,793,218,12
2017-11-19,IN09,378,141,24
2017-11-19,IN10,142,47,3
2017-11-19,IN11,17,6,0
2017-11-19,IN12,364,212,2
2017-11-19,IN13,100,37,1
2017-11-19,IN14,1,0,0
2017-11-19,IN16,551,245,25
2017-11-19,IN17,11,2,0
2017-11-19,IN18,26,12,0
2017-11-19,IN19,255,60,1
2017-11-19,IN20,25,6,0
2017-11-19,IN21,76,16,0
2017-11-19,IN22,3,1,0
2017-11-19,IN23,84,38,1
2017-11-19,IN24,220,85,9
2017-11-19,IN25,188,47,1
2017-11-19,IN26,5,1,0
2017-11-19,IN28,121,23,4
2017-11-19,IN30,9,0,0
2017-11-19,IN33,29,4,0
2017-11-19,IN34,165,42,7
2017-11-19,IN35,93,39,2
2017-11-19,IN36,393,111,10
2017-11-19,IN37,20,8,0
2017-11-19,IN38,23,3,0
2017-11-19,IN39,52,7,0
2017-11-20,IN00,76,17,0
2017-11-20,IN01,1,0,0
2017-11-20,IN02,406,111,10
2017-11-20,IN03,126,26,2
2017-11-20,IN07,1250,351,37
2017-11-20,IN09,710,281,53
2017-11-20,IN10,225,81,4
2017-11-20,IN11,54,17,0
2017-11-20,IN12,225,96,3
2017-11-20,IN13,170,77,4
2017-11-20,IN16,837,245,15
2017-11-20,IN17,16,2,0
2017-11-20,IN18,7,0,0
2017-11-20,IN19,437,132,13
2017-11-20,IN20,60,14,0
2017-11-20,IN21,90,25,2
2017-11-20,IN22,14,5,0
2017-11-20,IN23,86,38,1
2017-11-20,IN24,268,123,13
2017-11-20,IN25,315,100,13
2017-11-20,IN26,5,0,0
2017-11-20,IN28,284,65,19
2017-11-20,IN30,4,0,0
2017-11-20,IN33,52,10,0
2017-11-20,IN34,108,33,5
2017-11-20,IN35,340,143,11
2017-11-20,IN36,747,245,12
2017-11-20,IN37,11,3,1
2017-11-20,IN38,21,1,0
2017-11-20,IN39,31,10,0
2017-11-21,IN00,85,27,0
2017-11-21,IN01,10,5,0
2017-11-21,IN02,468,119,11
2017-11-21,IN03,96,37,1
2017-11-21,IN06,7,3,0
2017-11-21,IN07,1405,411,18
2017-11-21,IN09,555,202,19
2017-11-21,IN10,335,131,2
2017-11-21,IN11,64,23,0
2017-11-21,IN12,426,186,4
2017-11-21,IN13,187,55,4
2017-11-21,IN16,864,239,16
2017-11-21,IN17,18,7,3
2017-11-21,IN18,10,1,0
2017-11-21,IN19,484,171,7
2017-11-21,IN20,69,25,4
2017-11-21,IN21,114,31,0
2017-11-21,IN22,2,0,0
2017-11-21,IN23,154,81,0
2017-11-21,IN24,247,105,13
2017-11-21,IN25,244,94,7
2017-11-21,IN26,132,86,0
2017-11-21,IN28,244,92,6
2017-11-21,IN30,11,2,1
2017-11-21,IN31,14,4,0
2017-11-21,IN33,41,10,2
2017-11-21,IN34,212,84,2
2017-11-21,IN35,290,139,9
2017-11-21,IN36,806,303,14
2017-11-21,IN37,28,5,0
2017-11-21,IN38,53,18,0
2017-11-21,IN39,65,21,0
2017-11-22,IN00,121,32,1
2017-11-22,IN02,531,135,11
2017-11-22,IN03,40,10,0
2017-11-22,IN07,1271,376,20
2017-11-22,IN09,549,179,20
2017-11-22,IN10,294,122,5
2017-11-22,IN11,15,7,0
2017-11-22,IN12,259,79,1
2017-11-22,IN13,211,51,4
2017-11-22,IN16,1069,369,18
2017-11-22,IN17,61,17,0
2017-11-22,IN18,6,0,0
2017-11-22,IN19,467,161,13
2017-11-22,IN20,59,7,0
2017-11-22,IN21,101,24,4
2017-11-22,IN22,10,7,2
2017-11-22,IN23,114,43,1
2017-11-22,IN24,203,82,9
2017-11-22,IN25,320,89,6
2017-11-22,IN26,206,126,5
2017-11-22,IN28,156,56,5
2017-11-22,IN30,7,3,0
2017-11-22,IN31,2,0,0
2017-11-22,IN33,15,4,0
2017-11-22,IN34,208,67,1
2017-11-22,IN35,314,152,11
2017-11-22,IN36,705,199,5
2017-11-22,IN37,24,2,0
2017-11-22,IN38,8,6,0
2017-11-22,IN39,34,14,0
2017-11-23,IN00,153,43,0
2017-11-23,IN01,3,0,0
2017-11-23,IN02,473,120,16
2017-11-23,IN03,70,25,2
2017-11-23,IN06,2,0,0
2017-11-23,IN07,1549,404,16
2017-11-23,IN09,595,168,11
2017-11-23,IN10,169,68,1
2017-11-23,IN11,16,6,0
2017-11-23,IN12,166,39,0
2017-11-23,IN13,106,21,0
2017-11-23,IN16,1063,335,8
2017-11-23,IN17,21,4,0
2017-11-23,IN18,6,3,0
2017-11-23,IN19,464,156,12
2017-11-23,IN20,36,8,4
2017-11-23,IN21,59,6,0
2017-11-23,IN22,11,3,0
2017-11-23,IN23,150,47,1
2017-11-23,IN24,189,75,10
2017-11-23,IN25,399,126,11
2017-11-23,IN26,182,118,15
2017-11-23,IN28,194,53,4
2017-11-23,IN31,3,1,0
2017-11-23,IN33,25,3,0
2017-11-23,IN34,131,47,1
2017-11-23,IN35,216,93,3
2017-11-23,IN36,494,147,11
2017-11-23,IN37,40,8,0
2017-11-23,IN38,28,2,0
2017-11-23,IN39,36,12,0
2017-11-24,IN00,118,25,0
2017-11-24,IN01,3,1,0
2017-11-24,IN02,540,128,11
2017-11-24,IN03,62,17,0
2017-11-24,IN07,1330,429,14
2017-11-24,IN09,666,257,12
2017-11-24,IN10,163,47,2
2017-11-24,IN11,29,3,0
2017-11-24,IN12,262,57,1
2017-11-24,IN13,159,57,2
2017-11-24,IN16,1225,489,20
2017-11-24,IN18,1,0,0
2017-11-24,IN19,369,133,3
2017-11-24,IN20,43,2,0
2017-11-24,IN21,71,21,0
2017-11-24,IN22,29,5,0
2017-11-24,IN23,76,39,1
2017-11-24,IN24,268,121,23
2017-11-24,IN25,353,118,15
2017-11-24,IN26,58,32,0
2017-11-24,IN28,220,84,2
2017-11-24,IN30,1,0,0
2017-11-24,IN31,6,2,0
2017-11-24,IN33,34,10,0
2017-11-24,IN34,162,71,8
2017-11-24,IN35,211,87,10
2017-11-24,IN36,537,189,4
2017-11-24,IN37,33,4,0
2017-11-24,IN38,28,11,0
2017-11-24,IN39,52,22,1
2017-11-25,IN00,112,23,2
2017-11-25,IN01,9,1,0
2017-11-25,IN02,342,86,12
2017-11-25,IN03,45,10,0
2017-11-25,IN05,2,2,0
2017-11-25,IN06,9,3,0
2017-11-25,IN07,895,265,10
2017-11-25,IN09,422,108,7
2017-11-25,IN10,175,98,13
2017-11-25,IN11,31,16,1
2017-11-25,IN12,225,75,3
2017-11-25,IN13,156,47,1
2017-11-25,IN14,11,2,0
2017-11-25,IN16,813,326,10
2017-11-25,IN17,10,2,0
2017-11-25,IN18,4,0,0
2017-11-25,IN19,244,60,4
2017-11-25,IN20,21,1,0
2017-11-25,IN21,67,23,6
2017-11-25,IN22,11,2,0
2017-11-25,IN23,79,31,6
2017-11-25,IN24,205,102,23
2017-11-25,IN25,216,63,9
2017-11-25,IN26,46,29,0
2017-11-25,IN28,215,88,2
2017-11-25,IN31,1,0,0
2017-11-25,IN33,7,1,0
2017-11-25,IN34,123,48,4
2017-11-25,IN35,171,64,2
2017-11-25,IN36,443,182,10
2017-11-25,IN37,55,16,0
2017-11-25,IN38,18,1,0
2017-11-25,IN39,53,16,0
2017-11-26,IN00,73,10,2
2017-11-26,IN01,6,1,0
2017-11-26,IN02,306,55,6
2017-11-26,IN03,44,13,0
2017-11-26,IN06,2,0,0
2017-11-26,IN07,800,275,4
2017-11-26,IN09,396,103,7
2017-11-26,IN10,119,66,11
2017-11-26,IN11,23,11,0
2017-11-26,IN12,168,58,1
2017-11-26,IN13,224,71,4
2017-11-26,IN16,931,329,8
2017-11-26,IN17,1,0,0
2017-11-26,IN19,165,52,0
2017-11-26,IN20,15,7,3
2017-11-26,IN21,83,37,0
2017-11-26,IN22,8,0,0
2017-11-26,IN23,59,11,0
2017-11-26,IN24,117,39,3
2017-11-26,IN25,243,42,1
2017-11-26,IN26,53,30,0
2017-11-26,IN28,102,33,0
2017-11-26,IN30,4,1,0
2017-11-26,IN33,8,5,0
2017-11-26,IN34,87,31,0
2017-11-26,IN35,248,117,0
2017-11-26,IN36,422,124,7
2017-11-26,IN37,49,20,1
2017-11-26,IN38,11,5,0
2017-11-26,IN39,35,12,2
2017-11-27,IN00,95,21,0
2017-11-27,IN01,19,4,0
2017-11-27,IN02,429,70,9
2017-11-27,IN03,75,36,1
2017-11-27,IN06,4,4,0
2017-11-27,IN07,1109,304,12
2017-11-27,IN09,874,295,12
2017-11-27,IN10,226,105,6
2017-11-27,IN11,25,7,0
2017-11-27,IN12,274,104,2
2017-11-27,IN13,257,58,2
2017-11-27,IN16,1066,308,4
2017-11-27,IN17,10,5,0
2017-11-27,IN18,10,0,0
2017-11-27,IN19,451,117,12
2017-11-27,IN20,31,5,1
2017-11-27,IN21,94,36,6
2017-11-27,IN22,6,0,0
2017-11-27,IN23,92,19,1
2017-11-27,IN24,169,60,5
2017-11-27,IN25,476,159,3
2017-11-27,IN26,47,18,3
2017-11-27,IN28,219,44,4
2017-11-27,IN30,5,0,0
2017-11-27,IN31,6,0,0
2017-11-27,IN33,25,4,0
2017-11-27,IN34,175,70,4
2017-11-27,IN35,188,83,9
2017-11-27,IN36,406,137,13
2017-11-27,IN37,39,17,0
2017-11-27,IN38,18,7,0
2017-11-27,IN39,40,12,0
2017-11-28,IN00,76,13,0
2017-11-28,IN01,4,1,0
2017-11-28,IN02,1042,166,2
2017-11-28,IN03,34,8,2
2017-11-28,IN06,9,0,0
2017-11-28,IN07,1270,347,8
2017-11-28,IN09,665,200,13
2017-11-28,IN10,141,58,3
2017-11-28,IN11,42,16,0
2017-11-28,IN12,230,89,0
2017-11-28,IN13,313,66,8
2017-11-28,IN16,1040,336,17
2017-11-28,IN17,14,0,0
2017-11-28,IN18,8,2,0
2017-11-28,IN19,367,125,21
2017-11-28,IN20,52,3,0
2017-11-28,IN21,75,17,0
2017-11-28,IN22,5,0,0
2017-11-28,IN23,31,8,0
2017-11-28,IN24,217,83,11
2017-11-28,IN25,555,170,15
2017-11-28,IN26,76,27,1
2017-11-28,IN28,353,96,2
2017-11-28,IN30,11,1,0
2017-11-28,IN31,14,6,0
2017-11-28,IN33,43,12,0
2017-11-28,IN34,174,79,9
2017-11-28,IN35,214,65,3
2017-11-28,IN36,534,185,7
2017-11-28,IN37,53,14,0
2017-11-28,IN38,30,3,0
2017-11-28,IN39,39,11,0
2017-11-29,IN00,77,23,0
2017-11-29,IN01,15,0,0
2017-11-29,IN02,747,140,7
2017-11-29,IN03,55,15,3
2017-11-29,IN06,3,1,0
2017-11-29,IN07,1189,357,20
2017-11-29,IN09,855,234,36
2017-11-29,IN10,134,43,3
2017-11-29,IN11,41,18,0
2017-11-29,IN12,232,77,0
2017-11-29,IN13,234,43,2
2017-11-29,IN14,1,0,0
2017-11-29,IN16,1233,435,22
2017-11-29,IN17,14,0,0
2017-11-29,IN19,391,99,3
2017-11-29,IN20,40,3,0
2017-11-29,IN21,86,23,0
2017-11-29,IN22,7,1,0
2017-11-29,IN23,71,29,3
2017-11-29,IN24,251,110,11
2017-11-29,IN25,420,128,5
2017-11-29,IN26,69,12,0
2017-11-29,IN28,266,83,5
2017-11-29,IN30,9,4,1
2017-11-29,IN31,12,1,0
2017-11-29,IN33,57,19,0
2017-11-29,IN34,142,46,1
2017-11-29,IN35,254,93,1
2017-11-29,IN36,648,250,16
2017-11-29,IN37,31,8,0
2017-11-29,IN38,28,9,0
2017-11-29,IN39,36,9,0
2017-11-30,IN00,175,29,0
2017-11-30,IN01,4,0,0
2017-11-30,IN02,395,76,5
2017-11-30,IN03,67,29,1
2017-11-30,IN06,13,0,0
2017-11-30,IN07,1030,292,12
2017-11-30,IN09,577,154,11
2017-11-30,IN10,105,27,0
2017-11-30,IN11,37,22,1
2017-11-30,IN12,308,170,6
2017-11-30,IN13,202,58,1
2017-11-30,IN14,20,6,0
2017-11-30,IN16,948,291,5
2017-11-30,IN17,14,1,0
2017-11-30,IN19,280,80,0
2017-11-30,IN20,66,4,1
2017-11-30,IN21,62,17,0
2017-11-30,IN23,114,37,2
2017-11-30,IN24,132,43,0
2017-11-30,IN25,363,110,8
2017-11-30,IN26,74,41,1
2017-11-30,IN28,144,41,0
2017-11-30,IN30,7,2,0
2017-11-30,IN31,16,6,0
2017-11-30,IN33,58,13,0
2017-11-30,IN34,181,57,8
2017-11-30,IN35,214,87,2
2017-11-30,IN36,570,220,13
2017-11-30,IN37,7,1,0
2017-11-30,IN38,16,8,0
2017-11-30,IN39,45,6,0
2017-12-01,IN00,318,35,0
2017-12-01,IN01,9,4,0
2017-12-01,IN02,377,74,6
2017-12-01,IN03,90,17,0
2017-12-01,IN06,7,0,0
2017-12-01,IN07,1357,318,10
2017-12-01,IN09,431,146,9
2017-12-01,IN10,139,47,3
2017-12-01,IN11,24,4,0
2017-12-01,IN12,293,94,0
2017-12-01,IN13,221,40,3
2017-12-01,IN14,69,15,0
2017-12-01,IN16,702,247,8
2017-12-01,IN17,17,5,0
2017-12-01,IN19,291,95,4
2017-12-01,IN20,92,6,0
2017-12-01,IN21,104,31,0
2017-12-01,IN22,11,0,0
2017-12-01,IN23,63,16,0
2017-12-01,IN24,165,51,4
2017-12-01,IN25,390,103,1
2017-12-01,IN26,36,19,1
2017-12-01,IN28,275,101,4
2017-12-01,IN30,3,3,0
2017-12-01,IN31,1,0,0
2017-12-01,IN33,55,9,0
2017-12-01,IN34,111,34,0
2017-12-01,IN35,142,70,2
2017-12-01,IN36,813,232,10
2017-12-01,IN37,53,11,0
2017-12-01,IN38,25,11,0
2017-12-01,IN39,79,20,0
2017-12-02,IN00,101,10,0
2017-12-02,IN01,6,0,0
2017-12-02,IN02,415,78,6
2017-12-02,IN03,36,4,0
2017-12-02,IN05,1,0,0
2017-12-02,IN07,1120,334,22
2017-12-02,IN09,496,151,6
2017-12-02,IN10,68,35,0
2017-12-02,IN11,42,9,0
2017-12-02,IN12,201,64,1
2017-12-02,IN13,170,46,4
2017-12-02,IN14,52,9,0
2017-12-02,IN16,701,187,12
2017-12-02,IN17,6,2,0
2017-12-02,IN18,13,2,0
2017-12-02,IN19,270,66,9
2017-12-02,IN20,32,2,0
2017-12-02,IN21,88,37,8
2017-12-02,IN22,9,3,0
2017-12-02,IN23,92,36,0
2017-12-02,IN24,100,30,0
2017-12-02,IN25,401,83,3
2017-12-02,IN26,12,4,1
2017-12-02,IN28,294,110,14
2017-12-02,IN30,3,1,0
2017-12-02,IN33,39,14,0
2017-12-02,IN34,195,58,2
2017-12-02,IN35,153,39,2
2017-12-02,IN36,593,169,7
2017-12-02,IN37,70,13,0
2017-12-02,IN38,38,14,0
2017-12-02,IN39,64,18,0
2017-12-03,IN00,104,30,1
2017-12-03,IN01,13,5,3
2017-12-03,IN02,257,78,6
2017-12-03,IN03,68,11,0
2017-12-03,IN07,889,223,5
2017-12-03,IN09,732,238,28
2017-12-03,IN10,71,24,0
2017-12-03,IN11,25,9,0
2017-12-03,IN12,207,78,1
2017-12-03,IN13,145,31,1
2017-12-03,IN14,60,8,0
2017-12-03,IN16,499,178,4
2017-12-03,IN17,2,0,0
2017-12-03,IN18,3,3,0
2017-12-03,IN19,192,44,4
2017-12-03,IN20,33,3,0
2017-12-03,IN21,68,13,0
2017-12-03,IN22,9,4,0
2017-12-03,IN23,111,52,2
2017-12-03,IN24,104,37,3
2017-12-03,IN25,280,70,7
2017-12-03,IN26,6,1,0
2017-12-03,IN28,221,96,3
2017-12-03,IN30,11,2,0
2017-12-03,IN33,26,7,0
2017-12-03,IN34,147,44,0
2017-12-03,IN35,151,72,5
2017-12-03,IN36,449,152,3
2017-12-03,IN37,22,3,0
2017-12-03,IN38,18,8,0
2017-12-03,IN39,37,6,2
2017-12-04,IN00,140,34,6
2017-12-04,IN01,13,3,0
2017-12-04,IN02,415,87,11
2017-12-04,IN03,66,20,1
2017-12-04,IN05,7,2,0
2017-12-04,IN06,1,1,0
2017-12-04,IN07,1268,323,22
2017-12-04,IN09,654,180,9
2017-12-04,IN10,101,30,2
2017-12-04,IN11,24,7,0
2017-12-04,IN12,246,102,12
2017-12-04,IN13,213,35,2
2017-12-04,IN14,52,5,0
2017-12-04,IN16,942,234,3
2017-12-04,IN17,12,3,0
2017-12-04,IN18,8,1,0
2017-12-04,IN19,394,109,1
2017-12-04,IN20,46,7,0
2017-12-04,IN21,126,29,6
2017-12-04,IN22,19,2,0
2017-12-04,IN23,101,42,4
2017-12-04,IN24,111,34,2
2017-12-04,IN25,395,100,3
2017-12-04,IN26,72,38,1
2017-12-04,IN28,246,91,8
2017-12-04,IN30,16,4,0
2017-12-04,IN31,25,1,0
2017-12-04,IN33,44,8,0
2017-12-04,IN34,114,33,0
2017-12-04,IN35,194,88,0
2017-12-04,IN36,804,223,19
2017-12-04,IN37,38,4,0
2017-12-04,IN38,42,9,1
2017-12-04,IN39,73,16,2
2017-12-05,IN00,115,24,1
2017-12-05,IN01,12,1,0
2017-12-05,IN02,340,85,6
2017-12-05,IN03,49,17,0
2017-12-05,IN05,5,1,0
2017-12-05,IN07,1285,326,16
2017-12-05,IN09,533,199,19
2017-12-05,IN10,156,57,4
2017-12-05,IN11,20,9,0
2017-12-05,IN12,366,198,3
2017-12-05,IN13,180,47,1
2017-12-05,IN14,48,1,0
2017-12-05,IN16,1056,370,43
2017-12-05,IN17,7,3,0
2017-12-05,IN18,12,6,1
2017-12-05,IN19,363,95,7
2017-12-05,IN20,36,9,0
2017-12-05,IN21,100,23,0
2017-12-05,IN22,5,0,0
2017-12-05,IN23,86,20,0
2017-12-05,IN24,157,43,3
2017-12-05,IN25,496,185,2
2017-12-05,IN26,59,39,7
2017-12-05,IN28,212,65,6
2017-12-05,IN30,4,2,0
2017-12-05,IN31,1,0,0
2017-12-05,IN33,29,4,0
2017-12-05,IN34,167,66,4
2017-12-05,IN35,179,72,2
2017-12-05,IN36,926,305,11
2017-12-05,IN37,32,7,0
2017-12-05,IN38,30,5,1
2017-12-05,IN39,36,6,0
2017-12-06,IN00,81,16,0
2017-12-06,IN01,3,0,0
2017-12-06,IN02,255,71,8
2017-12-06,IN03,72,8,0
2017-12-06,IN06,2,0,0
2017-12-06,IN07,1411,278,11
2017-12-06,IN09,630,182,14
2017-12-06,IN10,210,75,1
2017-12-06,IN11,12,2,0
2017-12-06,IN12,205,82,3
2017-12-06,IN13,69,24,0
2017-12-06,IN14,9,0,0
2017-12-06,IN16,989,313,18
2017-12-06,IN17,15,4,3
2017-12-06,IN18,6,0,0
2017-12-06,IN19,330,89,2
2017-12-06,IN20,66,9,2
2017-12-06,IN21,116,22,0
2017-12-06,IN23,180,40,2
2017-12-06,IN24,256,74,3
2017-12-06,IN25,401,124,4
2017-12-06,IN26,57,30,0
2017-12-06,IN28,229,70,4
2017-12-06,IN30,8,0,0
2017-12-06,IN33,8,1,0
2017-12-06,IN34,134,56,1
2017-12-06,IN35,168,79,4
2017-12-06,IN36,984,315,12
2017-12-06,IN37,40,15,0
2017-12-06,IN38,21,5,0
2017-12-06,IN39,47,9,0
2017-12-07,IN00,126,52,2
2017-12-07,IN01,1,0,0
2017-12-07,IN02,314,66,3
2017-12-07,IN03,36,8,0
2017-12-07,IN06,3,1,0
2017-12-07,IN07,1361,338,6
2017-12-07,IN09,680,218,24
2017-12-07,IN10,132,66,0
2017-12-07,IN11,40,4,0
2017-12-07,IN12,204,72,2
2017-12-07,IN13,127,19,3
2017-12-07,IN14,16,4,0
2017-12-07,IN16,899,280,18
2017-12-07,IN17,10,0,0
2017-12-07,IN19,361,105,8
2017-12-07,IN20,40,2,0
2017-12-07,IN21,82,26,0
2017-12-07,IN22,8,2,0
2017-12-07,IN23,140,50,0
2017-12-07,IN24,276,115,3
2017-12-07,IN25,462,154,7
2017-12-07,IN26,33,10,0
2017-12-07,IN28,234,75,2
2017-12-07,IN29,2,0,0
2017-12-07,IN30,3,0,0
2017-12-07,IN31,3,2,0
2017-12-07,IN33,28,15,1
2017-12-07,IN34,138,31,1
2017-12-07,IN35,150,50,1
2017-12-07,IN36,651,200,13
2017-12-07,IN37,44,7,0
2017-12-07,IN38,47,15,1
2017-12-07,IN39,87,41,2
2017-12-08,IN00,128,37,1
2017-12-08,IN01,5,3,0
2017-12-08,IN02,313,71,6
2017-12-08,IN03,51,10,0
2017-12-08,IN07,1380,442,33
2017-12-08,IN09,795,235,26
2017-12-08,IN10,135,38,0
2017-12-08,IN11,16,5,0
2017-12-08,IN12,321,130,16
2017-12-08,IN13,166,36,4
2017-12-08,IN14,8,1,0
2017-12-08,IN16,1015,339,17
2017-12-08,IN17,36,1,0
2017-12-08,IN18,12,2,0
2017-12-08,IN19,514,221,1
2017-12-08,IN20,81,11,2
2017-12-08,IN21,130,40,2
2017-12-08,IN22,5,4,0
2017-12-08,IN23,105,49,17
2017-12-08,IN24,346,170,14
2017-12-08,IN25,335,117,2
2017-12-08,IN26,30,6,0
2017-12-08,IN28,275,111,9
2017-12-08,IN30,11,3,0
2017-12-08,IN31,2,0,0
2017-12-08,IN33,43,14,3
2017-12-08,IN34,183,56,1
2017-12-08,IN35,213,95,2
2017-12-08,IN36,648,208,16
2017-12-08,IN37,44,7,1
2017-12-08,IN38,36,8,0
2017-12-08,IN39,63,19,0
2017-12-09,IN00,105,29,0
2017-12-09,IN01,19,6,4
2017-12-09,IN02,236,45,2
2017-12-09,IN03,58,10,1
2017-12-09,IN07,1019,323,11
2017-12-09,IN09,1027,308,37
2017-12-09,IN10,100,23,2
2017-12-09,IN11,66,20,1
2017-12-09,IN12,224,73,0
2017-12-09,IN13,141,24,1
2017-12-09,IN14,9,0,0
2017-12-09,IN16,640,164,11
2017-12-09,IN17,19,0,0
2017-12-09,IN18,12,0,0
2017-12-09,IN19,270,100,2
2017-12-09,IN20,44,9,0
2017-12-09,IN21,64,16,3
2017-12-09,IN22,7,1,0
2017-12-09,IN23,75,28,8
2017-12-09,IN24,260,114,15
2017-12-09,IN25,287,90,5
2017-12-09,IN26,5,3,0
2017-12-09,IN28,151,54,13
2017-12-09,IN30,3,0,0
2017-12-09,IN31,2,1,0
2017-12-09,IN33,75,35,4
2017-12-09,IN34,152,47,4
2017-12-09,IN35,108,26,2
2017-12-09,IN36,473,145,4
2017-12-09,IN37,85,39,0
2017-12-09,IN38,36,6,2
2017-12-09,IN39,66,10,0
2017-12-10,IN00,63,16,2
2017-12-10,IN02,239,94,2
2017-12-10,IN03,25,6,0
2017-12-10,IN06,1,1,0
2017-12-10,IN07,1011,315,33
2017-12-10,IN09,671,155,9
2017-12-10,IN10,149,64,6
2017-12-10,IN11,26,7,0
2017-12-10,IN12,352,140,7
2017-12-10,IN13,104,23,5
2017-12-10,IN14,12,0,0
2017-12-10,IN16,622,206,3
2017-12-10,IN17,9,0,0
2017-12-10,IN19,245,88,0
2017-12-10,IN20,23,0,0
2017-12-10,IN21,86,18,0
2017-12-10,IN22,12,1,0
2017-12-10,IN23,66,25,3
2017-12-10,IN24,157,68,9
2017-12-10,IN25,239,66,0
2017-12-10,IN26,29,4,0
2017-12-10,IN28,166,41,8
2017-12-10,IN33,29,5,0
2017-12-10,IN34,146,70,3
2017-12-10,IN35,98,25,2
2017-12-10,IN36,242,67,2
2017-12-10,IN37,56,22,0
2017-12-10,IN38,52,11,1
2017-12-10,IN39,23,4,0
2017-12-11,IN00,90,30,1
2017-12-11,IN01,5,3,0
2017-12-11,IN02,321,101,3
2017-12-11,IN03,27,12,0
2017-12-11,IN05,2,2,0
2017-12-11,IN06,5,1,0
2017-12-11,IN07,1641,445,22
2017-12-11,IN09,775,223,11
2017-12-11,IN10,164,69,2
2017-12-11,IN11,52,7,0
2017-12-11,IN12,370,182,10
2017-12-11,IN13,134,29,2
2017-12-11,IN14,1,0,0
2017-12-11,IN16,965,287,21
2017-12-11,IN17,11,0,0
2017-12-11,IN18,11,6,2
2017-12-11,IN19,412,115,11
2017-12-11,IN20,28,5,0
2017-12-11,IN21,45,16,0
2017-12-11,IN22,13,1,1
2017-12-11,IN23,110,42,1
2017-12-11,IN24,175,62,7
2017-12-11,IN25,226,64,7
2017-12-11,IN26,16,5,0
2017-12-11,IN28,107,30,2
2017-12-11,IN30,3,2,0
2017-12-11,IN31,25,1,0
2017-12-11,IN33,35,5,1
2017-12-11,IN34,193,89,10
2017-12-11,IN35,95,28,0
2017-12-11,IN36,602,260,7
2017-12-11,IN37,82,30,2
2017-12-11,IN38,60,5,0
2017-12-11,IN39,28,8,3
2017-12-12,IN00,210,41,3
2017-12-12,IN01,6,2,0
2017-12-12,IN02,312,88,3
2017-12-12,IN03,12,5,1
2017-12-12,IN06,2,0,0
2017-12-12,IN07,1476,396,5
2017-12-12,IN09,849,217,16
2017-12-12,IN10,148,53,3
2017-12-12,IN11,54,8,0
2017-12-12,IN12,263,110,7
2017-12-12,IN13,261,134,4
2017-12-12,IN14,8,1,1
2017-12-12,IN16,848,283,18
2017-12-12,IN18,6,0,0
2017-12-12,IN19,391,127,11
2017-12-12,IN20,31,6,0
2017-12-12,IN21,108,33,0
2017-12-12,IN22,6,0,0
2017-12-12,IN23,68,22,2
2017-12-12,IN24,156,46,4
2017-12-12,IN25,340,123,1
2017-12-12,IN26,15,5,0
2017-12-12,IN28,106,26,2
2017-12-12,IN30,3,0,0
2017-12-12,IN31,1,0,0
2017-12-12,IN33,19,8,0
2017-12-12,IN34,189,83,3
2017-12-12,IN35,152,68,4
2017-12-12,IN36,454,142,6
2017-12-12,IN37,61,18,1
2017-12-12,IN38,34,5,0
2017-12-12,IN39,77,17,1
2017-12-13,IN00,113,30,1
2017-12-13,IN01,4,2,0
2017-12-13,IN02,357,80,5
2017-12-13,IN03,53,17,0
2017-12-13,IN07,1623,459,17
2017-12-13,IN09,540,159,7
2017-12-13,IN10,102,37,2
2017-12-13,IN11,34,11,0
2017-12-13,IN12,175,56,9
2017-12-13,IN13,133,58,5
2017-12-13,IN14,4,2,0
2017-12-13,IN16,1027,281,7
2017-12-13,IN17,25,0,0
2017-12-13,IN18,5,0,0
2017-12-13,IN19,431,123,8
2017-12-13,IN20,20,6,0
2017-12-13,IN21,91,32,0
2017-12-13,IN22,4,0,0
2017-12-13,IN23,109,49,0
2017-12-13,IN24,246,82,5
2017-12-13,IN25,432,160,1
2017-12-13,IN26,36,9,2
2017-12-13,IN28,118,30,3
2017-12-13,IN30,13,1,0
2017-12-13,IN31,4,0,0
2017-12-13,IN33,50,14,0
2017-12-13,IN34,128,33,6
2017-12-13,IN35,263,112,9
2017-12-13,IN36,522,178,10
2017-12-13,IN37,99,38,0
2017-12-13,IN38,52,22,0
2017-12-13,IN39,55,11,0
2017-12-14,IN00,81,23,0
2017-12-14,IN01,5,3,1
2017-12-14,IN02,371,119,3
2017-12-14,IN03,56,20,0
2017-12-14,IN07,1611,411,27
2017-12-14,IN09,900,353,18
2017-12-14,IN10,75,19,0
2017-12-14,IN11,151,42,0
2017-12-14,IN12,205,40,1
2017-12-14,IN13,294,174,6
2017-12-14,IN14,4,0,0
2017-12-14,IN16,1101,326,18
2017-12-14,IN17,17,4,0
2017-12-14,IN19,436,126,15
2017-12-14,IN20,16,3,0
2017-12-14,IN21,96,46,5
2017-12-14,IN22,15,1,0
2017-12-14,IN23,61,24,2
2017-12-14,IN24,286,117,12
2017-12-14,IN25,361,136,4
2017-12-14,IN26,17,12,0
2017-12-14,IN28,140,39,3
2017-12-14,IN30,10,2,0
2017-12-14,IN33,19,10,2
2017-12-14,IN34,97,18,0
2017-12-14,IN35,167,76,2
2017-12-14,IN36,415,139,13
2017-12-14,IN37,59,14,0
2017-12-14,IN38,43,9,0
2017-12-14,IN39,72,16,2
2017-12-15,IN00,104,28,0
2017-12-15,IN02,337,83,10
2017-12-15,IN03,91,20,2
2017-12-15,IN06,1,0,0
2017-12-15,IN07,1390,374,32
2017-12-15,IN09,358,138,1
2017-12-15,IN10,89,41,3
2017-12-15,IN11,146,49,4
2017-12-15,IN12,156,54,8
2017-12-15,IN13,138,54,5
2017-12-15,IN16,825,232,11
2017-12-15,IN17,8,0,0
2017-12-15,IN18,12,2,0
2017-12-15,IN19,385,94,15
2017-12-15,IN20,20,4,0
2017-12-15,IN21,125,36,2
2017-12-15,IN22,11,1,0
2017-12-15,IN23,83,21,5
2017-12-15,IN24,176,71,6
2017-12-15,IN25,389,115,10
2017-12-15,IN26,32,6,3
2017-12-15,IN28,178,47,3
2017-12-15,IN29,2,1,0
2017-12-15,IN30,21,3,0
2017-12-15,IN31,12,1,0
2017-12-15,IN33,19,4,0
2017-12-15,IN34,147,35,5
2017-12-15,IN35,275,125,1
2017-12-15,IN36,603,176,11
2017-12-15,IN37,30,4,0
2017-12-15,IN38,23,2,0
2017-12-15,IN39,91,28,4
2017-12-16,IN00,76,14,0
2017-12-16,IN02,330,82,3
2017-12-16,IN03,72,32,9
2017-12-16,IN06,1,0,0
2017-12-16,IN07,1163,393,19
2017-12-16,IN09,240,82,4
2017-12-16,IN10,86,27,1
2017-12-16,IN11,115,30,0
2017-12-16,IN12,177,40,1
2017-12-16,IN13,94,24,4
2017-12-16,IN14,4,0,0
2017-12-16,IN16,588,199,1
2017-12-16,IN17,3,1,0
2017-12-16,IN18,23,3,0
2017-12-16,IN19,305,103,11
2017-12-16,IN20,22,3,0
2017-12-16,IN21,47,15,1
2017-12-16,IN22,5,4,0
2017-12-16,IN23,90,28,0
2017-12-16,IN24,205,73,11
2017-12-16,IN25,317,98,11
2017-12-16,IN26,43,3,0
2017-12-16,IN28,141,41,1
2017-12-16,IN30,17,3,0
2017-12-16,IN31,42,5,1
2017-12-16,IN33,35,14,0
2017-12-16,IN34,157,78,10
2017-12-16,IN35,204,103,0
2017-12-16,IN36,450,142,5
2017-12-16,IN37,48,10,0
2017-12-16,IN38,65,29,0
2017-12-16,IN39,60,20,0
2017-12-17,IN00,70,30,0
2017-12-17,IN01,9,0,0
2017-12-17,IN02,257,69,5
2017-12-17,IN03,35,7,0
2017-12-17,IN07,878,247,12
2017-12-17,IN09,266,109,8
2017-12-17,IN10,73,36,1
2017-12-17,IN11,132,44,3
2017-12-17,IN12,210,75,7
2017-12-17,IN13,125,48,0
2017-12-17,IN14,5,0,0
2017-12-17,IN16,523,203,7
2017-12-17,IN17,7,0,0
2017-12-17,IN18,15,2,0
2017-12-17,IN19,360,136,3
2017-12-17,IN20,36,13,1
2017-12-17,IN21,93,28,1
2017-12-17,IN22,4,2,0
2017-12-17,IN23,260,118,17
2017-12-17,IN24,150,55,10
2017-12-17,IN25,327,116,9
2017-12-17,IN26,34,6,0
2017-12-17,IN28,200,57,1
2017-12-17,IN30,28,5,0
2017-12-17,IN31,15,3,0
2017-12-17,IN33,45,6,0
2017-12-17,IN34,93,30,3
2017-12-17,IN35,207,100,3
2017-12-17,IN36,443,154,11
2017-12-17,IN37,40,6,0
2017-12-17,IN38,66,25,1
2017-12-17,IN39,123,46,0
2017-12-18,IN00,110,34,1
2017-12-18,IN01,2,0,0
2017-12-18,IN02,272,50,6
2017-12-18,IN03,13,2,0
2017-12-18,IN07,1217,342,15
2017-12-18,IN09,1255,435,43
2017-12-18,IN10,72,22,0
2017-12-18,IN11,660,183,9
2017-12-18,IN12,144,46,2
2017-12-18,IN13,104,27,2
2017-12-18,IN14,15,0,0
2017-12-18,IN16,647,219,4
2017-12-18,IN19,367,97,8
2017-12-18,IN20,42,5,0
2017-12-18,IN21,112,25,0
2017-12-18,IN22,11,1,0
2017-12-18,IN23,117,41,2
2017-12-18,IN24,204,79,8
2017-12-18,IN25,272,76,2
2017-12-18,IN26,68,25,0
2017-12-18,IN28,135,41,0
2017-12-18,IN30,2,2,0
2017-12-18,IN31,1,1,0
2017-12-18,IN33,16,1,0
2017-12-18,IN34,122,36,4
2017-12-18,IN35,242,67,5
2017-12-18,IN36,463,160,5
2017-12-18,IN37,71,21,1
2017-12-18,IN38,16,1,0
2017-12-18,IN39,339,86,2
2017-12-19,IN00,104,24,2
2017-12-19,IN01,6,3,0
2017-12-19,IN02,418,70,3
2017-12-19,IN03,38,9,0
2017-12-19,IN07,1207,329,9
2017-12-19,IN09,613,154,12
2017-12-19,IN10,95,41,0
2017-12-19,IN11,317,80,1
2017-12-19,IN12,292,124,3
2017-12-19,IN13,212,27,2
2017-12-19,IN14,66,4,2
2017-12-19,IN16,810,257,3
2017-12-19,IN17,12,2,0
2017-12-19,IN18,5,3,0
2017-12-19,IN19,471,154,8
2017-12-19,IN20,47,7,0
2017-12-19,IN21,136,43,3
2017-12-19,IN23,55,20,4
2017-12-19,IN24,217,63,1
2017-12-19,IN25,374,81,4
2017-12-19,IN26,61,14,0
2017-12-19,IN28,144,38,3
2017-12-19,IN30,5,1,0
2017-12-19,IN31,15,1,0
2017-12-19,IN33,44,27,0
2017-12-19,IN34,186,69,3
2017-12-19,IN35,233,66,2
2017-12-19,IN36,525,187,5
2017-12-19,IN37,62,18,3
2017-12-19,IN38,42,6,0
2017-12-19,IN39,180,44,5
2017-12-20,IN00,143,37,6
2017-12-20,IN01,4,1,0
2017-12-20,IN02,299,60,5
2017-12-20,IN03,61,11,0
2017-12-20,IN05,1,0,0
2017-12-20,IN07,1485,429,8
2017-12-20,IN09,367,73,10
2017-12-20,IN10,121,59,1
2017-12-20,IN11,167,39,0
2017-12-20,IN12,296,129,4
2017-12-20,IN13,167,50,2
2017-12-20,IN14,5,2,0
2017-12-20,IN16,813,243,10
2017-12-20,IN17,16,1,0
2017-12-20,IN18,12,0,0
2017-12-20,IN19,412,130,21
2017-12-20,IN20,12,4,0
2017-12-20,IN21,78,33,7
2017-12-20,IN22,6,2,0
2017-12-20,IN23,62,20,0
2017-12-20,IN24,200,84,1
2017-12-20,IN25,314,98,0
2017-12-20,IN26,38,6,0
2017-12-20,IN28,236,89,1
2017-12-20,IN30,9,1,0
2017-12-20,IN31,10,0,0
2017-12-20,IN33,33,12,0
2017-12-20,IN34,172,66,8
2017-12-20,IN35,187,52,0
2017-12-20,IN36,486,164,10
2017-12-20,IN37,71,29,2
2017-12-20,IN38,64,20,0
2017-12-20,IN39,138,26,0
2017-12-21,IN00,124,38,5
2017-12-21,IN01,9,3,0
2017-12-21,IN02,367,78,8
2017-12-21,IN03,29,6,0
2017-12-21,IN05,4,0,0
2017-12-21,IN07,1637,456,21
2017-12-21,IN09,274,60,7
2017-12-21,IN10,63,23,0
2017-12-21,IN11,92,23,2
2017-12-21,IN12,261,70,3
2017-12-21,IN13,69,18,0
2017-12-21,IN16,917,240,11
2017-12-21,IN17,8,0,0
2017-12-21,IN18,1,0,0
2017-12-21,IN19,498,116,3
2017-12-21,IN20,34,4,0
2017-12-21,IN21,113,18,2
2017-12-21,IN22,2,0,0
2017-12-21,IN23,90,45,0
2017-12-21,IN24,201,90,5
2017-12-21,IN25,538,174,0
2017-12-21,IN26,28,3,1
2017-12-21,IN28,195,68,6
2017-12-21,IN30,11,5,0
2017-12-21,IN31,12,4,0
2017-12-21,IN33,23,5,0
2017-12-21,IN34,203,82,13
2017-12-21,IN35,153,50,2
2017-12-21,IN36,511,158,7
2017-12-21,IN37,104,40,3
2017-12-21,IN38,14,2,0
2017-12-21,IN39,85,19,0
2017-12-22,IN00,114,38,3
2017-12-22,IN01,4,1,0
2017-12-22,IN02,246,63,1
2017-12-22,IN03,79,13,1
2017-12-22,IN05,1,0,0
2017-12-22,IN07,1413,387,28
2017-12-22,IN09,368,71,2
2017-12-22,IN10,106,37,1
2017-12-22,IN11,67,12,0
2017-12-22,IN12,279,95,4
2017-12-22,IN13,127,41,3
2017-12-22,IN14,3,1,0
2017-12-22,IN16,1062,383,16
2017-12-22,IN17,3,0,0
2017-12-22,IN18,1,1,0
2017-12-22,IN19,504,160,8
2017-12-22,IN20,24,5,0
2017-12-22,IN21,77,23,1
2017-12-22,IN22,5,0,0
2017-12-22,IN23,47,21,2
2017-12-22,IN24,341,92,9
2017-12-22,IN25,369,81,3
2017-12-22,IN26,39,5,1
2017-12-22,IN28,193,56,9
2017-12-22,IN30,2,2,0
2017-12-22,IN33,3,1,0
2017-12-22,IN34,189,41,8
2017-12-22,IN35,173,47,1
2017-12-22,IN36,558,146,7
2017-12-22,IN37,46,12,1
2017-12-22,IN38,61,21,0
2017-12-22,IN39,43,5,0
2017-12-23,IN00,72,16,0
2017-12-23,IN01,5,2,0
2017-12-23,IN02,263,71,3
2017-12-23,IN03,70,11,0
2017-12-23,IN07,961,322,18
2017-12-23,IN09,417,86,2
2017-12-23,IN10,75,35,0
2017-12-23,IN11,80,14,1
2017-12-23,IN12,282,98,4
2017-12-23,IN13,59,13,2
2017-12-23,IN14,1,0,0
2017-12-23,IN16,720,209,11
2017-12-23,IN17,2,0,0
2017-12-23,IN19,347,126,4
2017-12-23,IN20,26,2,0
2017-12-23,IN21,80,28,1
2017-12-23,IN23,81,33,0
2017-12-23,IN24,255,92,15
2017-12-23,IN25,384,65,13
2017-12-23,IN26,18,1,0
2017-12-23,IN28,126,41,3
2017-12-23,IN30,1,0,0
2017-12-23,IN33,29,6,0
2017-12-23,IN34,440,206,10
2017-12-23,IN35,183,96,10
2017-12-23,IN36,483,127,14
2017-12-23,IN37,39,11,1
2017-12-23,IN38,243,103,0
2017-12-23,IN39,97,32,1
2017-12-24,IN00,54,15,1
2017-12-24,IN01,4,3,1
2017-12-24,IN02,214,43,2
2017-12-24,IN03,50,17,0
2017-12-24,IN07,844,219,15
2017-12-24,IN09,240,51,1
2017-12-24,IN10,65,13,1
2017-12-24,IN11,152,11,0
2017-12-24,IN12,295,97,4
2017-12-24,IN13,74,16,1
2017-12-24,IN16,489,129,4
2017-12-24,IN17,22,0,0
2017-12-24,IN18,1,1,0
2017-12-24,IN19,266,90,11
2017-12-24,IN20,23,6,1
2017-12-24,IN21,67,32,3
2017-12-24,IN23,73,13,1
2017-12-24,IN24,136,36,4
2017-12-24,IN25,363,73,1
2017-12-24,IN26,19,2,0
2017-12-24,IN28,167,37,1
2017-12-24,IN33,11,1,0
2017-12-24,IN34,192,73,0
2017-12-24,IN35,140,58,3
2017-12-24,IN36,415,131,4
2017-12-24,IN37,38,18,2
2017-12-24,IN38,47,25,0
2017-12-24,IN39,170,13,0
2017-12-25,IN00,36,6,0
2017-12-25,IN01,16,2,0
2017-12-25,IN02,151,28,0
2017-12-25,IN03,24,5,0
2017-12-25,IN06,1,0,0
2017-12-25,IN07,1184,329,6
2017-12-25,IN09,219,50,3
2017-12-25,IN10,55,15,0
2017-12-25,IN11,69,7,0
2017-12-25,IN12,379,110,0
2017-12-25,IN13,84,9,0
2017-12-25,IN14,7,0,0
2017-12-25,IN16,596,182,7
2017-12-25,IN17,5,2,0
2017-12-25,IN18,22,8,0
2017-12-25,IN19,296,111,6
2017-12-25,IN20,11,3,0
2017-12-25,IN21,64,12,0
2017-12-25,IN22,1,0,0
2017-12-25,IN23,39,17,2
2017-12-25,IN24,115,43,3
2017-12-25,IN25,255,94,0
2017-12-25,IN26,1,1,0
2017-12-25,IN28,165,43,1
2017-12-25,IN33,28,4,0
2017-12-25,IN34,172,45,5
2017-12-25,IN35,125,50,0
2017-12-25,IN36,461,143,6
2017-12-25,IN37,45,10,1
2017-12-25,IN38,33,16,0
2017-12-25,IN39,67,13,0
2017-12-26,IN00,86,17,1
2017-12-26,IN01,10,6,0
2017-12-26,IN02,164,27,1
2017-12-26,IN03,28,3,0
2017-12-26,IN05,8,4,1
2017-12-26,IN06,7,2,0
2017-12-26,IN07,1297,366,7
2017-12-26,IN09,394,64,0
2017-12-26,IN10,54,23,2
2017-12-26,IN11,70,20,2
2017-12-26,IN12,665,361,4
2017-12-26,IN13,98,23,0
2017-12-26,IN14,2,0,0
2017-12-26,IN16,697,232,10
2017-12-26,IN19,480,147,19
2017-12-26,IN20,10,4,0
2017-12-26,IN21,66,18,1
2017-12-26,IN22,17,4,0
2017-12-26,IN23,56,18,1
2017-12-26,IN24,139,39,1
2017-12-26,IN25,337,79,1
2017-12-26,IN26,23,8,0
2017-12-26,IN28,118,29,0
2017-12-26,IN30,6,0,0
2017-12-26,IN31,3,2,0
2017-12-26,IN33,16,4,0
2017-12-26,IN34,332,63,3
2017-12-26,IN35,184,53,1
2017-12-26,IN36,332,120,5
2017-12-26,IN37,24,2,0
2017-12-26,IN38,80,29,1
2017-12-26,IN39,79,9,0
2017-12-27,IN00,88,26,4
2017-12-27,IN01,3,0,0
2017-12-27,IN02,310,70,6
2017-12-27,IN03,23,8,0
2017-12-27,IN05,6,4,1
2017-12-27,IN06,6,3,0
2017-12-27,IN07,1311,418,25
2017-12-27,IN09,148,44,0
2017-12-27,IN10,72,40,2
2017-12-27,IN11,112,22,0
2017-12-27,IN12,380,219,2
2017-12-27,IN13,81,27,0
2017-12-27,IN16,769,236,5
2017-12-27,IN17,17,3,1
2017-12-27,IN19,606,197,43
2017-12-27,IN20,16,7,0
2017-12-27,IN21,86,25,0
2017-12-27,IN22,4,1,0
2017-12-27,IN23,60,21,0
2017-12-27,IN24,227,78,15
2017-12-27,IN25,310,59,1
2017-12-27,IN26,16,6,0
2017-12-27,IN28,171,37,2
2017-12-27,IN30,1,0,0
2017-12-27,IN31,2,1,0
2017-12-27,IN33,15,9,2
2017-12-27,IN34,174,50,2
2017-12-27,IN35,150,44,5
2017-12-27,IN36,594,176,16
2017-12-27,IN37,24,4,0
2017-12-27,IN38,22,7,0
2017-12-27,IN39,90,9,1
2017-12-28,IN00,134,38,1
2017-12-28,IN01,5,0,0
2017-12-28,IN02,268,90,16
2017-12-28,IN03,45,5,0
2017-12-28,IN06,4,0,0
2017-12-28,IN07,1299,382,28
2017-12-28,IN09,205,73,3
2017-12-28,IN10,82,17,1
2017-12-28,IN11,65,15,0
2017-12-28,IN12,372,160,10
2017-12-28,IN13,132,45,0
2017-12-28,IN16,822,251,12
2017-12-28,IN17,12,2,2
2017-12-28,IN18,1,0,0
2017-12-28,IN19,370,134,17
2017-12-28,IN20,48,3,0
2017-12-28,IN21,86,30,1
2017-12-28,IN22,11,4,0
2017-12-28,IN23,106,30,0
2017-12-28,IN24,256,64,4
2017-12-28,IN25,342,78,1
2017-12-28,IN26,12,7,0
2017-12-28,IN28,198,48,0
2017-12-28,IN30,1,0,0
2017-12-28,IN31,2,1,0
2017-12-28,IN33,20,9,0
2017-12-28,IN34,139,43,6
2017-12-28,IN35,125,19,3
2017-12-28,IN36,555,152,6
2017-12-28,IN37,116,56,0
2017-12-28,IN38,30,13,1
2017-12-28,IN39,64,14,1
2017-12-29,IN00,109,23,1
2017-12-29,IN01,2,0,0
2017-12-29,IN02,190,60,0
2017-12-29,IN03,67,21,0
2017-12-29,IN06,4,0,0
2017-12-29,IN07,1097,296,8
2017-12-29,IN09,219,61,0
2017-12-29,IN10,112,39,0
2017-12-29,IN11,113,24,0
2017-12-29,IN12,151,52,2
2017-12-29,IN13,68,20,1
2017-12-29,IN14,5,2,1
2017-12-29,IN16,977,317,12
2017-12-29,IN17,2,0,0
2017-12-29,IN18,3,2,0
2017-12-29,IN19,309,106,4
2017-12-29,IN20,16,2,0
2017-12-29,IN21,99,34,3
2017-12-29,IN22,3,3,0
2017-12-29,IN23,73,22,0
2017-12-29,IN24,182,58,9
2017-12-29,IN25,276,78,5
2017-12-29,IN26,32,14,0
2017-12-29,IN28,191,51,3
2017-12-29,IN30,4,0,0
2017-12-29,IN31,1,1,0
2017-12-29,IN33,14,4,0
2017-12-29,IN34,113,28,6
2017-12-29,IN35,105,21,2
2017-12-29,IN36,495,134,5
2017-12-29,IN37,41,5,0
2017-12-29,IN38,15,3,0
2017-12-29,IN39,71,13,0
2017-12-30,IN00,48,11,0
2017-12-30,IN01,7,1,0
2017-12-30,IN02,178,51,3
2017-12-30,IN03,102,25,1
2017-12-30,IN07,1144,343,24
2017-12-30,IN09,319,89,0
2017-12-30,IN10,78,17,0
2017-12-30,IN11,61,11,0
2017-12-30,IN12,140,38,1
2017-12-30,IN13,119,34,1
2017-12-30,IN14,1,0,0
2017-12-30,IN16,967,375,7
2017-12-30,IN17,9,0,0
2017-12-30,IN19,251,70,0
2017-12-30,IN20,16,8,0
2017-12-30,IN21,83,16,0
2017-12-30,IN22,4,1,0
2017-12-30,IN23,59,17,0
2017-12-30,IN24,188,70,4
2017-12-30,IN25,156,41,1
2017-12-30,IN26,19,4,0
2017-12-30,IN28,115,49,2
2017-12-30,IN30,1,1,0
2017-12-30,IN33,13,4,0
2017-12-30,IN34,117,46,6
2017-12-30,IN35,120,36,1
2017-12-30,IN36,404,169,6
2017-12-30,IN37,17,7,0
2017-12-30,IN38,14,8,0
2017-12-30,IN39,51,8,1
2017-12-31,IN00,52,14,2
2017-12-31,IN01,2,1,0
2017-12-31,IN02,166,48,4
2017-12-31,IN03,42,10,2
2017-12-31,IN06,1,0,0
2017-12-31,IN07,872,242,14
2017-12-31,IN09,171,36,3
2017-12-31,IN10,46,15,2
2017-12-31,IN11,33,7,0
2017-12-31,IN12,360,183,2
2017-12-31,IN13,70,21,2
2017-12-31,IN16,589,242,13
2017-12-31,IN17,37,3,2
2017-12-31,IN19,293,76,3
2017-12-31,IN20,18,2,0
2017-12-31,IN21,64,13,1
2017-12-31,IN22,2,0,0
2017-12-31,IN23,63,20,2
2017-12-31,IN24,145,22,0
2017-12-31,IN25,441,100,9
2017-12-31,IN26,42,27,0
2017-12-31,IN28,115,32,4
2017-12-31,IN30,5,4,0
2017-12-31,IN31,2,1,0
2017-12-31,IN33,17,3,0
2017-12-31,IN34,80,33,0
2017-12-31,IN35,96,21,8
2017-12-31,IN36,406,132,5
2017-12-31,IN37,26,9,1
2017-12-31,IN38,8,3,0
2017-12-31,IN39,75,8,1
2018-01-01,IN00,59,17,1
2018-01-01,IN01,7,0,0
2018-01-01,IN02,197,66,7
2018-01-01,IN03,83,18,0
2018-01-01,IN07,821,219,17
2018-01-01,IN09,200,39,3
2018-01-01,IN10,67,21,1
2018-01-01,IN11,8,2,0
2018-01-01,IN12,329,159,4
2018-01-01,IN13,99,27,4
2018-01-01,IN16,750,296,18
2018-01-01,IN17,10,0,0
2018-01-01,IN18,3,1,0
2018-01-01,IN19,325,104,10
2018-01-01,IN20,15,2,0
2018-01-01,IN21,83,12,0
2018-01-01,IN22,4,0,0
2018-01-01,IN23,50,18,0
2018-01-01,IN24,147,26,2
2018-01-01,IN25,272,73,12
2018-01-01,IN26,39,13,0
2018-01-01,IN28,116,25,0
2018-01-01,IN30,4,3,0
2018-01-01,IN33,15,5,0
2018-01-01,IN34,85,18,0
2018-01-01,IN35,84,20,4
2018-01-01,IN36,262,80,2
2018-01-01,IN37,25,4,1
2018-01-01,IN38,11,1,0
2018-01-01,IN39,61,11,3
2018-01-02,IN00,67,16,0
2018-01-02,IN01,4,0,0
2018-01-02,IN02,201,63,7
2018-01-02,IN03,70,18,3
2018-01-02,IN06,4,0,0
2018-01-02,IN07,1155,298,20
2018-01-02,IN09,170,49,5
2018-01-02,IN10,143,65,1
2018-01-02,IN11,47,30,4
2018-01-02,IN12,233,116,4
2018-01-02,IN13,55,20,12
2018-01-02,IN16,2020,1019,96
2018-01-02,IN17,4,0,0
2018-01-02,IN19,396,86,15
2018-01-02,IN20,20,3,0
2018-01-02,IN21,92,29,3
2018-01-02,IN22,2,0,0
2018-01-02,IN23,54,18,0
2018-01-02,IN24,188,51,8
2018-01-02,IN25,239,67,17
2018-01-02,IN26,28,4,0
2018-01-02,IN28,164,48,3
2018-01-02,IN30,9,2,0
2018-01-02,IN31,6,2,0
2018-01-02,IN33,20,2,0
2018-01-02,IN34,130,39,7
2018-01-02,IN35,125,46,0
2018-01-02,IN36,312,88,3
2018-01-02,IN37,25,7,0
2018-01-02,IN38,51,21,3
2018-01-02,IN39,96,27,8
2018-01-03,IN00,122,25,2
2018-01-03,IN01,4,0,0
2018-01-03,IN02,367,108,17
2018-01-03,IN03,99,32,0
2018-01-03,IN07,1422,413,36
2018-01-03,IN09,196,66,11
2018-01-03,IN10,99,50,0
2018-01-03,IN11,44,14,0
2018-01-03,IN12,319,120,2
2018-01-03,IN13,98,32,10
2018-01-03,IN14,1,0,0
2018-01-03,IN16,2646,1325,212
2018-01-03,IN17,10,2,0
2018-01-03,IN19,409,147,17
2018-01-03,IN20,32,3,0
2018-01-03,IN21,81,12,3
2018-01-03,IN22,26,0,0
2018-01-03,IN23,88,39,8
2018-01-03,IN24,236,109,12
2018-01-03,IN25,337,99,18
2018-01-03,IN26,59,27,0
2018-01-03,IN28,183,58,7
2018-01-03,IN30,9,7,1
2018-01-03,IN33,27,8,0
2018-01-03,IN34,167,76,6
2018-01-03,IN35,155,64,4
2018-01-03,IN36,536,175,7
2018-01-03,IN37,37,6,1
2018-01-03,IN38,72,27,2
2018-01-03,IN39,34,9,2
2018-01-04,IN00,140,37,5
2018-01-04,IN01,3,0,0
2018-01-04,IN02,264,71,5
2018-01-04,IN03,66,16,0
2018-01-04,IN06,5,0,0
2018-01-04,IN07,1152,372,21
2018-01-04,IN09,198,98,17
2018-01-04,IN10,92,43,2
2018-01-04,IN11,42,18,2
2018-01-04,IN12,235,76,2
2018-01-04,IN13,200,74,1
2018-01-04,IN14,2,0,0
2018-01-04,IN16,1928,905,124
2018-01-04,IN17,30,5,0
2018-01-04,IN19,475,216,13
2018-01-04,IN20,8,0,0
2018-01-04,IN21,75,24,3
2018-01-04,IN22,9,0,0
2018-01-04,IN23,62,21,1
2018-01-04,IN24,259,101,5
2018-01-04,IN25,306,62,1
2018-01-04,IN26,73,32,0
2018-01-04,IN28,145,42,0
2018-01-04,IN30,4,1,0
2018-01-04,IN31,1,0,0
2018-01-04,IN33,17,1,0
2018-01-04,IN34,166,74,0
2018-01-04,IN35,185,56,6
2018-01-04,IN36,519,152,11
2018-01-04,IN37,42,12,2
2018-01-04,IN38,46,15,0
2018-01-04,IN39,39,8,0
2018-01-05,IN00,87,23,1
2018-01-05,IN01,15,7,0
2018-01-05,IN02,214,63,6
2018-01-05,IN03,36,13,1
2018-01-05,IN05,1,1,0
2018-01-05,IN07,1094,339,18
2018-01-05,IN09,158,58,7
2018-01-05,IN10,133,57,2
2018-01-05,IN11,8,4,0
2018-01-05,IN12,138,35,3
2018-01-05,IN13,151,38,1
2018-01-05,IN16,1193,510,51
2018-01-05,IN17,6,0,0
2018-01-05,IN18,6,1,0
2018-01-05,IN19,423,199,18
2018-01-05,IN20,13,4,0
2018-01-05,IN21,116,30,0
2018-01-05,IN22,7,0,0
2018-01-05,IN23,104,34,0
2018-01-05,IN24,192,77,3
2018-01-05,IN25,319,86,4
2018-01-05,IN26,32,11,0
2018-01-05,IN28,200,68,3
2018-01-05,IN30,11,5,1
2018-01-05,IN31,10,2,0
2018-01-05,IN33,32,9,0
2018-01-05,IN34,105,38,4
2018-01-05,IN35,224,89,6
2018-01-05,IN36,457,128,17
2018-01-05,IN37,27,7,0
2018-01-05,IN38,49,11,0
2018-01-05,IN39,61,17,0
2018-01-06,IN00,62,25,0
2018-01-06,IN01,4,2,0
2018-01-06,IN02,220,53,1
2018-01-06,IN03,53,8,5
2018-01-06,IN06,5,2,0
2018-01-06,IN07,855,223,9
2018-01-06,IN09,64,25,1
2018-01-06,IN10,83,42,0
2018-01-06,IN11,16,0,0
2018-01-06,IN12,258,117,1
2018-01-06,IN13,131,35,4
2018-01-06,IN14,3,0,0
2018-01-06,IN16,841,362,27
2018-01-06,IN17,7,3,0
2018-01-06,IN18,7,2,1
2018-01-06,IN19,327,117,15
2018-01-06,IN20,17,0,0
2018-01-06,IN21,106,46,0
2018-01-06,IN22,8,4,0
2018-01-06,IN23,93,40,0
2018-01-06,IN24,290,94,3
2018-01-06,IN25,311,75,2
2018-01-06,IN26,68,12,1
2018-01-06,IN28,121,40,1
2018-01-06,IN30,1,0,0
2018-01-06,IN33,15,6,0
2018-01-06,IN34,389,158,11
2018-01-06,IN35,181,38,1
2018-01-06,IN36,325,112,11
2018-01-06,IN37,40,9,4
2018-01-06,IN38,150,76,0
2018-01-06,IN39,56,24,0
2018-01-07,IN00,30,8,0
2018-01-07,IN02,164,36,5
2018-01-07,IN03,72,9,0
2018-01-07,IN05,2,2,0
2018-01-07,IN06,3,0,0
2018-01-07,IN07,795,225,7
2018-01-07,IN09,192,67,13
2018-01-07,IN10,56,17,0
2018-01-07,IN11,41,15,0
2018-01-07,IN12,277,126,1
2018-01-07,IN13,63,28,4
2018-01-07,IN14,3,3,0
2018-01-07,IN16,683,223,14
2018-01-07,IN17,5,2,0
2018-01-07,IN18,4,0,0
2018-01-07,IN19,325,121,4
2018-01-07,IN20,30,10,0
2018-01-07,IN21,95,11,1
2018-01-07,IN22,12,1,0
2018-01-07,IN23,74,28,2
2018-01-07,IN24,209,76,12
2018-01-07,IN25,195,59,6
2018-01-07,IN26,47,17,0
2018-01-07,IN28,111,22,0
2018-01-07,IN30,3,0,0
2018-01-07,IN31,1,1,0
2018-01-07,IN33,7,1,0
2018-01-07,IN34,132,47,1
2018-01-07,IN35,188,40,1
2018-01-07,IN36,429,148,8
2018-01-07,IN37,21,3,0
2018-01-07,IN38,76,28,0
2018-01-07,IN39,30,8,0
2018-01-08,IN00,99,22,0
2018-01-08,IN01,11,1,0
2018-01-08,IN02,199,44,5
2018-01-08,IN03,80,14,1
2018-01-08,IN05,8,1,0
2018-01-08,IN07,1370,380,26
2018-01-08,IN09,163,41,3
2018-01-08,IN10,113,40,0
2018-01-08,IN11,24,11,2
2018-01-08,IN12,244,89,2
2018-01-08,IN13,146,47,4
2018-01-08,IN16,1132,394,22
2018-01-08,IN17,8,3,0
2018-01-08,IN18,18,9,0
2018-01-08,IN19,505,161,4
2018-01-08,IN20,22,5,0
2018-01-08,IN21,94,24,2
2018-01-08,IN22,2,1,0
2018-01-08,IN23,25,16,0
2018-01-08,IN24,268,118,4
2018-01-08,IN25,333,102,3
2018-01-08,IN26,24,5,1
2018-01-08,IN28,127,31,0
2018-01-08,IN31,6,0,0
2018-01-08,IN33,16,5,0
2018-01-08,IN34,146,49,1
2018-01-08,IN35,166,43,5
2018-01-08,IN36,491,157,7
2018-01-08,IN37,32,11,1
2018-01-08,IN38,48,16,0
2018-01-08,IN39,42,6,0
2018-01-09,IN00,89,21,2
2018-01-09,IN01,1,0,0
2018-01-09,IN02,233,62,2
2018-01-09,IN03,80,19,2
2018-01-09,IN05,13,9,1
2018-01-09,IN06,7,2,0
2018-01-09,IN07,1652,496,38
2018-01-09,IN09,215,55,7
2018-01-09,IN10,100,43,1
2018-01-09,IN11,95,50,7
2018-01-09,IN12,316,105,0
2018-01-09,IN13,123,37,0
2018-01-09,IN16,1044,378,23
2018-01-09,IN17,10,5,1
2018-01-09,IN18,9,3,0
2018-01-09,IN19,499,149,5
2018-01-09,IN20,32,0,0
2018-01-09,IN21,62,12,2
2018-01-09,IN22,7,1,0
2018-01-09,IN23,90,33,1
2018-01-09,IN24,128,46,4
2018-01-09,IN25,201,71,2
2018-01-09,IN26,13,6,1
2018-01-09,IN28,180,64,0
2018-01-09,IN30,1,0,0
2018-01-09,IN31,2,0,0
2018-01-09,IN33,17,2,0
2018-01-09,IN34,148,49,1
2018-01-09,IN35,154,56,3
2018-01-09,IN36,556,177,8
2018-01-09,IN37,61,16,0
2018-01-09,IN38,58,26,0
2018-01-09,IN39,48,15,0
2018-01-10,IN00,134,39,4
2018-01-10,IN01,4,2,0
2018-01-10,IN02,306,76,3
2018-01-10,IN03,66,17,5
2018-01-10,IN05,1,0,0
2018-01-10,IN06,2,0,0
2018-01-10,IN07,1585,426,20
2018-01-10,IN09,227,83,6
2018-01-10,IN10,64,25,0
2018-01-10,IN11,27,7,0
2018-01-10,IN12,240,73,3
2018-01-10,IN13,183,51,0
2018-01-10,IN16,1130,376,20
2018-01-10,IN17,6,0,0
2018-01-10,IN18,2,1,1
2018-01-10,IN19,741,304,11
2018-01-10,IN20,58,2,0
2018-01-10,IN21,87,7,0
2018-01-10,IN22,7,2,1
2018-01-10,IN23,52,26,0
2018-01-10,IN24,135,45,0
2018-01-10,IN25,391,90,4
2018-01-10,IN26,19,1,0
2018-01-10,IN28,247,76,6
2018-01-10,IN30,1,0,0
2018-01-10,IN31,7,0,0
2018-01-10,IN33,40,9,1
2018-01-10,IN34,153,39,1
2018-01-10,IN35,176,51,11
2018-01-10,IN36,501,180,13
2018-01-10,IN37,53,19,0
2018-01-10,IN38,37,15,0
2018-01-10,IN39,65,21,8
2018-01-11,IN00,97,28,2
2018-01-11,IN01,9,1,0
2018-01-11,IN02,334,99,8
2018-01-11,IN03,91,14,0
2018-01-11,IN05,4,2,0
2018-01-11,IN07,1823,507,14
2018-01-11,IN09,360,75,5
2018-01-11,IN10,129,46,1
2018-01-11,IN11,49,28,1
2018-01-11,IN12,304,107,5
2018-01-11,IN13,218,60,4
2018-01-11,IN16,1468,483,23
2018-01-11,IN17,4,1,0
2018-01-11,IN18,9,4,0
2018-01-11,IN19,562,206,8
2018-01-11,IN20,63,4,0
2018-01-11,IN21,109,22,0
2018-01-11,IN22,3,0,0
2018-01-11,IN23,75,21,2
2018-01-11,IN24,244,62,2
2018-01-11,IN25,448,119,3
2018-01-11,IN26,14,0,0
2018-01-11,IN28,301,96,7
2018-01-11,IN30,1,0,0
2018-01-11,IN33,23,7,0
2018-01-11,IN34,257,85,9
2018-01-11,IN35,189,48,0
2018-01-11,IN36,601,141,5
2018-01-11,IN37,99,28,1
2018-01-11,IN38,42,4,0
2018-01-11,IN39,87,18,1
2018-01-12,IN00,99,34,1
2018-01-12,IN01,7,0,0
2018-01-12,IN02,361,98,5
2018-01-12,IN03,55,12,1
2018-01-12,IN06,5,0,0
2018-01-12,IN07,1636,508,25
2018-01-12,IN09,213,41,1
2018-01-12,IN10,100,22,0
2018-01-12,IN11,32,15,3
2018-01-12,IN12,203,69,2
2018-01-12,IN13,123,34,7
2018-01-12,IN16,1513,504,75
2018-01-12,IN17,20,8,1
2018-01-12,IN18,11,3,0
2018-01-12,IN19,490,141,12
2018-01-12,IN20,48,7,0
2018-01-12,IN21,108,24,0
2018-01-12,IN22,1,1,0
2018-01-12,IN23,58,14,0
2018-01-12,IN24,209,90,13
2018-01-12,IN25,382,88,0
2018-01-12,IN26,59,15,1
2018-01-12,IN28,281,106,4
2018-01-12,IN30,7,5,0
2018-01-12,IN33,43,18,0
2018-01-12,IN34,189,74,0
2018-01-12,IN35,185,46,5
2018-01-12,IN36,439,154,5
2018-01-12,IN37,124,39,3
2018-01-12,IN38,27,14,1
2018-01-12,IN39,63,16,0
2018-01-13,IN00,115,39,0
2018-01-13,IN01,14,3,0
2018-01-13,IN02,246,59,1
2018-01-13,IN03,38,8,0
2018-01-13,IN07,1297,374,18
2018-01-13,IN09,224,46,0
2018-01-13,IN10,76,24,2
2018-01-13,IN11,10,6,0
2018-01-13,IN12,237,111,0
2018-01-13,IN13,106,24,0
2018-01-13,IN16,1101,316,30
2018-01-13,IN17,7,0,0
2018-01-13,IN18,3,1,0
2018-01-13,IN19,434,151,25
2018-01-13,IN20,40,9,0
2018-01-13,IN21,84,26,3
2018-01-13,IN22,2,1,0
2018-01-13,IN23,65,13,1
2018-01-13,IN24,108,46,0
2018-01-13,IN25,291,86,3
2018-01-13,IN26,2,0,0
2018-01-13,IN28,224,77,3
2018-01-13,IN30,2,1,0
2018-01-13,IN31,2,1,0
2018-01-13,IN33,15,1,0
2018-01-13,IN34,145,73,3
2018-01-13,IN35,105,39,4
2018-01-13,IN36,366,134,8
2018-01-13,IN37,41,7,0
2018-01-13,IN38,32,6,0
2018-01-13,IN39,55,12,0
2018-01-14,IN00,107,34,2
2018-01-14,IN01,6,0,0
2018-01-14,IN02,279,45,2
2018-01-14,IN03,27,8,0
2018-01-14,IN05,4,1,0
2018-01-14,IN07,1679,341,18
2018-01-14,IN09,302,51,1
2018-01-14,IN10,110,44,2
2018-01-14,IN11,45,8,0
2018-01-14,IN12,134,49,5
2018-01-14,IN13,119,25,3
2018-01-14,IN16,1279,258,4
2018-01-14,IN17,4,0,0
2018-01-14,IN18,2,0,0
2018-01-14,IN19,341,113,11
2018-01-14,IN20,26,2,0
2018-01-14,IN21,92,17,0
2018-01-14,IN22,1,0,0
2018-01-14,IN23,88,46,3
2018-01-14,IN24,147,24,2
2018-01-14,IN25,195,42,8
2018-01-14,IN26,23,7,0
2018-01-14,IN28,229,57,5
2018-01-14,IN30,4,0,0
2018-01-14,IN33,18,4,0
2018-01-14,IN34,132,57,0
2018-01-14,IN35,172,52,5
2018-01-14,IN36,489,133,6
2018-01-14,IN37,42,7,2
2018-01-14,IN38,37,17,0
2018-01-14,IN39,54,12,0
2018-01-15,IN00,108,28,6
2018-01-15,IN01,2,0,0
2018-01-15,IN02,290,61,2
2018-01-15,IN03,34,7,0
2018-01-15,IN06,2,0,0
2018-01-15,IN07,2019,447,28
2018-01-15,IN09,477,89,15
2018-01-15,IN10,322,170,0
2018-01-15,IN11,23,5,1
2018-01-15,IN12,492,243,22
2018-01-15,IN13,108,32,3
2018-01-15,IN16,1620,449,22
2018-01-15,IN17,5,1,0
2018-01-15,IN18,30,7,0
2018-01-15,IN19,404,100,13
2018-01-15,IN20,39,7,1
2018-01-15,IN21,84,15,2
2018-01-15,IN22,1,0,0
2018-01-15,IN23,59,20,2
2018-01-15,IN24,268,76,4
2018-01-15,IN25,255,52,3
2018-01-15,IN26,76,17,2
2018-01-15,IN28,248,89,7
2018-01-15,IN30,7,0,0
2018-01-15,IN33,15,5,0
2018-01-15,IN34,115,49,0
2018-01-15,IN35,218,73,10
2018-01-15,IN36,901,196,22
2018-01-15,IN37,46,12,2
2018-01-15,IN38,27,3,0
2018-01-15,IN39,49,10,0
2018-01-16,IN00,115,10,1
2018-01-16,IN01,3,1,0
2018-01-16,IN02,340,81,4
2018-01-16,IN03,34,10,0
2018-01-16,IN05,6,5,0
2018-01-16,IN06,1,0,0
2018-01-16,IN07,1793,408,13
2018-01-16,IN09,460,121,15
2018-01-16,IN10,219,120,3
2018-01-16,IN11,27,8,1
2018-01-16,IN12,308,121,5
2018-01-16,IN13,154,32,1
2018-01-16,IN16,1742,492,42
2018-01-16,IN17,12,1,0
2018-01-16,IN19,341,107,6
2018-01-16,IN20,44,8,0
2018-01-16,IN21,136,44,0
2018-01-16,IN22,2,1,0
2018-01-16,IN23,85,25,0
2018-01-16,IN24,371,103,12
2018-01-16,IN25,223,80,2
2018-01-16,IN26,58,23,0
2018-01-16,IN28,199,58,8
2018-01-16,IN30,5,4,0
2018-01-16,IN31,2,1,0
2018-01-16,IN33,34,6,0
2018-01-16,IN34,157,21,0
2018-01-16,IN35,236,89,2
2018-01-16,IN36,826,236,17
2018-01-16,IN37,12,2,0
2018-01-16,IN38,31,5,0
2018-01-16,IN39,69,23,0
2018-01-17,IN00,109,26,0
2018-01-17,IN02,315,75,4
2018-01-17,IN03,45,8,0
2018-01-17,IN06,2,0,0
2018-01-17,IN07,1524,400,25
2018-01-17,IN09,595,86,5
2018-01-17,IN10,437,244,9
2018-01-17,IN11,17,7,0
2018-01-17,IN12,269,119,6
2018-01-17,IN13,54,15,3
2018-01-17,IN16,1556,430,25
2018-01-17,IN18,1,1,0
2018-01-17,IN19,346,88,12
2018-01-17,IN20,28,9,0
2018-01-17,IN21,98,31,0
2018-01-17,IN22,4,0,0
2018-01-17,IN23,62,15,0
2018-01-17,IN24,286,99,3
2018-01-17,IN25,445,113,1
2018-01-17,IN26,42,8,0
2018-01-17,IN28,265,35,4
2018-01-17,IN31,6,4,0
2018-01-17,IN33,28,11,0
2018-01-17,IN34,100,33,0
2018-01-17,IN35,243,94,5
2018-01-17,IN36,724,260,11
2018-01-17,IN37,36,7,3
2018-01-17,IN38,28,9,0
2018-01-17,IN39,117,35,0
2018-01-18,IN00,122,30,0
2018-01-18,IN01,2,0,0
2018-01-18,IN02,340,84,5
2018-01-18,IN03,63,9,0
2018-01-18,IN07,1540,409,19
2018-01-18,IN09,328,98,11
2018-01-18,IN10,352,170,7
2018-01-18,IN11,57,36,0
2018-01-18,IN12,281,120,7
2018-01-18,IN13,142,53,0
2018-01-18,IN16,1483,391,35
2018-01-18,IN18,4,2,0
2018-01-18,IN19,328,100,4
2018-01-18,IN20,81,18,3
2018-01-18,IN21,121,48,4
2018-01-18,IN22,19,1,0
2018-01-18,IN23,87,21,0
2018-01-18,IN24,237,94,12
2018-01-18,IN25,535,140,9
2018-01-18,IN26,66,12,1
2018-01-18,IN28,177,43,1
2018-01-18,IN30,4,1,0
2018-01-18,IN33,13,2,0
2018-01-18,IN34,137,52,3
2018-01-18,IN35,375,144,9
2018-01-18,IN36,723,247,15
2018-01-18,IN37,33,22,5
2018-01-18,IN38,45,11,0
2018-01-18,IN39,71,16,0
2018-01-19,IN00,100,19,0
2018-01-19,IN01,2,2,0
2018-01-19,IN02,404,97,4
2018-01-19,IN03,46,17,2
2018-01-19,IN06,4,2,0
2018-01-19,IN07,1820,468,18
2018-01-19,IN09,160,42,4
2018-01-19,IN10,253,111,4
2018-01-19,IN11,27,5,0
2018-01-19,IN12,368,192,14
2018-01-19,IN13,202,85,0
2018-01-19,IN16,1062,395,21
2018-01-19,IN17,1,1,0
2018-01-19,IN18,11,1,0
2018-01-19,IN19,459,112,1
2018-01-19,IN20,72,15,3
2018-01-19,IN21,146,45,2
2018-01-19,IN22,6,1,0
2018-01-19,IN23,82,25,2
2018-01-19,IN24,197,96,9
2018-01-19,IN25,273,69,2
2018-01-19,IN26,67,12,1
2018-01-19,IN28,227,68,1
2018-01-19,IN33,30,12,0
2018-01-19,IN34,210,83,3
2018-01-19,IN35,305,125,5
2018-01-19,IN36,525,161,9
2018-01-19,IN37,39,17,0
2018-01-19,IN38,35,17,3
2018-01-19,IN39,91,22,0
2018-01-20,IN00,67,14,0
2018-01-20,IN01,16,0,0
2018-01-20,IN02,337,88,14
2018-01-20,IN03,39,20,3
2018-01-20,IN05,2,2,0
2018-01-20,IN06,6,2,0
2018-01-20,IN07,1285,360,22
2018-01-20,IN09,245,43,6
2018-01-20,IN10,331,151,6
2018-01-20,IN11,35,9,2
2018-01-20,IN12,256,131,2
2018-01-20,IN13,214,126,1
2018-01-20,IN14,2,2,0
2018-01-20,IN16,835,273,18
2018-01-20,IN17,9,0,0
2018-01-20,IN18,2,0,0
2018-01-20,IN19,401,143,12
2018-01-20,IN20,23,10,1
2018-01-20,IN21,131,38,3
2018-01-20,IN22,22,7,3
2018-01-20,IN23,86,20,0
2018-01-20,IN24,236,67,3
2018-01-20,IN25,317,136,11
2018-01-20,IN26,19,10,0
2018-01-20,IN28,182,57,1
2018-01-20,IN31,4,2,0
2018-01-20,IN33,28,15,2
2018-01-20,IN34,205,65,0
2018-01-20,IN35,222,109,10
2018-01-20,IN36,456,146,15
2018-01-20,IN37,24,3,0
2018-01-20,IN38,17,4,0
2018-01-20,IN39,69,33,0
2018-01-21,IN00,68,8,0
2018-01-21,IN01,8,0,0
2018-01-21,IN02,220,36,5
2018-01-21,IN03,37,7,2
2018-01-21,IN05,2,0,0
2018-01-21,IN06,6,0,0
2018-01-21,IN07,1252,353,22
2018-01-21,IN09,342,137,29
2018-01-21,IN10,366,196,10
2018-01-21,IN11,22,8,0
2018-01-21,IN12,285,111,4
2018-01-21,IN13,98,50,2
2018-01-21,IN16,748,192,12
2018-01-21,IN17,23,6,0
2018-01-21,IN19,282,104,11
2018-01-21,IN20,46,8,1
2018-01-21,IN21,105,35,3
2018-01-21,IN22,21,7,0
2018-01-21,IN23,53,19,1
2018-01-21,IN24,222,83,12
2018-01-21,IN25,203,67,17
2018-01-21,IN26,68,11,0
2018-01-21,IN28,175,60,2
2018-01-21,IN30,2,0,0
2018-01-21,IN33,10,0,0
2018-01-21,IN34,123,53,12
2018-01-21,IN35,212,90,13
2018-01-21,IN36,389,134,17
2018-01-21,IN37,41,6,0
2018-01-21,IN38,7,2,0
2018-01-21,IN39,62,14,0
2018-01-22,IN00,107,31,0
2018-01-22,IN01,12,7,0
2018-01-22,IN02,338,86,10
2018-01-22,IN03,54,12,0
2018-01-22,IN05,6,1,0
2018-01-22,IN07,1935,568,29
2018-01-22,IN09,388,186,40
2018-01-22,IN10,263,110,8
2018-01-22,IN11,34,12,0
2018-01-22,IN12,309,114,14
2018-01-22,IN13,198,72,2
2018-01-22,IN16,1189,411,23
2018-01-22,IN17,21,2,0
2018-01-22,IN18,4,0,0
2018-01-22,IN19,501,150,14
2018-01-22,IN20,66,23,4
2018-01-22,IN21,139,35,0
2018-01-22,IN22,2,0,0
2018-01-22,IN23,176,9,1
2018-01-22,IN24,258,108,18
2018-01-22,IN25,303,110,25
2018-01-22,IN26,63,14,0
2018-01-22,IN28,185,41,1
2018-01-22,IN30,2,0,0
2018-01-22,IN31,62,0,0
2018-01-22,IN33,8,0,0
2018-01-22,IN34,68,20,1
2018-01-22,IN35,338,126,27
2018-01-22,IN36,627,222,2
2018-01-22,IN37,52,4,0
2018-01-22,IN38,25,6,0
2018-01-22,IN39,68,8,0
2018-01-23,IN00,99,22,1
2018-01-23,IN01,4,1,0
2018-01-23,IN02,397,92,10
2018-01-23,IN03,97,48,5
2018-01-23,IN07,1745,421,22
2018-01-23,IN09,446,203,32
2018-01-23,IN10,250,95,6
2018-01-23,IN11,52,16,0
2018-01-23,IN12,234,69,4
2018-01-23,IN13,158,30,2
2018-01-23,IN14,4,0,0
2018-01-23,IN16,1222,373,20
2018-01-23,IN17,19,6,0
2018-01-23,IN18,21,12,0
2018-01-23,IN19,502,136,16
2018-01-23,IN20,70,17,1
2018-01-23,IN21,156,51,10
2018-01-23,IN22,9,1,0
2018-01-23,IN23,173,43,5
2018-01-23,IN24,473,171,13
2018-01-23,IN25,323,106,16
2018-01-23,IN26,38,12,0
2018-01-23,IN28,214,42,2
2018-01-23,IN31,41,0,0
2018-01-23,IN33,13,0,0
2018-01-23,IN34,171,53,4
2018-01-23,IN35,408,182,47
2018-01-23,IN36,648,251,27
2018-01-23,IN37,64,25,9
2018-01-23,IN38,57,10,0
2018-01-23,IN39,58,13,2
2018-01-24,IN00,85,28,2
2018-01-24,IN01,4,0,0
2018-01-24,IN02,421,95,11
2018-01-24,IN03,33,7,0
2018-01-24,IN06,3,0,0
2018-01-24,IN07,1517,359,29
2018-01-24,IN09,447,222,39
2018-01-24,IN10,357,224,46
2018-01-24,IN11,9,3,0
2018-01-24,IN12,322,121,12
2018-01-24,IN13,153,42,0
2018-01-24,IN16,1087,362,38
2018-01-24,IN17,9,0,0
2018-01-24,IN18,12,7,2
2018-01-24,IN19,589,145,13
2018-01-24,IN20,22,4,1
2018-01-24,IN21,116,47,6
2018-01-24,IN22,3,2,0
2018-01-24,IN23,164,57,12
2018-01-24,IN24,387,187,30
2018-01-24,IN25,345,161,23
2018-01-24,IN26,28,9,0
2018-01-24,IN28,119,42,0
2018-01-24,IN30,3,3,0
2018-01-24,IN31,6,0,0
2018-01-24,IN33,10,0,0
2018-01-24,IN34,241,103,14
2018-01-24,IN35,340,155,24
2018-01-24,IN36,532,230,37
2018-01-24,IN37,80,31,11
2018-01-24,IN38,125,71,0
2018-01-24,IN39,52,18,2
2018-01-25,IN00,141,48,4
2018-01-25,IN01,2,1,0
2018-01-25,IN02,454,130,7
2018-01-25,IN03,73,19,3
2018-01-25,IN05,2,0,0
2018-01-25,IN06,3,0,0
2018-01-25,IN07,2136,574,59
2018-01-25,IN09,313,131,27
2018-01-25,IN10,625,372,56
2018-01-25,IN11,49,12,0
2018-01-25,IN12,233,111,11
2018-01-25,IN13,271,114,9
2018-01-25,IN14,10,1,0
2018-01-25,IN16,929,340,36
2018-01-25,IN17,28,1,0
2018-01-25,IN19,816,251,36
2018-01-25,IN20,51,19,1
2018-01-25,IN21,121,31,3
2018-01-25,IN22,8,1,0
2018-01-25,IN23,120,40,2
2018-01-25,IN24,364,175,35
2018-01-25,IN25,309,107,13
2018-01-25,IN26,43,16,3
2018-01-25,IN28,201,62,2
2018-01-25,IN31,6,1,0
2018-01-25,IN33,25,3,0
2018-01-25,IN34,171,88,22
2018-01-25,IN35,481,252,38
2018-01-25,IN36,662,300,49
2018-01-25,IN37,58,37,5
2018-01-25,IN38,55,23,0
2018-01-25,IN39,77,46,7
2018-01-26,IN00,112,22,2
2018-01-26,IN02,316,88,6
2018-01-26,IN03,57,11,0
2018-01-26,IN05,7,4,0
2018-01-26,IN06,2,0,0
2018-01-26,IN07,1740,336,22
2018-01-26,IN09,229,73,8
2018-01-26,IN10,159,88,10
2018-01-26,IN11,47,5,0
2018-01-26,IN12,345,145,16
2018-01-26,IN13,125,19,0
2018-01-26,IN16,683,216,28
2018-01-26,IN17,82,8,0
2018-01-26,IN18,35,1,0
2018-01-26,IN19,328,100,3
2018-01-26,IN20,32,8,3
2018-01-26,IN21,98,35,6
2018-01-26,IN22,8,0,0
2018-01-26,IN23,88,42,1
2018-01-26,IN24,256,94,8
2018-01-26,IN25,285,92,1
2018-01-26,IN26,40,10,0
2018-01-26,IN28,175,37,0
2018-01-26,IN30,12,0,0
2018-01-26,IN31,17,4,0
2018-01-26,IN33,4,0,0
2018-01-26,IN34,87,35,8
2018-01-26,IN35,153,58,7
2018-01-26,IN36,459,169,15
2018-01-26,IN37,59,17,4
2018-01-26,IN38,47,3,0
2018-01-26,IN39,65,14,2
2018-01-27,IN00,74,17,0
2018-01-27,IN01,5,0,0
2018-01-27,IN02,288,74,2
2018-01-27,IN03,34,14,2
2018-01-27,IN06,6,1,0
2018-01-27,IN07,1280,308,30
2018-01-27,IN09,122,48,2
2018-01-27,IN10,118,62,9
2018-01-27,IN11,19,1,0
2018-01-27,IN12,306,125,15
2018-01-27,IN13,143,61,10
2018-01-27,IN16,469,160,13
2018-01-27,IN17,6,0,0
2018-01-27,IN18,10,6,0
2018-01-27,IN19,482,152,10
2018-01-27,IN20,55,9,6
2018-01-27,IN21,58,15,2
2018-01-27,IN22,1,0,0
2018-01-27,IN23,113,54,1
2018-01-27,IN24,300,119,4
2018-01-27,IN25,329,116,8
2018-01-27,IN26,86,32,1
2018-01-27,IN28,146,32,0
2018-01-27,IN30,18,5,0
2018-01-27,IN31,5,0,0
2018-01-27,IN33,22,6,0
2018-01-27,IN34,91,27,0
2018-01-27,IN35,135,57,3
2018-01-27,IN36,453,187,11
2018-01-27,IN37,32,16,2
2018-01-27,IN38,34,9,0
2018-01-27,IN39,49,13,0
2018-01-28,IN00,100,36,2
2018-01-28,IN01,8,2,0
2018-01-28,IN02,258,58,2
2018-01-28,IN03,20,10,1
2018-01-28,IN05,6,2,0
2018-01-28,IN06,7,2,0
2018-01-28,IN07,951,211,8
2018-01-28,IN09,130,52,3
2018-01-28,IN10,129,54,4
2018-01-28,IN11,9,1,0
2018-01-28,IN12,206,80,7
2018-01-28,IN13,113,37,7
2018-01-28,IN14,4,0,0
2018-01-28,IN16,662,199,12
2018-01-28,IN17,23,3,0
2018-01-28,IN18,15,6,0
2018-01-28,IN19,306,106,8
2018-01-28,IN20,36,13,2
2018-01-28,IN21,38,9,0
2018-01-28,IN22,3,1,0
2018-01-28,IN23,98,31,3
2018-01-28,IN24,207,88,4
2018-01-28,IN25,199,65,13
2018-01-28,IN26,40,13,0
2018-01-28,IN28,112,34,0
2018-01-28,IN31,1,0,0
2018-01-28,IN33,12,3,0
2018-01-28,IN34,140,63,0
2018-01-28,IN35,109,32,6
2018-01-28,IN36,403,141,4
2018-01-28,IN37,29,2,0
2018-01-28,IN38,60,15,0
2018-01-28,IN39,54,21,1
2018-01-29,IN00,78,22,0
2018-01-29,IN01,7,0,0
2018-01-29,IN02,332,78,4
2018-01-29,IN03,36,8,3
2018-01-29,IN06,1,0,0
2018-01-29,IN07,1099,317,26
2018-01-29,IN09,156,44,0
2018-01-29,IN10,112,59,6
2018-01-29,IN11,15,3,0
2018-01-29,IN12,318,98,1
2018-01-29,IN13,125,21,1
2018-01-29,IN16,854,281,12
2018-01-29,IN17,23,5,0
2018-01-29,IN18,15,6,0
2018-01-29,IN19,340,115,9
2018-01-29,IN20,82,8,1
2018-01-29,IN21,110,27,1
2018-01-29,IN22,10,3,0
2018-01-29,IN23,54,22,1
2018-01-29,IN24,270,93,8
2018-01-29,IN25,271,91,20
2018-01-29,IN26,60,22,0
2018-01-29,IN28,193,44,1
2018-01-29,IN31,6,0,0
2018-01-29,IN33,19,7,0
2018-01-29,IN34,132,41,1
2018-01-29,IN35,182,80,7
2018-01-29,IN36,486,184,3
2018-01-29,IN37,41,16,0
2018-01-29,IN38,31,12,1
2018-01-29,IN39,50,13,0
2018-01-30,IN00,81,16,0
2018-01-30,IN01,5,2,0
2018-01-30,IN02,284,73,9
2018-01-30,IN03,52,6,2
2018-01-30,IN06,3,1,0
2018-01-30,IN07,1303,380,18
2018-01-30,IN09,155,59,3
2018-01-30,IN10,104,42,2
2018-01-30,IN11,36,6,0
2018-01-30,IN12,281,94,1
2018-01-30,IN13,158,46,6
2018-01-30,IN16,830,258,17
2018-01-30,IN17,9,1,0
2018-01-30,IN18,30,7,0
2018-01-30,IN19,526,167,14
2018-01-30,IN20,174,47,7
2018-01-30,IN21,130,23,2
2018-01-30,IN22,4,0,0
2018-01-30,IN23,102,35,0
2018-01-30,IN24,175,55,2
2018-01-30,IN25,332,90,11
2018-01-30,IN26,46,9,0
2018-01-30,IN28,241,47,3
2018-01-30,IN30,11,4,0
2018-01-30,IN31,4,0,0
2018-01-30,IN33,34,8,0
2018-01-30,IN34,90,28,0
2018-01-30,IN35,185,43,5
2018-01-30,IN36,758,316,19
2018-01-30,IN37,48,16,0
2018-01-30,IN38,8,3,0
2018-01-30,IN39,41,12,1
2018-01-31,IN00,67,13,0
2018-01-31,IN01,23,2,0
2018-01-31,IN02,316,100,1
2018-01-31,IN03,70,13,0
2018-01-31,IN05,2,0,0
2018-01-31,IN07,1330,405,17
2018-01-31,IN09,199,59,1
2018-01-31,IN10,110,43,1
2018-01-31,IN11,17,3,0
2018-01-31,IN12,290,115,10
2018-01-31,IN13,158,43,3
2018-01-31,IN16,904,274,16
2018-01-31,IN17,43,7,0
2018-01-31,IN18,13,5,0
2018-01-31,IN19,441,109,9
2018-01-31,IN20,97,24,0
2018-01-31,IN21,113,29,0
2018-01-31,IN22,8,2,0
2018-01-31,IN23,151,43,0
2018-01-31,IN24,185,39,2
2018-01-31,IN25,412,118,5
2018-01-31,IN26,78,10,2
2018-01-31,IN28,173,38,2
2018-01-31,IN33,38,16,0
2018-01-31,IN34,125,29,2
2018-01-31,IN35,189,47,9
2018-01-31,IN36,633,250,5
2018-01-31,IN37,57,10,0
2018-01-31,IN38,27,2,0
2018-01-31,IN39,74,22,0
2018-02-01,IN00,79,15,1
2018-02-01,IN01,19,1,0
2018-02-01,IN02,262,60,1
2018-02-01,IN03,32,5,0
2018-02-01,IN06,1,0,0
2018-02-01,IN07,1236,345,17
2018-02-01,IN09,186,64,4
2018-02-01,IN10,131,42,0
2018-02-01,IN11,40,24,0
2018-02-01,IN12,156,79,3
2018-02-01,IN13,167,42,2
2018-02-01,IN14,7,0,0
2018-02-01,IN16,767,209,7
2018-02-01,IN17,4,0,0
2018-02-01,IN18,8,0,0
2018-02-01,IN19,357,73,2
2018-02-01,IN20,51,7,2
2018-02-01,IN21,122,31,5
2018-02-01,IN22,3,0,0
2018-02-01,IN23,61,27,0
2018-02-01,IN24,279,114,6
2018-02-01,IN25,399,78,6
2018-02-01,IN26,28,1,1
2018-02-01,IN28,192,54,0
2018-02-01,IN30,20,1,0
2018-02-01,IN31,3,0,0
2018-02-01,IN33,14,5,0
2018-02-01,IN34,151,37,2
2018-02-01,IN35,183,39,3
2018-02-01,IN36,392,125,4
2018-02-01,IN37,71,18,2
2018-02-01,IN38,16,7,0
2018-02-01,IN39,104,30,2
2018-02-02,IN00,96,27,2
2018-02-02,IN01,4,1,0
2018-02-02,IN02,358,103,10
2018-02-02,IN03,69,8,0
2018-02-02,IN07,1161,369,28
2018-02-02,IN09,170,45,1
2018-02-02,IN10,139,57,4
2018-02-02,IN11,8,0,0
2018-02-02,IN12,243,101,5
2018-02-02,IN13,177,37,2
2018-02-02,IN14,1,0,0
2018-02-02,IN16,784,276,8
2018-02-02,IN17,1,0,0
2018-02-02,IN18,2,1,0
2018-02-02,IN19,450,136,18
2018-02-02,IN20,93,19,1
2018-02-02,IN21,58,15,1
2018-02-02,IN22,3,0,0
2018-02-02,IN23,31,8,3
2018-02-02,IN24,201,83,7
2018-02-02,IN25,273,81,9
2018-02-02,IN26,30,7,0
2018-02-02,IN28,186,70,4
2018-02-02,IN30,7,3,0
2018-02-02,IN33,6,2,0
2018-02-02,IN34,100,39,0
2018-02-02,IN35,285,119,7
2018-02-02,IN36,505,205,28
2018-02-02,IN37,84,34,1
2018-02-02,IN38,37,17,3
2018-02-02,IN39,63,5,0
2018-02-03,IN00,75,22,1
2018-02-03,IN01,15,5,0
2018-02-03,IN02,279,61,8
2018-02-03,IN03,157,14,0
2018-02-03,IN06,2,0,0
2018-02-03,IN07,940,311,44
2018-02-03,IN09,154,43,3
2018-02-03,IN10,317,137,5
2018-02-03,IN11,63,30,24
2018-02-03,IN12,406,197,9
2018-02-03,IN13,84,16,0
2018-02-03,IN16,639,244,16
2018-02-03,IN17,11,1,0
2018-02-03,IN19,360,83,7
2018-02-03,IN20,113,30,4
2018-02-03,IN21,40,9,1
2018-02-03,IN22,15,3,1
2018-02-03,IN23,74,14,0
2018-02-03,IN24,239,78,8
2018-02-03,IN25,276,92,7
2018-02-03,IN26,69,15,2
2018-02-03,IN28,136,71,4
2018-02-03,IN30,6,2,0
2018-02-03,IN32,2,0,0
2018-02-03,IN33,26,4,0
2018-02-03,IN34,106,46,0
2018-02-03,IN35,314,111,5
2018-02-03,IN36,705,362,15
2018-02-03,IN37,22,5,0
2018-02-03,IN38,34,9,1
2018-02-03,IN39,35,11,2
2018-02-04,IN00,84,30,2
2018-02-04,IN02,278,48,3
2018-02-04,IN03,99,12,0
2018-02-04,IN06,5,1,0
2018-02-04,IN07,837,276,15
2018-02-04,IN09,140,49,2
2018-02-04,IN10,102,52,1
2018-02-04,IN11,22,13,3
2018-02-04,IN12,409,160,6
2018-02-04,IN13,117,59,0
2018-02-04,IN16,673,229,10
2018-02-04,IN17,18,6,0
2018-02-04,IN18,3,2,0
2018-02-04,IN19,539,136,25
2018-02-04,IN20,81,17,0
2018-02-04,IN21,65,24,0
2018-02-04,IN22,7,0,0
2018-02-04,IN23,88,9,0
2018-02-04,IN24,204,37,7
2018-02-04,IN25,219,57,2
2018-02-04,IN26,110,39,0
2018-02-04,IN28,175,56,0
2018-02-04,IN30,1,0,0
2018-02-04,IN33,10,6,0
2018-02-04,IN34,94,23,2
2018-02-04,IN35,133,31,1
2018-02-04,IN36,478,189,16
2018-02-04,IN37,32,10,0
2018-02-04,IN38,4,1,0
2018-02-04,IN39,81,31,0
2018-02-05,IN00,84,16,2
2018-02-05,IN01,5,1,0
2018-02-05,IN02,331,68,3
2018-02-05,IN03,105,28,6
2018-02-05,IN06,3,2,0
2018-02-05,IN07,1517,454,31
2018-02-05,IN09,205,73,1
2018-02-05,IN10,167,93,6
2018-02-05,IN11,35,4,0
2018-02-05,IN12,611,242,15
2018-02-05,IN13,215,71,2
2018-02-05,IN14,4,0,0
2018-02-05,IN16,1013,328,21
2018-02-05,IN17,3,1,0
2018-02-05,IN18,3,0,0
2018-02-05,IN19,673,177,20
2018-02-05,IN20,56,14,3
2018-02-05,IN21,67,14,0
2018-02-05,IN22,15,2,0
2018-02-05,IN23,94,25,3
2018-02-05,IN24,175,45,6
2018-02-05,IN25,310,77,12
2018-02-05,IN26,39,17,0
2018-02-05,IN28,175,49,4
2018-02-05,IN30,8,1,0
2018-02-05,IN33,5,3,0
2018-02-05,IN34,133,33,0
2018-02-05,IN35,205,65,4
2018-02-05,IN36,634,225,15
2018-02-05,IN37,36,6,0
2018-02-05,IN38,57,17,1
2018-02-05,IN39,59,19,1
2018-02-06,IN00,77,14,2
2018-02-06,IN01,2,2,0
2018-02-06,IN02,366,107,17
2018-02-06,IN03,43,8,0
2018-02-06,IN05,3,3,3
2018-02-06,IN06,1,0,0
2018-02-06,IN07,1667,517,38
2018-02-06,IN09,186,54,10
2018-02-06,IN10,70,32,2
2018-02-06,IN11,20,2,0
2018-02-06,IN12,579,266,8
2018-02-06,IN13,133,56,8
2018-02-06,IN14,6,3,0
2018-02-06,IN16,854,262,13
2018-02-06,IN17,1,0,0
2018-02-06,IN18,1,0,0
2018-02-06,IN19,510,179,10
2018-02-06,IN20,31,7,1
2018-02-06,IN21,125,52,0
2018-02-06,IN22,9,3,0
2018-02-06,IN23,57,28,4
2018-02-06,IN24,237,77,6
2018-02-06,IN25,269,77,12
2018-02-06,IN26,28,11,0
2018-02-06,IN28,203,57,2
2018-02-06,IN30,5,0,0
2018-02-06,IN31,3,0,0
2018-02-06,IN33,6,1,0
2018-02-06,IN34,169,65,1
2018-02-06,IN35,193,86,6
2018-02-06,IN36,761,281,11
2018-02-06,IN37,19,4,0
2018-02-06,IN38,35,7,0
2018-02-06,IN39,56,20,1
2018-02-07,IN00,137,47,0
2018-02-07,IN01,9,2,0
2018-02-07,IN02,447,126,13
2018-02-07,IN03,93,20,0
2018-02-07,IN06,3,2,0
2018-02-07,IN07,1762,472,23
2018-02-07,IN09,243,64,5
2018-02-07,IN10,101,43,0
2018-02-07,IN11,43,26,0
2018-02-07,IN12,325,128,5
2018-02-07,IN13,139,44,3
2018-02-07,IN16,964,291,19
2018-02-07,IN17,31,10,0
2018-02-07,IN18,2,2,0
2018-02-07,IN19,495,133,24
2018-02-07,IN20,23,7,0
2018-02-07,IN21,153,36,2
2018-02-07,IN22,4,3,0
2018-02-07,IN23,115,40,3
2018-02-07,IN24,248,79,10
2018-02-07,IN25,278,77,6
2018-02-07,IN26,58,16,0
2018-02-07,IN28,226,72,4
2018-02-07,IN30,4,0,0
2018-02-07,IN33,26,16,0
2018-02-07,IN34,107,47,1
2018-02-07,IN35,281,95,6
2018-02-07,IN36,655,202,15
2018-02-07,IN37,68,27,0
2018-02-07,IN38,42,15,1
2018-02-07,IN39,127,28,3
2018-02-08,IN00,126,25,2
2018-02-08,IN01,13,4,0
2018-02-08,IN02,488,136,34
2018-02-08,IN03,49,12,0
2018-02-08,IN06,1,0,0
2018-02-08,IN07,1629,431,33
2018-02-08,IN09,178,62,1
2018-02-08,IN10,139,37,5
2018-02-08,IN11,46,23,0
2018-02-08,IN12,398,156,7
2018-02-08,IN13,123,20,0
2018-02-08,IN14,8,1,0
2018-02-08,IN16,962,328,17
2018-02-08,IN17,10,1,0
2018-02-08,IN18,10,5,0
2018-02-08,IN19,492,130,15
2018-02-08,IN20,63,13,0
2018-02-08,IN21,75,19,3
2018-02-08,IN22,2,2,0
2018-02-08,IN23,108,20,0
2018-02-08,IN24,171,61,1
2018-02-08,IN25,222,57,7
2018-02-08,IN26,156,49,11
2018-02-08,IN28,302,86,2
2018-02-08,IN30,8,2,0
2018-02-08,IN33,11,1,0
2018-02-08,IN34,177,64,6
2018-02-08,IN35,199,60,4
2018-02-08,IN36,697,216,11
2018-02-08,IN37,28,15,0
2018-02-08,IN38,21,7,0
2018-02-08,IN39,42,11,1
2018-02-09,IN00,109,22,1
2018-02-09,IN01,1,0,0
2018-02-09,IN02,361,88,10
2018-02-09,IN03,36,5,0
2018-02-09,IN07,2220,548,39
2018-02-09,IN09,130,39,0
2018-02-09,IN10,110,26,2
2018-02-09,IN11,25,7,0
2018-02-09,IN12,246,120,11
2018-02-09,IN13,150,40,5
2018-02-09,IN14,5,2,0
2018-02-09,IN16,981,361,14
2018-02-09,IN17,13,3,0
2018-02-09,IN18,43,20,0
2018-02-09,IN19,511,142,4
2018-02-09,IN20,60,19,1
2018-02-09,IN21,91,20,2
2018-02-09,IN22,4,0,0
2018-02-09,IN23,154,51,1
2018-02-09,IN24,163,57,2
2018-02-09,IN25,295,89,2
2018-02-09,IN26,76,23,5
2018-02-09,IN28,357,153,22
2018-02-09,IN29,4,0,0
2018-02-09,IN30,5,2,0
2018-02-09,IN33,17,2,0
2018-02-09,IN34,139,38,9
2018-02-09,IN35,173,37,1
2018-02-09,IN36,646,233,24
2018-02-09,IN37,34,14,2
2018-02-09,IN38,9,5,0
2018-02-09,IN39,63,9,1
2018-02-10,IN00,96,18,0
2018-02-10,IN01,4,1,0
2018-02-10,IN02,295,83,3
2018-02-10,IN03,48,16,0
2018-02-10,IN06,7,1,0
2018-02-10,IN07,1536,321,21
2018-02-10,IN09,164,59,3
2018-02-10,IN10,123,36,2
2018-02-10,IN11,22,6,0
2018-02-10,IN12,650,290,12
2018-02-10,IN13,97,20,1
2018-02-10,IN14,22,0,0
2018-02-10,IN16,677,237,2
2018-02-10,IN17,2,0,0
2018-02-10,IN18,7,3,1
2018-02-10,IN19,546,117,9
2018-02-10,IN20,13,4,1
2018-02-10,IN21,57,17,0
2018-02-10,IN22,13,2,0
2018-02-10,IN23,143,47,0
2018-02-10,IN24,104,36,4
2018-02-10,IN25,253,80,9
2018-02-10,IN26,35,14,1
2018-02-10,IN28,226,86,2
2018-02-10,IN30,12,2,0
2018-02-10,IN31,1,0,0
2018-02-10,IN33,18,5,0
2018-02-10,IN34,118,43,0
2018-02-10,IN35,132,46,17
2018-02-10,IN36,526,190,8
2018-02-10,IN37,30,8,0
2018-02-10,IN38,17,2,0
2018-02-10,IN39,51,6,1
2018-02-11,IN00,59,8,2
2018-02-11,IN02,231,59,0
2018-02-11,IN03,42,9,0
2018-02-11,IN07,1153,289,15
2018-02-11,IN09,102,21,3
2018-02-11,IN10,89,18,2
2018-02-11,IN11,33,22,0
2018-02-11,IN12,680,286,5
2018-02-11,IN13,53,19,2
2018-02-11,IN14,1,0,0
2018-02-11,IN16,647,145,6
2018-02-11,IN17,10,2,1
2018-02-11,IN18,3,0,0
2018-02-11,IN19,350,61,6
2018-02-11,IN20,21,9,2
2018-02-11,IN21,67,28,3
2018-02-11,IN22,1,0,0
2018-02-11,IN23,76,16,0
2018-02-11,IN24,79,36,5
2018-02-11,IN25,220,46,1
2018-02-11,IN26,63,16,3
2018-02-11,IN28,145,43,3
2018-02-11,IN31,3,2,0
2018-02-11,IN33,18,5,0
2018-02-11,IN34,72,20,2
2018-02-11,IN35,120,35,2
2018-02-11,IN36,584,160,6
2018-02-11,IN37,21,9,0
2018-02-11,IN38,26,2,0
2018-02-11,IN39,36,11,0
2018-02-12,IN00,97,20,4
2018-02-12,IN01,12,4,0
2018-02-12,IN02,357,69,1
2018-02-12,IN03,23,3,0
2018-02-12,IN06,5,1,0
2018-02-12,IN07,1335,394,37
2018-02-12,IN09,203,59,7
2018-02-12,IN10,175,44,10
2018-02-12,IN11,79,31,1
2018-02-12,IN12,911,492,18
2018-02-12,IN13,150,42,1
2018-02-12,IN14,5,0,0
2018-02-12,IN16,872,257,26
2018-02-12,IN17,8,4,1
2018-02-12,IN18,1,0,0
2018-02-12,IN19,434,107,4
2018-02-12,IN20,100,29,5
2018-02-12,IN21,110,26,1
2018-02-12,IN22,4,2,0
2018-02-12,IN23,43,18,0
2018-02-12,IN24,134,28,2
2018-02-12,IN25,277,83,0
2018-02-12,IN26,127,29,2
2018-02-12,IN28,170,54,1
2018-02-12,IN30,2,1,0
2018-02-12,IN33,27,7,0
2018-02-12,IN34,198,79,1
2018-02-12,IN35,320,96,7
2018-02-12,IN36,654,290,26
2018-02-12,IN37,23,13,1
2018-02-12,IN38,25,12,0
2018-02-12,IN39,87,27,0
2018-02-13,IN00,115,21,0
2018-02-13,IN01,17,2,0
2018-02-13,IN02,402,95,6
2018-02-13,IN03,39,8,0
2018-02-13,IN05,5,2,0
2018-02-13,IN07,1485,435,22
2018-02-13,IN09,225,59,2
2018-02-13,IN10,82,27,3
2018-02-13,IN11,49,14,0
2018-02-13,IN12,666,333,8
2018-02-13,IN13,228,93,2
2018-02-13,IN16,853,260,9
2018-02-13,IN17,8,0,0
2018-02-13,IN18,6,3,0
2018-02-13,IN19,510,101,3
2018-02-13,IN20,61,22,3
2018-02-13,IN21,135,43,1
2018-02-13,IN22,3,0,0
2018-02-13,IN23,57,18,0
2018-02-13,IN24,143,35,0
2018-02-13,IN25,322,98,7
2018-02-13,IN26,135,47,2
2018-02-13,IN28,137,34,3
2018-02-13,IN30,4,0,0
2018-02-13,IN31,4,2,0
2018-02-13,IN33,26,5,0
2018-02-13,IN34,137,43,0
2018-02-13,IN35,243,59,1
2018-02-13,IN36,665,277,25
2018-02-13,IN37,40,13,0
2018-02-13,IN38,48,14,0
2018-02-13,IN39,33,6,0
2018-02-14,IN00,135,39,4
2018-02-14,IN01,4,2,0
2018-02-14,IN02,648,100,10
2018-02-14,IN03,44,4,0
2018-02-14,IN05,1,0,0
2018-02-14,IN06,3,0,0
2018-02-14,IN07,1593,446,33
2018-02-14,IN09,340,147,13
2018-02-14,IN10,76,25,2
2018-02-14,IN11,22,7,0
2018-02-14,IN12,300,137,0
2018-02-14,IN13,150,58,4
2018-02-14,IN16,883,275,16
2018-02-14,IN17,21,6,0
2018-02-14,IN18,9,1,0
2018-02-14,IN19,484,129,8
2018-02-14,IN20,106,34,1
2018-02-14,IN21,77,27,3
2018-02-14,IN22,13,0,0
2018-02-14,IN23,76,31,0
2018-02-14,IN24,116,41,1
2018-02-14,IN25,312,76,9
2018-02-14,IN26,111,30,2
2018-02-14,IN28,233,80,8
2018-02-14,IN31,9,2,0
2018-02-14,IN33,32,6,0
2018-02-14,IN34,222,78,0
2018-02-14,IN35,201,53,0
2018-02-14,IN36,799,348,21
2018-02-14,IN37,15,7,0
2018-02-14,IN38,41,19,0
2018-02-14,IN39,64,25,0
2018-02-15,IN00,131,51,2
2018-02-15,IN01,19,5,0
2018-02-15,IN02,770,97,5
2018-02-15,IN03,124,30,3
2018-02-15,IN06,3,0,0
2018-02-15,IN07,1800,512,47
2018-02-15,IN09,295,91,11
2018-02-15,IN10,204,71,15
2018-02-15,IN11,16,3,0
2018-02-15,IN12,297,141,1
2018-02-15,IN13,203,94,10
2018-02-15,IN14,1,0,0
2018-02-15,IN16,1256,444,19
2018-02-15,IN17,13,3,0
2018-02-15,IN18,2,1,0
2018-02-15,IN19,510,133,12
2018-02-15,IN20,70,26,0
2018-02-15,IN21,147,45,1
2018-02-15,IN22,5,1,0
2018-02-15,IN23,193,51,1
2018-02-15,IN24,187,68,11
2018-02-15,IN25,329,108,7
2018-02-15,IN26,194,59,4
2018-02-15,IN28,315,121,11
2018-02-15,IN30,2,2,0
2018-02-15,IN31,30,0,0
2018-02-15,IN33,73,14,0
2018-02-15,IN34,159,66,0
2018-02-15,IN35,199,81,4
2018-02-15,IN36,657,217,10
2018-02-15,IN37,68,18,7
2018-02-15,IN38,39,11,1
2018-02-15,IN39,75,15,0
2018-02-16,IN00,151,37,0
2018-02-16,IN01,17,6,0
2018-02-16,IN02,769,92,7
2018-02-16,IN03,89,22,0
2018-02-16,IN07,1583,413,60
2018-02-16,IN09,354,120,23
2018-02-16,IN10,134,39,4
2018-02-16,IN11,43,14,1
2018-02-16,IN12,340,120,9
2018-02-16,IN13,157,75,4
2018-02-16,IN14,1,0,0
2018-02-16,IN16,1073,303,11
2018-02-16,IN17,28,2,0
2018-02-16,IN18,12,5,0
2018-02-16,IN19,809,200,17
2018-02-16,IN20,105,26,0
2018-02-16,IN21,128,38,0
2018-02-16,IN22,32,5,1
2018-02-16,IN23,320,41,0
2018-02-16,IN24,163,46,3
2018-02-16,IN25,552,166,8
2018-02-16,IN26,153,49,0
2018-02-16,IN28,170,64,11
2018-02-16,IN30,7,6,0
2018-02-16,IN31,4,2,0
2018-02-16,IN33,62,13,1
2018-02-16,IN34,97,21,0
2018-02-16,IN35,175,58,0
2018-02-16,IN36,565,130,21
2018-02-16,IN37,25,11,4
2018-02-16,IN38,19,8,0
2018-02-16,IN39,72,15,0
2018-02-17,IN00,94,25,3
2018-02-17,IN01,5,0,0
2018-02-17,IN02,651,113,3
2018-02-17,IN03,34,7,0
2018-02-17,IN06,3,0,0
2018-02-17,IN07,1971,402,24
2018-02-17,IN09,353,116,17
2018-02-17,IN10,100,31,2
2018-02-17,IN11,24,10,0
2018-02-17,IN12,207,89,0
2018-02-17,IN13,180,77,1
2018-02-17,IN14,4,1,1
2018-02-17,IN16,1003,328,21
2018-02-17,IN17,2,0,0
2018-02-17,IN18,17,10,0
2018-02-17,IN19,432,99,9
2018-02-17,IN20,55,16,0
2018-02-17,IN21,110,30,5
2018-02-17,IN22,14,3,0
2018-02-17,IN23,173,27,0
2018-02-17,IN24,203,90,5
2018-02-17,IN25,460,115,4
2018-02-17,IN26,109,32,4
2018-02-17,IN28,150,54,5
2018-02-17,IN30,10,2,2
2018-02-17,IN33,18,8,0
2018-02-17,IN34,113,41,1
2018-02-17,IN35,101,35,2
2018-02-17,IN36,564,175,3
2018-02-17,IN37,22,9,2
2018-02-17,IN38,44,20,0
2018-02-17,IN39,75,23,4
2018-02-18,IN00,73,21,1
2018-02-18,IN01,13,2,0
2018-02-18,IN02,373,64,6
2018-02-18,IN03,74,14,0
2018-02-18,IN06,1,0,0
2018-02-18,IN07,1185,237,10
2018-02-18,IN09,385,190,55
2018-02-18,IN10,107,17,0
2018-02-18,IN11,7,3,0
2018-02-18,IN12,171,82,2
2018-02-18,IN13,107,39,1
2018-02-18,IN16,805,199,11
2018-02-18,IN17,4,1,0
2018-02-18,IN18,17,9,0
2018-02-18,IN19,454,146,6
2018-02-18,IN20,34,14,1
2018-02-18,IN21,40,7,0
2018-02-18,IN22,19,0,0
2018-02-18,IN23,206,20,0
2018-02-18,IN24,200,50,7
2018-02-18,IN25,268,46,1
2018-02-18,IN26,165,60,5
2018-02-18,IN28,86,26,3
2018-02-18,IN33,31,8,0
2018-02-18,IN34,98,39,6
2018-02-18,IN35,132,62,8
2018-02-18,IN36,558,152,6
2018-02-18,IN37,29,17,0
2018-02-18,IN38,6,1,0
2018-02-18,IN39,44,8,0
2018-02-19,IN00,88,31,0
2018-02-19,IN01,22,2,1
2018-02-19,IN02,371,68,6
2018-02-19,IN03,37,10,0
2018-02-19,IN06,4,0,0
2018-02-19,IN07,1445,337,16
2018-02-19,IN09,805,197,22
2018-02-19,IN10,105,41,4
2018-02-19,IN11,10,6,0
2018-02-19,IN12,118,59,4
2018-02-19,IN13,171,67,0
2018-02-19,IN16,1553,419,22
2018-02-19,IN17,31,4,0
2018-02-19,IN18,35,17,0
2018-02-19,IN19,781,227,16
2018-02-19,IN20,57,11,0
2018-02-19,IN21,74,23,0
2018-02-19,IN22,15,1,0
2018-02-19,IN23,521,111,10
2018-02-19,IN24,189,53,6
2018-02-19,IN25,378,108,2
2018-02-19,IN26,30,15,0
2018-02-19,IN28,208,46,4
2018-02-19,IN30,5,3,0
2018-02-19,IN33,102,21,1
2018-02-19,IN34,224,80,2
2018-02-19,IN35,234,86,8
2018-02-19,IN36,866,187,15
2018-02-19,IN37,16,12,0
2018-02-19,IN38,7,0,0
2018-02-19,IN39,62,24,0
2018-02-20,IN00,171,50,2
2018-02-20,IN01,5,1,0
2018-02-20,IN02,468,100,11
2018-02-20,IN03,54,14,0
2018-02-20,IN06,17,5,1
2018-02-20,IN07,2219,672,38
2018-02-20,IN09,372,119,16
2018-02-20,IN10,174,41,0
2018-02-20,IN11,57,12,0
2018-02-20,IN12,250,117,8
2018-02-20,IN13,157,46,1
2018-02-20,IN16,1488,356,9
2018-02-20,IN17,3,1,0
2018-02-20,IN18,46,29,1
2018-02-20,IN19,759,219,2
2018-02-20,IN20,42,11,0
2018-02-20,IN21,147,52,1
2018-02-20,IN22,3,3,0
2018-02-20,IN23,413,75,0
2018-02-20,IN24,147,34,0
2018-02-20,IN25,530,113,1
2018-02-20,IN26,23,7,1
2018-02-20,IN28,300,67,5
2018-02-20,IN30,6,5,0
2018-02-20,IN31,5,4,0
2018-02-20,IN33,46,10,1
2018-02-20,IN34,196,38,3
2018-02-20,IN35,252,77,2
2018-02-20,IN36,758,199,20
2018-02-20,IN37,40,20,0
2018-02-20,IN38,16,9,0
2018-02-20,IN39,74,17,3
2018-02-21,IN00,119,23,1
2018-02-21,IN01,5,1,0
2018-02-21,IN02,419,120,5
2018-02-21,IN03,93,17,7
2018-02-21,IN05,2,1,0
2018-02-21,IN06,3,1,0
2018-02-21,IN07,2104,644,39
2018-02-21,IN09,335,106,2
2018-02-21,IN10,189,53,6
2018-02-21,IN11,17,1,0
2018-02-21,IN12,209,81,2
2018-02-21,IN13,304,70,1
2018-02-21,IN16,1371,371,24
2018-02-21,IN18,40,13,0
2018-02-21,IN19,532,186,12
2018-02-21,IN20,37,13,0
2018-02-21,IN21,69,22,0
2018-02-21,IN22,4,0,0
2018-02-21,IN23,854,112,0
2018-02-21,IN24,175,45,8
2018-02-21,IN25,880,184,9
2018-02-21,IN26,36,15,3
2018-02-21,IN28,251,63,5
2018-02-21,IN30,12,7,0
2018-02-21,IN33,51,17,1
2018-02-21,IN34,204,69,0
2018-02-21,IN35,212,57,0
2018-02-21,IN36,884,147,11
2018-02-21,IN37,23,8,0
2018-02-21,IN38,25,7,0
2018-02-21,IN39,56,4,0
2018-02-22,IN00,118,48,0
2018-02-22,IN01,8,1,0
2018-02-22,IN02,461,102,12
2018-02-22,IN03,105,29,2
2018-02-22,IN06,3,2,0
2018-02-22,IN07,2406,804,76
2018-02-22,IN09,388,123,7
2018-02-22,IN10,201,49,7
2018-02-22,IN11,32,6,2
2018-02-22,IN12,322,162,12
2018-02-22,IN13,174,45,0
2018-02-22,IN14,4,0,0
2018-02-22,IN16,1466,456,11
2018-02-22,IN17,8,4,0
2018-02-22,IN18,56,6,0
2018-02-22,IN19,489,175,5
2018-02-22,IN20,132,21,2
2018-02-22,IN21,65,24,2
2018-02-22,IN22,10,1,0
2018-02-22,IN23,466,95,2
2018-02-22,IN24,146,53,5
2018-02-22,IN25,500,114,7
2018-02-22,IN26,39,6,2
2018-02-22,IN28,224,53,0
2018-02-22,IN30,6,3,0
2018-02-22,IN33,86,5,0
2018-02-22,IN34,147,62,2
2018-02-22,IN35,162,62,8
2018-02-22,IN36,815,244,2
2018-02-22,IN37,8,1,0
2018-02-22,IN38,5,1,0
2018-02-22,IN39,36,8,0
2018-02-23,IN00,125,34,2
2018-02-23,IN01,1,0,0
2018-02-23,IN02,441,70,6
2018-02-23,IN03,66,21,3
2018-02-23,IN05,1,0,0
2018-02-23,IN07,2616,778,66
2018-02-23,IN09,358,111,8
2018-02-23,IN10,167,50,0
2018-02-23,IN11,11,2,0
2018-02-23,IN12,306,149,2
2018-02-23,IN13,243,108,5
2018-02-23,IN14,3,0,0
2018-02-23,IN16,1146,353,15
2018-02-23,IN17,6,2,0
2018-02-23,IN18,5,1,0
2018-02-23,IN19,399,131,6
2018-02-23,IN20,73,6,0
2018-02-23,IN21,107,33,1
2018-02-23,IN22,17,4,1
2018-02-23,IN23,374,93,3
2018-02-23,IN24,155,32,5
2018-02-23,IN25,452,137,6
2018-02-23,IN26,19,8,0
2018-02-23,IN28,215,73,4
2018-02-23,IN30,1,1,0
2018-02-23,IN31,1,0,0
2018-02-23,IN33,20,6,0
2018-02-23,IN34,120,37,1
2018-02-23,IN35,216,96,4
2018-02-23,IN36,757,168,8
2018-02-23,IN37,33,4,0
2018-02-23,IN38,40,26,0
2018-02-23,IN39,27,13,2
2018-02-24,IN00,82,21,1
2018-02-24,IN01,3,1,0
2018-02-24,IN02,282,60,6
2018-02-24,IN03,26,9,1
2018-02-24,IN05,6,5,0
2018-02-24,IN06,7,1,0
2018-02-24,IN07,1451,470,31
2018-02-24,IN09,203,84,8
2018-02-24,IN10,169,53,11
2018-02-24,IN11,17,4,0
2018-02-24,IN12,194,85,2
2018-02-24,IN13,180,63,10
2018-02-24,IN14,1,0,0
2018-02-24,IN16,876,293,10
2018-02-24,IN18,72,35,0
2018-02-24,IN19,376,129,14
2018-02-24,IN20,66,24,3
2018-02-24,IN21,85,24,1
2018-02-24,IN22,35,2,0
2018-02-24,IN23,157,64,0
2018-02-24,IN24,99,28,1
2018-02-24,IN25,425,93,1
2018-02-24,IN26,41,20,0
2018-02-24,IN28,113,6,0
2018-02-24,IN30,19,6,0
2018-02-24,IN31,6,1,0
2018-02-24,IN33,28,4,0
2018-02-24,IN34,155,63,4
2018-02-24,IN35,246,104,2
2018-02-24,IN36,573,142,10
2018-02-24,IN37,19,2,0
2018-02-24,IN38,41,9,0
2018-02-24,IN39,26,9,0
2018-02-25,IN00,73,21,1
2018-02-25,IN01,8,2,2
2018-02-25,IN02,330,64,3
2018-02-25,IN03,34,12,0
2018-02-25,IN05,8,5,0
2018-02-25,IN07,860,263,14
2018-02-25,IN09,135,47,2
2018-02-25,IN10,143,25,4
2018-02-25,IN11,16,4,0
2018-02-25,IN12,280,114,0
2018-02-25,IN13,124,60,2
2018-02-25,IN16,803,219,10
2018-02-25,IN17,2,1,0
2018-02-25,IN18,18,7,0
2018-02-25,IN19,388,119,6
2018-02-25,IN20,53,15,1
2018-02-25,IN21,70,20,1
2018-02-25,IN22,53,11,0
2018-02-25,IN23,164,58,1
2018-02-25,IN24,80,25,4
2018-02-25,IN25,248,56,1
2018-02-25,IN26,3,2,0
2018-02-25,IN28,98,18,0
2018-02-25,IN31,8,2,0
2018-02-25,IN33,11,5,0
2018-02-25,IN34,110,23,0
2018-02-25,IN35,136,34,2
2018-02-25,IN36,473,107,14
2018-02-25,IN37,32,11,0
2018-02-25,IN38,15,1,1
2018-02-25,IN39,34,5,0
2018-02-26,IN00,80,14,2
2018-02-26,IN01,8,4,0
2018-02-26,IN02,334,89,8
2018-02-26,IN03,56,4,0
2018-02-26,IN06,2,0,0
2018-02-26,IN07,1356,346,31
2018-02-26,IN09,156,45,4
2018-02-26,IN10,104,19,1
2018-02-26,IN11,3,1,0
2018-02-26,IN12,244,113,4
2018-02-26,IN13,172,91,5
2018-02-26,IN16,1095,247,9
2018-02-26,IN17,24,3,2
2018-02-26,IN18,29,14,0
2018-02-26,IN19,562,144,14
2018-02-26,IN20,69,17,0
2018-02-26,IN21,108,28,9
2018-02-26,IN22,29,4,0
2018-02-26,IN23,134,32,0
2018-02-26,IN24,167,47,5
2018-02-26,IN25,363,80,6
2018-02-26,IN26,48,12,1
2018-02-26,IN28,184,32,1
2018-02-26,IN30,3,0,0
2018-02-26,IN31,2,0,0
2018-02-26,IN33,30,8,0
2018-02-26,IN34,168,74,11
2018-02-26,IN35,180,52,10
2018-02-26,IN36,675,177,19
2018-02-26,IN37,54,6,0
2018-02-26,IN38,63,19,0
2018-02-26,IN39,28,5,0
2018-02-27,IN00,104,26,1
2018-02-27,IN01,6,1,0
2018-02-27,IN02,403,116,16
2018-02-27,IN03,30,5,1
2018-02-27,IN05,3,2,0
2018-02-27,IN06,4,0,0
2018-02-27,IN07,1787,468,32
2018-02-27,IN09,176,65,5
2018-02-27,IN10,113,30,2
2018-02-27,IN11,13,5,0
2018-02-27,IN12,244,82,4
2018-02-27,IN13,170,47,8
2018-02-27,IN16,1264,357,25
2018-02-27,IN17,20,7,0
2018-02-27,IN18,52,18,0
2018-02-27,IN19,652,179,5
2018-02-27,IN20,115,40,0
2018-02-27,IN21,69,6,0
2018-02-27,IN22,16,6,0
2018-02-27,IN23,202,59,1
2018-02-27,IN24,152,55,3
2018-02-27,IN25,341,87,9
2018-02-27,IN26,46,17,1
2018-02-27,IN28,99,25,1
2018-02-27,IN30,10,6,0
2018-02-27,IN31,4,2,0
2018-02-27,IN33,27,6,0
2018-02-27,IN34,244,96,20
2018-02-27,IN35,166,47,5
2018-02-27,IN36,539,148,7
2018-02-27,IN37,14,2,0
2018-02-27,IN38,24,7,1
2018-02-27,IN39,75,14,0
2018-02-28,IN00,146,31,0
2018-02-28,IN01,10,4,0
2018-02-28,IN02,321,86,8
2018-02-28,IN03,58,15,8
2018-02-28,IN06,2,0,0
2018-02-28,IN07,1848,511,24
2018-02-28,IN09,264,84,7
2018-02-28,IN10,149,43,0
2018-02-28,IN11,20,1,0
2018-02-28,IN12,209,59,1
2018-02-28,IN13,114,40,2
2018-02-28,IN14,4,0,0
2018-02-28,IN16,1112,322,12
2018-02-28,IN17,4,0,0
2018-02-28,IN18,17,4,0
2018-02-28,IN19,469,145,5
2018-02-28,IN20,29,6,0
2018-02-28,IN21,83,16,0
2018-02-28,IN22,11,5,0
2018-02-28,IN23,103,31,0
2018-02-28,IN24,132,36,1
2018-02-28,IN25,717,212,3
2018-02-28,IN26,24,3,0
2018-02-28,IN28,175,38,2
2018-02-28,IN30,3,1,0
2018-02-28,IN33,9,2,0
2018-02-28,IN34,320,112,9
2018-02-28,IN35,207,43,8
2018-02-28,IN36,504,127,8
2018-02-28,IN37,49,16,2
2018-02-28,IN38,26,1,0
2018-02-28,IN39,108,13,2
2018-03-01,IN00,119,35,1
2018-03-01,IN01,1,0,0
2018-03-01,IN02,379,81,11
2018-03-01,IN03,50,18,3
2018-03-01,IN05,5,0,0
2018-03-01,IN07,2045,517,43
2018-03-01,IN09,244,86,1
2018-03-01,IN10,153,32,0
2018-03-01,IN11,50,12,0
2018-03-01,IN12,208,54,1
2018-03-01,IN13,152,65,1
2018-03-01,IN14,1,1,0
2018-03-01,IN16,977,288,16
2018-03-01,IN17,3,1,0
2018-03-01,IN18,4,1,0
2018-03-01,IN19,426,119,8
2018-03-01,IN20,43,23,2
2018-03-01,IN21,72,16,1
2018-03-01,IN22,16,3,0
2018-03-01,IN23,101,25,2
2018-03-01,IN24,110,29,7
2018-03-01,IN25,482,156,12
2018-03-01,IN26,62,19,0
2018-03-01,IN28,231,55,1
2018-03-01,IN29,1,0,0
2018-03-01,IN30,3,0,0
2018-03-01,IN33,35,9,2
2018-03-01,IN34,120,31,8
2018-03-01,IN35,155,24,1
2018-03-01,IN36,573,123,7
2018-03-01,IN37,19,1,0
2018-03-01,IN38,12,4,0
2018-03-01,IN39,132,47,4
2018-03-02,IN00,68,26,1
2018-03-02,IN01,11,4,1
2018-03-02,IN02,456,171,13
2018-03-02,IN03,17,5,0
2018-03-02,IN06,2,0,0
2018-03-02,IN07,987,264,24
2018-03-02,IN09,141,55,1
2018-03-02,IN10,60,15,1
2018-03-02,IN11,27,8,0
2018-03-02,IN12,134,42,0
2018-03-02,IN13,156,65,3
2018-03-02,IN16,544,142,5
2018-03-02,IN17,18,7,3
2018-03-02,IN18,6,1,0
2018-03-02,IN19,521,189,2
2018-03-02,IN20,92,30,1
2018-03-02,IN21,33,9,0
2018-03-02,IN22,8,0,0
2018-03-02,IN23,42,9,0
2018-03-02,IN24,87,31,9
2018-03-02,IN25,291,84,5
2018-03-02,IN26,120,47,3
2018-03-02,IN28,127,44,4
2018-03-02,IN30,5,3,0
2018-03-02,IN31,4,1,0
2018-03-02,IN33,11,2,0
2018-03-02,IN34,93,32,0
2018-03-02,IN35,109,24,2
2018-03-02,IN36,287,64,9
2018-03-02,IN37,88,63,2
2018-03-02,IN38,13,4,0
2018-03-02,IN39,52,16,0
2018-03-03,IN00,114,28,1
2018-03-03,IN01,8,3,2
2018-03-03,IN02,336,79,6
2018-03-03,IN03,47,13,0
2018-03-03,IN07,1125,251,26
2018-03-03,IN09,104,36,0
2018-03-03,IN10,63,9,0
2018-03-03,IN11,19,5,0
2018-03-03,IN12,151,58,7
2018-03-03,IN13,167,33,0
2018-03-03,IN16,646,217,8
2018-03-03,IN17,23,4,1
2018-03-03,IN18,70,18,2
2018-03-03,IN19,454,170,11
2018-03-03,IN20,333,85,1
2018-03-03,IN21,96,27,0
2018-03-03,IN22,14,2,0
2018-03-03,IN23,51,12,1
2018-03-03,IN24,99,15,0
2018-03-03,IN25,263,51,2
2018-03-03,IN26,688,180,14
2018-03-03,IN28,111,36,2
2018-03-03,IN30,20,6,0
2018-03-03,IN33,19,1,0
2018-03-03,IN34,132,19,2
2018-03-03,IN35,42,20,0
2018-03-03,IN36,359,104,3
2018-03-03,IN37,51,24,0
2018-03-03,IN38,8,2,0
2018-03-03,IN39,63,8,0
2018-03-04,IN00,74,6,0
2018-03-04,IN01,5,0,0
2018-03-04,IN02,250,59,9
2018-03-04,IN03,15,5,0
2018-03-04,IN06,3,0,0
2018-03-04,IN07,876,218,29
2018-03-04,IN09,95,45,3
2018-03-04,IN10,55,13,1
2018-03-04,IN11,14,6,0
2018-03-04,IN12,148,64,0
2018-03-04,IN13,133,47,3
2018-03-04,IN16,589,178,4
2018-03-04,IN18,11,3,0
2018-03-04,IN19,397,102,12
2018-03-04,IN20,235,52,4
2018-03-04,IN21,61,12,3
2018-03-04,IN22,8,0,0
2018-03-04,IN23,38,19,1
2018-03-04,IN24,51,10,4
2018-03-04,IN25,251,87,2
2018-03-04,IN26,381,101,3
2018-03-04,IN28,69,12,0
2018-03-04,IN30,24,4,0
2018-03-04,IN33,23,3,0
2018-03-04,IN34,66,19,3
2018-03-04,IN35,109,33,2
2018-03-04,IN36,436,122,7
2018-03-04,IN37,18,7,0
2018-03-04,IN38,11,3,0
2018-03-04,IN39,60,20,0
2018-03-05,IN00,111,24,0
2018-03-05,IN01,7,2,2
2018-03-05,IN02,461,132,38
2018-03-05,IN03,43,5,0
2018-03-05,IN07,1321,407,60
2018-03-05,IN09,78,21,0
2018-03-05,IN10,75,33,5
2018-03-05,IN11,20,7,0
2018-03-05,IN12,509,294,18
2018-03-05,IN13,183,51,3
2018-03-05,IN16,999,284,9
2018-03-05,IN17,4,1,1
2018-03-05,IN18,12,0,0
2018-03-05,IN19,556,140,19
2018-03-05,IN20,239,66,10
2018-03-05,IN21,163,38,2
2018-03-05,IN22,13,8,0
2018-03-05,IN23,59,26,4
2018-03-05,IN24,187,59,5
2018-03-05,IN25,394,94,10
2018-03-05,IN26,315,101,14
2018-03-05,IN28,196,59,8
2018-03-05,IN30,6,1,0
2018-03-05,IN31,2,2,0
2018-03-05,IN33,50,4,3
2018-03-05,IN34,96,26,2
2018-03-05,IN35,181,46,2
2018-03-05,IN36,584,139,4
2018-03-05,IN37,59,11,0
2018-03-05,IN38,29,11,1
2018-03-05,IN39,106,42,4
2018-03-06,IN00,115,30,2
2018-03-06,IN01,7,0,0
2018-03-06,IN02,527,141,32
2018-03-06,IN03,54,5,0
2018-03-06,IN06,1,0,0
2018-03-06,IN07,1718,475,69
2018-03-06,IN09,252,76,10
2018-03-06,IN10,133,39,6
2018-03-06,IN11,23,1,0
2018-03-06,IN12,351,154,12
2018-03-06,IN13,202,66,1
2018-03-06,IN14,1,1,0
2018-03-06,IN16,1291,385,20
2018-03-06,IN18,9,2,0
2018-03-06,IN19,684,226,17
2018-03-06,IN20,161,34,5
2018-03-06,IN21,108,46,6
2018-03-06,IN22,17,3,0
2018-03-06,IN23,130,43,0
2018-03-06,IN24,165,50,13
2018-03-06,IN25,524,177,19
2018-03-06,IN26,592,216,33
2018-03-06,IN28,196,75,11
2018-03-06,IN30,19,3,1
2018-03-06,IN33,90,6,0
2018-03-06,IN34,129,35,1
2018-03-06,IN35,124,51,4
2018-03-06,IN36,661,155,12
2018-03-06,IN37,52,14,1
2018-03-06,IN38,30,7,0
2018-03-06,IN39,70,21,2
2018-03-07,IN00,129,37,7
2018-03-07,IN01,16,1,1
2018-03-07,IN02,486,114,24
2018-03-07,IN03,54,12,0
2018-03-07,IN06,5,3,0
2018-03-07,IN07,1680,419,43
2018-03-07,IN09,251,64,9
2018-03-07,IN10,127,32,1
2018-03-07,IN11,42,18,2
2018-03-07,IN12,215,93,3
2018-03-07,IN13,239,83,7
2018-03-07,IN14,40,12,0
2018-03-07,IN16,1254,380,29
2018-03-07,IN18,7,4,0
2018-03-07,IN19,782,230,12
2018-03-07,IN20,34,7,0
2018-03-07,IN21,110,29,0
2018-03-07,IN22,17,4,0
2018-03-07,IN23,89,32,3
2018-03-07,IN24,240,90,18
2018-03-07,IN25,949,483,42
2018-03-07,IN26,509,246,19
2018-03-07,IN28,385,194,29
2018-03-07,IN31,7,1,0
2018-03-07,IN33,41,1,0
2018-03-07,IN34,117,49,2
2018-03-07,IN35,146,58,6
2018-03-07,IN36,509,129,19
2018-03-07,IN37,64,17,0
2018-03-07,IN38,22,5,0
2018-03-07,IN39,76,21,0
2018-03-08,IN00,131,32,7
2018-03-08,IN01,17,3,0
2018-03-08,IN02,569,136,13
2018-03-08,IN03,98,11,4
2018-03-08,IN05,4,0,0
2018-03-08,IN06,1,0,0
2018-03-08,IN07,1572,379,38
2018-03-08,IN09,224,56,4
2018-03-08,IN10,106,10,0
2018-03-08,IN11,40,9,6
2018-03-08,IN12,295,112,1
2018-03-08,IN13,279,70,2
2018-03-08,IN14,41,9,0
2018-03-08,IN16,1198,372,10
2018-03-08,IN17,94,26,1
2018-03-08,IN18,7,0,0
2018-03-08,IN19,532,140,7
2018-03-08,IN20,105,14,0
2018-03-08,IN21,102,28,2
2018-03-08,IN22,19,0,0
2018-03-08,IN23,116,44,8
2018-03-08,IN24,231,69,7
2018-03-08,IN25,613,201,10
2018-03-08,IN26,181,70,7
2018-03-08,IN28,244,128,15
2018-03-08,IN30,12,2,1
2018-03-08,IN33,23,4,0
2018-03-08,IN34,122,32,1
2018-03-08,IN35,147,45,1
2018-03-08,IN36,575,170,9
2018-03-08,IN37,82,4,1
2018-03-08,IN38,11,2,0
2018-03-08,IN39,57,15,0
2018-03-09,IN00,116,34,4
2018-03-09,IN01,2,0,0
2018-03-09,IN02,331,83,13
2018-03-09,IN03,77,6,1
2018-03-09,IN07,1814,452,34
2018-03-09,IN09,153,31,0
2018-03-09,IN10,117,23,0
2018-03-09,IN11,35,10,2
2018-03-09,IN12,239,87,2
2018-03-09,IN13,251,75,4
2018-03-09,IN14,17,4,0
2018-03-09,IN16,1137,358,26
2018-03-09,IN17,44,10,0
2018-03-09,IN18,7,1,0
2018-03-09,IN19,624,240,5
2018-03-09,IN20,51,10,1
2018-03-09,IN21,99,17,0
2018-03-09,IN22,25,4,0
2018-03-09,IN23,87,28,0
2018-03-09,IN24,184,78,1
2018-03-09,IN25,515,197,11
2018-03-09,IN26,320,45,2
2018-03-09,IN28,189,57,3
2018-03-09,IN30,12,1,0
2018-03-09,IN33,15,3,1
2018-03-09,IN34,153,43,1
2018-03-09,IN35,204,71,0
2018-03-09,IN36,609,179,8
2018-03-09,IN37,38,4,0
2018-03-09,IN38,30,10,0
2018-03-09,IN39,84,24,2
2018-03-10,IN00,117,26,0
2018-03-10,IN01,4,0,0
2018-03-10,IN02,342,114,6
2018-03-10,IN03,63,17,3
2018-03-10,IN07,1503,321,25
2018-03-10,IN09,186,53,15
2018-03-10,IN10,97,36,0
2018-03-10,IN11,31,4,1
2018-03-10,IN12,162,80,2
2018-03-10,IN13,222,52,4
2018-03-10,IN14,4,0,0
2018-03-10,IN16,936,257,48
2018-03-10,IN17,7,4,1
2018-03-10,IN18,2,2,0
2018-03-10,IN19,405,155,3
2018-03-10,IN20,36,9,0
2018-03-10,IN21,28,9,0
2018-03-10,IN22,23,4,0
2018-03-10,IN23,112,56,1
2018-03-10,IN24,196,46,11
2018-03-10,IN25,350,124,13
2018-03-10,IN26,165,47,2
2018-03-10,IN28,179,62,5
2018-03-10,IN30,1,0,0
2018-03-10,IN31,30,17,0
2018-03-10,IN33,2,1,0
2018-03-10,IN34,98,26,2
2018-03-10,IN35,170,44,1
2018-03-10,IN36,625,133,17
2018-03-10,IN37,29,8,2
2018-03-10,IN38,25,8,2
2018-03-10,IN39,53,12,0
2018-03-11,IN00,46,12,0
2018-03-11,IN01,9,3,0
2018-03-11,IN02,206,61,10
2018-03-11,IN03,34,9,0
2018-03-11,IN06,1,0,0
2018-03-11,IN07,1375,246,16
2018-03-11,IN09,170,76,12
2018-03-11,IN10,54,15,0
2018-03-11,IN11,38,11,3
2018-03-11,IN12,176,48,1
2018-03-11,IN13,95,22,2
2018-03-11,IN14,3,1,0
2018-03-11,IN16,799,188,37
2018-03-11,IN17,16,7,0
2018-03-11,IN18,2,0,0
2018-03-11,IN19,299,76,4
2018-03-11,IN20,16,3,0
2018-03-11,IN21,62,16,3
2018-03-11,IN22,9,0,0
2018-03-11,IN23,104,39,1
2018-03-11,IN24,226,44,15
2018-03-11,IN25,420,110,12
2018-03-11,IN26,70,19,0
2018-03-11,IN28,119,48,1
2018-03-11,IN31,14,4,0
2018-03-11,IN33,55,9,0
2018-03-11,IN34,141,49,0
2018-03-11,IN35,179,32,1
2018-03-11,IN36,586,106,5
2018-03-11,IN37,13,4,0
2018-03-11,IN38,15,5,0
2018-03-11,IN39,60,14,0
2018-03-12,IN00,98,23,4
2018-03-12,IN01,13,4,0
2018-03-12,IN02,400,129,24
2018-03-12,IN03,47,15,2
2018-03-12,IN06,1,0,0
2018-03-12,IN07,1405,337,39
2018-03-12,IN09,222,79,2
2018-03-12,IN10,74,17,0
2018-03-12,IN11,23,4,1
2018-03-12,IN12,382,183,10
2018-03-12,IN13,170,63,4
2018-03-12,IN14,3,0,0
2018-03-12,IN16,1323,364,67
2018-03-12,IN17,42,15,3
2018-03-12,IN18,4,0,0
2018-03-12,IN19,382,118,1
2018-03-12,IN20,90,13,3
2018-03-12,IN21,43,18,1
2018-03-12,IN22,16,0,0
2018-03-12,IN23,53,17,2
2018-03-12,IN24,283,80,22
2018-03-12,IN25,625,161,6
2018-03-12,IN26,71,18,0
2018-03-12,IN28,143,37,4
2018-03-12,IN31,6,5,0
2018-03-12,IN33,28,7,0
2018-03-12,IN34,127,22,2
2018-03-12,IN35,202,50,5
2018-03-12,IN36,706,121,17
2018-03-12,IN37,25,1,1
2018-03-12,IN38,18,3,1
2018-03-12,IN39,62,16,0
2018-03-13,IN00,149,53,5
2018-03-13,IN01,14,2,0
2018-03-13,IN02,429,147,21
2018-03-13,IN03,54,16,3
2018-03-13,IN06,3,0,0
2018-03-13,IN07,1665,448,36
2018-03-13,IN09,211,70,4
2018-03-13,IN10,119,48,1
2018-03-13,IN11,25,3,0
2018-03-13,IN12,227,90,7
2018-03-13,IN13,217,54,4
2018-03-13,IN14,1,1,0
2018-03-13,IN16,1179,372,44
2018-03-13,IN17,3,0,0
2018-03-13,IN19,486,125,6
2018-03-13,IN20,61,17,3
2018-03-13,IN21,85,32,4
2018-03-13,IN22,4,1,1
2018-03-13,IN23,86,28,0
2018-03-13,IN24,227,75,9
2018-03-13,IN25,420,113,3
2018-03-13,IN26,76,24,1
2018-03-13,IN28,183,69,14
2018-03-13,IN29,2,0,0
2018-03-13,IN30,10,0,0
2018-03-13,IN31,3,0,0
2018-03-13,IN33,16,4,0
2018-03-13,IN34,126,35,0
2018-03-13,IN35,198,56,4
2018-03-13,IN36,491,141,11
2018-03-13,IN37,196,95,5
2018-03-13,IN38,34,11,0
2018-03-13,IN39,76,22,0
2018-03-14,IN00,122,25,7
2018-03-14,IN01,2,0,0
2018-03-14,IN02,437,124,12
2018-03-14,IN03,60,8,1
2018-03-14,IN06,2,0,0
2018-03-14,IN07,1473,386,31
2018-03-14,IN09,277,85,9
2018-03-14,IN10,61,17,0
2018-03-14,IN11,61,12,3
2018-03-14,IN12,285,67,3
2018-03-14,IN13,189,50,0
2018-03-14,IN14,1,1,0
2018-03-14,IN16,1081,339,18
2018-03-14,IN17,30,9,0
2018-03-14,IN18,35,16,2
2018-03-14,IN19,457,169,5
2018-03-14,IN20,41,24,0
2018-03-14,IN21,112,30,1
2018-03-14,IN22,10,1,0
2018-03-14,IN23,120,44,1
2018-03-14,IN24,154,38,1
2018-03-14,IN25,345,104,6
2018-03-14,IN26,63,26,3
2018-03-14,IN28,208,60,5
2018-03-14,IN30,6,2,0
2018-03-14,IN31,19,10,3
2018-03-14,IN33,24,0,0
2018-03-14,IN34,307,106,1
2018-03-14,IN35,174,52,5
2018-03-14,IN36,1026,344,17
2018-03-14,IN37,103,46,3
2018-03-14,IN38,13,3,0
2018-03-14,IN39,83,25,0
2018-03-15,IN00,115,20,0
2018-03-15,IN01,11,2,1
2018-03-15,IN02,591,163,13
2018-03-15,IN03,40,10,0
2018-03-15,IN05,5,2,0
2018-03-15,IN06,3,0,0
2018-03-15,IN07,1698,480,45
2018-03-15,IN09,264,95,2
2018-03-15,IN10,99,38,0
2018-03-15,IN11,14,5,0
2018-03-15,IN12,299,117,6
2018-03-15,IN13,133,36,0
2018-03-15,IN14,11,1,0
2018-03-15,IN16,1002,389,29
2018-03-15,IN17,23,1,0
2018-03-15,IN19,427,128,3
2018-03-15,IN20,14,2,0
2018-03-15,IN21,125,26,1
2018-03-15,IN22,10,4,0
2018-03-15,IN23,143,88,5
2018-03-15,IN24,180,66,0
2018-03-15,IN25,468,158,25
2018-03-15,IN26,71,15,1
2018-03-15,IN28,243,86,7
2018-03-15,IN30,3,0,0
2018-03-15,IN31,7,3,0
2018-03-15,IN33,23,5,1
2018-03-15,IN34,267,107,6
2018-03-15,IN35,174,58,4
2018-03-15,IN36,848,241,26
2018-03-15,IN37,28,13,0
2018-03-15,IN38,26,13,2
2018-03-15,IN39,41,13,0
2018-03-16,IN00,98,15,0
2018-03-16,IN01,1,0,0
2018-03-16,IN02,565,152,14
2018-03-16,IN03,25,14,1
2018-03-16,IN06,4,2,1
2018-03-16,IN07,1601,507,37
2018-03-16,IN09,156,50,1
2018-03-16,IN10,101,43,0
2018-03-16,IN11,62,12,1
2018-03-16,IN12,307,136,0
2018-03-16,IN13,57,14,1
2018-03-16,IN14,9,4,0
2018-03-16,IN16,1044,331,24
2018-03-16,IN17,76,2,0
2018-03-16,IN19,443,131,7
2018-03-16,IN20,20,3,0
2018-03-16,IN21,145,31,7
2018-03-16,IN22,13,2,0
2018-03-16,IN23,135,51,0
2018-03-16,IN24,281,73,0
2018-03-16,IN25,461,124,14
2018-03-16,IN26,41,19,2
2018-03-16,IN28,204,49,0
2018-03-16,IN33,11,4,0
2018-03-16,IN34,199,96,11
2018-03-16,IN35,218,68,5
2018-03-16,IN36,566,148,9
2018-03-16,IN37,34,21,4
2018-03-16,IN38,34,13,0
2018-03-16,IN39,33,9,0
2018-03-17,IN00,74,15,0
2018-03-17,IN01,2,0,0
2018-03-17,IN02,312,85,2
2018-03-17,IN03,33,9,0
2018-03-17,IN05,31,29,0
2018-03-17,IN06,1,0,0
2018-03-17,IN07,1364,393,35
2018-03-17,IN09,146,48,3
2018-03-17,IN10,157,54,4
2018-03-17,IN11,33,8,1
2018-03-17,IN12,224,69,6
2018-03-17,IN13,107,37,0
2018-03-17,IN14,9,2,0
2018-03-17,IN16,771,251,13
2018-03-17,IN17,23,1,0
2018-03-17,IN18,7,1,0
2018-03-17,IN19,349,84,7
2018-03-17,IN20,23,6,0
2018-03-17,IN21,168,55,1
2018-03-17,IN22,4,2,0
2018-03-17,IN23,100,47,3
2018-03-17,IN24,267,77,4
2018-03-17,IN25,279,74,4
2018-03-17,IN26,59,22,1
2018-03-17,IN28,216,66,1
2018-03-17,IN33,9,1,1
2018-03-17,IN34,277,109,5
2018-03-17,IN35,190,50,3
2018-03-17,IN36,583,158,12
2018-03-17,IN37,38,14,0
2018-03-17,IN38,47,17,3
2018-03-17,IN39,61,26,0
2018-03-18,IN00,39,18,0
2018-03-18,IN01,3,1,0
2018-03-18,IN02,271,80,5
2018-03-18,IN03,19,3,0
2018-03-18,IN05,4,4,0
2018-03-18,IN07,1087,320,16
2018-03-18,IN09,110,43,4
2018-03-18,IN10,100,44,1
2018-03-18,IN11,12,9,0
2018-03-18,IN12,342,137,9
2018-03-18,IN13,127,42,1
2018-03-18,IN16,473,162,15
2018-03-18,IN17,42,4,4
2018-03-18,IN18,1,0,0
2018-03-18,IN19,289,89,2
2018-03-18,IN20,41,7,0
2018-03-18,IN21,108,13,2
2018-03-18,IN22,5,1,0
2018-03-18,IN23,116,42,0
2018-03-18,IN24,114,23,0
2018-03-18,IN25,127,33,2
2018-03-18,IN26,34,9,0
2018-03-18,IN28,177,45,3
2018-03-18,IN30,3,1,0
2018-03-18,IN31,1,0,0
2018-03-18,IN33,13,1,0
2018-03-18,IN34,151,59,1
2018-03-18,IN35,122,42,3
2018-03-18,IN36,422,121,10
2018-03-18,IN37,26,7,0
2018-03-18,IN38,10,5,0
2018-03-18,IN39,37,5,0
2018-03-19,IN00,149,23,0
2018-03-19,IN01,5,2,0
2018-03-19,IN02,424,85,15
2018-03-19,IN03,88,23,0
2018-03-19,IN05,2,2,0
2018-03-19,IN06,4,1,0
2018-03-19,IN07,1475,499,61
2018-03-19,IN09,187,37,1
2018-03-19,IN10,124,33,0
2018-03-19,IN11,6,0,0
2018-03-19,IN12,305,115,7
2018-03-19,IN13,153,50,4
2018-03-19,IN14,1,0,0
2018-03-19,IN16,1160,395,47
2018-03-19,IN17,1,0,0
2018-03-19,IN18,3,0,0
2018-03-19,IN19,521,154,14
2018-03-19,IN20,26,9,0
2018-03-19,IN21,98,12,1
2018-03-19,IN22,10,1,0
2018-03-19,IN23,62,13,0
2018-03-19,IN24,277,76,11
2018-03-19,IN25,238,79,3
2018-03-19,IN26,35,7,1
2018-03-19,IN28,315,83,5
2018-03-19,IN29,4,4,0
2018-03-19,IN30,1,0,0
2018-03-19,IN31,21,1,0
2018-03-19,IN33,25,6,1
2018-03-19,IN34,381,176,4
2018-03-19,IN35,252,94,2
2018-03-19,IN36,787,272,30
2018-03-19,IN37,32,4,0
2018-03-19,IN38,77,45,0
2018-03-19,IN39,77,20,0
2018-03-20,IN00,146,33,2
2018-03-20,IN01,8,0,0
2018-03-20,IN02,387,84,13
2018-03-20,IN03,47,14,0
2018-03-20,IN05,10,1,0
2018-03-20,IN06,5,1,0
2018-03-20,IN07,1556,512,48
2018-03-20,IN09,250,99,8
2018-03-20,IN10,78,26,4
2018-03-20,IN11,88,31,2
2018-03-20,IN12,225,95,8
2018-03-20,IN13,154,57,22
2018-03-20,IN14,2,0,0
2018-03-20,IN16,1120,408,70
2018-03-20,IN17,5,2,0
2018-03-20,IN18,10,6,0
2018-03-20,IN19,875,269,17
2018-03-20,IN20,14,1,0
2018-03-20,IN21,56,14,1
2018-03-20,IN22,5,3,0
2018-03-20,IN23,230,89,4
2018-03-20,IN24,194,51,6
2018-03-20,IN25,454,172,19
2018-03-20,IN26,81,38,5
2018-03-20,IN28,289,87,6
2018-03-20,IN30,10,2,0
2018-03-20,IN31,6,4,0
2018-03-20,IN33,18,9,3
2018-03-20,IN34,248,78,0
2018-03-20,IN35,189,64,1
2018-03-20,IN36,652,215,9
2018-03-20,IN37,17,8,2
2018-03-20,IN38,12,2,0
2018-03-20,IN39,77,25,0
2018-03-21,IN00,136,34,2
2018-03-21,IN01,5,3,1
2018-03-21,IN02,342,70,18
2018-03-21,IN03,37,6,1
2018-03-21,IN05,3,0,0
2018-03-21,IN06,4,0,0
2018-03-21,IN07,1545,501,43
2018-03-21,IN09,191,58,6
2018-03-21,IN10,124,56,3
2018-03-21,IN11,54,14,0
2018-03-21,IN12,207,81,1
2018-03-21,IN13,150,45,7
2018-03-21,IN14,5,2,1
2018-03-21,IN16,1053,359,30
2018-03-21,IN17,59,18,6
2018-03-21,IN18,1,0,0
2018-03-21,IN19,673,227,15
2018-03-21,IN20,12,2,0
2018-03-21,IN21,112,27,0
2018-03-21,IN22,7,0,0
2018-03-21,IN23,272,90,5
2018-03-21,IN24,191,53,9
2018-03-21,IN25,465,155,7
2018-03-21,IN26,19,6,0
2018-03-21,IN28,162,62,5
2018-03-21,IN30,13,2,0
2018-03-21,IN31,1,0,0
2018-03-21,IN33,46,13,0
2018-03-21,IN34,220,96,18
2018-03-21,IN35,144,57,2
2018-03-21,IN36,680,180,18
2018-03-21,IN37,22,11,0
2018-03-21,IN38,29,9,0
2018-03-21,IN39,117,43,1
2018-03-22,IN00,129,35,6
2018-03-22,IN01,12,1,0
2018-03-22,IN02,352,101,14
2018-03-22,IN03,47,19,6
2018-03-22,IN05,2,0,0
2018-03-22,IN07,1741,472,33
2018-03-22,IN09,149,36,5
2018-03-22,IN10,88,34,2
2018-03-22,IN11,51,14,0
2018-03-22,IN12,190,70,7
2018-03-22,IN13,120,38,5
2018-03-22,IN16,1087,358,27
2018-03-22,IN17,2,0,0
2018-03-22,IN18,1,0,0
2018-03-22,IN19,578,152,17
2018-03-22,IN20,33,13,3
2018-03-22,IN21,110,21,4
2018-03-22,IN22,10,6,0
2018-03-22,IN23,101,23,0
2018-03-22,IN24,164,69,2
2018-03-22,IN25,323,99,3
2018-03-22,IN26,39,8,0
2018-03-22,IN28,200,59,7
2018-03-22,IN30,3,0,0
2018-03-22,IN33,20,2,0
2018-03-22,IN34,255,117,5
2018-03-22,IN35,134,36,3
2018-03-22,IN36,665,200,8
2018-03-22,IN37,49,24,0
2018-03-22,IN38,31,13,0
2018-03-22,IN39,54,6,0
2018-03-23,IN00,109,24,3
2018-03-23,IN01,31,8,0
2018-03-23,IN02,346,108,6
2018-03-23,IN03,46,7,2
2018-03-23,IN06,3,0,0
2018-03-23,IN07,1906,560,82
2018-03-23,IN09,162,48,3
2018-03-23,IN10,104,40,6
2018-03-23,IN11,37,6,0
2018-03-23,IN12,169,53,2
2018-03-23,IN13,223,80,14
2018-03-23,IN16,877,343,17
2018-03-23,IN17,29,6,0
2018-03-23,IN18,11,8,0
2018-03-23,IN19,516,145,9
2018-03-23,IN20,52,6,0
2018-03-23,IN21,86,18,1
2018-03-23,IN22,23,8,2
2018-03-23,IN23,64,21,1
2018-03-23,IN24,122,27,4
2018-03-23,IN25,363,120,6
2018-03-23,IN26,37,19,1
2018-03-23,IN28,134,26,2
2018-03-23,IN30,16,12,0
2018-03-23,IN31,8,6,0
2018-03-23,IN33,19,2,0
2018-03-23,IN34,241,100,11
2018-03-23,IN35,193,70,6
2018-03-23,IN36,846,289,17
2018-03-23,IN37,67,17,0
2018-03-23,IN38,26,7,2
2018-03-23,IN39,72,11,0
2018-03-24,IN00,95,31,3
2018-03-24,IN01,1,1,0
2018-03-24,IN02,334,102,8
2018-03-24,IN03,72,19,0
2018-03-24,IN06,2,0,0
2018-03-24,IN07,1362,431,46
2018-03-24,IN09,155,60,8
2018-03-24,IN10,127,38,6
2018-03-24,IN11,23,4,0
2018-03-24,IN12,232,98,6
2018-03-24,IN13,239,111,8
2018-03-24,IN16,730,256,17
2018-03-24,IN17,6,1,0
2018-03-24,IN18,3,0,0
2018-03-24,IN19,543,151,7
2018-03-24,IN20,33,3,1
2018-03-24,IN21,79,25,1
2018-03-24,IN22,2,2,2
2018-03-24,IN23,95,31,7
2018-03-24,IN24,168,56,5
2018-03-24,IN25,293,44,2
2018-03-24,IN26,22,7,0
2018-03-24,IN28,129,40,0
2018-03-24,IN30,8,5,0
2018-03-24,IN33,39,3,0
2018-03-24,IN34,358,176,1
2018-03-24,IN35,190,52,7
2018-03-24,IN36,567,174,13
2018-03-24,IN37,22,2,0
2018-03-24,IN38,131,84,0
2018-03-24,IN39,88,26,0
2018-03-25,IN00,82,23,2
2018-03-25,IN01,6,1,0
2018-03-25,IN02,240,60,6
2018-03-25,IN03,62,3,0
2018-03-25,IN07,915,301,35
2018-03-25,IN09,142,45,1
2018-03-25,IN10,103,40,5
2018-03-25,IN11,21,2,0
2018-03-25,IN12,185,90,3
2018-03-25,IN13,112,43,3
2018-03-25,IN14,2,0,0
2018-03-25,IN16,526,151,15
2018-03-25,IN17,36,9,5
2018-03-25,IN18,13,2,1
2018-03-25,IN19,348,78,13
2018-03-25,IN20,31,4,0
2018-03-25,IN21,61,12,1
2018-03-25,IN22,5,0,0
2018-03-25,IN23,84,33,10
2018-03-25,IN24,135,29,0
2018-03-25,IN25,307,77,33
2018-03-25,IN26,25,7,0
2018-03-25,IN28,312,111,15
2018-03-25,IN31,27,4,0
2018-03-25,IN33,3,1,0
2018-03-25,IN34,163,51,1
2018-03-25,IN35,172,72,0
2018-03-25,IN36,561,248,9
2018-03-25,IN37,18,1,0
2018-03-25,IN38,36,11,0
2018-03-25,IN39,65,22,3
2018-03-26,IN00,107,48,1
2018-03-26,IN01,5,1,0
2018-03-26,IN02,313,77,10
2018-03-26,IN03,49,11,0
2018-03-26,IN06,1,1,0
2018-03-26,IN07,1305,424,57
2018-03-26,IN09,144,60,2
2018-03-26,IN10,130,39,1
2018-03-26,IN11,27,12,0
2018-03-26,IN12,142,56,3
2018-03-26,IN13,151,42,8
2018-03-26,IN14,7,0,0
2018-03-26,IN16,1133,444,55
2018-03-26,IN17,16,2,0
2018-03-26,IN18,3,0,0
2018-03-26,IN19,641,146,14
2018-03-26,IN20,10,3,0
2018-03-26,IN21,80,20,0
2018-03-26,IN22,21,13,3
2018-03-26,IN23,90,26,7
2018-03-26,IN24,147,36,5
2018-03-26,IN25,336,121,13
2018-03-26,IN26,25,6,0
2018-03-26,IN28,307,124,3
2018-03-26,IN30,6,0,0
2018-03-26,IN31,4,0,0
2018-03-26,IN33,7,1,0
2018-03-26,IN34,292,172,4
2018-03-26,IN35,319,136,8
2018-03-26,IN36,462,196,9
2018-03-26,IN37,10,1,0
2018-03-26,IN38,42,25,0
2018-03-26,IN39,116,35,5
2018-03-27,IN00,104,27,1
2018-03-27,IN02,370,87,9
2018-03-27,IN03,59,15,0
2018-03-27,IN06,4,0,0
2018-03-27,IN07,1547,421,36
2018-03-27,IN09,217,73,2
2018-03-27,IN10,139,35,3
2018-03-27,IN11,3,1,0
2018-03-27,IN12,250,32,3
2018-03-27,IN13,116,32,2
2018-03-27,IN14,1,0,0
2018-03-27,IN16,908,296,25
2018-03-27,IN17,21,7,0
2018-03-27,IN18,12,6,0
2018-03-27,IN19,890,253,17
2018-03-27,IN20,16,6,4
2018-03-27,IN21,108,17,2
2018-03-27,IN22,12,0,0
2018-03-27,IN23,73,20,3
2018-03-27,IN24,231,57,4
2018-03-27,IN25,337,98,9
2018-03-27,IN26,16,9,0
2018-03-27,IN28,339,122,2
2018-03-27,IN31,9,0,0
2018-03-27,IN33,35,6,2
2018-03-27,IN34,216,102,2
2018-03-27,IN35,194,62,0
2018-03-27,IN36,461,116,8
2018-03-27,IN37,50,23,2
2018-03-27,IN38,45,23,2
2018-03-27,IN39,78,17,0
2018-03-28,IN00,142,38,1
2018-03-28,IN01,14,3,0
2018-03-28,IN02,363,122,18
2018-03-28,IN03,39,4,0
2018-03-28,IN05,2,0,0
2018-03-28,IN06,1,0,0
2018-03-28,IN07,1924,537,64
2018-03-28,IN09,135,40,2
2018-03-28,IN10,126,39,0
2018-03-28,IN11,32,3,1
2018-03-28,IN12,224,58,0
2018-03-28,IN13,118,34,4
2018-03-28,IN16,1104,358,22
2018-03-28,IN17,2,0,0
2018-03-28,IN18,1,1,0
2018-03-28,IN19,717,158,7
2018-03-28,IN20,22,8,1
2018-03-28,IN21,84,22,3
2018-03-28,IN22,13,2,0
2018-03-28,IN23,52,21,2
2018-03-28,IN24,208,60,4
2018-03-28,IN25,337,84,13
2018-03-28,IN26,15,3,1
2018-03-28,IN28,426,182,4
2018-03-28,IN30,5,1,0
2018-03-28,IN31,7,3,0
2018-03-28,IN33,17,9,0
2018-03-28,IN34,225,112,1
2018-03-28,IN35,221,61,3
2018-03-28,IN36,522,165,16
2018-03-28,IN37,24,8,0
2018-03-28,IN38,46,13,0
2018-03-28,IN39,45,14,0
2018-03-29,IN00,106,30,0
2018-03-29,IN01,4,2,0
2018-03-29,IN02,330,73,12
2018-03-29,IN03,39,19,1
2018-03-29,IN05,4,1,0
2018-03-29,IN06,1,0,0
2018-03-29,IN07,1421,443,60
2018-03-29,IN09,198,76,2
2018-03-29,IN10,157,42,1
2018-03-29,IN11,85,23,2
2018-03-29,IN12,147,54,1
2018-03-29,IN13,67,22,0
2018-03-29,IN14,2,0,0
2018-03-29,IN16,871,290,12
2018-03-29,IN17,16,4,0
2018-03-29,IN18,2,0,0
2018-03-29,IN19,815,229,7
2018-03-29,IN20,22,4,0
2018-03-29,IN21,68,11,1
2018-03-29,IN22,12,0,0
2018-03-29,IN23,77,33,3
2018-03-29,IN24,190,31,3
2018-03-29,IN25,278,43,8
2018-03-29,IN26,11,5,0
2018-03-29,IN28,439,173,6
2018-03-29,IN30,10,1,0
2018-03-29,IN33,11,1,0
2018-03-29,IN34,298,153,2
2018-03-29,IN35,230,85,11
2018-03-29,IN36,420,144,26
2018-03-29,IN37,38,11,0
2018-03-29,IN38,96,51,0
2018-03-29,IN39,26,12,0
2018-03-30,IN00,102,17,0
2018-03-30,IN02,187,47,3
2018-03-30,IN03,17,11,0
2018-03-30,IN07,1392,443,70
2018-03-30,IN09,214,99,7
2018-03-30,IN10,89,35,10
2018-03-30,IN11,40,13,0
2018-03-30,IN12,243,84,0
2018-03-30,IN13,100,22,4
2018-03-30,IN14,2,0,0
2018-03-30,IN16,790,213,12
2018-03-30,IN17,7,4,0
2018-03-30,IN18,8,1,0
2018-03-30,IN19,854,260,11
2018-03-30,IN20,13,2,0
2018-03-30,IN21,67,11,0
2018-03-30,IN22,1,0,0
2018-03-30,IN23,92,26,0
2018-03-30,IN24,135,29,3
2018-03-30,IN25,305,96,20
2018-03-30,IN26,11,5,0
2018-03-30,IN28,473,167,1
2018-03-30,IN30,7,1,0
2018-03-30,IN33,5,4,0
2018-03-30,IN34,273,186,6
2018-03-30,IN35,266,83,3
2018-03-30,IN36,501,167,6
2018-03-30,IN37,17,4,0
2018-03-30,IN38,40,23,0
2018-03-30,IN39,128,8,0
2018-03-31,IN00,80,23,1
2018-03-31,IN01,1,0,0
2018-03-31,IN02,326,86,4
2018-03-31,IN03,48,17,0
2018-03-31,IN06,1,0,0
2018-03-31,IN07,1152,396,84
2018-03-31,IN09,210,111,0
2018-03-31,IN10,96,44,5
2018-03-31,IN11,104,21,0
2018-03-31,IN12,297,127,14
2018-03-31,IN13,104,29,2
2018-03-31,IN16,601,174,10
2018-03-31,IN17,53,18,3
2018-03-31,IN19,524,173,2
2018-03-31,IN20,3,1,0
2018-03-31,IN21,108,40,15
2018-03-31,IN22,6,1,1
2018-03-31,IN23,57,19,0
2018-03-31,IN24,140,44,0
2018-03-31,IN25,356,147,36
2018-03-31,IN26,20,7,0
2018-03-31,IN28,376,89,4
2018-03-31,IN30,23,9,0
2018-03-31,IN33,12,2,0
2018-03-31,IN34,243,140,1
2018-03-31,IN35,158,62,6
2018-03-31,IN36,468,163,9
2018-03-31,IN37,17,7,1
2018-03-31,IN38,9,3,0
2018-03-31,IN39,92,12,0
2018-04-01,IN00,63,19,2
2018-04-01,IN01,3,2,1
2018-04-01,IN02,216,56,8
2018-04-01,IN03,34,9,0
2018-04-01,IN07,778,246,33
2018-04-01,IN09,187,111,19
2018-04-01,IN10,70,28,2
2018-04-01,IN11,73,5,0
2018-04-01,IN12,417,246,11
2018-04-01,IN13,110,36,3
2018-04-01,IN14,2,0,0
2018-04-01,IN16,596,175,16
2018-04-01,IN17,24,1,0
2018-04-01,IN19,416,129,7
2018-04-01,IN20,19,1,0
2018-04-01,IN21,80,22,0
2018-04-01,IN22,10,1,0
2018-04-01,IN23,151,71,14
2018-04-01,IN24,111,43,3
2018-04-01,IN25,347,139,34
2018-04-01,IN26,14,11,0
2018-04-01,IN28,364,114,3
2018-04-01,IN30,7,1,0
2018-04-01,IN33,13,0,0
2018-04-01,IN34,409,224,0
2018-04-01,IN35,217,96,3
2018-04-01,IN36,371,161,28
2018-04-01,IN37,17,9,0
2018-04-01,IN38,35,13,0
2018-04-01,IN39,41,8,3
2018-04-02,IN00,137,42,4
2018-04-02,IN01,12,0,0
2018-04-02,IN02,279,80,20
2018-04-02,IN03,25,6,0
2018-04-02,IN06,8,6,1
2018-04-02,IN07,1408,457,87
2018-04-02,IN09,204,97,17
2018-04-02,IN10,217,115,38
2018-04-02,IN11,104,21,0
2018-04-02,IN12,635,390,66
2018-04-02,IN13,146,35,3
2018-04-02,IN16,977,350,42
2018-04-02,IN17,5,1,0
2018-04-02,IN18,9,3,0
2018-04-02,IN19,679,214,27
2018-04-02,IN20,10,1,0
2018-04-02,IN21,147,49,13
2018-04-02,IN22,27,19,12
2018-04-02,IN23,309,136,42
2018-04-02,IN24,255,140,37
2018-04-02,IN25,546,250,68
2018-04-02,IN26,6,1,0
2018-04-02,IN28,324,93,7
2018-04-02,IN30,17,7,3
2018-04-02,IN33,24,3,0
2018-04-02,IN34,522,298,48
2018-04-02,IN35,430,220,42
2018-04-02,IN36,956,506,90
2018-04-02,IN37,43,23,8
2018-04-02,IN38,87,62,14
2018-04-02,IN39,71,27,9
2018-04-03,IN00,141,46,4
2018-04-03,IN01,8,0,0
2018-04-03,IN02,285,85,13
2018-04-03,IN03,48,13,5
2018-04-03,IN05,3,1,0
2018-04-03,IN07,1724,500,70
2018-04-03,IN09,204,97,12
2018-04-03,IN10,182,67,14
2018-04-03,IN11,73,15,0
2018-04-03,IN12,511,245,17
2018-04-03,IN13,104,54,4
2018-04-03,IN14,2,0,0
2018-04-03,IN16,1037,383,17
2018-04-03,IN17,25,10,0
2018-04-03,IN18,11,1,1
2018-04-03,IN19,924,261,23
2018-04-03,IN20,21,1,0
2018-04-03,IN21,126,40,4
2018-04-03,IN22,37,13,6
2018-04-03,IN23,206,86,11
2018-04-03,IN24,390,230,31
2018-04-03,IN25,514,251,85
2018-04-03,IN26,38,16,1
2018-04-03,IN28,208,54,11
2018-04-03,IN30,6,1,0
2018-04-03,IN31,10,0,0
2018-04-03,IN33,8,3,0
2018-04-03,IN34,281,153,24
2018-04-03,IN35,420,201,32
2018-04-03,IN36,868,441,75
2018-04-03,IN37,63,15,0
2018-04-03,IN38,31,18,3
2018-04-03,IN39,111,41,7
2018-04-04,IN00,110,22,4
2018-04-04,IN01,9,0,0
2018-04-04,IN02,397,132,10
2018-04-04,IN03,17,4,1
2018-04-04,IN07,1488,444,60
2018-04-04,IN09,192,77,7
2018-04-04,IN10,111,37,7
2018-04-04,IN11,3,1,0
2018-04-04,IN12,311,122,5
2018-04-04,IN13,151,48,10
2018-04-04,IN14,2,0,0
2018-04-04,IN16,1017,333,20
2018-04-04,IN17,31,9,0
2018-04-04,IN18,7,3,0
2018-04-04,IN19,918,235,35
2018-04-04,IN20,15,1,0
2018-04-04,IN21,150,50,5
2018-04-04,IN22,8,3,1
2018-04-04,IN23,89,30,10
2018-04-04,IN24,345,158,22
2018-04-04,IN25,487,147,33
2018-04-04,IN26,11,4,0
2018-04-04,IN28,206,69,5
2018-04-04,IN29,2,2,0
2018-04-04,IN30,2,2,0
2018-04-04,IN31,12,5,0
2018-04-04,IN33,21,9,0
2018-04-04,IN34,166,61,8
2018-04-04,IN35,324,96,15
2018-04-04,IN36,610,248,37
2018-04-04,IN37,54,12,0
2018-04-04,IN38,43,16,3
2018-04-04,IN39,65,13,2
2018-04-05,IN00,92,31,2
2018-04-05,IN01,6,4,0
2018-04-05,IN02,361,104,16
2018-04-05,IN03,23,5,1
2018-04-05,IN05,1,0,0
2018-04-05,IN06,4,0,0
2018-04-05,IN07,1374,400,44
2018-04-05,IN09,138,59,5
2018-04-05,IN10,71,24,1
2018-04-05,IN11,24,4,0
2018-04-05,IN12,416,205,29
2018-04-05,IN13,154,48,3
2018-04-05,IN14,5,0,0
2018-04-05,IN16,1330,462,19
2018-04-05,IN18,3,0,0
2018-04-05,IN19,538,169,17
2018-04-05,IN20,19,2,0
2018-04-05,IN21,78,25,4
2018-04-05,IN22,13,7,3
2018-04-05,IN23,105,36,0
2018-04-05,IN24,615,327,6
2018-04-05,IN25,542,209,67
2018-04-05,IN26,29,23,13
2018-04-05,IN28,265,92,9
2018-04-05,IN33,21,9,2
2018-04-05,IN34,178,92,3
2018-04-05,IN35,257,93,4
2018-04-05,IN36,541,229,33
2018-04-05,IN37,36,12,0
2018-04-05,IN38,19,0,0
2018-04-05,IN39,85,17,5
2018-04-06,IN00,117,34,3
2018-04-06,IN01,4,1,0
2018-04-06,IN02,329,111,39
2018-04-06,IN03,49,4,1
2018-04-06,IN07,1652,417,44
2018-04-06,IN09,200,70,4
2018-04-06,IN10,119,38,1
2018-04-06,IN11,54,10,0
2018-04-06,IN12,286,147,23
2018-04-06,IN13,128,36,2
2018-04-06,IN16,1280,391,12
2018-04-06,IN17,36,11,0
2018-04-06,IN18,4,0,0
2018-04-06,IN19,619,181,22
2018-04-06,IN20,25,9,2
2018-04-06,IN21,111,28,4
2018-04-06,IN22,4,1,0
2018-04-06,IN23,134,49,6
2018-04-06,IN24,507,264,7
2018-04-06,IN25,363,113,21
2018-04-06,IN26,27,6,1
2018-04-06,IN28,270,116,9
2018-04-06,IN30,2,0,0
2018-04-06,IN31,3,0,0
2018-04-06,IN33,34,14,1
2018-04-06,IN34,216,85,4
2018-04-06,IN35,190,78,6
2018-04-06,IN36,594,181,10
2018-04-06,IN37,36,10,0
2018-04-06,IN38,27,8,0
2018-04-06,IN39,158,31,7
2018-04-07,IN00,76,22,0
2018-04-07,IN01,4,1,1
2018-04-07,IN02,331,84,25
2018-04-07,IN03,59,7,0
2018-04-07,IN07,1308,356,54
2018-04-07,IN09,135,51,5
2018-04-07,IN10,110,45,7
2018-04-07,IN11,54,35,0
2018-04-07,IN12,224,111,13
2018-04-07,IN13,155,32,0
2018-04-07,IN16,975,321,8
2018-04-07,IN18,14,5,0
2018-04-07,IN19,623,167,12
2018-04-07,IN20,47,4,0
2018-04-07,IN21,94,23,5
2018-04-07,IN22,1,0,0
2018-04-07,IN23,68,16,6
2018-04-07,IN24,511,221,3
2018-04-07,IN25,331,103,13
2018-04-07,IN26,34,9,0
2018-04-07,IN28,262,108,5
2018-04-07,IN30,4,0,0
2018-04-07,IN31,4,1,0
2018-04-07,IN33,25,9,0
2018-04-07,IN34,295,92,5
2018-04-07,IN35,168,60,0
2018-04-07,IN36,684,226,29
2018-04-07,IN37,31,5,1
2018-04-07,IN38,4,0,0
2018-04-07,IN39,114,37,4
2018-04-08,IN00,67,29,3
2018-04-08,IN01,19,0,0
2018-04-08,IN02,314,105,23
2018-04-08,IN03,46,21,0
2018-04-08,IN05,2,0,0
2018-04-08,IN06,5,1,0
2018-04-08,IN07,1019,331,73
2018-04-08,IN09,170,69,10
2018-04-08,IN10,78,38,3
2018-04-08,IN11,32,8,1
2018-04-08,IN12,238,89,2
2018-04-08,IN13,89,17,1
2018-04-08,IN16,818,318,18
2018-04-08,IN17,26,7,0
2018-04-08,IN18,15,2,0
2018-04-08,IN19,473,135,27
2018-04-08,IN20,13,3,0
2018-04-08,IN21,31,3,0
2018-04-08,IN22,9,2,1
2018-04-08,IN23,70,16,2
2018-04-08,IN24,231,94,12
2018-04-08,IN25,344,165,61
2018-04-08,IN26,22,8,0
2018-04-08,IN28,212,79,7
2018-04-08,IN30,1,0,0
2018-04-08,IN33,13,0,0
2018-04-08,IN34,157,42,3
2018-04-08,IN35,227,94,4
2018-04-08,IN36,700,292,21
2018-04-08,IN37,7,3,0
2018-04-08,IN38,3,2,0
2018-04-08,IN39,127,25,0
2018-04-09,IN00,89,27,2
2018-04-09,IN01,6,2,0
2018-04-09,IN02,331,131,23
2018-04-09,IN03,53,16,0
2018-04-09,IN07,1543,471,90
2018-04-09,IN09,268,56,0
2018-04-09,IN10,139,57,6
2018-04-09,IN11,89,31,0
2018-04-09,IN12,314,114,11
2018-04-09,IN13,210,77,15
2018-04-09,IN16,1067,395,28
2018-04-09,IN17,4,3,0
2018-04-09,IN18,1,0,0
2018-04-09,IN19,750,191,13
2018-04-09,IN20,31,3,0
2018-04-09,IN21,82,27,2
2018-04-09,IN22,4,1,0
2018-04-09,IN23,113,37,4
2018-04-09,IN24,272,105,5
2018-04-09,IN25,499,147,19
2018-04-09,IN26,59,8,0
2018-04-09,IN28,284,87,3
2018-04-09,IN30,1,1,0
2018-04-09,IN33,32,11,0
2018-04-09,IN34,302,79,1
2018-04-09,IN35,231,82,12
2018-04-09,IN36,1062,460,76
2018-04-09,IN37,23,8,0
2018-04-09,IN38,29,5,0
2018-04-09,IN39,103,29,5
2018-04-10,IN00,98,23,4
2018-04-10,IN01,7,0,0
2018-04-10,IN02,316,96,14
2018-04-10,IN03,80,25,0
2018-04-10,IN05,3,3,0
2018-04-10,IN06,5,0,0
2018-04-10,IN07,1225,355,60
2018-04-10,IN09,202,61,14
2018-04-10,IN10,102,42,0
2018-04-10,IN11,96,41,1
2018-04-10,IN12,225,78,2
2018-04-10,IN13,295,104,2
2018-04-10,IN16,971,305,19
2018-04-10,IN17,34,6,1
2018-04-10,IN19,800,238,35
2018-04-10,IN20,48,7,0
2018-04-10,IN21,101,35,3
2018-04-10,IN22,27,5,0
2018-04-10,IN23,64,27,1
2018-04-10,IN24,325,139,18
2018-04-10,IN25,391,153,30
2018-04-10,IN26,49,11,0
2018-04-10,IN28,214,86,10
2018-04-10,IN30,6,0,0
2018-04-10,IN31,10,0,0
2018-04-10,IN33,12,4,2
2018-04-10,IN34,597,149,18
2018-04-10,IN35,173,62,8
2018-04-10,IN36,1069,575,60
2018-04-10,IN37,45,13,0
2018-04-10,IN38,28,12,0
2018-04-10,IN39,106,35,1
2018-04-11,IN00,142,44,5
2018-04-11,IN01,5,0,0
2018-04-11,IN02,408,109,17
2018-04-11,IN03,36,10,2
2018-04-11,IN05,5,5,0
2018-04-11,IN06,1,0,0
2018-04-11,IN07,1283,401,63
2018-04-11,IN09,185,57,7
2018-04-11,IN10,102,32,3
2018-04-11,IN11,31,12,0
2018-04-11,IN12,566,346,57
2018-04-11,IN13,136,39,4
2018-04-11,IN14,2,0,0
2018-04-11,IN16,1097,366,36
2018-04-11,IN17,12,3,0
2018-04-11,IN18,13,0,0
2018-04-11,IN19,861,292,66
2018-04-11,IN20,23,8,0
2018-04-11,IN21,109,31,4
2018-04-11,IN22,12,4,1
2018-04-11,IN23,128,37,7
2018-04-11,IN24,195,46,0
2018-04-11,IN25,627,183,50
2018-04-11,IN26,29,5,1
2018-04-11,IN28,220,100,11
2018-04-11,IN30,3,0,0
2018-04-11,IN31,1,0,0
2018-04-11,IN33,9,4,0
2018-04-11,IN34,329,96,15
2018-04-11,IN35,182,48,7
2018-04-11,IN36,1302,543,36
2018-04-11,IN37,48,8,1
2018-04-11,IN38,11,2,0
2018-04-11,IN39,81,19,1
2018-04-12,IN00,178,34,4
2018-04-12,IN01,3,0,0
2018-04-12,IN02,394,123,31
2018-04-12,IN03,29,12,7
2018-04-12,IN05,5,0,0
2018-04-12,IN06,1,0,0
2018-04-12,IN07,1424,487,96
2018-04-12,IN09,159,67,5
2018-04-12,IN10,132,48,0
2018-04-12,IN11,51,29,0
2018-04-12,IN12,1014,629,83
2018-04-12,IN13,163,28,4
2018-04-12,IN16,1026,291,37
2018-04-12,IN17,49,5,0
2018-04-12,IN18,12,8,0
2018-04-12,IN19,971,285,89
2018-04-12,IN20,7,0,0
2018-04-12,IN21,70,16,5
2018-04-12,IN22,24,11,3
2018-04-12,IN23,117,35,2
2018-04-12,IN24,161,51,7
2018-04-12,IN25,962,292,121
2018-04-12,IN26,27,4,0
2018-04-12,IN28,231,103,10
2018-04-12,IN30,1,0,0
2018-04-12,IN31,19,2,0
2018-04-12,IN33,19,0,0
2018-04-12,IN34,343,106,6
2018-04-12,IN35,184,64,8
2018-04-12,IN36,1627,734,67
2018-04-12,IN37,16,5,1
2018-04-12,IN38,13,3,0
2018-04-12,IN39,154,31,2
2018-04-13,IN00,205,41,9
2018-04-13,IN01,7,0,0
2018-04-13,IN02,408,99,15
2018-04-13,IN03,30,12,0
2018-04-13,IN06,1,0,0
2018-04-13,IN07,1385,504,74
2018-04-13,IN09,202,89,4
2018-04-13,IN10,98,35,1
2018-04-13,IN11,18,8,0
2018-04-13,IN12,1337,753,74
2018-04-13,IN13,211,75,3
2018-04-13,IN14,1,0,0
2018-04-13,IN16,767,236,27
2018-04-13,IN17,4,0,0
2018-04-13,IN19,724,184,24
2018-04-13,IN20,33,4,0
2018-04-13,IN21,102,25,2
2018-04-13,IN22,14,3,1
2018-04-13,IN23,149,64,13
2018-04-13,IN24,220,39,2
2018-04-13,IN25,528,131,28
2018-04-13,IN26,28,2,0
2018-04-13,IN28,209,79,3
2018-04-13,IN31,14,3,0
2018-04-13,IN33,18,7,0
2018-04-13,IN34,282,68,12
2018-04-13,IN35,248,124,20
2018-04-13,IN36,1771,929,61
2018-04-13,IN37,85,15,5
2018-04-13,IN38,36,3,0
2018-04-13,IN39,90,32,6
2018-04-14,IN00,91,21,0
2018-04-14,IN01,4,0,0
2018-04-14,IN02,327,100,8
2018-04-14,IN03,30,11,0
2018-04-14,IN06,2,0,0
2018-04-14,IN07,1039,316,47
2018-04-14,IN09,203,99,14
2018-04-14,IN10,90,36,1
2018-04-14,IN11,33,3,1
2018-04-14,IN12,954,532,53
2018-04-14,IN13,140,39,4
2018-04-14,IN14,1,0,0
2018-04-14,IN16,657,233,18
2018-04-14,IN17,4,0,0
2018-04-14,IN18,3,3,0
2018-04-14,IN19,608,139,11
2018-04-14,IN20,8,2,0
2018-04-14,IN21,74,16,1
2018-04-14,IN22,5,1,0
2018-04-14,IN23,235,86,16
2018-04-14,IN24,159,67,2
2018-04-14,IN25,282,89,20
2018-04-14,IN26,23,4,0
2018-04-14,IN28,166,70,7
2018-04-14,IN30,3,1,0
2018-04-14,IN31,2,1,0
2018-04-14,IN33,24,6,0
2018-04-14,IN34,194,44,7
2018-04-14,IN35,227,80,7
2018-04-14,IN36,1040,533,47
2018-04-14,IN37,170,9,1
2018-04-14,IN38,20,4,0
2018-04-14,IN39,87,14,1
2018-04-15,IN00,72,22,0
2018-04-15,IN01,5,0,0
2018-04-15,IN02,210,63,5
2018-04-15,IN03,32,6,1
2018-04-15,IN06,4,0,0
2018-04-15,IN07,915,328,52
2018-04-15,IN09,273,114,19
2018-04-15,IN10,85,28,7
2018-04-15,IN11,15,9,0
2018-04-15,IN12,900,479,43
2018-04-15,IN13,101,47,6
2018-04-15,IN14,5,1,0
2018-04-15,IN16,459,143,27
2018-04-15,IN17,4,1,0
2018-04-15,IN19,460,197,39
2018-04-15,IN20,4,0,0
2018-04-15,IN21,74,25,0
2018-04-15,IN22,3,0,0
2018-04-15,IN23,90,37,2
2018-04-15,IN24,107,35,5
2018-04-15,IN25,193,63,9
2018-04-15,IN26,5,0,0
2018-04-15,IN28,128,56,20
2018-04-15,IN30,3,1,0
2018-04-15,IN33,15,3,0
2018-04-15,IN34,271,100,21
2018-04-15,IN35,176,56,6
2018-04-15,IN36,839,441,52
2018-04-15,IN37,49,10,4
2018-04-15,IN38,13,3,0
2018-04-15,IN39,28,2,0
2018-04-16,IN00,137,40,5
2018-04-16,IN01,7,5,1
2018-04-16,IN02,454,178,27
2018-04-16,IN03,21,2,0
2018-04-16,IN06,2,0,0
2018-04-16,IN07,1451,385,38
2018-04-16,IN09,270,120,5
2018-04-16,IN10,85,19,1
2018-04-16,IN11,39,12,1
2018-04-16,IN12,998,486,56
2018-04-16,IN13,121,31,3
2018-04-16,IN14,2,2,0
2018-04-16,IN16,850,286,27
2018-04-16,IN17,59,3,0
2018-04-16,IN18,9,0,0
2018-04-16,IN19,694,261,38
2018-04-16,IN20,17,12,1
2018-04-16,IN21,79,22,2
2018-04-16,IN22,7,5,0
2018-04-16,IN23,76,29,1
2018-04-16,IN24,264,88,3
2018-04-16,IN25,387,150,17
2018-04-16,IN26,11,2,0
2018-04-16,IN28,162,62,15
2018-04-16,IN29,1,0,0
2018-04-16,IN30,2,0,0
2018-04-16,IN33,21,0,0
2018-04-16,IN34,304,69,12
2018-04-16,IN35,241,76,7
2018-04-16,IN36,1069,445,35
2018-04-16,IN37,60,12,0
2018-04-16,IN38,34,12,0
2018-04-16,IN39,50,23,1
2018-04-17,IN00,156,29,4
2018-04-17,IN01,4,1,0
2018-04-17,IN02,492,184,26
2018-04-17,IN03,46,5,0
2018-04-17,IN06,4,0,0
2018-04-17,IN07,1373,431,29
2018-04-17,IN09,265,100,7
2018-04-17,IN10,122,47,6
2018-04-17,IN11,10,3,0
2018-04-17,IN12,730,352,27
2018-04-17,IN13,122,45,2
2018-04-17,IN16,826,213,10
2018-04-17,IN17,10,1,0
2018-04-17,IN18,6,2,0
2018-04-17,IN19,612,200,25
2018-04-17,IN20,28,6,0
2018-04-17,IN21,104,17,1
2018-04-17,IN22,9,3,0
2018-04-17,IN23,132,60,7
2018-04-17,IN24,280,89,10
2018-04-17,IN25,407,138,12
2018-04-17,IN26,48,9,0
2018-04-17,IN28,159,50,2
2018-04-17,IN30,1,1,0
2018-04-17,IN31,3,0,0
2018-04-17,IN33,19,4,0
2018-04-17,IN34,249,75,8
2018-04-17,IN35,270,111,6
2018-04-17,IN36,792,377,27
2018-04-17,IN37,43,20,0
2018-04-17,IN38,11,2,0
2018-04-17,IN39,34,4,0
2018-04-18,IN00,115,15,3
2018-04-18,IN01,5,4,1
2018-04-18,IN02,406,154,11
2018-04-18,IN03,33,15,1
2018-04-18,IN06,7,0,0
2018-04-18,IN07,1152,299,18
2018-04-18,IN09,307,105,8
2018-04-18,IN10,177,54,8
2018-04-18,IN11,45,10,0
2018-04-18,IN12,836,417,42
2018-04-18,IN13,134,47,4
2018-04-18,IN16,988,301,5
2018-04-18,IN17,23,6,0
2018-04-18,IN18,7,3,0
2018-04-18,IN19,816,246,24
2018-04-18,IN20,9,2,0
2018-04-18,IN21,114,21,0
2018-04-18,IN22,20,2,0
2018-04-18,IN23,153,57,5
2018-04-18,IN24,202,66,4
2018-04-18,IN25,431,126,20
2018-04-18,IN26,95,26,0
2018-04-18,IN28,207,63,5
2018-04-18,IN30,3,0,0
2018-04-18,IN31,2,1,0
2018-04-18,IN33,24,10,0
2018-04-18,IN34,272,71,7
2018-04-18,IN35,277,68,1
2018-04-18,IN36,672,236,19
2018-04-18,IN37,54,19,2
2018-04-18,IN38,11,4,0
2018-04-18,IN39,42,5,0
2018-04-19,IN00,137,46,2
2018-04-19,IN01,7,4,0
2018-04-19,IN02,591,199,7
2018-04-19,IN03,51,17,0
2018-04-19,IN06,2,0,0
2018-04-19,IN07,1492,405,22
2018-04-19,IN09,381,147,6
2018-04-19,IN10,229,66,0
2018-04-19,IN11,33,10,0
2018-04-19,IN12,772,412,62
2018-04-19,IN13,151,39,1
2018-04-19,IN16,1472,545,29
2018-04-19,IN17,25,0,0
2018-04-19,IN18,4,3,0
2018-04-19,IN19,662,195,6
2018-04-19,IN20,37,5,0
2018-04-19,IN21,106,45,1
2018-04-19,IN22,9,2,0
2018-04-19,IN23,156,46,1
2018-04-19,IN24,161,40,1
2018-04-19,IN25,415,116,21
2018-04-19,IN26,76,22,0
2018-04-19,IN28,214,74,7
2018-04-19,IN30,13,3,0
2018-04-19,IN31,12,0,0
2018-04-19,IN33,23,7,0
2018-04-19,IN34,169,47,3
2018-04-19,IN35,160,40,5
2018-04-19,IN36,746,326,26
2018-04-19,IN37,45,9,0
2018-04-19,IN38,35,21,0
2018-04-19,IN39,69,15,0
2018-04-20,IN00,111,36,7
2018-04-20,IN01,10,3,0
2018-04-20,IN02,362,116,15
2018-04-20,IN03,62,17,0
2018-04-20,IN05,2,0,0
2018-04-20,IN06,5,1,0
2018-04-20,IN07,1335,371,27
2018-04-20,IN09,479,230,2
2018-04-20,IN10,90,29,0
2018-04-20,IN11,15,0,0
2018-04-20,IN12,615,307,29
2018-04-20,IN13,181,70,4
2018-04-20,IN16,1003,297,3
2018-04-20,IN17,34,5,1
2018-04-20,IN18,1,1,0
2018-04-20,IN19,526,158,0
2018-04-20,IN20,17,6,0
2018-04-20,IN21,104,34,1
2018-04-20,IN22,10,1,0
2018-04-20,IN23,51,6,0
2018-04-20,IN24,146,37,1
2018-04-20,IN25,492,177,37
2018-04-20,IN26,62,32,3
2018-04-20,IN28,213,71,1
2018-04-20,IN29,1,0,0
2018-04-20,IN30,17,2,0
2018-04-20,IN31,2,0,0
2018-04-20,IN33,6,3,0
2018-04-20,IN34,98,25,0
2018-04-20,IN35,159,46,2
2018-04-20,IN36,615,282,8
2018-04-20,IN37,72,31,0
2018-04-20,IN38,45,10,0
2018-04-20,IN39,37,11,1
2018-04-21,IN00,80,37,4
2018-04-21,IN01,9,7,1
2018-04-21,IN02,326,184,24
2018-04-21,IN03,33,4,0
2018-04-21,IN05,1,0,0
2018-04-21,IN06,12,7,0
2018-04-21,IN07,933,299,17
2018-04-21,IN09,336,164,1
2018-04-21,IN10,57,14,1
2018-04-21,IN11,28,11,0
2018-04-21,IN12,558,284,17
2018-04-21,IN13,118,37,2
2018-04-21,IN16,743,279,6
2018-04-21,IN17,3,0,0
2018-04-21,IN18,16,1,0
2018-04-21,IN19,451,180,11
2018-04-21,IN20,16,2,0
2018-04-21,IN21,72,18,5
2018-04-21,IN22,5,1,0
2018-04-21,IN23,132,32,0
2018-04-21,IN24,231,80,1
2018-04-21,IN25,313,126,23
2018-04-21,IN26,70,21,0
2018-04-21,IN28,175,58,1
2018-04-21,IN30,9,0,0
2018-04-21,IN33,1,0,0
2018-04-21,IN34,279,95,0
2018-04-21,IN35,216,106,4
2018-04-21,IN36,685,308,3
2018-04-21,IN37,73,20,0
2018-04-21,IN38,83,27,1
2018-04-21,IN39,53,13,0
2018-04-22,IN00,128,39,3
2018-04-22,IN01,11,10,0
2018-04-22,IN02,317,114,6
2018-04-22,IN03,31,11,0
2018-04-22,IN06,4,2,0
2018-04-22,IN07,931,310,16
2018-04-22,IN09,169,75,2
2018-04-22,IN10,92,26,0
2018-04-22,IN11,17,3,0
2018-04-22,IN12,393,211,13
2018-04-22,IN13,138,52,0
2018-04-22,IN16,671,267,4
2018-04-22,IN17,8,4,0
2018-04-22,IN18,2,1,0
2018-04-22,IN19,489,182,7
2018-04-22,IN20,26,4,0
2018-04-22,IN21,54,16,5
2018-04-22,IN22,11,0,0
2018-04-22,IN23,122,26,4
2018-04-22,IN24,223,57,3
2018-04-22,IN25,270,103,5
2018-04-22,IN26,55,15,0
2018-04-22,IN28,227,84,1
2018-04-22,IN30,17,3,0
2018-04-22,IN33,7,4,0
2018-04-22,IN34,188,52,2
2018-04-22,IN35,180,81,8
2018-04-22,IN36,485,244,11
2018-04-22,IN37,87,38,0
2018-04-22,IN38,20,8,0
2018-04-22,IN39,49,18,2
2018-04-23,IN00,132,35,3
2018-04-23,IN02,369,121,3
2018-04-23,IN03,47,7,0
2018-04-23,IN05,4,1,0
2018-04-23,IN07,1460,484,19
2018-04-23,IN09,288,125,7
2018-04-23,IN10,152,50,0
2018-04-23,IN11,56,6,0
2018-04-23,IN12,346,191,26
2018-04-23,IN13,171,59,0
2018-04-23,IN16,837,298,11
2018-04-23,IN17,6,0,0
2018-04-23,IN19,585,191,3
2018-04-23,IN20,20,2,0
2018-04-23,IN21,133,39,3
2018-04-23,IN22,5,0,0
2018-04-23,IN23,49,14,4
2018-04-23,IN24,294,114,0
2018-04-23,IN25,403,159,7
2018-04-23,IN26,28,9,0
2018-04-23,IN28,289,139,6
2018-04-23,IN30,12,0,0
2018-04-23,IN33,16,1,0
2018-04-23,IN34,150,50,1
2018-04-23,IN35,242,72,0
2018-04-23,IN36,674,278,13
2018-04-23,IN37,89,45,0
2018-04-23,IN38,21,4,0
2018-04-23,IN39,39,6,2
2018-04-24,IN00,161,55,0
2018-04-24,IN01,2,1,0
2018-04-24,IN02,273,84,7
2018-04-24,IN03,48,15,0
2018-04-24,IN07,1241,359,20
2018-04-24,IN09,368,156,8
2018-04-24,IN10,119,52,2
2018-04-24,IN11,46,6,3
2018-04-24,IN12,434,201,11
2018-04-24,IN13,113,36,1
2018-04-24,IN14,12,0,0
2018-04-24,IN16,868,311,23
2018-04-24,IN17,9,3,0
2018-04-24,IN18,16,6,0
2018-04-24,IN19,681,179,11
2018-04-24,IN20,34,5,0
2018-04-24,IN21,84,16,0
2018-04-24,IN22,10,5,0
2018-04-24,IN23,178,35,0
2018-04-24,IN24,316,162,9
2018-04-24,IN25,333,82,6
2018-04-24,IN26,41,8,0
2018-04-24,IN28,271,107,6
2018-04-24,IN30,4,0,0
2018-04-24,IN31,10,0,0
2018-04-24,IN33,23,5,0
2018-04-24,IN34,289,83,1
2018-04-24,IN35,438,153,3
2018-04-24,IN36,673,273,6
2018-04-24,IN37,75,32,0
2018-04-24,IN38,30,22,0
2018-04-24,IN39,39,5,1
2018-04-25,IN00,127,61,0
2018-04-25,IN01,2,1,0
2018-04-25,IN02,251,66,3
2018-04-25,IN03,41,13,0
2018-04-25,IN06,10,0,0
2018-04-25,IN07,1260,407,21
2018-04-25,IN09,485,214,1
2018-04-25,IN10,233,118,0
2018-04-25,IN11,36,8,0
2018-04-25,IN12,441,189,11
2018-04-25,IN13,69,20,2
2018-04-25,IN14,7,1,0
2018-04-25,IN16,816,237,4
2018-04-25,IN17,53,18,2
2018-04-25,IN18,6,2,0
2018-04-25,IN19,616,177,1
2018-04-25,IN20,24,6,0
2018-04-25,IN21,113,42,0
2018-04-25,IN22,8,1,0
2018-04-25,IN23,146,49,3
2018-04-25,IN24,580,299,2
2018-04-25,IN25,328,79,5
2018-04-25,IN26,32,4,0
2018-04-25,IN28,219,61,2
2018-04-25,IN30,6,1,0
2018-04-25,IN31,12,4,0
2018-04-25,IN33,21,3,0
2018-04-25,IN34,172,61,2
2018-04-25,IN35,306,112,1
2018-04-25,IN36,831,389,5
2018-04-25,IN37,53,26,0
2018-04-25,IN38,18,4,0
2018-04-25,IN39,89,16,1
2018-04-26,IN00,148,51,5
2018-04-26,IN01,1,0,0
2018-04-26,IN02,309,73,0
2018-04-26,IN03,29,10,0
2018-04-26,IN06,5,2,0
2018-04-26,IN07,1327,367,16
2018-04-26,IN09,278,111,6
2018-04-26,IN10,84,34,1
2018-04-26,IN11,57,26,0
2018-04-26,IN12,453,228,7
2018-04-26,IN13,137,34,0
2018-04-26,IN16,778,231,17
2018-04-26,IN17,21,7,0
2018-04-26,IN18,2,1,0
2018-04-26,IN19,779,223,12
2018-04-26,IN20,37,6,0
2018-04-26,IN21,66,22,2
2018-04-26,IN22,3,0,0
2018-04-26,IN23,106,24,0
2018-04-26,IN24,190,73,10
2018-04-26,IN25,497,148,3
2018-04-26,IN26,46,15,0
2018-04-26,IN28,232,86,11
2018-04-26,IN30,5,0,0
2018-04-26,IN31,2,0,0
2018-04-26,IN33,12,2,0
2018-04-26,IN34,70,26,2
2018-04-26,IN35,242,72,0
2018-04-26,IN36,598,215,17
2018-04-26,IN37,38,10,0
2018-04-26,IN38,19,5,0
2018-04-26,IN39,231,81,0
2018-04-27,IN00,128,30,2
2018-04-27,IN01,4,0,0
2018-04-27,IN02,291,60,3
2018-04-27,IN03,56,7,1
2018-04-27,IN06,1,0,0
2018-04-27,IN07,1177,359,24
2018-04-27,IN09,313,106,1
2018-04-27,IN10,112,44,6
2018-04-27,IN11,22,3,0
2018-04-27,IN12,400,176,7
2018-04-27,IN13,219,77,9
2018-04-27,IN14,2,0,0
2018-04-27,IN16,712,215,8
2018-04-27,IN17,5,0,0
2018-04-27,IN18,8,0,0
2018-04-27,IN19,993,242,13
2018-04-27,IN20,32,11,0
2018-04-27,IN21,76,17,2
2018-04-27,IN22,12,5,0
2018-04-27,IN23,80,24,0
2018-04-27,IN24,141,42,2
2018-04-27,IN25,460,207,8
2018-04-27,IN26,66,19,0
2018-04-27,IN28,269,77,2
2018-04-27,IN30,7,0,0
2018-04-27,IN33,43,12,0
2018-04-27,IN34,81,36,1
2018-04-27,IN35,167,45,4
2018-04-27,IN36,588,234,13
2018-04-27,IN37,43,18,0
2018-04-27,IN38,5,1,0
2018-04-27,IN39,133,42,0
2018-04-28,IN00,80,27,3
2018-04-28,IN01,3,0,0
2018-04-28,IN02,238,54,8
2018-04-28,IN03,31,5,0
2018-04-28,IN07,1128,334,25
2018-04-28,IN09,217,81,9
2018-04-28,IN10,114,34,0
2018-04-28,IN11,15,4,0
2018-04-28,IN12,304,92,7
2018-04-28,IN13,131,36,4
2018-04-28,IN14,2,0,0
2018-04-28,IN16,632,182,8
2018-04-28,IN17,38,12,0
2018-04-28,IN18,1,0,0
2018-04-28,IN19,456,123,8
2018-04-28,IN20,21,2,0
2018-04-28,IN21,67,16,0
2018-04-28,IN22,27,7,0
2018-04-28,IN23,87,17,1
2018-04-28,IN24,105,36,3
2018-04-28,IN25,299,113,13
2018-04-28,IN26,74,27,0
2018-04-28,IN28,153,39,5
2018-04-28,IN30,6,1,0
2018-04-28,IN31,4,2,0
2018-04-28,IN33,9,3,0
2018-04-28,IN34,116,43,0
2018-04-28,IN35,187,45,2
2018-04-28,IN36,520,218,48
2018-04-28,IN37,27,17,0
2018-04-28,IN38,6,3,0
2018-04-28,IN39,102,37,5
2018-04-29,IN00,83,30,2
2018-04-29,IN01,1,0,0
2018-04-29,IN02,225,49,3
2018-04-29,IN03,14,1,0
2018-04-29,IN06,5,2,0
2018-04-29,IN07,864,214,12
2018-04-29,IN09,157,69,6
2018-04-29,IN10,74,16,0
2018-04-29,IN11,11,4,0
2018-04-29,IN12,230,78,5
2018-04-29,IN13,140,43,2
2018-04-29,IN16,478,189,4
2018-04-29,IN17,4,1,0
2018-04-29,IN18,1,0,0
2018-04-29,IN19,477,139,13
2018-04-29,IN20,19,5,0
2018-04-29,IN21,44,8,0
2018-04-29,IN22,27,5,0
2018-04-29,IN23,149,90,0
2018-04-29,IN24,81,27,4
2018-04-29,IN25,284,64,4
2018-04-29,IN26,60,8,1
2018-04-29,IN28,159,32,3
2018-04-29,IN31,1,1,0
2018-04-29,IN33,17,5,0
2018-04-29,IN34,76,17,0
2018-04-29,IN35,182,42,5
2018-04-29,IN36,389,151,14
2018-04-29,IN37,73,23,0
2018-04-29,IN38,2,0,0
2018-04-29,IN39,69,18,2
2018-04-30,IN00,98,26,2
2018-04-30,IN01,2,0,0
2018-04-30,IN02,371,92,16
2018-04-30,IN03,39,12,0
2018-04-30,IN05,6,1,0
2018-04-30,IN06,4,0,0
2018-04-30,IN07,1079,328,25
2018-04-30,IN09,194,72,5
2018-04-30,IN10,121,44,0
2018-04-30,IN11,20,6,0
2018-04-30,IN12,536,238,3
2018-04-30,IN13,158,48,2
2018-04-30,IN16,794,240,12
2018-04-30,IN17,38,2,0
2018-04-30,IN18,3,0,0
2018-04-30,IN19,693,203,15
2018-04-30,IN20,15,5,0
2018-04-30,IN21,64,14,0
2018-04-30,IN22,15,8,0
2018-04-30,IN23,106,57,0
2018-04-30,IN24,181,44,0
2018-04-30,IN25,257,69,0
2018-04-30,IN26,137,20,1
2018-04-30,IN28,297,73,4
2018-04-30,IN30,2,0,0
2018-04-30,IN33,8,1,0
2018-04-30,IN34,239,101,5
2018-04-30,IN35,151,25,7
2018-04-30,IN36,408,116,2
2018-04-30,IN37,48,24,3
2018-04-30,IN38,102,49,4
2018-04-30,IN39,82,31,2
2018-05-01,IN00,99,48,4
2018-05-01,IN01,1,0,0
2018-05-01,IN02,299,67,4
2018-05-01,IN03,37,11,0
2018-05-01,IN06,6,0,0
2018-05-01,IN07,1013,283,16
2018-05-01,IN09,194,61,6
2018-05-01,IN10,121,29,2
2018-05-01,IN11,32,7,2
2018-05-01,IN12,330,173,10
2018-05-01,IN13,166,69,1
2018-05-01,IN16,733,218,12
2018-05-01,IN17,10,0,0
2018-05-01,IN18,1,0,0
2018-05-01,IN19,902,322,18
2018-05-01,IN20,7,0,0
2018-05-01,IN21,48,13,0
2018-05-01,IN22,1,0,0
2018-05-01,IN23,95,31,5
2018-05-01,IN24,138,46,0
2018-05-01,IN25,290,94,5
2018-05-01,IN26,98,15,0
2018-05-01,IN28,281,97,12
2018-05-01,IN30,2,0,0
2018-05-01,IN31,1,0,0
2018-05-01,IN33,20,9,0
2018-05-01,IN34,107,46,0
2018-05-01,IN35,282,75,1
2018-05-01,IN36,454,151,6
2018-05-01,IN37,34,10,2
2018-05-01,IN38,51,19,2
2018-05-01,IN39,115,21,0
2018-05-02,IN00,142,42,1
2018-05-02,IN01,5,0,0
2018-05-02,IN02,374,92,2
2018-05-02,IN03,142,78,5
2018-05-02,IN07,1080,307,12
2018-05-02,IN09,173,60,6
2018-05-02,IN10,92,19,0
2018-05-02,IN11,95,34,0
2018-05-02,IN12,234,106,1
2018-05-02,IN13,133,27,2
2018-05-02,IN14,1,1,1
2018-05-02,IN16,878,327,20
2018-05-02,IN17,40,8,0
2018-05-02,IN18,12,1,0
2018-05-02,IN19,880,252,14
2018-05-02,IN20,4,1,0
2018-05-02,IN21,73,17,2
2018-05-02,IN22,4,2,0
2018-05-02,IN23,78,13,0
2018-05-02,IN24,125,35,3
2018-05-02,IN25,312,87,19
2018-05-02,IN26,40,3,0
2018-05-02,IN28,211,83,3
2018-05-02,IN31,2,1,0
2018-05-02,IN33,37,21,0
2018-05-02,IN34,148,68,2
2018-05-02,IN35,241,43,3
2018-05-02,IN36,680,256,24
2018-05-02,IN37,44,13,0
2018-05-02,IN38,28,11,0
2018-05-02,IN39,194,40,0
2018-05-03,IN00,158,49,1
2018-05-03,IN01,8,5,0
2018-05-03,IN02,275,73,3
2018-05-03,IN03,98,38,9
2018-05-03,IN05,4,2,0
2018-05-03,IN06,6,0,0
2018-05-03,IN07,989,313,19
2018-05-03,IN09,209,96,2
2018-05-03,IN10,107,34,2
2018-05-03,IN11,135,53,0
2018-05-03,IN12,336,167,6
2018-05-03,IN13,199,66,0
2018-05-03,IN14,8,3,0
2018-05-03,IN16,753,246,22
2018-05-03,IN17,9,1,0
2018-05-03,IN18,2,2,0
2018-05-03,IN19,1432,465,41
2018-05-03,IN20,35,3,0
2018-05-03,IN21,54,12,3
2018-05-03,IN22,5,0,0
2018-05-03,IN23,62,18,2
2018-05-03,IN24,257,86,0
2018-05-03,IN25,356,99,3
2018-05-03,IN26,22,8,1
2018-05-03,IN28,191,82,8
2018-05-03,IN31,4,0,0
2018-05-03,IN33,22,1,0
2018-05-03,IN34,199,60,0
2018-05-03,IN35,203,39,1
2018-05-03,IN36,693,278,35
2018-05-03,IN37,48,14,0
2018-05-03,IN38,32,3,0
2018-05-03,IN39,152,40,0
2018-05-04,IN00,120,31,4
2018-05-04,IN01,2,0,0
2018-05-04,IN02,286,98,6
2018-05-04,IN03,69,26,1
2018-05-04,IN05,1,0,0
2018-05-04,IN06,3,0,0
2018-05-04,IN07,1056,340,13
2018-05-04,IN09,170,78,1
2018-05-04,IN10,74,24,1
2018-05-04,IN11,96,49,2
2018-05-04,IN12,231,120,6
2018-05-04,IN13,155,39,0
2018-05-04,IN16,804,234,18
2018-05-04,IN17,6,2,0
2018-05-04,IN18,2,0,0
2018-05-04,IN19,953,305,10
2018-05-04,IN20,22,2,0
2018-05-04,IN21,73,38,7
2018-05-04,IN22,15,1,0
2018-05-04,IN23,122,25,3
2018-05-04,IN24,200,65,2
2018-05-04,IN25,344,86,5
2018-05-04,IN26,33,5,0
2018-05-04,IN28,352,120,19
2018-05-04,IN31,5,0,0
2018-05-04,IN33,13,3,0
2018-05-04,IN34,257,57,2
2018-05-04,IN35,278,92,4
2018-05-04,IN36,931,333,40
2018-05-04,IN37,32,12,1
2018-05-04,IN38,97,20,0
2018-05-04,IN39,99,28,0
2018-05-05,IN00,94,33,1
2018-05-05,IN01,5,0,0
2018-05-05,IN02,233,99,4
2018-05-05,IN03,62,18,1
2018-05-05,IN07,904,245,15
2018-05-05,IN09,126,49,3
2018-05-05,IN10,67,26,0
2018-05-05,IN11,36,21,1
2018-05-05,IN12,449,256,10
2018-05-05,IN13,122,35,0
2018-05-05,IN16,555,160,6
2018-05-05,IN17,32,9,0
2018-05-05,IN19,1030,324,18
2018-05-05,IN20,15,4,0
2018-05-05,IN21,63,23,1
2018-05-05,IN22,53,22,3
2018-05-05,IN23,73,21,1
2018-05-05,IN24,97,40,1
2018-05-05,IN25,290,93,6
2018-05-05,IN26,54,14,5
2018-05-05,IN28,189,73,5
2018-05-05,IN30,5,2,0
2018-05-05,IN31,10,0,0
2018-05-05,IN33,11,1,0
2018-05-05,IN34,127,35,2
2018-05-05,IN35,128,47,0
2018-05-05,IN36,674,269,39
2018-05-05,IN37,19,8,0
2018-05-05,IN38,41,18,0
2018-05-05,IN39,50,18,0
2018-05-06,IN00,39,11,0
2018-05-06,IN01,5,4,0
2018-05-06,IN02,230,58,0
2018-05-06,IN03,50,18,0
2018-05-06,IN07,648,194,10
2018-05-06,IN09,126,43,5
2018-05-06,IN10,150,42,0
2018-05-06,IN11,28,11,0
2018-05-06,IN12,513,320,26
2018-05-06,IN13,157,38,0
2018-05-06,IN16,452,119,5
2018-05-06,IN17,18,4,0
2018-05-06,IN18,1,0,0
2018-05-06,IN19,918,316,43
2018-05-06,IN20,20,5,0
2018-05-06,IN21,77,9,0
2018-05-06,IN22,33,12,0
2018-05-06,IN23,60,27,5
2018-05-06,IN24,162,40,0
2018-05-06,IN25,201,49,2
2018-05-06,IN26,27,11,0
2018-05-06,IN28,160,63,3
2018-05-06,IN30,4,2,0
2018-05-06,IN31,2,1,0
2018-05-06,IN33,13,6,0
2018-05-06,IN34,149,24,4
2018-05-06,IN35,162,66,0
2018-05-06,IN36,477,169,29
2018-05-06,IN37,48,11,0
2018-05-06,IN38,24,9,0
2018-05-06,IN39,78,19,0
2018-05-07,IN00,95,26,0
2018-05-07,IN02,282,82,4
2018-05-07,IN03,55,14,0
2018-05-07,IN07,1010,397,16
2018-05-07,IN09,133,33,1
2018-05-07,IN10,150,55,8
2018-05-07,IN11,32,11,2
2018-05-07,IN12,676,345,34
2018-05-07,IN13,203,52,0
2018-05-07,IN16,855,287,7
2018-05-07,IN17,7,3,0
2018-05-07,IN18,10,1,0
2018-05-07,IN19,1268,406,56
2018-05-07,IN20,37,4,0
2018-05-07,IN21,107,34,0
2018-05-07,IN22,41,6,0
2018-05-07,IN23,197,52,4
2018-05-07,IN24,205,80,9
2018-05-07,IN25,341,98,7
2018-05-07,IN26,62,29,0
2018-05-07,IN28,232,100,1
2018-05-07,IN30,1,0,0
2018-05-07,IN33,46,14,1
2018-05-07,IN34,114,40,0
2018-05-07,IN35,132,50,0
2018-05-07,IN36,620,260,16
2018-05-07,IN37,26,9,1
2018-05-07,IN38,30,15,0
2018-05-07,IN39,48,13,0
2018-05-08,IN00,101,21,3
2018-05-08,IN01,10,4,0
2018-05-08,IN02,256,81,7
2018-05-08,IN03,48,13,0
2018-05-08,IN05,2,1,0
2018-05-08,IN07,1144,362,19
2018-05-08,IN09,145,41,3
2018-05-08,IN10,66,10,0
2018-05-08,IN11,33,21,1
2018-05-08,IN12,761,316,26
2018-05-08,IN13,162,52,5
2018-05-08,IN14,5,0,0
2018-05-08,IN16,768,228,7
2018-05-08,IN17,10,1,0
2018-05-08,IN18,1,0,0
2018-05-08,IN19,1177,360,29
2018-05-08,IN20,28,6,0
2018-05-08,IN21,60,18,0
2018-05-08,IN22,35,13,0
2018-05-08,IN23,56,30,5
2018-05-08,IN24,139,55,4
2018-05-08,IN25,386,158,20
2018-05-08,IN26,27,20,0
2018-05-08,IN28,250,101,3
2018-05-08,IN30,2,2,0
2018-05-08,IN31,1,0,0
2018-05-08,IN33,10,6,0
2018-05-08,IN34,148,30,0
2018-05-08,IN35,213,76,4
2018-05-08,IN36,712,308,23
2018-05-08,IN37,41,18,0
2018-05-08,IN38,37,9,0
2018-05-08,IN39,71,15,0
2018-05-09,IN00,99,26,0
2018-05-09,IN01,5,1,0
2018-05-09,IN02,296,74,6
2018-05-09,IN03,59,10,0
2018-05-09,IN06,1,0,0
2018-05-09,IN07,1213,342,14
2018-05-09,IN09,180,41,4
2018-05-09,IN10,95,17,0
2018-05-09,IN11,52,11,0
2018-05-09,IN12,457,153,14
2018-05-09,IN13,161,41,0
2018-05-09,IN14,7,3,0
2018-05-09,IN16,798,227,9
2018-05-09,IN17,19,7,0
2018-05-09,IN19,1632,525,41
2018-05-09,IN20,36,2,0
2018-05-09,IN21,60,17,2
2018-05-09,IN22,24,9,1
2018-05-09,IN23,97,37,6
2018-05-09,IN24,207,49,6
2018-05-09,IN25,339,117,11
2018-05-09,IN26,28,10,0
2018-05-09,IN28,154,26,0
2018-05-09,IN31,7,5,0
2018-05-09,IN33,31,18,0
2018-05-09,IN34,338,83,4
2018-05-09,IN35,189,50,1
2018-05-09,IN36,769,251,24
2018-05-09,IN37,32,14,1
2018-05-09,IN38,72,23,0
2018-05-09,IN39,99,31,0
2018-05-10,IN00,86,28,0
2018-05-10,IN01,10,0,0
2018-05-10,IN02,351,72,1
2018-05-10,IN03,69,17,5
2018-05-10,IN06,12,6,0
2018-05-10,IN07,1374,286,22
2018-05-10,IN09,169,59,3
2018-05-10,IN10,134,37,5
2018-05-10,IN11,40,9,0
2018-05-10,IN12,401,141,8
2018-05-10,IN13,217,45,0
2018-05-10,IN14,12,5,0
2018-05-10,IN16,974,252,5
2018-05-10,IN17,17,8,0
2018-05-10,IN19,1393,454,16
2018-05-10,IN20,10,1,0
2018-05-10,IN21,55,17,3
2018-05-10,IN22,26,9,0
2018-05-10,IN23,137,38,3
2018-05-10,IN24,168,40,2
2018-05-10,IN25,361,139,4
2018-05-10,IN26,16,7,5
2018-05-10,IN28,236,68,2
2018-05-10,IN30,3,1,0
2018-05-10,IN31,5,4,0
2018-05-10,IN33,30,4,0
2018-05-10,IN34,247,44,2
2018-05-10,IN35,225,68,3
2018-05-10,IN36,896,337,21
2018-05-10,IN37,33,11,3
2018-05-10,IN38,92,4,0
2018-05-10,IN39,217,26,0
2018-05-11,IN00,105,31,3
2018-05-11,IN01,8,3,0
2018-05-11,IN02,264,87,13
2018-05-11,IN03,82,17,4
2018-05-11,IN05,3,0,0
2018-05-11,IN06,5,4,0
2018-05-11,IN07,1338,280,23
2018-05-11,IN09,216,103,5
2018-05-11,IN10,168,64,1
2018-05-11,IN11,17,10,2
2018-05-11,IN12,303,109,5
2018-05-11,IN13,168,24,0
2018-05-11,IN16,930,306,4
2018-05-11,IN17,15,7,0
2018-05-11,IN18,28,7,0
2018-05-11,IN19,1071,309,18
2018-05-11,IN20,10,6,0
2018-05-11,IN21,68,16,1
2018-05-11,IN22,20,7,0
2018-05-11,IN23,84,30,0
2018-05-11,IN24,126,30,3
2018-05-11,IN25,224,80,7
2018-05-11,IN26,77,25,5
2018-05-11,IN28,193,71,2
2018-05-11,IN30,2,0,0
2018-05-11,IN33,24,5,0
2018-05-11,IN34,258,65,0
2018-05-11,IN35,281,52,4
2018-05-11,IN36,808,300,23
2018-05-11,IN37,15,7,0
2018-05-11,IN38,70,14,0
2018-05-11,IN39,208,37,3
2018-05-12,IN00,137,28,2
2018-05-12,IN01,5,0,0
2018-05-12,IN02,210,56,8
2018-05-12,IN03,50,19,5
2018-05-12,IN07,855,214,8
2018-05-12,IN09,108,41,0
2018-05-12,IN10,51,15,0
2018-05-12,IN11,15,7,0
2018-05-12,IN12,275,107,1
2018-05-12,IN13,120,30,0
2018-05-12,IN14,3,2,0
2018-05-12,IN16,881,343,9
2018-05-12,IN17,11,1,0
2018-05-12,IN18,1,1,0
2018-05-12,IN19,1100,358,8
2018-05-12,IN20,7,0,0
2018-05-12,IN21,63,6,0
2018-05-12,IN22,15,6,0
2018-05-12,IN23,59,26,0
2018-05-12,IN24,107,18,1
2018-05-12,IN25,143,53,4
2018-05-12,IN26,34,9,0
2018-05-12,IN28,241,85,3
2018-05-12,IN30,20,6,0
2018-05-12,IN31,1,1,0
2018-05-12,IN33,45,11,0
2018-05-12,IN34,272,58,1
2018-05-12,IN35,256,118,3
2018-05-12,IN36,493,140,8
2018-05-12,IN37,18,2,0
2018-05-12,IN38,38,12,1
2018-05-12,IN39,129,22,2
2018-05-13,IN00,121,22,4
2018-05-13,IN01,1,0,0
2018-05-13,IN02,205,47,6
2018-05-13,IN03,59,21,6
2018-05-13,IN06,2,0,0
2018-05-13,IN07,779,218,15
2018-05-13,IN09,130,75,3
2018-05-13,IN10,130,24,3
2018-05-13,IN11,27,16,0
2018-05-13,IN12,175,67,0
2018-05-13,IN13,113,35,1
2018-05-13,IN16,881,397,8
2018-05-13,IN17,11,1,0
2018-05-13,IN18,1,1,0
2018-05-13,IN19,554,118,4
2018-05-13,IN20,32,13,0
2018-05-13,IN21,136,41,7
2018-05-13,IN22,11,5,0
2018-05-13,IN23,66,22,0
2018-05-13,IN24,171,38,1
2018-05-13,IN25,134,40,1
2018-05-13,IN26,12,2,0
2018-05-13,IN28,235,95,1
2018-05-13,IN33,42,11,2
2018-05-13,IN34,208,54,6
2018-05-13,IN35,186,53,1
2018-05-13,IN36,443,168,17
2018-05-13,IN37,23,5,0
2018-05-13,IN38,26,4,1
2018-05-13,IN39,99,33,2
2018-05-14,IN00,87,23,4
2018-05-14,IN01,9,2,0
2018-05-14,IN02,199,80,7
2018-05-14,IN03,69,11,1
2018-05-14,IN07,1331,409,17
2018-05-14,IN09,224,91,10
2018-05-14,IN10,78,21,1
2018-05-14,IN11,19,7,0
2018-05-14,IN12,244,96,2
2018-05-14,IN13,224,99,2
2018-05-14,IN14,3,0,0
2018-05-14,IN16,1396,512,13
2018-05-14,IN17,17,4,0
2018-05-14,IN18,4,1,0
2018-05-14,IN19,679,185,6
2018-05-14,IN20,31,9,1
2018-05-14,IN21,118,33,0
2018-05-14,IN22,15,2,0
2018-05-14,IN23,146,73,0
2018-05-14,IN24,206,29,0
2018-05-14,IN25,263,82,0
2018-05-14,IN26,31,6,0
2018-05-14,IN28,535,309,19
2018-05-14,IN33,29,6,0
2018-05-14,IN34,166,30,2
2018-05-14,IN35,213,56,3
2018-05-14,IN36,560,169,9
2018-05-14,IN37,33,14,0
2018-05-14,IN38,93,17,0
2018-05-14,IN39,81,11,0
2018-05-15,IN00,155,39,1
2018-05-15,IN01,10,2,0
2018-05-15,IN02,263,68,5
2018-05-15,IN03,39,10,2
2018-05-15,IN05,1,0,0
2018-05-15,IN06,4,1,0
2018-05-15,IN07,1168,273,10
2018-05-15,IN09,172,56,0
2018-05-15,IN10,96,31,0
2018-05-15,IN11,8,1,0
2018-05-15,IN12,196,74,3
2018-05-15,IN13,122,50,0
2018-05-15,IN14,2,1,0
2018-05-15,IN16,903,314,16
2018-05-15,IN17,28,10,0
2018-05-15,IN19,2044,567,28
2018-05-15,IN20,29,5,0
2018-05-15,IN21,51,14,1
2018-05-15,IN22,52,18,1
2018-05-15,IN23,123,62,4
2018-05-15,IN24,240,46,1
2018-05-15,IN25,237,47,1
2018-05-15,IN26,36,3,1
2018-05-15,IN28,223,93,8
2018-05-15,IN33,24,4,1
2018-05-15,IN34,202,45,2
2018-05-15,IN35,170,51,11
2018-05-15,IN36,656,137,4
2018-05-15,IN37,97,17,1
2018-05-15,IN38,59,10,0
2018-05-15,IN39,113,11,1
2018-05-16,IN00,108,17,2
2018-05-16,IN02,263,45,2
2018-05-16,IN03,21,8,3
2018-05-16,IN06,6,2,0
2018-05-16,IN07,1192,285,11
2018-05-16,IN09,174,65,3
2018-05-16,IN10,160,25,0
2018-05-16,IN11,22,6,0
2018-05-16,IN12,438,131,6
2018-05-16,IN13,104,25,0
2018-05-16,IN14,10,2,0
2018-05-16,IN16,977,347,12
2018-05-16,IN17,10,4,0
2018-05-16,IN19,1412,373,24
2018-05-16,IN20,17,4,0
2018-05-16,IN21,129,39,2
2018-05-16,IN22,28,7,2
2018-05-16,IN23,69,23,0
2018-05-16,IN24,139,42,1
2018-05-16,IN25,276,70,4
2018-05-16,IN26,59,5,0
2018-05-16,IN28,228,79,8
2018-05-16,IN30,5,0,0
2018-05-16,IN31,3,1,1
2018-05-16,IN33,5,1,0
2018-05-16,IN34,184,44,1
2018-05-16,IN35,231,57,6
2018-05-16,IN36,701,216,3
2018-05-16,IN37,51,24,1
2018-05-16,IN38,61,9,0
2018-05-16,IN39,138,19,0
2018-05-17,IN00,65,19,1
2018-05-17,IN01,1,1,0
2018-05-17,IN02,231,59,4
2018-05-17,IN03,46,18,8
2018-05-17,IN07,1189,336,21
2018-05-17,IN09,108,42,3
2018-05-17,IN10,100,24,2
2018-05-17,IN11,54,18,2
2018-05-17,IN12,449,206,6
2018-05-17,IN13,99,18,1
2018-05-17,IN14,1,0,0
2018-05-17,IN16,976,319,11
2018-05-17,IN17,8,2,1
2018-05-17,IN18,8,1,0
2018-05-17,IN19,1558,584,95
2018-05-17,IN20,34,15,0
2018-05-17,IN21,74,14,0
2018-05-17,IN22,28,9,3
2018-05-17,IN23,124,42,0
2018-05-17,IN24,139,49,5
2018-05-17,IN25,256,62,3
2018-05-17,IN26,34,22,13
2018-05-17,IN28,408,187,19
2018-05-17,IN30,2,0,0
2018-05-17,IN31,1,0,0
2018-05-17,IN33,13,2,0
2018-05-17,IN34,294,61,10
2018-05-17,IN35,116,38,1
2018-05-17,IN36,642,226,28
2018-05-17,IN37,162,52,3
2018-05-17,IN38,46,7,0
2018-05-17,IN39,104,28,5
2018-05-18,IN00,92,25,0
2018-05-18,IN01,1,1,0
2018-05-18,IN02,533,130,17
2018-05-18,IN03,48,9,4
2018-05-18,IN06,7,1,0
2018-05-18,IN07,1115,334,13
2018-05-18,IN09,166,65,9
2018-05-18,IN10,144,38,5
2018-05-18,IN11,20,4,0
2018-05-18,IN12,587,239,13
2018-05-18,IN13,170,46,4
2018-05-18,IN14,3,1,0
2018-05-18,IN16,808,243,12
2018-05-18,IN17,5,1,0
2018-05-18,IN18,1,0,0
2018-05-18,IN19,1612,497,83
2018-05-18,IN20,48,16,0
2018-05-18,IN21,133,51,2
2018-05-18,IN22,7,2,0
2018-05-18,IN23,55,21,2
2018-05-18,IN24,163,52,6
2018-05-18,IN25,220,51,9
2018-05-18,IN26,52,10,4
2018-05-18,IN28,213,48,5
2018-05-18,IN29,1,1,0
2018-05-18,IN30,6,3,0
2018-05-18,IN31,5,0,0
2018-05-18,IN33,36,6,0
2018-05-18,IN34,232,63,24
2018-05-18,IN35,166,58,5
2018-05-18,IN36,532,176,12
2018-05-18,IN37,85,26,3
2018-05-18,IN38,18,6,0
2018-05-18,IN39,118,37,2
2018-05-19,IN00,74,9,1
2018-05-19,IN02,349,77,0
2018-05-19,IN03,50,11,2
2018-05-19,IN06,1,1,0
2018-05-19,IN07,832,262,10
2018-05-19,IN09,129,30,4
2018-05-19,IN10,78,30,1
2018-05-19,IN11,15,4,0
2018-05-19,IN12,579,135,12
2018-05-19,IN13,94,26,2
2018-05-19,IN14,1,0,0
2018-05-19,IN16,581,191,6
2018-05-19,IN17,23,3,0
2018-05-19,IN18,1,0,0
2018-05-19,IN19,1431,428,40
2018-05-19,IN20,16,4,0
2018-05-19,IN21,136,25,1
2018-05-19,IN22,13,10,0
2018-05-19,IN23,80,43,1
2018-05-19,IN24,159,50,10
2018-05-19,IN25,158,42,0
2018-05-19,IN26,20,0,0
2018-05-19,IN28,142,49,4
2018-05-19,IN30,6,4,0
2018-05-19,IN31,7,6,0
2018-05-19,IN33,12,0,0
2018-05-19,IN34,204,52,3
2018-05-19,IN35,169,58,0
2018-05-19,IN36,318,98,6
2018-05-19,IN37,29,8,0
2018-05-19,IN38,41,14,0
2018-05-19,IN39,198,46,2
2018-05-20,IN00,62,13,1
2018-05-20,IN01,6,0,0
2018-05-20,IN02,238,47,2
2018-05-20,IN03,80,22,4
2018-05-20,IN06,6,0,0
2018-05-20,IN07,912,243,5
2018-05-20,IN09,136,31,0
2018-05-20,IN10,24,8,0
2018-05-20,IN11,26,4,0
2018-05-20,IN12,294,86,11
2018-05-20,IN13,133,35,0
2018-05-20,IN16,482,156,8
2018-05-20,IN17,2,0,0
2018-05-20,IN19,952,256,16
2018-05-20,IN20,77,4,0
2018-05-20,IN21,67,11,0
2018-05-20,IN23,82,36,0
2018-05-20,IN24,165,39,2
2018-05-20,IN25,151,38,2
2018-05-20,IN26,41,8,0
2018-05-20,IN28,177,55,4
2018-05-20,IN30,2,0,0
2018-05-20,IN31,11,4,0
2018-05-20,IN33,80,10,0
2018-05-20,IN34,171,76,0
2018-05-20,IN35,224,84,5
2018-05-20,IN36,374,130,9
2018-05-20,IN37,105,45,0
2018-05-20,IN38,33,13,0
2018-05-20,IN39,80,10,0
2018-05-21,IN00,84,18,1
2018-05-21,IN01,29,2,0
2018-05-21,IN02,262,49,0
2018-05-21,IN03,96,19,4
2018-05-21,IN05,5,2,0
2018-05-21,IN07,1417,307,11
2018-05-21,IN09,243,121,1
2018-05-21,IN10,92,31,0
2018-05-21,IN11,35,9,0
2018-05-21,IN12,344,123,6
2018-05-21,IN13,271,35,0
2018-05-21,IN14,3,0,0
2018-05-21,IN16,779,255,15
2018-05-21,IN17,8,0,0
2018-05-21,IN18,5,2,2
2018-05-21,IN19,1204,256,3
2018-05-21,IN20,51,12,4
2018-05-21,IN21,104,22,0
2018-05-21,IN22,4,0,0
2018-05-21,IN23,60,13,0
2018-05-21,IN24,213,50,4
2018-05-21,IN25,289,71,1
2018-05-21,IN26,17,6,2
2018-05-21,IN28,193,55,1
2018-05-21,IN30,4,0,0
2018-05-21,IN31,2,0,0
2018-05-21,IN33,108,24,0
2018-05-21,IN34,154,51,0
2018-05-21,IN35,217,78,0
2018-05-21,IN36,509,179,16
2018-05-21,IN37,87,41,3
2018-05-21,IN38,25,12,0
2018-05-21,IN39,174,23,0
2018-05-22,IN00,147,24,1
2018-05-22,IN01,23,5,0
2018-05-22,IN02,292,59,8
2018-05-22,IN03,55,12,2
2018-05-22,IN06,6,1,0
2018-05-22,IN07,1490,386,19
2018-05-22,IN09,223,110,9
2018-05-22,IN10,68,32,0
2018-05-22,IN11,38,5,2
2018-05-22,IN12,319,108,2
2018-05-22,IN13,343,47,0
2018-05-22,IN14,16,0,0
2018-05-22,IN16,880,285,17
2018-05-22,IN17,21,6,0
2018-05-22,IN18,2,0,0
2018-05-22,IN19,1125,255,13
2018-05-22,IN20,38,5,0
2018-05-22,IN21,110,28,1
2018-05-22,IN22,5,0,0
2018-05-22,IN23,78,30,2
2018-05-22,IN24,199,74,8
2018-05-22,IN25,639,304,55
2018-05-22,IN26,29,11,4
2018-05-22,IN28,316,70,7
2018-05-22,IN30,22,3,0
2018-05-22,IN31,9,6,3
2018-05-22,IN33,83,13,0
2018-05-22,IN34,132,42,0
2018-05-22,IN35,197,91,10
2018-05-22,IN36,511,179,9
2018-05-22,IN37,41,24,1
2018-05-22,IN38,8,1,0
2018-05-22,IN39,134,12,0
2018-05-23,IN00,133,27,3
2018-05-23,IN01,19,6,0
2018-05-23,IN02,362,78,12
2018-05-23,IN03,51,6,1
2018-05-23,IN06,1,1,1
2018-05-23,IN07,1211,343,23
2018-05-23,IN09,171,66,1
2018-05-23,IN10,34,21,1
2018-05-23,IN11,18,0,0
2018-05-23,IN12,301,124,1
2018-05-23,IN13,349,52,1
2018-05-23,IN14,2,1,0
2018-05-23,IN16,955,316,11
2018-05-23,IN17,26,5,0
2018-05-23,IN18,7,0,0
2018-05-23,IN19,1259,314,54
2018-05-23,IN20,67,13,0
2018-05-23,IN21,150,41,4
2018-05-23,IN22,2,1,0
2018-05-23,IN23,68,22,1
2018-05-23,IN24,225,63,12
2018-05-23,IN25,1384,717,132
2018-05-23,IN26,19,2,0
2018-05-23,IN28,312,67,2
2018-05-23,IN30,1,0,0
2018-05-23,IN31,7,6,3
2018-05-23,IN33,16,2,2
2018-05-23,IN34,172,29,3
2018-05-23,IN35,191,79,12
2018-05-23,IN36,443,134,6
2018-05-23,IN37,22,1,0
2018-05-23,IN38,33,17,8
2018-05-23,IN39,120,6,0
2018-05-24,IN00,126,25,0
2018-05-24,IN01,35,4,0
2018-05-24,IN02,328,68,3
2018-05-24,IN03,59,17,1
2018-05-24,IN05,4,3,0
2018-05-24,IN06,12,6,0
2018-05-24,IN07,1259,350,29
2018-05-24,IN09,216,75,10
2018-05-24,IN10,86,18,0
2018-05-24,IN11,24,8,0
2018-05-24,IN12,314,121,1
2018-05-24,IN13,280,53,2
2018-05-24,IN16,852,271,16
2018-05-24,IN17,12,8,2
2018-05-24,IN18,4,2,0
2018-05-24,IN19,732,175,18
2018-05-24,IN20,29,5,0
2018-05-24,IN21,97,33,8
2018-05-24,IN22,2,1,0
2018-05-24,IN23,107,49,5
2018-05-24,IN24,170,49,2
2018-05-24,IN25,1283,739,252
2018-05-24,IN26,26,12,0
2018-05-24,IN28,407,78,2
2018-05-24,IN31,8,1,0
2018-05-24,IN33,47,17,2
2018-05-24,IN34,113,28,0
2018-05-24,IN35,204,71,3
2018-05-24,IN36,433,140,3
2018-05-24,IN37,59,34,0
2018-05-24,IN38,25,5,0
2018-05-24,IN39,59,14,1
2018-05-25,IN00,135,29,0
2018-05-25,IN01,13,1,0
2018-05-25,IN02,289,75,2
2018-05-25,IN03,66,23,1
2018-05-25,IN06,3,0,0
2018-05-25,IN07,944,246,15
2018-05-25,IN09,227,81,19
2018-05-25,IN10,91,25,1
2018-05-25,IN11,38,10,0
2018-05-25,IN12,309,148,5
2018-05-25,IN13,296,68,0
2018-05-25,IN14,4,3,0
2018-05-25,IN16,954,286,10
2018-05-25,IN17,3,3,0
2018-05-25,IN18,3,0,0
2018-05-25,IN19,765,174,9
2018-05-25,IN20,9,1,0
2018-05-25,IN21,111,30,2
2018-05-25,IN22,4,2,1
2018-05-25,IN23,74,31,0
2018-05-25,IN24,123,47,0
2018-05-25,IN25,603,293,126
2018-05-25,IN26,16,8,1
2018-05-25,IN28,624,78,14
2018-05-25,IN31,11,0,0
2018-05-25,IN33,39,12,1
2018-05-25,IN34,171,68,8
2018-05-25,IN35,187,64,6
2018-05-25,IN36,454,152,8
2018-05-25,IN37,31,10,0
2018-05-25,IN38,37,9,0
2018-05-25,IN39,50,10,2
2018-05-26,IN00,88,22,2
2018-05-26,IN01,14,5,0
2018-05-26,IN02,214,53,4
2018-05-26,IN03,26,6,0
2018-05-26,IN07,891,228,13
2018-05-26,IN09,133,33,4
2018-05-26,IN10,65,24,0
2018-05-26,IN11,42,22,0
2018-05-26,IN12,354,116,8
2018-05-26,IN13,200,35,4
2018-05-26,IN14,7,5,0
2018-05-26,IN16,589,164,5
2018-05-26,IN17,10,5,1
2018-05-26,IN18,1,0,0
2018-05-26,IN19,510,151,10
2018-05-26,IN20,23,4,0
2018-05-26,IN21,128,34,2
2018-05-26,IN23,105,44,1
2018-05-26,IN24,184,59,2
2018-05-26,IN25,364,176,62
2018-05-26,IN26,46,21,0
2018-05-26,IN28,332,40,7
2018-05-26,IN31,13,2,0
2018-05-26,IN33,48,31,0
2018-05-26,IN34,147,49,0
2018-05-26,IN35,226,69,6
2018-05-26,IN36,458,156,2
2018-05-26,IN37,40,7,0
2018-05-26,IN38,10,1,0
2018-05-26,IN39,73,23,1
2018-05-27,IN00,127,26,4
2018-05-27,IN01,16,3,0
2018-05-27,IN02,221,70,1
2018-05-27,IN03,17,5,0
2018-05-27,IN05,1,0,0
2018-05-27,IN07,797,206,16
2018-05-27,IN09,126,37,1
2018-05-27,IN10,75,10,0
2018-05-27,IN11,13,6,0
2018-05-27,IN12,252,108,21
2018-05-27,IN13,161,26,1
2018-05-27,IN14,4,3,0
2018-05-27,IN16,484,176,0
2018-05-27,IN17,41,21,2
2018-05-27,IN19,397,76,2
2018-05-27,IN20,22,7,0
2018-05-27,IN21,58,18,0
2018-05-27,IN22,3,2,1
2018-05-27,IN23,61,31,2
2018-05-27,IN24,102,41,3
2018-05-27,IN25,318,148,18
2018-05-27,IN26,37,23,1
2018-05-27,IN28,118,21,0
2018-05-27,IN30,6,2,0
2018-05-27,IN33,30,17,0
2018-05-27,IN34,172,46,1
2018-05-27,IN35,172,36,2
2018-05-27,IN36,456,123,14
2018-05-27,IN37,16,4,0
2018-05-27,IN38,7,2,0
2018-05-27,IN39,30,11,1
2018-05-28,IN00,145,49,3
2018-05-28,IN01,23,12,0
2018-05-28,IN02,295,72,4
2018-05-28,IN03,36,8,1
2018-05-28,IN05,2,0,0
2018-05-28,IN07,1350,300,20
2018-05-28,IN09,200,70,11
2018-05-28,IN10,124,41,0
2018-05-28,IN11,27,10,2
2018-05-28,IN12,395,112,23
2018-05-28,IN13,235,90,14
2018-05-28,IN14,3,3,0
2018-05-28,IN16,728,264,7
2018-05-28,IN17,7,0,0
2018-05-28,IN18,14,8,0
2018-05-28,IN19,660,153,13
2018-05-28,IN20,56,17,0
2018-05-28,IN21,162,42,7
2018-05-28,IN22,1,0,0
2018-05-28,IN23,110,43,5
2018-05-28,IN24,156,68,4
2018-05-28,IN25,439,216,49
2018-05-28,IN26,31,4,0
2018-05-28,IN28,127,31,1
2018-05-28,IN30,4,0,0
2018-05-28,IN33,32,17,0
2018-05-28,IN34,162,46,8
2018-05-28,IN35,174,63,8
2018-05-28,IN36,529,169,5
2018-05-28,IN37,35,12,0
2018-05-28,IN38,43,28,3
2018-05-28,IN39,115,28,2
2018-05-29,IN00,142,33,1
2018-05-29,IN01,74,17,3
2018-05-29,IN02,288,70,5
2018-05-29,IN03,94,15,2
2018-05-29,IN05,3,0,0
2018-05-29,IN07,1514,368,16
2018-05-29,IN09,227,59,5
2018-05-29,IN10,137,51,4
2018-05-29,IN11,7,1,0
2018-05-29,IN12,259,89,11
2018-05-29,IN13,343,116,3
2018-05-29,IN14,3,1,0
2018-05-29,IN16,1007,298,11
2018-05-29,IN17,18,14,0
2018-05-29,IN19,583,150,9
2018-05-29,IN20,39,4,0
2018-05-29,IN21,129,31,10
2018-05-29,IN22,5,1,0
2018-05-29,IN23,79,39,4
2018-05-29,IN24,134,33,7
2018-05-29,IN25,544,218,36
2018-05-29,IN26,57,16,4
2018-05-29,IN28,152,44,5
2018-05-29,IN30,4,0,0
2018-05-29,IN31,3,0,0
2018-05-29,IN33,56,13,0
2018-05-29,IN34,137,61,0
2018-05-29,IN35,188,61,3
2018-05-29,IN36,500,210,6
2018-05-29,IN37,52,13,4
2018-05-29,IN38,32,9,0
2018-05-29,IN39,133,32,1
2018-05-30,IN00,148,51,1
2018-05-30,IN01,45,7,0
2018-05-30,IN02,246,71,4
2018-05-30,IN03,71,15,4
2018-05-30,IN06,7,5,0
2018-05-30,IN07,1490,465,22
2018-05-30,IN09,238,73,6
2018-05-30,IN10,104,49,0
2018-05-30,IN11,39,12,4
2018-05-30,IN12,274,103,5
2018-05-30,IN13,336,64,0
2018-05-30,IN16,977,245,13
2018-05-30,IN17,21,5,2
2018-05-30,IN18,4,0,0
2018-05-30,IN19,681,211,20
2018-05-30,IN20,58,16,0
2018-05-30,IN21,131,33,3
2018-05-30,IN22,5,3,0
2018-05-30,IN23,75,26,7
2018-05-30,IN24,128,49,0
2018-05-30,IN25,408,172,34
2018-05-30,IN26,35,8,2
2018-05-30,IN28,336,49,1
2018-05-30,IN30,4,0,0
2018-05-30,IN31,4,0,0
2018-05-30,IN33,35,12,1
2018-05-30,IN34,178,66,1
2018-05-30,IN35,214,87,2
2018-05-30,IN36,489,181,3
2018-05-30,IN37,54,26,0
2018-05-30,IN38,23,3,0
2018-05-30,IN39,82,25,1
2018-05-31,IN00,116,33,0
2018-05-31,IN01,19,6,0
2018-05-31,IN02,193,61,12
2018-05-31,IN03,53,21,4
2018-05-31,IN06,2,0,0
2018-05-31,IN07,1206,329,11
2018-05-31,IN09,178,42,2
2018-05-31,IN10,88,26,1
2018-05-31,IN11,33,19,4
2018-05-31,IN12,217,91,0
2018-05-31,IN13,275,85,3
2018-05-31,IN16,1061,259,7
2018-05-31,IN17,9,2,0
2018-05-31,IN18,23,8,0
2018-05-31,IN19,593,161,6
2018-05-31,IN20,76,19,1
2018-05-31,IN21,82,29,3
2018-05-31,IN22,14,4,3
2018-05-31,IN23,156,61,3
2018-05-31,IN24,231,80,4
2018-05-31,IN25,319,136,17
2018-05-31,IN26,34,8,1
2018-05-31,IN28,269,105,3
2018-05-31,IN30,1,0,0
2018-05-31,IN31,12,3,0
2018-05-31,IN33,36,15,0
2018-05-31,IN34,194,54,4
2018-05-31,IN35,212,87,9
2018-05-31,IN36,669,195,2
2018-05-31,IN37,26,10,0
2018-05-31,IN38,41,11,1
2018-05-31,IN39,66,14,0
2018-06-01,IN00,96,33,1
2018-06-01,IN01,40,10,0
2018-06-01,IN02,272,67,9
2018-06-01,IN03,28,10,0
2018-06-01,IN05,5,4,0
2018-06-01,IN06,6,1,0
2018-06-01,IN07,1161,305,19
2018-06-01,IN09,89,37,0
2018-06-01,IN10,103,45,0
2018-06-01,IN11,28,14,2
2018-06-01,IN12,225,93,2
2018-06-01,IN13,221,62,0
2018-06-01,IN16,954,298,16
2018-06-01,IN17,3,0,0
2018-06-01,IN18,15,8,1
2018-06-01,IN19,582,111,3
2018-06-01,IN20,25,8,1
2018-06-01,IN21,57,17,0
2018-06-01,IN22,13,4,0
2018-06-01,IN23,150,49,5
2018-06-01,IN24,172,63,5
2018-06-01,IN25,428,157,7
2018-06-01,IN26,20,3,0
2018-06-01,IN28,262,101,18
2018-06-01,IN30,3,3,0
2018-06-01,IN31,6,0,0
2018-06-01,IN33,43,11,0
2018-06-01,IN34,260,117,2
2018-06-01,IN35,387,160,23
2018-06-01,IN36,537,184,11
2018-06-01,IN37,36,14,0
2018-06-01,IN38,32,10,0
2018-06-01,IN39,80,29,2
2018-06-02,IN00,79,14,1
2018-06-02,IN01,35,8,0
2018-06-02,IN02,225,54,3
2018-06-02,IN03,25,7,0
2018-06-02,IN06,1,0,0
2018-06-02,IN07,847,213,12
2018-06-02,IN09,124,51,0
2018-06-02,IN10,132,61,10
2018-06-02,IN11,28,13,2
2018-06-02,IN12,368,164,7
2018-06-02,IN13,276,58,2
2018-06-02,IN16,742,271,14
2018-06-02,IN17,25,4,0
2018-06-02,IN18,10,5,0
2018-06-02,IN19,320,96,8
2018-06-02,IN20,15,2,0
2018-06-02,IN21,51,18,2
2018-06-02,IN22,6,1,0
2018-06-02,IN23,112,43,0
2018-06-02,IN24,147,34,0
2018-06-02,IN25,275,65,4
2018-06-02,IN26,9,3,0
2018-06-02,IN28,320,124,20
2018-06-02,IN30,5,2,1
2018-06-02,IN31,8,0,0
2018-06-02,IN33,18,9,0
2018-06-02,IN34,137,48,2
2018-06-02,IN35,250,82,13
2018-06-02,IN36,339,114,13
2018-06-02,IN37,25,9,0
2018-06-02,IN38,11,7,0
2018-06-02,IN39,49,12,2
2018-06-03,IN00,70,10,1
2018-06-03,IN01,12,1,0
2018-06-03,IN02,183,45,8
2018-06-03,IN03,12,5,0
2018-06-03,IN07,727,187,12
2018-06-03,IN09,151,51,4
2018-06-03,IN10,62,23,4
2018-06-03,IN11,29,6,2
2018-06-03,IN12,292,135,1
2018-06-03,IN13,182,20,2
2018-06-03,IN16,570,225,12
2018-06-03,IN17,4,1,0
2018-06-03,IN18,38,14,1
2018-06-03,IN19,269,67,1
2018-06-03,IN20,27,6,0
2018-06-03,IN21,55,25,0
2018-06-03,IN22,6,0,0
2018-06-03,IN23,75,26,0
2018-06-03,IN24,115,24,3
2018-06-03,IN25,254,91,13
2018-06-03,IN26,15,2,1
2018-06-03,IN28,197,84,7
2018-06-03,IN30,7,2,0
2018-06-03,IN31,2,0,0
2018-06-03,IN33,12,5,0
2018-06-03,IN34,154,42,4
2018-06-03,IN35,237,86,13
2018-06-03,IN36,309,100,5
2018-06-03,IN37,8,4,0
2018-06-03,IN38,12,2,0
2018-06-03,IN39,37,5,2
2018-06-04,IN00,182,39,1
2018-06-04,IN01,9,0,0
2018-06-04,IN02,249,67,2
2018-06-04,IN03,55,18,3
2018-06-04,IN05,1,1,0
2018-06-04,IN06,1,0,0
2018-06-04,IN07,1091,283,10
2018-06-04,IN09,174,37,1
2018-06-04,IN10,153,60,9
2018-06-04,IN11,29,8,0
2018-06-04,IN12,362,150,1
2018-06-04,IN13,226,46,0
2018-06-04,IN16,883,238,4
2018-06-04,IN17,7,2,0
2018-06-04,IN18,66,22,2
2018-06-04,IN19,497,110,10
2018-06-04,IN20,7,2,0
2018-06-04,IN21,91,14,0
2018-06-04,IN22,18,4,0
2018-06-04,IN23,77,22,7
2018-06-04,IN24,188,58,4
2018-06-04,IN25,406,138,11
2018-06-04,IN26,8,0,0
2018-06-04,IN28,237,99,3
2018-06-04,IN30,10,5,1
2018-06-04,IN33,32,9,1
2018-06-04,IN34,353,60,3
2018-06-04,IN35,310,103,18
2018-06-04,IN36,373,111,2
2018-06-04,IN37,22,4,0
2018-06-04,IN38,56,23,4
2018-06-04,IN39,73,17,4
2018-06-05,IN00,100,28,1
2018-06-05,IN01,14,4,0
2018-06-05,IN02,209,67,7
2018-06-05,IN03,54,17,3
2018-06-05,IN06,2,1,1
2018-06-05,IN07,1290,301,9
2018-06-05,IN09,171,59,1
2018-06-05,IN10,153,65,6
2018-06-05,IN11,42,23,3
2018-06-05,IN12,280,90,1
2018-06-05,IN13,299,77,2
2018-06-05,IN14,1,0,0
2018-06-05,IN16,992,284,4
2018-06-05,IN17,35,10,5
2018-06-05,IN18,15,5,0
2018-06-05,IN19,658,153,3
2018-06-05,IN20,44,11,0
2018-06-05,IN21,50,6,0
2018-06-05,IN22,7,2,0
2018-06-05,IN23,72,27,2
2018-06-05,IN24,332,74,0
2018-06-05,IN25,377,128,6
2018-06-05,IN26,31,12,0
2018-06-05,IN28,239,110,5
2018-06-05,IN30,4,0,0
2018-06-05,IN31,2,0,0
2018-06-05,IN33,50,19,0
2018-06-05,IN34,222,37,1
2018-06-05,IN35,235,65,17
2018-06-05,IN36,392,126,4
2018-06-05,IN37,36,10,0
2018-06-05,IN38,31,7,0
2018-06-05,IN39,104,26,0
2018-06-06,IN00,110,27,1
2018-06-06,IN01,4,0,0
2018-06-06,IN02,256,76,3
2018-06-06,IN03,37,8,0
2018-06-06,IN06,22,1,0
2018-06-06,IN07,1203,371,3
2018-06-06,IN09,308,110,3
2018-06-06,IN10,139,84,2
2018-06-06,IN11,29,6,0
2018-06-06,IN12,269,89,3
2018-06-06,IN13,175,61,1
2018-06-06,IN16,1482,504,19
2018-06-06,IN17,16,6,0
2018-06-06,IN18,10,2,0
2018-06-06,IN19,880,249,20
2018-06-06,IN20,53,5,0
2018-06-06,IN21,78,21,0
2018-06-06,IN22,3,2,0
2018-06-06,IN23,189,76,2
2018-06-06,IN24,329,58,4
2018-06-06,IN25,415,134,9
2018-06-06,IN26,25,13,0
2018-06-06,IN28,231,65,3
2018-06-06,IN30,8,1,0
2018-06-06,IN31,6,0,0
2018-06-06,IN33,32,6,3
2018-06-06,IN34,199,62,2
2018-06-06,IN35,609,186,35
2018-06-06,IN36,489,140,10
2018-06-06,IN37,69,28,0
2018-06-06,IN38,52,17,0
2018-06-06,IN39,110,19,0
2018-06-07,IN00,91,39,1
2018-06-07,IN01,9,7,0
2018-06-07,IN02,226,78,6
2018-06-07,IN03,30,7,0
2018-06-07,IN06,10,0,0
2018-06-07,IN07,1082,294,3
2018-06-07,IN09,162,66,0
2018-06-07,IN10,101,68,1
2018-06-07,IN11,95,28,0
2018-06-07,IN12,388,94,2
2018-06-07,IN13,236,51,3
2018-06-07,IN16,1468,442,11
2018-06-07,IN17,16,9,0
2018-06-07,IN18,15,1,0
2018-06-07,IN19,589,191,14
2018-06-07,IN20,28,11,0
2018-06-07,IN21,88,21,4
2018-06-07,IN22,10,7,0
2018-06-07,IN23,95,53,3
2018-06-07,IN24,311,84,1
2018-06-07,IN25,474,173,17
2018-06-07,IN26,59,6,0
2018-06-07,IN28,190,55,0
2018-06-07,IN30,16,2,0
2018-06-07,IN33,29,7,0
2018-06-07,IN34,195,36,0
2018-06-07,IN35,248,63,4
2018-06-07,IN36,456,160,1
2018-06-07,IN37,58,16,0
2018-06-07,IN38,45,30,0
2018-06-07,IN39,72,13,0
2018-06-08,IN00,102,29,0
2018-06-08,IN01,9,6,2
2018-06-08,IN02,277,87,3
2018-06-08,IN03,17,1,0
2018-06-08,IN05,8,6,0
2018-06-08,IN06,7,2,0
2018-06-08,IN07,1196,340,8
2018-06-08,IN09,194,77,2
2018-06-08,IN10,124,52,0
2018-06-08,IN11,16,4,0
2018-06-08,IN12,270,76,2
2018-06-08,IN13,236,76,7
2018-06-08,IN16,1427,514,6
2018-06-08,IN17,13,5,0
2018-06-08,IN18,8,4,0
2018-06-08,IN19,580,207,7
2018-06-08,IN20,8,1,0
2018-06-08,IN21,104,27,1
2018-06-08,IN22,11,5,0
2018-06-08,IN23,46,8,2
2018-06-08,IN24,161,33,0
2018-06-08,IN25,348,118,11
2018-06-08,IN26,28,3,1
2018-06-08,IN28,160,40,1
2018-06-08,IN30,11,0,0
2018-06-08,IN31,9,0,0
2018-06-08,IN33,25,5,1
2018-06-08,IN34,224,65,5
2018-06-08,IN35,237,81,8
2018-06-08,IN36,491,212,6
2018-06-08,IN37,19,4,1
2018-06-08,IN38,24,3,0
2018-06-08,IN39,31,10,0
2018-06-09,IN00,41,15,0
2018-06-09,IN01,1,0,0
2018-06-09,IN02,147,53,0
2018-06-09,IN03,59,9,0
2018-06-09,IN05,4,0,0
2018-06-09,IN07,1007,287,17
2018-06-09,IN09,271,111,3
2018-06-09,IN10,137,82,3
2018-06-09,IN11,6,0,0
2018-06-09,IN12,210,56,0
2018-06-09,IN13,132,34,0
2018-06-09,IN16,998,308,11
2018-06-09,IN17,7,2,0
2018-06-09,IN18,5,3,0
2018-06-09,IN19,321,81,6
2018-06-09,IN20,3,3,0
2018-06-09,IN21,86,9,0
2018-06-09,IN22,19,8,0
2018-06-09,IN23,76,32,0
2018-06-09,IN24,115,13,1
2018-06-09,IN25,239,82,5
2018-06-09,IN26,13,4,0
2018-06-09,IN28,141,60,2
2018-06-09,IN30,4,2,0
2018-06-09,IN33,31,3,0
2018-06-09,IN34,194,64,11
2018-06-09,IN35,153,65,7
2018-06-09,IN36,324,118,2
2018-06-09,IN37,42,10,0
2018-06-09,IN38,39,9,0
2018-06-09,IN39,61,18,0
2018-06-10,IN00,59,21,0
2018-06-10,IN01,1,0,0
2018-06-10,IN02,183,66,0
2018-06-10,IN03,69,14,0
2018-06-10,IN05,1,0,0
2018-06-10,IN06,5,2,0
2018-06-10,IN07,814,225,20
2018-06-10,IN09,120,44,1
2018-06-10,IN10,135,81,1
2018-06-10,IN11,10,5,0
2018-06-10,IN12,238,72,1
2018-06-10,IN13,93,31,1
2018-06-10,IN16,704,212,2
2018-06-10,IN17,14,5,2
2018-06-10,IN18,7,2,0
2018-06-10,IN19,275,65,5
2018-06-10,IN20,22,1,0
2018-06-10,IN21,34,7,0
2018-06-10,IN22,25,8,0
2018-06-10,IN23,17,1,0
2018-06-10,IN24,177,58,1
2018-06-10,IN25,139,52,7
2018-06-10,IN26,10,2,0
2018-06-10,IN28,85,18,1
2018-06-10,IN33,20,1,0
2018-06-10,IN34,77,25,1
2018-06-10,IN35,188,48,0
2018-06-10,IN36,355,125,1
2018-06-10,IN37,73,18,0
2018-06-10,IN38,28,2,1
2018-06-10,IN39,38,14,0
2018-06-11,IN00,147,33,0
2018-06-11,IN01,2,0,0
2018-06-11,IN02,239,60,2
2018-06-11,IN03,101,49,4
2018-06-11,IN07,1339,355,17
2018-06-11,IN09,196,64,6
2018-06-11,IN10,144,49,0
2018-06-11,IN11,13,5,0
2018-06-11,IN12,250,100,8
2018-06-11,IN13,138,39,1
2018-06-11,IN14,2,1,0
2018-06-11,IN16,1214,375,10
2018-06-11,IN17,10,0,0
2018-06-11,IN18,4,3,0
2018-06-11,IN19,388,94,0
2018-06-11,IN20,37,12,0
2018-06-11,IN21,73,22,1
2018-06-11,IN22,3,1,0
2018-06-11,IN23,54,25,0
2018-06-11,IN24,217,77,1
2018-06-11,IN25,241,73,7
2018-06-11,IN26,15,3,3
2018-06-11,IN28,149,67,2
2018-06-11,IN29,2,0,0
2018-06-11,IN30,11,6,0
2018-06-11,IN33,38,7,0
2018-06-11,IN34,242,86,7
2018-06-11,IN35,242,57,4
2018-06-11,IN36,659,249,10
2018-06-11,IN37,80,24,1
2018-06-11,IN38,31,10,0
2018-06-11,IN39,162,35,1
2018-06-12,IN00,82,22,1
2018-06-12,IN01,2,0,0
2018-06-12,IN02,261,80,6
2018-06-12,IN03,148,61,9
2018-06-12,IN06,31,5,0
2018-06-12,IN07,1366,396,50
2018-06-12,IN09,156,33,1
2018-06-12,IN10,146,57,0
2018-06-12,IN11,25,4,0
2018-06-12,IN12,274,110,8
2018-06-12,IN13,109,20,0
2018-06-12,IN14,3,0,0
2018-06-12,IN16,1574,492,11
2018-06-12,IN17,35,9,0
2018-06-12,IN19,465,148,3
2018-06-12,IN20,7,2,0
2018-06-12,IN21,33,13,0
2018-06-12,IN23,99,30,0
2018-06-12,IN24,212,74,2
2018-06-12,IN25,284,72,6
2018-06-12,IN26,13,4,0
2018-06-12,IN28,170,60,7
2018-06-12,IN30,1,0,0
2018-06-12,IN33,26,6,0
2018-06-12,IN34,122,28,0
2018-06-12,IN35,352,137,3
2018-06-12,IN36,345,134,12
2018-06-12,IN37,27,2,0
2018-06-12,IN38,16,7,2
2018-06-12,IN39,199,20,0
2018-06-13,IN00,87,22,3
2018-06-13,IN01,2,0,0
2018-06-13,IN02,302,75,5
2018-06-13,IN03,96,52,2
2018-06-13,IN06,8,2,1
2018-06-13,IN07,1469,412,59
2018-06-13,IN09,278,111,2
2018-06-13,IN10,59,21,2
2018-06-13,IN11,38,9,0
2018-06-13,IN12,247,107,3
2018-06-13,IN13,113,31,0
2018-06-13,IN14,1,0,0
2018-06-13,IN16,1409,491,10
2018-06-13,IN17,13,7,0
2018-06-13,IN18,2,0,0
2018-06-13,IN19,522,176,2
2018-06-13,IN20,39,8,0
2018-06-13,IN21,68,16,7
2018-06-13,IN22,7,1,0
2018-06-13,IN23,129,35,0
2018-06-13,IN24,274,84,6
2018-06-13,IN25,356,88,7
2018-06-13,IN26,8,3,0
2018-06-13,IN28,172,48,4
2018-06-13,IN30,1,1,1
2018-06-13,IN31,3,1,0
2018-06-13,IN33,33,8,0
2018-06-13,IN34,193,65,0
2018-06-13,IN35,333,113,2
2018-06-13,IN36,534,142,11
2018-06-13,IN37,68,12,1
2018-06-13,IN38,35,17,1
2018-06-13,IN39,96,17,1
2018-06-14,IN00,82,23,0
2018-06-14,IN01,1,0,0
2018-06-14,IN02,224,70,1
2018-06-14,IN03,41,22,1
2018-06-14,IN05,2,0,0
2018-06-14,IN06,7,2,0
2018-06-14,IN07,1301,401,35
2018-06-14,IN09,192,51,0
2018-06-14,IN10,80,23,0
2018-06-14,IN11,3,0,0
2018-06-14,IN12,1020,515,10
2018-06-14,IN13,129,44,4
2018-06-14,IN14,9,1,0
2018-06-14,IN16,1165,382,8
2018-06-14,IN17,24,6,0
2018-06-14,IN18,1,0,0
2018-06-14,IN19,409,114,0
2018-06-14,IN20,27,4,0
2018-06-14,IN21,65,12,0
2018-06-14,IN22,19,7,1
2018-06-14,IN23,124,38,0
2018-06-14,IN24,214,41,2
2018-06-14,IN25,492,138,5
2018-06-14,IN26,26,6,0
2018-06-14,IN28,276,64,7
2018-06-14,IN30,4,0,0
2018-06-14,IN31,6,2,0
2018-06-14,IN33,60,8,0
2018-06-14,IN34,158,26,0
2018-06-14,IN35,267,114,3
2018-06-14,IN36,441,151,9
2018-06-14,IN37,113,17,0
2018-06-14,IN38,44,23,0
2018-06-14,IN39,71,11,1
2018-06-15,IN00,77,20,4
2018-06-15,IN01,2,2,1
2018-06-15,IN02,293,88,8
2018-06-15,IN03,74,28,3
2018-06-15,IN06,5,0,0
2018-06-15,IN07,1358,418,39
2018-06-15,IN09,221,75,1
2018-06-15,IN10,91,21,0
2018-06-15,IN11,18,7,1
2018-06-15,IN12,1402,668,22
2018-06-15,IN13,106,22,0
2018-06-15,IN14,3,0,0
2018-06-15,IN16,997,316,3
2018-06-15,IN17,3,0,0
2018-06-15,IN18,3,0,0
2018-06-15,IN19,414,135,0
2018-06-15,IN20,24,1,0
2018-06-15,IN21,56,12,1
2018-06-15,IN22,18,8,0
2018-06-15,IN23,115,36,1
2018-06-15,IN24,171,43,8
2018-06-15,IN25,398,113,5
2018-06-15,IN26,24,4,1
2018-06-15,IN28,225,48,2
2018-06-15,IN31,3,1,0
2018-06-15,IN33,45,6,0
2018-06-15,IN34,121,60,3
2018-06-15,IN35,156,43,3
2018-06-15,IN36,367,105,8
2018-06-15,IN37,67,12,2
2018-06-15,IN38,11,6,0
2018-06-15,IN39,52,13,0
2018-06-16,IN00,54,12,0
2018-06-16,IN01,9,1,0
2018-06-16,IN02,226,52,1
2018-06-16,IN03,38,20,3
2018-06-16,IN05,3,3,0
2018-06-16,IN06,6,0,0
2018-06-16,IN07,1274,318,35
2018-06-16,IN09,91,36,1
2018-06-16,IN10,85,11,0
2018-06-16,IN11,16,4,1
2018-06-16,IN12,626,313,17
2018-06-16,IN13,167,37,5
2018-06-16,IN14,18,15,0
2018-06-16,IN16,765,254,7
2018-06-16,IN17,18,3,0
2018-06-16,IN18,7,1,0
2018-06-16,IN19,469,144,8
2018-06-16,IN20,28,4,0
2018-06-16,IN21,75,22,1
2018-06-16,IN22,14,3,0
2018-06-16,IN23,67,24,5
2018-06-16,IN24,154,37,1
2018-06-16,IN25,225,60,0
2018-06-16,IN26,25,11,0
2018-06-16,IN28,174,45,1
2018-06-16,IN30,2,0,0
2018-06-16,IN33,26,3,0
2018-06-16,IN34,113,45,3
2018-06-16,IN35,146,51,1
2018-06-16,IN36,282,84,1
2018-06-16,IN37,31,7,0
2018-06-16,IN38,20,6,0
2018-06-16,IN39,27,1,0
2018-06-17,IN00,68,22,2
2018-06-17,IN02,215,32,1
2018-06-17,IN03,47,15,2
2018-06-17,IN05,2,0,0
2018-06-17,IN06,15,0,0
2018-06-17,IN07,1248,357,75
2018-06-17,IN09,98,40,0
2018-06-17,IN10,50,20,0
2018-06-17,IN11,12,5,0
2018-06-17,IN12,408,231,1
2018-06-17,IN13,270,58,11
2018-06-17,IN14,8,6,0
2018-06-17,IN16,526,139,4
2018-06-17,IN17,15,2,0
2018-06-17,IN18,5,2,0
2018-06-17,IN19,361,60,7
2018-06-17,IN20,15,6,0
2018-06-17,IN21,73,14,0
2018-06-17,IN22,33,6,0
2018-06-17,IN23,116,39,3
2018-06-17,IN24,196,60,0
2018-06-17,IN25,192,76,6
2018-06-17,IN26,9,1,0
2018-06-17,IN28,106,16,1
2018-06-17,IN30,2,0,0
2018-06-17,IN31,3,0,0
2018-06-17,IN33,8,3,0
2018-06-17,IN34,73,25,1
2018-06-17,IN35,195,74,1
2018-06-17,IN36,257,114,8
2018-06-17,IN37,38,8,0
2018-06-17,IN38,9,3,0
2018-06-17,IN39,44,5,0
2018-06-18,IN00,77,26,2
2018-06-18,IN01,12,2,1
2018-06-18,IN02,247,79,10
2018-06-18,IN03,66,31,0
2018-06-18,IN05,3,3,0
2018-06-18,IN06,3,0,0
2018-06-18,IN07,1775,571,139
2018-06-18,IN09,156,54,5
2018-06-18,IN10,111,40,1
2018-06-18,IN11,3,0,0
2018-06-18,IN12,561,257,5
2018-06-18,IN13,189,46,4
2018-06-18,IN16,766,229,7
2018-06-18,IN17,56,7,0
2018-06-18,IN18,4,0,0
2018-06-18,IN19,502,169,6
2018-06-18,IN20,51,13,0
2018-06-18,IN21,45,10,0
2018-06-18,IN22,20,5,0
2018-06-18,IN23,151,39,3
2018-06-18,IN24,218,68,6
2018-06-18,IN25,345,104,8
2018-06-18,IN26,17,2,0
2018-06-18,IN28,200,45,6
2018-06-18,IN30,2,1,0
2018-06-18,IN33,30,7,0
2018-06-18,IN34,221,87,3
2018-06-18,IN35,247,66,7
2018-06-18,IN36,428,138,3
2018-06-18,IN37,48,7,0
2018-06-18,IN38,92,30,4
2018-06-18,IN39,56,6,2
2018-06-19,IN00,84,21,0
2018-06-19,IN01,3,1,0
2018-06-19,IN02,194,64,2
2018-06-19,IN03,44,8,1
2018-06-19,IN07,1776,455,70
2018-06-19,IN09,174,61,2
2018-06-19,IN10,65,12,0
2018-06-19,IN11,20,2,0
2018-06-19,IN12,1497,478,14
2018-06-19,IN13,120,30,4
2018-06-19,IN14,1,0,0
2018-06-19,IN16,833,236,8
2018-06-19,IN17,7,0,0
2018-06-19,IN19,409,113,6
2018-06-19,IN20,63,23,3
2018-06-19,IN21,31,10,0
2018-06-19,IN22,23,3,0
2018-06-19,IN23,61,29,4
2018-06-19,IN24,208,55,1
2018-06-19,IN25,310,106,18
2018-06-19,IN26,8,2,0
2018-06-19,IN28,144,29,2
2018-06-19,IN31,6,3,0
2018-06-19,IN33,33,12,0
2018-06-19,IN34,183,78,3
2018-06-19,IN35,187,65,11
2018-06-19,IN36,404,142,0
2018-06-19,IN37,30,6,2
2018-06-19,IN38,25,6,0
2018-06-19,IN39,59,16,1
2018-06-20,IN00,119,38,2
2018-06-20,IN01,2,0,0
2018-06-20,IN02,352,77,4
2018-06-20,IN03,43,8,0
2018-06-20,IN05,4,2,0
2018-06-20,IN06,1,0,0
2018-06-20,IN07,1524,400,42
2018-06-20,IN09,253,100,4
2018-06-20,IN10,107,39,0
2018-06-20,IN11,7,2,0
2018-06-20,IN12,1118,382,4
2018-06-20,IN13,130,34,0
2018-06-20,IN16,1060,339,5
2018-06-20,IN17,48,10,2
2018-06-20,IN19,437,154,7
2018-06-20,IN20,36,16,1
2018-06-20,IN21,57,18,0
2018-06-20,IN22,16,4,0
2018-06-20,IN23,76,17,2
2018-06-20,IN24,188,53,0
2018-06-20,IN25,487,136,24
2018-06-20,IN26,13,3,0
2018-06-20,IN28,176,39,6
2018-06-20,IN30,1,0,0
2018-06-20,IN31,1,0,0
2018-06-20,IN33,35,8,1
2018-06-20,IN34,114,36,1
2018-06-20,IN35,202,53,0
2018-06-20,IN36,425,168,1
2018-06-20,IN37,42,10,1
2018-06-20,IN38,25,6,0
2018-06-20,IN39,125,19,0
2018-06-21,IN00,88,29,6
2018-06-21,IN01,15,6,0
2018-06-21,IN02,300,72,8
2018-06-21,IN03,38,16,0
2018-06-21,IN06,1,0,0
2018-06-21,IN07,1330,263,13
2018-06-21,IN09,257,72,0
2018-06-21,IN10,98,14,0
2018-06-21,IN11,19,0,0
2018-06-21,IN12,542,167,6
2018-06-21,IN13,166,64,5
2018-06-21,IN14,4,0,0
2018-06-21,IN16,1020,307,1
2018-06-21,IN17,1,0,0
2018-06-21,IN18,4,1,0
2018-06-21,IN19,506,123,3
2018-06-21,IN20,19,2,0
2018-06-21,IN21,57,14,0
2018-06-21,IN22,11,3,0
2018-06-21,IN23,96,46,0
2018-06-21,IN24,145,42,0
2018-06-21,IN25,433,123,10
2018-06-21,IN26,37,15,11
2018-06-21,IN28,289,82,0
2018-06-21,IN30,3,2,0
2018-06-21,IN33,37,10,0
2018-06-21,IN34,171,61,1
2018-06-21,IN35,181,65,0
2018-06-21,IN36,403,94,7
2018-06-21,IN37,43,6,2
2018-06-21,IN38,22,0,0
2018-06-21,IN39,324,34,1
2018-06-22,IN00,105,28,0
2018-06-22,IN01,10,2,0
2018-06-22,IN02,322,58,3
2018-06-22,IN03,61,12,0
2018-06-22,IN06,4,0,0
2018-06-22,IN07,1201,308,10
2018-06-22,IN09,383,194,1
2018-06-22,IN10,82,22,0
2018-06-22,IN11,8,1,0
2018-06-22,IN12,626,297,8
2018-06-22,IN13,144,53,1
2018-06-22,IN14,7,0,0
2018-06-22,IN16,956,317,2
2018-06-22,IN17,38,9,1
2018-06-22,IN18,4,0,0
2018-06-22,IN19,459,112,3
2018-06-22,IN20,32,2,0
2018-06-22,IN21,75,20,1
2018-06-22,IN22,6,0,0
2018-06-22,IN23,134,61,5
2018-06-22,IN24,247,74,7
2018-06-22,IN25,355,95,7
2018-06-22,IN26,22,4,3
2018-06-22,IN28,214,50,9
2018-06-22,IN30,2,0,0
2018-06-22,IN33,52,12,0
2018-06-22,IN34,178,72,0
2018-06-22,IN35,186,58,3
2018-06-22,IN36,315,87,6
2018-06-22,IN37,57,15,3
2018-06-22,IN38,127,46,0
2018-06-22,IN39,155,21,0
2018-06-23,IN00,82,23,0
2018-06-23,IN01,6,1,0
2018-06-23,IN02,162,50,1
2018-06-23,IN03,32,7,1
2018-06-23,IN05,4,0,0
2018-06-23,IN06,7,2,0
2018-06-23,IN07,967,240,22
2018-06-23,IN09,305,130,8
2018-06-23,IN10,109,36,3
2018-06-23,IN11,14,4,0
2018-06-23,IN12,756,339,7
2018-06-23,IN13,210,65,2
2018-06-23,IN16,666,250,14
2018-06-23,IN17,7,0,0
2018-06-23,IN19,328,98,2
2018-06-23,IN20,7,1,0
2018-06-23,IN21,90,22,1
2018-06-23,IN22,18,3,0
2018-06-23,IN23,88,24,6
2018-06-23,IN24,145,54,5
2018-06-23,IN25,423,212,82
2018-06-23,IN26,98,34,1
2018-06-23,IN28,121,19,1
2018-06-23,IN30,3,1,0
2018-06-23,IN33,6,2,0
2018-06-23,IN34,142,51,1
2018-06-23,IN35,278,61,0
2018-06-23,IN36,252,85,4
2018-06-23,IN37,34,12,0
2018-06-23,IN38,134,60,0
2018-06-23,IN39,95,16,4
2018-06-24,IN00,55,19,0
2018-06-24,IN01,11,2,0
2018-06-24,IN02,183,49,1
2018-06-24,IN03,53,11,0
2018-06-24,IN06,4,1,0
2018-06-24,IN07,1120,308,24
2018-06-24,IN09,259,118,4
2018-06-24,IN10,97,33,3
2018-06-24,IN11,7,2,0
2018-06-24,IN12,521,237,10
2018-06-24,IN13,138,37,8
2018-06-24,IN16,669,202,18
2018-06-24,IN17,27,4,1
2018-06-24,IN18,2,1,0
2018-06-24,IN19,207,42,1
2018-06-24,IN20,35,3,0
2018-06-24,IN21,73,20,0
2018-06-24,IN22,11,0,0
2018-06-24,IN23,172,66,5
2018-06-24,IN24,127,47,5
2018-06-24,IN25,281,123,37
2018-06-24,IN26,15,7,0
2018-06-24,IN28,236,78,3
2018-06-24,IN30,3,0,0
2018-06-24,IN31,2,0,0
2018-06-24,IN33,11,2,0
2018-06-24,IN34,168,77,1
2018-06-24,IN35,170,49,0
2018-06-24,IN36,389,148,11
2018-06-24,IN37,37,9,0
2018-06-24,IN38,56,25,4
2018-06-24,IN39,61,1,0
2018-06-25,IN00,79,24,0
2018-06-25,IN01,2,0,0
2018-06-25,IN02,393,57,3
2018-06-25,IN03,63,19,0
2018-06-25,IN05,1,1,0
2018-06-25,IN06,8,1,0
2018-06-25,IN07,1394,370,25
2018-06-25,IN09,377,113,4
2018-06-25,IN10,98,36,2
2018-06-25,IN11,22,2,0
2018-06-25,IN12,459,191,9
2018-06-25,IN13,145,35,2
2018-06-25,IN14,3,1,0
2018-06-25,IN16,1001,342,2
2018-06-25,IN17,6,0,0
2018-06-25,IN18,5,1,0
2018-06-25,IN19,419,80,7
2018-06-25,IN20,29,5,0
2018-06-25,IN21,102,7,0
2018-06-25,IN22,12,6,0
2018-06-25,IN23,137,53,1
2018-06-25,IN24,168,61,4
2018-06-25,IN25,358,137,15
2018-06-25,IN26,9,4,0
2018-06-25,IN28,153,41,4
2018-06-25,IN33,73,13,0
2018-06-25,IN34,190,66,3
2018-06-25,IN35,259,95,7
2018-06-25,IN36,561,213,7
2018-06-25,IN37,23,5,0
2018-06-25,IN38,22,7,0
2018-06-25,IN39,96,17,1
2018-06-26,IN00,89,19,0
2018-06-26,IN01,2,0,0
2018-06-26,IN02,243,37,1
2018-06-26,IN03,48,18,1
2018-06-26,IN05,2,0,0
2018-06-26,IN06,3,0,0
2018-06-26,IN07,1301,340,14
2018-06-26,IN09,311,96,13
2018-06-26,IN10,106,28,0
2018-06-26,IN11,9,0,0
2018-06-26,IN12,425,218,10
2018-06-26,IN13,88,38,0
2018-06-26,IN14,2,0,0
2018-06-26,IN16,1301,442,11
2018-06-26,IN17,44,8,0
2018-06-26,IN18,3,0,0
2018-06-26,IN19,492,108,6
2018-06-26,IN20,11,4,0
2018-06-26,IN21,148,43,6
2018-06-26,IN22,6,3,0
2018-06-26,IN23,84,24,7
2018-06-26,IN24,138,52,2
2018-06-26,IN25,476,196,49
2018-06-26,IN26,24,4,0
2018-06-26,IN28,210,58,7
2018-06-26,IN31,15,11,0
2018-06-26,IN33,38,5,2
2018-06-26,IN34,229,61,4
2018-06-26,IN35,139,64,1
2018-06-26,IN36,487,162,11
2018-06-26,IN37,31,4,1
2018-06-26,IN38,63,37,1
2018-06-26,IN39,48,12,0
2018-06-27,IN00,108,22,0
2018-06-27,IN01,3,0,0
2018-06-27,IN02,337,66,5
2018-06-27,IN03,47,12,0
2018-06-27,IN06,2,0,0
2018-06-27,IN07,1272,291,21
2018-06-27,IN09,326,88,4
2018-06-27,IN10,57,10,0
2018-06-27,IN11,26,9,0
2018-06-27,IN12,383,180,4
2018-06-27,IN13,133,60,1
2018-06-27,IN16,1055,309,12
2018-06-27,IN17,14,3,0
2018-06-27,IN19,470,98,2
2018-06-27,IN20,19,8,0
2018-06-27,IN21,68,13,1
2018-06-27,IN22,10,3,0
2018-06-27,IN23,71,17,0
2018-06-27,IN24,148,26,0
2018-06-27,IN25,354,129,8
2018-06-27,IN26,1,0,0
2018-06-27,IN28,473,93,9
2018-06-27,IN31,4,3,0
2018-06-27,IN33,18,6,0
2018-06-27,IN34,234,65,1
2018-06-27,IN35,126,30,1
2018-06-27,IN36,390,94,0
2018-06-27,IN37,54,25,0
2018-06-27,IN38,66,32,1
2018-06-27,IN39,50,10,0
2018-06-28,IN00,51,11,0
2018-06-28,IN01,1,0,0
2018-06-28,IN02,350,69,9
2018-06-28,IN03,31,13,0
2018-06-28,IN06,8,0,0
2018-06-28,IN07,1641,418,31
2018-06-28,IN09,213,69,4
2018-06-28,IN10,96,21,1
2018-06-28,IN11,21,9,0
2018-06-28,IN12,346,195,2
2018-06-28,IN13,157,28,0
2018-06-28,IN16,1091,264,9
2018-06-28,IN17,45,26,0
2018-06-28,IN18,1,0,0
2018-06-28,IN19,474,109,3
2018-06-28,IN20,60,18,0
2018-06-28,IN21,70,17,0
2018-06-28,IN22,12,2,0
2018-06-28,IN23,136,36,0
2018-06-28,IN24,194,50,10
2018-06-28,IN25,374,130,12
2018-06-28,IN26,24,2,0
2018-06-28,IN28,380,101,0
2018-06-28,IN30,1,1,0
2018-06-28,IN31,15,3,0
2018-06-28,IN33,17,7,0
2018-06-28,IN34,160,46,0
2018-06-28,IN35,184,68,5
2018-06-28,IN36,779,144,12
2018-06-28,IN37,70,34,1
2018-06-28,IN38,80,44,0
2018-06-28,IN39,47,12,0
2018-06-29,IN00,68,24,0
2018-06-29,IN02,268,58,5
2018-06-29,IN03,48,18,1
2018-06-29,IN06,2,0,0
2018-06-29,IN07,1413,391,30
2018-06-29,IN09,244,92,1
2018-06-29,IN10,78,34,5
2018-06-29,IN11,8,2,0
2018-06-29,IN12,356,136,6
2018-06-29,IN13,185,44,4
2018-06-29,IN14,7,1,0
2018-06-29,IN16,1066,331,22
2018-06-29,IN17,14,5,0
2018-06-29,IN19,474,137,11
2018-06-29,IN20,15,4,0
2018-06-29,IN21,81,17,1
2018-06-29,IN22,1,0,0
2018-06-29,IN23,71,26,1
2018-06-29,IN24,174,39,7
2018-06-29,IN25,297,62,0
2018-06-29,IN26,31,20,0
2018-06-29,IN28,276,56,0
2018-06-29,IN29,3,0,0
2018-06-29,IN30,3,0,0
2018-06-29,IN31,10,0,0
2018-06-29,IN33,19,4,0
2018-06-29,IN34,165,31,0
2018-06-29,IN35,214,95,11
2018-06-29,IN36,589,135,3
2018-06-29,IN37,35,7,0
2018-06-29,IN38,67,30,1
2018-06-29,IN39,66,29,2
2018-06-30,IN00,67,21,1
2018-06-30,IN01,3,0,0
2018-06-30,IN02,282,67,5
2018-06-30,IN03,40,7,1
2018-06-30,IN06,2,1,0
2018-06-30,IN07,808,184,15
2018-06-30,IN09,149,42,0
2018-06-30,IN10,64,25,0
2018-06-30,IN11,8,1,0
2018-06-30,IN12,327,97,2
2018-06-30,IN13,121,48,2
2018-06-30,IN14,15,0,0
2018-06-30,IN16,642,204,8
2018-06-30,IN17,42,2,0
2018-06-30,IN18,9,2,0
2018-06-30,IN19,340,75,1
2018-06-30,IN20,28,9,0
2018-06-30,IN21,88,27,0
2018-06-30,IN22,6,0,0
2018-06-30,IN23,90,30,0
2018-06-30,IN24,101,24,1
2018-06-30,IN25,218,62,2
2018-06-30,IN26,28,12,0
2018-06-30,IN28,197,66,0
2018-06-30,IN30,4,0,0
2018-06-30,IN33,5,2,0
2018-06-30,IN34,187,54,3
2018-06-30,IN35,380,197,17
2018-06-30,IN36,425,112,7
2018-06-30,IN37,19,8,0
2018-06-30,IN38,41,11,0
2018-06-30,IN39,54,20,0
2018-07-01,IN00,48,20,1
2018-07-01,IN01,1,0,0
2018-07-01,IN02,159,26,5
2018-07-01,IN03,36,9,0
2018-07-01,IN06,1,0,0
2018-07-01,IN07,873,235,18
2018-07-01,IN09,94,35,0
2018-07-01,IN10,36,6,0
2018-07-01,IN11,22,4,0
2018-07-01,IN12,277,75,0
2018-07-01,IN13,104,31,0
2018-07-01,IN14,10,0,0
2018-07-01,IN16,501,146,9
2018-07-01,IN17,46,10,0
2018-07-01,IN18,5,3,0
2018-07-01,IN19,296,66,4
2018-07-01,IN20,31,10,2
2018-07-01,IN21,75,18,1
2018-07-01,IN22,5,0,0
2018-07-01,IN23,59,26,0
2018-07-01,IN24,97,13,1
2018-07-01,IN25,188,51,2
2018-07-01,IN26,41,24,0
2018-07-01,IN28,139,43,4
2018-07-01,IN30,1,1,0
2018-07-01,IN31,7,0,0
2018-07-01,IN33,3,0,0
2018-07-01,IN34,87,49,1
2018-07-01,IN35,291,133,5
2018-07-01,IN36,286,77,8
2018-07-01,IN37,23,7,1
2018-07-01,IN38,14,0,0
2018-07-01,IN39,77,22,1
2018-07-02,IN00,101,17,0
2018-07-02,IN01,5,1,0
2018-07-02,IN02,242,80,7
2018-07-02,IN03,85,32,4
2018-07-02,IN06,8,5,4
2018-07-02,IN07,1280,364,27
2018-07-02,IN09,172,54,4
2018-07-02,IN10,83,22,0
2018-07-02,IN11,16,2,0
2018-07-02,IN12,414,115,8
2018-07-02,IN13,316,150,8
2018-07-02,IN14,13,3,0
2018-07-02,IN16,846,336,17
2018-07-02,IN17,66,23,0
2018-07-02,IN18,3,2,0
2018-07-02,IN19,380,89,6
2018-07-02,IN20,15,0,0
2018-07-02,IN21,111,19,2
2018-07-02,IN22,9,3,1
2018-07-02,IN23,115,63,3
2018-07-02,IN24,137,25,1
2018-07-02,IN25,279,82,3
2018-07-02,IN26,86,57,8
2018-07-02,IN28,238,78,5
2018-07-02,IN30,5,1,0
2018-07-02,IN33,4,1,0
2018-07-02,IN34,141,59,1
2018-07-02,IN35,236,104,1
2018-07-02,IN36,659,167,4
2018-07-02,IN37,55,19,0
2018-07-02,IN38,19,5,0
2018-07-02,IN39,62,22,0
2018-07-03,IN00,80,18,0
2018-07-03,IN01,12,1,0
2018-07-03,IN02,240,58,3
2018-07-03,IN03,50,16,4
2018-07-03,IN06,2,0,0
2018-07-03,IN07,1448,416,29
2018-07-03,IN09,213,99,4
2018-07-03,IN10,91,24,0
2018-07-03,IN11,19,6,0
2018-07-03,IN12,391,123,1
2018-07-03,IN13,351,113,1
2018-07-03,IN14,3,2,0
2018-07-03,IN16,1136,350,14
2018-07-03,IN17,10,2,0
2018-07-03,IN18,9,0,0
2018-07-03,IN19,437,107,7
2018-07-03,IN20,21,1,0
2018-07-03,IN21,73,23,0
2018-07-03,IN22,21,1,0
2018-07-03,IN23,108,54,6
2018-07-03,IN24,159,55,1
2018-07-03,IN25,312,101,9
2018-07-03,IN26,79,25,1
2018-07-03,IN28,292,64,1
2018-07-03,IN30,4,1,0
2018-07-03,IN31,8,2,0
2018-07-03,IN33,21,9,0
2018-07-03,IN34,224,41,0
2018-07-03,IN35,253,98,1
2018-07-03,IN36,525,129,6
2018-07-03,IN37,54,14,2
2018-07-03,IN38,35,22,0
2018-07-03,IN39,88,12,0
2018-07-04,IN00,87,26,0
2018-07-04,IN01,3,0,0
2018-07-04,IN02,319,90,6
2018-07-04,IN03,56,11,3
2018-07-04,IN07,1541,411,29
2018-07-04,IN09,158,48,4
2018-07-04,IN10,74,37,0
2018-07-04,IN11,22,6,0
2018-07-04,IN12,263,82,5
2018-07-04,IN13,275,98,0
2018-07-04,IN14,6,2,0
2018-07-04,IN16,860,250,10
2018-07-04,IN17,26,9,0
2018-07-04,IN18,4,1,0
2018-07-04,IN19,441,77,3
2018-07-04,IN20,36,4,0
2018-07-04,IN21,63,16,3
2018-07-04,IN22,45,14,0
2018-07-04,IN23,74,37,0
2018-07-04,IN24,71,28,0
2018-07-04,IN25,373,89,3
2018-07-04,IN26,93,38,3
2018-07-04,IN28,166,26,3
2018-07-04,IN30,6,4,0
2018-07-04,IN31,1,0,0
2018-07-04,IN33,25,13,1
2018-07-04,IN34,139,40,0
2018-07-04,IN35,219,79,2
2018-07-04,IN36,739,233,10
2018-07-04,IN37,35,10,0
2018-07-04,IN38,18,9,0
2018-07-04,IN39,48,8,0
2018-07-05,IN00,68,19,0
2018-07-05,IN01,2,0,0
2018-07-05,IN02,266,69,1
2018-07-05,IN03,31,7,0
2018-07-05,IN06,17,1,0
2018-07-05,IN07,1671,444,15
2018-07-05,IN09,264,102,1
2018-07-05,IN10,110,40,1
2018-07-05,IN11,41,1,0
2018-07-05,IN12,228,97,7
2018-07-05,IN13,192,86,3
2018-07-05,IN16,1046,324,21
2018-07-05,IN17,14,5,0
2018-07-05,IN18,23,4,0
2018-07-05,IN19,519,137,3
2018-07-05,IN20,7,0,0
2018-07-05,IN21,98,26,6
2018-07-05,IN22,37,22,1
2018-07-05,IN23,95,35,1
2018-07-05,IN24,115,31,0
2018-07-05,IN25,334,76,2
2018-07-05,IN26,54,19,0
2018-07-05,IN28,264,89,18
2018-07-05,IN30,10,7,0
2018-07-05,IN31,3,1,0
2018-07-05,IN33,23,4,0
2018-07-05,IN34,128,43,0
2018-07-05,IN35,242,88,6
2018-07-05,IN36,580,148,9
2018-07-05,IN37,43,21,0
2018-07-05,IN38,108,29,4
2018-07-05,IN39,45,14,1
2018-07-06,IN00,94,32,0
2018-07-06,IN01,12,1,0
2018-07-06,IN02,293,55,1
2018-07-06,IN03,67,18,3
2018-07-06,IN07,1303,391,22
2018-07-06,IN09,189,61,0
2018-07-06,IN10,155,39,1
2018-07-06,IN11,9,3,0
2018-07-06,IN12,401,187,4
2018-07-06,IN13,139,43,3
2018-07-06,IN14,4,0,0
2018-07-06,IN16,956,276,8
2018-07-06,IN17,39,7,0
2018-07-06,IN19,379,99,9
2018-07-06,IN20,9,2,0
2018-07-06,IN21,84,12,1
2018-07-06,IN22,10,3,0
2018-07-06,IN23,71,31,0
2018-07-06,IN24,182,40,4
2018-07-06,IN25,278,73,8
2018-07-06,IN26,46,17,0
2018-07-06,IN28,228,62,11
2018-07-06,IN30,3,2,0
2018-07-06,IN32,1,1,0
2018-07-06,IN33,41,16,0
2018-07-06,IN34,189,77,1
2018-07-06,IN35,191,46,5
2018-07-06,IN36,531,192,16
2018-07-06,IN37,47,16,0
2018-07-06,IN38,88,28,0
2018-07-06,IN39,72,15,0
2018-07-07,IN00,69,15,1
2018-07-07,IN01,5,4,0
2018-07-07,IN02,274,85,7
2018-07-07,IN03,19,2,0
2018-07-07,IN06,3,0,0
2018-07-07,IN07,1185,350,9
2018-07-07,IN09,166,67,2
2018-07-07,IN10,67,17,1
2018-07-07,IN11,16,0,0
2018-07-07,IN12,394,189,18
2018-07-07,IN13,161,60,7
2018-07-07,IN16,672,193,6
2018-07-07,IN17,17,6,2
2018-07-07,IN18,10,3,0
2018-07-07,IN19,253,81,9
2018-07-07,IN20,8,2,0
2018-07-07,IN21,82,7,1
2018-07-07,IN22,23,1,0
2018-07-07,IN23,92,37,1
2018-07-07,IN24,373,115,2
2018-07-07,IN25,185,68,0
2018-07-07,IN26,17,4,0
2018-07-07,IN28,189,56,11
2018-07-07,IN31,5,2,0
2018-07-07,IN33,44,14,0
2018-07-07,IN34,210,75,1
2018-07-07,IN35,175,58,10
2018-07-07,IN36,395,145,4
2018-07-07,IN37,66,22,2
2018-07-07,IN38,119,45,2
2018-07-07,IN39,38,14,0
2018-07-08,IN00,43,9,0
2018-07-08,IN01,9,3,0
2018-07-08,IN02,426,142,0
2018-07-08,IN03,7,0,0
2018-07-08,IN07,1077,300,18
2018-07-08,IN09,137,45,7
2018-07-08,IN10,59,15,0
2018-07-08,IN11,12,6,0
2018-07-08,IN12,345,113,16
2018-07-08,IN13,92,27,0
2018-07-08,IN14,5,2,0
2018-07-08,IN16,553,161,1
2018-07-08,IN17,22,10,0
2018-07-08,IN18,2,0,0
2018-07-08,IN19,260,76,9
2018-07-08,IN20,18,4,0
2018-07-08,IN21,50,6,0
2018-07-08,IN22,18,3,0
2018-07-08,IN23,88,13,0
2018-07-08,IN24,247,86,0
2018-07-08,IN25,364,83,2
2018-07-08,IN26,21,14,7
2018-07-08,IN28,119,32,5
2018-07-08,IN30,1,1,0
2018-07-08,IN33,45,1,0
2018-07-08,IN34,189,62,2
2018-07-08,IN35,140,43,0
2018-07-08,IN36,389,135,1
2018-07-08,IN37,42,18,0
2018-07-08,IN38,51,9,0
2018-07-08,IN39,27,4,0
2018-07-09,IN00,169,89,0
2018-07-09,IN01,2,2,0
2018-07-09,IN02,451,128,4
2018-07-09,IN03,33,10,1
2018-07-09,IN05,1,0,0
2018-07-09,IN06,4,2,0
2018-07-09,IN07,1637,457,15
2018-07-09,IN09,176,46,3
2018-07-09,IN10,75,22,1
2018-07-09,IN11,3,0,0
2018-07-09,IN12,452,177,13
2018-07-09,IN13,127,34,0
2018-07-09,IN14,3,2,0
2018-07-09,IN16,918,318,6
2018-07-09,IN17,7,5,0
2018-07-09,IN18,18,5,0
2018-07-09,IN19,340,74,4
2018-07-09,IN20,21,3,0
2018-07-09,IN21,67,12,0
2018-07-09,IN22,18,3,0
2018-07-09,IN23,118,31,0
2018-07-09,IN24,174,48,1
2018-07-09,IN25,545,125,12
2018-07-09,IN26,57,15,0
2018-07-09,IN28,229,53,18
2018-07-09,IN30,4,1,0
2018-07-09,IN31,3,1,0
2018-07-09,IN33,22,4,0
2018-07-09,IN34,290,101,6
2018-07-09,IN35,116,40,2
2018-07-09,IN36,773,304,2
2018-07-09,IN37,65,25,3
2018-07-09,IN38,37,11,2
2018-07-09,IN39,45,13,0
2018-07-10,IN00,122,50,3
2018-07-10,IN01,16,3,0
2018-07-10,IN02,255,65,4
2018-07-10,IN03,19,10,0
2018-07-10,IN06,3,0,0
2018-07-10,IN07,1349,359,12
2018-07-10,IN09,240,47,0
2018-07-10,IN10,48,20,0
2018-07-10,IN11,3,0,0
2018-07-10,IN12,288,135,2
2018-07-10,IN13,194,69,2
2018-07-10,IN14,2,1,0
2018-07-10,IN16,946,199,9
2018-07-10,IN17,65,15,3
2018-07-10,IN18,8,2,0
2018-07-10,IN19,388,90,5
2018-07-10,IN20,8,0,0
2018-07-10,IN21,50,7,0
2018-07-10,IN22,15,3,0
2018-07-10,IN23,80,32,3
2018-07-10,IN24,145,37,1
2018-07-10,IN25,407,114,3
2018-07-10,IN26,22,8,0
2018-07-10,IN28,263,111,14
2018-07-10,IN30,1,0,0
2018-07-10,IN31,8,4,0
2018-07-10,IN33,8,3,1
2018-07-10,IN34,222,64,0
2018-07-10,IN35,127,40,1
2018-07-10,IN36,633,208,7
2018-07-10,IN37,35,8,0
2018-07-10,IN38,35,7,0
2018-07-10,IN39,46,20,0
2018-07-11,IN00,122,46,1
2018-07-11,IN01,9,1,0
2018-07-11,IN02,334,107,7
2018-07-11,IN03,44,20,0
2018-07-11,IN07,1472,420,9
2018-07-11,IN09,145,36,0
2018-07-11,IN10,131,56,2
2018-07-11,IN11,14,6,0
2018-07-11,IN12,238,139,1
2018-07-11,IN13,231,109,0
2018-07-11,IN16,905,252,13
2018-07-11,IN17,21,10,0
2018-07-11,IN18,4,1,0
2018-07-11,IN19,337,64,7
2018-07-11,IN20,8,2,0
2018-07-11,IN21,70,15,0
2018-07-11,IN22,7,1,0
2018-07-11,IN23,119,48,4
2018-07-11,IN24,195,59,3
2018-07-11,IN25,315,89,0
2018-07-11,IN26,16,8,0
2018-07-11,IN28,143,49,10
2018-07-11,IN31,1,0,0
2018-07-11,IN33,29,6,0
2018-07-11,IN34,203,50,1
2018-07-11,IN35,171,62,0
2018-07-11,IN36,591,258,11
2018-07-11,IN37,37,14,0
2018-07-11,IN38,63,18,0
2018-07-11,IN39,54,20,2
2018-07-12,IN00,49,4,0
2018-07-12,IN01,5,0,0
2018-07-12,IN02,373,77,3
2018-07-12,IN03,43,13,0
2018-07-12,IN05,1,1,0
2018-07-12,IN06,1,0,0
2018-07-12,IN07,1714,449,17
2018-07-12,IN09,191,33,0
2018-07-12,IN10,138,44,1
2018-07-12,IN11,32,10,0
2018-07-12,IN12,235,80,1
2018-07-12,IN13,303,136,0
2018-07-12,IN16,905,275,23
2018-07-12,IN17,50,19,6
2018-07-12,IN18,2,0,0
2018-07-12,IN19,279,56,8
2018-07-12,IN20,25,5,0
2018-07-12,IN21,52,8,0
2018-07-12,IN22,1,1,0
2018-07-12,IN23,88,26,3
2018-07-12,IN24,157,58,4
2018-07-12,IN25,198,47,3
2018-07-12,IN26,32,6,1
2018-07-12,IN28,237,66,1
2018-07-12,IN30,1,0,0
2018-07-12,IN31,22,0,0
2018-07-12,IN33,30,11,2
2018-07-12,IN34,737,102,0
2018-07-12,IN35,223,57,4
2018-07-12,IN36,567,207,19
2018-07-12,IN37,39,10,1
2018-07-12,IN38,105,26,0
2018-07-12,IN39,46,13,0
2018-07-13,IN00,61,9,0
2018-07-13,IN01,2,0,0
2018-07-13,IN02,386,46,6
2018-07-13,IN03,70,19,0
2018-07-13,IN06,2,0,0
2018-07-13,IN07,1427,397,19
2018-07-13,IN09,225,68,0
2018-07-13,IN10,85,26,2
2018-07-13,IN11,19,2,0
2018-07-13,IN12,424,191,13
2018-07-13,IN13,144,53,0
2018-07-13,IN14,2,0,0
2018-07-13,IN16,770,236,7
2018-07-13,IN17,20,2,0
2018-07-13,IN19,322,91,7
2018-07-13,IN20,17,1,0
2018-07-13,IN21,81,21,1
2018-07-13,IN22,5,1,0
2018-07-13,IN23,92,35,1
2018-07-13,IN24,132,47,2
2018-07-13,IN25,316,100,4
2018-07-13,IN26,1,0,0
2018-07-13,IN28,150,41,3
2018-07-13,IN33,20,7,0
2018-07-13,IN34,363,88,3
2018-07-13,IN35,323,67,0
2018-07-13,IN36,653,169,9
2018-07-13,IN37,38,6,0
2018-07-13,IN38,78,18,0
2018-07-13,IN39,38,11,0
2018-07-14,IN00,68,15,1
2018-07-14,IN01,14,4,2
2018-07-14,IN02,350,92,5
2018-07-14,IN03,43,24,0
2018-07-14,IN05,2,2,0
2018-07-14,IN07,903,230,12
2018-07-14,IN09,308,87,2
2018-07-14,IN10,29,3,0
2018-07-14,IN11,3,0,0
2018-07-14,IN12,294,106,5
2018-07-14,IN13,157,58,3
2018-07-14,IN16,581,168,6
2018-07-14,IN17,10,2,0
2018-07-14,IN19,228,50,2
2018-07-14,IN20,24,5,0
2018-07-14,IN21,64,15,0
2018-07-14,IN23,84,41,8
2018-07-14,IN24,145,49,5
2018-07-14,IN25,240,61,1
2018-07-14,IN26,9,0,0
2018-07-14,IN28,239,64,9
2018-07-14,IN30,1,1,0
2018-07-14,IN31,4,1,0
2018-07-14,IN33,9,2,0
2018-07-14,IN34,221,52,1
2018-07-14,IN35,227,49,0
2018-07-14,IN36,746,224,9
2018-07-14,IN37,47,11,0
2018-07-14,IN38,44,16,0
2018-07-14,IN39,17,8,0
2018-07-15,IN00,49,18,0
2018-07-15,IN02,232,48,1
2018-07-15,IN03,39,21,0
2018-07-15,IN05,1,1,0
2018-07-15,IN07,688,145,4
2018-07-15,IN09,165,58,0
2018-07-15,IN10,87,24,1
2018-07-15,IN12,107,31,1
2018-07-15,IN13,64,20,0
2018-07-15,IN16,417,113,3
2018-07-15,IN19,298,77,4
2018-07-15,IN20,5,5,0
2018-07-15,IN21,35,7,0
2018-07-15,IN23,46,23,2
2018-07-15,IN24,233,57,8
2018-07-15,IN25,179,49,0
2018-07-15,IN26,9,1,0
2018-07-15,IN28,114,22,0
2018-07-15,IN30,1,1,0
2018-07-15,IN33,7,0,0
2018-07-15,IN34,103,22,0
2018-07-15,IN35,197,49,0
2018-07-15,IN36,619,154,1
2018-07-15,IN37,65,19,0
2018-07-15,IN38,36,16,0
2018-07-15,IN39,26,11,0
2018-07-16,IN00,75,13,0
2018-07-16,IN01,1,0,0
2018-07-16,IN02,394,124,9
2018-07-16,IN03,69,19,0
2018-07-16,IN07,1173,289,7
2018-07-16,IN09,146,51,2
2018-07-16,IN10,85,25,1
2018-07-16,IN11,15,5,0
2018-07-16,IN12,206,87,6
2018-07-16,IN13,167,78,7
2018-07-16,IN14,4,0,0
2018-07-16,IN16,957,301,28
2018-07-16,IN17,19,3,0
2018-07-16,IN18,11,3,0
2018-07-16,IN19,456,123,4
2018-07-16,IN20,18,4,0
2018-07-16,IN21,68,18,1
2018-07-16,IN22,15,7,0
2018-07-16,IN23,85,28,2
2018-07-16,IN24,242,77,5
2018-07-16,IN25,286,74,3
2018-07-16,IN26,69,7,0
2018-07-16,IN28,317,88,10
2018-07-16,IN31,12,0,0
2018-07-16,IN33,10,2,0
2018-07-16,IN34,218,34,2
2018-07-16,IN35,155,60,3
2018-07-16,IN36,503,142,6
2018-07-16,IN37,60,15,0
2018-07-16,IN38,42,20,0
2018-07-16,IN39,60,27,1
2018-07-17,IN00,84,18,0
2018-07-17,IN02,275,102,15
2018-07-17,IN03,45,7,1
2018-07-17,IN06,3,0,0
2018-07-17,IN07,1260,329,15
2018-07-17,IN09,171,39,3
2018-07-17,IN10,120,48,2
2018-07-17,IN11,11,0,0
2018-07-17,IN12,326,120,7
2018-07-17,IN13,221,94,4
2018-07-17,IN16,757,241,40
2018-07-17,IN17,3,0,0
2018-07-17,IN18,9,6,0
2018-07-17,IN19,497,142,10
2018-07-17,IN20,41,17,0
2018-07-17,IN21,46,15,0
2018-07-17,IN22,3,1,0
2018-07-17,IN23,69,28,4
2018-07-17,IN24,296,93,9
2018-07-17,IN25,405,170,3
2018-07-17,IN26,46,5,1
2018-07-17,IN28,283,85,11
2018-07-17,IN30,6,1,0
2018-07-17,IN31,1,0,0
2018-07-17,IN33,29,3,0
2018-07-17,IN34,260,101,0
2018-07-17,IN35,143,46,6
2018-07-17,IN36,553,160,14
2018-07-17,IN37,50,13,1
2018-07-17,IN38,100,41,0
2018-07-17,IN39,51,14,0
2018-07-18,IN00,104,22,2
2018-07-18,IN01,8,5,0
2018-07-18,IN02,304,59,2
2018-07-18,IN03,53,13,0
2018-07-18,IN06,4,0,0
2018-07-18,IN07,1321,397,37
2018-07-18,IN09,214,55,5
2018-07-18,IN10,110,34,3
2018-07-18,IN11,13,8,0
2018-07-18,IN12,269,116,5
2018-07-18,IN13,393,208,15
2018-07-18,IN16,861,253,13
2018-07-18,IN17,3,0,0
2018-07-18,IN18,4,0,0
2018-07-18,IN19,414,91,7
2018-07-18,IN20,21,1,0
2018-07-18,IN21,75,17,2
2018-07-18,IN22,14,5,1
2018-07-18,IN23,99,35,0
2018-07-18,IN24,165,37,1
2018-07-18,IN25,491,201,16
2018-07-18,IN26,16,3,0
2018-07-18,IN28,268,79,12
2018-07-18,IN30,3,0,0
2018-07-18,IN31,5,2,0
2018-07-18,IN33,26,13,0
2018-07-18,IN34,213,88,1
2018-07-18,IN35,169,61,8
2018-07-18,IN36,677,179,7
2018-07-18,IN37,86,19,1
2018-07-18,IN38,112,50,2
2018-07-18,IN39,51,17,0
2018-07-19,IN00,81,12,2
2018-07-19,IN01,9,1,0
2018-07-19,IN02,321,106,25
2018-07-19,IN03,52,23,0
2018-07-19,IN05,1,0,0
2018-07-19,IN06,11,3,0
2018-07-19,IN07,1389,371,28
2018-07-19,IN09,160,48,2
2018-07-19,IN10,97,36,2
2018-07-19,IN11,25,12,0
2018-07-19,IN12,240,85,1
2018-07-19,IN13,240,101,5
2018-07-19,IN14,3,0,0
2018-07-19,IN16,869,247,47
2018-07-19,IN17,8,6,1
2018-07-19,IN18,7,0,0
2018-07-19,IN19,382,125,0
2018-07-19,IN20,20,1,0
2018-07-19,IN21,111,40,1
2018-07-19,IN22,12,4,0
2018-07-19,IN23,186,62,1
2018-07-19,IN24,297,75,6
2018-07-19,IN25,413,153,5
2018-07-19,IN26,17,3,0
2018-07-19,IN28,267,61,13
2018-07-19,IN30,3,2,0
2018-07-19,IN31,13,0,0
2018-07-19,IN33,23,15,0
2018-07-19,IN34,190,81,5
2018-07-19,IN35,228,79,6
2018-07-19,IN36,482,172,6
2018-07-19,IN37,75,22,0
2018-07-19,IN38,81,30,1
2018-07-19,IN39,79,23,0
2018-07-20,IN00,164,47,7
2018-07-20,IN01,4,0,0
2018-07-20,IN02,390,126,7
2018-07-20,IN03,78,41,8
2018-07-20,IN05,4,4,0
2018-07-20,IN06,4,0,0
2018-07-20,IN07,1413,417,16
2018-07-20,IN09,153,38,3
2018-07-20,IN10,78,45,0
2018-07-20,IN11,29,0,0
2018-07-20,IN12,154,59,2
2018-07-20,IN13,110,38,1
2018-07-20,IN14,1,0,0
2018-07-20,IN16,804,276,13
2018-07-20,IN17,3,3,1
2018-07-20,IN18,4,0,0
2018-07-20,IN19,315,101,2
2018-07-20,IN20,33,9,0
2018-07-20,IN21,134,48,1
2018-07-20,IN22,17,1,0
2018-07-20,IN23,123,29,4
2018-07-20,IN24,336,122,11
2018-07-20,IN25,323,104,13
2018-07-20,IN26,32,4,0
2018-07-20,IN28,195,49,2
2018-07-20,IN30,3,2,0
2018-07-20,IN31,16,7,0
2018-07-20,IN33,21,6,0
2018-07-20,IN34,115,39,3
2018-07-20,IN35,122,34,1
2018-07-20,IN36,468,169,6
2018-07-20,IN37,47,21,1
2018-07-20,IN38,38,6,0
2018-07-20,IN39,66,13,1
2018-07-21,IN00,62,19,0
2018-07-21,IN01,6,3,0
2018-07-21,IN02,268,80,8
2018-07-21,IN03,16,1,0
2018-07-21,IN05,5,4,0
2018-07-21,IN06,2,2,0
2018-07-21,IN07,979,257,16
2018-07-21,IN09,106,28,0
2018-07-21,IN10,154,74,4
2018-07-21,IN11,39,15,0
2018-07-21,IN12,174,99,3
2018-07-21,IN13,214,56,0
2018-07-21,IN16,641,204,3
2018-07-21,IN17,2,2,0
2018-07-21,IN19,203,60,5
2018-07-21,IN20,15,2,0
2018-07-21,IN21,45,11,0
2018-07-21,IN23,104,45,1
2018-07-21,IN24,392,149,3
2018-07-21,IN25,288,90,17
2018-07-21,IN26,23,9,0
2018-07-21,IN28,239,76,14
2018-07-21,IN30,2,0,0
2018-07-21,IN31,14,6,0
2018-07-21,IN33,6,1,0
2018-07-21,IN34,128,47,3
2018-07-21,IN35,143,42,3
2018-07-21,IN36,427,124,5
2018-07-21,IN37,56,13,0
2018-07-21,IN38,11,2,1
2018-07-21,IN39,41,11,0
2018-07-22,IN00,76,25,3
2018-07-22,IN01,8,0,0
2018-07-22,IN02,193,62,0
2018-07-22,IN03,20,6,1
2018-07-22,IN05,1,1,0
2018-07-22,IN07,852,213,11
2018-07-22,IN09,165,45,0
2018-07-22,IN10,125,50,2
2018-07-22,IN11,17,6,0
2018-07-22,IN12,245,138,5
2018-07-22,IN13,151,61,0
2018-07-22,IN16,694,245,22
2018-07-22,IN17,14,0,0
2018-07-22,IN18,3,1,0
2018-07-22,IN19,201,53,5
2018-07-22,IN20,25,6,2
2018-07-22,IN21,60,14,4
2018-07-22,IN22,19,6,0
2018-07-22,IN23,78,37,2
2018-07-22,IN24,330,123,1
2018-07-22,IN25,163,54,4
2018-07-22,IN26,12,6,0
2018-07-22,IN28,159,39,15
2018-07-22,IN31,7,0,0
2018-07-22,IN33,24,5,1
2018-07-22,IN34,110,38,1
2018-07-22,IN35,156,45,0
2018-07-22,IN36,341,127,4
2018-07-22,IN37,47,8,0
2018-07-22,IN38,69,44,0
2018-07-22,IN39,41,11,0
2018-07-23,IN00,138,36,7
2018-07-23,IN01,8,0,0
2018-07-23,IN02,245,64,5
2018-07-23,IN03,19,7,0
2018-07-23,IN06,2,0,0
2018-07-23,IN07,1256,337,30
2018-07-23,IN09,187,51,0
2018-07-23,IN10,109,51,2
2018-07-23,IN11,27,12,2
2018-07-23,IN12,124,64,4
2018-07-23,IN13,160,64,3
2018-07-23,IN14,6,0,0
2018-07-23,IN16,973,340,38
2018-07-23,IN17,6,0,0
2018-07-23,IN18,4,1,0
2018-07-23,IN19,326,134,4
2018-07-23,IN20,27,6,0
2018-07-23,IN21,69,10,0
2018-07-23,IN22,11,1,0
2018-07-23,IN23,96,34,3
2018-07-23,IN24,524,236,10
2018-07-23,IN25,262,73,8
2018-07-23,IN26,24,10,5
2018-07-23,IN28,163,40,10
2018-07-23,IN30,5,2,0
2018-07-23,IN31,4,3,0
2018-07-23,IN33,30,12,0
2018-07-23,IN34,230,138,8
2018-07-23,IN35,212,79,19
2018-07-23,IN36,474,118,9
2018-07-23,IN37,27,6,0
2018-07-23,IN38,27,13,0
2018-07-23,IN39,44,13,0
2018-07-24,IN00,162,38,6
2018-07-24,IN01,3,0,0
2018-07-24,IN02,317,80,20
2018-07-24,IN03,59,18,3
2018-07-24,IN07,1380,381,38
2018-07-24,IN09,224,85,7
2018-07-24,IN10,110,28,1
2018-07-24,IN11,27,9,1
2018-07-24,IN12,175,70,1
2018-07-24,IN13,209,71,4
2018-07-24,IN14,3,1,0
2018-07-24,IN16,1421,521,77
2018-07-24,IN17,6,1,0
2018-07-24,IN19,410,109,4
2018-07-24,IN20,14,4,1
2018-07-24,IN21,46,9,4
2018-07-24,IN22,14,3,0
2018-07-24,IN23,55,18,0
2018-07-24,IN24,560,227,21
2018-07-24,IN25,282,85,2
2018-07-24,IN26,66,25,8
2018-07-24,IN28,164,47,12
2018-07-24,IN29,1,0,0
2018-07-24,IN31,9,2,0
2018-07-24,IN33,35,14,0
2018-07-24,IN34,255,128,10
2018-07-24,IN35,149,58,2
2018-07-24,IN36,409,123,4
2018-07-24,IN37,67,17,0
2018-07-24,IN38,62,19,4
2018-07-24,IN39,61,14,2
2018-07-25,IN00,112,32,5
2018-07-25,IN01,8,0,0
2018-07-25,IN02,315,74,3
2018-07-25,IN03,94,20,4
2018-07-25,IN06,5,0,0
2018-07-25,IN07,1265,365,16
2018-07-25,IN09,151,52,0
2018-07-25,IN10,76,19,0
2018-07-25,IN11,18,2,0
2018-07-25,IN12,251,127,2
2018-07-25,IN13,256,105,5
2018-07-25,IN14,13,0,0
2018-07-25,IN16,1367,623,87
2018-07-25,IN17,19,1,0
2018-07-25,IN18,14,0,0
2018-07-25,IN19,426,126,4
2018-07-25,IN20,31,1,0
2018-07-25,IN21,52,16,3
2018-07-25,IN22,15,0,0
2018-07-25,IN23,89,55,11
2018-07-25,IN24,280,113,5
2018-07-25,IN25,321,93,7
2018-07-25,IN26,30,15,5
2018-07-25,IN28,220,58,5
2018-07-25,IN30,14,7,1
2018-07-25,IN31,7,5,0
2018-07-25,IN33,62,22,0
2018-07-25,IN34,185,49,6
2018-07-25,IN35,168,49,1
2018-07-25,IN36,426,137,9
2018-07-25,IN37,102,14,2
2018-07-25,IN38,26,8,0
2018-07-25,IN39,63,24,2
2018-07-26,IN00,172,51,5
2018-07-26,IN01,9,3,0
2018-07-26,IN02,215,70,4
2018-07-26,IN03,46,7,0
2018-07-26,IN05,4,1,0
2018-07-26,IN06,3,0,0
2018-07-26,IN07,1301,338,21
2018-07-26,IN09,200,72,1
2018-07-26,IN10,100,29,2
2018-07-26,IN11,24,5,0
2018-07-26,IN12,235,68,0
2018-07-26,IN13,314,169,0
2018-07-26,IN14,6,0,0
2018-07-26,IN16,1038,402,37
2018-07-26,IN17,16,4,2
2018-07-26,IN18,5,1,0
2018-07-26,IN19,472,128,6
2018-07-26,IN20,41,11,0
2018-07-26,IN21,73,25,1
2018-07-26,IN22,18,2,0
2018-07-26,IN23,86,25,0
2018-07-26,IN24,280,88,8
2018-07-26,IN25,387,128,7
2018-07-26,IN26,16,4,1
2018-07-26,IN28,195,42,0
2018-07-26,IN29,2,0,0
2018-07-26,IN30,29,3,0
2018-07-26,IN33,48,6,0
2018-07-26,IN34,348,141,9
2018-07-26,IN35,190,72,3
2018-07-26,IN36,474,115,0
2018-07-26,IN37,63,19,2
2018-07-26,IN38,21,6,0
2018-07-26,IN39,33,7,0
2018-07-27,IN00,151,45,1
2018-07-27,IN01,5,1,0
2018-07-27,IN02,298,47,8
2018-07-27,IN03,56,12,2
2018-07-27,IN06,2,0,0
2018-07-27,IN07,1021,294,13
2018-07-27,IN09,247,91,5
2018-07-27,IN10,61,19,2
2018-07-27,IN11,17,6,0
2018-07-27,IN12,220,62,4
2018-07-27,IN13,281,104,7
2018-07-27,IN14,2,0,0
2018-07-27,IN16,1021,379,31
2018-07-27,IN17,12,4,4
2018-07-27,IN18,13,3,0
2018-07-27,IN19,394,140,3
2018-07-27,IN20,33,11,0
2018-07-27,IN21,98,36,0
2018-07-27,IN22,19,2,0
2018-07-27,IN23,118,53,4
2018-07-27,IN24,261,70,8
2018-07-27,IN25,381,93,1
2018-07-27,IN26,35,17,1
2018-07-27,IN28,179,32,2
2018-07-27,IN30,3,0,0
2018-07-27,IN32,1,0,0
2018-07-27,IN33,19,4,0
2018-07-27,IN34,198,55,3
2018-07-27,IN35,134,32,3
2018-07-27,IN36,431,130,3
2018-07-27,IN37,62,21,0
2018-07-27,IN38,16,3,0
2018-07-27,IN39,57,12,0
2018-07-28,IN00,152,31,2
2018-07-28,IN01,4,0,0
2018-07-28,IN02,290,77,6
2018-07-28,IN03,26,7,0
2018-07-28,IN06,3,0,0
2018-07-28,IN07,837,182,10
2018-07-28,IN09,158,68,5
2018-07-28,IN10,100,28,1
2018-07-28,IN11,11,6,2
2018-07-28,IN12,288,101,7
2018-07-28,IN13,237,94,1
2018-07-28,IN16,797,233,6
2018-07-28,IN17,4,4,0
2018-07-28,IN18,5,0,0
2018-07-28,IN19,299,96,8
2018-07-28,IN20,38,4,0
2018-07-28,IN21,111,23,3
2018-07-28,IN22,16,3,0
2018-07-28,IN23,39,9,0
2018-07-28,IN24,166,41,2
2018-07-28,IN25,400,101,1
2018-07-28,IN26,20,8,0
2018-07-28,IN28,234,66,4
2018-07-28,IN31,4,1,0
2018-07-28,IN33,19,2,0
2018-07-28,IN34,204,83,8
2018-07-28,IN35,175,64,2
2018-07-28,IN36,495,142,5
2018-07-28,IN37,34,11,0
2018-07-28,IN38,24,4,0
2018-07-28,IN39,47,14,1
2018-07-29,IN00,112,42,1
2018-07-29,IN01,2,0,0
2018-07-29,IN02,198,45,4
2018-07-29,IN03,62,13,1
2018-07-29,IN07,701,173,8
2018-07-29,IN09,160,54,6
2018-07-29,IN10,114,30,0
2018-07-29,IN11,17,2,0
2018-07-29,IN12,183,69,6
2018-07-29,IN13,136,58,0
2018-07-29,IN16,747,220,18
2018-07-29,IN17,7,5,0
2018-07-29,IN18,5,2,0
2018-07-29,IN19,228,74,7
2018-07-29,IN20,27,11,0
2018-07-29,IN21,37,6,2
2018-07-29,IN22,4,1,0
2018-07-29,IN23,77,17,1
2018-07-29,IN24,101,27,1
2018-07-29,IN25,341,91,5
2018-07-29,IN26,13,7,0
2018-07-29,IN28,212,76,6
2018-07-29,IN30,7,0,0
2018-07-29,IN33,12,5,0
2018-07-29,IN34,208,80,5
2018-07-29,IN35,133,42,3
2018-07-29,IN36,481,163,9
2018-07-29,IN37,30,9,0
2018-07-29,IN38,11,0,0
2018-07-29,IN39,46,11,0
2018-07-30,IN00,119,36,0
2018-07-30,IN01,8,3,0
2018-07-30,IN02,230,49,5
2018-07-30,IN03,290,93,5
2018-07-30,IN05,1,0,0
2018-07-30,IN06,6,1,0
2018-07-30,IN07,1166,321,12
2018-07-30,IN09,250,91,1
2018-07-30,IN10,130,40,3
2018-07-30,IN11,20,2,0
2018-07-30,IN12,244,109,3
2018-07-30,IN13,279,99,7
2018-07-30,IN14,2,2,0
2018-07-30,IN16,1039,371,42
2018-07-30,IN17,4,0,0
2018-07-30,IN18,9,2,0
2018-07-30,IN19,342,99,2
2018-07-30,IN20,42,19,0
2018-07-30,IN21,71,15,1
2018-07-30,IN22,5,2,0
2018-07-30,IN23,106,38,1
2018-07-30,IN24,296,100,14
2018-07-30,IN25,547,102,11
2018-07-30,IN26,32,6,1
2018-07-30,IN28,171,43,2
2018-07-30,IN30,1,0,0
2018-07-30,IN31,5,0,0
2018-07-30,IN33,14,5,0
2018-07-30,IN34,234,95,18
2018-07-30,IN35,188,65,3
2018-07-30,IN36,574,143,5
2018-07-30,IN37,29,11,2
2018-07-30,IN38,26,6,0
2018-07-30,IN39,64,14,0
2018-07-31,IN00,131,39,1
2018-07-31,IN02,351,113,9
2018-07-31,IN03,187,64,3
2018-07-31,IN06,3,1,0
2018-07-31,IN07,1444,434,31
2018-07-31,IN09,199,73,5
2018-07-31,IN10,73,31,0
2018-07-31,IN11,17,3,0
2018-07-31,IN12,223,84,0
2018-07-31,IN13,196,66,2
2018-07-31,IN14,3,2,0
2018-07-31,IN16,1021,365,43
2018-07-31,IN17,10,4,0
2018-07-31,IN18,28,7,0
2018-07-31,IN19,372,107,8
2018-07-31,IN20,25,3,0
2018-07-31,IN21,68,13,2
2018-07-31,IN22,4,1,0
2018-07-31,IN23,111,39,1
2018-07-31,IN24,215,72,6
2018-07-31,IN25,624,143,19
2018-07-31,IN26,56,13,1
2018-07-31,IN28,178,28,1
2018-07-31,IN31,7,3,0
2018-07-31,IN33,26,9,0
2018-07-31,IN34,270,93,19
2018-07-31,IN35,218,60,6
2018-07-31,IN36,431,133,7
2018-07-31,IN37,40,7,0
2018-07-31,IN38,42,13,0
2018-07-31,IN39,59,16,1
2018-08-01,IN00,118,26,1
2018-08-01,IN01,4,0,0
2018-08-01,IN02,351,103,6
2018-08-01,IN03,131,30,1
2018-08-01,IN06,3,0,0
2018-08-01,IN07,1482,470,39
2018-08-01,IN09,144,46,2
2018-08-01,IN10,97,36,0
2018-08-01,IN11,27,0,0
2018-08-01,IN12,306,116,25
2018-08-01,IN13,205,80,6
2018-08-01,IN14,3,0,0
2018-08-01,IN16,1046,400,59
2018-08-01,IN17,9,2,0
2018-08-01,IN18,20,2,0
2018-08-01,IN19,435,97,13
2018-08-01,IN20,14,3,0
2018-08-01,IN21,80,21,0
2018-08-01,IN22,10,0,0
2018-08-01,IN23,106,32,0
2018-08-01,IN24,199,46,7
2018-08-01,IN25,419,103,7
2018-08-01,IN26,40,14,3
2018-08-01,IN28,536,154,31
2018-08-01,IN30,2,0,0
2018-08-01,IN31,1,0,0
2018-08-01,IN33,30,3,0
2018-08-01,IN34,262,82,5
2018-08-01,IN35,200,70,4
2018-08-01,IN36,452,154,13
2018-08-01,IN37,41,12,0
2018-08-01,IN38,27,11,0
2018-08-01,IN39,71,11,0
2018-08-02,IN00,161,54,2
2018-08-02,IN01,1,0,0
2018-08-02,IN02,321,91,13
2018-08-02,IN03,320,118,8
2018-08-02,IN07,1190,351,34
2018-08-02,IN09,170,50,1
2018-08-02,IN10,76,34,0
2018-08-02,IN11,37,5,0
2018-08-02,IN12,329,127,19
2018-08-02,IN13,228,62,8
2018-08-02,IN14,3,1,0
2018-08-02,IN16,922,313,25
2018-08-02,IN17,18,8,0
2018-08-02,IN18,6,2,0
2018-08-02,IN19,437,116,10
2018-08-02,IN20,54,15,0
2018-08-02,IN21,112,23,0
2018-08-02,IN22,4,2,0
2018-08-02,IN23,111,51,5
2018-08-02,IN24,210,49,5
2018-08-02,IN25,520,134,6
2018-08-02,IN26,54,12,0
2018-08-02,IN28,276,83,1
2018-08-02,IN30,1,1,0
2018-08-02,IN31,16,7,0
2018-08-02,IN33,7,1,0
2018-08-02,IN34,379,165,20
2018-08-02,IN35,136,30,1
2018-08-02,IN36,525,194,16
2018-08-02,IN37,24,4,0
2018-08-02,IN38,27,4,0
2018-08-02,IN39,83,18,2
2018-08-03,IN00,94,20,3
2018-08-03,IN02,361,95,0
2018-08-03,IN03,324,126,21
2018-08-03,IN06,2,0,0
2018-08-03,IN07,1251,376,23
2018-08-03,IN09,149,47,0
2018-08-03,IN10,112,40,1
2018-08-03,IN11,19,1,0
2018-08-03,IN12,353,211,27
2018-08-03,IN13,171,54,2
2018-08-03,IN16,932,280,11
2018-08-03,IN17,5,0,0
2018-08-03,IN18,6,2,2
2018-08-03,IN19,321,96,5
2018-08-03,IN20,26,6,0
2018-08-03,IN21,67,23,0
2018-08-03,IN22,8,1,0
2018-08-03,IN23,145,53,2
2018-08-03,IN24,206,54,5
2018-08-03,IN25,508,132,4
2018-08-03,IN26,14,4,0
2018-08-03,IN28,232,85,13
2018-08-03,IN30,1,0,0
2018-08-03,IN31,3,1,0
2018-08-03,IN33,16,2,0
2018-08-03,IN34,461,209,28
2018-08-03,IN35,215,79,5
2018-08-03,IN36,429,146,8
2018-08-03,IN37,73,22,0
2018-08-03,IN38,28,13,1
2018-08-03,IN39,92,29,3
2018-08-04,IN00,49,11,0
2018-08-04,IN01,1,0,0
2018-08-04,IN02,328,78,2
2018-08-04,IN03,135,50,13
2018-08-04,IN05,1,1,0
2018-08-04,IN06,2,0,0
2018-08-04,IN07,1115,336,28
2018-08-04,IN09,115,57,8
2018-08-04,IN10,78,31,2
2018-08-04,IN11,13,0,0
2018-08-04,IN12,494,261,13
2018-08-04,IN13,209,49,0
2018-08-04,IN16,564,165,2
2018-08-04,IN17,3,0,0
2018-08-04,IN18,15,2,0
2018-08-04,IN19,180,36,0
2018-08-04,IN20,19,1,0
2018-08-04,IN21,75,12,2
2018-08-04,IN23,90,40,10
2018-08-04,IN24,224,59,2
2018-08-04,IN25,375,93,4
2018-08-04,IN26,16,5,0
2018-08-04,IN28,172,72,1
2018-08-04,IN31,1,0,0
2018-08-04,IN33,39,14,0
2018-08-04,IN34,431,223,33
2018-08-04,IN35,156,51,0
2018-08-04,IN36,297,134,21
2018-08-04,IN37,43,13,0
2018-08-04,IN38,19,7,0
2018-08-04,IN39,57,12,0
2018-08-05,IN00,60,10,0
2018-08-05,IN02,213,44,0
2018-08-05,IN03,95,26,4
2018-08-05,IN05,1,1,0
2018-08-05,IN06,2,0,0
2018-08-05,IN07,844,278,23
2018-08-05,IN09,115,46,5
2018-08-05,IN10,56,17,2
2018-08-05,IN11,10,1,0
2018-08-05,IN12,313,159,6
2018-08-05,IN13,179,73,2
2018-08-05,IN14,3,2,0
2018-08-05,IN16,575,188,13
2018-08-05,IN17,21,10,2
2018-08-05,IN18,4,0,0
2018-08-05,IN19,202,48,2
2018-08-05,IN20,21,0,0
2018-08-05,IN21,52,7,3
2018-08-05,IN22,11,3,0
2018-08-05,IN23,63,15,1
2018-08-05,IN24,142,48,5
2018-08-05,IN25,182,42,2
2018-08-05,IN26,7,2,0
2018-08-05,IN28,127,49,12
2018-08-05,IN30,9,0,0
2018-08-05,IN33,5,1,0
2018-08-05,IN34,329,160,17
2018-08-05,IN35,138,23,0
2018-08-05,IN36,553,197,10
2018-08-05,IN37,31,9,0
2018-08-05,IN38,12,6,1
2018-08-05,IN39,45,18,0
2018-08-06,IN00,81,25,0
2018-08-06,IN01,3,0,0
2018-08-06,IN02,371,102,3
2018-08-06,IN03,103,37,3
2018-08-06,IN05,1,0,0
2018-08-06,IN06,5,2,0
2018-08-06,IN07,1302,451,26
2018-08-06,IN09,183,70,0
2018-08-06,IN10,88,34,2
2018-08-06,IN11,12,5,0
2018-08-06,IN12,448,243,20
2018-08-06,IN13,485,177,1
2018-08-06,IN14,1,1,0
2018-08-06,IN16,804,219,5
2018-08-06,IN17,17,3,0
2018-08-06,IN18,2,2,0
2018-08-06,IN19,360,79,5
2018-08-06,IN20,25,11,0
2018-08-06,IN21,109,45,1
2018-08-06,IN22,5,3,0
2018-08-06,IN23,110,43,4
2018-08-06,IN24,163,57,2
2018-08-06,IN25,491,116,4
2018-08-06,IN26,33,20,1
2018-08-06,IN28,206,37,1
2018-08-06,IN30,11,0,0
2018-08-06,IN31,3,1,1
2018-08-06,IN33,31,3,0
2018-08-06,IN34,512,203,18
2018-08-06,IN35,170,47,0
2018-08-06,IN36,487,154,8
2018-08-06,IN37,119,46,0
2018-08-06,IN38,24,0,0
2018-08-06,IN39,124,33,1
2018-08-07,IN00,63,15,0
2018-08-07,IN01,18,4,0
2018-08-07,IN02,378,70,5
2018-08-07,IN03,74,20,1
2018-08-07,IN06,1,0,0
2018-08-07,IN07,1307,412,31
2018-08-07,IN09,208,90,3
2018-08-07,IN10,81,43,12
2018-08-07,IN11,57,8,0
2018-08-07,IN12,375,173,15
2018-08-07,IN13,228,73,2
2018-08-07,IN14,4,0,0
2018-08-07,IN16,834,295,25
2018-08-07,IN17,18,3,1
2018-08-07,IN18,7,2,0
2018-08-07,IN19,361,94,6
2018-08-07,IN20,28,7,0
2018-08-07,IN21,153,39,4
2018-08-07,IN22,16,7,0
2018-08-07,IN23,88,33,1
2018-08-07,IN24,258,51,5
2018-08-07,IN25,1696,477,33
2018-08-07,IN26,51,8,0
2018-08-07,IN28,238,90,11
2018-08-07,IN31,8,0,0
2018-08-07,IN33,30,15,0
2018-08-07,IN34,483,187,20
2018-08-07,IN35,176,62,4
2018-08-07,IN36,647,232,25
2018-08-07,IN37,97,31,2
2018-08-07,IN38,29,10,2
2018-08-07,IN39,85,20,3
2018-08-08,IN00,113,41,0
2018-08-08,IN01,1,0,0
2018-08-08,IN02,353,65,2
2018-08-08,IN03,65,19,0
2018-08-08,IN06,5,1,0
2018-08-08,IN07,1111,292,25
2018-08-08,IN09,195,87,0
2018-08-08,IN10,84,29,1
2018-08-08,IN11,32,4,0
2018-08-08,IN12,333,165,4
2018-08-08,IN13,174,39,0
2018-08-08,IN16,1124,382,22
2018-08-08,IN17,12,1,0
2018-08-08,IN18,7,6,1
2018-08-08,IN19,389,98,2
2018-08-08,IN20,43,5,0
2018-08-08,IN21,230,20,1
2018-08-08,IN22,12,6,0
2018-08-08,IN23,146,45,0
2018-08-08,IN24,200,52,2
2018-08-08,IN25,1941,476,28
2018-08-08,IN26,23,2,0
2018-08-08,IN28,261,71,5
2018-08-08,IN29,2,0,0
2018-08-08,IN30,5,4,0
2018-08-08,IN31,15,0,0
2018-08-08,IN33,33,5,0
2018-08-08,IN34,469,143,7
2018-08-08,IN35,164,44,2
2018-08-08,IN36,505,158,4
2018-08-08,IN37,52,7,0
2018-08-08,IN38,39,12,3
2018-08-08,IN39,68,10,0
2018-08-09,IN00,122,33,4
2018-08-09,IN01,15,2,0
2018-08-09,IN02,379,112,13
2018-08-09,IN03,53,20,0
2018-08-09,IN06,4,2,0
2018-08-09,IN07,1274,393,40
2018-08-09,IN09,187,76,0
2018-08-09,IN10,113,39,0
2018-08-09,IN11,32,10,0
2018-08-09,IN12,288,103,7
2018-08-09,IN13,252,29,0
2018-08-09,IN14,9,0,0
2018-08-09,IN16,1094,432,58
2018-08-09,IN17,34,12,0
2018-08-09,IN18,10,2,0
2018-08-09,IN19,506,167,2
2018-08-09,IN20,50,4,1
2018-08-09,IN21,113,18,0
2018-08-09,IN22,11,1,0
2018-08-09,IN23,96,33,1
2018-08-09,IN24,245,67,3
2018-08-09,IN25,520,144,1
2018-08-09,IN26,60,20,1
2018-08-09,IN28,210,75,9
2018-08-09,IN31,11,6,0
2018-08-09,IN33,52,11,0
2018-08-09,IN34,304,99,3
2018-08-09,IN35,215,94,8
2018-08-09,IN36,503,163,9
2018-08-09,IN37,51,13,0
2018-08-09,IN38,37,9,0
2018-08-09,IN39,76,21,2
2018-08-10,IN00,119,23,0
2018-08-10,IN01,26,2,0
2018-08-10,IN02,300,68,1
2018-08-10,IN03,65,20,4
2018-08-10,IN06,3,0,0
2018-08-10,IN07,1458,480,51
2018-08-10,IN09,161,57,1
2018-08-10,IN10,87,18,0
2018-08-10,IN11,19,5,0
2018-08-10,IN12,164,62,12
2018-08-10,IN13,475,81,2
2018-08-10,IN14,12,4,0
2018-08-10,IN16,1061,413,32
2018-08-10,IN17,19,4,1
2018-08-10,IN18,4,1,0
2018-08-10,IN19,430,136,1
2018-08-10,IN20,82,5,2
2018-08-10,IN21,113,35,2
2018-08-10,IN22,5,1,0
2018-08-10,IN23,108,28,0
2018-08-10,IN24,150,51,6
2018-08-10,IN25,519,158,9
2018-08-10,IN26,50,5,3
2018-08-10,IN28,255,77,12
2018-08-10,IN30,4,0,0
2018-08-10,IN33,24,9,0
2018-08-10,IN34,250,92,5
2018-08-10,IN35,182,57,5
2018-08-10,IN36,549,185,8
2018-08-10,IN37,75,28,1
2018-08-10,IN38,39,23,0
2018-08-10,IN39,40,12,0
2018-08-11,IN00,148,36,3
2018-08-11,IN01,8,1,0
2018-08-11,IN02,276,65,13
2018-08-11,IN03,81,33,1
2018-08-11,IN05,4,1,0
2018-08-11,IN06,21,4,0
2018-08-11,IN07,932,329,26
2018-08-11,IN09,181,62,2
2018-08-11,IN10,111,25,0
2018-08-11,IN11,13,2,0
2018-08-11,IN12,172,74,4
2018-08-11,IN13,314,68,1
2018-08-11,IN16,692,240,5
2018-08-11,IN17,3,0,0
2018-08-11,IN19,207,60,4
2018-08-11,IN20,32,5,0
2018-08-11,IN21,64,10,4
2018-08-11,IN22,19,3,0
2018-08-11,IN23,123,30,3
2018-08-11,IN24,242,50,11
2018-08-11,IN25,300,98,15
2018-08-11,IN26,19,4,0
2018-08-11,IN28,490,140,44
2018-08-11,IN30,4,0,0
2018-08-11,IN31,9,3,3
2018-08-11,IN33,18,8,0
2018-08-11,IN34,232,103,3
2018-08-11,IN35,135,39,0
2018-08-11,IN36,383,117,10
2018-08-11,IN37,114,25,0
2018-08-11,IN38,24,9,0
2018-08-11,IN39,34,13,3
2018-08-12,IN00,66,21,0
2018-08-12,IN01,17,1,0
2018-08-12,IN02,263,66,1
2018-08-12,IN03,67,16,0
2018-08-12,IN05,1,0,0
2018-08-12,IN06,6,0,0
2018-08-12,IN07,872,242,23
2018-08-12,IN09,144,43,4
2018-08-12,IN10,113,38,3
2018-08-12,IN11,6,0,0
2018-08-12,IN12,135,52,0
2018-08-12,IN13,276,55,1
2018-08-12,IN14,2,0,0
2018-08-12,IN16,514,178,3
2018-08-12,IN17,3,2,0
2018-08-12,IN18,1,0,0
2018-08-12,IN19,235,58,3
2018-08-12,IN20,23,1,0
2018-08-12,IN21,52,13,0
2018-08-12,IN22,5,1,0
2018-08-12,IN23,101,29,0
2018-08-12,IN24,149,49,3
2018-08-12,IN25,210,60,2
2018-08-12,IN26,26,7,0
2018-08-12,IN28,196,68,16
2018-08-12,IN30,4,0,0
2018-08-12,IN31,4,4,0
2018-08-12,IN33,10,0,0
2018-08-12,IN34,278,108,5
2018-08-12,IN35,165,76,2
2018-08-12,IN36,417,111,6
2018-08-12,IN37,66,21,0
2018-08-12,IN38,29,8,0
2018-08-12,IN39,31,18,0
2018-08-13,IN00,92,21,0
2018-08-13,IN01,7,2,0
2018-08-13,IN02,453,130,13
2018-08-13,IN03,47,15,0
2018-08-13,IN05,1,1,0
2018-08-13,IN06,3,1,0
2018-08-13,IN07,1157,445,17
2018-08-13,IN09,228,80,4
2018-08-13,IN10,84,36,7
2018-08-13,IN11,26,4,0
2018-08-13,IN12,248,108,2
2018-08-13,IN13,350,111,0
2018-08-13,IN16,681,239,28
2018-08-13,IN17,10,0,0
2018-08-13,IN18,6,2,0
2018-08-13,IN19,474,119,2
2018-08-13,IN20,40,8,1
2018-08-13,IN21,127,31,0
2018-08-13,IN22,2,0,0
2018-08-13,IN23,127,43,1
2018-08-13,IN24,194,54,3
2018-08-13,IN25,397,114,2
2018-08-13,IN26,10,1,0
2018-08-13,IN28,346,93,3
2018-08-13,IN30,18,3,0
2018-08-13,IN31,1,1,0
2018-08-13,IN33,9,3,0
2018-08-13,IN34,216,71,3
2018-08-13,IN35,197,73,8
2018-08-13,IN36,643,199,4
2018-08-13,IN37,31,6,0
2018-08-13,IN38,10,2,0
2018-08-13,IN39,88,18,0
2018-08-14,IN00,88,19,4
2018-08-14,IN01,2,0,0
2018-08-14,IN02,382,80,2
2018-08-14,IN03,47,6,0
2018-08-14,IN06,2,0,0
2018-08-14,IN07,1164,354,13
2018-08-14,IN09,234,63,5
2018-08-14,IN10,64,18,2
2018-08-14,IN11,33,4,0
2018-08-14,IN12,278,89,1
2018-08-14,IN13,280,84,2
2018-08-14,IN14,2,2,0
2018-08-14,IN16,745,223,13
2018-08-14,IN17,34,0,0
2018-08-14,IN18,5,0,0
2018-08-14,IN19,515,121,4
2018-08-14,IN20,21,2,0
2018-08-14,IN21,68,22,2
2018-08-14,IN22,7,0,0
2018-08-14,IN23,124,62,1
2018-08-14,IN24,185,40,0
2018-08-14,IN25,519,162,5
2018-08-14,IN26,11,0,0
2018-08-14,IN28,215,63,1
2018-08-14,IN30,2,1,0
2018-08-14,IN31,1,1,0
2018-08-14,IN33,13,2,0
2018-08-14,IN34,309,123,8
2018-08-14,IN35,178,48,0
2018-08-14,IN36,585,158,0
2018-08-14,IN37,125,33,1
2018-08-14,IN38,18,3,0
2018-08-14,IN39,94,18,0
2018-08-15,IN00,112,15,0
2018-08-15,IN01,36,4,0
2018-08-15,IN02,223,55,4
2018-08-15,IN03,92,25,3
2018-08-15,IN06,2,0,0
2018-08-15,IN07,1455,304,8
2018-08-15,IN09,138,49,4
2018-08-15,IN10,71,17,0
2018-08-15,IN11,20,0,0
2018-08-15,IN12,277,84,2
2018-08-15,IN13,437,106,0
2018-08-15,IN14,1,0,0
2018-08-15,IN16,477,144,6
2018-08-15,IN17,9,8,0
2018-08-15,IN18,3,1,0
2018-08-15,IN19,342,80,3
2018-08-15,IN20,32,2,0
2018-08-15,IN21,53,12,0
2018-08-15,IN22,3,1,0
2018-08-15,IN23,81,12,0
2018-08-15,IN24,131,17,0
2018-08-15,IN25,328,78,2
2018-08-15,IN26,28,5,0
2018-08-15,IN28,107,26,0
2018-08-15,IN30,5,2,0
2018-08-15,IN33,30,4,0
2018-08-15,IN34,239,65,5
2018-08-15,IN35,120,39,0
2018-08-15,IN36,448,165,3
2018-08-15,IN37,51,22,0
2018-08-15,IN38,22,0,0
2018-08-15,IN39,63,11,0
2018-08-16,IN00,119,18,1
2018-08-16,IN01,44,6,0
2018-08-16,IN02,213,48,0
2018-08-16,IN03,62,17,1
2018-08-16,IN05,7,7,0
2018-08-16,IN06,72,0,0
2018-08-16,IN07,1793,331,19
2018-08-16,IN09,144,45,0
2018-08-16,IN10,92,29,2
2018-08-16,IN11,32,6,0
2018-08-16,IN12,498,142,6
2018-08-16,IN13,869,102,0
2018-08-16,IN14,5,1,0
2018-08-16,IN16,742,176,5
2018-08-16,IN17,8,6,0
2018-08-16,IN19,425,93,8
2018-08-16,IN20,54,1,0
2018-08-16,IN21,120,13,0
2018-08-16,IN22,1,0,0
2018-08-16,IN23,122,36,0
2018-08-16,IN24,85,17,3
2018-08-16,IN25,404,75,3
2018-08-16,IN26,28,3,1
2018-08-16,IN28,154,37,2
2018-08-16,IN31,1,0,0
2018-08-16,IN33,22,9,0
2018-08-16,IN34,135,23,0
2018-08-16,IN35,325,77,5
2018-08-16,IN36,633,154,4
2018-08-16,IN37,39,11,0
2018-08-16,IN38,22,2,0
2018-08-16,IN39,118,13,3
2018-08-17,IN00,158,34,0
2018-08-17,IN01,57,5,0
2018-08-17,IN02,160,27,1
2018-08-17,IN03,83,35,3
2018-08-17,IN06,5,1,0
2018-08-17,IN07,1732,264,18
2018-08-17,IN09,145,46,0
2018-08-17,IN10,94,16,1
2018-08-17,IN11,8,1,0
2018-08-17,IN12,402,130,7
2018-08-17,IN13,1161,168,2
2018-08-17,IN14,4,2,0
2018-08-17,IN16,619,135,3
2018-08-17,IN17,18,3,0
2018-08-17,IN18,4,0,0
2018-08-17,IN19,349,71,1
2018-08-17,IN20,24,4,1
2018-08-17,IN21,120,19,1
2018-08-17,IN22,10,0,0
2018-08-17,IN23,91,23,0
2018-08-17,IN24,163,32,0
2018-08-17,IN25,440,87,2
2018-08-17,IN26,39,17,7
2018-08-17,IN28,187,38,5
2018-08-17,IN30,5,0,0
2018-08-17,IN31,8,0,0
2018-08-17,IN33,25,9,0
2018-08-17,IN34,310,103,0
2018-08-17,IN35,220,49,0
2018-08-17,IN36,751,172,9
2018-08-17,IN37,54,21,1
2018-08-17,IN38,72,33,0
2018-08-17,IN39,32,2,0
2018-08-18,IN00,106,19,1
2018-08-18,IN01,55,2,0
2018-08-18,IN02,182,38,2
2018-08-18,IN03,54,19,0
2018-08-18,IN07,1000,218,11
2018-08-18,IN09,138,28,0
2018-08-18,IN10,93,10,0
2018-08-18,IN11,40,2,0
2018-08-18,IN12,220,60,4
2018-08-18,IN13,1560,160,2
2018-08-18,IN16,624,204,4
2018-08-18,IN17,16,0,0
2018-08-18,IN18,2,0,0
2018-08-18,IN19,407,84,1
2018-08-18,IN20,39,3,0
2018-08-18,IN21,85,20,4
2018-08-18,IN22,24,2,0
2018-08-18,IN23,79,31,1
2018-08-18,IN24,196,46,2
2018-08-18,IN25,263,55,1
2018-08-18,IN26,42,9,2
2018-08-18,IN28,140,40,0
2018-08-18,IN31,1,0,0
2018-08-18,IN33,5,0,0
2018-08-18,IN34,247,96,7
2018-08-18,IN35,186,52,0
2018-08-18,IN36,379,108,11
2018-08-18,IN37,42,4,1
2018-08-18,IN38,18,8,1
2018-08-18,IN39,40,6,3
2018-08-19,IN00,68,20,1
2018-08-19,IN01,23,6,0
2018-08-19,IN02,168,33,1
2018-08-19,IN03,46,16,0
2018-08-19,IN06,4,0,0
2018-08-19,IN07,714,192,8
2018-08-19,IN09,199,83,24
2018-08-19,IN10,92,25,0
2018-08-19,IN11,33,0,0
2018-08-19,IN12,185,76,4
2018-08-19,IN13,1227,144,1
2018-08-19,IN14,7,7,0
2018-08-19,IN16,607,221,9
2018-08-19,IN17,5,3,0
2018-08-19,IN18,9,4,0
2018-08-19,IN19,351,76,0
2018-08-19,IN20,20,0,0
2018-08-19,IN21,62,10,0
2018-08-19,IN22,12,3,0
2018-08-19,IN23,130,46,1
2018-08-19,IN24,90,27,0
2018-08-19,IN25,167,52,0
2018-08-19,IN26,32,7,2
2018-08-19,IN28,61,17,0
2018-08-19,IN31,3,0,0
2018-08-19,IN33,5,1,0
2018-08-19,IN34,215,90,6
2018-08-19,IN35,128,66,0
2018-08-19,IN36,387,139,1
2018-08-19,IN37,92,20,0
2018-08-19,IN38,24,5,0
2018-08-19,IN39,64,8,0
2018-08-20,IN00,94,18,0
2018-08-20,IN01,37,6,1
2018-08-20,IN02,237,33,1
2018-08-20,IN03,28,4,0
2018-08-20,IN05,4,1,0
2018-08-20,IN06,6,0,0
2018-08-20,IN07,1333,286,5
2018-08-20,IN09,189,82,6
2018-08-20,IN10,118,42,2
2018-08-20,IN11,58,7,0
2018-08-20,IN12,338,65,2
2018-08-20,IN13,1568,198,1
2018-08-20,IN14,1,0,0
2018-08-20,IN16,860,236,6
2018-08-20,IN17,19,11,3
2018-08-20,IN18,15,5,0
2018-08-20,IN19,501,110,2
2018-08-20,IN20,13,1,0
2018-08-20,IN21,91,13,0
2018-08-20,IN22,19,0,0
2018-08-20,IN23,103,28,2
2018-08-20,IN24,209,63,4
2018-08-20,IN25,301,82,1
2018-08-20,IN26,41,4,0
2018-08-20,IN28,159,41,0
2018-08-20,IN30,6,0,0
2018-08-20,IN31,9,0,0
2018-08-20,IN33,11,4,0
2018-08-20,IN34,229,88,2
2018-08-20,IN35,153,67,1
2018-08-20,IN36,459,177,1
2018-08-20,IN37,51,13,0
2018-08-20,IN38,41,12,0
2018-08-20,IN39,109,21,1
2018-08-21,IN00,93,30,1
2018-08-21,IN01,19,2,0
2018-08-21,IN02,235,44,3
2018-08-21,IN03,31,5,0
2018-08-21,IN05,3,1,0
2018-08-21,IN07,1205,284,10
2018-08-21,IN09,190,65,6
2018-08-21,IN10,68,18,0
2018-08-21,IN11,55,9,5
2018-08-21,IN12,271,68,0
2018-08-21,IN13,1274,131,0
2018-08-21,IN16,825,295,3
2018-08-21,IN17,1,1,0
2018-08-21,IN18,2,1,0
2018-08-21,IN19,388,88,1
2018-08-21,IN20,19,1,0
2018-08-21,IN21,95,20,3
2018-08-21,IN22,3,1,0
2018-08-21,IN23,65,19,0
2018-08-21,IN24,112,33,0
2018-08-21,IN25,262,57,4
2018-08-21,IN26,46,4,0
2018-08-21,IN28,109,26,2
2018-08-21,IN31,3,3,0
2018-08-21,IN33,19,12,0
2018-08-21,IN34,200,63,4
2018-08-21,IN35,293,122,3
2018-08-21,IN36,499,192,10
2018-08-21,IN37,55,14,1
2018-08-21,IN38,12,4,0
2018-08-21,IN39,115,43,8
2018-08-22,IN00,76,16,0
2018-08-22,IN01,10,1,0
2018-08-22,IN02,208,39,5
2018-08-22,IN03,52,13,0
2018-08-22,IN06,2,0,0
2018-08-22,IN07,1107,251,7
2018-08-22,IN09,256,82,1
2018-08-22,IN10,57,16,0
2018-08-22,IN11,30,4,0
2018-08-22,IN12,343,143,15
2018-08-22,IN13,1177,182,3
2018-08-22,IN14,4,1,0
2018-08-22,IN16,815,261,9
2018-08-22,IN17,10,2,1
2018-08-22,IN18,4,1,0
2018-08-22,IN19,367,97,2
2018-08-22,IN20,25,7,0
2018-08-22,IN21,66,11,0
2018-08-22,IN23,66,15,0
2018-08-22,IN24,128,39,2
2018-08-22,IN25,190,44,4
2018-08-22,IN26,15,5,1
2018-08-22,IN28,210,34,0
2018-08-22,IN30,5,2,0
2018-08-22,IN31,5,0,0
2018-08-22,IN33,54,24,0
2018-08-22,IN34,259,99,4
2018-08-22,IN35,110,50,1
2018-08-22,IN36,389,140,5
2018-08-22,IN37,49,7,0
2018-08-22,IN38,10,3,0
2018-08-22,IN39,134,23,2
2018-08-23,IN00,139,28,0
2018-08-23,IN01,19,4,0
2018-08-23,IN02,242,36,0
2018-08-23,IN03,64,5,0
2018-08-23,IN06,2,0,0
2018-08-23,IN07,1248,293,14
2018-08-23,IN09,362,53,5
2018-08-23,IN10,129,39,3
2018-08-23,IN11,24,8,0
2018-08-23,IN12,177,64,4
2018-08-23,IN13,971,185,2
2018-08-23,IN14,6,1,0
2018-08-23,IN16,838,233,6
2018-08-23,IN17,8,1,0
2018-08-23,IN18,20,10,0
2018-08-23,IN19,385,86,1
2018-08-23,IN20,24,1,0
2018-08-23,IN21,87,20,5
2018-08-23,IN22,2,0,0
2018-08-23,IN23,98,20,2
2018-08-23,IN24,176,53,2
2018-08-23,IN25,328,61,5
2018-08-23,IN26,26,5,0
2018-08-23,IN28,206,54,1
2018-08-23,IN33,45,11,0
2018-08-23,IN34,193,58,3
2018-08-23,IN35,191,64,2
2018-08-23,IN36,348,99,2
2018-08-23,IN37,66,13,0
2018-08-23,IN38,4,2,0
2018-08-23,IN39,100,13,0
2018-08-24,IN00,98,14,1
2018-08-24,IN01,10,4,0
2018-08-24,IN02,263,61,1
2018-08-24,IN03,53,23,2
2018-08-24,IN07,1250,337,21
2018-08-24,IN09,235,59,6
2018-08-24,IN10,189,74,7
2018-08-24,IN11,39,10,2
2018-08-24,IN12,201,55,2
2018-08-24,IN13,944,150,5
2018-08-24,IN14,2,2,1
2018-08-24,IN16,622,209,10
2018-08-24,IN17,28,3,0
2018-08-24,IN18,10,9,0
2018-08-24,IN19,322,76,0
2018-08-24,IN20,7,6,2
2018-08-24,IN21,96,16,0
2018-08-24,IN22,6,3,0
2018-08-24,IN23,91,22,0
2018-08-24,IN24,142,60,1
2018-08-24,IN25,344,61,1
2018-08-24,IN26,23,6,2
2018-08-24,IN28,181,65,3
2018-08-24,IN30,6,1,0
2018-08-24,IN31,5,0,0
2018-08-24,IN33,23,6,0
2018-08-24,IN34,293,110,2
2018-08-24,IN35,139,55,0
2018-08-24,IN36,346,138,2
2018-08-24,IN37,63,9,0
2018-08-24,IN38,52,22,0
2018-08-24,IN39,83,24,2
2018-08-25,IN00,89,21,2
2018-08-25,IN01,2,0,0
2018-08-25,IN02,247,64,3
2018-08-25,IN03,39,6,0
2018-08-25,IN07,946,293,21
2018-08-25,IN09,240,109,14
2018-08-25,IN10,185,73,0
2018-08-25,IN11,29,4,0
2018-08-25,IN12,229,60,4
2018-08-25,IN13,563,71,2
2018-08-25,IN16,582,196,6
2018-08-25,IN17,6,1,0
2018-08-25,IN18,2,2,0
2018-08-25,IN19,341,94,2
2018-08-25,IN20,21,2,0
2018-08-25,IN21,135,26,1
2018-08-25,IN22,2,0,0
2018-08-25,IN23,76,30,4
2018-08-25,IN24,144,65,4
2018-08-25,IN25,321,78,2
2018-08-25,IN26,71,9,4
2018-08-25,IN28,201,75,0
2018-08-25,IN31,4,4,0
2018-08-25,IN33,13,3,0
2018-08-25,IN34,306,96,3
2018-08-25,IN35,126,30,0
2018-08-25,IN36,333,139,3
2018-08-25,IN37,90,24,1
2018-08-25,IN38,52,21,5
2018-08-25,IN39,38,7,0
2018-08-26,IN00,103,25,0
2018-08-26,IN01,5,5,0
2018-08-26,IN02,176,43,0
2018-08-26,IN03,25,6,0
2018-08-26,IN05,1,0,0
2018-08-26,IN07,710,212,15
2018-08-26,IN09,166,64,6
2018-08-26,IN10,69,20,0
2018-08-26,IN11,9,5,0
2018-08-26,IN12,160,44,2
2018-08-26,IN13,422,71,0
2018-08-26,IN16,505,183,2
2018-08-26,IN17,9,2,0
2018-08-26,IN18,1,1,0
2018-08-26,IN19,334,109,4
2018-08-26,IN20,25,6,0
2018-08-26,IN21,52,19,0
2018-08-26,IN22,3,1,1
2018-08-26,IN23,63,26,0
2018-08-26,IN24,126,55,6
2018-08-26,IN25,176,47,2
2018-08-26,IN26,6,0,0
2018-08-26,IN28,108,25,2
2018-08-26,IN30,5,0,0
2018-08-26,IN33,11,3,0
2018-08-26,IN34,179,64,0
2018-08-26,IN35,123,46,1
2018-08-26,IN36,368,164,7
2018-08-26,IN37,83,15,0
2018-08-26,IN38,18,8,0
2018-08-26,IN39,60,14,0
2018-08-27,IN00,130,28,0
2018-08-27,IN01,4,3,0
2018-08-27,IN02,219,54,1
2018-08-27,IN03,34,12,0
2018-08-27,IN06,5,0,0
2018-08-27,IN07,1350,321,7
2018-08-27,IN09,246,109,3
2018-08-27,IN10,93,21,2
2018-08-27,IN11,42,14,1
2018-08-27,IN12,304,103,7
2018-08-27,IN13,589,86,1
2018-08-27,IN16,667,199,2
2018-08-27,IN17,6,0,0
2018-08-27,IN19,355,104,2
2018-08-27,IN20,24,7,2
2018-08-27,IN21,88,23,0
2018-08-27,IN22,20,3,0
2018-08-27,IN23,114,50,2
2018-08-27,IN24,163,77,5
2018-08-27,IN25,414,86,3
2018-08-27,IN26,43,7,0
2018-08-27,IN28,233,88,4
2018-08-27,IN30,3,2,0
2018-08-27,IN33,31,10,3
2018-08-27,IN34,236,64,3
2018-08-27,IN35,166,45,0
2018-08-27,IN36,436,147,8
2018-08-27,IN37,87,20,0
2018-08-27,IN38,49,22,0
2018-08-27,IN39,131,18,2
2018-08-28,IN00,126,23,1
2018-08-28,IN01,17,1,0
2018-08-28,IN02,499,214,4
2018-08-28,IN03,35,8,0
2018-08-28,IN06,2,0,0
2018-08-28,IN07,1491,447,17
2018-08-28,IN09,300,108,4
2018-08-28,IN10,169,82,4
2018-08-28,IN11,57,9,4
2018-08-28,IN12,213,79,7
2018-08-28,IN13,517,57,2
2018-08-28,IN14,2,0,0
2018-08-28,IN16,1667,807,24
2018-08-28,IN17,11,1,0
2018-08-28,IN18,1,1,0
2018-08-28,IN19,428,102,1
2018-08-28,IN20,34,6,0
2018-08-28,IN21,73,7,0
2018-08-28,IN22,4,0,0
2018-08-28,IN23,149,65,8
2018-08-28,IN24,106,32,0
2018-08-28,IN25,499,128,19
2018-08-28,IN26,77,12,0
2018-08-28,IN28,216,102,2
2018-08-28,IN30,3,0,0
2018-08-28,IN31,5,0,0
2018-08-28,IN33,32,9,0
2018-08-28,IN34,263,116,1
2018-08-28,IN35,153,31,1
2018-08-28,IN36,515,177,8
2018-08-28,IN37,165,67,1
2018-08-28,IN38,118,73,1
2018-08-28,IN39,95,16,0
2018-08-29,IN00,149,29,0
2018-08-29,IN01,12,0,0
2018-08-29,IN02,657,246,50
2018-08-29,IN03,45,6,0
2018-08-29,IN05,8,0,0
2018-08-29,IN07,1692,590,37
2018-08-29,IN09,183,76,1
2018-08-29,IN10,332,178,13
2018-08-29,IN11,19,3,0
2018-08-29,IN12,309,161,5
2018-08-29,IN13,515,83,2
2018-08-29,IN14,4,0,0
2018-08-29,IN16,2418,1183,33
2018-08-29,IN18,3,0,0
2018-08-29,IN19,382,127,8
2018-08-29,IN20,10,2,0
2018-08-29,IN21,87,27,7
2018-08-29,IN22,3,0,0
2018-08-29,IN23,122,45,4
2018-08-29,IN24,197,66,3
2018-08-29,IN25,268,71,0
2018-08-29,IN26,30,7,0
2018-08-29,IN28,309,130,3
2018-08-29,IN31,4,1,0
2018-08-29,IN33,48,2,0
2018-08-29,IN34,242,117,1
2018-08-29,IN35,174,34,2
2018-08-29,IN36,577,234,14
2018-08-29,IN37,169,71,3
2018-08-29,IN38,142,83,2
2018-08-29,IN39,122,10,0
2018-08-30,IN00,122,29,1
2018-08-30,IN01,1,0,0
2018-08-30,IN02,449,183,17
2018-08-30,IN03,78,28,0
2018-08-30,IN07,1936,583,61
2018-08-30,IN09,284,109,5
2018-08-30,IN10,122,50,4
2018-08-30,IN11,31,9,0
2018-08-30,IN12,349,162,6
2018-08-30,IN13,296,42,0
2018-08-30,IN14,6,2,0
2018-08-30,IN16,1520,619,23
2018-08-30,IN17,15,2,0
2018-08-30,IN18,4,3,0
2018-08-30,IN19,403,84,2
2018-08-30,IN20,31,8,0
2018-08-30,IN21,73,28,0
2018-08-30,IN22,18,3,0
2018-08-30,IN23,139,42,1
2018-08-30,IN24,164,61,1
2018-08-30,IN25,333,107,5
2018-08-30,IN26,20,4,1
2018-08-30,IN28,188,58,2
2018-08-30,IN30,16,8,0
2018-08-30,IN31,8,1,0
2018-08-30,IN33,46,3,0
2018-08-30,IN34,430,164,20
2018-08-30,IN35,176,58,0
2018-08-30,IN36,591,240,9
2018-08-30,IN37,94,32,1
2018-08-30,IN38,148,74,1
2018-08-30,IN39,134,10,1
2018-08-31,IN00,119,26,1
2018-08-31,IN01,3,0,0
2018-08-31,IN02,505,149,16
2018-08-31,IN03,83,24,2
2018-08-31,IN06,1,0,0
2018-08-31,IN07,1418,371,25
2018-08-31,IN09,138,41,0
2018-08-31,IN10,94,25,1
2018-08-31,IN11,31,8,0
2018-08-31,IN12,421,222,5
2018-08-31,IN13,323,61,0
2018-08-31,IN14,6,2,0
2018-08-31,IN16,1248,510,37
2018-08-31,IN17,14,5,0
2018-08-31,IN18,13,6,2
2018-08-31,IN19,484,133,6
2018-08-31,IN20,28,5,4
2018-08-31,IN21,77,15,1
2018-08-31,IN22,8,0,0
2018-08-31,IN23,57,27,4
2018-08-31,IN24,159,43,3
2018-08-31,IN25,322,94,3
2018-08-31,IN26,42,7,0
2018-08-31,IN28,236,75,4
2018-08-31,IN30,31,7,0
2018-08-31,IN31,2,0,0
2018-08-31,IN33,25,5,0
2018-08-31,IN34,267,71,0
2018-08-31,IN35,154,55,0
2018-08-31,IN36,399,145,9
2018-08-31,IN37,127,48,0
2018-08-31,IN38,83,37,0
2018-08-31,IN39,84,21,3
2018-09-01,IN00,85,36,0
2018-09-01,IN01,3,0,0
2018-09-01,IN02,400,107,7
2018-09-01,IN03,64,7,0
2018-09-01,IN06,2,0,0
2018-09-01,IN07,907,269,10
2018-09-01,IN09,181,51,9
2018-09-01,IN10,167,67,0
2018-09-01,IN11,9,2,0
2018-09-01,IN12,270,137,7
2018-09-01,IN13,170,30,0
2018-09-01,IN16,835,408,12
2018-09-01,IN17,16,4,0
2018-09-01,IN18,5,2,0
2018-09-01,IN19,324,114,3
2018-09-01,IN20,41,3,0
2018-09-01,IN21,36,5,0
2018-09-01,IN22,5,1,0
2018-09-01,IN23,79,36,3
2018-09-01,IN24,119,49,1
2018-09-01,IN25,231,63,1
2018-09-01,IN26,14,1,0
2018-09-01,IN28,168,63,2
2018-09-01,IN30,20,2,0
2018-09-01,IN31,1,1,0
2018-09-01,IN33,32,10,0
2018-09-01,IN34,211,66,0
2018-09-01,IN35,189,44,1
2018-09-01,IN36,316,84,1
2018-09-01,IN37,85,19,1
2018-09-01,IN38,13,4,0
2018-09-01,IN39,56,11,0
2018-09-02,IN00,71,25,1
2018-09-02,IN01,2,0,0
2018-09-02,IN02,318,62,3
2018-09-02,IN03,53,13,2
2018-09-02,IN07,891,229,5
2018-09-02,IN09,161,41,2
2018-09-02,IN10,135,45,1
2018-09-02,IN11,16,3,0
2018-09-02,IN12,187,44,2
2018-09-02,IN13,223,22,1
2018-09-02,IN16,791,310,5
2018-09-02,IN17,8,1,0
2018-09-02,IN18,3,0,0
2018-09-02,IN19,212,56,0
2018-09-02,IN20,24,11,5
2018-09-02,IN21,63,16,0
2018-09-02,IN22,8,3,0
2018-09-02,IN23,51,15,0
2018-09-02,IN24,65,27,0
2018-09-02,IN25,192,51,7
2018-09-02,IN26,34,5,2
2018-09-02,IN28,165,50,4
2018-09-02,IN30,25,4,0
2018-09-02,IN31,14,6,0
2018-09-02,IN33,9,1,0
2018-09-02,IN34,112,28,2
2018-09-02,IN35,152,30,0
2018-09-02,IN36,361,127,9
2018-09-02,IN37,73,19,0
2018-09-02,IN38,10,3,0
2018-09-02,IN39,66,12,0
2018-09-03,IN00,57,14,1
2018-09-03,IN01,4,0,0
2018-09-03,IN02,267,52,4
2018-09-03,IN03,90,15,0
2018-09-03,IN05,1,1,0
2018-09-03,IN07,929,240,8
2018-09-03,IN09,198,50,2
2018-09-03,IN10,78,27,0
2018-09-03,IN11,4,2,0
2018-09-03,IN12,270,115,3
2018-09-03,IN13,294,74,0
2018-09-03,IN16,1161,449,19
2018-09-03,IN17,9,5,0
2018-09-03,IN18,6,3,0
2018-09-03,IN19,472,131,5
2018-09-03,IN20,31,8,0
2018-09-03,IN21,51,8,0
2018-09-03,IN22,6,1,0
2018-09-03,IN23,62,33,0
2018-09-03,IN24,144,48,2
2018-09-03,IN25,455,186,17
2018-09-03,IN26,38,16,4
2018-09-03,IN28,159,43,4
2018-09-03,IN30,4,0,0
2018-09-03,IN31,10,4,0
2018-09-03,IN33,43,11,0
2018-09-03,IN34,123,26,0
2018-09-03,IN35,374,146,9
2018-09-03,IN36,293,104,0
2018-09-03,IN37,109,38,8
2018-09-03,IN38,48,12,1
2018-09-03,IN39,81,10,0
2018-09-04,IN00,90,19,1
2018-09-04,IN01,9,8,0
2018-09-04,IN02,331,99,0
2018-09-04,IN03,82,18,0
2018-09-04,IN06,3,0,0
2018-09-04,IN07,1609,399,36
2018-09-04,IN09,151,25,7
2018-09-04,IN10,127,52,1
2018-09-04,IN11,8,2,0
2018-09-04,IN12,333,137,10
2018-09-04,IN13,401,116,0
2018-09-04,IN16,1123,428,16
2018-09-04,IN17,4,0,0
2018-09-04,IN18,6,0,0
2018-09-04,IN19,374,115,2
2018-09-04,IN20,39,3,0
2018-09-04,IN21,76,26,1
2018-09-04,IN22,14,0,0
2018-09-04,IN23,80,33,0
2018-09-04,IN24,144,26,1
2018-09-04,IN25,644,292,12
2018-09-04,IN26,9,5,1
2018-09-04,IN28,405,81,2
2018-09-04,IN30,11,2,0
2018-09-04,IN31,6,1,0
2018-09-04,IN33,14,2,0
2018-09-04,IN34,111,25,0
2018-09-04,IN35,203,76,8
2018-09-04,IN36,424,170,7
2018-09-04,IN37,107,28,0
2018-09-04,IN38,31,10,1
2018-09-04,IN39,87,23,1
2018-09-05,IN00,187,42,0
2018-09-05,IN01,7,1,0
2018-09-05,IN02,386,99,10
2018-09-05,IN03,80,17,6
2018-09-05,IN06,10,3,0
2018-09-05,IN07,1648,421,53
2018-09-05,IN09,371,165,7
2018-09-05,IN10,113,52,15
2018-09-05,IN11,16,6,0
2018-09-05,IN12,349,104,6
2018-09-05,IN13,185,19,0
2018-09-05,IN16,1115,459,29
2018-09-05,IN17,9,0,0
2018-09-05,IN18,2,0,0
2018-09-05,IN19,459,146,10
2018-09-05,IN20,46,4,0
2018-09-05,IN21,81,14,0
2018-09-05,IN22,1,0,0
2018-09-05,IN23,80,29,7
2018-09-05,IN24,182,48,7
2018-09-05,IN25,603,228,10
2018-09-05,IN26,14,4,0
2018-09-05,IN28,319,83,5
2018-09-05,IN30,13,0,0
2018-09-05,IN31,2,0,0
2018-09-05,IN33,26,5,0
2018-09-05,IN34,174,59,12
2018-09-05,IN35,247,87,16
2018-09-05,IN36,456,150,13
2018-09-05,IN37,107,20,0
2018-09-05,IN38,15,2,0
2018-09-05,IN39,70,26,2
2018-09-06,IN00,192,45,3
2018-09-06,IN01,2,1,1
2018-09-06,IN02,491,116,14
2018-09-06,IN03,64,18,1
2018-09-06,IN06,5,0,0
2018-09-06,IN07,2247,574,36
2018-09-06,IN09,244,77,2
2018-09-06,IN10,71,34,0
2018-09-06,IN11,19,3,0
2018-09-06,IN12,179,59,5
2018-09-06,IN13,211,39,1
2018-09-06,IN16,1307,468,25
2018-09-06,IN18,7,0,0
2018-09-06,IN19,399,115,7
2018-09-06,IN20,62,5,0
2018-09-06,IN21,58,12,2
2018-09-06,IN23,86,25,4
2018-09-06,IN24,173,54,5
2018-09-06,IN25,458,156,0
2018-09-06,IN26,26,12,1
2018-09-06,IN28,221,67,1
2018-09-06,IN31,2,2,0
2018-09-06,IN33,36,9,1
2018-09-06,IN34,279,106,19
2018-09-06,IN35,299,131,34
2018-09-06,IN36,372,142,22
2018-09-06,IN37,74,21,0
2018-09-06,IN38,43,17,3
2018-09-06,IN39,51,10,0
2018-09-07,IN00,178,43,8
2018-09-07,IN01,3,0,0
2018-09-07,IN02,494,151,1
2018-09-07,IN03,51,24,0
2018-09-07,IN05,6,1,0
2018-09-07,IN07,1733,469,21
2018-09-07,IN09,246,84,16
2018-09-07,IN10,117,24,2
2018-09-07,IN11,14,0,0
2018-09-07,IN12,302,141,7
2018-09-07,IN13,263,37,2
2018-09-07,IN16,967,314,12
2018-09-07,IN17,13,2,0
2018-09-07,IN18,2,0,0
2018-09-07,IN19,361,75,5
2018-09-07,IN20,27,0,0
2018-09-07,IN21,80,22,7
2018-09-07,IN22,2,0,0
2018-09-07,IN23,92,23,0
2018-09-07,IN24,212,68,4
2018-09-07,IN25,362,110,9
2018-09-07,IN26,29,16,0
2018-09-07,IN28,230,63,5
2018-09-07,IN30,3,0,0
2018-09-07,IN31,5,0,0
2018-09-07,IN33,48,8,0
2018-09-07,IN34,217,96,7
2018-09-07,IN35,221,83,7
2018-09-07,IN36,419,137,7
2018-09-07,IN37,71,28,2
2018-09-07,IN38,17,2,0
2018-09-07,IN39,24,4,0
2018-09-08,IN00,94,23,1
2018-09-08,IN01,1,0,0
2018-09-08,IN02,259,53,7
2018-09-08,IN03,53,8,0
2018-09-08,IN05,3,0,0
2018-09-08,IN07,1027,239,16
2018-09-08,IN09,165,69,4
2018-09-08,IN10,79,22,1
2018-09-08,IN11,5,1,0
2018-09-08,IN12,245,104,3
2018-09-08,IN13,239,66,7
2018-09-08,IN16,726,253,15
2018-09-08,IN17,5,3,2
2018-09-08,IN18,4,1,0
2018-09-08,IN19,354,102,19
2018-09-08,IN20,13,0,0
2018-09-08,IN21,71,11,0
2018-09-08,IN22,3,0,0
2018-09-08,IN23,117,59,6
2018-09-08,IN24,149,53,0
2018-09-08,IN25,685,289,74
2018-09-08,IN26,16,10,4
2018-09-08,IN28,186,57,7
2018-09-08,IN31,2,2,0
2018-09-08,IN33,17,5,2
2018-09-08,IN34,220,77,7
2018-09-08,IN35,138,50,1
2018-09-08,IN36,435,146,12
2018-09-08,IN37,86,25,0
2018-09-08,IN38,12,3,0
2018-09-08,IN39,30,7,0
2018-09-09,IN00,74,17,0
2018-09-09,IN01,6,4,0
2018-09-09,IN02,249,60,6
2018-09-09,IN03,68,17,1
2018-09-09,IN06,8,2,0
2018-09-09,IN07,1104,315,28
2018-09-09,IN09,117,46,1
2018-09-09,IN10,84,30,1
2018-09-09,IN11,1,0,0
2018-09-09,IN12,233,122,5
2018-09-09,IN13,218,94,15
2018-09-09,IN16,625,210,25
2018-09-09,IN17,7,1,0
2018-09-09,IN18,5,1,0
2018-09-09,IN19,229,77,13
2018-09-09,IN20,43,7,1
2018-09-09,IN21,91,18,2
2018-09-09,IN22,5,4,0
2018-09-09,IN23,77,21,1
2018-09-09,IN24,174,39,6
2018-09-09,IN25,655,198,11
2018-09-09,IN26,25,8,0
2018-09-09,IN28,171,55,11
2018-09-09,IN31,3,1,0
2018-09-09,IN33,20,6,2
2018-09-09,IN34,139,65,2
2018-09-09,IN35,160,47,5
2018-09-09,IN36,317,113,2
2018-09-09,IN37,84,20,0
2018-09-09,IN38,53,24,3
2018-09-09,IN39,34,9,1
2018-09-10,IN00,106,28,1
2018-09-10,IN02,373,169,55
2018-09-10,IN03,48,27,6
2018-09-10,IN06,14,1,1
2018-09-10,IN07,1548,473,73
2018-09-10,IN09,257,115,7
2018-09-10,IN10,113,56,26
2018-09-10,IN11,11,2,1
2018-09-10,IN12,255,115,15
2018-09-10,IN13,222,92,24
2018-09-10,IN16,1015,417,77
2018-09-10,IN17,8,1,1
2018-09-10,IN19,531,176,26
2018-09-10,IN20,49,10,0
2018-09-10,IN21,158,69,20
2018-09-10,IN22,8,3,0
2018-09-10,IN23,139,39,8
2018-09-10,IN24,276,87,19
2018-09-10,IN25,481,163,17
2018-09-10,IN26,54,26,10
2018-09-10,IN28,240,83,13
2018-09-10,IN30,1,0,0
2018-09-10,IN31,11,4,4
2018-09-10,IN33,39,24,0
2018-09-10,IN34,221,114,32
2018-09-10,IN35,278,109,17
2018-09-10,IN36,606,270,49
2018-09-10,IN37,104,52,10
2018-09-10,IN38,39,12,1
2018-09-10,IN39,61,31,15
2018-09-11,IN00,89,19,2
2018-09-11,IN01,9,1,1
2018-09-11,IN02,500,113,18
2018-09-11,IN03,39,13,0
2018-09-11,IN06,11,5,0
2018-09-11,IN07,1299,423,41
2018-09-11,IN09,167,79,2
2018-09-11,IN10,75,30,3
2018-09-11,IN11,12,0,0
2018-09-11,IN12,332,163,5
2018-09-11,IN13,428,171,15
2018-09-11,IN16,1030,377,20
2018-09-11,IN17,8,3,1
2018-09-11,IN19,409,104,12
2018-09-11,IN20,23,3,0
2018-09-11,IN21,79,19,3
2018-09-11,IN22,11,4,0
2018-09-11,IN23,212,86,13
2018-09-11,IN24,348,113,9
2018-09-11,IN25,489,139,22
2018-09-11,IN26,68,36,5
2018-09-11,IN28,194,61,9
2018-09-11,IN30,3,0,0
2018-09-11,IN31,11,2,0
2018-09-11,IN33,45,28,2
2018-09-11,IN34,246,104,13
2018-09-11,IN35,199,86,10
2018-09-11,IN36,467,177,23
2018-09-11,IN37,53,23,3
2018-09-11,IN38,41,8,0
2018-09-11,IN39,101,23,2
2018-09-12,IN00,136,33,1
2018-09-12,IN01,7,6,0
2018-09-12,IN02,366,96,7
2018-09-12,IN03,76,29,0
2018-09-12,IN06,3,0,0
2018-09-12,IN07,1462,424,34
2018-09-12,IN09,282,94,12
2018-09-12,IN10,93,28,0
2018-09-12,IN11,9,1,0
2018-09-12,IN12,297,129,3
2018-09-12,IN13,551,212,19
2018-09-12,IN16,1039,402,2
2018-09-12,IN17,10,8,0
2018-09-12,IN19,405,122,0
2018-09-12,IN20,23,4,0
2018-09-12,IN21,161,27,2
2018-09-12,IN22,6,3,0
2018-09-12,IN23,200,97,11
2018-09-12,IN24,205,69,4
2018-09-12,IN25,323,75,4
2018-09-12,IN26,29,22,3
2018-09-12,IN28,187,47,0
2018-09-12,IN31,3,0,0
2018-09-12,IN33,23,10,2
2018-09-12,IN34,184,104,5
2018-09-12,IN35,269,99,8
2018-09-12,IN36,392,125,3
2018-09-12,IN37,67,17,5
2018-09-12,IN38,46,7,0
2018-09-12,IN39,64,15,4
2018-09-13,IN00,76,9,1
2018-09-13,IN01,6,6,0
2018-09-13,IN02,248,75,4
2018-09-13,IN03,79,14,0
2018-09-13,IN06,5,0,0
2018-09-13,IN07,1370,379,16
2018-09-13,IN09,168,63,3
2018-09-13,IN10,111,31,5
2018-09-13,IN11,38,24,0
2018-09-13,IN12,286,167,4
2018-09-13,IN13,300,121,15
2018-09-13,IN16,747,280,7
2018-09-13,IN17,19,8,0
2018-09-13,IN18,2,1,0
2018-09-13,IN19,272,57,0
2018-09-13,IN20,15,2,0
2018-09-13,IN21,79,18,0
2018-09-13,IN22,5,0,0
2018-09-13,IN23,182,85,9
2018-09-13,IN24,132,30,2
2018-09-13,IN25,268,59,3
2018-09-13,IN26,22,15,0
2018-09-13,IN28,156,31,0
2018-09-13,IN30,1,0,0
2018-09-13,IN31,2,0,0
2018-09-13,IN33,21,1,0
2018-09-13,IN34,155,52,1
2018-09-13,IN35,225,73,2
2018-09-13,IN36,560,226,5
2018-09-13,IN37,64,26,0
2018-09-13,IN38,19,2,0
2018-09-13,IN39,44,7,0
2018-09-14,IN00,121,29,2
2018-09-14,IN01,1,0,0
2018-09-14,IN02,363,116,13
2018-09-14,IN03,70,19,4
2018-09-14,IN06,10,0,0
2018-09-14,IN07,1402,379,15
2018-09-14,IN09,187,75,2
2018-09-14,IN10,142,51,0
2018-09-14,IN11,26,10,0
2018-09-14,IN12,250,95,12
2018-09-14,IN13,500,192,12
2018-09-14,IN16,780,233,20
2018-09-14,IN17,4,4,0
2018-09-14,IN18,5,3,0
2018-09-14,IN19,298,67,4
2018-09-14,IN20,24,7,2
2018-09-14,IN21,101,23,0
2018-09-14,IN23,84,31,1
2018-09-14,IN24,133,17,0
2018-09-14,IN25,229,78,0
2018-09-14,IN26,22,18,0
2018-09-14,IN28,182,41,0
2018-09-14,IN30,3,0,0
2018-09-14,IN31,13,2,0
2018-09-14,IN33,28,1,0
2018-09-14,IN34,139,51,0
2018-09-14,IN35,496,75,10
2018-09-14,IN36,573,209,8
2018-09-14,IN37,50,7,0
2018-09-14,IN38,5,0,0
2018-09-14,IN39,53,14,1
2018-09-15,IN00,145,12,0
2018-09-15,IN01,2,1,1
2018-09-15,IN02,387,133,5
2018-09-15,IN03,73,27,1
2018-09-15,IN06,4,0,0
2018-09-15,IN07,1043,295,8
2018-09-15,IN09,169,74,3
2018-09-15,IN10,130,70,0
2018-09-15,IN11,6,3,0
2018-09-15,IN12,288,147,10
2018-09-15,IN13,535,208,15
2018-09-15,IN14,7,0,0
2018-09-15,IN16,646,227,10
2018-09-15,IN17,41,14,0
2018-09-15,IN18,2,0,0
2018-09-15,IN19,294,62,5
2018-09-15,IN20,74,10,0
2018-09-15,IN21,62,18,1
2018-09-15,IN22,4,0,0
2018-09-15,IN23,138,42,3
2018-09-15,IN24,159,32,1
2018-09-15,IN25,231,59,2
2018-09-15,IN26,40,27,1
2018-09-15,IN28,180,76,1
2018-09-15,IN30,3,2,0
2018-09-15,IN33,61,7,0
2018-09-15,IN34,161,45,1
2018-09-15,IN35,268,95,5
2018-09-15,IN36,446,164,11
2018-09-15,IN37,35,20,0
2018-09-15,IN38,35,13,1
2018-09-15,IN39,36,7,1
2018-09-16,IN00,37,9,2
2018-09-16,IN01,2,0,0
2018-09-16,IN02,321,99,7
2018-09-16,IN03,59,27,2
2018-09-16,IN06,17,3,0
2018-09-16,IN07,892,245,10
2018-09-16,IN09,124,63,2
2018-09-16,IN10,138,72,2
2018-09-16,IN11,7,2,0
2018-09-16,IN12,246,117,8
2018-09-16,IN13,198,55,5
2018-09-16,IN16,439,149,7
2018-09-16,IN17,12,0,0
2018-09-16,IN18,4,0,0
2018-09-16,IN19,163,62,4
2018-09-16,IN20,22,2,0
2018-09-16,IN21,38,4,2
2018-09-16,IN22,5,0,0
2018-09-16,IN23,94,39,3
2018-09-16,IN24,201,35,2
2018-09-16,IN25,195,62,0
2018-09-16,IN26,32,17,1
2018-09-16,IN28,184,58,2
2018-09-16,IN30,7,3,1
2018-09-16,IN33,40,6,0
2018-09-16,IN34,218,52,0
2018-09-16,IN35,147,36,6
2018-09-16,IN36,429,154,3
2018-09-16,IN37,39,3,0
2018-09-16,IN38,11,2,0
2018-09-16,IN39,45,9,0
2018-09-17,IN00,79,23,7
2018-09-17,IN01,2,0,0
2018-09-17,IN02,426,140,14
2018-09-17,IN03,56,16,0
2018-09-17,IN06,11,0,0
2018-09-17,IN07,1248,333,21
2018-09-17,IN09,279,83,4
2018-09-17,IN10,142,58,1
2018-09-17,IN11,28,13,0
2018-09-17,IN12,191,72,5
2018-09-17,IN13,396,127,9
2018-09-17,IN14,13,1,0
2018-09-17,IN16,785,279,11
2018-09-17,IN17,13,5,0
2018-09-17,IN18,8,5,1
2018-09-17,IN19,367,78,10
2018-09-17,IN20,15,0,0
2018-09-17,IN21,75,9,1
2018-09-17,IN22,5,1,0
2018-09-17,IN23,158,52,2
2018-09-17,IN24,176,34,1
2018-09-17,IN25,461,172,12
2018-09-17,IN26,21,6,0
2018-09-17,IN28,204,60,13
2018-09-17,IN30,3,0,0
2018-09-17,IN31,12,7,0
2018-09-17,IN33,50,12,0
2018-09-17,IN34,150,39,4
2018-09-17,IN35,374,54,1
2018-09-17,IN36,469,109,2
2018-09-17,IN37,33,12,0
2018-09-17,IN38,56,15,0
2018-09-17,IN39,79,14,0
2018-09-18,IN00,130,38,1
2018-09-18,IN01,1,0,0
2018-09-18,IN02,403,160,6
2018-09-18,IN03,83,11,0
2018-09-18,IN05,1,0,0
2018-09-18,IN06,7,1,0
2018-09-18,IN07,1334,368,25
2018-09-18,IN09,281,91,4
2018-09-18,IN10,124,57,0
2018-09-18,IN11,26,3,0
2018-09-18,IN12,177,68,7
2018-09-18,IN13,264,87,13
2018-09-18,IN14,1,0,0
2018-09-18,IN16,736,228,7
2018-09-18,IN17,12,1,1
2018-09-18,IN18,7,3,0
2018-09-18,IN19,415,108,6
2018-09-18,IN20,21,3,0
2018-09-18,IN21,126,36,1
2018-09-18,IN22,10,2,0
2018-09-18,IN23,123,33,3
2018-09-18,IN24,133,37,1
2018-09-18,IN25,302,116,22
2018-09-18,IN26,42,12,0
2018-09-18,IN28,153,38,4
2018-09-18,IN33,48,11,0
2018-09-18,IN34,215,62,0
2018-09-18,IN35,200,66,3
2018-09-18,IN36,379,92,9
2018-09-18,IN37,47,8,0
2018-09-18,IN38,34,7,1
2018-09-18,IN39,88,19,0
2018-09-19,IN00,96,23,1
2018-09-19,IN01,1,0,0
2018-09-19,IN02,450,150,3
2018-09-19,IN03,53,16,0
2018-09-19,IN07,1703,495,36
2018-09-19,IN09,251,82,10
2018-09-19,IN10,99,34,0
2018-09-19,IN11,6,2,0
2018-09-19,IN12,234,93,6
2018-09-19,IN13,207,62,8
2018-09-19,IN14,5,0,0
2018-09-19,IN16,896,302,6
2018-09-19,IN17,10,3,3
2018-09-19,IN18,4,1,0
2018-09-19,IN19,359,92,5
2018-09-19,IN20,14,3,0
2018-09-19,IN21,70,28,3
2018-09-19,IN22,2,1,0
2018-09-19,IN23,175,59,9
2018-09-19,IN24,182,39,9
2018-09-19,IN25,320,82,8
2018-09-19,IN26,79,28,0
2018-09-19,IN28,150,49,2
2018-09-19,IN30,2,1,0
2018-09-19,IN31,21,5,0
2018-09-19,IN33,44,7,3
2018-09-19,IN34,144,58,2
2018-09-19,IN35,192,67,3
2018-09-19,IN36,401,159,11
2018-09-19,IN37,58,23,6
2018-09-19,IN38,28,8,1
2018-09-19,IN39,71,17,0
2018-09-20,IN00,237,67,1
2018-09-20,IN02,321,91,7
2018-09-20,IN03,37,12,0
2018-09-20,IN06,9,0,0
2018-09-20,IN07,1627,440,23
2018-09-20,IN09,228,83,17
2018-09-20,IN10,100,43,1
2018-09-20,IN11,39,22,0
2018-09-20,IN12,459,163,6
2018-09-20,IN13,446,186,16
2018-09-20,IN16,1107,324,10
2018-09-20,IN17,3,0,0
2018-09-20,IN18,8,3,2
2018-09-20,IN19,352,95,3
2018-09-20,IN20,15,1,0
2018-09-20,IN21,153,68,1
2018-09-20,IN22,13,1,0
2018-09-20,IN23,308,91,10
2018-09-20,IN24,258,61,3
2018-09-20,IN25,259,56,1
2018-09-20,IN26,29,6,2
2018-09-20,IN28,205,75,4
2018-09-20,IN31,1,0,0
2018-09-20,IN33,21,4,0
2018-09-20,IN34,352,131,2
2018-09-20,IN35,198,85,2
2018-09-20,IN36,513,226,10
2018-09-20,IN37,73,24,0
2018-09-20,IN38,26,6,0
2018-09-20,IN39,67,14,0
2018-09-21,IN00,254,48,3
2018-09-21,IN01,10,1,0
2018-09-21,IN02,264,82,6
2018-09-21,IN03,44,14,1
2018-09-21,IN07,1462,424,9
2018-09-21,IN09,176,42,4
2018-09-21,IN10,103,32,0
2018-09-21,IN11,6,3,0
2018-09-21,IN12,688,302,6
2018-09-21,IN13,468,197,19
2018-09-21,IN14,1,0,0
2018-09-21,IN16,879,289,11
2018-09-21,IN17,54,24,2
2018-09-21,IN18,16,2,1
2018-09-21,IN19,329,96,9
2018-09-21,IN20,25,3,0
2018-09-21,IN21,128,43,2
2018-09-21,IN22,6,1,0
2018-09-21,IN23,298,114,9
2018-09-21,IN24,185,44,3
2018-09-21,IN25,304,71,3
2018-09-21,IN26,21,2,0
2018-09-21,IN28,197,83,3
2018-09-21,IN29,1,0,0
2018-09-21,IN30,8,6,0
2018-09-21,IN31,7,0,0
2018-09-21,IN33,19,8,0
2018-09-21,IN34,218,119,6
2018-09-21,IN35,257,106,10
2018-09-21,IN36,471,151,8
2018-09-21,IN37,116,42,0
2018-09-21,IN38,39,9,0
2018-09-21,IN39,60,28,0
2018-09-22,IN00,237,53,1
2018-09-22,IN01,16,8,1
2018-09-22,IN02,269,76,3
2018-09-22,IN03,34,13,3
2018-09-22,IN07,1391,433,14
2018-09-22,IN09,119,32,1
2018-09-22,IN10,71,20,0
2018-09-22,IN11,16,1,0
2018-09-22,IN12,391,156,3
2018-09-22,IN13,298,144,7
2018-09-22,IN16,674,218,7
2018-09-22,IN17,1,0,0
2018-09-22,IN18,6,0,0
2018-09-22,IN19,228,46,4
2018-09-22,IN20,32,0,0
2018-09-22,IN21,161,47,0
2018-09-22,IN22,4,0,0
2018-09-22,IN23,200,75,4
2018-09-22,IN24,244,68,2
2018-09-22,IN25,249,72,3
2018-09-22,IN26,15,6,0
2018-09-22,IN28,161,60,9
2018-09-22,IN29,2,0,0
2018-09-22,IN31,2,0,0
2018-09-22,IN33,33,9,0
2018-09-22,IN34,94,40,0
2018-09-22,IN35,198,78,4
2018-09-22,IN36,318,109,0
2018-09-22,IN37,123,35,2
2018-09-22,IN38,28,4,0
2018-09-22,IN39,39,10,0
2018-09-23,IN00,127,41,0
2018-09-23,IN01,4,2,0
2018-09-23,IN02,456,174,3
2018-09-23,IN03,52,14,1
2018-09-23,IN06,4,1,0
2018-09-23,IN07,1287,370,10
2018-09-23,IN09,167,60,4
2018-09-23,IN10,81,18,2
2018-09-23,IN11,17,3,0
2018-09-23,IN12,274,121,3
2018-09-23,IN13,144,58,5
2018-09-23,IN14,4,2,0
2018-09-23,IN16,473,99,7
2018-09-23,IN17,9,2,2
2018-09-23,IN18,5,0,0
2018-09-23,IN19,215,50,0
2018-09-23,IN20,56,4,0
2018-09-23,IN21,78,26,0
2018-09-23,IN22,4,0,0
2018-09-23,IN23,188,78,5
2018-09-23,IN24,172,53,1
2018-09-23,IN25,285,111,2
2018-09-23,IN26,35,10,0
2018-09-23,IN28,147,56,3
2018-09-23,IN29,1,0,0
2018-09-23,IN31,7,0,0
2018-09-23,IN33,15,3,0
2018-09-23,IN34,107,38,0
2018-09-23,IN35,99,29,0
2018-09-23,IN36,300,78,4
2018-09-23,IN37,23,6,0
2018-09-23,IN38,120,12,0
2018-09-23,IN39,46,5,0
2018-09-24,IN00,230,48,0
2018-09-24,IN01,6,1,0
2018-09-24,IN02,427,139,3
2018-09-24,IN03,68,22,1
2018-09-24,IN05,2,0,0
2018-09-24,IN06,4,1,0
2018-09-24,IN07,1431,442,8
2018-09-24,IN09,313,100,12
2018-09-24,IN10,75,27,0
2018-09-24,IN11,23,9,0
2018-09-24,IN12,318,110,6
2018-09-24,IN13,269,107,5
2018-09-24,IN14,5,2,0
2018-09-24,IN16,751,196,5
2018-09-24,IN17,14,6,0
2018-09-24,IN18,6,1,0
2018-09-24,IN19,292,97,1
2018-09-24,IN20,23,7,0
2018-09-24,IN21,130,53,2
2018-09-24,IN22,4,2,0
2018-09-24,IN23,147,70,4
2018-09-24,IN24,155,34,2
2018-09-24,IN25,311,81,4
2018-09-24,IN26,37,8,0
2018-09-24,IN28,215,77,9
2018-09-24,IN33,37,4,0
2018-09-24,IN34,153,60,3
2018-09-24,IN35,269,59,3
2018-09-24,IN36,626,199,6
2018-09-24,IN37,96,36,3
2018-09-24,IN38,76,12,0
2018-09-24,IN39,85,6,1
2018-09-25,IN00,172,39,0
2018-09-25,IN01,7,0,0
2018-09-25,IN02,283,95,7
2018-09-25,IN03,58,13,1
2018-09-25,IN05,1,1,0
2018-09-25,IN06,2,0,0
2018-09-25,IN07,1439,453,13
2018-09-25,IN09,251,78,7
2018-09-25,IN10,85,25,0
2018-09-25,IN11,59,13,0
2018-09-25,IN12,344,114,4
2018-09-25,IN13,301,90,7
2018-09-25,IN16,796,248,6
2018-09-25,IN17,3,2,0
2018-09-25,IN18,1,0,0
2018-09-25,IN19,354,92,5
2018-09-25,IN20,30,7,0
2018-09-25,IN21,99,25,0
2018-09-25,IN22,3,2,0
2018-09-25,IN23,144,41,0
2018-09-25,IN24,169,25,1
2018-09-25,IN25,361,103,8
2018-09-25,IN26,43,15,2
2018-09-25,IN28,205,51,8
2018-09-25,IN30,7,2,0
2018-09-25,IN31,4,4,0
2018-09-25,IN33,32,4,1
2018-09-25,IN34,186,68,1
2018-09-25,IN35,317,77,7
2018-09-25,IN36,635,201,21
2018-09-25,IN37,108,47,5
2018-09-25,IN38,45,7,0
2018-09-25,IN39,47,9,0
2018-09-26,IN00,157,44,2
2018-09-26,IN01,2,0,0
2018-09-26,IN02,343,86,9
2018-09-26,IN03,55,10,0
2018-09-26,IN06,2,0,0
2018-09-26,IN07,1383,367,17
2018-09-26,IN09,209,58,7
2018-09-26,IN10,76,17,0
2018-09-26,IN11,72,10,0
2018-09-26,IN12,286,90,8
2018-09-26,IN13,225,43,9
2018-09-26,IN14,1,0,0
2018-09-26,IN16,746,195,14
2018-09-26,IN17,21,6,0
2018-09-26,IN18,9,0,0
2018-09-26,IN19,384,84,2
2018-09-26,IN20,32,9,0
2018-09-26,IN21,81,18,0
2018-09-26,IN22,3,1,0
2018-09-26,IN23,178,46,1
2018-09-26,IN24,182,49,5
2018-09-26,IN25,337,97,13
2018-09-26,IN26,15,1,0
2018-09-26,IN28,306,158,43
2018-09-26,IN30,4,1,0
2018-09-26,IN31,22,3,0
2018-09-26,IN33,30,3,0
2018-09-26,IN34,195,35,0
2018-09-26,IN35,199,64,5
2018-09-26,IN36,455,161,5
2018-09-26,IN37,75,20,1
2018-09-26,IN38,34,5,0
2018-09-26,IN39,54,10,0
2018-09-27,IN00,178,38,1
2018-09-27,IN01,13,1,1
2018-09-27,IN02,341,107,6
2018-09-27,IN03,30,1,0
2018-09-27,IN07,1142,301,21
2018-09-27,IN09,211,75,2
2018-09-27,IN10,69,18,0
2018-09-27,IN11,17,3,0
2018-09-27,IN12,379,171,5
2018-09-27,IN13,289,87,1
2018-09-27,IN14,2,0,0
2018-09-27,IN16,784,211,20
2018-09-27,IN17,23,11,1
2018-09-27,IN18,1,0,0
2018-09-27,IN19,339,74,0
2018-09-27,IN20,20,7,2
2018-09-27,IN21,64,9,0
2018-09-27,IN22,6,2,0
2018-09-27,IN23,132,56,4
2018-09-27,IN24,181,60,0
2018-09-27,IN25,277,85,2
2018-09-27,IN26,64,13,2
2018-09-27,IN28,174,45,5
2018-09-27,IN30,2,0,0
2018-09-27,IN31,7,1,0
2018-09-27,IN32,1,0,0
2018-09-27,IN33,25,3,0
2018-09-27,IN34,135,46,2
2018-09-27,IN35,291,96,0
2018-09-27,IN36,725,252,4
2018-09-27,IN37,56,16,0
2018-09-27,IN38,18,1,0
2018-09-27,IN39,40,18,1
2018-09-28,IN00,134,50,0
2018-09-28,IN01,2,0,0
2018-09-28,IN02,270,105,2
2018-09-28,IN03,59,5,0
2018-09-28,IN06,2,2,0
2018-09-28,IN07,1495,468,25
2018-09-28,IN09,219,66,2
2018-09-28,IN10,68,21,0
2018-09-28,IN11,44,11,0
2018-09-28,IN12,387,167,9
2018-09-28,IN13,577,190,2
2018-09-28,IN16,1230,500,32
2018-09-28,IN17,16,9,0
2018-09-28,IN18,1,0,0
2018-09-28,IN19,334,90,4
2018-09-28,IN20,33,5,0
2018-09-28,IN21,72,24,2
2018-09-28,IN22,7,2,0
2018-09-28,IN23,148,67,3
2018-09-28,IN24,155,41,2
2018-09-28,IN25,255,81,5
2018-09-28,IN26,46,13,2
2018-09-28,IN28,196,64,6
2018-09-28,IN30,32,17,5
2018-09-28,IN31,3,1,0
2018-09-28,IN33,30,9,0
2018-09-28,IN34,229,73,5
2018-09-28,IN35,285,83,3
2018-09-28,IN36,586,185,9
2018-09-28,IN37,51,9,0
2018-09-28,IN38,35,4,0
2018-09-28,IN39,73,25,0
2018-09-29,IN00,58,28,0
2018-09-29,IN01,2,0,0
2018-09-29,IN02,223,85,1
2018-09-29,IN03,60,8,0
2018-09-29,IN06,13,0,0
2018-09-29,IN07,829,262,19
2018-09-29,IN09,209,33,0
2018-09-29,IN10,73,28,5
2018-09-29,IN11,37,12,0
2018-09-29,IN12,375,152,6
2018-09-29,IN13,348,112,2
2018-09-29,IN14,1,0,0
2018-09-29,IN16,776,276,12
2018-09-29,IN17,7,1,0
2018-09-29,IN19,255,70,6
2018-09-29,IN20,24,1,0
2018-09-29,IN21,35,6,1
2018-09-29,IN22,2,1,0
2018-09-29,IN23,163,75,0
2018-09-29,IN24,158,59,4
2018-09-29,IN25,228,54,3
2018-09-29,IN26,27,4,0
2018-09-29,IN28,153,33,0
2018-09-29,IN30,15,9,4
2018-09-29,IN31,4,2,0
2018-09-29,IN33,31,2,0
2018-09-29,IN34,174,61,13
2018-09-29,IN35,151,53,2
2018-09-29,IN36,725,359,3
2018-09-29,IN37,60,17,0
2018-09-29,IN38,16,2,1
2018-09-29,IN39,22,11,0
2018-09-30,IN00,114,35,0
2018-09-30,IN02,220,72,0
2018-09-30,IN03,81,22,0
2018-09-30,IN06,2,0,0
2018-09-30,IN07,978,306,16
2018-09-30,IN09,232,40,2
2018-09-30,IN10,62,31,0
2018-09-30,IN11,34,6,0
2018-09-30,IN12,433,198,5
2018-09-30,IN13,163,37,0
2018-09-30,IN14,1,0,0
2018-09-30,IN16,546,177,2
2018-09-30,IN17,7,0,0
2018-09-30,IN18,2,2,0
2018-09-30,IN19,151,50,3
2018-09-30,IN20,46,7,0
2018-09-30,IN21,36,12,2
2018-09-30,IN22,2,0,0
2018-09-30,IN23,92,29,0
2018-09-30,IN24,164,40,4
2018-09-30,IN25,176,57,2
2018-09-30,IN26,45,6,0
2018-09-30,IN28,98,20,0
2018-09-30,IN30,5,1,0
2018-09-30,IN31,6,0,0
2018-09-30,IN33,13,3,0
2018-09-30,IN34,100,50,5
2018-09-30,IN35,212,65,0
2018-09-30,IN36,727,282,6
2018-09-30,IN37,32,12,0
2018-09-30,IN38,55,27,1
2018-09-30,IN39,55,14,2
2018-10-01,IN00,135,39,1
2018-10-01,IN01,2,1,0
2018-10-01,IN02,293,71,2
2018-10-01,IN03,40,10,0
2018-10-01,IN07,1300,369,13
2018-10-01,IN09,231,80,1
2018-10-01,IN10,86,23,0
2018-10-01,IN11,18,5,0
2018-10-01,IN12,302,110,2
2018-10-01,IN13,273,90,7
2018-10-01,IN16,1001,342,11
2018-10-01,IN17,3,0,0
2018-10-01,IN18,4,0,0
2018-10-01,IN19,329,64,4
2018-10-01,IN20,100,12,3
2018-10-01,IN21,86,29,2
2018-10-01,IN22,3,0,0
2018-10-01,IN23,156,36,2
2018-10-01,IN24,226,60,1
2018-10-01,IN25,267,74,12
2018-10-01,IN26,79,15,1
2018-10-01,IN28,238,58,8
2018-10-01,IN31,9,4,0
2018-10-01,IN33,22,2,0
2018-10-01,IN34,155,45,2
2018-10-01,IN35,177,45,2
2018-10-01,IN36,880,386,5
2018-10-01,IN37,56,21,6
2018-10-01,IN38,28,4,1
2018-10-01,IN39,68,17,0
2018-10-02,IN00,81,22,0
2018-10-02,IN01,11,3,0
2018-10-02,IN02,310,89,3
2018-10-02,IN03,49,8,0
2018-10-02,IN06,3,0,0
2018-10-02,IN07,1579,518,44
2018-10-02,IN09,133,46,1
2018-10-02,IN10,95,38,1
2018-10-02,IN11,18,3,1
2018-10-02,IN12,224,100,8
2018-10-02,IN13,229,68,6
2018-10-02,IN14,4,0,0
2018-10-02,IN16,1067,335,28
2018-10-02,IN17,14,1,0
2018-10-02,IN18,2,0,0
2018-10-02,IN19,218,51,0
2018-10-02,IN20,67,12,2
2018-10-02,IN21,82,25,1
2018-10-02,IN22,19,5,0
2018-10-02,IN23,131,22,0
2018-10-02,IN24,180,24,0
2018-10-02,IN25,303,73,22
2018-10-02,IN26,22,6,0
2018-10-02,IN28,286,110,5
2018-10-02,IN31,2,0,0
2018-10-02,IN33,9,0,0
2018-10-02,IN34,130,45,0
2018-10-02,IN35,185,72,10
2018-10-02,IN36,995,378,57
2018-10-02,IN37,26,8,0
2018-10-02,IN38,43,7,1
2018-10-02,IN39,77,38,12
2018-10-03,IN00,163,32,1
2018-10-03,IN01,4,1,0
2018-10-03,IN02,308,73,9
2018-10-03,IN03,177,62,1
2018-10-03,IN07,1805,499,35
2018-10-03,IN09,218,60,5
2018-10-03,IN10,150,61,0
2018-10-03,IN11,37,9,0
2018-10-03,IN12,298,109,7
2018-10-03,IN13,393,147,9
2018-10-03,IN14,8,0,0
2018-10-03,IN16,902,264,15
2018-10-03,IN17,5,1,0
2018-10-03,IN18,1,1,1
2018-10-03,IN19,373,87,9
2018-10-03,IN20,36,6,0
2018-10-03,IN21,54,16,3
2018-10-03,IN22,18,6,1
2018-10-03,IN23,148,46,4
2018-10-03,IN24,166,28,3
2018-10-03,IN25,380,137,30
2018-10-03,IN26,38,14,0
2018-10-03,IN28,315,124,5
2018-10-03,IN30,5,0,0
2018-10-03,IN31,11,2,0
2018-10-03,IN33,19,5,0
2018-10-03,IN34,160,76,0
2018-10-03,IN35,307,102,14
2018-10-03,IN36,735,263,25
2018-10-03,IN37,70,25,1
2018-10-03,IN38,16,4,0
2018-10-03,IN39,81,30,2
2018-10-04,IN00,134,27,2
2018-10-04,IN01,16,3,0
2018-10-04,IN02,327,99,3
2018-10-04,IN03,270,109,0
2018-10-04,IN06,4,0,0
2018-10-04,IN07,2131,522,48
2018-10-04,IN09,258,102,4
2018-10-04,IN10,115,33,0
2018-10-04,IN11,30,5,0
2018-10-04,IN12,234,106,5
2018-10-04,IN13,280,101,9
2018-10-04,IN14,5,2,0
2018-10-04,IN16,914,300,5
2018-10-04,IN17,13,6,1
2018-10-04,IN18,2,1,0
2018-10-04,IN19,349,76,2
2018-10-04,IN20,49,5,0
2018-10-04,IN21,67,28,1
2018-10-04,IN22,15,1,0
2018-10-04,IN23,125,37,3
2018-10-04,IN24,180,48,4
2018-10-04,IN25,303,61,4
2018-10-04,IN26,30,6,0
2018-10-04,IN28,187,73,6
2018-10-04,IN31,6,1,0
2018-10-04,IN33,31,9,2
2018-10-04,IN34,173,89,1
2018-10-04,IN35,210,59,3
2018-10-04,IN36,703,299,11
2018-10-04,IN37,62,25,0
2018-10-04,IN38,23,6,0
2018-10-04,IN39,30,9,1
2018-10-05,IN00,187,43,3
2018-10-05,IN01,14,4,1
2018-10-05,IN02,455,83,9
2018-10-05,IN03,124,43,0
2018-10-05,IN06,3,0,0
2018-10-05,IN07,2085,454,20
2018-10-05,IN09,262,115,7
2018-10-05,IN10,71,31,1
2018-10-05,IN11,36,5,0
2018-10-05,IN12,379,149,7
2018-10-05,IN13,284,73,16
2018-10-05,IN16,828,242,4
2018-10-05,IN17,20,4,0
2018-10-05,IN18,4,0,0
2018-10-05,IN19,390,65,1
2018-10-05,IN20,20,1,0
2018-10-05,IN21,81,19,1
2018-10-05,IN22,5,1,0
2018-10-05,IN23,110,43,5
2018-10-05,IN24,159,38,1
2018-10-05,IN25,314,86,0
2018-10-05,IN26,32,8,0
2018-10-05,IN28,218,84,4
2018-10-05,IN30,5,2,0
2018-10-05,IN31,24,6,0
2018-10-05,IN33,35,17,1
2018-10-05,IN34,204,74,6
2018-10-05,IN35,215,64,1
2018-10-05,IN36,651,236,14
2018-10-05,IN37,87,23,0
2018-10-05,IN38,28,1,0
2018-10-05,IN39,83,13,1
2018-10-06,IN00,103,34,0
2018-10-06,IN01,10,4,0
2018-10-06,IN02,291,69,8
2018-10-06,IN03,71,17,1
2018-10-06,IN06,1,0,0
2018-10-06,IN07,1065,254,18
2018-10-06,IN09,222,102,4
2018-10-06,IN10,43,14,0
2018-10-06,IN11,9,4,0
2018-10-06,IN12,242,93,6
2018-10-06,IN13,171,45,2
2018-10-06,IN14,3,0,0
2018-10-06,IN16,651,252,15
2018-10-06,IN17,39,18,1
2018-10-06,IN18,6,5,0
2018-10-06,IN19,285,64,2
2018-10-06,IN20,37,7,0
2018-10-06,IN21,66,11,0
2018-10-06,IN22,5,3,0
2018-10-06,IN23,106,51,0
2018-10-06,IN24,257,39,9
2018-10-06,IN25,170,42,3
2018-10-06,IN26,27,2,1
2018-10-06,IN28,174,57,2
2018-10-06,IN30,15,3,0
2018-10-06,IN31,20,4,0
2018-10-06,IN33,27,11,3
2018-10-06,IN34,195,74,1
2018-10-06,IN35,460,119,15
2018-10-06,IN36,437,159,8
2018-10-06,IN37,112,31,0
2018-10-06,IN38,39,9,2
2018-10-06,IN39,38,13,1
2018-10-07,IN00,83,23,0
2018-10-07,IN01,1,1,0
2018-10-07,IN02,366,95,9
2018-10-07,IN03,54,11,1
2018-10-07,IN06,1,1,0
2018-10-07,IN07,832,182,18
2018-10-07,IN09,391,194,17
2018-10-07,IN10,47,19,0
2018-10-07,IN11,17,4,0
2018-10-07,IN12,171,64,0
2018-10-07,IN13,216,69,16
2018-10-07,IN14,6,0,0
2018-10-07,IN16,464,162,8
2018-10-07,IN17,1,0,0
2018-10-07,IN18,3,0,0
2018-10-07,IN19,178,53,8
2018-10-07,IN20,17,3,0
2018-10-07,IN21,45,5,0
2018-10-07,IN22,2,1,0
2018-10-07,IN23,145,81,18
2018-10-07,IN24,129,27,1
2018-10-07,IN25,102,34,2
2018-10-07,IN26,29,11,0
2018-10-07,IN28,132,47,1
2018-10-07,IN31,8,4,0
2018-10-07,IN33,5,2,0
2018-10-07,IN34,196,91,1
2018-10-07,IN35,229,77,3
2018-10-07,IN36,304,130,13
2018-10-07,IN37,48,14,2
2018-10-07,IN38,6,3,3
2018-10-07,IN39,87,16,0
2018-10-08,IN00,178,49,2
2018-10-08,IN01,1,0,0
2018-10-08,IN02,272,61,3
2018-10-08,IN03,46,8,1
2018-10-08,IN06,6,0,0
2018-10-08,IN07,1229,336,36
2018-10-08,IN09,534,241,8
2018-10-08,IN10,67,17,0
2018-10-08,IN11,6,0,0
2018-10-08,IN12,275,130,12
2018-10-08,IN13,267,81,19
2018-10-08,IN14,8,0,0
2018-10-08,IN16,739,230,13
2018-10-08,IN17,9,0,0
2018-10-08,IN18,4,1,0
2018-10-08,IN19,384,95,14
2018-10-08,IN20,18,1,0
2018-10-08,IN21,59,16,1
2018-10-08,IN22,3,1,0
2018-10-08,IN23,53,30,4
2018-10-08,IN24,147,25,1
2018-10-08,IN25,365,110,23
2018-10-08,IN26,15,3,0
2018-10-08,IN28,122,37,1
2018-10-08,IN31,2,1,0
2018-10-08,IN33,45,2,0
2018-10-08,IN34,501,227,12
2018-10-08,IN35,154,53,2
2018-10-08,IN36,605,240,19
2018-10-08,IN37,36,7,0
2018-10-08,IN38,17,0,0
2018-10-08,IN39,146,32,2
2018-10-09,IN00,118,44,4
2018-10-09,IN01,8,2,0
2018-10-09,IN02,255,70,3
2018-10-09,IN03,35,5,1
2018-10-09,IN06,3,2,0
2018-10-09,IN07,1454,414,34
2018-10-09,IN09,524,230,9
2018-10-09,IN10,70,25,0
2018-10-09,IN11,23,6,0
2018-10-09,IN12,212,82,14
2018-10-09,IN13,256,64,7
2018-10-09,IN16,736,272,8
2018-10-09,IN17,6,1,0
2018-10-09,IN18,7,0,0
2018-10-09,IN19,348,75,8
2018-10-09,IN20,4,1,0
2018-10-09,IN21,65,22,0
2018-10-09,IN22,4,2,0
2018-10-09,IN23,174,61,12
2018-10-09,IN24,256,52,2
2018-10-09,IN25,592,296,12
2018-10-09,IN26,39,11,0
2018-10-09,IN28,259,120,16
2018-10-09,IN30,6,0,0
2018-10-09,IN31,7,1,0
2018-10-09,IN33,30,7,0
2018-10-09,IN34,512,233,5
2018-10-09,IN35,190,63,4
2018-10-09,IN36,665,277,17
2018-10-09,IN37,145,43,0
2018-10-09,IN38,44,8,1
2018-10-09,IN39,106,38,0
2018-10-10,IN00,257,72,0
2018-10-10,IN01,2,0,0
2018-10-10,IN02,317,81,7
2018-10-10,IN03,53,18,1
2018-10-10,IN06,15,7,1
2018-10-10,IN07,1337,436,25
2018-10-10,IN09,290,107,6
2018-10-10,IN10,76,17,0
2018-10-10,IN11,12,4,0
2018-10-10,IN12,177,69,2
2018-10-10,IN13,286,93,7
2018-10-10,IN14,9,2,0
2018-10-10,IN16,841,282,11
2018-10-10,IN17,18,3,0
2018-10-10,IN18,8,0,0
2018-10-10,IN19,444,89,7
2018-10-10,IN20,56,13,0
2018-10-10,IN21,128,36,1
2018-10-10,IN23,186,99,8
2018-10-10,IN24,187,51,2
2018-10-10,IN25,396,166,5
2018-10-10,IN26,27,5,0
2018-10-10,IN28,337,140,10
2018-10-10,IN31,20,1,0
2018-10-10,IN33,44,9,1
2018-10-10,IN34,270,99,3
2018-10-10,IN35,155,54,2
2018-10-10,IN36,406,178,6
2018-10-10,IN37,153,42,2
2018-10-10,IN38,30,6,0
2018-10-10,IN39,65,7,0
2018-10-11,IN00,163,47,2
2018-10-11,IN02,340,81,4
2018-10-11,IN03,53,13,0
2018-10-11,IN06,15,3,0
2018-10-11,IN07,1404,408,24
2018-10-11,IN09,230,69,7
2018-10-11,IN10,124,51,2
2018-10-11,IN11,43,9,2
2018-10-11,IN12,230,100,7
2018-10-11,IN13,264,95,19
2018-10-11,IN16,827,268,13
2018-10-11,IN17,6,0,0
2018-10-11,IN18,3,1,0
2018-10-11,IN19,427,96,3
2018-10-11,IN20,15,1,0
2018-10-11,IN21,155,50,3
2018-10-11,IN22,2,0,0
2018-10-11,IN23,86,26,1
2018-10-11,IN24,165,52,3
2018-10-11,IN25,347,98,7
2018-10-11,IN26,55,12,1
2018-10-11,IN28,190,50,1
2018-10-11,IN30,3,0,0
2018-10-11,IN31,18,3,0
2018-10-11,IN33,23,5,0
2018-10-11,IN34,179,76,9
2018-10-11,IN35,177,62,0
2018-10-11,IN36,379,136,10
2018-10-11,IN37,82,15,0
2018-10-11,IN38,30,12,0
2018-10-11,IN39,99,25,2
2018-10-12,IN00,147,35,0
2018-10-12,IN01,7,3,0
2018-10-12,IN02,306,88,2
2018-10-12,IN03,42,9,1
2018-10-12,IN06,11,1,0
2018-10-12,IN07,1426,394,18
2018-10-12,IN09,216,78,4
2018-10-12,IN10,88,36,1
2018-10-12,IN11,13,3,0
2018-10-12,IN12,278,115,1
2018-10-12,IN13,207,60,12
2018-10-12,IN14,2,0,0
2018-10-12,IN16,833,282,15
2018-10-12,IN18,1,1,0
2018-10-12,IN19,455,105,5
2018-10-12,IN20,16,6,0
2018-10-12,IN21,76,23,0
2018-10-12,IN22,1,0,0
2018-10-12,IN23,98,39,8
2018-10-12,IN24,113,25,0
2018-10-12,IN25,533,162,9
2018-10-12,IN26,20,0,0
2018-10-12,IN28,202,58,7
2018-10-12,IN31,15,10,0
2018-10-12,IN33,54,8,0
2018-10-12,IN34,138,63,16
2018-10-12,IN35,229,103,3
2018-10-12,IN36,414,115,5
2018-10-12,IN37,76,20,0
2018-10-12,IN38,12,4,0
2018-10-12,IN39,140,49,13
2018-10-13,IN00,170,44,2
2018-10-13,IN01,6,0,0
2018-10-13,IN02,221,63,2
2018-10-13,IN03,60,17,2
2018-10-13,IN06,2,0,0
2018-10-13,IN07,929,269,22
2018-10-13,IN09,233,121,15
2018-10-13,IN10,150,83,13
2018-10-13,IN11,8,3,0
2018-10-13,IN12,181,94,5
2018-10-13,IN13,283,88,20
2018-10-13,IN14,2,0,0
2018-10-13,IN16,627,215,13
2018-10-13,IN17,3,2,0
2018-10-13,IN19,331,93,5
2018-10-13,IN20,6,0,0
2018-10-13,IN21,69,20,0
2018-10-13,IN22,2,2,0
2018-10-13,IN23,77,36,3
2018-10-13,IN24,138,38,1
2018-10-13,IN25,255,75,2
2018-10-13,IN26,19,0,0
2018-10-13,IN28,162,31,1
2018-10-13,IN31,5,0,0
2018-10-13,IN33,24,3,0
2018-10-13,IN34,202,86,1
2018-10-13,IN35,170,59,1
2018-10-13,IN36,273,105,1
2018-10-13,IN37,123,30,0
2018-10-13,IN38,8,1,0
2018-10-13,IN39,78,26,0
2018-10-14,IN00,170,40,0
2018-10-14,IN01,5,0,0
2018-10-14,IN02,189,34,3
2018-10-14,IN03,61,23,0
2018-10-14,IN06,3,3,0
2018-10-14,IN07,835,260,30
2018-10-14,IN09,154,47,0
2018-10-14,IN10,138,89,4
2018-10-14,IN11,12,0,0
2018-10-14,IN12,264,101,20
2018-10-14,IN13,104,48,13
2018-10-14,IN16,553,200,18
2018-10-14,IN17,11,4,0
2018-10-14,IN18,3,2,0
2018-10-14,IN19,251,61,1
2018-10-14,IN20,40,3,1
2018-10-14,IN21,32,15,0
2018-10-14,IN22,7,1,0
2018-10-14,IN23,96,22,5
2018-10-14,IN24,106,28,1
2018-10-14,IN25,144,48,4
2018-10-14,IN26,8,1,0
2018-10-14,IN28,117,19,0
2018-10-14,IN31,3,0,0
2018-10-14,IN33,59,12,0
2018-10-14,IN34,119,54,2
2018-10-14,IN35,208,45,1
2018-10-14,IN36,387,102,7
2018-10-14,IN37,43,12,2
2018-10-14,IN38,19,8,0
2018-10-14,IN39,62,7,2
2018-10-15,IN00,177,38,0
2018-10-15,IN01,1,0,0
2018-10-15,IN02,263,62,1
2018-10-15,IN03,131,50,0
2018-10-15,IN06,4,0,0
2018-10-15,IN07,1427,451,71
2018-10-15,IN09,264,69,2
2018-10-15,IN10,124,32,0
2018-10-15,IN11,51,4,0
2018-10-15,IN12,324,110,17
2018-10-15,IN13,386,138,34
2018-10-15,IN14,2,0,0
2018-10-15,IN16,989,357,19
2018-10-15,IN17,1,0,0
2018-10-15,IN18,5,1,0
2018-10-15,IN19,409,126,0
2018-10-15,IN20,15,2,0
2018-10-15,IN21,78,18,1
2018-10-15,IN22,3,2,0
2018-10-15,IN23,198,92,3
2018-10-15,IN24,170,60,2
2018-10-15,IN25,314,75,9
2018-10-15,IN26,12,3,0
2018-10-15,IN28,149,37,0
2018-10-15,IN30,3,2,0
2018-10-15,IN31,1,1,0
2018-10-15,IN33,116,14,0
2018-10-15,IN34,179,72,12
2018-10-15,IN35,387,111,21
2018-10-15,IN36,652,248,16
2018-10-15,IN37,59,18,1
2018-10-15,IN38,13,0,0
2018-10-15,IN39,80,18,3
2018-10-16,IN00,183,55,1
2018-10-16,IN01,9,0,0
2018-10-16,IN02,392,106,5
2018-10-16,IN03,65,21,1
2018-10-16,IN05,1,0,0
2018-10-16,IN06,4,0,0
2018-10-16,IN07,1349,392,11
2018-10-16,IN09,219,73,1
2018-10-16,IN10,172,73,6
2018-10-16,IN11,26,3,0
2018-10-16,IN12,208,90,4
2018-10-16,IN13,285,108,35
2018-10-16,IN16,871,270,19
2018-10-16,IN17,22,5,3
2018-10-16,IN19,384,98,4
2018-10-16,IN20,11,1,0
2018-10-16,IN21,40,9,0
2018-10-16,IN23,111,30,2
2018-10-16,IN24,144,36,8
2018-10-16,IN25,308,106,16
2018-10-16,IN26,28,5,2
2018-10-16,IN28,168,28,2
2018-10-16,IN30,5,1,0
2018-10-16,IN33,77,12,1
2018-10-16,IN34,205,96,3
2018-10-16,IN35,206,43,2
2018-10-16,IN36,709,220,26
2018-10-16,IN37,77,29,5
2018-10-16,IN38,23,7,5
2018-10-16,IN39,101,33,3
2018-10-17,IN00,160,47,0
2018-10-17,IN01,5,0,0
2018-10-17,IN02,270,86,3
2018-10-17,IN03,56,17,0
2018-10-17,IN05,7,6,3
2018-10-17,IN06,5,3,0
2018-10-17,IN07,1323,402,17
2018-10-17,IN09,188,65,7
2018-10-17,IN10,195,86,5
2018-10-17,IN11,48,10,0
2018-10-17,IN12,245,118,1
2018-10-17,IN13,629,281,61
2018-10-17,IN16,925,320,13
2018-10-17,IN17,4,0,0
2018-10-17,IN18,4,0,0
2018-10-17,IN19,316,107,11
2018-10-17,IN20,37,12,0
2018-10-17,IN21,42,7,0
2018-10-17,IN22,10,4,1
2018-10-17,IN23,117,37,0
2018-10-17,IN24,193,60,2
2018-10-17,IN25,212,75,6
2018-10-17,IN26,8,0,0
2018-10-17,IN28,133,43,0
2018-10-17,IN30,1,0,0
2018-10-17,IN31,23,9,0
2018-10-17,IN33,70,19,0
2018-10-17,IN34,176,76,1
2018-10-17,IN35,194,64,2
2018-10-17,IN36,464,155,6
2018-10-17,IN37,62,17,5
2018-10-17,IN38,31,9,0
2018-10-17,IN39,57,15,1
2018-10-18,IN00,91,30,0
2018-10-18,IN01,3,2,0
2018-10-18,IN02,122,32,1
2018-10-18,IN03,38,10,0
2018-10-18,IN06,2,1,0
2018-10-18,IN07,1209,365,24
2018-10-18,IN09,117,27,1
2018-10-18,IN10,132,59,5
2018-10-18,IN11,27,6,0
2018-10-18,IN12,204,92,9
2018-10-18,IN13,635,280,40
2018-10-18,IN14,6,1,0
2018-10-18,IN16,667,231,5
2018-10-18,IN17,1,1,0
2018-10-18,IN18,4,0,0
2018-10-18,IN19,255,52,4
2018-10-18,IN21,27,1,0
2018-10-18,IN22,8,0,0
2018-10-18,IN23,157,52,5
2018-10-18,IN24,149,48,2
2018-10-18,IN25,141,62,2
2018-10-18,IN26,9,2,0
2018-10-18,IN28,69,16,0
2018-10-18,IN30,3,0,0
2018-10-18,IN31,19,3,0
2018-10-18,IN33,31,5,0
2018-10-18,IN34,76,38,4
2018-10-18,IN35,122,49,4
2018-10-18,IN36,530,176,2
2018-10-18,IN37,55,15,0
2018-10-18,IN39,93,14,0
2018-10-19,IN00,120,35,0
2018-10-19,IN01,5,1,0
2018-10-19,IN02,221,57,8
2018-10-19,IN03,24,7,0
2018-10-19,IN07,1018,267,9
2018-10-19,IN09,69,20,0
2018-10-19,IN10,61,31,0
2018-10-19,IN11,10,0,0
2018-10-19,IN12,159,68,6
2018-10-19,IN13,657,262,40
2018-10-19,IN14,3,0,0
2018-10-19,IN16,584,190,14
2018-10-19,IN17,3,0,0
2018-10-19,IN19,204,55,8
2018-10-19,IN20,9,3,1
2018-10-19,IN21,25,1,0
2018-10-19,IN22,9,1,0
2018-10-19,IN23,472,136,4
2018-10-19,IN24,128,30,0
2018-10-19,IN25,114,43,3
2018-10-19,IN26,3,2,0
2018-10-19,IN28,76,13,0
2018-10-19,IN30,1,1,0
2018-10-19,IN31,3,1,1
2018-10-19,IN33,57,6,0
2018-10-19,IN34,76,37,0
2018-10-19,IN35,117,37,6
2018-10-19,IN36,333,97,3
2018-10-19,IN37,61,28,0
2018-10-19,IN38,3,0,0
2018-10-19,IN39,72,10,0
2018-10-20,IN00,84,23,1
2018-10-20,IN01,4,2,0
2018-10-20,IN02,338,60,4
2018-10-20,IN03,36,7,0
2018-10-20,IN07,861,198,13
2018-10-20,IN09,141,56,2
2018-10-20,IN10,73,30,0
2018-10-20,IN11,27,18,0
2018-10-20,IN12,169,64,2
2018-10-20,IN13,253,88,12
2018-10-20,IN14,3,0,0
2018-10-20,IN16,622,227,8
2018-10-20,IN17,20,4,0
2018-10-20,IN18,1,1,0
2018-10-20,IN19,222,57,4
2018-10-20,IN20,26,4,0
2018-10-20,IN21,32,10,0
2018-10-20,IN22,8,1,0
2018-10-20,IN23,755,206,12
2018-10-20,IN24,113,21,0
2018-10-20,IN25,155,48,0
2018-10-20,IN26,27,9,2
2018-10-20,IN28,120,36,1
2018-10-20,IN30,10,3,0
2018-10-20,IN33,27,3,0
2018-10-20,IN34,83,32,4
2018-10-20,IN35,98,24,3
2018-10-20,IN36,358,142,6
2018-10-20,IN37,81,31,2
2018-10-20,IN38,21,2,0
2018-10-20,IN39,71,11,0
2018-10-21,IN00,42,19,1
2018-10-21,IN01,8,1,0
2018-10-21,IN02,241,65,4
2018-10-21,IN03,71,16,1
2018-10-21,IN07,713,218,17
2018-10-21,IN09,204,88,1
2018-10-21,IN10,93,23,0
2018-10-21,IN11,30,13,0
2018-10-21,IN12,423,213,7
2018-10-21,IN13,248,123,16
2018-10-21,IN16,375,119,4
2018-10-21,IN17,6,1,0
2018-10-21,IN19,184,46,4
2018-10-21,IN20,11,2,0
2018-10-21,IN21,33,16,1
2018-10-21,IN22,9,2,0
2018-10-21,IN23,539,243,39
2018-10-21,IN24,128,37,1
2018-10-21,IN25,154,54,10
2018-10-21,IN26,31,19,0
2018-10-21,IN28,118,38,1
2018-10-21,IN30,67,14,0
2018-10-21,IN31,10,3,0
2018-10-21,IN33,59,8,0
2018-10-21,IN34,129,56,11
2018-10-21,IN35,120,43,6
2018-10-21,IN36,299,109,7
2018-10-21,IN37,85,31,0
2018-10-21,IN38,1,0,0
2018-10-21,IN39,59,4,1
2018-10-22,IN00,89,21,2
2018-10-22,IN01,5,0,0
2018-10-22,IN02,396,101,5
2018-10-22,IN03,66,12,1
2018-10-22,IN07,1155,380,32
2018-10-22,IN09,180,69,2
2018-10-22,IN10,131,52,8
2018-10-22,IN11,32,12,0
2018-10-22,IN12,445,287,23
2018-10-22,IN13,300,117,10
2018-10-22,IN16,743,233,12
2018-10-22,IN17,3,1,0
2018-10-22,IN18,8,5,0
2018-10-22,IN19,274,75,10
2018-10-22,IN20,18,0,0
2018-10-22,IN21,187,28,0
2018-10-22,IN22,10,5,0
2018-10-22,IN23,434,181,23
2018-10-22,IN24,120,42,0
2018-10-22,IN25,269,63,1
2018-10-22,IN26,34,17,0
2018-10-22,IN28,226,84,3
2018-10-22,IN30,10,2,0
2018-10-22,IN31,47,13,0
2018-10-22,IN33,48,6,0
2018-10-22,IN34,189,82,6
2018-10-22,IN35,174,59,1
2018-10-22,IN36,432,145,2
2018-10-22,IN37,114,36,1
2018-10-22,IN38,10,2,1
2018-10-22,IN39,70,18,0
2018-10-23,IN00,115,41,1
2018-10-23,IN01,13,3,1
2018-10-23,IN02,346,94,4
2018-10-23,IN03,136,36,8
2018-10-23,IN05,1,0,0
2018-10-23,IN07,1288,388,37
2018-10-23,IN09,252,81,1
2018-10-23,IN10,108,41,0
2018-10-23,IN11,19,4,2
2018-10-23,IN12,493,200,31
2018-10-23,IN13,368,145,13
2018-10-23,IN14,2,2,0
2018-10-23,IN16,893,311,12
2018-10-23,IN17,9,1,0
2018-10-23,IN19,288,82,14
2018-10-23,IN20,15,6,0
2018-10-23,IN21,121,47,5
2018-10-23,IN22,2,1,0
2018-10-23,IN23,308,121,4
2018-10-23,IN24,189,61,11
2018-10-23,IN25,261,81,4
2018-10-23,IN26,22,7,0
2018-10-23,IN28,231,89,0
2018-10-23,IN30,17,4,0
2018-10-23,IN31,18,2,0
2018-10-23,IN33,35,4,0
2018-10-23,IN34,190,74,3
2018-10-23,IN35,220,66,11
2018-10-23,IN36,349,102,4
2018-10-23,IN37,95,32,1
2018-10-23,IN38,11,4,0
2018-10-23,IN39,45,13,2
2018-10-24,IN00,164,41,2
2018-10-24,IN01,43,26,0
2018-10-24,IN02,311,81,2
2018-10-24,IN03,96,20,1
2018-10-24,IN07,1172,360,12
2018-10-24,IN09,192,71,5
2018-10-24,IN10,94,27,2
2018-10-24,IN11,4,1,0
2018-10-24,IN12,337,126,4
2018-10-24,IN13,232,82,8
2018-10-24,IN14,4,0,0
2018-10-24,IN16,831,282,12
2018-10-24,IN17,3,1,0
2018-10-24,IN19,341,99,1
2018-10-24,IN20,4,0,0
2018-10-24,IN21,137,71,0
2018-10-24,IN22,9,5,0
2018-10-24,IN23,111,37,0
2018-10-24,IN24,152,42,2
2018-10-24,IN25,307,93,0
2018-10-24,IN26,19,5,0
2018-10-24,IN28,211,59,2
2018-10-24,IN30,3,0,0
2018-10-24,IN31,5,4,0
2018-10-24,IN33,51,13,1
2018-10-24,IN34,83,23,0
2018-10-24,IN35,225,48,3
2018-10-24,IN36,342,85,2
2018-10-24,IN37,54,19,1
2018-10-24,IN38,7,0,0
2018-10-24,IN39,63,18,2
2018-10-25,IN00,99,21,0
2018-10-25,IN01,19,11,0
2018-10-25,IN02,532,218,15
2018-10-25,IN03,42,7,0
2018-10-25,IN05,1,0,0
2018-10-25,IN06,6,0,0
2018-10-25,IN07,1340,436,26
2018-10-25,IN09,205,40,1
2018-10-25,IN10,93,45,1
2018-10-25,IN11,22,7,4
2018-10-25,IN12,344,153,14
2018-10-25,IN13,285,123,18
2018-10-25,IN14,7,0,0
2018-10-25,IN16,821,224,3
2018-10-25,IN17,17,8,0
2018-10-25,IN18,4,1,0
2018-10-25,IN19,320,105,12
2018-10-25,IN20,32,5,1
2018-10-25,IN21,100,35,1
2018-10-25,IN22,1,0,0
2018-10-25,IN23,132,69,2
2018-10-25,IN24,216,67,3
2018-10-25,IN25,487,157,4
2018-10-25,IN26,17,6,0
2018-10-25,IN28,151,43,0
2018-10-25,IN30,3,0,0
2018-10-25,IN31,35,12,1
2018-10-25,IN33,33,6,0
2018-10-25,IN34,168,70,5
2018-10-25,IN35,186,65,5
2018-10-25,IN36,417,143,10
2018-10-25,IN37,53,23,0
2018-10-25,IN38,49,11,0
2018-10-25,IN39,74,39,0
2018-10-26,IN00,71,15,0
2018-10-26,IN01,4,1,0
2018-10-26,IN02,494,201,14
2018-10-26,IN03,68,12,1
2018-10-26,IN06,5,1,0
2018-10-26,IN07,1551,527,74
2018-10-26,IN09,281,83,20
2018-10-26,IN10,120,34,5
2018-10-26,IN11,13,3,0
2018-10-26,IN12,311,136,12
2018-10-26,IN13,265,108,24
2018-10-26,IN16,882,336,30
2018-10-26,IN17,9,1,0
2018-10-26,IN18,4,4,0
2018-10-26,IN19,373,163,25
2018-10-26,IN20,18,6,0
2018-10-26,IN21,165,68,8
2018-10-26,IN22,4,2,2
2018-10-26,IN23,112,45,4
2018-10-26,IN24,142,39,3
2018-10-26,IN25,337,102,7
2018-10-26,IN26,16,2,0
2018-10-26,IN28,146,34,1
2018-10-26,IN30,9,1,0
2018-10-26,IN31,8,0,0
2018-10-26,IN33,45,12,3
2018-10-26,IN34,302,121,10
2018-10-26,IN35,184,69,2
2018-10-26,IN36,461,185,32
2018-10-26,IN37,40,8,1
2018-10-26,IN38,37,21,6
2018-10-26,IN39,65,28,1
2018-10-27,IN00,66,23,2
2018-10-27,IN01,10,3,0
2018-10-27,IN02,367,133,4
2018-10-27,IN03,38,9,4
2018-10-27,IN06,3,0,0
2018-10-27,IN07,1317,423,36
2018-10-27,IN09,196,74,6
2018-10-27,IN10,177,53,3
2018-10-27,IN11,15,3,0
2018-10-27,IN12,385,140,28
2018-10-27,IN13,355,177,15
2018-10-27,IN16,686,285,3
2018-10-27,IN17,7,2,0
2018-10-27,IN18,1,0,0
2018-10-27,IN19,271,86,12
2018-10-27,IN20,11,2,1
2018-10-27,IN21,78,19,0
2018-10-27,IN22,3,2,1
2018-10-27,IN23,75,21,2
2018-10-27,IN24,118,35,8
2018-10-27,IN25,218,69,2
2018-10-27,IN26,35,14,0
2018-10-27,IN28,117,35,6
2018-10-27,IN30,26,11,7
2018-10-27,IN31,9,2,0
2018-10-27,IN33,31,8,0
2018-10-27,IN34,165,40,3
2018-10-27,IN35,144,72,2
2018-10-27,IN36,372,120,9
2018-10-27,IN37,52,20,1
2018-10-27,IN38,21,9,1
2018-10-27,IN39,44,10,2
2018-10-28,IN00,93,22,0
2018-10-28,IN01,14,9,0
2018-10-28,IN02,327,112,0
2018-10-28,IN03,52,9,0
2018-10-28,IN06,2,2,0
2018-10-28,IN07,1109,332,14
2018-10-28,IN09,207,56,5
2018-10-28,IN10,94,29,1
2018-10-28,IN11,29,2,0
2018-10-28,IN12,255,104,10
2018-10-28,IN13,481,225,35
2018-10-28,IN16,567,194,5
2018-10-28,IN18,2,2,0
2018-10-28,IN19,181,60,2
2018-10-28,IN20,18,4,0
2018-10-28,IN21,58,13,2
2018-10-28,IN23,115,46,5
2018-10-28,IN24,194,44,4
2018-10-28,IN25,207,67,2
2018-10-28,IN26,11,3,0
2018-10-28,IN28,59,20,0
2018-10-28,IN30,15,3,0
2018-10-28,IN33,28,9,2
2018-10-28,IN34,128,53,0
2018-10-28,IN35,142,53,0
2018-10-28,IN36,266,76,6
2018-10-28,IN37,74,25,0
2018-10-28,IN38,10,1,0
2018-10-28,IN39,41,15,0
2018-10-29,IN00,103,25,4
2018-10-29,IN01,3,0,0
2018-10-29,IN02,342,106,13
2018-10-29,IN03,72,9,1
2018-10-29,IN06,4,2,0
2018-10-29,IN07,1596,386,7
2018-10-29,IN09,247,84,7
2018-10-29,IN10,127,54,0
2018-10-29,IN11,23,4,0
2018-10-29,IN12,344,139,12
2018-10-29,IN13,334,120,4
2018-10-29,IN16,837,264,15
2018-10-29,IN17,9,2,0
2018-10-29,IN18,5,0,0
2018-10-29,IN19,273,90,2
2018-10-29,IN20,38,6,0
2018-10-29,IN21,64,22,0
2018-10-29,IN22,9,6,0
2018-10-29,IN23,160,67,4
2018-10-29,IN24,220,65,4
2018-10-29,IN25,331,104,7
2018-10-29,IN26,11,4,0
2018-10-29,IN28,125,30,3
2018-10-29,IN30,1,0,0
2018-10-29,IN33,16,3,1
2018-10-29,IN34,176,51,0
2018-10-29,IN35,319,82,5
2018-10-29,IN36,703,239,14
2018-10-29,IN37,90,26,1
2018-10-29,IN38,14,5,0
2018-10-29,IN39,75,21,0
2018-10-30,IN00,121,19,1
2018-10-30,IN01,22,11,0
2018-10-30,IN02,429,152,0
2018-10-30,IN03,70,27,0
2018-10-30,IN06,9,0,0
2018-10-30,IN07,1549,418,18
2018-10-30,IN09,300,86,8
2018-10-30,IN10,138,67,5
2018-10-30,IN11,31,4,0
2018-10-30,IN12,218,95,3
2018-10-30,IN13,336,84,2
2018-10-30,IN14,5,5,0
2018-10-30,IN16,741,245,11
2018-10-30,IN17,2,1,0
2018-10-30,IN18,1,0,0
2018-10-30,IN19,352,96,10
2018-10-30,IN20,11,0,0
2018-10-30,IN21,76,32,0
2018-10-30,IN22,6,3,0
2018-10-30,IN23,142,54,1
2018-10-30,IN24,168,44,2
2018-10-30,IN25,286,90,6
2018-10-30,IN26,23,4,0
2018-10-30,IN28,201,58,3
2018-10-30,IN30,5,0,0
2018-10-30,IN33,44,6,0
2018-10-30,IN34,279,80,3
2018-10-30,IN35,307,97,0
2018-10-30,IN36,544,214,6
2018-10-30,IN37,233,137,0
2018-10-30,IN38,14,9,0
2018-10-30,IN39,45,8,2
2018-10-31,IN00,192,41,5
2018-10-31,IN01,9,2,0
2018-10-31,IN02,339,95,3
2018-10-31,IN03,39,10,1
2018-10-31,IN05,1,0,0
2018-10-31,IN07,1471,407,27
2018-10-31,IN09,359,114,14
2018-10-31,IN10,113,30,2
2018-10-31,IN11,16,4,0
2018-10-31,IN12,278,92,3
2018-10-31,IN13,220,46,3
2018-10-31,IN16,679,229,20
2018-10-31,IN17,6,4,2
2018-10-31,IN18,2,0,0
2018-10-31,IN19,319,85,1
2018-10-31,IN20,18,6,0
2018-10-31,IN21,96,33,4
2018-10-31,IN22,22,3,0
2018-10-31,IN23,135,49,1
2018-10-31,IN24,186,61,8
2018-10-31,IN25,337,109,4
2018-10-31,IN26,40,14,2
2018-10-31,IN28,135,51,0
2018-10-31,IN29,1,0,0
2018-10-31,IN30,13,1,0
2018-10-31,IN31,7,3,0
2018-10-31,IN33,28,1,0
2018-10-31,IN34,254,95,1
2018-10-31,IN35,264,71,1
2018-10-31,IN36,613,234,3
2018-10-31,IN37,139,64,0
2018-10-31,IN38,20,10,0
2018-10-31,IN39,75,15,0
2018-11-01,IN00,131,27,2
2018-11-01,IN01,7,2,1
2018-11-01,IN02,455,110,6
2018-11-01,IN03,95,41,1
2018-11-01,IN07,1760,397,18
2018-11-01,IN09,191,48,5
2018-11-01,IN10,187,56,0
2018-11-01,IN11,28,8,0
2018-11-01,IN12,391,180,28
2018-11-01,IN13,199,52,3
2018-11-01,IN16,824,242,7
2018-11-01,IN17,20,5,0
2018-11-01,IN18,7,0,0
2018-11-01,IN19,413,95,6
2018-11-01,IN20,25,3,0
2018-11-01,IN21,73,21,3
2018-11-01,IN22,3,1,0
2018-11-01,IN23,101,31,3
2018-11-01,IN24,169,49,2
2018-11-01,IN25,277,74,8
2018-11-01,IN26,42,11,1
2018-11-01,IN28,141,33,4
2018-11-01,IN30,4,3,0
2018-11-01,IN31,8,1,0
2018-11-01,IN33,32,8,0
2018-11-01,IN34,233,93,0
2018-11-01,IN35,313,83,3
2018-11-01,IN36,664,232,8
2018-11-01,IN37,74,14,2
2018-11-01,IN38,44,17,4
2018-11-01,IN39,41,11,0
2018-11-02,IN00,78,23,3
2018-11-02,IN01,7,0,0
2018-11-02,IN02,258,69,2
2018-11-02,IN03,279,138,17
2018-11-02,IN05,1,1,0
2018-11-02,IN07,1389,464,30
2018-11-02,IN09,297,101,5
2018-11-02,IN10,131,66,2
2018-11-02,IN11,53,16,0
2018-11-02,IN12,346,144,17
2018-11-02,IN13,156,51,7
2018-11-02,IN16,843,308,12
2018-11-02,IN17,11,5,0
2018-11-02,IN18,7,0,0
2018-11-02,IN19,298,83,7
2018-11-02,IN20,25,7,0
2018-11-02,IN21,57,17,0
2018-11-02,IN22,2,2,0
2018-11-02,IN23,119,48,1
2018-11-02,IN24,173,54,2
2018-11-02,IN25,229,68,6
2018-11-02,IN26,28,6,0
2018-11-02,IN28,138,61,22
2018-11-02,IN30,7,0,0
2018-11-02,IN31,4,0,0
2018-11-02,IN33,18,1,0
2018-11-02,IN34,292,73,6
2018-11-02,IN35,192,65,2
2018-11-02,IN36,534,171,14
2018-11-02,IN37,98,51,0
2018-11-02,IN38,38,2,0
2018-11-02,IN39,58,10,0
2018-11-03,IN00,79,25,0
2018-11-03,IN01,6,0,0
2018-11-03,IN02,267,78,6
2018-11-03,IN03,85,44,4
2018-11-03,IN06,3,0,0
2018-11-03,IN07,1000,308,24
2018-11-03,IN09,214,89,4
2018-11-03,IN10,88,35,0
2018-11-03,IN11,52,20,0
2018-11-03,IN12,259,76,6
2018-11-03,IN13,160,33,4
2018-11-03,IN16,695,243,11
2018-11-03,IN17,3,0,0
2018-11-03,IN19,262,111,5
2018-11-03,IN20,8,2,0
2018-11-03,IN21,61,14,0
2018-11-03,IN22,2,0,0
2018-11-03,IN23,115,35,1
2018-11-03,IN24,199,69,1
2018-11-03,IN25,145,48,2
2018-11-03,IN26,2,0,0
2018-11-03,IN28,132,30,5
2018-11-03,IN30,8,0,0
2018-11-03,IN31,17,3,0
2018-11-03,IN33,8,3,1
2018-11-03,IN34,189,35,1
2018-11-03,IN35,167,51,0
2018-11-03,IN36,465,155,10
2018-11-03,IN37,32,13,0
2018-11-03,IN38,51,10,0
2018-11-03,IN39,71,10,1
2018-11-04,IN00,90,29,1
2018-11-04,IN01,3,0,0
2018-11-04,IN02,208,70,5
2018-11-04,IN03,145,66,8
2018-11-04,IN06,7,0,0
2018-11-04,IN07,708,262,23
2018-11-04,IN09,141,55,1
2018-11-04,IN10,68,30,1
2018-11-04,IN11,19,6,1
2018-11-04,IN12,168,55,4
2018-11-04,IN13,197,66,14
2018-11-04,IN16,524,201,9
2018-11-04,IN17,1,0,0
2018-11-04,IN18,3,0,0
2018-11-04,IN19,265,88,3
2018-11-04,IN20,10,2,0
2018-11-04,IN21,58,9,0
2018-11-04,IN23,109,36,4
2018-11-04,IN24,112,39,4
2018-11-04,IN25,109,36,0
2018-11-04,IN26,3,0,0
2018-11-04,IN28,123,35,1
2018-11-04,IN30,2,0,0
2018-11-04,IN31,2,2,0
2018-11-04,IN33,14,3,0
2018-11-04,IN34,141,58,3
2018-11-04,IN35,141,48,0
2018-11-04,IN36,604,141,7
2018-11-04,IN37,45,24,0
2018-11-04,IN38,23,5,0
2018-11-04,IN39,85,30,0
2018-11-05,IN00,89,16,1
2018-11-05,IN01,7,0,0
2018-11-05,IN02,265,70,1
2018-11-05,IN03,62,23,0
2018-11-05,IN07,1002,278,20
2018-11-05,IN09,125,56,5
2018-11-05,IN10,158,48,4
2018-11-05,IN11,43,14,0
2018-11-05,IN12,114,42,0
2018-11-05,IN13,344,133,10
2018-11-05,IN14,3,1,0
2018-11-05,IN16,710,229,7
2018-11-05,IN18,1,1,0
2018-11-05,IN19,324,83,1
2018-11-05,IN20,6,1,0
2018-11-05,IN21,67,13,0
2018-11-05,IN22,3,0,0
2018-11-05,IN23,56,29,0
2018-11-05,IN24,192,60,0
2018-11-05,IN25,214,61,12
2018-11-05,IN26,38,10,0
2018-11-05,IN28,207,74,0
2018-11-05,IN31,13,2,0
2018-11-05,IN33,27,5,0
2018-11-05,IN34,140,61,2
2018-11-05,IN35,158,71,4
2018-11-05,IN36,726,165,2
2018-11-05,IN37,55,28,1
2018-11-05,IN38,16,6,0
2018-11-05,IN39,73,11,0
2018-11-06,IN00,89,31,1
2018-11-06,IN01,2,0,0
2018-11-06,IN02,240,68,2
2018-11-06,IN03,57,18,1
2018-11-06,IN07,874,255,30
2018-11-06,IN09,132,46,3
2018-11-06,IN10,51,17,0
2018-11-06,IN11,14,2,1
2018-11-06,IN12,142,52,1
2018-11-06,IN13,151,53,2
2018-11-06,IN14,9,1,0
2018-11-06,IN16,748,261,17
2018-11-06,IN17,12,5,0
2018-11-06,IN18,5,0,0
2018-11-06,IN19,457,105,1
2018-11-06,IN20,17,3,0
2018-11-06,IN21,79,17,0
2018-11-06,IN22,4,1,0
2018-11-06,IN23,47,22,5
2018-11-06,IN24,221,45,7
2018-11-06,IN25,110,23,0
2018-11-06,IN26,35,8,1
2018-11-06,IN28,174,70,3
2018-11-06,IN30,8,0,0
2018-11-06,IN31,70,16,2
2018-11-06,IN33,11,4,0
2018-11-06,IN34,135,55,9
2018-11-06,IN35,164,58,2
2018-11-06,IN36,641,107,7
2018-11-06,IN37,63,16,1
2018-11-06,IN38,48,9,1
2018-11-06,IN39,82,16,2
2018-11-07,IN00,82,21,2
2018-11-07,IN01,7,3,0
2018-11-07,IN02,213,61,1
2018-11-07,IN03,78,20,1
2018-11-07,IN07,659,190,15
2018-11-07,IN09,156,36,3
2018-11-07,IN10,34,19,0
2018-11-07,IN11,60,6,0
2018-11-07,IN12,123,30,2
2018-11-07,IN13,141,24,6
2018-11-07,IN16,493,145,1
2018-11-07,IN17,6,1,0
2018-11-07,IN19,303,83,3
2018-11-07,IN20,1,0,0
2018-11-07,IN21,50,21,1
2018-11-07,IN22,5,2,1
2018-11-07,IN23,78,21,1
2018-11-07,IN24,105,32,1
2018-11-07,IN25,162,35,4
2018-11-07,IN26,47,12,3
2018-11-07,IN28,96,28,1
2018-11-07,IN29,2,0,0
2018-11-07,IN30,14,3,0
2018-11-07,IN31,101,28,4
2018-11-07,IN33,29,18,0
2018-11-07,IN34,84,23,0
2018-11-07,IN35,136,45,13
2018-11-07,IN36,417,68,4
2018-11-07,IN37,21,12,0
2018-11-07,IN38,53,15,0
2018-11-07,IN39,301,22,0
2018-11-08,IN00,60,10,1
2018-11-08,IN01,8,3,0
2018-11-08,IN02,257,72,3
2018-11-08,IN03,68,22,1
2018-11-08,IN07,947,288,16
2018-11-08,IN09,142,29,1
2018-11-08,IN10,54,30,0
2018-11-08,IN11,12,1,0
2018-11-08,IN12,121,37,3
2018-11-08,IN13,189,83,12
2018-11-08,IN14,2,0,0
2018-11-08,IN16,531,154,11
2018-11-08,IN17,5,0,0
2018-11-08,IN18,8,2,0
2018-11-08,IN19,519,115,11
2018-11-08,IN20,26,0,0
2018-11-08,IN21,86,20,0
2018-11-08,IN22,2,1,0
2018-11-08,IN23,83,22,2
2018-11-08,IN24,71,11,0
2018-11-08,IN25,301,89,14
2018-11-08,IN26,46,25,5
2018-11-08,IN28,147,37,1
2018-11-08,IN30,6,0,0
2018-11-08,IN31,25,8,2
2018-11-08,IN33,15,2,0
2018-11-08,IN34,61,13,0
2018-11-08,IN35,179,51,2
2018-11-08,IN36,380,73,4
2018-11-08,IN37,93,42,1
2018-11-08,IN38,30,4,0
2018-11-08,IN39,84,17,0
2018-11-09,IN00,74,17,0
2018-11-09,IN01,3,1,0
2018-11-09,IN02,334,79,2
2018-11-09,IN03,62,18,6
2018-11-09,IN06,1,0,0
2018-11-09,IN07,1289,344,46
2018-11-09,IN09,70,22,1
2018-11-09,IN10,106,55,4
2018-11-09,IN11,12,8,1
2018-11-09,IN12,175,50,0
2018-11-09,IN13,142,30,6
2018-11-09,IN14,1,1,0
2018-11-09,IN16,482,142,11
2018-11-09,IN17,4,2,1
2018-11-09,IN18,5,3,0
2018-11-09,IN19,537,178,29
2018-11-09,IN20,34,6,0
2018-11-09,IN21,42,8,2
2018-11-09,IN22,2,1,1
2018-11-09,IN23,75,24,0
2018-11-09,IN24,107,32,6
2018-11-09,IN25,410,127,31
2018-11-09,IN26,51,30,13
2018-11-09,IN28,117,36,0
2018-11-09,IN30,7,4,0
2018-11-09,IN31,36,8,0
2018-11-09,IN33,11,1,0
2018-11-09,IN34,110,35,0
2018-11-09,IN35,213,86,5
2018-11-09,IN36,252,63,0
2018-11-09,IN37,256,109,12
2018-11-09,IN38,19,4,0
2018-11-09,IN39,67,23,1
2018-11-10,IN00,93,25,2
2018-11-10,IN01,13,3,0
2018-11-10,IN02,252,52,2
2018-11-10,IN03,39,12,2
2018-11-10,IN07,1008,211,15
2018-11-10,IN09,74,18,1
2018-11-10,IN10,105,43,0
2018-11-10,IN11,2,1,0
2018-11-10,IN12,198,86,6
2018-11-10,IN13,140,33,5
2018-11-10,IN16,572,201,6
2018-11-10,IN17,12,5,0
2018-11-10,IN18,5,0,0
2018-11-10,IN19,835,341,115
2018-11-10,IN20,60,11,0
2018-11-10,IN21,56,9,0
2018-11-10,IN22,13,2,0
2018-11-10,IN23,110,42,5
2018-11-10,IN24,101,33,6
2018-11-10,IN25,261,80,5
2018-11-10,IN26,44,7,1
2018-11-10,IN28,125,32,6
2018-11-10,IN30,16,7,0
2018-11-10,IN31,15,4,1
2018-11-10,IN33,35,9,0
2018-11-10,IN34,171,78,18
2018-11-10,IN35,220,84,12
2018-11-10,IN36,404,166,16
2018-11-10,IN37,230,100,1
2018-11-10,IN38,31,5,0
2018-11-10,IN39,31,13,0
2018-11-11,IN00,79,19,0
2018-11-11,IN01,16,0,0
2018-11-11,IN02,236,59,4
2018-11-11,IN03,24,15,1
2018-11-11,IN07,868,190,9
2018-11-11,IN09,136,40,0
2018-11-11,IN10,69,26,0
2018-11-11,IN11,12,3,0
2018-11-11,IN12,114,56,0
2018-11-11,IN13,85,27,2
2018-11-11,IN16,464,127,7
2018-11-11,IN17,15,3,0
2018-11-11,IN18,1,1,0
2018-11-11,IN19,282,109,6
2018-11-11,IN20,17,2,0
2018-11-11,IN21,88,18,0
2018-11-11,IN22,17,10,0
2018-11-11,IN23,106,24,5
2018-11-11,IN24,155,52,3
2018-11-11,IN25,233,62,10
2018-11-11,IN26,32,7,3
2018-11-11,IN28,117,38,5
2018-11-11,IN30,8,0,0
2018-11-11,IN31,34,8,1
2018-11-11,IN33,37,8,1
2018-11-11,IN34,173,51,4
2018-11-11,IN35,284,108,2
2018-11-11,IN36,433,130,6
2018-11-11,IN37,204,82,1
2018-11-11,IN38,23,8,0
2018-11-11,IN39,54,16,0
2018-11-12,IN00,112,23,1
2018-11-12,IN01,8,0,0
2018-11-12,IN02,317,102,4
2018-11-12,IN03,52,19,0
2018-11-12,IN06,4,1,0
2018-11-12,IN07,1210,284,14
2018-11-12,IN09,168,35,0
2018-11-12,IN10,95,20,0
2018-11-12,IN11,29,4,0
2018-11-12,IN12,232,101,12
2018-11-12,IN13,209,57,4
2018-11-12,IN14,6,0,0
2018-11-12,IN16,653,177,7
2018-11-12,IN17,14,4,0
2018-11-12,IN18,9,5,0
2018-11-12,IN19,746,188,16
2018-11-12,IN20,27,5,0
2018-11-12,IN21,148,24,0
2018-11-12,IN22,18,3,0
2018-11-12,IN23,138,35,4
2018-11-12,IN24,179,61,3
2018-11-12,IN25,283,86,11
2018-11-12,IN26,20,4,1
2018-11-12,IN28,164,50,4
2018-11-12,IN30,25,7,0
2018-11-12,IN31,33,8,0
2018-11-12,IN33,26,2,0
2018-11-12,IN34,228,109,4
2018-11-12,IN35,218,103,2
2018-11-12,IN36,593,239,19
2018-11-12,IN37,263,114,13
2018-11-12,IN38,13,2,0
2018-11-12,IN39,53,18,0
2018-11-13,IN00,153,29,0
2018-11-13,IN01,4,1,0
2018-11-13,IN02,365,119,11
2018-11-13,IN03,33,6,0
2018-11-13,IN06,2,0,0
2018-11-13,IN07,1124,271,18
2018-11-13,IN09,196,77,0
2018-11-13,IN10,119,22,0
2018-11-13,IN11,20,5,0
2018-11-13,IN12,125,54,4
2018-11-13,IN13,291,91,9
2018-11-13,IN16,918,279,6
2018-11-13,IN17,12,5,0
2018-11-13,IN18,14,8,0
2018-11-13,IN19,478,128,2
2018-11-13,IN20,15,1,0
2018-11-13,IN21,120,16,0
2018-11-13,IN22,11,1,0
2018-11-13,IN23,96,27,0
2018-11-13,IN24,170,61,7
2018-11-13,IN25,372,111,2
2018-11-13,IN26,27,9,1
2018-11-13,IN28,116,28,1
2018-11-13,IN30,12,4,0
2018-11-13,IN31,14,6,0
2018-11-13,IN33,17,4,0
2018-11-13,IN34,119,32,1
2018-11-13,IN35,258,82,2
2018-11-13,IN36,445,152,9
2018-11-13,IN37,194,82,2
2018-11-13,IN38,17,6,0
2018-11-13,IN39,26,3,0
2018-11-14,IN00,145,40,0
2018-11-14,IN01,16,2,0
2018-11-14,IN02,360,84,8
2018-11-14,IN03,54,17,1
2018-11-14,IN06,10,0,0
2018-11-14,IN07,1304,289,9
2018-11-14,IN09,155,33,4
2018-11-14,IN10,158,40,1
2018-11-14,IN11,41,12,1
2018-11-14,IN12,244,91,0
2018-11-14,IN13,393,91,16
2018-11-14,IN14,1,0,0
2018-11-14,IN16,828,217,16
2018-11-14,IN18,1,0,0
2018-11-14,IN19,501,112,18
2018-11-14,IN20,13,0,0
2018-11-14,IN21,104,21,0
2018-11-14,IN22,36,5,0
2018-11-14,IN23,72,36,2
2018-11-14,IN24,193,59,2
2018-11-14,IN25,296,78,10
2018-11-14,IN26,37,16,4
2018-11-14,IN28,125,33,1
2018-11-14,IN30,2,1,0
2018-11-14,IN31,39,18,4
2018-11-14,IN33,13,4,0
2018-11-14,IN34,176,62,0
2018-11-14,IN35,229,61,5
2018-11-14,IN36,500,171,10
2018-11-14,IN37,167,45,1
2018-11-14,IN38,23,9,3
2018-11-14,IN39,67,19,2
2018-11-15,IN00,107,37,0
2018-11-15,IN01,6,0,0
2018-11-15,IN02,278,81,8
2018-11-15,IN03,48,16,2
2018-11-15,IN07,1217,289,20
2018-11-15,IN09,122,42,6
2018-11-15,IN10,110,41,0
2018-11-15,IN11,19,3,0
2018-11-15,IN12,176,50,4
2018-11-15,IN13,267,72,9
2018-11-15,IN14,1,0,0
2018-11-15,IN16,781,273,8
2018-11-15,IN17,23,11,0
2018-11-15,IN18,3,1,0
2018-11-15,IN19,374,103,3
2018-11-15,IN20,16,5,0
2018-11-15,IN21,86,31,1
2018-11-15,IN22,22,7,0
2018-11-15,IN23,106,50,2
2018-11-15,IN24,224,54,3
2018-11-15,IN25,336,86,1
2018-11-15,IN26,31,17,3
2018-11-15,IN28,139,28,2
2018-11-15,IN30,13,8,0
2018-11-15,IN31,23,8,3
2018-11-15,IN33,3,0,0
2018-11-15,IN34,265,100,0
2018-11-15,IN35,257,75,2
2018-11-15,IN36,429,105,3
2018-11-15,IN37,76,20,0
2018-11-15,IN38,20,10,3
2018-11-15,IN39,58,9,0
2018-11-16,IN00,90,23,0
2018-11-16,IN01,22,8,0
2018-11-16,IN02,290,113,15
2018-11-16,IN03,74,25,2
2018-11-16,IN06,1,1,0
2018-11-16,IN07,1295,337,18
2018-11-16,IN09,206,82,3
2018-11-16,IN10,76,19,0
2018-11-16,IN11,21,9,0
2018-11-16,IN12,172,75,3
2018-11-16,IN13,554,179,35
2018-11-16,IN16,928,316,26
2018-11-16,IN17,3,2,0
2018-11-16,IN18,11,7,0
2018-11-16,IN19,375,77,3
2018-11-16,IN20,24,0,0
2018-11-16,IN21,84,29,1
2018-11-16,IN22,7,1,0
2018-11-16,IN23,124,52,2
2018-11-16,IN24,189,78,4
2018-11-16,IN25,223,63,2
2018-11-16,IN26,61,20,1
2018-11-16,IN28,185,44,3
2018-11-16,IN29,2,0,0
2018-11-16,IN31,32,7,1
2018-11-16,IN33,15,0,0
2018-11-16,IN34,151,50,0
2018-11-16,IN35,337,95,6
2018-11-16,IN36,486,134,13
2018-11-16,IN37,100,18,0
2018-11-16,IN38,21,2,0
2018-11-16,IN39,38,16,0
2018-11-17,IN00,51,15,0
2018-11-17,IN01,9,2,0
2018-11-17,IN02,331,120,0
2018-11-17,IN03,38,9,0
2018-11-17,IN06,5,1,1
2018-11-17,IN07,1096,286,14
2018-11-17,IN09,163,48,0
2018-11-17,IN10,135,36,3
2018-11-17,IN11,10,0,0
2018-11-17,IN12,82,38,4
2018-11-17,IN13,415,182,31
2018-11-17,IN14,2,1,0
2018-11-17,IN16,787,276,19
2018-11-17,IN17,1,1,0
2018-11-17,IN18,3,2,0
2018-11-17,IN19,248,58,1
2018-11-17,IN20,18,3,0
2018-11-17,IN21,77,31,0
2018-11-17,IN22,18,1,0
2018-11-17,IN23,85,30,3
2018-11-17,IN24,271,93,6
2018-11-17,IN25,210,59,1
2018-11-17,IN26,53,16,3
2018-11-17,IN28,148,31,5
2018-11-17,IN30,1,1,0
2018-11-17,IN31,14,3,0
2018-11-17,IN33,53,13,2
2018-11-17,IN34,142,45,0
2018-11-17,IN35,280,85,6
2018-11-17,IN36,290,99,7
2018-11-17,IN37,101,32,2
2018-11-17,IN38,25,11,0
2018-11-17,IN39,17,6,0
2018-11-18,IN00,88,28,1
2018-11-18,IN01,12,1,0
2018-11-18,IN02,330,103,2
2018-11-18,IN03,40,14,1
2018-11-18,IN05,1,0,0
2018-11-18,IN06,1,1,0
2018-11-18,IN07,786,221,5
2018-11-18,IN09,117,41,0
2018-11-18,IN10,126,51,0
2018-11-18,IN11,8,3,0
2018-11-18,IN12,211,99,0
2018-11-18,IN13,183,89,24
2018-11-18,IN16,635,242,5
2018-11-18,IN17,10,0,0
2018-11-18,IN18,3,1,0
2018-11-18,IN19,292,92,13
2018-11-18,IN20,21,5,0
2018-11-18,IN21,51,25,6
2018-11-18,IN22,19,2,0
2018-11-18,IN23,539,254,0
2018-11-18,IN24,168,52,5
2018-11-18,IN25,134,47,0
2018-11-18,IN26,17,16,0
2018-11-18,IN28,131,49,5
2018-11-18,IN30,1,1,0
2018-11-18,IN31,10,3,0
2018-11-18,IN33,50,21,1
2018-11-18,IN34,113,44,1
2018-11-18,IN35,243,84,3
2018-11-18,IN36,328,109,1
2018-11-18,IN37,139,75,4
2018-11-18,IN38,25,2,0
2018-11-18,IN39,34,8,0
2018-11-19,IN00,115,36,5
2018-11-19,IN01,11,4,0
2018-11-19,IN02,315,94,1
2018-11-19,IN03,50,11,0
2018-11-19,IN06,4,2,1
2018-11-19,IN07,1138,301,11
2018-11-19,IN09,169,73,1
2018-11-19,IN10,184,69,5
2018-11-19,IN11,11,4,0
2018-11-19,IN12,205,85,2
2018-11-19,IN13,237,90,25
2018-11-19,IN14,4,0,0
2018-11-19,IN16,1093,397,13
2018-11-19,IN19,508,138,26
2018-11-19,IN20,16,0,0
2018-11-19,IN21,44,17,4
2018-11-19,IN22,14,2,0
2018-11-19,IN23,571,235,5
2018-11-19,IN24,271,93,7
2018-11-19,IN25,280,72,7
2018-11-19,IN26,6,1,0
2018-11-19,IN28,273,70,4
2018-11-19,IN30,9,0,0
2018-11-19,IN31,39,3,0
2018-11-19,IN33,21,6,1
2018-11-19,IN34,117,48,0
2018-11-19,IN35,330,122,15
2018-11-19,IN36,419,122,7
2018-11-19,IN37,143,69,4
2018-11-19,IN38,32,7,0
2018-11-19,IN39,46,21,0
2018-11-20,IN00,64,12,0
2018-11-20,IN01,5,4,0
2018-11-20,IN02,317,90,3
2018-11-20,IN03,61,9,0
2018-11-20,IN06,4,0,0
2018-11-20,IN07,1419,501,19
2018-11-20,IN09,162,34,0
2018-11-20,IN10,133,44,6
2018-11-20,IN11,22,2,0
2018-11-20,IN12,282,159,2
2018-11-20,IN13,140,53,8
2018-11-20,IN16,934,272,12
2018-11-20,IN17,26,5,0
2018-11-20,IN19,471,137,13
2018-11-20,IN20,29,4,0
2018-11-20,IN21,50,14,0
2018-11-20,IN23,289,134,1
2018-11-20,IN24,258,100,10
2018-11-20,IN25,269,59,2
2018-11-20,IN26,22,14,3
2018-11-20,IN28,184,34,2
2018-11-20,IN30,3,1,0
2018-11-20,IN31,78,13,3
2018-11-20,IN33,21,4,0
2018-11-20,IN34,175,57,1
2018-11-20,IN35,342,96,4
2018-11-20,IN36,477,145,5
2018-11-20,IN37,155,59,3
2018-11-20,IN38,27,5,0
2018-11-20,IN39,36,7,2
2018-11-21,IN00,66,17,0
2018-11-21,IN01,308,91,0
2018-11-21,IN02,391,101,3
2018-11-21,IN03,43,15,2
2018-11-21,IN07,1306,448,25
2018-11-21,IN09,202,75,0
2018-11-21,IN10,166,49,4
2018-11-21,IN11,30,9,0
2018-11-21,IN12,401,144,4
2018-11-21,IN13,195,65,5
2018-11-21,IN14,9,0,0
2018-11-21,IN16,914,367,29
2018-11-21,IN17,7,0,0
2018-11-21,IN18,1,0,0
2018-11-21,IN19,309,87,17
2018-11-21,IN20,29,2,0
2018-11-21,IN21,28,9,0
2018-11-21,IN22,4,1,0
2018-11-21,IN23,467,232,1
2018-11-21,IN24,242,69,7
2018-11-21,IN25,372,92,1
2018-11-21,IN26,43,14,3
2018-11-21,IN28,167,44,3
2018-11-21,IN30,7,4,2
2018-11-21,IN31,10,4,0
2018-11-21,IN33,28,10,0
2018-11-21,IN34,97,38,5
2018-11-21,IN35,405,131,10
2018-11-21,IN36,401,143,10
2018-11-21,IN37,55,30,1
2018-11-21,IN38,41,7,0
2018-11-21,IN39,31,7,0
2018-11-22,IN00,75,21,2
2018-11-22,IN01,236,53,0
2018-11-22,IN02,335,73,5
2018-11-22,IN03,38,10,0
2018-11-22,IN05,2,2,0
2018-11-22,IN06,5,0,0
2018-11-22,IN07,1129,338,13
2018-11-22,IN09,193,73,4
2018-11-22,IN10,116,31,0
2018-11-22,IN11,3,0,0
2018-11-22,IN12,394,149,2
2018-11-22,IN13,162,53,4
2018-11-22,IN16,916,363,36
2018-11-22,IN17,19,0,0
2018-11-22,IN18,1,0,0
2018-11-22,IN19,289,64,4
2018-11-22,IN20,22,5,0
2018-11-22,IN21,68,19,0
2018-11-22,IN22,3,1,0
2018-11-22,IN23,412,152,2
2018-11-22,IN24,236,54,6
2018-11-22,IN25,316,66,5
2018-11-22,IN26,8,1,0
2018-11-22,IN28,181,42,1
2018-11-22,IN30,5,2,0
2018-11-22,IN31,29,9,0
2018-11-22,IN33,19,5,1
2018-11-22,IN34,120,39,0
2018-11-22,IN35,335,94,0
2018-11-22,IN36,524,220,13
2018-11-22,IN37,24,16,1
2018-11-22,IN38,28,7,0
2018-11-22,IN39,42,5,0
2018-11-23,IN00,112,41,0
2018-11-23,IN01,192,55,0
2018-11-23,IN02,326,75,0
2018-11-23,IN03,53,20,0
2018-11-23,IN07,1215,413,30
2018-11-23,IN09,240,90,6
2018-11-23,IN10,146,24,0
2018-11-23,IN11,24,7,0
2018-11-23,IN12,445,190,2
2018-11-23,IN13,172,53,5
2018-11-23,IN14,2,0,0
2018-11-23,IN16,937,372,10
2018-11-23,IN17,5,3,0
2018-11-23,IN18,10,4,0
2018-11-23,IN19,382,109,4
2018-11-23,IN20,7,1,0
2018-11-23,IN21,74,18,0
2018-11-23,IN22,15,2,0
2018-11-23,IN23,292,68,7
2018-11-23,IN24,325,87,11
2018-11-23,IN25,318,85,13
2018-11-23,IN26,31,3,0
2018-11-23,IN28,173,43,0
2018-11-23,IN30,22,4,0
2018-11-23,IN31,58,19,2
2018-11-23,IN33,25,9,3
2018-11-23,IN34,115,32,2
2018-11-23,IN35,289,87,1
2018-11-23,IN36,486,164,5
2018-11-23,IN37,34,12,0
2018-11-23,IN38,46,24,0
2018-11-23,IN39,47,15,4
2018-11-24,IN00,118,36,3
2018-11-24,IN01,106,36,0
2018-11-24,IN02,249,69,0
2018-11-24,IN03,77,23,0
2018-11-24,IN06,3,0,0
2018-11-24,IN07,792,280,12
2018-11-24,IN09,151,48,11
2018-11-24,IN10,44,2,0
2018-11-24,IN11,10,2,0
2018-11-24,IN12,193,78,2
2018-11-24,IN13,93,33,1
2018-11-24,IN14,5,1,0
2018-11-24,IN16,712,246,9
2018-11-24,IN17,5,0,0
2018-11-24,IN18,4,3,0
2018-11-24,IN19,388,125,11
2018-11-24,IN20,35,5,0
2018-11-24,IN21,67,10,1
2018-11-24,IN23,244,74,0
2018-11-24,IN24,412,111,15
2018-11-24,IN25,170,37,1
2018-11-24,IN26,27,3,0
2018-11-24,IN28,119,32,4
2018-11-24,IN31,31,12,0
2018-11-24,IN33,9,2,0
2018-11-24,IN34,98,31,2
2018-11-24,IN35,386,153,13
2018-11-24,IN36,736,195,20
2018-11-24,IN37,40,20,2
2018-11-24,IN38,26,6,1
2018-11-24,IN39,42,12,3
2018-11-25,IN00,77,15,0
2018-11-25,IN01,94,31,1
2018-11-25,IN02,388,125,3
2018-11-25,IN03,37,12,0
2018-11-25,IN07,760,255,10
2018-11-25,IN09,160,60,4
2018-11-25,IN10,75,19,2
2018-11-25,IN11,46,14,0
2018-11-25,IN12,306,155,4
2018-11-25,IN13,66,24,7
2018-11-25,IN14,1,0,0
2018-11-25,IN16,745,309,3
2018-11-25,IN17,4,0,0
2018-11-25,IN18,5,2,0
2018-11-25,IN19,359,78,3
2018-11-25,IN20,4,2,0
2018-11-25,IN21,35,9,3
2018-11-25,IN22,4,2,0
2018-11-25,IN23,204,57,2
2018-11-25,IN24,305,106,4
2018-11-25,IN25,125,40,1
2018-11-25,IN26,21,6,5
2018-11-25,IN28,118,57,10
2018-11-25,IN31,11,3,0
2018-11-25,IN33,14,4,1
2018-11-25,IN34,68,26,0
2018-11-25,IN35,304,111,1
2018-11-25,IN36,774,206,17
2018-11-25,IN37,42,24,0
2018-11-25,IN38,4,2,0
2018-11-25,IN39,29,7,0
2018-11-26,IN00,68,28,3
2018-11-26,IN01,87,15,0
2018-11-26,IN02,346,120,4
2018-11-26,IN03,18,5,0
2018-11-26,IN06,1,0,0
2018-11-26,IN07,1171,324,15
2018-11-26,IN09,235,91,3
2018-11-26,IN10,66,18,0
2018-11-26,IN11,4,1,0
2018-11-26,IN12,313,142,3
2018-11-26,IN13,148,54,1
2018-11-26,IN14,2,0,0
2018-11-26,IN16,1629,690,11
2018-11-26,IN17,28,7,0
2018-11-26,IN19,438,114,3
2018-11-26,IN20,46,10,0
2018-11-26,IN21,56,6,0
2018-11-26,IN22,7,4,0
2018-11-26,IN23,286,101,1
2018-11-26,IN24,276,83,4
2018-11-26,IN25,234,57,4
2018-11-26,IN26,52,13,0
2018-11-26,IN28,183,37,0
2018-11-26,IN30,11,2,0
2018-11-26,IN31,56,23,0
2018-11-26,IN33,15,6,0
2018-11-26,IN34,107,30,0
2018-11-26,IN35,426,130,9
2018-11-26,IN36,564,148,5
2018-11-26,IN37,95,49,0
2018-11-26,IN38,7,3,0
2018-11-26,IN39,72,14,1
2018-11-27,IN00,110,36,0
2018-11-27,IN01,114,32,0
2018-11-27,IN02,512,163,12
2018-11-27,IN03,48,12,0
2018-11-27,IN07,1302,341,21
2018-11-27,IN09,237,68,5
2018-11-27,IN10,56,11,0
2018-11-27,IN11,11,1,0
2018-11-27,IN12,443,160,2
2018-11-27,IN13,196,79,22
2018-11-27,IN16,1139,395,19
2018-11-27,IN17,18,0,0
2018-11-27,IN18,14,4,0
2018-11-27,IN19,401,93,4
2018-11-27,IN20,55,4,0
2018-11-27,IN21,95,17,3
2018-11-27,IN23,240,95,2
2018-11-27,IN24,196,36,1
2018-11-27,IN25,237,76,4
2018-11-27,IN26,47,1,0
2018-11-27,IN28,183,42,2
2018-11-27,IN30,3,0,0
2018-11-27,IN31,95,51,3
2018-11-27,IN33,16,2,0
2018-11-27,IN34,158,66,2
2018-11-27,IN35,365,129,5
2018-11-27,IN36,391,94,10
2018-11-27,IN37,69,23,3
2018-11-27,IN38,7,2,0
2018-11-27,IN39,28,13,6
2018-11-28,IN00,124,46,5
2018-11-28,IN01,88,30,0
2018-11-28,IN02,562,145,12
2018-11-28,IN03,29,10,1
2018-11-28,IN07,1125,287,12
2018-11-28,IN09,230,83,3
2018-11-28,IN10,81,27,0
2018-11-28,IN11,57,15,0
2018-11-28,IN12,433,193,8
2018-11-28,IN13,141,34,7
2018-11-28,IN14,5,0,0
2018-11-28,IN16,862,273,19
2018-11-28,IN17,17,1,0
2018-11-28,IN18,7,1,0
2018-11-28,IN19,356,88,2
2018-11-28,IN20,9,0,0
2018-11-28,IN21,46,12,0
2018-11-28,IN22,2,2,0
2018-11-28,IN23,317,60,0
2018-11-28,IN24,189,49,7
2018-11-28,IN25,187,50,1
2018-11-28,IN26,59,14,0
2018-11-28,IN28,126,38,6
2018-11-28,IN30,8,0,0
2018-11-28,IN31,91,36,1
2018-11-28,IN33,51,10,0
2018-11-28,IN34,255,78,0
2018-11-28,IN35,587,194,17
2018-11-28,IN36,351,103,5
2018-11-28,IN37,67,33,3
2018-11-28,IN38,39,12,0
2018-11-28,IN39,30,11,1
2018-11-29,IN00,117,25,0
2018-11-29,IN01,69,11,0
2018-11-29,IN02,495,152,10
2018-11-29,IN03,67,22,1
2018-11-29,IN07,1231,343,35
2018-11-29,IN09,212,74,3
2018-11-29,IN10,137,41,0
2018-11-29,IN11,32,4,0
2018-11-29,IN12,355,140,8
2018-11-29,IN13,176,41,4
2018-11-29,IN16,1069,306,17
2018-11-29,IN17,16,1,0
2018-11-29,IN18,21,10,0
2018-11-29,IN19,373,90,26
2018-11-29,IN20,17,4,0
2018-11-29,IN21,66,20,3
2018-11-29,IN22,2,0,0
2018-11-29,IN23,322,70,0
2018-11-29,IN24,260,83,27
2018-11-29,IN25,310,101,14
2018-11-29,IN26,17,2,0
2018-11-29,IN28,255,70,7
2018-11-29,IN30,6,3,0
2018-11-29,IN31,8,3,0
2018-11-29,IN33,26,2,0
2018-11-29,IN34,213,62,3
2018-11-29,IN35,272,65,7
2018-11-29,IN36,391,93,7
2018-11-29,IN37,68,18,1
2018-11-29,IN38,24,9,2
2018-11-29,IN39,38,15,0
2018-11-30,IN00,142,45,3
2018-11-30,IN01,59,14,1
2018-11-30,IN02,328,97,7
2018-11-30,IN03,42,14,2
2018-11-30,IN06,2,0,0
2018-11-30,IN07,1488,469,62
2018-11-30,IN09,206,63,5
2018-11-30,IN10,112,43,10
2018-11-30,IN11,41,16,0
2018-11-30,IN12,253,83,10
2018-11-30,IN13,161,45,3
2018-11-30,IN16,840,215,13
2018-11-30,IN17,38,17,0
2018-11-30,IN19,303,96,7
2018-11-30,IN20,65,10,0
2018-11-30,IN21,92,22,4
2018-11-30,IN22,1,0,0
2018-11-30,IN23,202,42,0
2018-11-30,IN24,247,56,5
2018-11-30,IN25,329,104,10
2018-11-30,IN26,14,8,3
2018-11-30,IN28,217,54,8
2018-11-30,IN31,1,1,1
2018-11-30,IN33,36,7,3
2018-11-30,IN34,168,66,1
2018-11-30,IN35,279,91,16
2018-11-30,IN36,521,162,16
2018-11-30,IN37,88,23,3
2018-11-30,IN38,20,0,0
2018-11-30,IN39,58,27,1
2018-12-01,IN00,53,14,0
2018-12-01,IN01,67,16,0
2018-12-01,IN02,348,94,5
2018-12-01,IN03,13,3,0
2018-12-01,IN06,9,1,0
2018-12-01,IN07,964,251,27
2018-12-01,IN09,168,62,1
2018-12-01,IN10,88,31,3
2018-12-01,IN11,21,5,0
2018-12-01,IN12,202,37,1
2018-12-01,IN13,131,52,4
2018-12-01,IN14,4,1,0
2018-12-01,IN16,725,220,15
2018-12-01,IN17,11,1,0
2018-12-01,IN18,9,2,0
2018-12-01,IN19,218,46,9
2018-12-01,IN20,55,3,1
2018-12-01,IN21,99,25,4
2018-12-01,IN23,102,23,1
2018-12-01,IN24,187,50,6
2018-12-01,IN25,255,51,2
2018-12-01,IN26,58,5,0
2018-12-01,IN28,130,34,9
2018-12-01,IN31,12,1,1
2018-12-01,IN33,30,5,0
2018-12-01,IN34,159,45,0
2018-12-01,IN35,188,82,15
2018-12-01,IN36,418,122,6
2018-12-01,IN37,54,5,2
2018-12-01,IN38,55,15,1
2018-12-01,IN39,36,10,0
2018-12-02,IN00,48,15,0
2018-12-02,IN01,26,7,0
2018-12-02,IN02,409,106,9
2018-12-02,IN03,44,15,0
2018-12-02,IN06,11,0,0
2018-12-02,IN07,664,180,11
2018-12-02,IN09,158,72,3
2018-12-02,IN10,85,24,2
2018-12-02,IN11,14,2,0
2018-12-02,IN12,246,73,13
2018-12-02,IN13,95,31,3
2018-12-02,IN16,429,125,20
2018-12-02,IN17,9,3,0
2018-12-02,IN18,2,0,0
2018-12-02,IN19,139,32,3
2018-12-02,IN20,48,3,1
2018-12-02,IN21,83,44,0
2018-12-02,IN22,1,0,0
2018-12-02,IN23,123,28,4
2018-12-02,IN24,161,45,1
2018-12-02,IN25,166,40,4
2018-12-02,IN26,25,3,0
2018-12-02,IN28,173,59,4
2018-12-02,IN30,1,0,0
2018-12-02,IN33,8,0,0
2018-12-02,IN34,154,51,1
2018-12-02,IN35,212,78,2
2018-12-02,IN36,314,98,2
2018-12-02,IN37,36,2,0
2018-12-02,IN38,2,1,0
2018-12-02,IN39,28,7,1
2018-12-03,IN00,131,36,2
2018-12-03,IN01,29,15,0
2018-12-03,IN02,519,150,6
2018-12-03,IN03,52,24,4
2018-12-03,IN07,1082,323,18
2018-12-03,IN09,284,114,13
2018-12-03,IN10,141,41,3
2018-12-03,IN11,18,6,1
2018-12-03,IN12,176,64,0
2018-12-03,IN13,223,60,5
2018-12-03,IN16,821,285,17
2018-12-03,IN17,5,5,0
2018-12-03,IN18,9,0,0
2018-12-03,IN19,297,55,4
2018-12-03,IN20,18,3,0
2018-12-03,IN21,120,31,0
2018-12-03,IN22,6,1,0
2018-12-03,IN23,234,44,2
2018-12-03,IN24,262,81,7
2018-12-03,IN25,283,108,10
2018-12-03,IN26,40,9,2
2018-12-03,IN28,169,52,4
2018-12-03,IN30,4,1,0
2018-12-03,IN31,2,1,0
2018-12-03,IN33,11,5,0
2018-12-03,IN34,158,64,5
2018-12-03,IN35,248,72,3
2018-12-03,IN36,749,312,32
2018-12-03,IN37,65,13,1
2018-12-03,IN38,52,17,2
2018-12-03,IN39,26,4,2
2018-12-04,IN00,88,28,2
2018-12-04,IN01,11,1,0
2018-12-04,IN02,694,268,15
2018-12-04,IN03,31,5,0
2018-12-04,IN06,1,0,0
2018-12-04,IN07,1342,351,10
2018-12-04,IN09,231,86,14
2018-12-04,IN10,91,41,2
2018-12-04,IN11,18,4,1
2018-12-04,IN12,169,47,9
2018-12-04,IN13,102,26,0
2018-12-04,IN14,5,1,0
2018-12-04,IN16,911,287,14
2018-12-04,IN17,4,1,0
2018-12-04,IN18,1,1,0
2018-12-04,IN19,387,101,13
2018-12-04,IN20,21,3,0
2018-12-04,IN21,146,40,0
2018-12-04,IN22,2,0,0
2018-12-04,IN23,141,37,1
2018-12-04,IN24,545,189,11
2018-12-04,IN25,316,91,5
2018-12-04,IN26,22,8,1
2018-12-04,IN28,172,53,7
2018-12-04,IN29,1,1,0
2018-12-04,IN31,5,4,0
2018-12-04,IN33,15,2,0
2018-12-04,IN34,255,106,13
2018-12-04,IN35,263,98,7
2018-12-04,IN36,1085,521,29
2018-12-04,IN37,49,15,0
2018-12-04,IN38,14,3,0
2018-12-04,IN39,42,12,8
2018-12-05,IN00,60,15,3
2018-12-05,IN01,28,7,0
2018-12-05,IN02,644,253,11
2018-12-05,IN03,23,1,0
2018-12-05,IN05,6,1,0
2018-12-05,IN07,1412,417,11
2018-12-05,IN09,251,78,12
2018-12-05,IN10,90,21,1
2018-12-05,IN11,22,4,0
2018-12-05,IN12,158,50,3
2018-12-05,IN13,169,45,7
2018-12-05,IN16,687,183,6
2018-12-05,IN17,17,1,0
2018-12-05,IN18,8,1,0
2018-12-05,IN19,490,132,4
2018-12-05,IN20,32,6,0
2018-12-05,IN21,121,33,0
2018-12-05,IN22,7,2,0
2018-12-05,IN23,106,31,4
2018-12-05,IN24,439,139,6
2018-12-05,IN25,342,92,14
2018-12-05,IN26,14,6,1
2018-12-05,IN28,157,39,2
2018-12-05,IN33,28,11,0
2018-12-05,IN34,206,93,7
2018-12-05,IN35,199,59,2
2018-12-05,IN36,987,385,25
2018-12-05,IN37,29,5,0
2018-12-05,IN38,16,7,0
2018-12-05,IN39,50,9,0
2018-12-06,IN00,95,23,1
2018-12-06,IN01,31,9,0
2018-12-06,IN02,468,139,10
2018-12-06,IN03,37,14,4
2018-12-06,IN06,1,1,0
2018-12-06,IN07,1235,346,15
2018-12-06,IN09,134,48,4
2018-12-06,IN10,80,37,1
2018-12-06,IN11,9,5,0
2018-12-06,IN12,241,84,5
2018-12-06,IN13,167,50,2
2018-12-06,IN16,915,261,10
2018-12-06,IN17,10,1,0
2018-12-06,IN18,18,2,0
2018-12-06,IN19,416,107,2
2018-12-06,IN20,19,4,0
2018-12-06,IN21,106,27,0
2018-12-06,IN22,25,7,0
2018-12-06,IN23,226,46,0
2018-12-06,IN24,287,79,7
2018-12-06,IN25,345,87,6
2018-12-06,IN26,25,3,0
2018-12-06,IN28,460,150,15
2018-12-06,IN30,3,0,0
2018-12-06,IN31,58,10,0
2018-12-06,IN33,25,8,1
2018-12-06,IN34,225,83,5
2018-12-06,IN35,221,55,3
2018-12-06,IN36,1189,405,23
2018-12-06,IN37,31,11,0
2018-12-06,IN38,17,2,0
2018-12-06,IN39,107,49,0
2018-12-07,IN00,71,16,2
2018-12-07,IN01,5,1,0
2018-12-07,IN02,440,140,6
2018-12-07,IN03,26,6,0
2018-12-07,IN05,4,1,0
2018-12-07,IN06,3,1,0
2018-12-07,IN07,1091,300,12
2018-12-07,IN09,160,63,3
2018-12-07,IN10,81,19,0
2018-12-07,IN11,32,3,2
2018-12-07,IN12,211,79,7
2018-12-07,IN13,149,33,1
2018-12-07,IN16,799,228,11
2018-12-07,IN17,5,0,0
2018-12-07,IN18,4,3,0
2018-12-07,IN19,259,73,5
2018-12-07,IN20,42,1,0
2018-12-07,IN21,73,24,0
2018-12-07,IN22,2,2,0
2018-12-07,IN23,163,39,2
2018-12-07,IN24,416,123,7
2018-12-07,IN25,370,96,4
2018-12-07,IN26,34,17,1
2018-12-07,IN28,495,195,14
2018-12-07,IN30,2,0,0
2018-12-07,IN31,46,7,0
2018-12-07,IN33,39,4,0
2018-12-07,IN34,115,51,0
2018-12-07,IN35,219,74,2
2018-12-07,IN36,448,180,13
2018-12-07,IN37,92,24,0
2018-12-07,IN38,20,4,0
2018-12-07,IN39,113,50,5
2018-12-08,IN00,23,4,0
2018-12-08,IN01,38,7,0
2018-12-08,IN02,182,61,3
2018-12-08,IN03,21,4,0
2018-12-08,IN06,4,0,0
2018-12-08,IN07,773,198,8
2018-12-08,IN09,172,56,0
2018-12-08,IN10,28,8,1
2018-12-08,IN11,22,2,0
2018-12-08,IN12,282,123,2
2018-12-08,IN13,146,31,1
2018-12-08,IN14,3,1,0
2018-12-08,IN16,505,174,6
2018-12-08,IN17,12,1,0
2018-12-08,IN18,3,3,0
2018-12-08,IN19,226,61,5
2018-12-08,IN20,41,6,0
2018-12-08,IN21,55,15,0
2018-12-08,IN22,9,2,0
2018-12-08,IN23,91,22,0
2018-12-08,IN24,131,38,2
2018-12-08,IN25,142,31,1
2018-12-08,IN26,33,4,0
2018-12-08,IN28,301,112,9
2018-12-08,IN31,14,0,0
2018-12-08,IN33,22,3,0
2018-12-08,IN34,76,32,3
2018-12-08,IN35,167,46,1
2018-12-08,IN36,648,294,18
2018-12-08,IN37,44,11,0
2018-12-08,IN38,53,14,1
2018-12-08,IN39,43,19,0
2018-12-09,IN00,52,21,1
2018-12-09,IN01,27,6,0
2018-12-09,IN02,175,31,0
2018-12-09,IN03,40,13,3
2018-12-09,IN06,1,0,0
2018-12-09,IN07,814,186,16
2018-12-09,IN09,141,42,5
2018-12-09,IN10,48,14,1
2018-12-09,IN11,3,2,0
2018-12-09,IN12,317,139,5
2018-12-09,IN13,157,37,11
2018-12-09,IN14,3,1,0
2018-12-09,IN16,486,193,12
2018-12-09,IN17,6,0,0
2018-12-09,IN19,196,52,9
2018-12-09,IN20,29,9,0
2018-12-09,IN21,115,14,0
2018-12-09,IN22,2,1,0
2018-12-09,IN23,53,22,0
2018-12-09,IN24,109,29,4
2018-12-09,IN25,117,34,2
2018-12-09,IN26,2,0,0
2018-12-09,IN28,121,47,10
2018-12-09,IN31,11,3,0
2018-12-09,IN33,12,1,0
2018-12-09,IN34,88,34,4
2018-12-09,IN35,254,76,4
2018-12-09,IN36,644,221,12
2018-12-09,IN37,80,23,0
2018-12-09,IN38,20,7,0
2018-12-09,IN39,81,28,0
2018-12-10,IN00,63,19,1
2018-12-10,IN01,26,2,0
2018-12-10,IN02,373,75,1
2018-12-10,IN03,42,9,0
2018-12-10,IN07,1390,347,15
2018-12-10,IN09,178,55,4
2018-12-10,IN10,69,15,0
2018-12-10,IN11,9,1,0
2018-12-10,IN12,262,107,6
2018-12-10,IN13,249,64,9
2018-12-10,IN14,1,0,0
2018-12-10,IN16,726,229,6
2018-12-10,IN17,10,0,0
2018-12-10,IN18,5,3,0
2018-12-10,IN19,385,85,4
2018-12-10,IN20,18,1,0
2018-12-10,IN21,148,20,0
2018-12-10,IN22,2,0,0
2018-12-10,IN23,100,23,0
2018-12-10,IN24,217,73,0
2018-12-10,IN25,205,55,0
2018-12-10,IN26,29,10,1
2018-12-10,IN28,140,65,2
2018-12-10,IN30,6,2,0
2018-12-10,IN31,25,10,0
2018-12-10,IN33,45,20,0
2018-12-10,IN34,131,41,0
2018-12-10,IN35,358,110,1
2018-12-10,IN36,595,186,6
2018-12-10,IN37,127,55,3
2018-12-10,IN38,12,1,0
2018-12-10,IN39,92,20,0
2018-12-11,IN00,65,12,4
2018-12-11,IN01,23,4,0
2018-12-11,IN02,584,153,7
2018-12-11,IN03,24,9,2
2018-12-11,IN06,1,0,0
2018-12-11,IN07,1060,222,15
2018-12-11,IN09,145,45,6
2018-12-11,IN10,48,20,0
2018-12-11,IN11,28,4,0
2018-12-11,IN12,190,60,3
2018-12-11,IN13,72,11,2
2018-12-11,IN14,3,1,0
2018-12-11,IN16,776,211,6
2018-12-11,IN17,4,0,0
2018-12-11,IN18,6,2,0
2018-12-11,IN19,437,146,3
2018-12-11,IN20,22,1,0
2018-12-11,IN21,72,13,2
2018-12-11,IN22,4,0,0
2018-12-11,IN23,65,23,1
2018-12-11,IN24,377,65,4
2018-12-11,IN25,233,78,4
2018-12-11,IN26,38,4,0
2018-12-11,IN28,111,24,1
2018-12-11,IN30,10,5,0
2018-12-11,IN31,246,63,4
2018-12-11,IN33,34,13,0
2018-12-11,IN34,101,51,0
2018-12-11,IN35,688,207,7
2018-12-11,IN36,335,92,8
2018-12-11,IN37,418,105,6
2018-12-11,IN38,20,3,0
2018-12-11,IN39,36,7,0
2018-12-12,IN00,50,8,0
2018-12-12,IN01,4,1,0
2018-12-12,IN02,424,84,3
2018-12-12,IN03,35,3,0
2018-12-12,IN06,2,0,0
2018-12-12,IN07,960,224,9
2018-12-12,IN09,115,14,3
2018-12-12,IN10,29,10,0
2018-12-12,IN11,14,3,0
2018-12-12,IN12,185,70,4
2018-12-12,IN13,142,31,0
2018-12-12,IN16,778,181,8
2018-12-12,IN17,24,2,1
2018-12-12,IN19,311,88,6
2018-12-12,IN20,49,6,0
2018-12-12,IN21,85,12,0
2018-12-12,IN22,4,2,0
2018-12-12,IN23,54,11,0
2018-12-12,IN24,388,74,4
2018-12-12,IN25,265,58,7
2018-12-12,IN26,17,5,0
2018-12-12,IN28,144,30,2
2018-12-12,IN29,1,0,0
2018-12-12,IN30,3,0,0
2018-12-12,IN31,87,24,2
2018-12-12,IN33,32,8,0
2018-12-12,IN34,149,52,0
2018-12-12,IN35,811,183,3
2018-12-12,IN36,429,121,10
2018-12-12,IN37,421,80,0
2018-12-12,IN38,16,0,0
2018-12-12,IN39,48,16,0
2018-12-13,IN00,64,11,5
2018-12-13,IN01,12,2,0
2018-12-13,IN02,284,52,5
2018-12-13,IN03,19,2,0
2018-12-13,IN06,3,3,0
2018-12-13,IN07,1176,237,17
2018-12-13,IN09,137,46,0
2018-12-13,IN10,62,23,0
2018-12-13,IN11,19,4,1
2018-12-13,IN12,241,96,1
2018-12-13,IN13,139,43,10
2018-12-13,IN14,3,0,0
2018-12-13,IN16,838,222,5
2018-12-13,IN17,1,0,0
2018-12-13,IN19,205,58,2
2018-12-13,IN20,30,1,0
2018-12-13,IN21,80,19,0
2018-12-13,IN22,5,0,0
2018-12-13,IN23,95,30,0
2018-12-13,IN24,342,69,14
2018-12-13,IN25,279,68,14
2018-12-13,IN26,14,1,0
2018-12-13,IN28,131,26,0
2018-12-13,IN30,1,0,0
2018-12-13,IN31,50,15,0
2018-12-13,IN33,20,2,2
2018-12-13,IN34,153,39,1
2018-12-13,IN35,736,123,9
2018-12-13,IN36,352,116,5
2018-12-13,IN37,316,46,0
2018-12-13,IN38,19,2,0
2018-12-13,IN39,34,6,1
2018-12-14,IN00,143,34,6
2018-12-14,IN01,9,0,0
2018-12-14,IN02,238,67,5
2018-12-14,IN03,37,8,0
2018-12-14,IN07,1150,301,17
2018-12-14,IN09,113,30,1
2018-12-14,IN10,69,17,0
2018-12-14,IN11,17,3,0
2018-12-14,IN12,152,32,1
2018-12-14,IN13,222,68,13
2018-12-14,IN16,826,261,5
2018-12-14,IN17,7,5,0
2018-12-14,IN18,13,6,0
2018-12-14,IN19,329,115,1
2018-12-14,IN20,28,2,0
2018-12-14,IN21,74,15,1
2018-12-14,IN22,11,1,0
2018-12-14,IN23,90,31,1
2018-12-14,IN24,335,78,13
2018-12-14,IN25,265,85,6
2018-12-14,IN26,17,4,0
2018-12-14,IN28,164,43,2
2018-12-14,IN31,40,2,0
2018-12-14,IN33,25,8,0
2018-12-14,IN34,127,47,0
2018-12-14,IN35,431,73,5
2018-12-14,IN36,326,119,4
2018-12-14,IN37,222,45,4
2018-12-14,IN38,22,3,0
2018-12-14,IN39,27,3,0
2018-12-15,IN00,74,9,0
2018-12-15,IN01,4,1,0
2018-12-15,IN02,216,66,0
2018-12-15,IN03,40,6,0
2018-12-15,IN07,891,272,10
2018-12-15,IN09,149,43,3
2018-12-15,IN10,72,15,6
2018-12-15,IN11,9,3,1
2018-12-15,IN12,617,334,32
2018-12-15,IN13,97,42,6
2018-12-15,IN14,1,1,0
2018-12-15,IN16,535,161,3
2018-12-15,IN17,8,4,0
2018-12-15,IN18,15,8,0
2018-12-15,IN19,306,88,7
2018-12-15,IN20,23,1,0
2018-12-15,IN21,65,15,2
2018-12-15,IN22,5,2,0
2018-12-15,IN23,99,19,0
2018-12-15,IN24,128,43,1
2018-12-15,IN25,271,95,2
2018-12-15,IN26,24,2,0
2018-12-15,IN28,172,64,0
2018-12-15,IN31,41,4,0
2018-12-15,IN33,15,3,0
2018-12-15,IN34,231,108,0
2018-12-15,IN35,235,61,3
2018-12-15,IN36,313,104,5
2018-12-15,IN37,194,29,0
2018-12-15,IN38,25,10,0
2018-12-15,IN39,42,10,0
2018-12-16,IN00,73,7,0
2018-12-16,IN01,9,5,0
2018-12-16,IN02,184,24,0
2018-12-16,IN03,18,3,0
2018-12-16,IN06,4,2,0
2018-12-16,IN07,864,214,9
2018-12-16,IN09,159,48,0
2018-12-16,IN10,42,6,0
2018-12-16,IN11,7,1,0
2018-12-16,IN12,456,276,45
2018-12-16,IN13,174,54,0
2018-12-16,IN16,443,129,10
2018-12-16,IN17,6,4,0
2018-12-16,IN19,163,52,0
2018-12-16,IN20,7,2,0
2018-12-16,IN21,74,9,0
2018-12-16,IN22,13,3,0
2018-12-16,IN23,69,25,0
2018-12-16,IN24,86,19,2
2018-12-16,IN25,354,114,2
2018-12-16,IN26,13,1,0
2018-12-16,IN28,173,42,3
2018-12-16,IN31,1,0,0
2018-12-16,IN33,20,2,0
2018-12-16,IN34,134,35,0
2018-12-16,IN35,168,35,2
2018-12-16,IN36,348,110,5
2018-12-16,IN37,197,34,1
2018-12-16,IN38,8,1,0
2018-12-16,IN39,21,6,0
2018-12-17,IN00,121,22,2
2018-12-17,IN01,11,1,0
2018-12-17,IN02,332,60,2
2018-12-17,IN03,39,11,0
2018-12-17,IN07,1559,566,36
2018-12-17,IN09,205,57,0
2018-12-17,IN10,77,31,2
2018-12-17,IN11,20,9,0
2018-12-17,IN12,468,315,47
2018-12-17,IN13,169,51,7
2018-12-17,IN16,897,283,9
2018-12-17,IN17,8,2,0
2018-12-17,IN18,7,1,0
2018-12-17,IN19,316,90,1
2018-12-17,IN20,21,0,0
2018-12-17,IN21,159,36,3
2018-12-17,IN22,36,10,0
2018-12-17,IN23,104,44,2
2018-12-17,IN24,175,44,5
2018-12-17,IN25,389,133,2
2018-12-17,IN26,24,7,1
2018-12-17,IN28,209,68,9
2018-12-17,IN30,5,0,0
2018-12-17,IN31,10,0,0
2018-12-17,IN33,30,9,0
2018-12-17,IN34,87,25,0
2018-12-17,IN35,402,154,10
2018-12-17,IN36,351,112,5
2018-12-17,IN37,150,39,5
2018-12-17,IN38,15,6,1
2018-12-17,IN39,54,23,0
2018-12-18,IN00,131,23,6
2018-12-18,IN01,6,1,0
2018-12-18,IN02,324,79,8
2018-12-18,IN03,61,12,1
2018-12-18,IN06,6,0,0
2018-12-18,IN07,1602,563,40
2018-12-18,IN09,232,62,3
2018-12-18,IN10,70,22,0
2018-12-18,IN11,9,0,0
2018-12-18,IN12,384,215,28
2018-12-18,IN13,203,49,3
2018-12-18,IN14,2,0,0
2018-12-18,IN16,1273,422,22
2018-12-18,IN17,8,6,0
2018-12-18,IN18,5,1,0
2018-12-18,IN19,303,64,5
2018-12-18,IN20,5,3,0
2018-12-18,IN21,115,27,7
2018-12-18,IN22,8,2,0
2018-12-18,IN23,163,54,1
2018-12-18,IN24,136,33,1
2018-12-18,IN25,329,110,6
2018-12-18,IN26,26,3,0
2018-12-18,IN28,184,58,3
2018-12-18,IN30,1,0,0
2018-12-18,IN31,16,2,0
2018-12-18,IN33,20,10,2
2018-12-18,IN34,255,95,10
2018-12-18,IN35,403,156,6
2018-12-18,IN36,570,171,12
2018-12-18,IN37,114,42,2
2018-12-18,IN38,6,2,0
2018-12-18,IN39,86,24,2
2018-12-19,IN00,95,35,5
2018-12-19,IN01,1,1,0
2018-12-19,IN02,272,61,7
2018-12-19,IN03,47,21,5
2018-12-19,IN05,3,0,0
2018-12-19,IN06,10,3,0
2018-12-19,IN07,1175,392,29
2018-12-19,IN09,198,61,5
2018-12-19,IN10,101,30,2
2018-12-19,IN11,28,1,0
2018-12-19,IN12,265,89,6
2018-12-19,IN13,117,38,2
2018-12-19,IN16,1003,290,7
2018-12-19,IN17,26,13,0
2018-12-19,IN18,2,0,0
2018-12-19,IN19,296,81,6
2018-12-19,IN20,26,7,0
2018-12-19,IN21,54,16,0
2018-12-19,IN22,20,9,0
2018-12-19,IN23,54,19,0
2018-12-19,IN24,234,64,1
2018-12-19,IN25,320,102,4
2018-12-19,IN26,18,2,0
2018-12-19,IN28,207,80,12
2018-12-19,IN30,2,0,0
2018-12-19,IN33,22,6,0
2018-12-19,IN34,212,97,1
2018-12-19,IN35,300,102,9
2018-12-19,IN36,707,280,12
2018-12-19,IN37,100,23,0
2018-12-19,IN38,11,1,1
2018-12-19,IN39,57,16,2
2018-12-20,IN00,108,34,4
2018-12-20,IN01,12,0,0
2018-12-20,IN02,344,89,9
2018-12-20,IN03,39,15,1
2018-12-20,IN05,2,0,0
2018-12-20,IN06,13,0,0
2018-12-20,IN07,1270,410,28
2018-12-20,IN09,238,65,10
2018-12-20,IN10,64,12,0
2018-12-20,IN11,28,10,0
2018-12-20,IN12,250,100,6
2018-12-20,IN13,165,35,3
2018-12-20,IN16,806,242,5
2018-12-20,IN17,13,6,0
2018-12-20,IN18,4,1,0
2018-12-20,IN19,320,68,10
2018-12-20,IN20,10,3,0
2018-12-20,IN21,95,16,2
2018-12-20,IN22,15,9,1
2018-12-20,IN23,98,34,4
2018-12-20,IN24,169,42,0
2018-12-20,IN25,345,149,11
2018-12-20,IN26,24,7,0
2018-12-20,IN28,324,112,11
2018-12-20,IN30,13,4,0
2018-12-20,IN31,2,2,0
2018-12-20,IN33,38,16,0
2018-12-20,IN34,281,82,1
2018-12-20,IN35,221,57,3
2018-12-20,IN36,537,221,10
2018-12-20,IN37,90,29,1
2018-12-20,IN38,30,6,0
2018-12-20,IN39,61,29,3
2018-12-21,IN00,124,40,2
2018-12-21,IN01,4,0,0
2018-12-21,IN02,304,56,0
2018-12-21,IN03,75,23,4
2018-12-21,IN06,15,8,0
2018-12-21,IN07,1462,490,16
2018-12-21,IN09,296,107,14
2018-12-21,IN10,75,19,1
2018-12-21,IN11,17,5,0
2018-12-21,IN12,247,105,8
2018-12-21,IN13,125,30,3
2018-12-21,IN14,4,1,0
2018-12-21,IN16,938,341,4
2018-12-21,IN17,7,5,0
2018-12-21,IN18,25,5,1
2018-12-21,IN19,367,97,3
2018-12-21,IN20,36,2,2
2018-12-21,IN21,151,27,2
2018-12-21,IN22,5,2,0
2018-12-21,IN23,85,30,3
2018-12-21,IN24,150,50,5
2018-12-21,IN25,316,95,10
2018-12-21,IN26,17,4,0
2018-12-21,IN28,290,128,8
2018-12-21,IN31,3,1,1
2018-12-21,IN32,1,0,0
2018-12-21,IN33,36,20,0
2018-12-21,IN34,243,84,5
2018-12-21,IN35,250,83,0
2018-12-21,IN36,592,225,8
2018-12-21,IN37,79,17,1
2018-12-21,IN38,37,22,0
2018-12-21,IN39,71,15,1
2018-12-22,IN00,65,15,3
2018-12-22,IN01,3,2,0
2018-12-22,IN02,294,70,0
2018-12-22,IN03,35,7,0
2018-12-22,IN06,12,2,0
2018-12-22,IN07,1040,330,24
2018-12-22,IN09,303,123,6
2018-12-22,IN10,49,15,0
2018-12-22,IN11,7,1,0
2018-12-22,IN12,255,136,0
2018-12-22,IN13,286,72,10
2018-12-22,IN14,11,3,0
2018-12-22,IN16,567,159,7
2018-12-22,IN17,12,3,0
2018-12-22,IN18,21,4,1
2018-12-22,IN19,306,64,6
2018-12-22,IN20,12,1,0
2018-12-22,IN21,121,14,0
2018-12-22,IN22,18,12,8
2018-12-22,IN23,62,25,2
2018-12-22,IN24,157,44,2
2018-12-22,IN25,277,94,6
2018-12-22,IN26,23,6,1
2018-12-22,IN28,227,67,2
2018-12-22,IN33,19,13,1
2018-12-22,IN34,233,86,7
2018-12-22,IN35,171,47,2
2018-12-22,IN36,375,108,5
2018-12-22,IN37,30,13,0
2018-12-22,IN38,28,9,0
2018-12-22,IN39,33,5,0
2018-12-23,IN00,53,19,2
2018-12-23,IN01,2,1,0
2018-12-23,IN02,220,38,4
2018-12-23,IN03,25,3,0
2018-12-23,IN05,2,0,0
2018-12-23,IN06,1,0,0
2018-12-23,IN07,752,238,24
2018-12-23,IN09,202,81,10
2018-12-23,IN10,86,26,2
2018-12-23,IN11,15,3,0
2018-12-23,IN12,185,86,5
2018-12-23,IN13,211,47,14
2018-12-23,IN16,450,127,4
2018-12-23,IN17,7,3,0
2018-12-23,IN18,17,3,0
2018-12-23,IN19,180,48,2
2018-12-23,IN20,7,1,0
2018-12-23,IN21,146,7,1
2018-12-23,IN22,8,2,0
2018-12-23,IN23,63,24,1
2018-12-23,IN24,103,33,2
2018-12-23,IN25,197,85,2
2018-12-23,IN26,5,0,0
2018-12-23,IN28,174,39,0
2018-12-23,IN33,32,16,0
2018-12-23,IN34,153,49,0
2018-12-23,IN35,201,57,6
2018-12-23,IN36,324,120,10
2018-12-23,IN37,73,25,0
2018-12-23,IN38,40,12,0
2018-12-23,IN39,34,9,0
2018-12-24,IN00,80,23,4
2018-12-24,IN01,13,1,1
2018-12-24,IN02,370,94,6
2018-12-24,IN03,80,9,1
2018-12-24,IN07,936,228,18
2018-12-24,IN09,155,74,5
2018-12-24,IN10,91,30,2
2018-12-24,IN11,10,2,0
2018-12-24,IN12,172,53,0
2018-12-24,IN13,216,57,7
2018-12-24,IN16,687,227,10
2018-12-24,IN18,23,2,0
2018-12-24,IN19,289,85,7
2018-12-24,IN20,17,5,0
2018-12-24,IN21,262,38,2
2018-12-24,IN22,12,2,1
2018-12-24,IN23,99,13,1
2018-12-24,IN24,135,38,2
2018-12-24,IN25,230,77,2
2018-12-24,IN26,30,6,0
2018-12-24,IN28,413,150,18
2018-12-24,IN30,2,1,0
2018-12-24,IN31,12,2,0
2018-12-24,IN33,13,2,0
2018-12-24,IN34,162,84,11
2018-12-24,IN35,177,47,1
2018-12-24,IN36,524,150,2
2018-12-24,IN37,86,24,0
2018-12-24,IN38,26,7,0
2018-12-24,IN39,60,23,0
2018-12-25,IN00,79,11,0
2018-12-25,IN01,17,4,0
2018-12-25,IN02,259,81,2
2018-12-25,IN03,134,14,4
2018-12-25,IN06,1,0,0
2018-12-25,IN07,669,174,13
2018-12-25,IN09,136,44,2
2018-12-25,IN10,71,12,0
2018-12-25,IN11,5,3,0
2018-12-25,IN12,130,47,2
2018-12-25,IN13,110,30,3
2018-12-25,IN16,606,210,14
2018-12-25,IN17,8,7,1
2018-12-25,IN18,14,7,0
2018-12-25,IN19,337,119,1
2018-12-25,IN20,15,4,0
2018-12-25,IN21,123,22,1
2018-12-25,IN22,1,1,0
2018-12-25,IN23,69,28,0
2018-12-25,IN24,99,21,0
2018-12-25,IN25,181,82,6
2018-12-25,IN26,15,7,3
2018-12-25,IN28,210,42,8
2018-12-25,IN30,4,2,0
2018-12-25,IN33,12,0,0
2018-12-25,IN34,139,30,6
2018-12-25,IN35,132,37,2
2018-12-25,IN36,432,164,15
2018-12-25,IN37,75,10,0
2018-12-25,IN38,13,7,0
2018-12-25,IN39,29,1,0
2018-12-26,IN00,95,24,1
2018-12-26,IN01,16,2,0
2018-12-26,IN02,357,65,6
2018-12-26,IN03,113,20,0
2018-12-26,IN05,6,3,1
2018-12-26,IN07,947,241,8
2018-12-26,IN09,304,102,30
2018-12-26,IN10,58,9,0
2018-12-26,IN11,23,6,0
2018-12-26,IN12,142,46,0
2018-12-26,IN13,92,33,1
2018-12-26,IN14,9,1,0
2018-12-26,IN16,617,160,20
2018-12-26,IN17,4,3,1
2018-12-26,IN18,46,14,0
2018-12-26,IN19,482,114,6
2018-12-26,IN20,10,2,0
2018-12-26,IN21,177,40,2
2018-12-26,IN22,5,4,0
2018-12-26,IN23,73,40,0
2018-12-26,IN24,145,49,5
2018-12-26,IN25,331,97,2
2018-12-26,IN26,27,8,0
2018-12-26,IN28,227,31,0
2018-12-26,IN30,1,0,0
2018-12-26,IN31,1,1,0
2018-12-26,IN33,26,3,0
2018-12-26,IN34,149,63,2
2018-12-26,IN35,159,48,1
2018-12-26,IN36,619,235,6
2018-12-26,IN37,72,13,0
2018-12-26,IN38,49,11,0
2018-12-26,IN39,60,6,3
2018-12-27,IN00,106,32,5
2018-12-27,IN01,10,0,0
2018-12-27,IN02,282,76,5
2018-12-27,IN03,88,19,1
2018-12-27,IN07,987,314,18
2018-12-27,IN09,211,70,8
2018-12-27,IN10,56,14,1
2018-12-27,IN11,102,29,9
2018-12-27,IN12,141,26,2
2018-12-27,IN13,146,38,2
2018-12-27,IN14,6,0,0
2018-12-27,IN16,634,201,15
2018-12-27,IN17,7,2,0
2018-12-27,IN18,54,16,0
2018-12-27,IN19,425,105,20
2018-12-27,IN20,21,7,1
2018-12-27,IN21,59,5,0
2018-12-27,IN22,2,0,0
2018-12-27,IN23,122,44,5
2018-12-27,IN24,224,68,0
2018-12-27,IN25,322,93,14
2018-12-27,IN26,33,4,0
2018-12-27,IN28,123,32,0
2018-12-27,IN31,10,2,0
2018-12-27,IN33,13,1,0
2018-12-27,IN34,92,46,5
2018-12-27,IN35,177,55,0
2018-12-27,IN36,555,274,13
2018-12-27,IN37,46,7,0
2018-12-27,IN38,8,4,0
2018-12-27,IN39,26,4,0
2018-12-28,IN00,71,26,1
2018-12-28,IN01,61,1,0
2018-12-28,IN02,287,50,4
2018-12-28,IN03,42,8,0
2018-12-28,IN07,1063,290,23
2018-12-28,IN09,177,56,6
2018-12-28,IN10,62,17,0
2018-12-28,IN11,32,8,0
2018-12-28,IN12,308,109,9
2018-12-28,IN13,145,47,3
2018-12-28,IN16,838,287,16
2018-12-28,IN17,16,9,0
2018-12-28,IN18,44,9,1
2018-12-28,IN19,412,119,5
2018-12-28,IN20,6,0,0
2018-12-28,IN21,174,19,0
2018-12-28,IN22,4,2,0
2018-12-28,IN23,82,30,2
2018-12-28,IN24,188,44,2
2018-12-28,IN25,318,83,7
2018-12-28,IN26,64,15,1
2018-12-28,IN28,120,43,3
2018-12-28,IN30,6,0,0
2018-12-28,IN31,9,6,0
2018-12-28,IN33,4,1,0
2018-12-28,IN34,107,28,2
2018-12-28,IN35,313,117,6
2018-12-28,IN36,490,204,16
2018-12-28,IN37,56,20,0
2018-12-28,IN38,16,2,0
2018-12-28,IN39,50,14,0
2018-12-29,IN00,100,25,3
2018-12-29,IN01,26,2,0
2018-12-29,IN02,253,48,6
2018-12-29,IN03,88,15,0
2018-12-29,IN07,764,203,7
2018-12-29,IN09,167,48,3
2018-12-29,IN10,61,24,0
2018-12-29,IN11,3,1,0
2018-12-29,IN12,190,83,2
2018-12-29,IN13,132,42,2
2018-12-29,IN14,3,0,0
2018-12-29,IN16,642,225,13
2018-12-29,IN17,7,2,0
2018-12-29,IN18,45,7,0
2018-12-29,IN19,360,89,0
2018-12-29,IN20,16,1,0
2018-12-29,IN21,105,12,0
2018-12-29,IN22,13,6,0
2018-12-29,IN23,99,35,0
2018-12-29,IN24,127,48,1
2018-12-29,IN25,149,51,8
2018-12-29,IN26,29,3,0
2018-12-29,IN28,120,29,1
2018-12-29,IN31,15,6,0
2018-12-29,IN33,17,4,0
2018-12-29,IN34,176,62,0
2018-12-29,IN35,134,52,0
2018-12-29,IN36,581,192,6
2018-12-29,IN37,40,3,0
2018-12-29,IN38,56,14,0
2018-12-29,IN39,24,7,0
2018-12-30,IN00,96,20,2
2018-12-30,IN01,72,5,0
2018-12-30,IN02,199,51,1
2018-12-30,IN03,48,14,0
2018-12-30,IN07,803,214,8
2018-12-30,IN09,95,33,3
2018-12-30,IN10,66,38,0
2018-12-30,IN11,12,3,0
2018-12-30,IN12,164,75,4
2018-12-30,IN13,139,39,5
2018-12-30,IN14,6,0,0
2018-12-30,IN16,462,156,6
2018-12-30,IN17,14,4,0
2018-12-30,IN18,13,0,0
2018-12-30,IN19,203,41,3
2018-12-30,IN20,15,2,1
2018-12-30,IN21,83,18,0
2018-12-30,IN22,4,1,0
2018-12-30,IN23,166,76,5
2018-12-30,IN24,67,16,0
2018-12-30,IN25,190,52,3
2018-12-30,IN26,15,8,0
2018-12-30,IN28,153,29,0
2018-12-30,IN30,1,0,0
2018-12-30,IN33,3,0,0
2018-12-30,IN34,62,29,0
2018-12-30,IN35,102,30,0
2018-12-30,IN36,616,287,10
2018-12-30,IN37,48,7,0
2018-12-30,IN38,15,3,0
2018-12-30,IN39,19,5,0
2018-12-31,IN00,85,22,3
2018-12-31,IN01,26,3,0
2018-12-31,IN02,277,94,4
2018-12-31,IN03,24,3,2
2018-12-31,IN07,927,293,13
2018-12-31,IN09,170,43,4
2018-12-31,IN10,65,32,1
2018-12-31,IN11,18,3,0
2018-12-31,IN12,250,110,2
2018-12-31,IN13,166,51,7
2018-12-31,IN16,762,291,22
2018-12-31,IN17,3,0,0
2018-12-31,IN18,44,15,6
2018-12-31,IN19,252,74,4
2018-12-31,IN20,10,3,2
2018-12-31,IN21,66,18,1
2018-12-31,IN22,7,3,0
2018-12-31,IN23,80,26,0
2018-12-31,IN24,131,53,4
2018-12-31,IN25,258,78,4
2018-12-31,IN26,36,8,1
2018-12-31,IN28,114,30,1
2018-12-31,IN30,7,2,0
2018-12-31,IN31,6,4,0
2018-12-31,IN33,5,0,0
2018-12-31,IN34,69,42,0
2018-12-31,IN35,239,96,6
2018-12-31,IN36,506,214,11
2018-12-31,IN37,71,23,0
2018-12-31,IN38,12,3,0
2018-12-31,IN39,51,12,0
2019-01-01,IN00,57,6,0
2019-01-01,IN01,21,4,1
2019-01-01,IN02,185,45,2
2019-01-01,IN03,23,8,2
2019-01-01,IN06,6,4,0
2019-01-01,IN07,794,217,22
2019-01-01,IN09,127,34,0
2019-01-01,IN10,42,11,0
2019-01-01,IN11,25,5,0
2019-01-01,IN12,174,67,0
2019-01-01,IN13,249,93,5
2019-01-01,IN14,4,2,0
2019-01-01,IN16,898,310,8
2019-01-01,IN18,25,10,0
2019-01-01,IN19,213,54,0
2019-01-01,IN20,1,1,0
2019-01-01,IN21,71,18,2
2019-01-01,IN22,1,0,0
2019-01-01,IN23,76,27,3
2019-01-01,IN24,119,43,1
2019-01-01,IN25,146,45,0
2019-01-01,IN26,8,0,0
2019-01-01,IN28,101,32,0
2019-01-01,IN31,4,0,0
2019-01-01,IN33,61,6,2
2019-01-01,IN34,74,23,1
2019-01-01,IN35,189,78,7
2019-01-01,IN36,450,196,14
2019-01-01,IN37,47,13,0
2019-01-01,IN38,12,4,0
2019-01-01,IN39,11,6,0
2019-01-02,IN00,179,61,5
2019-01-02,IN01,24,5,1
2019-01-02,IN02,220,55,5
2019-01-02,IN03,33,11,1
2019-01-02,IN06,9,7,0
2019-01-02,IN07,979,274,16
2019-01-02,IN09,229,63,9
2019-01-02,IN10,52,18,3
2019-01-02,IN11,24,3,0
2019-01-02,IN12,235,87,13
2019-01-02,IN13,691,331,49
2019-01-02,IN14,1,1,0
2019-01-02,IN16,829,221,13
2019-01-02,IN17,10,2,0
2019-01-02,IN18,5,0,0
2019-01-02,IN19,271,72,7
2019-01-02,IN20,19,2,0
2019-01-02,IN21,68,24,7
2019-01-02,IN22,5,2,2
2019-01-02,IN23,77,27,0
2019-01-02,IN24,176,70,3
2019-01-02,IN25,397,115,12
2019-01-02,IN26,28,0,0
2019-01-02,IN28,110,37,4
2019-01-02,IN30,2,0,0
2019-01-02,IN33,80,17,1
2019-01-02,IN34,172,87,2
2019-01-02,IN35,231,97,30
2019-01-02,IN36,518,165,11
2019-01-02,IN37,28,6,2
2019-01-02,IN38,25,2,0
2019-01-02,IN39,53,25,1
2019-01-03,IN00,99,38,6
2019-01-03,IN01,55,25,7
2019-01-03,IN02,215,40,0
2019-01-03,IN03,53,14,0
2019-01-03,IN06,13,0,0
2019-01-03,IN07,1056,396,28
2019-01-03,IN09,213,65,7
2019-01-03,IN10,69,15,3
2019-01-03,IN11,29,10,1
2019-01-03,IN12,357,133,4
2019-01-03,IN13,865,491,111
2019-01-03,IN14,1,0,0
2019-01-03,IN16,601,139,3
2019-01-03,IN17,16,5,0
2019-01-03,IN18,60,21,0
2019-01-03,IN19,303,105,4
2019-01-03,IN20,19,5,0
2019-01-03,IN21,94,27,2
2019-01-03,IN22,8,2,0
2019-01-03,IN23,176,43,5
2019-01-03,IN24,171,75,4
2019-01-03,IN25,288,95,12
2019-01-03,IN26,12,2,1
2019-01-03,IN28,138,36,8
2019-01-03,IN30,16,2,0
2019-01-03,IN33,20,4,0
2019-01-03,IN34,176,74,2
2019-01-03,IN35,159,52,1
2019-01-03,IN36,577,195,11
2019-01-03,IN37,75,37,0
2019-01-03,IN38,34,11,1
2019-01-03,IN39,44,18,0
2019-01-04,IN00,100,36,0
2019-01-04,IN01,19,9,1
2019-01-04,IN02,255,86,2
2019-01-04,IN03,60,19,2
2019-01-04,IN06,1,0,0
2019-01-04,IN07,1232,391,28
2019-01-04,IN09,244,63,5
2019-01-04,IN10,95,28,0
2019-01-04,IN11,14,4,1
2019-01-04,IN12,245,93,3
2019-01-04,IN13,634,342,77
2019-01-04,IN14,2,0,0
2019-01-04,IN16,538,141,16
2019-01-04,IN17,19,5,0
2019-01-04,IN18,48,11,0
2019-01-04,IN19,299,74,4
2019-01-04,IN20,2,1,0
2019-01-04,IN21,168,30,4
2019-01-04,IN22,6,2,2
2019-01-04,IN23,89,35,3
2019-01-04,IN24,218,38,2
2019-01-04,IN25,242,69,2
2019-01-04,IN26,35,5,0
2019-01-04,IN28,125,38,0
2019-01-04,IN30,3,1,0
2019-01-04,IN33,4,0,0
2019-01-04,IN34,136,40,1
2019-01-04,IN35,157,40,4
2019-01-04,IN36,809,213,5
2019-01-04,IN37,34,9,2
2019-01-04,IN38,32,10,0
2019-01-04,IN39,47,8,0
2019-01-05,IN00,86,28,1
2019-01-05,IN01,14,2,0
2019-01-05,IN02,188,68,9
2019-01-05,IN03,74,14,3
2019-01-05,IN06,1,0,0
2019-01-05,IN07,740,234,12
2019-01-05,IN09,221,93,16
2019-01-05,IN10,50,20,1
2019-01-05,IN11,21,6,0
2019-01-05,IN12,135,39,4
2019-01-05,IN13,421,201,27
2019-01-05,IN16,552,176,4
2019-01-05,IN17,6,1,0
2019-01-05,IN18,23,4,0
2019-01-05,IN19,294,86,9
2019-01-05,IN20,17,1,0
2019-01-05,IN21,87,20,0
2019-01-05,IN22,2,0,0
2019-01-05,IN23,54,9,1
2019-01-05,IN24,183,30,2
2019-01-05,IN25,206,73,7
2019-01-05,IN26,71,6,0
2019-01-05,IN28,110,15,0
2019-01-05,IN31,4,0,0
2019-01-05,IN33,19,0,0
2019-01-05,IN34,103,39,0
2019-01-05,IN35,183,70,4
2019-01-05,IN36,578,181,8
2019-01-05,IN37,31,8,0
2019-01-05,IN38,38,9,0
2019-01-05,IN39,27,2,0
2019-01-06,IN00,75,20,0
2019-01-06,IN01,9,4,2
2019-01-06,IN02,189,65,3
2019-01-06,IN03,69,26,2
2019-01-06,IN06,18,2,0
2019-01-06,IN07,780,228,11
2019-01-06,IN09,126,47,10
2019-01-06,IN10,45,17,0
2019-01-06,IN11,14,7,0
2019-01-06,IN12,144,48,0
2019-01-06,IN13,353,164,34
2019-01-06,IN14,1,1,0
2019-01-06,IN16,483,154,3
2019-01-06,IN17,5,5,0
2019-01-06,IN18,11,3,0
2019-01-06,IN19,208,62,8
2019-01-06,IN20,10,4,2
2019-01-06,IN21,79,33,11
2019-01-06,IN22,6,1,0
2019-01-06,IN23,75,27,0
2019-01-06,IN24,172,47,5
2019-01-06,IN25,149,45,2
2019-01-06,IN26,47,9,0
2019-01-06,IN28,166,34,2
2019-01-06,IN30,3,1,0
2019-01-06,IN31,2,0,0
2019-01-06,IN33,7,0,0
2019-01-06,IN34,154,35,0
2019-01-06,IN35,97,36,3
2019-01-06,IN36,480,152,15
2019-01-06,IN37,26,6,0
2019-01-06,IN38,29,5,0
2019-01-06,IN39,30,10,0
2019-01-07,IN00,160,47,3
2019-01-07,IN01,21,3,0
2019-01-07,IN02,232,66,9
2019-01-07,IN03,178,67,22
2019-01-07,IN06,2,0,0
2019-01-07,IN07,1181,356,33
2019-01-07,IN09,147,47,5
2019-01-07,IN10,99,29,2
2019-01-07,IN11,18,3,0
2019-01-07,IN12,251,69,3
2019-01-07,IN13,356,148,32
2019-01-07,IN16,716,225,18
2019-01-07,IN17,11,1,0
2019-01-07,IN18,18,4,0
2019-01-07,IN19,334,118,18
2019-01-07,IN20,32,6,1
2019-01-07,IN21,173,30,2
2019-01-07,IN22,2,1,0
2019-01-07,IN23,40,17,2
2019-01-07,IN24,215,81,11
2019-01-07,IN25,285,111,3
2019-01-07,IN26,25,7,4
2019-01-07,IN28,207,65,8
2019-01-07,IN30,3,2,0
2019-01-07,IN31,5,4,0
2019-01-07,IN33,16,4,0
2019-01-07,IN34,188,54,1
2019-01-07,IN35,159,40,4
2019-01-07,IN36,555,178,7
2019-01-07,IN37,38,7,1
2019-01-07,IN38,15,2,0
2019-01-07,IN39,39,15,0
2019-01-08,IN00,126,25,0
2019-01-08,IN01,19,6,0
2019-01-08,IN02,272,73,4
2019-01-08,IN03,164,71,27
2019-01-08,IN07,1629,439,54
2019-01-08,IN09,307,151,12
2019-01-08,IN10,102,30,6
2019-01-08,IN11,2,0,0
2019-01-08,IN12,261,105,1
2019-01-08,IN13,144,57,8
2019-01-08,IN16,812,253,32
2019-01-08,IN17,7,1,0
2019-01-08,IN18,6,2,0
2019-01-08,IN19,415,141,34
2019-01-08,IN20,37,8,0
2019-01-08,IN21,228,91,34
2019-01-08,IN22,7,5,0
2019-01-08,IN23,90,39,2
2019-01-08,IN24,222,90,8
2019-01-08,IN25,340,126,9
2019-01-08,IN26,51,30,6
2019-01-08,IN28,272,124,31
2019-01-08,IN31,25,7,0
2019-01-08,IN33,13,5,1
2019-01-08,IN34,209,60,3
2019-01-08,IN35,187,49,4
2019-01-08,IN36,495,147,6
2019-01-08,IN37,36,12,1
2019-01-08,IN38,23,1,0
2019-01-08,IN39,40,16,2
2019-01-09,IN00,114,23,1
2019-01-09,IN01,22,7,0
2019-01-09,IN02,222,54,10
2019-01-09,IN03,140,70,25
2019-01-09,IN06,2,0,0
2019-01-09,IN07,1402,346,20
2019-01-09,IN09,174,83,7
2019-01-09,IN10,56,16,3
2019-01-09,IN11,12,2,0
2019-01-09,IN12,401,95,16
2019-01-09,IN13,187,76,12
2019-01-09,IN16,869,266,19
2019-01-09,IN17,7,2,1
2019-01-09,IN18,3,0,0
2019-01-09,IN19,324,82,14
2019-01-09,IN20,19,3,0
2019-01-09,IN21,110,24,3
2019-01-09,IN22,3,1,0
2019-01-09,IN23,78,20,1
2019-01-09,IN24,246,79,4
2019-01-09,IN25,257,79,8
2019-01-09,IN26,105,59,18
2019-01-09,IN28,289,131,29
2019-01-09,IN31,39,14,4
2019-01-09,IN33,30,9,0
2019-01-09,IN34,125,51,4
2019-01-09,IN35,123,42,3
2019-01-09,IN36,421,103,9
2019-01-09,IN37,56,21,2
2019-01-09,IN38,18,2,1
2019-01-09,IN39,46,15,1
2019-01-10,IN00,68,14,0
2019-01-10,IN01,10,1,0
2019-01-10,IN02,282,47,1
2019-01-10,IN03,134,74,27
2019-01-10,IN06,2,0,0
2019-01-10,IN07,1581,336,13
2019-01-10,IN09,174,67,6
2019-01-10,IN10,75,26,1
2019-01-10,IN11,33,5,0
2019-01-10,IN12,276,75,3
2019-01-10,IN13,232,95,12
2019-01-10,IN16,835,251,6
2019-01-10,IN17,6,0,0
2019-01-10,IN18,4,0,0
2019-01-10,IN19,336,69,8
2019-01-10,IN20,60,25,2
2019-01-10,IN21,95,21,3
2019-01-10,IN22,12,0,0
2019-01-10,IN23,74,24,0
2019-01-10,IN24,223,65,2
2019-01-10,IN25,320,103,11
2019-01-10,IN26,67,49,12
2019-01-10,IN28,143,44,3
2019-01-10,IN30,2,0,0
2019-01-10,IN31,9,3,0
2019-01-10,IN33,24,5,0
2019-01-10,IN34,130,49,13
2019-01-10,IN35,148,36,2
2019-01-10,IN36,707,233,13
2019-01-10,IN37,37,5,0
2019-01-10,IN38,32,14,0
2019-01-10,IN39,61,9,1
2019-01-11,IN00,164,38,1
2019-01-11,IN01,12,2,0
2019-01-11,IN02,255,70,2
2019-01-11,IN03,139,73,38
2019-01-11,IN06,8,0,0
2019-01-11,IN07,1361,342,14
2019-01-11,IN09,191,69,5
2019-01-11,IN10,213,101,3
2019-01-11,IN11,20,3,0
2019-01-11,IN12,312,86,5
2019-01-11,IN13,247,77,2
2019-01-11,IN16,691,204,19
2019-01-11,IN17,4,4,1
2019-01-11,IN18,38,6,2
2019-01-11,IN19,332,69,5
2019-01-11,IN20,18,3,0
2019-01-11,IN21,127,15,0
2019-01-11,IN22,2,1,0
2019-01-11,IN23,100,46,5
2019-01-11,IN24,242,54,5
2019-01-11,IN25,235,75,2
2019-01-11,IN26,79,55,11
2019-01-11,IN28,199,74,20
2019-01-11,IN31,4,2,0
2019-01-11,IN33,43,5,1
2019-01-11,IN34,136,40,1
2019-01-11,IN35,137,41,2
2019-01-11,IN36,826,195,16
2019-01-11,IN37,80,7,0
2019-01-11,IN38,18,4,1
2019-01-11,IN39,53,3,0
2019-01-12,IN00,62,20,5
2019-01-12,IN01,7,2,0
2019-01-12,IN02,197,49,0
2019-01-12,IN03,124,51,12
2019-01-12,IN06,11,0,0
2019-01-12,IN07,1027,284,19
2019-01-12,IN09,199,87,2
2019-01-12,IN10,133,41,0
2019-01-12,IN11,23,3,0
2019-01-12,IN12,196,64,6
2019-01-12,IN13,141,38,1
2019-01-12,IN16,516,155,13
2019-01-12,IN17,19,8,3
2019-01-12,IN18,11,4,0
2019-01-12,IN19,268,41,4
2019-01-12,IN20,35,17,5
2019-01-12,IN21,61,18,0
2019-01-12,IN22,10,4,0
2019-01-12,IN23,82,32,1
2019-01-12,IN24,171,42,1
2019-01-12,IN25,212,72,1
2019-01-12,IN26,37,25,12
2019-01-12,IN28,192,77,19
2019-01-12,IN30,1,1,0
2019-01-12,IN31,3,0,0
2019-01-12,IN33,8,3,0
2019-01-12,IN34,187,55,4
2019-01-12,IN35,158,43,1
2019-01-12,IN36,914,225,6
2019-01-12,IN37,106,31,0
2019-01-12,IN38,21,6,0
2019-01-12,IN39,73,18,0
2019-01-13,IN00,64,20,2
2019-01-13,IN01,44,6,0
2019-01-13,IN02,146,27,2
2019-01-13,IN03,81,37,10
2019-01-13,IN06,5,2,0
2019-01-13,IN07,939,290,11
2019-01-13,IN09,91,31,2
2019-01-13,IN10,95,43,0
2019-01-13,IN11,13,2,0
2019-01-13,IN12,243,108,6
2019-01-13,IN13,97,27,4
2019-01-13,IN16,483,153,6
2019-01-13,IN17,16,6,4
2019-01-13,IN18,24,6,0
2019-01-13,IN19,152,43,2
2019-01-13,IN20,8,5,0
2019-01-13,IN21,44,8,0
2019-01-13,IN22,17,9,1
2019-01-13,IN23,119,41,0
2019-01-13,IN24,165,61,2
2019-01-13,IN25,188,62,1
2019-01-13,IN26,9,0,0
2019-01-13,IN28,62,22,6
2019-01-13,IN33,19,1,0
2019-01-13,IN34,179,46,8
2019-01-13,IN35,130,34,3
2019-01-13,IN36,785,280,15
2019-01-13,IN37,62,22,1
2019-01-13,IN38,11,6,0
2019-01-13,IN39,28,7,0
2019-01-14,IN00,93,22,2
2019-01-14,IN01,36,4,0
2019-01-14,IN02,190,62,1
2019-01-14,IN03,106,50,28
2019-01-14,IN07,1240,422,32
2019-01-14,IN09,102,23,1
2019-01-14,IN10,118,37,2
2019-01-14,IN11,3,0,0
2019-01-14,IN12,246,91,3
2019-01-14,IN13,204,58,8
2019-01-14,IN14,1,0,0
2019-01-14,IN16,865,308,16
2019-01-14,IN17,7,5,3
2019-01-14,IN18,32,10,0
2019-01-14,IN19,350,98,4
2019-01-14,IN20,20,2,0
2019-01-14,IN21,102,31,2
2019-01-14,IN22,6,0,0
2019-01-14,IN23,67,23,0
2019-01-14,IN24,180,47,1
2019-01-14,IN25,266,65,1
2019-01-14,IN26,42,15,2
2019-01-14,IN28,160,53,11
2019-01-14,IN31,10,3,0
2019-01-14,IN33,10,3,0
2019-01-14,IN34,202,65,6
2019-01-14,IN35,176,52,0
2019-01-14,IN36,812,221,16
2019-01-14,IN37,23,7,0
2019-01-14,IN38,1,0,0
2019-01-14,IN39,66,8,0
2019-01-15,IN00,126,30,1
2019-01-15,IN01,17,8,0
2019-01-15,IN02,163,47,0
2019-01-15,IN03,55,17,9
2019-01-15,IN06,1,0,0
2019-01-15,IN07,1200,327,14
2019-01-15,IN09,92,31,0
2019-01-15,IN10,148,63,3
2019-01-15,IN11,4,0,0
2019-01-15,IN12,275,85,0
2019-01-15,IN13,347,117,18
2019-01-15,IN14,6,0,0
2019-01-15,IN16,870,227,3
2019-01-15,IN17,10,3,1
2019-01-15,IN18,23,8,0
2019-01-15,IN19,556,175,0
2019-01-15,IN20,20,0,0
2019-01-15,IN21,172,45,2
2019-01-15,IN22,7,1,0
2019-01-15,IN23,51,10,0
2019-01-15,IN24,122,22,1
2019-01-15,IN25,175,40,2
2019-01-15,IN26,26,8,2
2019-01-15,IN28,268,102,16
2019-01-15,IN29,3,0,0
2019-01-15,IN31,17,3,0
2019-01-15,IN33,24,0,0
2019-01-15,IN34,214,63,5
2019-01-15,IN35,171,27,1
2019-01-15,IN36,657,180,9
2019-01-15,IN37,46,16,1
2019-01-15,IN38,8,5,0
2019-01-15,IN39,60,0,0
2019-01-16,IN00,92,30,0
2019-01-16,IN01,8,4,0
2019-01-16,IN02,277,53,2
2019-01-16,IN03,111,24,0
2019-01-16,IN06,27,0,0
2019-01-16,IN07,1207,355,23
2019-01-16,IN09,297,62,5
2019-01-16,IN10,188,51,14
2019-01-16,IN11,8,5,0
2019-01-16,IN12,250,103,8
2019-01-16,IN13,304,139,14
2019-01-16,IN16,984,288,10
2019-01-16,IN17,12,3,0
2019-01-16,IN18,14,3,0
2019-01-16,IN19,547,134,7
2019-01-16,IN20,3,1,1
2019-01-16,IN21,118,24,1
2019-01-16,IN22,6,0,0
2019-01-16,IN23,80,29,2
2019-01-16,IN24,174,35,5
2019-01-16,IN25,185,52,3
2019-01-16,IN26,35,7,1
2019-01-16,IN28,290,104,12
2019-01-16,IN31,14,1,0
2019-01-16,IN33,11,2,0
2019-01-16,IN34,211,83,3
2019-01-16,IN35,151,46,4
2019-01-16,IN36,521,128,9
2019-01-16,IN37,37,4,1
2019-01-16,IN38,31,1,0
2019-01-16,IN39,58,19,1
2019-01-17,IN00,103,33,0
2019-01-17,IN01,22,9,0
2019-01-17,IN02,290,63,8
2019-01-17,IN03,78,26,4
2019-01-17,IN06,29,0,0
2019-01-17,IN07,1214,312,15
2019-01-17,IN09,431,61,3
2019-01-17,IN10,187,73,7
2019-01-17,IN11,28,7,0
2019-01-17,IN12,155,70,1
2019-01-17,IN13,194,57,8
2019-01-17,IN14,1,0,0
2019-01-17,IN16,941,297,16
2019-01-17,IN17,14,7,1
2019-01-17,IN18,26,5,0
2019-01-17,IN19,606,152,8
2019-01-17,IN20,39,7,1
2019-01-17,IN21,80,12,1
2019-01-17,IN22,3,0,0
2019-01-17,IN23,115,39,1
2019-01-17,IN24,161,39,1
2019-01-17,IN25,240,63,2
2019-01-17,IN26,20,6,0
2019-01-17,IN28,209,59,6
2019-01-17,IN30,14,2,0
2019-01-17,IN31,2,0,0
2019-01-17,IN33,26,7,5
2019-01-17,IN34,213,78,3
2019-01-17,IN35,151,55,3
2019-01-17,IN36,546,186,9
2019-01-17,IN37,36,14,0
2019-01-17,IN38,25,3,0
2019-01-17,IN39,112,26,1
2019-01-18,IN00,94,30,0
2019-01-18,IN01,27,12,0
2019-01-18,IN02,273,78,3
2019-01-18,IN03,121,24,5
2019-01-18,IN06,9,0,0
2019-01-18,IN07,1024,276,22
2019-01-18,IN09,270,35,0
2019-01-18,IN10,116,68,3
2019-01-18,IN11,18,3,0
2019-01-18,IN12,282,119,18
2019-01-18,IN13,254,54,2
2019-01-18,IN16,725,227,15
2019-01-18,IN18,20,6,1
2019-01-18,IN19,651,188,7
2019-01-18,IN20,48,13,0
2019-01-18,IN21,119,37,0
2019-01-18,IN22,7,3,0
2019-01-18,IN23,84,34,0
2019-01-18,IN24,173,42,2
2019-01-18,IN25,262,81,10
2019-01-18,IN26,37,14,3
2019-01-18,IN28,249,67,7
2019-01-18,IN30,26,1,0
2019-01-18,IN31,17,5,0
2019-01-18,IN32,4,1,0
2019-01-18,IN33,20,0,0
2019-01-18,IN34,129,49,0
2019-01-18,IN35,135,42,0
2019-01-18,IN36,435,98,6
2019-01-18,IN37,39,19,1
2019-01-18,IN38,14,0,0
2019-01-18,IN39,50,15,0
2019-01-19,IN00,57,12,1
2019-01-19,IN01,15,6,0
2019-01-19,IN02,223,48,2
2019-01-19,IN03,77,25,8
2019-01-19,IN05,11,5,0
2019-01-19,IN06,67,18,3
2019-01-19,IN07,931,278,24
2019-01-19,IN09,184,14,0
2019-01-19,IN10,108,35,0
2019-01-19,IN11,17,2,0
2019-01-19,IN12,250,83,3
2019-01-19,IN13,179,70,5
2019-01-19,IN16,587,168,6
2019-01-19,IN17,7,3,1
2019-01-19,IN18,15,2,0
2019-01-19,IN19,552,175,6
2019-01-19,IN20,22,9,0
2019-01-19,IN21,68,5,0
2019-01-19,IN22,3,0,0
2019-01-19,IN23,79,9,0
2019-01-19,IN24,96,26,1
2019-01-19,IN25,237,61,8
2019-01-19,IN26,46,14,2
2019-01-19,IN28,425,118,17
2019-01-19,IN30,6,1,0
2019-01-19,IN31,3,0,0
2019-01-19,IN33,9,5,0
2019-01-19,IN34,156,43,10
2019-01-19,IN35,141,45,0
2019-01-19,IN36,387,120,12
2019-01-19,IN37,15,2,0
2019-01-19,IN38,20,7,0
2019-01-19,IN39,42,7,0
2019-01-20,IN00,66,13,1
2019-01-20,IN01,7,0,0
2019-01-20,IN02,145,41,0
2019-01-20,IN03,53,20,3
2019-01-20,IN06,26,10,0
2019-01-20,IN07,679,207,18
2019-01-20,IN09,166,33,1
2019-01-20,IN10,76,29,4
2019-01-20,IN11,17,1,0
2019-01-20,IN12,112,30,2
2019-01-20,IN13,88,28,0
2019-01-20,IN14,2,2,0
2019-01-20,IN16,440,131,6
2019-01-20,IN17,8,7,0
2019-01-20,IN18,6,0,0
2019-01-20,IN19,423,150,4
2019-01-20,IN20,33,3,1
2019-01-20,IN21,101,28,0
2019-01-20,IN22,6,2,0
2019-01-20,IN23,79,36,0
2019-01-20,IN24,68,12,0
2019-01-20,IN25,210,37,2
2019-01-20,IN26,13,3,0
2019-01-20,IN28,335,99,9
2019-01-20,IN31,3,0,0
2019-01-20,IN33,6,0,0
2019-01-20,IN34,103,35,0
2019-01-20,IN35,250,126,9
2019-01-20,IN36,503,161,4
2019-01-20,IN37,16,3,0
2019-01-20,IN38,25,7,0
2019-01-20,IN39,46,11,1
2019-01-21,IN00,94,26,0
2019-01-21,IN01,24,13,0
2019-01-21,IN02,265,54,0
2019-01-21,IN03,92,22,4
2019-01-21,IN06,12,1,0
2019-01-21,IN07,1031,315,30
2019-01-21,IN09,212,50,4
2019-01-21,IN10,108,44,3
2019-01-21,IN11,14,1,0
2019-01-21,IN12,181,59,3
2019-01-21,IN13,172,49,6
2019-01-21,IN14,7,2,0
2019-01-21,IN16,698,175,6
2019-01-21,IN17,8,5,0
2019-01-21,IN18,18,2,0
2019-01-21,IN19,798,186,1
2019-01-21,IN20,44,8,0
2019-01-21,IN21,145,38,1
2019-01-21,IN22,7,0,0
2019-01-21,IN23,97,44,5
2019-01-21,IN24,171,59,6
2019-01-21,IN25,386,116,7
2019-01-21,IN26,96,36,4
2019-01-21,IN28,462,163,16
2019-01-21,IN30,8,4,0
2019-01-21,IN31,2,0,0
2019-01-21,IN33,6,2,0
2019-01-21,IN34,266,63,7
2019-01-21,IN35,252,130,25
2019-01-21,IN36,633,163,5
2019-01-21,IN37,57,21,4
2019-01-21,IN38,14,6,0
2019-01-21,IN39,54,9,0
2019-01-22,IN00,112,28,1
2019-01-22,IN01,20,6,0
2019-01-22,IN02,285,78,3
2019-01-22,IN03,96,44,9
2019-01-22,IN05,1,0,0
2019-01-22,IN07,1207,335,20
2019-01-22,IN09,207,48,0
2019-01-22,IN10,69,28,1
2019-01-22,IN11,23,3,0
2019-01-22,IN12,265,106,3
2019-01-22,IN13,197,55,3
2019-01-22,IN14,1,0,0
2019-01-22,IN16,833,220,23
2019-01-22,IN17,6,3,0
2019-01-22,IN18,14,3,0
2019-01-22,IN19,438,100,1
2019-01-22,IN20,30,5,1
2019-01-22,IN21,88,17,2
2019-01-22,IN22,7,0,0
2019-01-22,IN23,66,17,4
2019-01-22,IN24,243,53,5
2019-01-22,IN25,314,99,11
2019-01-22,IN26,125,30,0
2019-01-22,IN28,465,132,8
2019-01-22,IN31,35,10,3
2019-01-22,IN33,14,1,0
2019-01-22,IN34,151,57,3
2019-01-22,IN35,296,113,26
2019-01-22,IN36,667,157,22
2019-01-22,IN37,60,22,1
2019-01-22,IN38,10,1,0
2019-01-22,IN39,36,7,0
2019-01-23,IN00,82,24,0
2019-01-23,IN01,20,0,0
2019-01-23,IN02,240,70,3
2019-01-23,IN03,71,9,3
2019-01-23,IN06,2,0,0
2019-01-23,IN07,1157,315,12
2019-01-23,IN09,215,57,1
2019-01-23,IN10,84,22,1
2019-01-23,IN11,19,3,0
2019-01-23,IN12,276,93,18
2019-01-23,IN13,168,41,8
2019-01-23,IN14,1,1,0
2019-01-23,IN16,765,215,13
2019-01-23,IN17,6,1,1
2019-01-23,IN18,6,3,0
2019-01-23,IN19,373,115,2
2019-01-23,IN20,8,3,1
2019-01-23,IN21,127,28,0
2019-01-23,IN22,12,1,0
2019-01-23,IN23,134,41,1
2019-01-23,IN24,120,29,3
2019-01-23,IN25,363,103,17
2019-01-23,IN26,99,30,0
2019-01-23,IN28,271,87,4
2019-01-23,IN31,31,16,4
2019-01-23,IN33,13,0,0
2019-01-23,IN34,154,47,7
2019-01-23,IN35,271,68,4
2019-01-23,IN36,761,199,7
2019-01-23,IN37,44,16,0
2019-01-23,IN38,26,8,5
2019-01-23,IN39,51,14,1
2019-01-24,IN00,67,14,0
2019-01-24,IN01,6,0,0
2019-01-24,IN02,231,72,8
2019-01-24,IN03,56,17,5
2019-01-24,IN06,6,2,0
2019-01-24,IN07,1183,344,22
2019-01-24,IN09,273,80,0
2019-01-24,IN10,106,15,0
2019-01-24,IN11,12,4,0
2019-01-24,IN12,310,114,0
2019-01-24,IN13,205,68,12
2019-01-24,IN14,2,1,0
2019-01-24,IN16,734,234,15
2019-01-24,IN17,11,5,0
2019-01-24,IN18,20,4,0
2019-01-24,IN19,402,110,2
2019-01-24,IN20,22,7,0
2019-01-24,IN21,74,22,0
2019-01-24,IN22,5,0,0
2019-01-24,IN23,122,31,2
2019-01-24,IN24,238,48,0
2019-01-24,IN25,417,116,15
2019-01-24,IN26,44,9,0
2019-01-24,IN28,230,57,4
2019-01-24,IN30,3,0,0
2019-01-24,IN31,23,15,7
2019-01-24,IN33,20,12,0
2019-01-24,IN34,138,46,1
2019-01-24,IN35,192,76,6
2019-01-24,IN36,912,264,21
2019-01-24,IN37,36,4,0
2019-01-24,IN38,38,9,0
2019-01-24,IN39,66,11,0
2019-01-25,IN00,58,19,0
2019-01-25,IN01,14,4,0
2019-01-25,IN02,225,66,4
2019-01-25,IN03,52,20,5
2019-01-25,IN06,2,0,0
2019-01-25,IN07,1257,299,17
2019-01-25,IN09,212,53,1
2019-01-25,IN10,279,94,2
2019-01-25,IN11,12,2,0
2019-01-25,IN12,237,97,0
2019-01-25,IN13,149,44,5
2019-01-25,IN16,664,179,5
2019-01-25,IN17,9,2,1
2019-01-25,IN18,11,3,0
2019-01-25,IN19,291,101,2
2019-01-25,IN20,15,3,0
2019-01-25,IN21,311,58,3
2019-01-25,IN22,5,3,0
2019-01-25,IN23,160,79,5
2019-01-25,IN24,243,92,13
2019-01-25,IN25,297,90,2
2019-01-25,IN26,28,9,0
2019-01-25,IN28,148,54,2
2019-01-25,IN30,3,2,0
2019-01-25,IN31,34,17,4
2019-01-25,IN33,20,4,0
2019-01-25,IN34,194,72,0
2019-01-25,IN35,148,39,1
2019-01-25,IN36,783,287,9
2019-01-25,IN37,74,19,0
2019-01-25,IN38,39,10,0
2019-01-25,IN39,50,3,0
2019-01-26,IN00,45,12,0
2019-01-26,IN01,5,1,0
2019-01-26,IN02,116,20,1
2019-01-26,IN03,76,25,3
2019-01-26,IN06,8,2,0
2019-01-26,IN07,926,225,7
2019-01-26,IN09,94,27,1
2019-01-26,IN10,107,35,2
2019-01-26,IN11,4,1,0
2019-01-26,IN12,337,147,8
2019-01-26,IN13,187,38,0
2019-01-26,IN16,430,103,4
2019-01-26,IN17,4,4,0
2019-01-26,IN18,25,5,0
2019-01-26,IN19,257,87,3
2019-01-26,IN20,31,5,1
2019-01-26,IN21,150,33,4
2019-01-26,IN22,1,0,0
2019-01-26,IN23,110,49,17
2019-01-26,IN24,111,28,4
2019-01-26,IN25,188,46,0
2019-01-26,IN26,37,15,0
2019-01-26,IN28,118,28,8
2019-01-26,IN30,1,1,1
2019-01-26,IN31,36,13,5
2019-01-26,IN33,20,2,0
2019-01-26,IN34,120,31,0
2019-01-26,IN35,123,37,1
2019-01-26,IN36,368,115,6
2019-01-26,IN37,60,10,0
2019-01-26,IN38,38,11,0
2019-01-26,IN39,73,14,0
2019-01-27,IN00,50,13,0
2019-01-27,IN02,183,43,10
2019-01-27,IN03,21,7,0
2019-01-27,IN06,10,0,0
2019-01-27,IN07,618,103,7
2019-01-27,IN09,132,37,1
2019-01-27,IN10,62,27,1
2019-01-27,IN11,20,3,0
2019-01-27,IN12,165,45,1
2019-01-27,IN13,245,69,5
2019-01-27,IN16,404,160,4
2019-01-27,IN17,12,5,1
2019-01-27,IN18,2,0,0
2019-01-27,IN19,194,50,6
2019-01-27,IN20,35,3,0
2019-01-27,IN21,55,12,0
2019-01-27,IN22,7,1,0
2019-01-27,IN23,105,40,9
2019-01-27,IN24,93,43,1
2019-01-27,IN25,254,67,7
2019-01-27,IN26,10,5,2
2019-01-27,IN28,90,28,2
2019-01-27,IN31,19,5,3
2019-01-27,IN33,38,8,0
2019-01-27,IN34,130,36,8
2019-01-27,IN35,88,17,0
2019-01-27,IN36,441,189,4
2019-01-27,IN37,80,5,0
2019-01-27,IN38,37,6,0
2019-01-27,IN39,40,11,0
2019-01-28,IN00,107,34,0
2019-01-28,IN01,3,0,0
2019-01-28,IN02,186,44,2
2019-01-28,IN03,91,22,1
2019-01-28,IN07,907,201,15
2019-01-28,IN09,187,60,1
2019-01-28,IN10,83,29,1
2019-01-28,IN11,49,14,1
2019-01-28,IN12,213,69,14
2019-01-28,IN13,245,75,0
2019-01-28,IN14,4,0,0
2019-01-28,IN16,634,175,4
2019-01-28,IN17,29,4,0
2019-01-28,IN18,14,1,0
2019-01-28,IN19,490,127,1
2019-01-28,IN20,29,10,1
2019-01-28,IN21,99,30,1
2019-01-28,IN22,11,3,0
2019-01-28,IN23,149,29,5
2019-01-28,IN24,225,55,1
2019-01-28,IN25,288,87,6
2019-01-28,IN26,13,3,0
2019-01-28,IN28,116,29,4
2019-01-28,IN31,9,0,0
2019-01-28,IN33,42,11,0
2019-01-28,IN34,108,25,3
2019-01-28,IN35,190,66,3
2019-01-28,IN36,623,191,9
2019-01-28,IN37,97,12,0
2019-01-28,IN38,28,7,0
2019-01-28,IN39,50,14,0
2019-01-29,IN00,144,26,0
2019-01-29,IN01,3,0,0
2019-01-29,IN02,245,38,0
2019-01-29,IN03,133,25,3
2019-01-29,IN06,8,2,0
2019-01-29,IN07,1191,288,20
2019-01-29,IN09,361,115,11
2019-01-29,IN10,106,16,1
2019-01-29,IN11,21,1,0
2019-01-29,IN12,271,72,0
2019-01-29,IN13,322,72,3
2019-01-29,IN16,800,191,4
2019-01-29,IN17,27,7,0
2019-01-29,IN18,4,1,0
2019-01-29,IN19,516,136,7
2019-01-29,IN20,71,23,2
2019-01-29,IN21,118,20,0
2019-01-29,IN22,17,2,0
2019-01-29,IN23,98,26,2
2019-01-29,IN24,252,78,8
2019-01-29,IN25,214,65,5
2019-01-29,IN26,59,19,5
2019-01-29,IN28,376,145,17
2019-01-29,IN30,5,2,0
2019-01-29,IN31,40,4,1
2019-01-29,IN33,49,7,0
2019-01-29,IN34,273,78,4
2019-01-29,IN35,261,53,6
2019-01-29,IN36,834,202,15
2019-01-29,IN37,74,16,0
2019-01-29,IN38,34,17,0
2019-01-29,IN39,53,10,0
2019-01-30,IN00,89,29,0
2019-01-30,IN01,9,3,0
2019-01-30,IN02,190,60,6
2019-01-30,IN03,118,36,7
2019-01-30,IN05,5,2,0
2019-01-30,IN06,4,0,0
2019-01-30,IN07,1257,355,28
2019-01-30,IN09,395,138,13
2019-01-30,IN10,69,14,0
2019-01-30,IN11,16,2,0
2019-01-30,IN12,240,63,8
2019-01-30,IN13,234,76,4
2019-01-30,IN16,889,270,19
2019-01-30,IN17,36,11,1
2019-01-30,IN18,11,1,0
2019-01-30,IN19,432,111,2
2019-01-30,IN20,62,20,2
2019-01-30,IN21,135,30,3
2019-01-30,IN22,9,2,0
2019-01-30,IN23,79,19,6
2019-01-30,IN24,179,37,5
2019-01-30,IN25,270,73,5
2019-01-30,IN26,31,9,3
2019-01-30,IN28,287,123,21
2019-01-30,IN30,2,2,0
2019-01-30,IN31,23,3,0
2019-01-30,IN33,62,10,0
2019-01-30,IN34,158,51,2
2019-01-30,IN35,180,68,1
2019-01-30,IN36,826,219,22
2019-01-30,IN37,56,13,2
2019-01-30,IN38,26,11,0
2019-01-30,IN39,52,5,1
2019-01-31,IN00,104,15,0
2019-01-31,IN02,296,77,2
2019-01-31,IN03,130,40,11
2019-01-31,IN06,6,3,0
2019-01-31,IN07,1302,425,29
2019-01-31,IN09,244,88,7
2019-01-31,IN10,132,32,2
2019-01-31,IN11,11,1,0
2019-01-31,IN12,380,122,2
2019-01-31,IN13,161,46,7
2019-01-31,IN16,678,214,8
2019-01-31,IN17,20,5,5
2019-01-31,IN18,10,6,0
2019-01-31,IN19,414,140,12
2019-01-31,IN20,44,16,4
2019-01-31,IN21,145,45,7
2019-01-31,IN22,6,1,0
2019-01-31,IN23,122,41,4
2019-01-31,IN24,181,31,2
2019-01-31,IN25,212,74,3
2019-01-31,IN26,31,14,5
2019-01-31,IN28,168,42,3
2019-01-31,IN30,3,1,0
2019-01-31,IN31,7,5,0
2019-01-31,IN33,35,7,0
2019-01-31,IN34,219,66,1
2019-01-31,IN35,141,56,4
2019-01-31,IN36,626,201,7
2019-01-31,IN37,57,24,0
2019-01-31,IN38,18,7,0
2019-01-31,IN39,36,6,2
2019-02-01,IN00,80,15,0
2019-02-01,IN01,7,1,0
2019-02-01,IN02,291,82,16
2019-02-01,IN03,105,45,22
2019-02-01,IN06,11,1,0
2019-02-01,IN07,1325,323,43
2019-02-01,IN09,163,51,1
2019-02-01,IN10,127,16,0
2019-02-01,IN11,35,4,0
2019-02-01,IN12,248,89,2
2019-02-01,IN13,95,28,3
2019-02-01,IN16,694,261,18
2019-02-01,IN17,13,6,0
2019-02-01,IN18,4,3,0
2019-02-01,IN19,447,129,1
2019-02-01,IN20,20,2,0
2019-02-01,IN21,66,12,1
2019-02-01,IN22,2,0,0
2019-02-01,IN23,124,32,2
2019-02-01,IN24,187,28,0
2019-02-01,IN25,229,56,6
2019-02-01,IN26,30,7,0
2019-02-01,IN28,209,38,1
2019-02-01,IN30,9,0,0
2019-02-01,IN31,6,1,0
2019-02-01,IN33,11,0,0
2019-02-01,IN34,183,70,8
2019-02-01,IN35,98,45,0
2019-02-01,IN36,551,150,4
2019-02-01,IN37,54,5,0
2019-02-01,IN38,31,11,0
2019-02-01,IN39,74,17,2
2019-02-02,IN00,68,10,0
2019-02-02,IN01,15,5,2
2019-02-02,IN02,247,79,3
2019-02-02,IN03,52,12,2
2019-02-02,IN07,847,214,13
2019-02-02,IN09,168,39,0
2019-02-02,IN10,52,11,0
2019-02-02,IN11,16,2,1
2019-02-02,IN12,201,59,3
2019-02-02,IN13,134,42,0
2019-02-02,IN14,3,2,0
2019-02-02,IN16,841,433,12
2019-02-02,IN17,45,15,4
2019-02-02,IN18,2,1,0
2019-02-02,IN19,318,108,9
2019-02-02,IN20,22,1,0
2019-02-02,IN21,52,19,0
2019-02-02,IN22,6,1,0
2019-02-02,IN23,76,16,4
2019-02-02,IN24,127,27,3
2019-02-02,IN25,287,78,1
2019-02-02,IN26,45,17,7
2019-02-02,IN28,361,121,2
2019-02-02,IN30,14,4,0
2019-02-02,IN31,6,2,0
2019-02-02,IN33,10,1,0
2019-02-02,IN34,290,144,19
2019-02-02,IN35,193,59,0
2019-02-02,IN36,412,152,5
2019-02-02,IN37,50,13,0
2019-02-02,IN38,6,3,0
2019-02-02,IN39,90,22,1
2019-02-03,IN00,85,19,0
2019-02-03,IN01,1,0,0
2019-02-03,IN02,230,58,0
2019-02-03,IN03,70,21,6
2019-02-03,IN07,926,268,40
2019-02-03,IN09,199,78,7
2019-02-03,IN10,24,9,1
2019-02-03,IN11,4,0,0
2019-02-03,IN12,425,117,14
2019-02-03,IN13,94,37,3
2019-02-03,IN16,629,252,19
2019-02-03,IN17,31,13,4
2019-02-03,IN19,186,78,1
2019-02-03,IN20,14,4,1
2019-02-03,IN21,67,8,0
2019-02-03,IN22,3,0,0
2019-02-03,IN23,102,28,3
2019-02-03,IN24,128,44,6
2019-02-03,IN25,210,54,0
2019-02-03,IN26,50,24,4
2019-02-03,IN28,762,282,35
2019-02-03,IN30,1,0,0
2019-02-03,IN33,13,1,0
2019-02-03,IN34,252,81,11
2019-02-03,IN35,181,69,4
2019-02-03,IN36,443,176,44
2019-02-03,IN37,45,19,1
2019-02-03,IN38,19,8,1
2019-02-03,IN39,46,8,2
2019-02-04,IN00,108,37,0
2019-02-04,IN01,7,0,0
2019-02-04,IN02,242,77,4
2019-02-04,IN03,100,25,4
2019-02-04,IN06,3,2,0
2019-02-04,IN07,1203,361,44
2019-02-04,IN09,215,65,2
2019-02-04,IN10,85,24,0
2019-02-04,IN11,19,3,0
2019-02-04,IN12,316,109,12
2019-02-04,IN13,114,30,1
2019-02-04,IN16,839,278,13
2019-02-04,IN17,11,2,2
2019-02-04,IN18,5,1,0
2019-02-04,IN19,339,111,10
2019-02-04,IN20,48,6,1
2019-02-04,IN21,99,26,4
2019-02-04,IN22,14,1,0
2019-02-04,IN23,121,34,2
2019-02-04,IN24,219,92,10
2019-02-04,IN25,257,69,2
2019-02-04,IN26,41,10,0
2019-02-04,IN28,1220,487,89
2019-02-04,IN30,9,3,0
2019-02-04,IN31,8,4,2
2019-02-04,IN32,1,0,0
2019-02-04,IN33,18,5,0
2019-02-04,IN34,205,94,19
2019-02-04,IN35,224,94,5
2019-02-04,IN36,515,194,25
2019-02-04,IN37,82,16,1
2019-02-04,IN38,28,7,0
2019-02-04,IN39,78,21,2
2019-02-05,IN00,153,37,0
2019-02-05,IN01,13,4,1
2019-02-05,IN02,313,109,8
2019-02-05,IN03,95,30,3
2019-02-05,IN06,1,0,0
2019-02-05,IN07,1301,329,42
2019-02-05,IN09,181,74,3
2019-02-05,IN10,45,9,0
2019-02-05,IN11,22,7,0
2019-02-05,IN12,340,105,10
2019-02-05,IN13,149,46,7
2019-02-05,IN14,1,1,0
2019-02-05,IN16,937,333,12
2019-02-05,IN17,14,11,0
2019-02-05,IN18,11,0,0
2019-02-05,IN19,337,89,4
2019-02-05,IN20,29,10,3
2019-02-05,IN21,190,44,11
2019-02-05,IN22,9,1,1
2019-02-05,IN23,129,44,9
2019-02-05,IN24,251,44,3
2019-02-05,IN25,323,74,5
2019-02-05,IN26,42,18,5
2019-02-05,IN28,1157,399,51
2019-02-05,IN30,11,5,0
2019-02-05,IN31,12,5,4
2019-02-05,IN33,24,3,0
2019-02-05,IN34,160,48,7
2019-02-05,IN35,199,87,5
2019-02-05,IN36,696,244,32
2019-02-05,IN37,58,14,1
2019-02-05,IN38,69,10,0
2019-02-05,IN39,49,11,0
2019-02-06,IN00,83,15,0
2019-02-06,IN01,13,1,0
2019-02-06,IN02,294,91,4
2019-02-06,IN03,28,4,0
2019-02-06,IN07,1343,368,31
2019-02-06,IN09,230,87,2
2019-02-06,IN10,63,16,0
2019-02-06,IN11,27,10,0
2019-02-06,IN12,381,156,12
2019-02-06,IN13,218,54,3
2019-02-06,IN16,738,270,22
2019-02-06,IN17,3,2,1
2019-02-06,IN18,12,4,0
2019-02-06,IN19,410,95,5
2019-02-06,IN20,25,6,0
2019-02-06,IN21,148,39,5
2019-02-06,IN22,4,0,0
2019-02-06,IN23,115,40,7
2019-02-06,IN24,167,47,6
2019-02-06,IN25,216,56,2
2019-02-06,IN26,23,5,0
2019-02-06,IN28,578,206,26
2019-02-06,IN30,5,2,0
2019-02-06,IN31,8,3,1
2019-02-06,IN33,22,3,0
2019-02-06,IN34,136,63,2
2019-02-06,IN35,195,81,1
2019-02-06,IN36,713,238,13
2019-02-06,IN37,22,7,0
2019-02-06,IN38,30,4,0
2019-02-06,IN39,39,10,0
2019-02-07,IN00,115,50,2
2019-02-07,IN01,5,2,0
2019-02-07,IN02,201,47,1
2019-02-07,IN03,64,26,4
2019-02-07,IN05,1,0,0
2019-02-07,IN06,1,0,0
2019-02-07,IN07,1394,340,24
2019-02-07,IN09,222,64,7
2019-02-07,IN10,101,24,0
2019-02-07,IN11,26,6,0
2019-02-07,IN12,283,104,2
2019-02-07,IN13,251,127,6
2019-02-07,IN14,10,0,0
2019-02-07,IN16,748,265,8
2019-02-07,IN17,6,3,1
2019-02-07,IN18,16,8,0
2019-02-07,IN19,322,111,10
2019-02-07,IN20,14,7,0
2019-02-07,IN21,95,23,2
2019-02-07,IN22,13,3,0
2019-02-07,IN23,136,34,3
2019-02-07,IN24,252,67,1
2019-02-07,IN25,335,89,2
2019-02-07,IN26,42,7,3
2019-02-07,IN28,492,162,31
2019-02-07,IN31,11,8,6
2019-02-07,IN33,24,2,0
2019-02-07,IN34,279,91,6
2019-02-07,IN35,204,59,3
2019-02-07,IN36,634,170,7
2019-02-07,IN37,118,42,5
2019-02-07,IN38,33,3,0
2019-02-07,IN39,28,8,0
2019-02-08,IN00,159,44,3
2019-02-08,IN01,10,0,0
2019-02-08,IN02,311,62,9
2019-02-08,IN03,78,15,6
2019-02-08,IN05,1,0,0
2019-02-08,IN07,1290,370,15
2019-02-08,IN09,167,54,0
2019-02-08,IN10,130,30,3
2019-02-08,IN11,11,4,1
2019-02-08,IN12,248,61,5
2019-02-08,IN13,152,63,3
2019-02-08,IN14,7,0,0
2019-02-08,IN16,690,205,11
2019-02-08,IN17,6,5,2
2019-02-08,IN18,8,3,0
2019-02-08,IN19,400,124,10
2019-02-08,IN20,27,3,2
2019-02-08,IN21,91,17,0
2019-02-08,IN22,4,0,0
2019-02-08,IN23,136,39,7
2019-02-08,IN24,249,76,5
2019-02-08,IN25,274,83,3
2019-02-08,IN26,90,44,16
2019-02-08,IN28,556,189,26
2019-02-08,IN30,9,1,0
2019-02-08,IN31,6,2,0
2019-02-08,IN33,19,8,3
2019-02-08,IN34,221,89,2
2019-02-08,IN35,243,57,1
2019-02-08,IN36,726,214,10
2019-02-08,IN37,91,34,1
2019-02-08,IN38,17,3,2
2019-02-08,IN39,91,26,4
2019-02-09,IN00,134,42,0
2019-02-09,IN01,5,2,0
2019-02-09,IN02,263,77,10
2019-02-09,IN03,382,82,30
2019-02-09,IN06,7,2,0
2019-02-09,IN07,1002,261,29
2019-02-09,IN09,142,32,1
2019-02-09,IN10,60,16,0
2019-02-09,IN11,37,2,0
2019-02-09,IN12,177,60,0
2019-02-09,IN13,138,59,6
2019-02-09,IN16,588,201,6
2019-02-09,IN17,10,4,1
2019-02-09,IN18,12,2,0
2019-02-09,IN19,328,84,3
2019-02-09,IN20,37,5,3
2019-02-09,IN21,66,19,0
2019-02-09,IN22,6,1,0
2019-02-09,IN23,101,50,9
2019-02-09,IN24,236,74,7
2019-02-09,IN25,202,46,3
2019-02-09,IN26,131,39,11
2019-02-09,IN28,477,172,24
2019-02-09,IN30,36,4,1
2019-02-09,IN33,80,9,2
2019-02-09,IN34,176,77,6
2019-02-09,IN35,179,74,1
2019-02-09,IN36,594,152,8
2019-02-09,IN37,57,21,0
2019-02-09,IN38,29,6,1
2019-02-09,IN39,89,24,0
2019-02-10,IN00,160,71,7
2019-02-10,IN01,1,0,0
2019-02-10,IN02,465,137,33
2019-02-10,IN03,145,47,15
2019-02-10,IN06,5,1,0
2019-02-10,IN07,798,251,30
2019-02-10,IN09,159,47,0
2019-02-10,IN10,63,26,0
2019-02-10,IN11,15,3,0
2019-02-10,IN12,191,78,1
2019-02-10,IN13,125,49,6
2019-02-10,IN16,463,160,4
2019-02-10,IN17,10,7,2
2019-02-10,IN19,366,133,12
2019-02-10,IN20,30,3,0
2019-02-10,IN21,58,10,0
2019-02-10,IN22,2,0,0
2019-02-10,IN23,97,38,6
2019-02-10,IN24,258,103,19
2019-02-10,IN25,394,101,20
2019-02-10,IN26,40,15,9
2019-02-10,IN28,387,165,8
2019-02-10,IN30,19,4,0
2019-02-10,IN31,7,2,0
2019-02-10,IN33,43,10,2
2019-02-10,IN34,75,25,0
2019-02-10,IN35,210,82,20
2019-02-10,IN36,637,157,4
2019-02-10,IN37,38,11,0
2019-02-10,IN38,9,1,0
2019-02-10,IN39,68,28,0
2019-02-11,IN00,192,48,29
2019-02-11,IN01,4,0,0
2019-02-11,IN02,606,159,42
2019-02-11,IN03,80,27,7
2019-02-11,IN06,4,0,0
2019-02-11,IN07,1320,346,83
2019-02-11,IN09,161,37,2
2019-02-11,IN10,86,34,3
2019-02-11,IN11,23,1,0
2019-02-11,IN12,250,114,13
2019-02-11,IN13,180,48,0
2019-02-11,IN14,5,0,0
2019-02-11,IN16,627,201,5
2019-02-11,IN17,21,17,0
2019-02-11,IN18,1,1,0
2019-02-11,IN19,371,128,3
2019-02-11,IN20,36,12,1
2019-02-11,IN21,81,20,5
2019-02-11,IN22,8,4,0
2019-02-11,IN23,144,69,9
2019-02-11,IN24,424,125,23
2019-02-11,IN25,406,105,4
2019-02-11,IN26,16,1,1
2019-02-11,IN28,405,135,26
2019-02-11,IN30,7,1,0
2019-02-11,IN31,7,3,1
2019-02-11,IN33,30,8,0
2019-02-11,IN34,122,41,5
2019-02-11,IN35,169,38,2
2019-02-11,IN36,1127,252,50
2019-02-11,IN37,44,15,0
2019-02-11,IN38,25,8,0
2019-02-11,IN39,89,38,0
2019-02-12,IN00,114,32,4
2019-02-12,IN02,350,101,20
2019-02-12,IN03,76,22,8
2019-02-12,IN06,5,0,0
2019-02-12,IN07,1558,502,38
2019-02-12,IN09,266,90,5
2019-02-12,IN10,234,42,2
2019-02-12,IN11,20,4,0
2019-02-12,IN12,179,65,6
2019-02-12,IN13,191,61,0
2019-02-12,IN14,4,0,0
2019-02-12,IN16,634,189,8
2019-02-12,IN17,38,12,2
2019-02-12,IN18,5,1,0
2019-02-12,IN19,404,114,11
2019-02-12,IN20,32,14,1
2019-02-12,IN21,102,18,1
2019-02-12,IN22,8,4,2
2019-02-12,IN23,228,86,5
2019-02-12,IN24,527,93,12
2019-02-12,IN25,334,107,9
2019-02-12,IN26,25,9,1
2019-02-12,IN28,320,124,11
2019-02-12,IN30,13,6,0
2019-02-12,IN31,26,12,1
2019-02-12,IN33,18,6,0
2019-02-12,IN34,173,56,1
2019-02-12,IN35,178,50,0
2019-02-12,IN36,1354,416,51
2019-02-12,IN37,91,41,2
2019-02-12,IN38,40,11,0
2019-02-12,IN39,53,13,0
2019-02-13,IN00,142,36,1
2019-02-13,IN01,9,1,0
2019-02-13,IN02,309,90,20
2019-02-13,IN03,107,33,9
2019-02-13,IN05,1,0,0
2019-02-13,IN06,6,1,0
2019-02-13,IN07,1426,401,58
2019-02-13,IN09,309,77,0
2019-02-13,IN10,117,39,3
2019-02-13,IN11,22,3,0
2019-02-13,IN12,296,111,5
2019-02-13,IN13,107,19,3
2019-02-13,IN14,8,1,0
2019-02-13,IN16,816,259,8
2019-02-13,IN17,54,28,8
2019-02-13,IN18,5,1,0
2019-02-13,IN19,615,154,10
2019-02-13,IN20,17,6,0
2019-02-13,IN21,125,24,2
2019-02-13,IN22,6,1,1
2019-02-13,IN23,237,125,9
2019-02-13,IN24,380,79,9
2019-02-13,IN25,400,82,2
2019-02-13,IN26,31,9,4
2019-02-13,IN28,328,95,19
2019-02-13,IN30,5,2,0
2019-02-13,IN31,24,12,8
2019-02-13,IN33,21,7,0
2019-02-13,IN34,180,62,1
2019-02-13,IN35,238,80,2
2019-02-13,IN36,1057,319,57
2019-02-13,IN37,76,22,1
2019-02-13,IN38,18,5,0
2019-02-13,IN39,36,9,0
2019-02-14,IN00,105,36,1
2019-02-14,IN01,5,0,0
2019-02-14,IN02,273,52,7
2019-02-14,IN03,66,19,4
2019-02-14,IN05,1,0,0
2019-02-14,IN06,3,0,0
2019-02-14,IN07,1429,463,27
2019-02-14,IN09,248,58,2
2019-02-14,IN10,62,22,0
2019-02-14,IN11,26,11,0
2019-02-14,IN12,1240,698,2
2019-02-14,IN13,150,44,6
2019-02-14,IN14,3,0,0
2019-02-14,IN16,848,201,7
2019-02-14,IN17,27,4,0
2019-02-14,IN19,422,124,15
2019-02-14,IN20,16,2,0
2019-02-14,IN21,120,31,4
2019-02-14,IN22,61,20,9
2019-02-14,IN23,210,102,10
2019-02-14,IN24,286,81,11
2019-02-14,IN25,327,74,5
2019-02-14,IN26,35,12,2
2019-02-14,IN28,198,55,4
2019-02-14,IN30,7,2,0
2019-02-14,IN31,14,11,5
2019-02-14,IN33,15,4,0
2019-02-14,IN34,180,65,8
2019-02-14,IN35,228,96,7
2019-02-14,IN36,672,170,20
2019-02-14,IN37,52,17,0
2019-02-14,IN38,30,11,1
2019-02-14,IN39,61,13,0
2019-02-15,IN00,82,18,0
2019-02-15,IN01,12,1,0
2019-02-15,IN02,210,50,7
2019-02-15,IN03,51,24,0
2019-02-15,IN06,1,0,0
2019-02-15,IN07,1701,571,31
2019-02-15,IN09,232,75,8
2019-02-15,IN10,84,28,6
2019-02-15,IN11,41,18,0
2019-02-15,IN12,3593,1762,79
2019-02-15,IN13,117,36,2
2019-02-15,IN14,8,3,0
2019-02-15,IN16,757,226,20
2019-02-15,IN17,7,2,0
2019-02-15,IN18,7,1,0
2019-02-15,IN19,380,149,7
2019-02-15,IN20,6,1,0
2019-02-15,IN21,53,36,6
2019-02-15,IN22,22,3,1
2019-02-15,IN23,196,98,4
2019-02-15,IN24,338,91,9
2019-02-15,IN25,294,71,5
2019-02-15,IN26,21,10,1
2019-02-15,IN28,128,26,2
2019-02-15,IN30,5,1,0
2019-02-15,IN31,10,4,3
2019-02-15,IN33,23,5,0
2019-02-15,IN34,202,76,10
2019-02-15,IN35,291,84,9
2019-02-15,IN36,573,188,24
2019-02-15,IN37,49,14,0
2019-02-15,IN38,27,16,5
2019-02-15,IN39,43,18,0
2019-02-16,IN00,88,26,1
2019-02-16,IN01,12,4,0
2019-02-16,IN02,239,65,9
2019-02-16,IN03,74,29,3
2019-02-16,IN07,1172,400,15
2019-02-16,IN09,161,68,3
2019-02-16,IN10,82,21,3
2019-02-16,IN11,33,6,0
2019-02-16,IN12,2708,1218,85
2019-02-16,IN13,116,44,0
2019-02-16,IN16,645,220,26
2019-02-16,IN17,37,20,2
2019-02-16,IN18,4,3,0
2019-02-16,IN19,287,70,9
2019-02-16,IN20,9,1,0
2019-02-16,IN21,38,9,0
2019-02-16,IN22,25,7,6
2019-02-16,IN23,143,74,4
2019-02-16,IN24,348,74,3
2019-02-16,IN25,265,65,5
2019-02-16,IN26,22,13,0
2019-02-16,IN28,204,71,5
2019-02-16,IN29,1,0,0
2019-02-16,IN30,6,0,0
2019-02-16,IN31,8,1,0
2019-02-16,IN33,31,3,0
2019-02-16,IN34,289,93,2
2019-02-16,IN35,182,32,3
2019-02-16,IN36,500,174,12
2019-02-16,IN37,55,9,7
2019-02-16,IN38,11,0,0
2019-02-16,IN39,75,21,0
2019-02-17,IN00,52,22,3
2019-02-17,IN01,3,0,0
2019-02-17,IN02,172,49,8
2019-02-17,IN03,65,32,1
2019-02-17,IN05,2,0,0
2019-02-17,IN07,1041,280,10
2019-02-17,IN09,159,47,2
2019-02-17,IN10,133,35,1
2019-02-17,IN11,28,5,0
2019-02-17,IN12,2170,1016,55
2019-02-17,IN13,97,58,1
2019-02-17,IN16,469,108,6
2019-02-17,IN17,16,11,0
2019-02-17,IN18,12,5,0
2019-02-17,IN19,237,65,3
2019-02-17,IN20,19,7,0
2019-02-17,IN21,102,20,1
2019-02-17,IN22,64,16,6
2019-02-17,IN23,103,36,3
2019-02-17,IN24,128,33,1
2019-02-17,IN25,163,54,5
2019-02-17,IN26,18,8,1
2019-02-17,IN28,185,74,8
2019-02-17,IN31,3,0,0
2019-02-17,IN33,3,1,0
2019-02-17,IN34,151,38,9
2019-02-17,IN35,188,62,4
2019-02-17,IN36,477,182,8
2019-02-17,IN37,26,11,2
2019-02-17,IN38,59,11,0
2019-02-17,IN39,191,65,1
2019-02-18,IN00,64,15,0
2019-02-18,IN01,13,10,2
2019-02-18,IN02,208,40,0
2019-02-18,IN03,67,27,1
2019-02-18,IN05,2,0,0
2019-02-18,IN06,1,0,0
2019-02-18,IN07,1699,470,24
2019-02-18,IN09,204,50,4
2019-02-18,IN10,61,17,0
2019-02-18,IN11,45,19,1
2019-02-18,IN12,2506,1272,47
2019-02-18,IN13,244,143,16
2019-02-18,IN14,1,0,0
2019-02-18,IN16,815,195,6
2019-02-18,IN17,9,8,0
2019-02-18,IN18,5,2,0
2019-02-18,IN19,267,74,1
2019-02-18,IN20,16,5,0
2019-02-18,IN21,119,21,2
2019-02-18,IN22,102,23,11
2019-02-18,IN23,189,82,13
2019-02-18,IN24,323,83,5
2019-02-18,IN25,332,111,5
2019-02-18,IN26,26,12,0
2019-02-18,IN28,273,102,13
2019-02-18,IN31,8,2,0
2019-02-18,IN33,11,3,0
2019-02-18,IN34,146,53,3
2019-02-18,IN35,199,53,5
2019-02-18,IN36,592,200,28
2019-02-18,IN37,24,8,1
2019-02-18,IN38,17,5,0
2019-02-18,IN39,120,32,0
2019-02-19,IN00,101,20,0
2019-02-19,IN01,11,3,0
2019-02-19,IN02,322,74,5
2019-02-19,IN03,75,37,1
2019-02-19,IN05,2,0,0
2019-02-19,IN06,2,0,0
2019-02-19,IN07,2043,584,23
2019-02-19,IN09,211,40,2
2019-02-19,IN10,97,26,0
2019-02-19,IN11,18,4,0
2019-02-19,IN12,2349,1119,16
2019-02-19,IN13,258,125,12
2019-02-19,IN14,18,3,0
2019-02-19,IN16,792,228,9
2019-02-19,IN17,9,3,0
2019-02-19,IN18,8,1,0
2019-02-19,IN19,423,106,13
2019-02-19,IN20,30,6,0
2019-02-19,IN21,195,17,0
2019-02-19,IN22,106,31,4
2019-02-19,IN23,229,73,6
2019-02-19,IN24,353,106,2
2019-02-19,IN25,537,142,10
2019-02-19,IN26,12,3,0
2019-02-19,IN28,254,86,4
2019-02-19,IN33,18,7,3
2019-02-19,IN34,152,91,0
2019-02-19,IN35,208,43,3
2019-02-19,IN36,613,192,15
2019-02-19,IN37,47,14,0
2019-02-19,IN38,38,5,0
2019-02-19,IN39,152,32,4
2019-02-20,IN00,138,27,2
2019-02-20,IN01,18,6,0
2019-02-20,IN02,311,65,1
2019-02-20,IN03,83,29,0
2019-02-20,IN06,3,3,0
2019-02-20,IN07,2198,509,34
2019-02-20,IN09,201,55,3
2019-02-20,IN10,174,52,1
2019-02-20,IN11,35,4,0
2019-02-20,IN12,2211,944,22
2019-02-20,IN13,191,66,1
2019-02-20,IN14,10,3,0
2019-02-20,IN16,869,271,21
2019-02-20,IN17,16,2,0
2019-02-20,IN18,1,0,0
2019-02-20,IN19,467,107,4
2019-02-20,IN20,33,2,1
2019-02-20,IN21,167,37,1
2019-02-20,IN22,47,16,0
2019-02-20,IN23,191,81,6
2019-02-20,IN24,359,149,2
2019-02-20,IN25,451,126,5
2019-02-20,IN26,38,11,0
2019-02-20,IN28,214,81,1
2019-02-20,IN30,8,1,0
2019-02-20,IN33,22,9,1
2019-02-20,IN34,190,70,0
2019-02-20,IN35,170,43,1
2019-02-20,IN36,473,150,2
2019-02-20,IN37,37,12,0
2019-02-20,IN38,14,1,0
2019-02-20,IN39,73,26,3
2019-02-21,IN00,171,26,2
2019-02-21,IN01,6,2,1
2019-02-21,IN02,279,75,0
2019-02-21,IN03,75,26,0
2019-02-21,IN05,6,0,0
2019-02-21,IN06,8,0,0
2019-02-21,IN07,1487,395,19
2019-02-21,IN09,270,113,4
2019-02-21,IN10,117,38,0
2019-02-21,IN11,59,9,0
2019-02-21,IN12,1918,875,23
2019-02-21,IN13,157,67,3
2019-02-21,IN14,3,0,0
2019-02-21,IN16,839,283,17
2019-02-21,IN17,2,0,0
2019-02-21,IN19,446,103,2
2019-02-21,IN20,21,10,0
2019-02-21,IN21,107,20,1
2019-02-21,IN22,23,4,1
2019-02-21,IN23,160,69,10
2019-02-21,IN24,250,128,7
2019-02-21,IN25,336,90,3
2019-02-21,IN26,29,6,0
2019-02-21,IN28,232,88,3
2019-02-21,IN30,2,1,0
2019-02-21,IN31,2,0,0
2019-02-21,IN33,49,4,0
2019-02-21,IN34,221,67,10
2019-02-21,IN35,146,45,1
2019-02-21,IN36,604,138,5
2019-02-21,IN37,55,21,0
2019-02-21,IN38,35,12,2
2019-02-21,IN39,66,35,0
2019-02-22,IN00,139,22,2
2019-02-22,IN02,288,50,0
2019-02-22,IN03,69,22,0
2019-02-22,IN05,3,1,0
2019-02-22,IN06,1,0,0
2019-02-22,IN07,1337,411,11
2019-02-22,IN09,190,62,1
2019-02-22,IN10,82,19,3
2019-02-22,IN11,33,15,0
2019-02-22,IN12,2246,1139,29
2019-02-22,IN13,166,62,10
2019-02-22,IN14,5,0,0
2019-02-22,IN16,811,345,13
2019-02-22,IN17,10,2,0
2019-02-22,IN18,3,2,2
2019-02-22,IN19,399,119,13
2019-02-22,IN20,77,17,0
2019-02-22,IN21,65,20,0
2019-02-22,IN22,23,4,0
2019-02-22,IN23,229,112,9
2019-02-22,IN24,220,90,1
2019-02-22,IN25,354,78,3
2019-02-22,IN26,6,2,0
2019-02-22,IN28,162,58,3
2019-02-22,IN30,4,1,0
2019-02-22,IN31,8,0,0
2019-02-22,IN33,22,5,0
2019-02-22,IN34,102,30,0
2019-02-22,IN35,184,54,3
2019-02-22,IN36,605,185,9
2019-02-22,IN37,67,20,1
2019-02-22,IN38,35,8,0
2019-02-22,IN39,112,32,0
2019-02-23,IN00,82,23,3
2019-02-23,IN01,17,3,0
2019-02-23,IN02,204,35,7
2019-02-23,IN03,114,21,0
2019-02-23,IN06,2,0,0
2019-02-23,IN07,1100,354,28
2019-02-23,IN09,116,40,3
2019-02-23,IN10,61,15,0
2019-02-23,IN11,28,5,0
2019-02-23,IN12,1968,1041,63
2019-02-23,IN13,72,21,2
2019-02-23,IN16,682,274,15
2019-02-23,IN18,9,1,0
2019-02-23,IN19,256,67,5
2019-02-23,IN20,39,11,3
2019-02-23,IN21,42,12,0
2019-02-23,IN22,10,2,0
2019-02-23,IN23,136,68,16
2019-02-23,IN24,161,47,3
2019-02-23,IN25,254,72,8
2019-02-23,IN26,21,4,0
2019-02-23,IN28,150,50,0
2019-02-23,IN30,4,0,0
2019-02-23,IN31,1,0,0
2019-02-23,IN33,54,27,2
2019-02-23,IN34,173,72,8
2019-02-23,IN35,116,29,0
2019-02-23,IN36,367,139,2
2019-02-23,IN37,38,7,0
2019-02-23,IN38,37,16,0
2019-02-23,IN39,73,29,0
2019-02-24,IN00,76,17,0
2019-02-24,IN01,9,0,0
2019-02-24,IN02,204,47,7
2019-02-24,IN03,128,46,4
2019-02-24,IN06,9,0,0
2019-02-24,IN07,819,228,26
2019-02-24,IN09,94,38,6
2019-02-24,IN10,68,27,0
2019-02-24,IN11,46,8,0
2019-02-24,IN12,1490,617,21
2019-02-24,IN13,59,13,0
2019-02-24,IN16,564,182,16
2019-02-24,IN17,14,3,0
2019-02-24,IN18,6,1,0
2019-02-24,IN19,330,79,1
2019-02-24,IN20,38,8,1
2019-02-24,IN21,55,10,0
2019-02-24,IN22,2,0,0
2019-02-24,IN23,138,55,10
2019-02-24,IN24,112,37,2
2019-02-24,IN25,193,44,0
2019-02-24,IN26,21,13,1
2019-02-24,IN28,98,28,3
2019-02-24,IN30,10,0,0
2019-02-24,IN31,1,0,0
2019-02-24,IN32,1,0,0
2019-02-24,IN33,103,45,8
2019-02-24,IN34,81,35,0
2019-02-24,IN35,197,86,1
2019-02-24,IN36,445,119,0
2019-02-24,IN37,60,10,0
2019-02-24,IN38,30,10,0
2019-02-24,IN39,41,17,0
2019-02-25,IN00,102,33,1
2019-02-25,IN01,4,0,0
2019-02-25,IN02,184,46,2
2019-02-25,IN03,108,53,7
2019-02-25,IN06,6,1,0
2019-02-25,IN07,1218,368,19
2019-02-25,IN09,178,61,4
2019-02-25,IN10,72,17,0
2019-02-25,IN11,47,10,1
2019-02-25,IN12,1503,586,14
2019-02-25,IN13,133,32,0
2019-02-25,IN14,1,0,0
2019-02-25,IN16,772,244,14
2019-02-25,IN17,8,1,0
2019-02-25,IN18,10,3,0
2019-02-25,IN19,407,86,4
2019-02-25,IN20,43,8,1
2019-02-25,IN21,59,10,2
2019-02-25,IN22,4,1,0
2019-02-25,IN23,150,70,10
2019-02-25,IN24,153,56,6
2019-02-25,IN25,202,48,0
2019-02-25,IN28,152,61,6
2019-02-25,IN30,2,0,0
2019-02-25,IN31,4,0,0
2019-02-25,IN33,110,54,4
2019-02-25,IN34,80,30,0
2019-02-25,IN35,183,76,8
2019-02-25,IN36,608,219,15
2019-02-25,IN37,47,13,0
2019-02-25,IN38,14,7,0
2019-02-25,IN39,79,19,0
2019-02-26,IN00,88,14,0
2019-02-26,IN01,7,1,0
2019-02-26,IN02,236,76,3
2019-02-26,IN03,56,16,0
2019-02-26,IN06,2,0,0
2019-02-26,IN07,1848,677,30
2019-02-26,IN09,159,49,0
2019-02-26,IN10,82,10,1
2019-02-26,IN11,47,11,0
2019-02-26,IN12,3102,1434,23
2019-02-26,IN13,111,40,1
2019-02-26,IN16,731,244,11
2019-02-26,IN17,10,2,0
2019-02-26,IN18,2,1,1
2019-02-26,IN19,399,100,3
2019-02-26,IN20,30,12,1
2019-02-26,IN21,65,22,0
2019-02-26,IN22,9,3,1
2019-02-26,IN23,237,112,4
2019-02-26,IN24,311,96,5
2019-02-26,IN25,401,124,5
2019-02-26,IN26,3,0,0
2019-02-26,IN28,108,43,1
2019-02-26,IN31,3,2,0
2019-02-26,IN33,16,2,0
2019-02-26,IN34,134,48,2
2019-02-26,IN35,165,66,2
2019-02-26,IN36,676,195,6
2019-02-26,IN37,67,24,3
2019-02-26,IN38,21,10,0
2019-02-26,IN39,60,19,0
2019-02-27,IN00,70,20,1
2019-02-27,IN01,16,3,0
2019-02-27,IN02,263,75,2
2019-02-27,IN03,26,9,1
2019-02-27,IN06,5,0,0
2019-02-27,IN07,2087,768,20
2019-02-27,IN09,225,65,0
2019-02-27,IN10,82,30,5
2019-02-27,IN11,44,26,1
2019-02-27,IN12,3424,1733,14
2019-02-27,IN13,78,38,5
2019-02-27,IN16,770,240,15
2019-02-27,IN17,4,0,0
2019-02-27,IN18,5,1,1
2019-02-27,IN19,240,65,3
2019-02-27,IN20,10,4,0
2019-02-27,IN21,49,14,0
2019-02-27,IN23,407,211,6
2019-02-27,IN24,266,83,0
2019-02-27,IN25,255,81,3
2019-02-27,IN26,29,6,4
2019-02-27,IN28,176,76,2
2019-02-27,IN31,5,2,0
2019-02-27,IN33,4,1,0
2019-02-27,IN34,149,53,3
2019-02-27,IN35,211,81,2
2019-02-27,IN36,314,101,1
2019-02-27,IN37,42,8,0
2019-02-27,IN38,12,8,0
2019-02-27,IN39,67,25,0
2019-02-28,IN00,55,16,2
2019-02-28,IN01,3,0,0
2019-02-28,IN02,282,92,3
2019-02-28,IN03,35,12,0
2019-02-28,IN06,7,0,0
2019-02-28,IN07,2202,770,20
2019-02-28,IN09,254,64,3
2019-02-28,IN10,90,18,0
2019-02-28,IN11,31,11,1
2019-02-28,IN12,2984,1165,26
2019-02-28,IN13,111,26,0
2019-02-28,IN14,1,0,0
2019-02-28,IN16,835,281,9
2019-02-28,IN17,6,2,0
2019-02-28,IN18,8,1,0
2019-02-28,IN19,432,116,3
2019-02-28,IN20,21,3,0
2019-02-28,IN21,75,29,2
2019-02-28,IN22,13,9,0
2019-02-28,IN23,307,104,6
2019-02-28,IN24,312,66,2
2019-02-28,IN25,354,100,9
2019-02-28,IN26,15,1,0
2019-02-28,IN28,136,59,0
2019-02-28,IN31,21,0,0
2019-02-28,IN33,13,2,0
2019-02-28,IN34,97,30,4
2019-02-28,IN35,185,65,3
2019-02-28,IN36,438,113,3
2019-02-28,IN37,96,18,1
2019-02-28,IN38,57,23,0
2019-02-28,IN39,46,16,1
2019-03-01,IN00,60,16,0
2019-03-01,IN01,2,0,0
2019-03-01,IN02,324,78,13
2019-03-01,IN03,52,8,0
2019-03-01,IN05,2,1,0
2019-03-01,IN06,1,0,0
2019-03-01,IN07,2061,602,27
2019-03-01,IN09,201,60,0
2019-03-01,IN10,128,37,4
2019-03-01,IN11,17,6,0
2019-03-01,IN12,2489,1088,29
2019-03-01,IN13,120,20,0
2019-03-01,IN14,2,0,0
2019-03-01,IN16,776,211,2
2019-03-01,IN17,21,4,1
2019-03-01,IN18,14,0,0
2019-03-01,IN19,322,92,4
2019-03-01,IN20,47,5,2
2019-03-01,IN21,88,21,1
2019-03-01,IN22,10,4,0
2019-03-01,IN23,506,110,10
2019-03-01,IN24,175,46,3
2019-03-01,IN25,586,156,14
2019-03-01,IN26,22,9,1
2019-03-01,IN28,127,41,6
2019-03-01,IN31,3,0,0
2019-03-01,IN33,12,3,0
2019-03-01,IN34,106,42,1
2019-03-01,IN35,189,95,1
2019-03-01,IN36,331,60,3
2019-03-01,IN37,12,0,0
2019-03-01,IN38,26,8,0
2019-03-01,IN39,18,2,0
2019-03-02,IN00,52,12,0
2019-03-02,IN01,1,1,0
2019-03-02,IN02,229,80,4
2019-03-02,IN03,36,7,0
2019-03-02,IN07,1588,472,22
2019-03-02,IN09,141,34,0
2019-03-02,IN10,55,14,2
2019-03-02,IN11,28,11,0
2019-03-02,IN12,1934,870,29
2019-03-02,IN13,67,12,1
2019-03-02,IN14,2,0,0
2019-03-02,IN16,539,128,4
2019-03-02,IN17,2,1,0
2019-03-02,IN18,27,2,0
2019-03-02,IN19,173,48,3
2019-03-02,IN20,18,0,0
2019-03-02,IN21,40,11,1
2019-03-02,IN22,8,1,0
2019-03-02,IN23,258,95,8
2019-03-02,IN24,231,62,0
2019-03-02,IN25,309,80,1
2019-03-02,IN26,17,5,0
2019-03-02,IN28,117,41,2
2019-03-02,IN31,14,1,0
2019-03-02,IN33,7,1,0
2019-03-02,IN34,150,40,1
2019-03-02,IN35,185,49,4
2019-03-02,IN36,357,91,4
2019-03-02,IN37,40,9,1
2019-03-02,IN38,33,11,1
2019-03-02,IN39,57,16,0
2019-03-03,IN00,43,15,0
2019-03-03,IN01,1,0,0
2019-03-03,IN02,249,97,4
2019-03-03,IN03,27,5,0
2019-03-03,IN06,5,0,0
2019-03-03,IN07,1079,334,10
2019-03-03,IN09,149,40,0
2019-03-03,IN10,36,15,1
2019-03-03,IN11,28,11,1
2019-03-03,IN12,1604,717,14
2019-03-03,IN13,63,16,5
2019-03-03,IN16,416,94,1
2019-03-03,IN17,12,4,0
2019-03-03,IN18,3,1,0
2019-03-03,IN19,189,54,4
2019-03-03,IN20,7,2,0
2019-03-03,IN21,63,20,2
2019-03-03,IN22,3,3,0
2019-03-03,IN23,144,64,8
2019-03-03,IN24,165,59,3
2019-03-03,IN25,161,38,0
2019-03-03,IN26,4,1,0
2019-03-03,IN28,180,109,16
2019-03-03,IN33,16,5,1
2019-03-03,IN34,314,94,21
2019-03-03,IN35,166,62,2
2019-03-03,IN36,539,138,7
2019-03-03,IN37,67,28,0
2019-03-03,IN38,21,9,0
2019-03-03,IN39,40,11,0
2019-03-04,IN00,114,21,2
2019-03-04,IN01,4,3,0
2019-03-04,IN02,387,152,3
2019-03-04,IN03,42,2,1
2019-03-04,IN06,10,7,0
2019-03-04,IN07,1255,438,23
2019-03-04,IN09,415,95,3
2019-03-04,IN10,60,13,0
2019-03-04,IN11,24,5,0
2019-03-04,IN12,1872,785,23
2019-03-04,IN13,128,27,0
2019-03-04,IN14,7,2,0
2019-03-04,IN16,536,159,4
2019-03-04,IN17,6,0,0
2019-03-04,IN18,4,0,0
2019-03-04,IN19,523,135,8
2019-03-04,IN20,31,9,0
2019-03-04,IN21,129,33,0
2019-03-04,IN22,19,8,0
2019-03-04,IN23,175,75,6
2019-03-04,IN24,164,71,2
2019-03-04,IN25,365,99,3
2019-03-04,IN28,218,83,2
2019-03-04,IN30,1,0,0
2019-03-04,IN33,22,5,0
2019-03-04,IN34,264,69,1
2019-03-04,IN35,119,24,0
2019-03-04,IN36,439,141,8
2019-03-04,IN37,38,13,1
2019-03-04,IN38,15,1,0
2019-03-04,IN39,86,33,0
2019-03-05,IN00,114,43,3
2019-03-05,IN01,7,1,0
2019-03-05,IN02,342,117,0
2019-03-05,IN03,52,13,0
2019-03-05,IN06,1,0,0
2019-03-05,IN07,1646,515,24
2019-03-05,IN09,434,134,6
2019-03-05,IN10,110,21,3
2019-03-05,IN11,16,5,0
2019-03-05,IN12,1655,831,16
2019-03-05,IN13,146,31,0
2019-03-05,IN14,11,7,0
2019-03-05,IN16,837,297,9
2019-03-05,IN18,1,0,0
2019-03-05,IN19,463,137,7
2019-03-05,IN20,34,6,2
2019-03-05,IN21,116,19,3
2019-03-05,IN22,32,7,0
2019-03-05,IN23,156,66,18
2019-03-05,IN24,202,81,0
2019-03-05,IN25,419,126,8
2019-03-05,IN26,51,21,0
2019-03-05,IN28,240,81,0
2019-03-05,IN30,2,0,0
2019-03-05,IN31,11,5,0
2019-03-05,IN33,17,6,0
2019-03-05,IN34,142,66,9
2019-03-05,IN35,203,74,5
2019-03-05,IN36,492,179,14
2019-03-05,IN37,93,28,2
2019-03-05,IN38,44,14,0
2019-03-05,IN39,36,7,0
2019-03-06,IN00,124,22,0
2019-03-06,IN01,1,0,0
2019-03-06,IN02,360,104,1
2019-03-06,IN03,27,11,0
2019-03-06,IN07,1491,410,19
2019-03-06,IN09,231,94,9
2019-03-06,IN10,88,13,0
2019-03-06,IN11,3,0,0
2019-03-06,IN12,1267,597,21
2019-03-06,IN13,153,36,0
2019-03-06,IN14,1,0,0
2019-03-06,IN16,708,256,7
2019-03-06,IN17,16,6,0
2019-03-06,IN18,1,1,0
2019-03-06,IN19,517,132,8
2019-03-06,IN20,13,3,0
2019-03-06,IN21,75,23,5
2019-03-06,IN22,13,4,0
2019-03-06,IN23,254,79,23
2019-03-06,IN24,181,61,0
2019-03-06,IN25,387,100,9
2019-03-06,IN26,37,10,0
2019-03-06,IN28,188,59,2
2019-03-06,IN30,10,4,0
2019-03-06,IN31,11,6,0
2019-03-06,IN33,22,1,0
2019-03-06,IN34,134,39,1
2019-03-06,IN35,191,54,10
2019-03-06,IN36,582,208,15
2019-03-06,IN37,30,1,0
2019-03-06,IN38,25,9,1
2019-03-06,IN39,38,12,1
2019-03-07,IN00,97,34,1
2019-03-07,IN01,15,3,0
2019-03-07,IN02,312,87,5
2019-03-07,IN03,73,16,0
2019-03-07,IN06,8,0,0
2019-03-07,IN07,1401,405,26
2019-03-07,IN09,384,125,7
2019-03-07,IN10,51,14,0
2019-03-07,IN11,42,12,0
2019-03-07,IN12,1542,734,23
2019-03-07,IN13,220,99,13
2019-03-07,IN16,809,280,6
2019-03-07,IN17,4,1,0
2019-03-07,IN18,4,1,0
2019-03-07,IN19,410,91,8
2019-03-07,IN20,3,0,0
2019-03-07,IN21,84,25,2
2019-03-07,IN22,8,2,0
2019-03-07,IN23,240,92,13
2019-03-07,IN24,145,53,1
2019-03-07,IN25,324,82,0
2019-03-07,IN26,69,16,1
2019-03-07,IN28,168,42,1
2019-03-07,IN30,6,3,0
2019-03-07,IN31,1,0,0
2019-03-07,IN33,22,2,1
2019-03-07,IN34,161,66,4
2019-03-07,IN35,213,65,2
2019-03-07,IN36,801,321,19
2019-03-07,IN37,71,9,1
2019-03-07,IN38,32,0,0
2019-03-07,IN39,49,14,1
2019-03-08,IN00,83,36,0
2019-03-08,IN01,3,0,0
2019-03-08,IN02,321,70,0
2019-03-08,IN03,25,8,1
2019-03-08,IN06,8,3,0
2019-03-08,IN07,1171,319,11
2019-03-08,IN09,381,103,2
2019-03-08,IN10,101,34,3
2019-03-08,IN11,20,11,0
2019-03-08,IN12,1197,542,11
2019-03-08,IN13,157,66,0
2019-03-08,IN14,1,0,0
2019-03-08,IN16,773,260,3
2019-03-08,IN17,4,3,0
2019-03-08,IN18,10,3,0
2019-03-08,IN19,312,72,4
2019-03-08,IN20,31,6,0
2019-03-08,IN21,138,30,2
2019-03-08,IN22,9,4,1
2019-03-08,IN23,164,47,6
2019-03-08,IN24,173,47,4
2019-03-08,IN25,351,109,7
2019-03-08,IN26,29,7,0
2019-03-08,IN28,208,63,4
2019-03-08,IN30,4,1,0
2019-03-08,IN31,5,0,0
2019-03-08,IN33,15,5,0
2019-03-08,IN34,165,36,2
2019-03-08,IN35,101,29,0
2019-03-08,IN36,1145,326,15
2019-03-08,IN37,52,21,0
2019-03-08,IN38,26,2,0
2019-03-08,IN39,49,14,1
2019-03-09,IN00,76,25,5
2019-03-09,IN01,5,2,0
2019-03-09,IN02,225,57,0
2019-03-09,IN03,29,11,1
2019-03-09,IN06,3,0,0
2019-03-09,IN07,1003,261,14
2019-03-09,IN09,227,77,4
2019-03-09,IN10,68,19,0
2019-03-09,IN11,29,8,0
2019-03-09,IN12,1167,531,16
2019-03-09,IN13,135,40,4
2019-03-09,IN14,2,2,0
2019-03-09,IN16,629,192,7
2019-03-09,IN17,12,4,1
2019-03-09,IN18,10,5,0
2019-03-09,IN19,286,85,2
2019-03-09,IN20,51,12,0
2019-03-09,IN21,100,31,0
2019-03-09,IN22,9,4,0
2019-03-09,IN23,132,46,8
2019-03-09,IN24,120,43,0
2019-03-09,IN25,256,82,3
2019-03-09,IN26,18,3,0
2019-03-09,IN28,138,44,1
2019-03-09,IN30,2,2,0
2019-03-09,IN33,34,8,1
2019-03-09,IN34,136,44,2
2019-03-09,IN35,92,21,2
2019-03-09,IN36,505,166,8
2019-03-09,IN37,70,16,0
2019-03-09,IN38,22,5,0
2019-03-09,IN39,19,7,1
2019-03-10,IN00,43,9,0
2019-03-10,IN02,218,68,1
2019-03-10,IN03,58,11,0
2019-03-10,IN06,1,1,0
2019-03-10,IN07,1012,253,16
2019-03-10,IN09,155,47,5
2019-03-10,IN10,39,13,0
2019-03-10,IN11,66,14,1
2019-03-10,IN12,997,400,30
2019-03-10,IN13,117,38,1
2019-03-10,IN16,475,138,6
2019-03-10,IN17,1,0,0
2019-03-10,IN18,5,2,0
2019-03-10,IN19,173,47,0
2019-03-10,IN20,4,2,0
2019-03-10,IN21,129,23,0
2019-03-10,IN22,16,4,0
2019-03-10,IN23,141,53,4
2019-03-10,IN24,145,51,0
2019-03-10,IN25,185,50,0
2019-03-10,IN26,18,2,0
2019-03-10,IN28,74,25,3
2019-03-10,IN30,4,0,0
2019-03-10,IN33,1,0,0
2019-03-10,IN34,128,48,1
2019-03-10,IN35,118,38,7
2019-03-10,IN36,394,123,3
2019-03-10,IN37,36,8,0
2019-03-10,IN38,13,3,0
2019-03-10,IN39,38,11,3
2019-03-11,IN00,77,26,1
2019-03-11,IN01,10,4,0
2019-03-11,IN02,286,90,6
2019-03-11,IN03,34,2,0
2019-03-11,IN05,2,2,0
2019-03-11,IN06,4,1,0
2019-03-11,IN07,1552,379,22
2019-03-11,IN09,296,66,8
2019-03-11,IN10,71,26,0
2019-03-11,IN11,48,10,0
2019-03-11,IN12,1196,510,20
2019-03-11,IN13,153,60,1
2019-03-11,IN14,4,0,0
2019-03-11,IN16,747,214,3
2019-03-11,IN17,1,0,0
2019-03-11,IN18,22,4,1
2019-03-11,IN19,266,67,2
2019-03-11,IN20,14,8,0
2019-03-11,IN21,127,24,0
2019-03-11,IN22,9,2,0
2019-03-11,IN23,141,59,6
2019-03-11,IN24,248,85,4
2019-03-11,IN25,238,52,3
2019-03-11,IN26,15,5,0
2019-03-11,IN28,159,47,0
2019-03-11,IN31,1,0,0
2019-03-11,IN33,28,9,1
2019-03-11,IN34,141,36,1
2019-03-11,IN35,181,50,2
2019-03-11,IN36,458,168,8
2019-03-11,IN37,41,8,0
2019-03-11,IN38,18,10,1
2019-03-11,IN39,44,14,2
2019-03-12,IN00,75,23,1
2019-03-12,IN01,15,8,0
2019-03-12,IN02,236,78,6
2019-03-12,IN03,57,10,0
2019-03-12,IN06,3,1,0
2019-03-12,IN07,1456,370,27
2019-03-12,IN09,829,173,25
2019-03-12,IN10,84,22,0
2019-03-12,IN11,15,2,0
2019-03-12,IN12,1052,418,14
2019-03-12,IN13,104,35,0
2019-03-12,IN14,3,0,0
2019-03-12,IN16,913,271,9
2019-03-12,IN17,23,10,0
2019-03-12,IN18,18,0,0
2019-03-12,IN19,327,84,3
2019-03-12,IN20,14,3,0
2019-03-12,IN21,95,25,4
2019-03-12,IN22,7,1,0
2019-03-12,IN23,166,57,4
2019-03-12,IN24,211,52,1
2019-03-12,IN25,327,127,14
2019-03-12,IN26,7,2,0
2019-03-12,IN28,169,51,1
2019-03-12,IN30,8,4,0
2019-03-12,IN31,3,1,0
2019-03-12,IN33,30,7,0
2019-03-12,IN34,210,61,1
2019-03-12,IN35,133,50,1
2019-03-12,IN36,659,197,8
2019-03-12,IN37,102,29,0
2019-03-12,IN38,6,2,0
2019-03-12,IN39,42,19,0
2019-03-13,IN00,80,20,0
2019-03-13,IN01,10,1,0
2019-03-13,IN02,237,76,5
2019-03-13,IN03,80,29,4
2019-03-13,IN05,1,0,0
2019-03-13,IN06,4,2,0
2019-03-13,IN07,1383,443,19
2019-03-13,IN09,453,128,7
2019-03-13,IN10,183,69,1
2019-03-13,IN11,14,3,0
2019-03-13,IN12,1034,452,9
2019-03-13,IN13,160,45,2
2019-03-13,IN16,815,227,6
2019-03-13,IN17,1,0,0
2019-03-13,IN18,7,1,0
2019-03-13,IN19,409,137,7
2019-03-13,IN20,22,6,0
2019-03-13,IN21,69,18,0
2019-03-13,IN22,12,2,0
2019-03-13,IN23,226,87,9
2019-03-13,IN24,219,62,2
2019-03-13,IN25,694,253,16
2019-03-13,IN26,27,5,0
2019-03-13,IN28,180,54,1
2019-03-13,IN30,6,1,0
2019-03-13,IN33,28,9,1
2019-03-13,IN34,202,77,1
2019-03-13,IN35,153,68,0
2019-03-13,IN36,763,196,0
2019-03-13,IN37,35,10,0
2019-03-13,IN38,24,6,0
2019-03-13,IN39,33,9,0
2019-03-14,IN00,45,7,0
2019-03-14,IN01,3,0,0
2019-03-14,IN02,274,84,5
2019-03-14,IN03,40,11,0
2019-03-14,IN06,13,1,0
2019-03-14,IN07,1714,488,24
2019-03-14,IN09,319,119,4
2019-03-14,IN10,135,47,3
2019-03-14,IN11,21,6,1
2019-03-14,IN12,1069,442,16
2019-03-14,IN13,301,94,7
2019-03-14,IN14,8,3,0
2019-03-14,IN16,1004,318,19
2019-03-14,IN17,13,1,0
2019-03-14,IN18,2,1,0
2019-03-14,IN19,304,65,2
2019-03-14,IN20,16,4,0
2019-03-14,IN21,75,19,0
2019-03-14,IN22,7,2,0
2019-03-14,IN23,339,102,8
2019-03-14,IN24,248,86,5
2019-03-14,IN25,320,147,17
2019-03-14,IN26,20,8,0
2019-03-14,IN28,201,68,2
2019-03-14,IN30,4,2,0
2019-03-14,IN31,2,1,0
2019-03-14,IN32,3,0,0
2019-03-14,IN33,50,10,1
2019-03-14,IN34,137,60,1
2019-03-14,IN35,158,45,0
2019-03-14,IN36,687,231,17
2019-03-14,IN37,35,10,0
2019-03-14,IN38,25,7,1
2019-03-14,IN39,55,16,0
2019-03-15,IN00,65,22,0
2019-03-15,IN01,3,0,0
2019-03-15,IN02,413,163,10
2019-03-15,IN03,39,16,0
2019-03-15,IN06,9,1,0
2019-03-15,IN07,1242,426,60
2019-03-15,IN09,254,80,0
2019-03-15,IN10,113,41,4
2019-03-15,IN11,32,11,1
2019-03-15,IN12,606,279,8
2019-03-15,IN13,115,34,1
2019-03-15,IN14,2,2,0
2019-03-15,IN16,833,250,7
2019-03-15,IN17,7,2,1
2019-03-15,IN18,7,0,0
2019-03-15,IN19,409,141,12
2019-03-15,IN20,4,1,0
2019-03-15,IN21,124,27,5
2019-03-15,IN22,7,4,0
2019-03-15,IN23,250,114,6
2019-03-15,IN24,156,52,7
2019-03-15,IN25,451,197,23
2019-03-15,IN26,35,3,0
2019-03-15,IN28,249,79,2
2019-03-15,IN30,16,7,0
2019-03-15,IN31,18,9,0
2019-03-15,IN33,20,9,0
2019-03-15,IN34,238,89,4
2019-03-15,IN35,149,67,1
2019-03-15,IN36,792,239,13
2019-03-15,IN37,63,17,0
2019-03-15,IN38,76,26,0
2019-03-15,IN39,63,25,0
2019-03-16,IN00,50,13,2
2019-03-16,IN01,14,2,0
2019-03-16,IN02,372,140,5
2019-03-16,IN03,33,7,1
2019-03-16,IN06,3,1,0
2019-03-16,IN07,964,273,28
2019-03-16,IN09,270,113,0
2019-03-16,IN10,33,21,2
2019-03-16,IN11,23,11,0
2019-03-16,IN12,606,302,12
2019-03-16,IN13,146,50,1
2019-03-16,IN14,15,6,0
2019-03-16,IN16,524,167,4
2019-03-16,IN17,7,0,0
2019-03-16,IN19,347,106,14
2019-03-16,IN20,10,7,0
2019-03-16,IN21,80,14,0
2019-03-16,IN22,6,4,0
2019-03-16,IN23,205,88,5
2019-03-16,IN24,133,50,3
2019-03-16,IN25,309,132,15
2019-03-16,IN26,50,11,0
2019-03-16,IN28,166,46,5
2019-03-16,IN31,36,19,1
2019-03-16,IN33,33,9,0
2019-03-16,IN34,175,59,7
2019-03-16,IN35,166,77,0
2019-03-16,IN36,576,213,11
2019-03-16,IN37,41,9,2
2019-03-16,IN38,18,11,0
2019-03-16,IN39,111,22,9
2019-03-17,IN00,124,19,2
2019-03-17,IN01,17,10,3
2019-03-17,IN02,366,137,6
2019-03-17,IN03,34,5,0
2019-03-17,IN06,9,2,0
2019-03-17,IN07,1077,298,14
2019-03-17,IN09,238,78,2
2019-03-17,IN10,98,27,3
2019-03-17,IN11,24,5,1
2019-03-17,IN12,661,306,14
2019-03-17,IN13,132,38,0
2019-03-17,IN16,621,174,2
2019-03-17,IN17,9,1,1
2019-03-17,IN19,249,74,4
2019-03-17,IN20,29,6,0
2019-03-17,IN21,52,17,3
2019-03-17,IN22,13,3,0
2019-03-17,IN23,127,58,2
2019-03-17,IN24,97,41,0
2019-03-17,IN25,216,92,3
2019-03-17,IN26,35,4,0
2019-03-17,IN28,197,82,10
2019-03-17,IN29,1,0,0
2019-03-17,IN30,4,2,0
2019-03-17,IN31,3,2,0
2019-03-17,IN33,192,30,1
2019-03-17,IN34,197,54,6
2019-03-17,IN35,81,46,3
2019-03-17,IN36,688,170,4
2019-03-17,IN37,34,10,2
2019-03-17,IN38,9,3,0
2019-03-17,IN39,64,18,5
2019-03-18,IN00,152,35,1
2019-03-18,IN01,21,8,0
2019-03-18,IN02,285,84,3
2019-03-18,IN03,66,19,0
2019-03-18,IN05,1,0,0
2019-03-18,IN06,9,4,0
2019-03-18,IN07,1146,296,8
2019-03-18,IN09,227,89,0
2019-03-18,IN10,88,13,1
2019-03-18,IN11,55,14,1
2019-03-18,IN12,633,269,9
2019-03-18,IN13,170,41,3
2019-03-18,IN14,2,1,0
2019-03-18,IN16,868,249,16
2019-03-18,IN17,5,0,0
2019-03-18,IN19,460,117,4
2019-03-18,IN20,30,6,0
2019-03-18,IN21,137,51,6
2019-03-18,IN22,16,8,0
2019-03-18,IN23,122,38,7
2019-03-18,IN24,148,34,1
2019-03-18,IN25,303,97,9
2019-03-18,IN26,47,10,1
2019-03-18,IN28,160,65,4
2019-03-18,IN30,5,1,0
2019-03-18,IN31,6,0,0
2019-03-18,IN33,237,48,0
2019-03-18,IN34,187,66,0
2019-03-18,IN35,124,44,1
2019-03-18,IN36,735,173,12
2019-03-18,IN37,38,16,0
2019-03-18,IN38,22,11,0
2019-03-18,IN39,51,20,4
2019-03-19,IN00,84,17,1
2019-03-19,IN01,19,6,0
2019-03-19,IN02,303,101,1
2019-03-19,IN03,70,21,2
2019-03-19,IN05,4,0,0
2019-03-19,IN07,1188,303,10
2019-03-19,IN09,257,126,6
2019-03-19,IN10,112,39,0
2019-03-19,IN11,27,11,0
2019-03-19,IN12,685,337,16
2019-03-19,IN13,124,33,3
2019-03-19,IN14,2,0,0
2019-03-19,IN16,992,293,17
2019-03-19,IN17,14,1,0
2019-03-19,IN18,5,1,0
2019-03-19,IN19,521,166,7
2019-03-19,IN20,8,2,1
2019-03-19,IN21,101,35,2
2019-03-19,IN22,17,5,1
2019-03-19,IN23,148,40,4
2019-03-19,IN24,103,30,1
2019-03-19,IN25,351,122,7
2019-03-19,IN26,31,5,2
2019-03-19,IN28,188,59,0
2019-03-19,IN30,2,0,0
2019-03-19,IN31,4,0,0
2019-03-19,IN33,132,32,0
2019-03-19,IN34,190,78,4
2019-03-19,IN35,188,69,3
2019-03-19,IN36,658,155,13
2019-03-19,IN37,63,14,0
2019-03-19,IN38,19,3,0
2019-03-19,IN39,71,16,1
2019-03-20,IN00,60,22,4
2019-03-20,IN01,10,7,2
2019-03-20,IN02,303,100,5
2019-03-20,IN03,59,18,0
2019-03-20,IN06,8,1,0
2019-03-20,IN07,1300,387,18
2019-03-20,IN09,219,73,4
2019-03-20,IN10,127,48,2
2019-03-20,IN11,13,3,0
2019-03-20,IN12,779,382,26
2019-03-20,IN13,100,32,1
2019-03-20,IN14,9,5,0
2019-03-20,IN16,854,304,10
2019-03-20,IN17,58,20,1
2019-03-20,IN18,4,1,1
2019-03-20,IN19,460,134,9
2019-03-20,IN20,11,5,3
2019-03-20,IN21,109,38,2
2019-03-20,IN22,9,6,0
2019-03-20,IN23,123,34,3
2019-03-20,IN24,96,34,0
2019-03-20,IN25,296,79,1
2019-03-20,IN26,57,23,1
2019-03-20,IN28,248,103,7
2019-03-20,IN30,5,1,1
2019-03-20,IN31,23,5,0
2019-03-20,IN33,49,11,3
2019-03-20,IN34,192,61,7
2019-03-20,IN35,175,65,2
2019-03-20,IN36,682,212,15
2019-03-20,IN37,48,5,0
2019-03-20,IN38,7,3,1
2019-03-20,IN39,52,11,0
2019-03-21,IN00,22,2,0
2019-03-21,IN02,240,76,6
2019-03-21,IN03,26,7,3
2019-03-21,IN06,5,1,0
2019-03-21,IN07,673,161,3
2019-03-21,IN09,240,99,0
2019-03-21,IN10,133,45,0
2019-03-21,IN11,23,9,0
2019-03-21,IN12,548,284,15
2019-03-21,IN13,102,52,2
2019-03-21,IN14,6,5,0
2019-03-21,IN16,446,122,3
2019-03-21,IN17,12,4,0
2019-03-21,IN18,13,5,0
2019-03-21,IN19,245,84,2
2019-03-21,IN20,25,3,2
2019-03-21,IN21,26,7,1
2019-03-21,IN22,13,5,5
2019-03-21,IN23,55,18,2
2019-03-21,IN24,67,18,0
2019-03-21,IN25,336,149,3
2019-03-21,IN26,8,5,0
2019-03-21,IN28,129,51,3
2019-03-21,IN31,10,2,0
2019-03-21,IN33,31,6,1
2019-03-21,IN34,69,27,2
2019-03-21,IN35,119,34,0
2019-03-21,IN36,411,176,5
2019-03-21,IN37,19,7,0
2019-03-21,IN38,13,5,1
2019-03-21,IN39,38,18,2
2019-03-22,IN00,50,16,0
2019-03-22,IN01,5,0,0
2019-03-22,IN02,259,62,3
2019-03-22,IN03,34,9,0
2019-03-22,IN06,3,0,0
2019-03-22,IN07,901,323,12
2019-03-22,IN09,204,84,0
2019-03-22,IN10,77,22,2
2019-03-22,IN11,4,2,0
2019-03-22,IN12,1123,670,13
2019-03-22,IN13,92,31,4
2019-03-22,IN16,828,242,5
2019-03-22,IN17,3,3,0
2019-03-22,IN18,1,0,0
2019-03-22,IN19,453,157,4
2019-03-22,IN20,4,2,1
2019-03-22,IN21,65,33,2
2019-03-22,IN22,13,4,0
2019-03-22,IN23,30,10,1
2019-03-22,IN24,86,28,1
2019-03-22,IN25,254,93,2
2019-03-22,IN26,13,4,0
2019-03-22,IN28,136,50,15
2019-03-22,IN30,2,0,0
2019-03-22,IN31,17,1,0
2019-03-22,IN33,24,9,0
2019-03-22,IN34,182,77,4
2019-03-22,IN35,91,32,0
2019-03-22,IN36,453,176,4
2019-03-22,IN37,26,7,1
2019-03-22,IN38,19,7,0
2019-03-22,IN39,37,10,0
2019-03-23,IN00,35,9,1
2019-03-23,IN01,4,0,0
2019-03-23,IN02,242,87,6
2019-03-23,IN03,33,12,0
2019-03-23,IN07,861,320,32
2019-03-23,IN09,166,72,2
2019-03-23,IN10,78,34,1
2019-03-23,IN11,10,2,0
2019-03-23,IN12,767,442,13
2019-03-23,IN13,146,61,1
2019-03-23,IN14,1,0,0
2019-03-23,IN16,524,215,3
2019-03-23,IN19,314,126,4
2019-03-23,IN20,13,2,0
2019-03-23,IN21,74,33,1
2019-03-23,IN22,1,0,0
2019-03-23,IN23,92,35,0
2019-03-23,IN24,151,44,0
2019-03-23,IN25,239,85,6
2019-03-23,IN26,10,3,1
2019-03-23,IN28,216,106,19
2019-03-23,IN31,12,2,0
2019-03-23,IN33,10,4,1
2019-03-23,IN34,205,81,12
2019-03-23,IN35,177,66,0
2019-03-23,IN36,455,182,6
2019-03-23,IN37,27,6,0
2019-03-23,IN38,5,3,0
2019-03-23,IN39,56,21,0
2019-03-24,IN00,39,17,0
2019-03-24,IN01,16,1,0
2019-03-24,IN02,197,59,0
2019-03-24,IN03,36,7,0
2019-03-24,IN07,731,240,13
2019-03-24,IN09,185,67,0
2019-03-24,IN10,76,25,4
2019-03-24,IN11,14,2,0
2019-03-24,IN12,526,319,9
2019-03-24,IN13,120,53,2
2019-03-24,IN16,496,179,2
2019-03-24,IN17,8,5,0
2019-03-24,IN18,2,0,0
2019-03-24,IN19,400,165,9
2019-03-24,IN20,10,3,0
2019-03-24,IN21,77,18,0
2019-03-24,IN22,8,2,0
2019-03-24,IN23,56,19,1
2019-03-24,IN24,117,47,6
2019-03-24,IN25,211,59,1
2019-03-24,IN26,26,15,0
2019-03-24,IN28,159,40,8
2019-03-24,IN30,6,4,0
2019-03-24,IN31,4,1,0
2019-03-24,IN33,20,4,0
2019-03-24,IN34,184,90,0
2019-03-24,IN35,138,47,0
2019-03-24,IN36,449,152,4
2019-03-24,IN37,51,12,1
2019-03-24,IN38,8,4,0
2019-03-24,IN39,41,9,0
2019-03-25,IN00,87,16,1
2019-03-25,IN01,8,0,0
2019-03-25,IN02,247,55,2
2019-03-25,IN03,103,27,1
2019-03-25,IN05,1,1,0
2019-03-25,IN06,8,3,0
2019-03-25,IN07,1185,359,18
2019-03-25,IN09,288,72,6
2019-03-25,IN10,65,23,0
2019-03-25,IN11,29,7,0
2019-03-25,IN12,584,264,7
2019-03-25,IN13,173,57,2
2019-03-25,IN14,7,4,0
2019-03-25,IN16,776,236,17
2019-03-25,IN17,7,3,0
2019-03-25,IN18,5,0,0
2019-03-25,IN19,445,133,3
2019-03-25,IN20,27,0,0
2019-03-25,IN21,107,35,2
2019-03-25,IN22,8,1,0
2019-03-25,IN23,109,52,8
2019-03-25,IN24,130,59,7
2019-03-25,IN25,323,101,4
2019-03-25,IN26,43,14,0
2019-03-25,IN28,171,59,5
2019-03-25,IN30,7,6,0
2019-03-25,IN31,5,2,0
2019-03-25,IN33,13,3,0
2019-03-25,IN34,139,65,0
2019-03-25,IN35,201,89,2
2019-03-25,IN36,577,192,10
2019-03-25,IN37,70,23,1
2019-03-25,IN38,48,9,2
2019-03-25,IN39,37,6,0
2019-03-26,IN00,79,31,0
2019-03-26,IN01,4,2,0
2019-03-26,IN02,304,80,6
2019-03-26,IN03,63,17,0
2019-03-26,IN06,3,2,0
2019-03-26,IN07,1049,317,26
2019-03-26,IN09,284,111,2
2019-03-26,IN10,76,28,0
2019-03-26,IN11,15,4,0
2019-03-26,IN12,451,185,10
2019-03-26,IN13,106,32,1
2019-03-26,IN16,886,278,12
2019-03-26,IN17,17,4,1
2019-03-26,IN18,7,2,0
2019-03-26,IN19,462,129,6
2019-03-26,IN20,10,0,0
2019-03-26,IN21,86,24,2
2019-03-26,IN22,15,7,0
2019-03-26,IN23,65,24,4
2019-03-26,IN24,235,55,4
2019-03-26,IN25,273,96,2
2019-03-26,IN26,12,6,2
2019-03-26,IN28,238,77,8
2019-03-26,IN30,8,1,0
2019-03-26,IN31,16,7,0
2019-03-26,IN33,36,15,1
2019-03-26,IN34,275,86,2
2019-03-26,IN35,131,45,0
2019-03-26,IN36,748,270,11
2019-03-26,IN37,67,24,2
2019-03-26,IN38,19,6,0
2019-03-26,IN39,66,21,0
2019-03-27,IN00,56,16,1
2019-03-27,IN01,3,0,0
2019-03-27,IN02,327,78,0
2019-03-27,IN03,27,5,0
2019-03-27,IN05,1,0,0
2019-03-27,IN07,1164,378,12
2019-03-27,IN09,289,101,6
2019-03-27,IN10,78,35,2
2019-03-27,IN11,21,7,0
2019-03-27,IN12,522,217,7
2019-03-27,IN13,131,48,2
2019-03-27,IN14,5,2,0
2019-03-27,IN16,711,242,6
2019-03-27,IN17,1,0,0
2019-03-27,IN18,3,0,0
2019-03-27,IN19,368,104,4
2019-03-27,IN20,20,2,0
2019-03-27,IN21,132,54,7
2019-03-27,IN22,3,0,0
2019-03-27,IN23,106,48,0
2019-03-27,IN24,175,35,1
2019-03-27,IN25,329,88,2
2019-03-27,IN26,19,5,0
2019-03-27,IN28,313,94,9
2019-03-27,IN29,1,1,0
2019-03-27,IN30,5,1,0
2019-03-27,IN31,2,2,0
2019-03-27,IN33,48,12,0
2019-03-27,IN34,182,62,1
2019-03-27,IN35,183,74,3
2019-03-27,IN36,641,183,9
2019-03-27,IN37,52,19,0
2019-03-27,IN38,28,8,1
2019-03-27,IN39,33,14,0
2019-03-28,IN00,44,11,1
2019-03-28,IN01,6,4,0
2019-03-28,IN02,328,100,2
2019-03-28,IN03,87,20,0
2019-03-28,IN07,1031,327,12
2019-03-28,IN09,242,91,13
2019-03-28,IN10,63,24,2
2019-03-28,IN11,15,4,0
2019-03-28,IN12,660,309,9
2019-03-28,IN13,88,16,2
2019-03-28,IN14,2,0,0
2019-03-28,IN16,818,272,11
2019-03-28,IN17,1,0,0
2019-03-28,IN18,3,1,0
2019-03-28,IN19,470,199,18
2019-03-28,IN20,27,3,0
2019-03-28,IN21,124,49,2
2019-03-28,IN22,8,0,0
2019-03-28,IN23,120,60,3
2019-03-28,IN24,206,83,4
2019-03-28,IN25,287,93,1
2019-03-28,IN26,28,10,0
2019-03-28,IN28,276,106,11
2019-03-28,IN30,5,2,0
2019-03-28,IN31,5,2,0
2019-03-28,IN33,32,10,0
2019-03-28,IN34,259,103,1
2019-03-28,IN35,200,76,0
2019-03-28,IN36,736,232,12
2019-03-28,IN37,45,17,1
2019-03-28,IN38,36,15,0
2019-03-28,IN39,40,11,0
2019-03-29,IN00,87,26,1
2019-03-29,IN01,8,1,0
2019-03-29,IN02,412,132,5
2019-03-29,IN03,39,15,1
2019-03-29,IN07,1077,328,6
2019-03-29,IN09,356,140,6
2019-03-29,IN10,151,41,0
2019-03-29,IN11,42,10,0
2019-03-29,IN12,453,224,8
2019-03-29,IN13,111,31,3
2019-03-29,IN14,4,0,0
2019-03-29,IN16,814,230,5
2019-03-29,IN17,15,4,0
2019-03-29,IN18,6,2,0
2019-03-29,IN19,363,139,14
2019-03-29,IN20,1,0,0
2019-03-29,IN21,127,35,5
2019-03-29,IN22,3,1,0
2019-03-29,IN23,186,62,0
2019-03-29,IN24,195,57,8
2019-03-29,IN25,271,137,2
2019-03-29,IN26,43,19,2
2019-03-29,IN28,212,56,5
2019-03-29,IN29,2,0,0
2019-03-29,IN30,1,1,0
2019-03-29,IN31,5,5,0
2019-03-29,IN33,29,7,0
2019-03-29,IN34,204,95,2
2019-03-29,IN35,164,48,0
2019-03-29,IN36,841,240,8
2019-03-29,IN37,43,16,0
2019-03-29,IN38,33,20,1
2019-03-29,IN39,17,3,0
2019-03-30,IN00,71,23,2
2019-03-30,IN02,243,61,0
2019-03-30,IN03,126,30,1
2019-03-30,IN05,2,2,0
2019-03-30,IN06,10,5,0
2019-03-30,IN07,779,230,10
2019-03-30,IN09,248,104,8
2019-03-30,IN10,67,23,0
2019-03-30,IN11,25,6,0
2019-03-30,IN12,446,226,4
2019-03-30,IN13,87,35,4
2019-03-30,IN16,601,180,6
2019-03-30,IN17,4,0,0
2019-03-30,IN19,266,100,9
2019-03-30,IN20,17,8,4
2019-03-30,IN21,117,39,2
2019-03-30,IN22,8,1,0
2019-03-30,IN23,100,48,5
2019-03-30,IN24,176,59,3
2019-03-30,IN25,168,76,7
2019-03-30,IN26,11,6,0
2019-03-30,IN28,190,58,10
2019-03-30,IN30,21,6,0
2019-03-30,IN33,11,3,0
2019-03-30,IN34,253,94,4
2019-03-30,IN35,104,51,2
2019-03-30,IN36,484,125,2
2019-03-30,IN37,74,19,0
2019-03-30,IN38,31,9,2
2019-03-30,IN39,44,18,0
2019-03-31,IN00,80,29,0
2019-03-31,IN01,7,2,0
2019-03-31,IN02,396,130,6
2019-03-31,IN03,43,11,0
2019-03-31,IN05,5,0,0
2019-03-31,IN06,4,0,0
2019-03-31,IN07,770,235,16
2019-03-31,IN09,234,93,6
2019-03-31,IN10,83,29,4
2019-03-31,IN11,47,5,0
2019-03-31,IN12,426,178,5
2019-03-31,IN13,272,121,2
2019-03-31,IN16,399,120,3
2019-03-31,IN18,1,1,0
2019-03-31,IN19,315,105,12
2019-03-31,IN20,21,4,1
2019-03-31,IN21,118,19,3
2019-03-31,IN23,107,44,1
2019-03-31,IN24,101,40,5
2019-03-31,IN25,196,66,8
2019-03-31,IN26,14,1,0
2019-03-31,IN28,102,32,7
2019-03-31,IN30,4,1,0
2019-03-31,IN31,1,1,0
2019-03-31,IN33,24,3,0
2019-03-31,IN34,167,61,0
2019-03-31,IN35,92,44,0
2019-03-31,IN36,708,307,16
2019-03-31,IN37,24,10,1
2019-03-31,IN38,5,3,1
2019-03-31,IN39,26,9,0
2019-04-01,IN00,86,25,0
2019-04-01,IN01,5,2,0
2019-04-01,IN02,518,137,13
2019-04-01,IN03,57,13,0
2019-04-01,IN07,1013,355,12
2019-04-01,IN09,254,104,6
2019-04-01,IN10,54,11,1
2019-04-01,IN11,43,13,0
2019-04-01,IN12,682,336,6
2019-04-01,IN13,184,89,0
2019-04-01,IN16,678,220,9
2019-04-01,IN17,9,5,1
2019-04-01,IN18,7,1,0
2019-04-01,IN19,337,111,11
2019-04-01,IN20,15,8,0
2019-04-01,IN21,130,36,6
2019-04-01,IN22,4,0,0
2019-04-01,IN23,62,35,0
2019-04-01,IN24,155,51,2
2019-04-01,IN25,285,100,6
2019-04-01,IN26,22,6,0
2019-04-01,IN28,138,46,1
2019-04-01,IN30,5,2,0
2019-04-01,IN32,1,1,0
2019-04-01,IN33,39,13,0
2019-04-01,IN34,196,63,2
2019-04-01,IN35,153,59,3
2019-04-01,IN36,674,264,6
2019-04-01,IN37,36,9,0
2019-04-01,IN38,20,2,1
2019-04-01,IN39,55,5,0
2019-04-02,IN00,76,13,2
2019-04-02,IN01,7,3,1
2019-04-02,IN02,323,96,4
2019-04-02,IN03,30,3,0
2019-04-02,IN05,1,0,0
2019-04-02,IN06,4,3,0
2019-04-02,IN07,1193,388,13
2019-04-02,IN09,275,90,2
2019-04-02,IN10,68,26,2
2019-04-02,IN11,47,15,0
2019-04-02,IN12,831,391,5
2019-04-02,IN13,236,86,7
2019-04-02,IN14,4,4,0
2019-04-02,IN16,733,270,6
2019-04-02,IN17,6,0,0
2019-04-02,IN18,13,9,0
2019-04-02,IN19,374,118,3
2019-04-02,IN20,19,5,1
2019-04-02,IN21,106,31,4
2019-04-02,IN22,8,3,0
2019-04-02,IN23,84,31,1
2019-04-02,IN24,125,33,1
2019-04-02,IN25,355,93,1
2019-04-02,IN26,13,7,2
2019-04-02,IN28,135,44,15
2019-04-02,IN30,10,4,0
2019-04-02,IN31,12,2,1
2019-04-02,IN33,13,3,0
2019-04-02,IN34,271,106,15
2019-04-02,IN35,270,112,9
2019-04-02,IN36,596,200,8
2019-04-02,IN37,64,20,1
2019-04-02,IN38,71,24,0
2019-04-02,IN39,21,12,1
2019-04-03,IN00,92,31,0
2019-04-03,IN01,8,1,0
2019-04-03,IN02,340,118,9
2019-04-03,IN03,134,32,2
2019-04-03,IN06,11,5,0
2019-04-03,IN07,1140,318,14
2019-04-03,IN09,281,104,4
2019-04-03,IN10,49,21,5
2019-04-03,IN11,15,1,0
2019-04-03,IN12,866,361,17
2019-04-03,IN13,185,68,2
2019-04-03,IN14,1,0,0
2019-04-03,IN16,822,303,22
2019-04-03,IN17,11,1,0
2019-04-03,IN18,2,1,1
2019-04-03,IN19,368,110,5
2019-04-03,IN20,39,10,2
2019-04-03,IN21,104,34,3
2019-04-03,IN22,13,2,0
2019-04-03,IN23,95,28,1
2019-04-03,IN24,181,64,4
2019-04-03,IN25,303,92,0
2019-04-03,IN26,48,13,0
2019-04-03,IN28,429,142,26
2019-04-03,IN29,8,4,0
2019-04-03,IN30,36,10,0
2019-04-03,IN31,28,10,0
2019-04-03,IN33,25,7,0
2019-04-03,IN34,143,65,4
2019-04-03,IN35,184,71,13
2019-04-03,IN36,660,262,18
2019-04-03,IN37,57,19,3
2019-04-03,IN38,13,1,0
2019-04-03,IN39,71,17,0
2019-04-04,IN00,73,15,0
2019-04-04,IN01,11,4,0
2019-04-04,IN02,382,87,3
2019-04-04,IN03,73,29,2
2019-04-04,IN06,3,0,0
2019-04-04,IN07,993,277,8
2019-04-04,IN09,331,124,2
2019-04-04,IN10,60,13,2
2019-04-04,IN11,17,4,0
2019-04-04,IN12,483,202,9
2019-04-04,IN13,348,137,7
2019-04-04,IN14,5,0,0
2019-04-04,IN16,915,343,10
2019-04-04,IN17,7,1,0
2019-04-04,IN18,2,2,0
2019-04-04,IN19,339,110,1
2019-04-04,IN20,55,17,0
2019-04-04,IN21,83,34,1
2019-04-04,IN22,13,4,0
2019-04-04,IN23,84,28,0
2019-04-04,IN24,159,53,1
2019-04-04,IN25,426,158,3
2019-04-04,IN26,33,11,2
2019-04-04,IN28,289,101,9
2019-04-04,IN30,13,4,1
2019-04-04,IN31,18,3,0
2019-04-04,IN33,11,1,0
2019-04-04,IN34,156,52,4
2019-04-04,IN35,230,92,3
2019-04-04,IN36,766,270,10
2019-04-04,IN37,54,35,0
2019-04-04,IN38,21,9,0
2019-04-04,IN39,44,5,0
2019-04-05,IN00,70,11,0
2019-04-05,IN01,5,1,0
2019-04-05,IN02,293,114,7
2019-04-05,IN03,57,20,2
2019-04-05,IN05,1,0,0
2019-04-05,IN06,5,3,0
2019-04-05,IN07,1103,298,7
2019-04-05,IN09,221,80,1
2019-04-05,IN10,73,16,2
2019-04-05,IN11,61,25,0
2019-04-05,IN12,573,256,8
2019-04-05,IN13,161,57,1
2019-04-05,IN14,2,2,0
2019-04-05,IN16,810,290,18
2019-04-05,IN17,3,2,0
2019-04-05,IN19,307,121,1
2019-04-05,IN20,23,4,0
2019-04-05,IN21,114,44,2
2019-04-05,IN22,14,5,0
2019-04-05,IN23,118,49,3
2019-04-05,IN24,174,70,1
2019-04-05,IN25,348,125,5
2019-04-05,IN26,14,7,2
2019-04-05,IN28,208,77,8
2019-04-05,IN30,4,2,1
2019-04-05,IN31,4,0,0
2019-04-05,IN33,3,2,0
2019-04-05,IN34,152,68,4
2019-04-05,IN35,199,94,0
2019-04-05,IN36,736,242,19
2019-04-05,IN37,98,56,0
2019-04-05,IN38,26,7,0
2019-04-05,IN39,67,20,0
2019-04-06,IN00,32,17,0
2019-04-06,IN01,4,1,0
2019-04-06,IN02,254,88,4
2019-04-06,IN03,66,10,2
2019-04-06,IN06,8,1,0
2019-04-06,IN07,843,267,3
2019-04-06,IN09,238,89,14
2019-04-06,IN10,125,41,1
2019-04-06,IN11,28,8,0
2019-04-06,IN12,543,265,4
2019-04-06,IN13,188,71,2
2019-04-06,IN14,1,1,0
2019-04-06,IN16,502,162,13
2019-04-06,IN17,1,0,0
2019-04-06,IN18,3,0,0
2019-04-06,IN19,164,54,0
2019-04-06,IN20,27,5,0
2019-04-06,IN21,111,25,1
2019-04-06,IN22,7,3,0
2019-04-06,IN23,80,30,0
2019-04-06,IN24,133,60,5
2019-04-06,IN25,254,101,2
2019-04-06,IN26,55,32,0
2019-04-06,IN28,257,93,19
2019-04-06,IN30,1,0,0
2019-04-06,IN31,7,1,0
2019-04-06,IN33,13,2,0
2019-04-06,IN34,157,37,0
2019-04-06,IN35,99,23,0
2019-04-06,IN36,534,167,14
2019-04-06,IN37,41,12,1
2019-04-06,IN38,16,10,0
2019-04-06,IN39,51,16,0
2019-04-07,IN00,48,11,0
2019-04-07,IN01,2,0,0
2019-04-07,IN02,276,80,0
2019-04-07,IN03,32,15,0
2019-04-07,IN07,817,294,8
2019-04-07,IN09,157,46,4
2019-04-07,IN10,99,22,0
2019-04-07,IN11,27,15,1
2019-04-07,IN12,626,339,22
2019-04-07,IN13,83,34,4
2019-04-07,IN14,1,0,0
2019-04-07,IN16,478,163,12
2019-04-07,IN17,24,1,0
2019-04-07,IN18,6,2,0
2019-04-07,IN19,206,60,3
2019-04-07,IN20,17,1,0
2019-04-07,IN21,101,35,7
2019-04-07,IN22,1,0,0
2019-04-07,IN23,136,41,1
2019-04-07,IN24,50,17,1
2019-04-07,IN25,181,58,5
2019-04-07,IN26,50,17,5
2019-04-07,IN28,292,103,12
2019-04-07,IN31,2,2,0
2019-04-07,IN33,11,3,0
2019-04-07,IN34,148,45,5
2019-04-07,IN35,216,95,11
2019-04-07,IN36,465,142,13
2019-04-07,IN37,22,5,4
2019-04-07,IN38,22,4,0
2019-04-07,IN39,77,25,4
2019-04-08,IN00,71,19,0
2019-04-08,IN01,13,1,0
2019-04-08,IN02,283,87,3
2019-04-08,IN03,28,5,0
2019-04-08,IN06,3,1,0
2019-04-08,IN07,1186,381,22
2019-04-08,IN09,250,82,3
2019-04-08,IN10,61,20,0
2019-04-08,IN11,11,5,0
2019-04-08,IN12,743,308,15
2019-04-08,IN13,153,53,0
2019-04-08,IN16,681,232,14
2019-04-08,IN17,14,2,1
2019-04-08,IN18,1,0,0
2019-04-08,IN19,287,69,1
2019-04-08,IN20,13,6,0
2019-04-08,IN21,97,31,0
2019-04-08,IN23,119,46,1
2019-04-08,IN24,131,47,6
2019-04-08,IN25,361,123,4
2019-04-08,IN26,28,11,0
2019-04-08,IN28,205,57,2
2019-04-08,IN30,5,1,0
2019-04-08,IN33,3,0,0
2019-04-08,IN34,97,42,1
2019-04-08,IN35,234,87,1
2019-04-08,IN36,554,183,11
2019-04-08,IN37,33,6,0
2019-04-08,IN38,8,4,0
2019-04-08,IN39,53,17,5
2019-04-09,IN00,64,10,1
2019-04-09,IN02,360,91,4
2019-04-09,IN03,99,21,0
2019-04-09,IN06,1,1,0
2019-04-09,IN07,1138,357,19
2019-04-09,IN09,235,100,1
2019-04-09,IN10,133,32,0
2019-04-09,IN11,43,2,0
2019-04-09,IN12,737,323,14
2019-04-09,IN13,303,159,3
2019-04-09,IN14,2,2,0
2019-04-09,IN16,895,296,12
2019-04-09,IN17,33,0,0
2019-04-09,IN18,3,1,0
2019-04-09,IN19,394,145,12
2019-04-09,IN20,22,14,1
2019-04-09,IN21,136,44,1
2019-04-09,IN22,8,5,0
2019-04-09,IN23,212,73,0
2019-04-09,IN24,171,42,3
2019-04-09,IN25,359,112,4
2019-04-09,IN26,40,9,0
2019-04-09,IN28,141,52,6
2019-04-09,IN30,15,7,3
2019-04-09,IN33,36,11,0
2019-04-09,IN34,175,66,2
2019-04-09,IN35,296,116,7
2019-04-09,IN36,608,219,7
2019-04-09,IN37,220,102,2
2019-04-09,IN38,35,12,0
2019-04-09,IN39,45,15,3
2019-04-10,IN00,110,41,3
2019-04-10,IN01,6,3,0
2019-04-10,IN02,341,126,11
2019-04-10,IN03,90,27,0
2019-04-10,IN06,9,1,0
2019-04-10,IN07,1215,389,25
2019-04-10,IN09,314,125,13
2019-04-10,IN10,85,23,1
2019-04-10,IN11,64,5,0
2019-04-10,IN12,664,312,12
2019-04-10,IN13,245,107,9
2019-04-10,IN14,4,1,0
2019-04-10,IN16,666,225,8
2019-04-10,IN17,13,6,0
2019-04-10,IN18,1,0,0
2019-04-10,IN19,335,129,14
2019-04-10,IN20,43,11,0
2019-04-10,IN21,140,31,2
2019-04-10,IN22,4,1,0
2019-04-10,IN23,222,82,4
2019-04-10,IN24,115,27,0
2019-04-10,IN25,235,72,2
2019-04-10,IN26,40,22,2
2019-04-10,IN28,200,90,11
2019-04-10,IN30,18,14,1
2019-04-10,IN31,2,1,1
2019-04-10,IN33,38,16,1
2019-04-10,IN34,162,73,10
2019-04-10,IN35,181,54,10
2019-04-10,IN36,655,265,14
2019-04-10,IN37,162,83,4
2019-04-10,IN38,50,26,0
2019-04-10,IN39,50,25,5
2019-04-11,IN00,116,33,3
2019-04-11,IN01,9,4,0
2019-04-11,IN02,483,250,9
2019-04-11,IN03,127,27,4
2019-04-11,IN06,2,1,0
2019-04-11,IN07,1092,353,22
2019-04-11,IN09,279,93,8
2019-04-11,IN10,86,30,0
2019-04-11,IN11,40,8,0
2019-04-11,IN12,585,251,5
2019-04-11,IN13,153,43,5
2019-04-11,IN14,19,2,0
2019-04-11,IN16,649,218,12
2019-04-11,IN17,5,3,0
2019-04-11,IN18,8,2,0
2019-04-11,IN19,380,113,11
2019-04-11,IN20,24,1,0
2019-04-11,IN21,123,35,0
2019-04-11,IN22,2,0,0
2019-04-11,IN23,140,53,3
2019-04-11,IN24,126,40,0
2019-04-11,IN25,292,95,5
2019-04-11,IN26,44,9,0
2019-04-11,IN28,260,96,5
2019-04-11,IN30,15,5,0
2019-04-11,IN31,4,2,0
2019-04-11,IN33,31,9,0
2019-04-11,IN34,197,87,10
2019-04-11,IN35,120,59,4
2019-04-11,IN36,834,278,8
2019-04-11,IN37,104,60,3
2019-04-11,IN38,5,2,0
2019-04-11,IN39,92,28,4
2019-04-12,IN00,110,41,1
2019-04-12,IN01,11,3,0
2019-04-12,IN02,329,131,6
2019-04-12,IN03,44,10,0
2019-04-12,IN07,1165,359,17
2019-04-12,IN09,253,74,0
2019-04-12,IN10,113,40,6
2019-04-12,IN11,50,10,0
2019-04-12,IN12,489,256,7
2019-04-12,IN13,183,73,1
2019-04-12,IN14,7,1,0
2019-04-12,IN16,807,272,16
2019-04-12,IN17,2,2,0
2019-04-12,IN18,1,0,0
2019-04-12,IN19,322,101,2
2019-04-12,IN20,15,3,0
2019-04-12,IN21,110,18,4
2019-04-12,IN22,5,2,0
2019-04-12,IN23,185,53,3
2019-04-12,IN24,107,57,1
2019-04-12,IN25,379,159,6
2019-04-12,IN26,69,29,0
2019-04-12,IN28,278,84,7
2019-04-12,IN31,3,2,0
2019-04-12,IN33,18,2,0
2019-04-12,IN34,256,62,3
2019-04-12,IN35,127,44,1
2019-04-12,IN36,795,238,8
2019-04-12,IN37,86,31,2
2019-04-12,IN38,51,16,0
2019-04-12,IN39,45,18,0
2019-04-13,IN00,92,26,1
2019-04-13,IN01,2,0,0
2019-04-13,IN02,186,69,2
2019-04-13,IN03,36,11,1
2019-04-13,IN06,2,0,0
2019-04-13,IN07,881,298,20
2019-04-13,IN09,155,48,3
2019-04-13,IN10,98,38,1
2019-04-13,IN11,27,3,0
2019-04-13,IN12,361,172,11
2019-04-13,IN13,144,47,2
2019-04-13,IN14,20,2,0
2019-04-13,IN16,690,265,13
2019-04-13,IN17,6,1,0
2019-04-13,IN19,401,95,15
2019-04-13,IN20,11,4,0
2019-04-13,IN21,114,22,1
2019-04-13,IN22,2,1,0
2019-04-13,IN23,620,167,6
2019-04-13,IN24,98,30,0
2019-04-13,IN25,343,118,6
2019-04-13,IN26,50,16,4
2019-04-13,IN28,227,90,10
2019-04-13,IN30,4,0,0
2019-04-13,IN33,16,5,0
2019-04-13,IN34,233,82,6
2019-04-13,IN35,181,65,5
2019-04-13,IN36,596,221,17
2019-04-13,IN37,44,17,0
2019-04-13,IN38,13,2,0
2019-04-13,IN39,28,7,0
2019-04-14,IN00,87,22,0
2019-04-14,IN01,4,0,0
2019-04-14,IN02,145,37,0
2019-04-14,IN03,37,2,0
2019-04-14,IN07,751,290,16
2019-04-14,IN09,162,55,1
2019-04-14,IN10,66,18,0
2019-04-14,IN11,8,1,0
2019-04-14,IN12,537,259,8
2019-04-14,IN13,126,35,2
2019-04-14,IN16,419,145,7
2019-04-14,IN18,2,1,0
2019-04-14,IN19,369,116,13
2019-04-14,IN21,84,12,0
2019-04-14,IN22,4,0,0
2019-04-14,IN23,314,100,3
2019-04-14,IN24,97,21,1
2019-04-14,IN25,183,37,6
2019-04-14,IN26,17,7,0
2019-04-14,IN28,165,45,6
2019-04-14,IN33,26,10,1
2019-04-14,IN34,225,64,2
2019-04-14,IN35,114,46,0
2019-04-14,IN36,407,121,1
2019-04-14,IN37,11,4,0
2019-04-14,IN38,5,2,0
2019-04-14,IN39,23,5,0
2019-04-15,IN00,120,39,3
2019-04-15,IN01,5,0,0
2019-04-15,IN02,192,61,4
2019-04-15,IN03,34,14,0
2019-04-15,IN06,14,0,0
2019-04-15,IN07,867,275,7
2019-04-15,IN09,192,42,1
2019-04-15,IN10,94,22,1
2019-04-15,IN11,25,12,0
2019-04-15,IN12,420,200,1
2019-04-15,IN13,91,40,3
2019-04-15,IN16,697,206,11
2019-04-15,IN17,7,4,0
2019-04-15,IN18,1,0,0
2019-04-15,IN19,382,116,4
2019-04-15,IN20,17,2,0
2019-04-15,IN21,151,42,1
2019-04-15,IN23,137,31,2
2019-04-15,IN24,101,24,1
2019-04-15,IN25,309,97,4
2019-04-15,IN26,15,6,0
2019-04-15,IN28,101,42,17
2019-04-15,IN30,2,0,0
2019-04-15,IN33,35,11,0
2019-04-15,IN34,176,55,4
2019-04-15,IN35,98,37,1
2019-04-15,IN36,790,306,10
2019-04-15,IN37,42,11,0
2019-04-15,IN38,18,4,1
2019-04-15,IN39,31,6,0
2019-04-16,IN00,95,34,0
2019-04-16,IN02,169,46,1
2019-04-16,IN03,59,8,1
2019-04-16,IN06,9,0,0
2019-04-16,IN07,1060,307,8
2019-04-16,IN09,220,60,1
2019-04-16,IN10,128,53,0
2019-04-16,IN11,43,21,4
2019-04-16,IN12,360,168,10
2019-04-16,IN13,410,98,0
2019-04-16,IN16,744,231,20
2019-04-16,IN17,14,6,0
2019-04-16,IN19,440,139,18
2019-04-16,IN20,38,14,0
2019-04-16,IN21,185,64,2
2019-04-16,IN22,6,0,0
2019-04-16,IN23,138,36,3
2019-04-16,IN24,154,51,1
2019-04-16,IN25,556,213,12
2019-04-16,IN26,43,20,1
2019-04-16,IN28,222,81,2
2019-04-16,IN30,4,0,0
2019-04-16,IN31,2,2,0
2019-04-16,IN33,24,6,0
2019-04-16,IN34,160,75,1
2019-04-16,IN35,138,58,1
2019-04-16,IN36,798,314,15
2019-04-16,IN37,61,23,2
2019-04-16,IN38,28,14,0
2019-04-16,IN39,46,16,1
2019-04-17,IN00,89,35,1
2019-04-17,IN01,5,3,0
2019-04-17,IN02,206,63,4
2019-04-17,IN03,42,17,2
2019-04-17,IN06,3,0,0
2019-04-17,IN07,876,273,11
2019-04-17,IN09,275,77,0
2019-04-17,IN10,138,41,0
2019-04-17,IN11,21,9,3
2019-04-17,IN12,360,180,7
2019-04-17,IN13,269,96,2
2019-04-17,IN14,1,0,0
2019-04-17,IN16,960,345,8
2019-04-17,IN17,20,7,0
2019-04-17,IN18,4,1,0
2019-04-17,IN19,432,137,2
2019-04-17,IN20,13,6,0
2019-04-17,IN21,159,51,0
2019-04-17,IN22,16,8,0
2019-04-17,IN23,149,44,1
2019-04-17,IN24,196,73,6
2019-04-17,IN25,670,263,1
2019-04-17,IN26,33,14,0
2019-04-17,IN28,284,102,0
2019-04-17,IN30,1,0,0
2019-04-17,IN31,6,1,0
2019-04-17,IN33,21,7,1
2019-04-17,IN34,188,77,3
2019-04-17,IN35,392,169,1
2019-04-17,IN36,626,240,7
2019-04-17,IN37,58,22,0
2019-04-17,IN38,13,7,0
2019-04-17,IN39,42,12,0
2019-04-18,IN00,102,38,4
2019-04-18,IN01,1,0,0
2019-04-18,IN02,193,57,0
2019-04-18,IN03,89,28,2
2019-04-18,IN06,5,3,0
2019-04-18,IN07,909,283,14
2019-04-18,IN09,257,56,9
2019-04-18,IN10,132,31,0
2019-04-18,IN11,14,7,0
2019-04-18,IN12,505,234,7
2019-04-18,IN13,167,60,0
2019-04-18,IN16,1006,305,9
2019-04-18,IN17,16,7,0
2019-04-18,IN18,3,0,0
2019-04-18,IN19,568,223,7
2019-04-18,IN20,7,6,0
2019-04-18,IN21,176,77,0
2019-04-18,IN22,68,30,3
2019-04-18,IN23,192,75,2
2019-04-18,IN24,111,51,8
2019-04-18,IN25,620,257,29
2019-04-18,IN26,47,19,0
2019-04-18,IN28,389,156,6
2019-04-18,IN30,3,2,0
2019-04-18,IN31,4,1,0
2019-04-18,IN33,18,0,0
2019-04-18,IN34,284,96,7
2019-04-18,IN35,325,177,2
2019-04-18,IN36,678,252,13
2019-04-18,IN37,100,47,0
2019-04-18,IN38,7,4,0
2019-04-18,IN39,41,9,0
2019-04-19,IN00,56,11,0
2019-04-19,IN01,3,3,3
2019-04-19,IN02,163,37,1
2019-04-19,IN03,28,14,2
2019-04-19,IN05,6,1,0
2019-04-19,IN07,759,242,13
2019-04-19,IN09,452,181,1
2019-04-19,IN10,96,31,0
2019-04-19,IN11,24,12,2
2019-04-19,IN12,440,211,11
2019-04-19,IN13,212,72,0
2019-04-19,IN16,1032,410,14
2019-04-19,IN17,6,0,0
2019-04-19,IN19,353,129,1
2019-04-19,IN21,105,44,2
2019-04-19,IN22,4,2,0
2019-04-19,IN23,155,56,9
2019-04-19,IN24,286,69,6
2019-04-19,IN25,296,116,4
2019-04-19,IN26,19,12,0
2019-04-19,IN28,204,77,5
2019-04-19,IN29,3,0,0
2019-04-19,IN31,3,0,0
2019-04-19,IN33,6,0,0
2019-04-19,IN34,158,61,4
2019-04-19,IN35,430,237,0
2019-04-19,IN36,622,225,23
2019-04-19,IN37,50,21,0
2019-04-19,IN38,18,10,0
2019-04-19,IN39,51,15,0
2019-04-20,IN00,62,21,1
2019-04-20,IN01,3,0,0
2019-04-20,IN02,159,48,3
2019-04-20,IN03,35,15,1
2019-04-20,IN06,2,1,0
2019-04-20,IN07,980,347,35
2019-04-20,IN09,301,102,3
2019-04-20,IN10,129,41,0
2019-04-20,IN11,10,4,0
2019-04-20,IN12,390,185,23
2019-04-20,IN13,115,42,0
2019-04-20,IN16,719,315,11
2019-04-20,IN17,13,1,0
2019-04-20,IN19,249,88,1
2019-04-20,IN20,11,2,0
2019-04-20,IN21,51,26,0
2019-04-20,IN22,14,0,0
2019-04-20,IN23,120,61,3
2019-04-20,IN24,161,67,3
2019-04-20,IN25,180,55,3
2019-04-20,IN26,5,1,1
2019-04-20,IN28,194,43,7
2019-04-20,IN30,4,2,0
2019-04-20,IN31,14,12,2
2019-04-20,IN33,24,3,0
2019-04-20,IN34,250,113,1
2019-04-20,IN35,358,190,3
2019-04-20,IN36,559,251,7
2019-04-20,IN37,47,25,0
2019-04-20,IN38,14,7,1
2019-04-20,IN39,28,7,0
2019-04-21,IN00,47,14,0
2019-04-21,IN01,1,1,0
2019-04-21,IN02,177,47,1
2019-04-21,IN03,19,5,0
2019-04-21,IN06,1,1,0
2019-04-21,IN07,747,278,16
2019-04-21,IN09,206,65,4
2019-04-21,IN10,90,36,0
2019-04-21,IN11,4,3,0
2019-04-21,IN12,258,98,6
2019-04-21,IN13,208,90,8
2019-04-21,IN16,605,244,13
2019-04-21,IN17,5,2,0
2019-04-21,IN18,4,0,0
2019-04-21,IN19,154,48,3
2019-04-21,IN20,11,3,0
2019-04-21,IN21,117,33,1
2019-04-21,IN23,100,45,5
2019-04-21,IN24,156,57,1
2019-04-21,IN25,184,50,0
2019-04-21,IN26,38,15,0
2019-04-21,IN28,181,75,5
2019-04-21,IN33,29,10,0
2019-04-21,IN34,179,85,1
2019-04-21,IN35,276,136,2
2019-04-21,IN36,353,137,1
2019-04-21,IN37,33,13,0
2019-04-21,IN38,41,14,0
2019-04-21,IN39,50,4,0
2019-04-22,IN00,120,40,1
2019-04-22,IN01,7,0,0
2019-04-22,IN02,167,50,2
2019-04-22,IN03,32,7,0
2019-04-22,IN06,11,6,1
2019-04-22,IN07,1040,337,29
2019-04-22,IN09,311,109,3
2019-04-22,IN10,94,42,1
2019-04-22,IN11,38,3,0
2019-04-22,IN12,391,182,10
2019-04-22,IN13,302,107,6
2019-04-22,IN14,1,0,0
2019-04-22,IN16,848,320,28
2019-04-22,IN17,14,3,0
2019-04-22,IN18,3,0,0
2019-04-22,IN19,490,143,12
2019-04-22,IN20,15,2,0
2019-04-22,IN21,97,38,0
2019-04-22,IN22,8,1,0
2019-04-22,IN23,115,45,2
2019-04-22,IN24,231,82,11
2019-04-22,IN25,273,83,0
2019-04-22,IN26,23,13,0
2019-04-22,IN28,210,74,2
2019-04-22,IN30,2,0,0
2019-04-22,IN33,20,2,0
2019-04-22,IN34,127,61,8
2019-04-22,IN35,288,140,1
2019-04-22,IN36,515,212,14
2019-04-22,IN37,31,6,0
2019-04-22,IN38,13,7,0
2019-04-22,IN39,36,5,0
2019-04-23,IN00,96,54,7
2019-04-23,IN01,19,7,0
2019-04-23,IN02,190,68,10
2019-04-23,IN03,43,13,0
2019-04-23,IN06,35,23,0
2019-04-23,IN07,1030,317,9
2019-04-23,IN09,658,272,10
2019-04-23,IN10,61,24,0
2019-04-23,IN11,14,2,0
2019-04-23,IN12,368,155,13
2019-04-23,IN13,234,115,1
2019-04-23,IN16,963,390,30
2019-04-23,IN17,10,3,0
2019-04-23,IN18,6,0,0
2019-04-23,IN19,528,177,15
2019-04-23,IN20,16,2,0
2019-04-23,IN21,135,65,6
2019-04-23,IN23,120,39,0
2019-04-23,IN24,158,57,3
2019-04-23,IN25,299,112,3
2019-04-23,IN26,91,50,0
2019-04-23,IN28,237,141,6
2019-04-23,IN29,1,0,0
2019-04-23,IN33,28,13,0
2019-04-23,IN34,138,66,6
2019-04-23,IN35,322,159,5
2019-04-23,IN36,620,256,5
2019-04-23,IN37,29,20,3
2019-04-23,IN38,40,14,0
2019-04-23,IN39,25,7,0
2019-04-24,IN00,65,31,0
2019-04-24,IN01,8,2,0
2019-04-24,IN02,261,86,13
2019-04-24,IN03,30,13,1
2019-04-24,IN05,1,0,0
2019-04-24,IN06,4,1,0
2019-04-24,IN07,1134,342,15
2019-04-24,IN09,276,106,5
2019-04-24,IN10,109,45,5
2019-04-24,IN11,22,8,1
2019-04-24,IN12,416,207,16
2019-04-24,IN13,162,70,7
2019-04-24,IN16,798,296,15
2019-04-24,IN17,11,1,1
2019-04-24,IN18,2,0,0
2019-04-24,IN19,342,90,0
2019-04-24,IN20,10,2,0
2019-04-24,IN21,93,35,0
2019-04-24,IN22,2,1,0
2019-04-24,IN23,122,65,3
2019-04-24,IN24,179,66,4
2019-04-24,IN25,325,100,7
2019-04-24,IN26,16,5,0
2019-04-24,IN28,263,99,7
2019-04-24,IN33,39,13,0
2019-04-24,IN34,159,67,2
2019-04-24,IN35,296,151,1
2019-04-24,IN36,614,211,5
2019-04-24,IN37,16,7,0
2019-04-24,IN38,52,19,3
2019-04-24,IN39,82,37,0
2019-04-25,IN00,66,21,1
2019-04-25,IN01,1,0,0
2019-04-25,IN02,353,121,11
2019-04-25,IN03,28,12,0
2019-04-25,IN06,6,1,0
2019-04-25,IN07,1084,340,10
2019-04-25,IN09,246,104,3
2019-04-25,IN10,121,52,1
2019-04-25,IN11,15,3,0
2019-04-25,IN12,309,139,3
2019-04-25,IN13,110,42,1
2019-04-25,IN16,730,287,14
2019-04-25,IN17,11,7,0
2019-04-25,IN18,1,0,0
2019-04-25,IN19,419,125,0
2019-04-25,IN20,12,5,0
2019-04-25,IN21,106,24,2
2019-04-25,IN22,5,3,0
2019-04-25,IN23,97,51,2
2019-04-25,IN24,193,67,13
2019-04-25,IN25,396,115,4
2019-04-25,IN26,5,0,0
2019-04-25,IN28,269,88,4
2019-04-25,IN30,8,3,0
2019-04-25,IN31,3,0,0
2019-04-25,IN33,20,9,2
2019-04-25,IN34,192,76,4
2019-04-25,IN35,316,121,6
2019-04-25,IN36,903,336,11
2019-04-25,IN37,27,5,0
2019-04-25,IN38,41,12,0
2019-04-25,IN39,68,18,0
2019-04-26,IN00,68,26,1
2019-04-26,IN01,4,0,0
2019-04-26,IN02,226,74,0
2019-04-26,IN03,57,36,0
2019-04-26,IN07,992,322,9
2019-04-26,IN09,275,127,12
2019-04-26,IN10,103,52,4
2019-04-26,IN11,64,13,0
2019-04-26,IN12,345,118,4
2019-04-26,IN13,98,35,0
2019-04-26,IN16,888,318,18
2019-04-26,IN17,1,1,0
2019-04-26,IN19,384,121,9
2019-04-26,IN20,24,7,0
2019-04-26,IN21,120,33,2
2019-04-26,IN22,15,7,0
2019-04-26,IN23,157,32,2
2019-04-26,IN24,210,75,2
2019-04-26,IN25,446,133,6
2019-04-26,IN26,35,10,0
2019-04-26,IN28,166,59,5
2019-04-26,IN30,8,3,0
2019-04-26,IN31,11,0,0
2019-04-26,IN33,17,9,0
2019-04-26,IN34,251,86,8
2019-04-26,IN35,293,130,2
2019-04-26,IN36,747,243,13
2019-04-26,IN37,27,14,0
2019-04-26,IN38,30,10,0
2019-04-26,IN39,33,7,0
2019-04-27,IN00,56,15,2
2019-04-27,IN01,14,4,0
2019-04-27,IN02,182,54,2
2019-04-27,IN03,61,24,0
2019-04-27,IN07,856,269,12
2019-04-27,IN09,280,113,6
2019-04-27,IN10,44,18,1
2019-04-27,IN11,29,10,0
2019-04-27,IN12,322,144,7
2019-04-27,IN13,77,34,0
2019-04-27,IN14,4,3,0
2019-04-27,IN16,578,196,7
2019-04-27,IN17,12,1,0
2019-04-27,IN19,295,108,4
2019-04-27,IN20,10,3,0
2019-04-27,IN21,145,54,2
2019-04-27,IN22,12,4,0
2019-04-27,IN23,115,44,5
2019-04-27,IN24,151,47,3
2019-04-27,IN25,278,103,1
2019-04-27,IN26,37,9,0
2019-04-27,IN28,206,86,4
2019-04-27,IN31,2,0,0
2019-04-27,IN33,5,3,0
2019-04-27,IN34,158,53,4
2019-04-27,IN35,259,85,3
2019-04-27,IN36,533,193,10
2019-04-27,IN37,27,11,2
2019-04-27,IN38,57,27,3
2019-04-27,IN39,35,11,0
2019-04-28,IN00,54,19,0
2019-04-28,IN02,174,72,5
2019-04-28,IN03,15,6,0
2019-04-28,IN07,646,215,3
2019-04-28,IN09,248,107,2
2019-04-28,IN10,92,48,0
2019-04-28,IN11,12,3,0
2019-04-28,IN12,283,128,9
2019-04-28,IN13,107,27,0
2019-04-28,IN16,539,173,6
2019-04-28,IN17,5,4,0
2019-04-28,IN18,7,4,0
2019-04-28,IN19,184,79,8
2019-04-28,IN20,5,1,0
2019-04-28,IN21,96,28,0
2019-04-28,IN22,4,1,0
2019-04-28,IN23,65,15,0
2019-04-28,IN24,159,79,15
2019-04-28,IN25,266,99,0
2019-04-28,IN26,39,21,0
2019-04-28,IN28,169,75,7
2019-04-28,IN30,5,0,0
2019-04-28,IN31,2,1,0
2019-04-28,IN33,19,5,0
2019-04-28,IN34,216,70,6
2019-04-28,IN35,294,104,6
2019-04-28,IN36,485,178,4
2019-04-28,IN37,14,8,0
2019-04-28,IN38,36,12,1
2019-04-28,IN39,15,8,0
2019-04-29,IN00,74,35,0
2019-04-29,IN01,18,2,0
2019-04-29,IN02,354,151,21
2019-04-29,IN03,52,14,0
2019-04-29,IN06,1,0,0
2019-04-29,IN07,793,231,10
2019-04-29,IN09,182,75,6
2019-04-29,IN10,146,50,0
2019-04-29,IN11,3,1,0
2019-04-29,IN12,382,176,8
2019-04-29,IN13,206,86,1
2019-04-29,IN14,3,2,0
2019-04-29,IN16,800,251,15
2019-04-29,IN17,3,1,0
2019-04-29,IN19,285,85,3
2019-04-29,IN20,4,3,0
2019-04-29,IN21,193,71,3
2019-04-29,IN22,8,2,0
2019-04-29,IN23,152,26,5
2019-04-29,IN24,250,91,9
2019-04-29,IN25,225,64,5
2019-04-29,IN26,51,28,1
2019-04-29,IN28,388,203,6
2019-04-29,IN30,1,0,0
2019-04-29,IN31,13,7,0
2019-04-29,IN33,14,1,0
2019-04-29,IN34,243,90,10
2019-04-29,IN35,330,114,6
2019-04-29,IN36,683,295,3
2019-04-29,IN37,15,4,0
2019-04-29,IN38,27,5,1
2019-04-29,IN39,64,13,0
2019-04-30,IN00,81,32,0
2019-04-30,IN01,10,0,0
2019-04-30,IN02,295,102,3
2019-04-30,IN03,91,31,4
2019-04-30,IN07,960,331,20
2019-04-30,IN09,280,116,3
2019-04-30,IN10,59,20,0
2019-04-30,IN11,13,1,0
2019-04-30,IN12,413,192,18
2019-04-30,IN13,257,118,2
2019-04-30,IN16,682,209,4
2019-04-30,IN17,15,0,0
2019-04-30,IN18,14,6,0
2019-04-30,IN19,369,85,2
2019-04-30,IN20,20,2,0
2019-04-30,IN21,162,61,2
2019-04-30,IN22,58,24,3
2019-04-30,IN23,91,40,3
2019-04-30,IN24,172,72,3
2019-04-30,IN25,357,128,5
2019-04-30,IN26,28,10,0
2019-04-30,IN28,326,138,4
2019-04-30,IN30,7,0,0
2019-04-30,IN33,15,12,0
2019-04-30,IN34,249,96,8
2019-04-30,IN35,254,94,3
2019-04-30,IN36,774,315,20
2019-04-30,IN37,33,16,0
2019-04-30,IN38,27,6,1
2019-04-30,IN39,40,8,0
2019-05-01,IN00,56,25,2
2019-05-01,IN01,15,4,3
2019-05-01,IN02,285,80,2
2019-05-01,IN03,33,12,0
2019-05-01,IN06,2,0,0
2019-05-01,IN07,1005,357,11
2019-05-01,IN09,279,132,1
2019-05-01,IN10,119,46,0
2019-05-01,IN11,34,9,0
2019-05-01,IN12,902,373,10
2019-05-01,IN13,172,66,4
2019-05-01,IN16,895,348,12
2019-05-01,IN17,19,1,0
2019-05-01,IN18,6,0,0
2019-05-01,IN19,279,75,5
2019-05-01,IN20,25,2,0
2019-05-01,IN21,194,63,7
2019-05-01,IN22,24,11,0
2019-05-01,IN23,221,102,2
2019-05-01,IN24,328,125,2
2019-05-01,IN25,287,84,9
2019-05-01,IN26,27,9,0
2019-05-01,IN28,151,59,5
2019-05-01,IN33,25,9,0
2019-05-01,IN34,303,91,3
2019-05-01,IN35,322,139,0
2019-05-01,IN36,724,278,10
2019-05-01,IN37,83,46,1
2019-05-01,IN38,42,18,0
2019-05-01,IN39,49,12,0
2019-05-02,IN00,108,29,0
2019-05-02,IN01,13,4,0
2019-05-02,IN02,277,110,3
2019-05-02,IN03,38,11,0
2019-05-02,IN07,981,346,6
2019-05-02,IN09,314,133,2
2019-05-02,IN10,55,15,0
2019-05-02,IN11,13,4,0
2019-05-02,IN12,760,369,8
2019-05-02,IN13,199,56,0
2019-05-02,IN14,3,1,0
2019-05-02,IN16,779,318,17
2019-05-02,IN17,22,1,0
2019-05-02,IN18,8,1,0
2019-05-02,IN19,272,74,6
2019-05-02,IN20,25,3,1
2019-05-02,IN21,217,72,0
2019-05-02,IN22,44,15,0
2019-05-02,IN23,198,97,3
2019-05-02,IN24,224,73,2
2019-05-02,IN25,276,96,5
2019-05-02,IN26,18,9,1
2019-05-02,IN28,317,103,3
2019-05-02,IN31,3,3,0
2019-05-02,IN33,10,1,0
2019-05-02,IN34,171,51,2
2019-05-02,IN35,345,182,7
2019-05-02,IN36,633,236,11
2019-05-02,IN37,99,69,1
2019-05-02,IN38,33,13,2
2019-05-02,IN39,33,11,0
2019-05-03,IN00,112,23,2
2019-05-03,IN01,18,2,0
2019-05-03,IN02,242,94,4
2019-05-03,IN03,51,17,0
2019-05-03,IN05,1,1,0
2019-05-03,IN06,4,0,0
2019-05-03,IN07,946,322,3
2019-05-03,IN09,269,100,8
2019-05-03,IN10,111,41,0
2019-05-03,IN11,19,6,2
2019-05-03,IN12,524,256,8
2019-05-03,IN13,218,115,3
2019-05-03,IN16,764,248,5
2019-05-03,IN17,4,2,0
2019-05-03,IN18,3,1,0
2019-05-03,IN19,288,65,3
2019-05-03,IN20,6,0,0
2019-05-03,IN21,275,84,0
2019-05-03,IN22,7,2,0
2019-05-03,IN23,114,53,1
2019-05-03,IN24,172,60,4
2019-05-03,IN25,244,78,3
2019-05-03,IN26,11,3,0
2019-05-03,IN28,283,68,0
2019-05-03,IN33,20,5,0
2019-05-03,IN34,224,84,0
2019-05-03,IN35,214,98,3
2019-05-03,IN36,627,237,7
2019-05-03,IN37,37,12,1
2019-05-03,IN38,43,20,2
2019-05-03,IN39,48,28,0
2019-05-04,IN00,71,23,1
2019-05-04,IN01,16,6,0
2019-05-04,IN02,181,69,5
2019-05-04,IN03,32,9,0
2019-05-04,IN06,9,5,0
2019-05-04,IN07,835,273,10
2019-05-04,IN09,172,55,4
2019-05-04,IN10,73,23,0
2019-05-04,IN11,6,3,0
2019-05-04,IN12,478,190,9
2019-05-04,IN13,188,48,1
2019-05-04,IN16,479,155,1
2019-05-04,IN17,4,0,0
2019-05-04,IN19,331,92,10
2019-05-04,IN20,9,1,0
2019-05-04,IN21,225,61,1
2019-05-04,IN22,6,2,0
2019-05-04,IN23,131,34,6
2019-05-04,IN24,169,44,4
2019-05-04,IN25,199,58,0
2019-05-04,IN26,13,3,0
2019-05-04,IN28,252,78,0
2019-05-04,IN29,1,1,0
2019-05-04,IN30,2,0,0
2019-05-04,IN33,12,9,0
2019-05-04,IN34,136,47,0
2019-05-04,IN35,127,50,0
2019-05-04,IN36,535,205,7
2019-05-04,IN37,33,16,2
2019-05-04,IN38,64,35,6
2019-05-04,IN39,36,11,0
2019-05-05,IN00,51,9,0
2019-05-05,IN01,2,0,0
2019-05-05,IN02,153,46,4
2019-05-05,IN03,39,5,0
2019-05-05,IN06,11,7,0
2019-05-05,IN07,820,328,3
2019-05-05,IN09,126,42,2
2019-05-05,IN10,124,43,0
2019-05-05,IN11,9,0,0
2019-05-05,IN12,568,270,3
2019-05-05,IN13,163,37,0
2019-05-05,IN16,398,143,5
2019-05-05,IN17,6,4,0
2019-05-05,IN18,14,0,0
2019-05-05,IN19,216,49,3
2019-05-05,IN20,28,2,0
2019-05-05,IN21,200,43,1
2019-05-05,IN22,3,0,0
2019-05-05,IN23,120,31,0
2019-05-05,IN24,76,37,1
2019-05-05,IN25,171,45,2
2019-05-05,IN26,4,2,0
2019-05-05,IN28,175,80,0
2019-05-05,IN34,133,57,0
2019-05-05,IN35,257,101,12
2019-05-05,IN36,633,267,7
2019-05-05,IN37,37,13,0
2019-05-05,IN38,23,10,0
2019-05-05,IN39,39,7,0
2019-05-06,IN00,58,20,1
2019-05-06,IN01,1,0,0
2019-05-06,IN02,272,56,3
2019-05-06,IN03,68,24,1
2019-05-06,IN07,1000,285,5
2019-05-06,IN09,221,90,11
2019-05-06,IN10,89,26,1
2019-05-06,IN11,5,1,0
2019-05-06,IN12,491,245,4
2019-05-06,IN13,295,60,2
2019-05-06,IN14,10,1,0
2019-05-06,IN16,599,213,4
2019-05-06,IN17,16,6,0
2019-05-06,IN18,6,2,1
2019-05-06,IN19,346,80,5
2019-05-06,IN20,19,5,0
2019-05-06,IN21,201,16,2
2019-05-06,IN22,2,2,0
2019-05-06,IN23,84,23,0
2019-05-06,IN24,224,75,9
2019-05-06,IN25,236,58,1
2019-05-06,IN26,7,5,0
2019-05-06,IN28,278,101,0
2019-05-06,IN31,5,4,0
2019-05-06,IN33,9,4,0
2019-05-06,IN34,197,74,2
2019-05-06,IN35,206,106,14
2019-05-06,IN36,685,276,6
2019-05-06,IN37,46,18,0
2019-05-06,IN38,61,21,2
2019-05-06,IN39,42,10,0
2019-05-07,IN00,69,15,0
2019-05-07,IN01,8,0,0
2019-05-07,IN02,263,52,1
2019-05-07,IN03,57,6,0
2019-05-07,IN06,1,1,0
2019-05-07,IN07,1267,414,60
2019-05-07,IN09,112,28,1
2019-05-07,IN10,196,73,2
2019-05-07,IN11,23,8,0
2019-05-07,IN12,258,105,3
2019-05-07,IN13,205,42,1
2019-05-07,IN16,757,231,5
2019-05-07,IN17,4,0,0
2019-05-07,IN19,422,104,9
2019-05-07,IN20,10,1,0
2019-05-07,IN21,218,73,32
2019-05-07,IN22,20,2,0
2019-05-07,IN23,76,28,0
2019-05-07,IN24,140,67,4
2019-05-07,IN25,341,89,4
2019-05-07,IN26,24,8,0
2019-05-07,IN28,335,126,6
2019-05-07,IN30,5,0,0
2019-05-07,IN31,4,0,0
2019-05-07,IN33,13,1,0
2019-05-07,IN34,170,65,5
2019-05-07,IN35,194,84,8
2019-05-07,IN36,461,191,6
2019-05-07,IN37,48,20,6
2019-05-07,IN38,17,5,1
2019-05-07,IN39,63,18,0
2019-05-08,IN00,94,41,5
2019-05-08,IN01,12,2,0
2019-05-08,IN02,265,63,2
2019-05-08,IN03,86,30,0
2019-05-08,IN06,3,0,0
2019-05-08,IN07,1169,344,33
2019-05-08,IN09,111,24,0
2019-05-08,IN10,172,57,7
2019-05-08,IN11,39,10,0
2019-05-08,IN12,232,89,9
2019-05-08,IN13,156,43,1
2019-05-08,IN14,4,0,0
2019-05-08,IN16,661,218,12
2019-05-08,IN17,6,2,0
2019-05-08,IN19,284,48,1
2019-05-08,IN20,12,0,0
2019-05-08,IN21,106,26,2
2019-05-08,IN22,15,5,0
2019-05-08,IN23,122,57,1
2019-05-08,IN24,217,81,5
2019-05-08,IN25,255,97,0
2019-05-08,IN26,67,30,3
2019-05-08,IN28,244,83,0
2019-05-08,IN30,4,4,0
2019-05-08,IN31,5,3,0
2019-05-08,IN33,7,2,0
2019-05-08,IN34,146,62,6
2019-05-08,IN35,289,132,6
2019-05-08,IN36,463,191,7
2019-05-08,IN37,22,11,1
2019-05-08,IN38,61,29,0
2019-05-08,IN39,43,25,0
2019-05-09,IN00,103,26,1
2019-05-09,IN01,14,7,0
2019-05-09,IN02,174,45,0
2019-05-09,IN03,97,36,2
2019-05-09,IN05,1,1,0
2019-05-09,IN06,5,1,0
2019-05-09,IN07,1117,356,19
2019-05-09,IN09,174,62,5
2019-05-09,IN10,124,31,2
2019-05-09,IN11,43,8,0
2019-05-09,IN12,243,97,3
2019-05-09,IN13,170,35,1
2019-05-09,IN14,122,25,0
2019-05-09,IN16,741,215,5
2019-05-09,IN19,317,100,12
2019-05-09,IN20,17,0,0
2019-05-09,IN21,103,21,0
2019-05-09,IN22,8,3,3
2019-05-09,IN23,76,26,2
2019-05-09,IN24,187,108,20
2019-05-09,IN25,298,140,0
2019-05-09,IN26,20,4,0
2019-05-09,IN28,330,105,10
2019-05-09,IN30,6,5,2
2019-05-09,IN33,5,0,0
2019-05-09,IN34,167,75,1
2019-05-09,IN35,267,107,13
2019-05-09,IN36,671,299,18
2019-05-09,IN37,22,5,3
2019-05-09,IN38,27,11,0
2019-05-09,IN39,35,1,0
2019-05-10,IN00,70,17,0
2019-05-10,IN01,7,3,0
2019-05-10,IN02,182,58,4
2019-05-10,IN03,79,19,3
2019-05-10,IN06,2,0,0
2019-05-10,IN07,1068,330,22
2019-05-10,IN09,269,122,5
2019-05-10,IN10,165,51,1
2019-05-10,IN11,57,14,3
2019-05-10,IN12,285,120,0
2019-05-10,IN13,180,62,1
2019-05-10,IN14,84,21,0
2019-05-10,IN16,732,214,10
2019-05-10,IN17,8,3,0
2019-05-10,IN18,3,3,0
2019-05-10,IN19,270,68,2
2019-05-10,IN20,57,6,1
2019-05-10,IN21,105,18,0
2019-05-10,IN22,40,22,0
2019-05-10,IN23,170,67,14
2019-05-10,IN24,251,120,14
2019-05-10,IN25,286,92,4
2019-05-10,IN26,9,1,0
2019-05-10,IN28,295,99,6
2019-05-10,IN30,7,5,0
2019-05-10,IN33,11,1,0
2019-05-10,IN34,181,58,5
2019-05-10,IN35,205,76,1
2019-05-10,IN36,525,182,7
2019-05-10,IN37,40,16,1
2019-05-10,IN38,16,8,4
2019-05-10,IN39,27,4,0
2019-05-11,IN00,113,28,2
2019-05-11,IN01,2,0,0
2019-05-11,IN02,259,75,7
2019-05-11,IN03,32,5,0
2019-05-11,IN06,9,2,0
2019-05-11,IN07,695,230,15
2019-05-11,IN09,159,61,0
2019-05-11,IN10,123,64,7
2019-05-11,IN11,21,8,0
2019-05-11,IN12,234,125,10
2019-05-11,IN13,67,11,0
2019-05-11,IN14,6,2,0
2019-05-11,IN16,478,140,5
2019-05-11,IN17,3,2,2
2019-05-11,IN18,9,6,0
2019-05-11,IN19,266,88,4
2019-05-11,IN20,10,1,0
2019-05-11,IN21,95,17,2
2019-05-11,IN22,8,5,0
2019-05-11,IN23,125,37,6
2019-05-11,IN24,241,95,8
2019-05-11,IN25,213,63,1
2019-05-11,IN26,21,9,0
2019-05-11,IN28,252,114,11
2019-05-11,IN29,3,1,0
2019-05-11,IN33,38,7,0
2019-05-11,IN34,209,76,8
2019-05-11,IN35,314,97,4
2019-05-11,IN36,456,181,5
2019-05-11,IN37,31,13,2
2019-05-11,IN38,26,12,0
2019-05-11,IN39,24,10,0
2019-05-12,IN00,63,29,1
2019-05-12,IN01,1,1,0
2019-05-12,IN02,171,53,3
2019-05-12,IN03,29,5,0
2019-05-12,IN06,1,0,0
2019-05-12,IN07,856,247,4
2019-05-12,IN09,97,44,0
2019-05-12,IN10,103,45,3
2019-05-12,IN11,23,7,0
2019-05-12,IN12,320,187,1
2019-05-12,IN13,103,17,0
2019-05-12,IN14,14,5,0
2019-05-12,IN16,404,148,7
2019-05-12,IN17,5,0,0
2019-05-12,IN18,1,0,0
2019-05-12,IN19,160,52,1
2019-05-12,IN20,15,0,0
2019-05-12,IN21,62,20,0
2019-05-12,IN22,6,1,0
2019-05-12,IN23,82,30,2
2019-05-12,IN24,158,75,2
2019-05-12,IN25,122,23,0
2019-05-12,IN26,15,5,0
2019-05-12,IN28,419,242,27
2019-05-12,IN30,2,0,0
2019-05-12,IN33,4,0,0
2019-05-12,IN34,114,40,5
2019-05-12,IN35,256,101,4
2019-05-12,IN36,407,209,10
2019-05-12,IN37,55,30,3
2019-05-12,IN38,24,16,1
2019-05-12,IN39,35,11,0
2019-05-13,IN00,99,42,3
2019-05-13,IN01,3,3,0
2019-05-13,IN02,263,56,7
2019-05-13,IN03,34,10,3
2019-05-13,IN06,3,1,0
2019-05-13,IN07,907,281,8
2019-05-13,IN09,145,51,1
2019-05-13,IN10,101,51,0
2019-05-13,IN11,36,14,3
2019-05-13,IN12,222,129,15
2019-05-13,IN13,144,23,1
2019-05-13,IN16,519,127,0
2019-05-13,IN17,7,2,2
2019-05-13,IN18,5,5,2
2019-05-13,IN19,295,75,4
2019-05-13,IN21,119,29,1
2019-05-13,IN22,4,1,0
2019-05-13,IN23,208,78,9
2019-05-13,IN24,201,92,3
2019-05-13,IN25,477,131,2
2019-05-13,IN26,1,0,0
2019-05-13,IN28,534,256,51
2019-05-13,IN31,1,1,0
2019-05-13,IN33,6,1,0
2019-05-13,IN34,122,52,4
2019-05-13,IN35,299,113,1
2019-05-13,IN36,509,210,17
2019-05-13,IN37,32,6,0
2019-05-13,IN38,4,0,0
2019-05-13,IN39,73,23,6
2019-05-14,IN00,77,32,0
2019-05-14,IN01,11,0,0
2019-05-14,IN02,282,69,3
2019-05-14,IN03,39,5,0
2019-05-14,IN06,3,0,0
2019-05-14,IN07,1358,373,8
2019-05-14,IN09,171,74,0
2019-05-14,IN10,107,43,0
2019-05-14,IN11,40,7,5
2019-05-14,IN12,345,209,24
2019-05-14,IN13,129,34,1
2019-05-14,IN14,15,1,0
2019-05-14,IN16,667,233,10
2019-05-14,IN18,2,1,0
2019-05-14,IN19,381,97,3
2019-05-14,IN20,5,1,0
2019-05-14,IN21,72,21,1
2019-05-14,IN22,6,4,0
2019-05-14,IN23,123,58,5
2019-05-14,IN24,192,80,4
2019-05-14,IN25,497,168,2
2019-05-14,IN26,21,0,0
2019-05-14,IN28,627,346,42
2019-05-14,IN33,16,4,0
2019-05-14,IN34,275,99,9
2019-05-14,IN35,293,95,7
2019-05-14,IN36,574,237,12
2019-05-14,IN37,43,14,0
2019-05-14,IN38,29,7,0
2019-05-14,IN39,47,8,1
2019-05-15,IN00,79,30,1
2019-05-15,IN01,2,1,0
2019-05-15,IN02,186,48,2
2019-05-15,IN03,79,41,0
2019-05-15,IN06,5,0,0
2019-05-15,IN07,1276,466,33
2019-05-15,IN09,134,46,1
2019-05-15,IN10,54,31,0
2019-05-15,IN11,52,24,0
2019-05-15,IN12,219,96,6
2019-05-15,IN13,70,9,0
2019-05-15,IN14,1,0,0
2019-05-15,IN16,663,219,2
2019-05-15,IN18,1,0,0
2019-05-15,IN19,311,67,0
2019-05-15,IN20,18,7,0
2019-05-15,IN21,120,23,1
2019-05-15,IN22,7,4,0
2019-05-15,IN23,125,48,8
2019-05-15,IN24,178,58,5
2019-05-15,IN25,277,102,0
2019-05-15,IN26,28,9,0
2019-05-15,IN28,1097,626,73
2019-05-15,IN30,4,0,0
2019-05-15,IN33,16,6,0
2019-05-15,IN34,189,60,4
2019-05-15,IN35,146,50,6
2019-05-15,IN36,490,198,15
2019-05-15,IN37,44,22,4
2019-05-15,IN38,30,8,0
2019-05-15,IN39,33,8,0
2019-05-16,IN00,79,24,0
2019-05-16,IN01,4,0,0
2019-05-16,IN02,227,58,4
2019-05-16,IN03,99,36,0
2019-05-16,IN05,1,1,0
2019-05-16,IN06,3,0,0
2019-05-16,IN07,1005,308,21
2019-05-16,IN09,143,52,2
2019-05-16,IN10,57,19,2
2019-05-16,IN11,33,3,0
2019-05-16,IN12,369,219,18
2019-05-16,IN13,92,28,0
2019-05-16,IN14,1,0,0
2019-05-16,IN16,786,285,7
2019-05-16,IN17,18,9,0
2019-05-16,IN18,1,0,0
2019-05-16,IN19,280,64,0
2019-05-16,IN20,6,3,0
2019-05-16,IN21,110,21,2
2019-05-16,IN22,1,0,0
2019-05-16,IN23,195,70,4
2019-05-16,IN24,217,89,6
2019-05-16,IN25,314,100,4
2019-05-16,IN26,28,20,1
2019-05-16,IN28,798,475,50
2019-05-16,IN30,4,0,0
2019-05-16,IN33,7,2,0
2019-05-16,IN34,230,86,9
2019-05-16,IN35,330,165,1
2019-05-16,IN36,528,209,24
2019-05-16,IN37,36,8,0
2019-05-16,IN38,31,6,1
2019-05-16,IN39,25,12,0
2019-05-17,IN00,77,21,0
2019-05-17,IN02,195,55,4
2019-05-17,IN03,60,29,0
2019-05-17,IN06,1,1,0
2019-05-17,IN07,972,304,20
2019-05-17,IN09,156,77,1
2019-05-17,IN10,122,46,1
2019-05-17,IN11,45,12,0
2019-05-17,IN12,322,187,3
2019-05-17,IN13,104,45,2
2019-05-17,IN16,787,310,12
2019-05-17,IN17,2,0,0
2019-05-17,IN19,320,88,3
2019-05-17,IN20,10,7,0
2019-05-17,IN21,119,35,5
2019-05-17,IN22,3,3,0
2019-05-17,IN23,167,76,1
2019-05-17,IN24,138,56,1
2019-05-17,IN25,275,91,1
2019-05-17,IN26,13,8,0
2019-05-17,IN28,494,197,17
2019-05-17,IN30,2,0,0
2019-05-17,IN31,5,0,0
2019-05-17,IN33,5,1,0
2019-05-17,IN34,317,119,1
2019-05-17,IN35,492,191,3
2019-05-17,IN36,623,223,16
2019-05-17,IN37,21,8,0
2019-05-17,IN38,42,15,0
2019-05-17,IN39,46,17,2
2019-05-18,IN00,74,34,4
2019-05-18,IN01,5,2,0
2019-05-18,IN02,205,61,5
2019-05-18,IN03,31,10,0
2019-05-18,IN05,2,0,0
2019-05-18,IN06,1,0,0
2019-05-18,IN07,803,206,10
2019-05-18,IN09,130,28,0
2019-05-18,IN10,54,19,0
2019-05-18,IN11,64,16,1
2019-05-18,IN12,164,85,1
2019-05-18,IN13,105,42,2
2019-05-18,IN14,4,0,0
2019-05-18,IN16,483,187,12
2019-05-18,IN17,5,1,0
2019-05-18,IN19,346,96,3
2019-05-18,IN20,20,11,0
2019-05-18,IN21,84,37,5
2019-05-18,IN22,3,2,0
2019-05-18,IN23,101,32,2
2019-05-18,IN24,96,53,1
2019-05-18,IN25,196,58,2
2019-05-18,IN26,29,10,0
2019-05-18,IN28,341,119,7
2019-05-18,IN33,16,7,1
2019-05-18,IN34,207,100,0
2019-05-18,IN35,276,125,8
2019-05-18,IN36,724,205,30
2019-05-18,IN37,19,12,0
2019-05-18,IN38,41,21,0
2019-05-18,IN39,275,17,0
2019-05-19,IN00,99,30,0
2019-05-19,IN01,3,0,0
2019-05-19,IN02,174,37,0
2019-05-19,IN03,38,8,0
2019-05-19,IN06,1,0,0
2019-05-19,IN07,728,219,4
2019-05-19,IN09,140,55,5
2019-05-19,IN10,70,32,2
2019-05-19,IN11,79,21,0
2019-05-19,IN12,251,106,2
2019-05-19,IN13,57,19,1
2019-05-19,IN14,9,3,0
2019-05-19,IN16,370,111,3
2019-05-19,IN17,1,0,0
2019-05-19,IN18,4,2,0
2019-05-19,IN19,182,51,0
2019-05-19,IN20,44,9,0
2019-05-19,IN21,82,30,1
2019-05-19,IN22,3,3,0
2019-05-19,IN23,181,68,2
2019-05-19,IN24,92,20,0
2019-05-19,IN25,192,67,2
2019-05-19,IN26,22,2,0
2019-05-19,IN28,472,254,11
2019-05-19,IN33,15,3,0
2019-05-19,IN34,289,126,0
2019-05-19,IN35,249,113,6
2019-05-19,IN36,686,239,17
2019-05-19,IN37,64,17,0
2019-05-19,IN38,10,8,0
2019-05-19,IN39,225,50,0
2019-05-20,IN00,131,59,0
2019-05-20,IN01,2,2,0
2019-05-20,IN02,240,63,1
2019-05-20,IN03,41,9,0
2019-05-20,IN07,1235,336,11
2019-05-20,IN09,153,47,1
2019-05-20,IN10,65,21,2
2019-05-20,IN11,24,0,0
2019-05-20,IN12,306,136,1
2019-05-20,IN13,95,25,0
2019-05-20,IN16,563,214,4
2019-05-20,IN19,316,68,6
2019-05-20,IN20,28,10,0
2019-05-20,IN21,88,24,6
2019-05-20,IN22,3,0,0
2019-05-20,IN23,71,39,4
2019-05-20,IN24,106,34,0
2019-05-20,IN25,333,108,0
2019-05-20,IN26,14,7,0
2019-05-20,IN28,401,135,8
2019-05-20,IN30,6,1,0
2019-05-20,IN33,13,7,1
2019-05-20,IN34,156,57,1
2019-05-20,IN35,292,106,5
2019-05-20,IN36,560,165,3
2019-05-20,IN37,30,7,0
2019-05-20,IN38,14,5,0
2019-05-20,IN39,149,56,4
2019-05-21,IN00,126,44,0
2019-05-21,IN01,3,0,0
2019-05-21,IN02,184,49,0
2019-05-21,IN03,93,37,2
2019-05-21,IN06,4,2,0
2019-05-21,IN07,1426,362,27
2019-05-21,IN09,207,59,3
2019-05-21,IN10,46,17,0
2019-05-21,IN11,25,8,0
2019-05-21,IN12,312,139,1
2019-05-21,IN13,126,38,0
2019-05-21,IN14,1,0,0
2019-05-21,IN16,621,181,5
2019-05-21,IN17,4,1,0
2019-05-21,IN18,1,0,0
2019-05-21,IN19,440,120,1
2019-05-21,IN20,36,14,0
2019-05-21,IN21,110,30,1
2019-05-21,IN22,3,1,0
2019-05-21,IN23,117,47,0
2019-05-21,IN24,186,19,0
2019-05-21,IN25,486,123,5
2019-05-21,IN26,21,9,0
2019-05-21,IN28,319,126,7
2019-05-21,IN30,48,34,0
2019-05-21,IN31,18,1,0
2019-05-21,IN33,28,14,0
2019-05-21,IN34,215,48,3
2019-05-21,IN35,261,93,0
2019-05-21,IN36,488,132,5
2019-05-21,IN37,29,15,0
2019-05-21,IN38,24,6,0
2019-05-21,IN39,90,16,0
2019-05-22,IN00,136,59,3
2019-05-22,IN01,10,4,0
2019-05-22,IN02,244,92,2
2019-05-22,IN03,70,34,0
2019-05-22,IN06,3,1,0
2019-05-22,IN07,1113,301,2
2019-05-22,IN09,122,22,1
2019-05-22,IN10,96,32,0
2019-05-22,IN11,27,12,1
2019-05-22,IN12,355,153,4
2019-05-22,IN13,171,50,0
2019-05-22,IN14,2,0,0
2019-05-22,IN16,682,170,5
2019-05-22,IN17,3,1,0
2019-05-22,IN19,350,88,1
2019-05-22,IN20,57,15,0
2019-05-22,IN21,112,17,1
2019-05-22,IN22,6,1,0
2019-05-22,IN23,115,30,5
2019-05-22,IN24,205,30,0
2019-05-22,IN25,433,133,10
2019-05-22,IN26,35,12,0
2019-05-22,IN28,168,79,7
2019-05-22,IN30,60,26,0
2019-05-22,IN31,4,0,0
2019-05-22,IN33,24,14,0
2019-05-22,IN34,142,43,1
2019-05-22,IN35,243,113,1
2019-05-22,IN36,569,214,16
2019-05-22,IN37,42,18,0
2019-05-22,IN38,14,1,0
2019-05-22,IN39,41,6,0
2019-05-23,IN00,102,39,0
2019-05-23,IN01,2,0,0
2019-05-23,IN02,276,82,3
2019-05-23,IN03,67,24,2
2019-05-23,IN06,8,1,0
2019-05-23,IN07,1237,290,10
2019-05-23,IN09,294,93,0
2019-05-23,IN10,142,56,0
2019-05-23,IN11,30,8,1
2019-05-23,IN12,474,177,4
2019-05-23,IN13,266,95,6
2019-05-23,IN14,8,2,0
2019-05-23,IN16,659,200,6
2019-05-23,IN17,4,4,0
2019-05-23,IN19,500,154,5
2019-05-23,IN20,33,12,1
2019-05-23,IN21,207,57,2
2019-05-23,IN22,6,3,0
2019-05-23,IN23,151,60,1
2019-05-23,IN24,226,74,5
2019-05-23,IN25,346,109,2
2019-05-23,IN26,42,18,0
2019-05-23,IN28,250,71,6
2019-05-23,IN29,2,0,0
2019-05-23,IN30,11,7,0
2019-05-23,IN31,4,3,0
2019-05-23,IN33,13,3,2
2019-05-23,IN34,293,120,3
2019-05-23,IN35,348,113,4
2019-05-23,IN36,1014,334,10
2019-05-23,IN37,52,13,1
2019-05-23,IN38,39,13,0
2019-05-23,IN39,67,16,0
2019-05-24,IN00,124,44,1
2019-05-24,IN02,219,46,0
2019-05-24,IN03,64,21,0
2019-05-24,IN06,2,0,0
2019-05-24,IN07,1125,259,8
2019-05-24,IN09,287,86,0
2019-05-24,IN10,109,33,1
2019-05-24,IN11,32,8,0
2019-05-24,IN12,558,274,17
2019-05-24,IN13,248,93,1
2019-05-24,IN14,8,1,0
2019-05-24,IN16,561,163,4
2019-05-24,IN17,2,2,0
2019-05-24,IN18,1,0,0
2019-05-24,IN19,464,101,4
2019-05-24,IN20,41,9,3
2019-05-24,IN21,186,65,3
2019-05-24,IN22,3,1,0
2019-05-24,IN23,101,35,1
2019-05-24,IN24,181,44,2
2019-05-24,IN25,217,60,5
2019-05-24,IN26,34,16,0
2019-05-24,IN28,255,96,3
2019-05-24,IN30,13,5,0
2019-05-24,IN31,13,3,0
2019-05-24,IN33,12,5,0
2019-05-24,IN34,227,72,3
2019-05-24,IN35,218,62,3
2019-05-24,IN36,868,245,12
2019-05-24,IN37,57,16,0
2019-05-24,IN38,22,6,0
2019-05-24,IN39,67,22,0
2019-05-25,IN00,83,34,0
2019-05-25,IN01,1,0,0
2019-05-25,IN02,250,32,0
2019-05-25,IN03,66,22,1
2019-05-25,IN06,1,0,0
2019-05-25,IN07,936,204,4
2019-05-25,IN09,195,69,0
2019-05-25,IN10,68,44,0
2019-05-25,IN11,25,4,0
2019-05-25,IN12,233,87,3
2019-05-25,IN13,116,40,0
2019-05-25,IN14,3,0,0
2019-05-25,IN16,437,123,7
2019-05-25,IN17,14,3,0
2019-05-25,IN19,288,73,0
2019-05-25,IN20,25,4,0
2019-05-25,IN21,160,41,2
2019-05-25,IN22,6,2,0
2019-05-25,IN23,86,35,7
2019-05-25,IN24,166,41,1
2019-05-25,IN25,199,45,2
2019-05-25,IN26,46,29,0
2019-05-25,IN28,329,119,4
2019-05-25,IN29,1,0,0
2019-05-25,IN30,15,12,0
2019-05-25,IN31,4,4,0
2019-05-25,IN33,12,3,0
2019-05-25,IN34,141,40,2
2019-05-25,IN35,205,87,3
2019-05-25,IN36,446,108,2
2019-05-25,IN37,51,16,0
2019-05-25,IN38,15,6,1
2019-05-25,IN39,23,4,0
2019-05-26,IN00,61,11,2
2019-05-26,IN01,1,0,0
2019-05-26,IN02,239,32,0
2019-05-26,IN03,49,21,0
2019-05-26,IN07,773,171,9
2019-05-26,IN09,280,43,2
2019-05-26,IN10,74,27,1
2019-05-26,IN11,13,4,0
2019-05-26,IN12,225,83,3
2019-05-26,IN13,116,47,0
2019-05-26,IN14,14,4,0
2019-05-26,IN16,488,159,3
2019-05-26,IN17,1,0,0
2019-05-26,IN19,283,89,5
2019-05-26,IN20,4,0,0
2019-05-26,IN21,73,13,0
2019-05-26,IN22,4,0,0
2019-05-26,IN23,87,34,0
2019-05-26,IN24,128,32,0
2019-05-26,IN25,233,53,1
2019-05-26,IN26,39,14,0
2019-05-26,IN28,241,89,3
2019-05-26,IN30,15,7,0
2019-05-26,IN33,4,0,0
2019-05-26,IN34,163,68,6
2019-05-26,IN35,215,107,3
2019-05-26,IN36,679,246,2
2019-05-26,IN37,33,10,0
2019-05-26,IN38,18,8,2
2019-05-26,IN39,21,8,0
2019-05-27,IN00,64,14,0
2019-05-27,IN01,3,0,0
2019-05-27,IN02,232,69,1
2019-05-27,IN03,52,15,0
2019-05-27,IN06,2,2,0
2019-05-27,IN07,929,167,4
2019-05-27,IN09,253,67,5
2019-05-27,IN10,101,28,0
2019-05-27,IN11,24,2,0
2019-05-27,IN12,234,79,2
2019-05-27,IN13,203,90,7
2019-05-27,IN14,11,4,0
2019-05-27,IN16,657,238,14
2019-05-27,IN18,2,0,0
2019-05-27,IN19,473,130,1
2019-05-27,IN20,7,2,0
2019-05-27,IN21,123,28,1
2019-05-27,IN22,3,0,0
2019-05-27,IN23,106,33,4
2019-05-27,IN24,110,29,1
2019-05-27,IN25,245,80,4
2019-05-27,IN26,57,26,0
2019-05-27,IN28,304,105,0
2019-05-27,IN30,10,2,1
2019-05-27,IN31,10,7,1
2019-05-27,IN33,6,0,0
2019-05-27,IN34,179,54,2
2019-05-27,IN35,234,76,0
2019-05-27,IN36,863,280,4
2019-05-27,IN37,70,29,1
2019-05-27,IN38,53,14,2
2019-05-27,IN39,79,28,0
2019-05-28,IN00,69,18,1
2019-05-28,IN01,12,6,0
2019-05-28,IN02,267,66,2
2019-05-28,IN03,47,20,0
2019-05-28,IN07,1277,224,4
2019-05-28,IN09,211,82,11
2019-05-28,IN10,159,41,0
2019-05-28,IN11,7,0,0
2019-05-28,IN12,511,193,6
2019-05-28,IN13,175,61,0
2019-05-28,IN14,15,2,0
2019-05-28,IN16,842,290,32
2019-05-28,IN17,8,0,0
2019-05-28,IN18,6,2,0
2019-05-28,IN19,545,114,11
2019-05-28,IN20,25,3,0
2019-05-28,IN21,133,34,0
2019-05-28,IN22,36,9,0
2019-05-28,IN23,137,40,2
2019-05-28,IN24,265,78,1
2019-05-28,IN25,322,76,2
2019-05-28,IN26,28,13,0
2019-05-28,IN28,311,58,2
2019-05-28,IN31,13,11,0
2019-05-28,IN33,6,1,0
2019-05-28,IN34,228,68,1
2019-05-28,IN35,220,73,2
2019-05-28,IN36,561,168,8
2019-05-28,IN37,37,13,0
2019-05-28,IN38,75,23,0
2019-05-28,IN39,55,6,0
2019-05-29,IN00,88,27,0
2019-05-29,IN01,2,2,0
2019-05-29,IN02,269,51,1
2019-05-29,IN03,78,16,1
2019-05-29,IN07,1613,278,9
2019-05-29,IN09,165,43,0
2019-05-29,IN10,121,20,0
2019-05-29,IN11,46,14,2
2019-05-29,IN12,368,163,6
2019-05-29,IN13,160,47,0
2019-05-29,IN14,5,0,0
2019-05-29,IN16,639,240,14
2019-05-29,IN17,1,1,0
2019-05-29,IN18,8,3,2
2019-05-29,IN19,676,133,20
2019-05-29,IN20,37,6,0
2019-05-29,IN21,114,22,0
2019-05-29,IN22,9,4,0
2019-05-29,IN23,96,57,0
2019-05-29,IN24,191,58,1
2019-05-29,IN25,244,75,6
2019-05-29,IN26,9,5,0
2019-05-29,IN28,399,119,11
2019-05-29,IN30,7,2,0
2019-05-29,IN31,4,1,0
2019-05-29,IN33,10,0,0
2019-05-29,IN34,157,30,0
2019-05-29,IN35,177,52,4
2019-05-29,IN36,520,132,2
2019-05-29,IN37,73,15,1
2019-05-29,IN38,13,10,0
2019-05-29,IN39,133,17,0
2019-05-30,IN00,85,10,0
2019-05-30,IN01,1,0,0
2019-05-30,IN02,374,71,4
2019-05-30,IN03,127,36,0
2019-05-30,IN06,15,5,0
2019-05-30,IN07,1972,319,5
2019-05-30,IN09,186,45,0
2019-05-30,IN10,84,24,1
2019-05-30,IN11,15,2,0
2019-05-30,IN12,444,157,4
2019-05-30,IN13,94,27,0
2019-05-30,IN14,4,2,0
2019-05-30,IN16,729,230,4
2019-05-30,IN17,1,0,0
2019-05-30,IN19,439,108,5
2019-05-30,IN20,31,18,0
2019-05-30,IN21,132,28,1
2019-05-30,IN22,18,0,0
2019-05-30,IN23,66,16,0
2019-05-30,IN24,229,57,0
2019-05-30,IN25,292,69,4
2019-05-30,IN26,7,2,0
2019-05-30,IN28,344,100,6
2019-05-30,IN30,6,0,0
2019-05-30,IN31,13,0,0
2019-05-30,IN33,5,0,0
2019-05-30,IN34,221,62,2
2019-05-30,IN35,158,47,2
2019-05-30,IN36,657,149,3
2019-05-30,IN37,60,24,0
2019-05-30,IN38,17,4,0
2019-05-30,IN39,116,14,0
2019-05-31,IN00,95,27,0
2019-05-31,IN01,8,1,0
2019-05-31,IN02,250,42,3
2019-05-31,IN03,51,17,0
2019-05-31,IN06,10,5,0
2019-05-31,IN07,1844,275,5
2019-05-31,IN09,183,45,0
2019-05-31,IN10,95,21,0
2019-05-31,IN11,20,7,1
2019-05-31,IN12,335,123,6
2019-05-31,IN13,129,28,4
2019-05-31,IN14,3,0,0
2019-05-31,IN16,590,180,10
2019-05-31,IN17,5,2,0
2019-05-31,IN18,2,0,0
2019-05-31,IN19,328,73,1
2019-05-31,IN20,13,0,0
2019-05-31,IN21,115,17,0
2019-05-31,IN23,60,36,1
2019-05-31,IN24,133,31,0
2019-05-31,IN25,198,50,3
2019-05-31,IN26,24,15,0
2019-05-31,IN28,258,95,10
2019-05-31,IN29,4,2,0
2019-05-31,IN30,9,0,0
2019-05-31,IN33,31,2,0
2019-05-31,IN34,339,102,5
2019-05-31,IN35,111,44,1
2019-05-31,IN36,625,175,6
2019-05-31,IN37,19,8,0
2019-05-31,IN38,31,16,0
2019-05-31,IN39,72,18,2
2019-06-01,IN00,47,16,1
2019-06-01,IN01,6,1,0
2019-06-01,IN02,325,100,2
2019-06-01,IN03,35,11,0
2019-06-01,IN06,2,0,0
2019-06-01,IN07,1147,225,12
2019-06-01,IN09,106,42,0
2019-06-01,IN10,79,20,0
2019-06-01,IN11,9,2,0
2019-06-01,IN12,342,99,0
2019-06-01,IN13,185,38,0
2019-06-01,IN16,464,122,4
2019-06-01,IN17,18,10,0
2019-06-01,IN18,2,1,0
2019-06-01,IN19,242,66,1
2019-06-01,IN20,22,0,0
2019-06-01,IN21,84,19,0
2019-06-01,IN22,11,0,0
2019-06-01,IN23,101,41,5
2019-06-01,IN24,102,37,3
2019-06-01,IN25,208,51,7
2019-06-01,IN26,12,9,0
2019-06-01,IN28,179,63,5
2019-06-01,IN30,1,0,0
2019-06-01,IN31,1,1,0
2019-06-01,IN33,9,3,0
2019-06-01,IN34,113,27,1
2019-06-01,IN35,158,46,1
2019-06-01,IN36,336,117,2
2019-06-01,IN37,26,13,0
2019-06-01,IN38,20,3,0
2019-06-01,IN39,138,16,0
2019-06-02,IN00,78,30,1
2019-06-02,IN01,3,1,0
2019-06-02,IN02,212,45,4
2019-06-02,IN03,31,10,0
2019-06-02,IN06,1,0,0
2019-06-02,IN07,907,199,17
2019-06-02,IN09,117,32,1
2019-06-02,IN10,40,9,0
2019-06-02,IN11,7,2,0
2019-06-02,IN12,276,53,0
2019-06-02,IN13,76,17,2
2019-06-02,IN16,385,106,1
2019-06-02,IN17,13,7,0
2019-06-02,IN19,257,69,1
2019-06-02,IN20,10,3,0
2019-06-02,IN21,59,15,0
2019-06-02,IN22,10,1,0
2019-06-02,IN23,86,35,5
2019-06-02,IN24,102,36,1
2019-06-02,IN25,167,53,7
2019-06-02,IN26,6,4,2
2019-06-02,IN28,173,64,4
2019-06-02,IN30,5,5,0
2019-06-02,IN33,24,6,0
2019-06-02,IN34,122,42,6
2019-06-02,IN35,106,42,1
2019-06-02,IN36,255,101,3
2019-06-02,IN37,25,6,0
2019-06-02,IN38,28,8,0
2019-06-02,IN39,163,25,2
2019-06-03,IN00,107,28,1
2019-06-03,IN01,18,0,0
2019-06-03,IN02,176,32,1
2019-06-03,IN03,148,28,0
2019-06-03,IN05,1,0,0
2019-06-03,IN06,7,1,0
2019-06-03,IN07,1210,269,10
2019-06-03,IN09,210,76,13
2019-06-03,IN10,56,24,0
2019-06-03,IN11,5,0,0
2019-06-03,IN12,386,111,0
2019-06-03,IN13,271,59,1
2019-06-03,IN14,1,1,0
2019-06-03,IN16,618,192,4
2019-06-03,IN19,326,88,0
2019-06-03,IN20,8,2,0
2019-06-03,IN21,88,21,3
2019-06-03,IN22,3,2,1
2019-06-03,IN23,81,22,5
2019-06-03,IN24,147,26,0
2019-06-03,IN25,331,87,13
2019-06-03,IN26,6,0,0
2019-06-03,IN28,161,57,3
2019-06-03,IN30,12,3,0
2019-06-03,IN31,3,2,0
2019-06-03,IN33,7,0,0
2019-06-03,IN34,192,48,1
2019-06-03,IN35,97,26,0
2019-06-03,IN36,398,117,5
2019-06-03,IN37,42,13,0
2019-06-03,IN38,15,0,0
2019-06-03,IN39,232,25,1
2019-06-04,IN00,100,24,1
2019-06-04,IN01,24,3,0
2019-06-04,IN02,210,43,0
2019-06-04,IN03,126,27,0
2019-06-04,IN06,1,0,0
2019-06-04,IN07,1227,245,6
2019-06-04,IN09,148,37,1
2019-06-04,IN10,79,22,0
2019-06-04,IN11,3,0,0
2019-06-04,IN12,415,91,1
2019-06-04,IN13,446,75,0
2019-06-04,IN16,859,271,14
2019-06-04,IN17,6,3,0
2019-06-04,IN18,3,1,0
2019-06-04,IN19,479,144,2
2019-06-04,IN20,32,10,1
2019-06-04,IN21,88,16,0
2019-06-04,IN22,30,19,0
2019-06-04,IN23,62,28,0
2019-06-04,IN24,167,59,3
2019-06-04,IN25,272,71,7
2019-06-04,IN26,7,5,0
2019-06-04,IN28,137,64,1
2019-06-04,IN30,11,1,0
2019-06-04,IN31,3,0,0
2019-06-04,IN33,13,6,0
2019-06-04,IN34,156,39,4
2019-06-04,IN35,124,41,0
2019-06-04,IN36,376,113,0
2019-06-04,IN37,22,5,0
2019-06-04,IN38,13,3,0
2019-06-04,IN39,136,15,2
2019-06-05,IN00,106,46,1
2019-06-05,IN01,5,0,0
2019-06-05,IN02,150,28,2
2019-06-05,IN03,67,14,2
2019-06-05,IN07,857,163,5
2019-06-05,IN09,163,51,5
2019-06-05,IN10,62,11,1
2019-06-05,IN11,8,0,0
2019-06-05,IN12,294,106,3
2019-06-05,IN13,237,40,0
2019-06-05,IN14,2,0,0
2019-06-05,IN16,641,158,2
2019-06-05,IN17,2,1,0
2019-06-05,IN19,329,97,7
2019-06-05,IN20,59,15,2
2019-06-05,IN21,82,17,4
2019-06-05,IN22,3,2,0
2019-06-05,IN23,84,21,1
2019-06-05,IN24,150,37,0
2019-06-05,IN25,241,81,6
2019-06-05,IN26,1,0,0
2019-06-05,IN28,203,62,1
2019-06-05,IN30,9,1,0
2019-06-05,IN31,5,0,0
2019-06-05,IN33,27,3,0
2019-06-05,IN34,130,33,0
2019-06-05,IN35,144,48,2
2019-06-05,IN36,298,106,3
2019-06-05,IN37,9,5,0
2019-06-05,IN38,12,2,1
2019-06-05,IN39,92,4,2
2019-06-06,IN00,67,18,0
2019-06-06,IN01,18,0,0
2019-06-06,IN02,384,98,11
2019-06-06,IN03,93,26,2
2019-06-06,IN05,1,1,0
2019-06-06,IN06,2,0,0
2019-06-06,IN07,1102,230,6
2019-06-06,IN09,154,42,0
2019-06-06,IN10,135,47,9
2019-06-06,IN11,7,3,0
2019-06-06,IN12,324,137,5
2019-06-06,IN13,197,24,4
2019-06-06,IN14,1,0,0
2019-06-06,IN16,875,272,10
2019-06-06,IN18,1,0,0
2019-06-06,IN19,320,57,2
2019-06-06,IN20,20,14,0
2019-06-06,IN21,84,26,3
2019-06-06,IN22,14,6,0
2019-06-06,IN23,188,67,9
2019-06-06,IN24,215,33,1
2019-06-06,IN25,255,67,2
2019-06-06,IN26,9,6,2
2019-06-06,IN28,216,67,9
2019-06-06,IN30,9,5,0
2019-06-06,IN31,2,2,0
2019-06-06,IN33,16,6,0
2019-06-06,IN34,112,35,10
2019-06-06,IN35,221,76,5
2019-06-06,IN36,411,155,5
2019-06-06,IN37,33,5,0
2019-06-06,IN38,37,8,0
2019-06-06,IN39,101,18,0
2019-06-07,IN00,56,14,2
2019-06-07,IN01,32,3,0
2019-06-07,IN02,303,72,11
2019-06-07,IN03,188,37,1
2019-06-07,IN05,1,0,0
2019-06-07,IN06,2,1,0
2019-06-07,IN07,1200,293,11
2019-06-07,IN09,177,65,5
2019-06-07,IN10,98,39,1
2019-06-07,IN11,4,0,0
2019-06-07,IN12,444,161,2
2019-06-07,IN13,477,31,1
2019-06-07,IN14,1,1,0
2019-06-07,IN16,788,273,12
2019-06-07,IN17,7,1,0
2019-06-07,IN19,379,90,2
2019-06-07,IN20,22,7,0
2019-06-07,IN21,66,13,0
2019-06-07,IN22,10,4,0
2019-06-07,IN23,82,31,8
2019-06-07,IN24,138,40,0
2019-06-07,IN25,203,59,6
2019-06-07,IN26,18,2,0
2019-06-07,IN28,212,86,5
2019-06-07,IN30,19,4,0
2019-06-07,IN31,7,0,0
2019-06-07,IN32,1,0,0
2019-06-07,IN33,4,1,0
2019-06-07,IN34,99,27,0
2019-06-07,IN35,184,58,3
2019-06-07,IN36,418,141,9
2019-06-07,IN37,38,7,2
2019-06-07,IN38,13,6,0
2019-06-07,IN39,34,5,0
2019-06-08,IN00,77,31,0
2019-06-08,IN01,15,2,0
2019-06-08,IN02,206,62,6
2019-06-08,IN03,117,26,0
2019-06-08,IN06,2,1,0
2019-06-08,IN07,1063,210,6
2019-06-08,IN09,162,55,0
2019-06-08,IN10,103,22,0
2019-06-08,IN11,15,1,0
2019-06-08,IN12,351,107,5
2019-06-08,IN13,467,50,5
2019-06-08,IN14,7,4,0
2019-06-08,IN16,527,136,11
2019-06-08,IN17,3,1,0
2019-06-08,IN18,3,0,0
2019-06-08,IN19,229,68,6
2019-06-08,IN20,19,5,0
2019-06-08,IN21,79,28,3
2019-06-08,IN23,55,20,1
2019-06-08,IN24,98,27,0
2019-06-08,IN25,208,47,8
2019-06-08,IN26,14,4,0
2019-06-08,IN28,219,102,2
2019-06-08,IN30,1,0,0
2019-06-08,IN33,11,3,0
2019-06-08,IN34,122,27,2
2019-06-08,IN35,89,46,5
2019-06-08,IN36,369,165,6
2019-06-08,IN37,16,7,0
2019-06-08,IN38,45,6,0
2019-06-08,IN39,39,18,0
2019-06-09,IN00,71,27,0
2019-06-09,IN01,13,4,0
2019-06-09,IN02,307,30,3
2019-06-09,IN03,88,16,0
2019-06-09,IN06,9,3,2
2019-06-09,IN07,1153,279,11
2019-06-09,IN09,141,52,11
2019-06-09,IN10,135,30,0
2019-06-09,IN11,8,3,0
2019-06-09,IN12,223,72,3
2019-06-09,IN13,380,72,2
2019-06-09,IN16,388,124,7
2019-06-09,IN17,7,1,0
2019-06-09,IN18,3,0,0
2019-06-09,IN19,192,57,2
2019-06-09,IN20,9,4,0
2019-06-09,IN21,125,23,6
2019-06-09,IN22,3,0,0
2019-06-09,IN23,122,44,13
2019-06-09,IN24,73,20,3
2019-06-09,IN25,144,31,2
2019-06-09,IN26,9,5,0
2019-06-09,IN28,390,182,28
2019-06-09,IN30,6,0,0
2019-06-09,IN31,3,0,0
2019-06-09,IN33,4,0,0
2019-06-09,IN34,192,45,3
2019-06-09,IN35,166,74,10
2019-06-09,IN36,526,275,11
2019-06-09,IN37,9,3,0
2019-06-09,IN38,25,8,0
2019-06-09,IN39,33,10,0
2019-06-10,IN00,89,22,2
2019-06-10,IN01,5,3,0
2019-06-10,IN02,272,52,3
2019-06-10,IN03,51,14,1
2019-06-10,IN07,1351,332,17
2019-06-10,IN09,137,55,0
2019-06-10,IN10,163,38,0
2019-06-10,IN11,12,2,0
2019-06-10,IN12,668,360,24
2019-06-10,IN13,201,32,0
2019-06-10,IN14,4,3,0
2019-06-10,IN16,647,213,10
2019-06-10,IN17,2,0,0
2019-06-10,IN18,1,0,0
2019-06-10,IN19,444,100,8
2019-06-10,IN20,7,2,0
2019-06-10,IN21,119,12,0
2019-06-10,IN22,1,0,0
2019-06-10,IN23,223,128,8
2019-06-10,IN24,166,26,1
2019-06-10,IN25,156,43,1
2019-06-10,IN26,22,3,0
2019-06-10,IN28,434,195,30
2019-06-10,IN30,8,0,0
2019-06-10,IN31,5,3,0
2019-06-10,IN33,17,6,0
2019-06-10,IN34,122,30,0
2019-06-10,IN35,165,77,4
2019-06-10,IN36,630,315,26
2019-06-10,IN37,18,3,0
2019-06-10,IN38,31,11,0
2019-06-10,IN39,45,6,0
2019-06-11,IN00,98,31,3
2019-06-11,IN01,3,0,0
2019-06-11,IN02,211,54,8
2019-06-11,IN03,81,27,1
2019-06-11,IN07,1374,363,21
2019-06-11,IN09,188,67,0
2019-06-11,IN10,144,69,1
2019-06-11,IN11,18,3,0
2019-06-11,IN12,313,145,9
2019-06-11,IN13,125,33,1
2019-06-11,IN14,7,4,0
2019-06-11,IN16,699,223,2
2019-06-11,IN17,22,0,0
2019-06-11,IN18,1,0,0
2019-06-11,IN19,438,121,5
2019-06-11,IN20,15,1,0
2019-06-11,IN21,111,23,2
2019-06-11,IN22,3,2,0
2019-06-11,IN23,143,76,7
2019-06-11,IN24,136,34,0
2019-06-11,IN25,300,86,3
2019-06-11,IN26,8,4,0
2019-06-11,IN28,327,189,14
2019-06-11,IN30,6,0,0
2019-06-11,IN33,8,1,0
2019-06-11,IN34,163,70,3
2019-06-11,IN35,203,95,8
2019-06-11,IN36,848,387,17
2019-06-11,IN37,27,13,10
2019-06-11,IN38,20,3,0
2019-06-11,IN39,58,9,0
2019-06-12,IN00,70,20,0
2019-06-12,IN01,3,1,0
2019-06-12,IN02,288,88,4
2019-06-12,IN03,64,8,0
2019-06-12,IN06,2,0,0
2019-06-12,IN07,1359,303,11
2019-06-12,IN09,308,99,1
2019-06-12,IN10,80,20,0
2019-06-12,IN11,7,2,0
2019-06-12,IN12,417,200,30
2019-06-12,IN13,116,32,0
2019-06-12,IN14,1,0,0
2019-06-12,IN16,676,189,0
2019-06-12,IN17,12,3,0
2019-06-12,IN18,4,1,0
2019-06-12,IN19,395,104,4
2019-06-12,IN20,19,1,0
2019-06-12,IN21,100,21,0
2019-06-12,IN22,6,0,0
2019-06-12,IN23,146,65,8
2019-06-12,IN24,163,32,9
2019-06-12,IN25,267,89,3
2019-06-12,IN26,7,0,0
2019-06-12,IN28,438,234,52
2019-06-12,IN30,7,1,0
2019-06-12,IN31,1,0,0
2019-06-12,IN33,11,2,0
2019-06-12,IN34,174,15,0
2019-06-12,IN35,100,30,2
2019-06-12,IN36,783,305,3
2019-06-12,IN37,59,14,1
2019-06-12,IN38,44,10,0
2019-06-12,IN39,77,12,0
2019-06-13,IN00,103,22,0
2019-06-13,IN01,15,2,0
2019-06-13,IN02,231,46,0
2019-06-13,IN03,68,17,0
2019-06-13,IN06,4,0,0
2019-06-13,IN07,1197,270,19
2019-06-13,IN09,259,92,2
2019-06-13,IN10,96,18,0
2019-06-13,IN11,25,10,0
2019-06-13,IN12,461,174,8
2019-06-13,IN13,178,50,4
2019-06-13,IN16,745,280,9
2019-06-13,IN19,346,89,11
2019-06-13,IN20,12,4,0
2019-06-13,IN21,94,18,0
2019-06-13,IN23,103,47,5
2019-06-13,IN24,154,25,3
2019-06-13,IN25,305,89,8
2019-06-13,IN26,43,18,0
2019-06-13,IN28,465,225,33
2019-06-13,IN30,8,2,0
2019-06-13,IN33,12,1,0
2019-06-13,IN34,223,64,0
2019-06-13,IN35,132,45,6
2019-06-13,IN36,614,240,13
2019-06-13,IN37,28,6,4
2019-06-13,IN38,43,24,4
2019-06-13,IN39,87,16,1
2019-06-14,IN00,136,43,2
2019-06-14,IN01,2,0,0
2019-06-14,IN02,340,101,33
2019-06-14,IN03,85,33,4
2019-06-14,IN06,3,0,0
2019-06-14,IN07,1526,429,55
2019-06-14,IN09,228,91,15
2019-06-14,IN10,105,38,3
2019-06-14,IN11,12,1,0
2019-06-14,IN12,412,181,10
2019-06-14,IN13,185,58,16
2019-06-14,IN16,866,272,16
2019-06-14,IN17,27,10,3
2019-06-14,IN19,451,123,24
2019-06-14,IN20,20,1,0
2019-06-14,IN21,131,40,11
2019-06-14,IN22,11,5,0
2019-06-14,IN23,131,40,4
2019-06-14,IN24,167,39,11
2019-06-14,IN25,269,102,19
2019-06-14,IN26,60,32,3
2019-06-14,IN28,908,417,103
2019-06-14,IN30,5,2,0
2019-06-14,IN33,23,1,0
2019-06-14,IN34,222,61,2
2019-06-14,IN35,202,53,4
2019-06-14,IN36,527,172,13
2019-06-14,IN37,99,51,11
2019-06-14,IN38,37,24,1
2019-06-14,IN39,80,10,0
2019-06-15,IN00,70,17,0
2019-06-15,IN01,2,0,0
2019-06-15,IN02,336,128,27
2019-06-15,IN03,79,11,2
2019-06-15,IN07,1182,305,45
2019-06-15,IN09,130,21,0
2019-06-15,IN10,84,27,2
2019-06-15,IN11,27,3,0
2019-06-15,IN12,244,70,4
2019-06-15,IN13,156,27,0
2019-06-15,IN14,2,1,0
2019-06-15,IN16,549,175,0
2019-06-15,IN19,374,101,9
2019-06-15,IN20,24,9,2
2019-06-15,IN21,122,31,1
2019-06-15,IN22,22,7,1
2019-06-15,IN23,94,34,4
2019-06-15,IN24,153,27,0
2019-06-15,IN25,223,69,4
2019-06-15,IN26,25,2,0
2019-06-15,IN28,579,231,47
2019-06-15,IN30,12,2,0
2019-06-15,IN33,22,5,0
2019-06-15,IN34,182,38,0
2019-06-15,IN35,130,19,2
2019-06-15,IN36,390,111,6
2019-06-15,IN37,68,14,0
2019-06-15,IN38,41,18,2
2019-06-15,IN39,59,5,0
2019-06-16,IN00,57,18,0
2019-06-16,IN01,4,0,0
2019-06-16,IN02,229,56,4
2019-06-16,IN03,49,8,1
2019-06-16,IN07,946,213,24
2019-06-16,IN09,115,35,2
2019-06-16,IN10,70,9,0
2019-06-16,IN11,27,3,0
2019-06-16,IN12,486,177,2
2019-06-16,IN13,96,9,0
2019-06-16,IN16,438,129,2
2019-06-16,IN17,4,0,0
2019-06-16,IN19,237,56,3
2019-06-16,IN20,29,0,0
2019-06-16,IN21,63,17,0
2019-06-16,IN22,8,5,0
2019-06-16,IN23,84,26,0
2019-06-16,IN24,182,24,0
2019-06-16,IN25,157,46,5
2019-06-16,IN26,3,0,0
2019-06-16,IN28,383,118,24
2019-06-16,IN31,5,2,0
2019-06-16,IN33,6,5,0
2019-06-16,IN34,273,35,4
2019-06-16,IN35,90,30,0
2019-06-16,IN36,336,87,0
2019-06-16,IN37,30,11,0
2019-06-16,IN38,9,1,0
2019-06-16,IN39,21,4,0
2019-06-17,IN00,61,22,3
2019-06-17,IN01,8,0,0
2019-06-17,IN02,259,71,11
2019-06-17,IN03,64,20,8
2019-06-17,IN07,1244,342,45
2019-06-17,IN09,178,53,17
2019-06-17,IN10,46,12,0
2019-06-17,IN11,47,5,0
2019-06-17,IN12,355,139,2
2019-06-17,IN13,169,45,10
2019-06-17,IN14,9,2,0
2019-06-17,IN16,733,259,19
2019-06-17,IN17,12,2,0
2019-06-17,IN18,3,0,0
2019-06-17,IN19,363,114,18
2019-06-17,IN20,10,3,0
2019-06-17,IN21,85,25,8
2019-06-17,IN22,10,3,0
2019-06-17,IN23,109,53,4
2019-06-17,IN24,138,50,5
2019-06-17,IN25,328,108,3
2019-06-17,IN26,15,9,3
2019-06-17,IN28,789,260,58
2019-06-17,IN30,16,1,0
2019-06-17,IN31,5,1,0
2019-06-17,IN33,24,6,1
2019-06-17,IN34,405,67,7
2019-06-17,IN35,140,52,14
2019-06-17,IN36,334,116,6
2019-06-17,IN37,15,3,0
2019-06-17,IN38,36,18,13
2019-06-17,IN39,95,9,1
2019-06-18,IN00,87,23,0
2019-06-18,IN02,261,60,5
2019-06-18,IN03,50,22,4
2019-06-18,IN06,9,2,0
2019-06-18,IN07,1221,281,31
2019-06-18,IN09,153,68,8
2019-06-18,IN10,65,30,2
2019-06-18,IN11,26,13,4
2019-06-18,IN12,465,251,3
2019-06-18,IN13,184,53,0
2019-06-18,IN14,10,0,0
2019-06-18,IN16,757,250,12
2019-06-18,IN17,3,0,0
2019-06-18,IN18,3,0,0
2019-06-18,IN19,342,101,12
2019-06-18,IN20,20,5,0
2019-06-18,IN21,153,31,6
2019-06-18,IN22,19,1,0
2019-06-18,IN23,90,23,4
2019-06-18,IN24,105,24,3
2019-06-18,IN25,293,101,7
2019-06-18,IN26,25,7,4
2019-06-18,IN28,461,136,24
2019-06-18,IN29,3,0,0
2019-06-18,IN30,1,1,0
2019-06-18,IN31,16,4,0
2019-06-18,IN33,21,3,0
2019-06-18,IN34,394,86,29
2019-06-18,IN35,80,21,1
2019-06-18,IN36,487,159,2
2019-06-18,IN37,29,10,0
2019-06-18,IN38,59,24,0
2019-06-18,IN39,94,10,0
2019-06-19,IN00,81,20,1
2019-06-19,IN01,3,0,0
2019-06-19,IN02,283,72,5
2019-06-19,IN03,34,12,1
2019-06-19,IN06,1,0,0
2019-06-19,IN07,1307,347,26
2019-06-19,IN09,215,84,7
2019-06-19,IN10,134,32,2
2019-06-19,IN11,28,7,2
2019-06-19,IN12,379,165,7
2019-06-19,IN13,132,57,0
2019-06-19,IN16,789,262,11
2019-06-19,IN17,2,1,1
2019-06-19,IN18,2,0,0
2019-06-19,IN19,387,115,10
2019-06-19,IN20,18,4,0
2019-06-19,IN21,159,29,1
2019-06-19,IN22,6,2,2
2019-06-19,IN23,81,21,3
2019-06-19,IN24,213,50,3
2019-06-19,IN25,312,102,15
2019-06-19,IN26,20,0,0
2019-06-19,IN28,276,122,9
2019-06-19,IN30,17,2,0
2019-06-19,IN31,17,5,1
2019-06-19,IN33,7,5,0
2019-06-19,IN34,302,69,17
2019-06-19,IN35,204,82,0
2019-06-19,IN36,333,103,10
2019-06-19,IN37,29,6,0
2019-06-19,IN38,36,12,2
2019-06-19,IN39,77,12,1
2026-07-28,IN00,52,10,1
2026-07-28,IN01,6,0,0
2026-07-28,IN02,215,53,5
2026-07-28,IN03,69,19,4
2026-07-28,IN06,3,0,0
2026-07-28,IN07,1824,621,134
2026-07-28,IN09,206,56,4
2026-07-28,IN10,112,24,0
2026-07-28,IN11,36,6,0
2026-07-28,IN12,182,55,7
2026-07-28,IN13,136,42,5
2026-07-28,IN14,10,0,0
2026-07-28,IN16,547,172,28
2026-07-28,IN17,4,4,2
2026-07-28,IN18,1,0,0
2026-07-28,IN19,502,106,5
2026-07-28,IN20,5,1,0
2026-07-28,IN21,151,39,6
2026-07-28,IN22,7,0,0
2026-07-28,IN23,133,41,11
2026-07-28,IN24,129,38,3
2026-07-28,IN25,320,96,8
2026-07-28,IN26,11,0,0
2026-07-28,IN28,174,63,2
2026-07-28,IN33,10,2,0
2026-07-28,IN34,438,182,36
2026-07-28,IN35,125,39,2
2026-07-28,IN36,401,160,15
2026-07-28,IN37,30,4,1
2026-07-28,IN38,42,9,1
2026-07-28,IN39,146,41,8
