date,chokepoint,n_total,n_tanker,n_cargo,capacity
2019-01-01,bab_el_mandeb,50,21,29,2742136
2019-01-01,hormuz,66,42,24,3026901
2019-01-01,malacca,202,77,125,8256941
2019-01-01,suez,60,18,42,3051458
2019-01-02,bab_el_mandeb,59,18,41,2780443
2019-01-02,hormuz,70,45,25,2717512
2019-01-02,malacca,157,65,92,7496931
2019-01-02,suez,50,10,40,2327017
2019-01-03,bab_el_mandeb,58,18,40,2682135
2019-01-03,hormuz,79,54,25,3723380
2019-01-03,malacca,153,68,85,6016625
2019-01-03,suez,61,23,38,2387272
2019-01-04,bab_el_mandeb,47,18,29,2665114
2019-01-04,hormuz,71,42,29,2603055
2019-01-04,malacca,150,62,88,8339152
2019-01-04,suez,46,14,32,2240812
2019-01-05,bab_el_mandeb,74,22,52,3263789
2019-01-05,hormuz,73,41,32,3371403
2019-01-05,malacca,191,87,104,8038443
2019-01-05,suez,44,13,31,2635109
2019-01-06,bab_el_mandeb,51,18,33,2657918
2019-01-06,hormuz,65,40,25,3117231
2019-01-06,malacca,145,50,95,5794486
2019-01-06,suez,49,18,31,1838909
2019-01-07,bab_el_mandeb,61,17,44,2840815
2019-01-07,hormuz,83,60,23,3066456
2019-01-07,malacca,175,67,108,7509548
2019-01-07,suez,47,16,31,2078911
2019-01-08,bab_el_mandeb,50,16,34,1946296
2019-01-08,hormuz,69,42,27,1894332
2019-01-08,malacca,175,64,111,6492040
2019-01-08,suez,48,10,38,2765647
2019-01-09,bab_el_mandeb,48,17,31,2357548
2019-01-09,hormuz,44,26,18,2448291
2019-01-09,malacca,155,67,88,5586788
2019-01-09,suez,59,21,38,2606126
2019-01-10,bab_el_mandeb,40,11,29,2341569
2019-01-10,hormuz,69,43,26,1320234
2019-01-10,malacca,182,73,109,6007177
2019-01-10,suez,49,16,33,2274842
2019-01-11,bab_el_mandeb,56,20,36,2963169
2019-01-11,hormuz,71,49,22,1562384
2019-01-11,malacca,153,59,94,5403945
2019-01-11,suez,54,19,35,2383695
2019-01-12,bab_el_mandeb,40,13,27,1236516
2019-01-12,hormuz,66,42,24,1275641
2019-01-12,malacca,185,80,105,7170257
2019-01-12,suez,45,13,32,2441043
2019-01-13,bab_el_mandeb,49,12,37,2632405
2019-01-13,hormuz,50,28,22,2381564
2019-01-13,malacca,158,57,101,6623132
2019-01-13,suez,40,15,25,2004521
2019-01-14,bab_el_mandeb,48,18,30,2294828
2019-01-14,hormuz,66,43,23,3615187
2019-01-14,malacca,181,76,105,7869502
2019-01-14,suez,54,10,44,1538932
2019-01-15,bab_el_mandeb,49,18,31,2151779
2019-01-15,hormuz,62,32,30,2154833
2019-01-15,malacca,164,61,103,5003170
2019-01-15,suez,49,19,30,2050770
2019-01-16,bab_el_mandeb,64,21,43,2409232
2019-01-16,hormuz,73,37,36,3429086
2019-01-16,malacca,171,72,99,7394933
2019-01-16,suez,42,13,29,2725841
2019-01-17,bab_el_mandeb,45,18,27,1910845
2019-01-17,hormuz,65,37,28,3027122
2019-01-17,malacca,178,81,97,7845358
2019-01-17,suez,39,15,24,1261813
2019-01-18,bab_el_mandeb,49,17,32,1987404
2019-01-18,hormuz,57,38,19,2784696
2019-01-18,malacca,169,75,94,6410535
2019-01-18,suez,42,13,29,2119456
2019-01-19,bab_el_mandeb,56,14,42,2120521
2019-01-19,hormuz,67,41,26,2044640
2019-01-19,malacca,165,57,108,4963698
2019-01-19,suez,50,15,35,2587306
2019-01-20,bab_el_mandeb,53,21,32,2529385
2019-01-20,hormuz,82,50,32,2669218
2019-01-20,malacca,191,71,120,6978322
2019-01-20,suez,55,12,43,1826459
2019-01-21,bab_el_mandeb,40,13,27,1483338
2019-01-21,hormuz,67,41,26,1079067
2019-01-21,malacca,173,62,111,6182048
2019-01-21,suez,51,22,29,2422536
2019-01-22,bab_el_mandeb,49,21,28,2279046
2019-01-22,hormuz,64,43,21,2889496
2019-01-22,malacca,174,67,107,6465403
2019-01-22,suez,60,22,38,2714129
2019-01-23,bab_el_mandeb,48,18,30,1919927
2019-01-23,hormuz,49,38,11,2312956
2019-01-23,malacca,173,54,119,6562695
2019-01-23,suez,61,20,41,2737374
2019-01-24,bab_el_mandeb,41,13,28,1446949
2019-01-24,hormuz,51,35,16,2414418
2019-01-24,malacca,155,66,89,5398825
2019-01-24,suez,47,16,31,2235243
2019-01-25,bab_el_mandeb,33,9,24,1560668
2019-01-25,hormuz,54,30,24,2216188
2019-01-25,malacca,179,80,99,7394534
2019-01-25,suez,48,15,33,1949510
2019-01-26,bab_el_mandeb,70,24,46,2743032
2019-01-26,hormuz,72,47,25,2646837
2019-01-26,malacca,156,68,88,5150310
2019-01-26,suez,45,13,32,2330942
2019-01-27,bab_el_mandeb,44,12,32,2405415
2019-01-27,hormuz,68,44,24,3487144
2019-01-27,malacca,176,58,118,7403366
2019-01-27,suez,52,19,33,1876925
2019-01-28,bab_el_mandeb,51,18,33,2286798
2019-01-28,hormuz,64,35,29,1816840
2019-01-28,malacca,142,51,91,6583597
2019-01-28,suez,50,18,32,2562123
2019-01-29,bab_el_mandeb,53,18,35,2620609
2019-01-29,hormuz,60,38,22,3193809
2019-01-29,malacca,185,85,100,6904477
2019-01-29,suez,46,16,30,1778201
2019-01-30,bab_el_mandeb,46,11,35,2575888
2019-01-30,hormuz,71,44,27,2299263
2019-01-30,malacca,191,74,117,7305854
2019-01-30,suez,58,15,43,2579810
2019-01-31,bab_el_mandeb,64,22,42,2570461
2019-01-31,hormuz,53,32,21,2490501
2019-01-31,malacca,173,63,110,6449705
2019-01-31,suez,40,18,22,1719832
2019-02-01,bab_el_mandeb,48,13,35,2162447
2019-02-01,hormuz,58,39,19,2383529
2019-02-01,malacca,173,78,95,6790518
2019-02-01,suez,48,11,37,2016467
2019-02-02,bab_el_mandeb,55,10,45,2952977
2019-02-02,hormuz,58,40,18,2996756
2019-02-02,malacca,156,60,96,6598118
2019-02-02,suez,46,13,33,2388339
2019-02-03,bab_el_mandeb,58,28,30,3275860
2019-02-03,hormuz,65,42,23,2195767
2019-02-03,malacca,154,57,97,7514024
2019-02-03,suez,49,12,37,2356478
2019-02-04,bab_el_mandeb,55,14,41,2208744
2019-02-04,hormuz,62,38,24,1725468
2019-02-04,malacca,177,73,104,7037417
2019-02-04,suez,42,17,25,2079760
2019-02-05,bab_el_mandeb,51,18,33,2270109
2019-02-05,hormuz,66,35,31,1277146
2019-02-05,malacca,187,67,120,6791071
2019-02-05,suez,68,19,49,3262930
2019-02-06,bab_el_mandeb,52,19,33,2451365
2019-02-06,hormuz,58,36,22,1774068
2019-02-06,malacca,172,64,108,6755934
2019-02-06,suez,57,15,42,3738441
2019-02-07,bab_el_mandeb,50,18,32,2527855
2019-02-07,hormuz,70,39,31,2509768
2019-02-07,malacca,160,64,96,5833876
2019-02-07,suez,56,21,35,2470561
2019-02-08,bab_el_mandeb,39,12,27,1667443
2019-02-08,hormuz,69,45,24,1573496
2019-02-08,malacca,169,73,96,6397364
2019-02-08,suez,48,18,30,3070009
2019-02-09,bab_el_mandeb,53,17,36,2579993
2019-02-09,hormuz,70,50,20,2324679
2019-02-09,malacca,195,84,111,6832456
2019-02-09,suez,61,11,50,2239692
2019-02-10,bab_el_mandeb,65,19,46,3769471
2019-02-10,hormuz,71,45,26,3460682
2019-02-10,malacca,192,70,122,7210207
2019-02-10,suez,44,12,32,2294520
2019-02-11,bab_el_mandeb,55,19,36,2598186
2019-02-11,hormuz,49,30,19,2063782
2019-02-11,malacca,162,62,100,6682672
2019-02-11,suez,63,21,42,2687060
2019-02-12,bab_el_mandeb,48,16,32,1896119
2019-02-12,hormuz,62,36,26,1500141
2019-02-12,malacca,184,75,109,6536562
2019-02-12,suez,60,23,37,2897401
2019-02-13,bab_el_mandeb,61,15,46,2502056
2019-02-13,hormuz,59,40,19,1547260
2019-02-13,malacca,181,69,112,7355661
2019-02-13,suez,43,11,32,2977604
2019-02-14,bab_el_mandeb,42,12,30,2056282
2019-02-14,hormuz,74,44,30,1899874
2019-02-14,malacca,171,75,96,6674083
2019-02-14,suez,45,15,30,1453693
2019-02-15,bab_el_mandeb,55,18,37,2625903
2019-02-15,hormuz,73,40,33,2681367
2019-02-15,malacca,187,89,98,7312571
2019-02-15,suez,37,7,30,1959098
2019-02-16,bab_el_mandeb,71,22,49,3226121
2019-02-16,hormuz,74,47,27,3018876
2019-02-16,malacca,169,69,100,5927972
2019-02-16,suez,52,19,33,2035799
2019-02-17,bab_el_mandeb,58,22,36,2645253
2019-02-17,hormuz,49,34,15,1588882
2019-02-17,malacca,181,70,111,6981552
2019-02-17,suez,50,17,33,2285043
2019-02-18,bab_el_mandeb,54,15,39,2847798
2019-02-18,hormuz,82,47,35,2187931
2019-02-18,malacca,162,65,97,6777331
2019-02-18,suez,45,17,28,1998726
2019-02-19,bab_el_mandeb,55,19,36,2397239
2019-02-19,hormuz,65,38,27,1757081
2019-02-19,malacca,175,87,88,7206131
2019-02-19,suez,47,14,33,1848366
2019-02-20,bab_el_mandeb,52,13,39,2060603
2019-02-20,hormuz,76,46,30,1356080
2019-02-20,malacca,195,64,131,7673338
2019-02-20,suez,51,20,31,2670352
2019-02-21,bab_el_mandeb,42,11,31,2009799
2019-02-21,hormuz,84,53,31,1537440
2019-02-21,malacca,179,70,109,6439782
2019-02-21,suez,49,11,38,2643450
2019-02-22,bab_el_mandeb,49,17,32,1765373
2019-02-22,hormuz,86,51,35,2832792
2019-02-22,malacca,150,61,89,5315335
2019-02-22,suez,58,20,38,2873721
2019-02-23,bab_el_mandeb,52,11,41,2610968
2019-02-23,hormuz,85,56,29,3467383
2019-02-23,malacca,178,77,101,5871481
2019-02-23,suez,58,14,44,3154790
2019-02-24,bab_el_mandeb,58,27,31,3431344
2019-02-24,hormuz,78,45,33,2458685
2019-02-24,malacca,155,61,94,4503186
2019-02-24,suez,45,15,30,2285314
2019-02-25,bab_el_mandeb,53,12,41,2435988
2019-02-25,hormuz,55,34,21,2138517
2019-02-25,malacca,152,59,93,6540540
2019-02-25,suez,49,14,35,1811473
2019-02-26,bab_el_mandeb,48,18,30,2264421
2019-02-26,hormuz,59,33,26,1807557
2019-02-26,malacca,177,83,94,6752836
2019-02-26,suez,49,14,35,2136704
2019-02-27,bab_el_mandeb,46,13,33,1930352
2019-02-27,hormuz,48,30,18,1553808
2019-02-27,malacca,173,65,108,6558072
2019-02-27,suez,40,11,29,2158008
2019-02-28,bab_el_mandeb,48,20,28,2330170
2019-02-28,hormuz,64,38,26,1960670
2019-02-28,malacca,180,73,107,6693612
2019-02-28,suez,54,17,37,2082793
2019-03-01,bab_el_mandeb,47,16,31,1739215
2019-03-01,hormuz,79,55,24,3384253
2019-03-01,malacca,158,60,98,6628905
2019-03-01,suez,53,20,33,2725855
2019-03-02,bab_el_mandeb,52,16,36,2958598
2019-03-02,hormuz,71,40,31,2098452
2019-03-02,malacca,179,67,112,6737403
2019-03-02,suez,52,14,38,2667368
2019-03-03,bab_el_mandeb,54,20,34,2794537
2019-03-03,hormuz,73,48,25,1880865
2019-03-03,malacca,170,68,102,8303764
2019-03-03,suez,53,15,38,2810791
2019-03-04,bab_el_mandeb,34,15,19,1129394
2019-03-04,hormuz,56,36,20,1134205
2019-03-04,malacca,176,69,107,6670685
2019-03-04,suez,50,21,29,1957712
2019-03-05,bab_el_mandeb,44,15,29,2235085
2019-03-05,hormuz,78,47,31,2961850
2019-03-05,malacca,181,64,117,7340912
2019-03-05,suez,51,19,32,2274878
2019-03-06,bab_el_mandeb,61,18,43,2750402
2019-03-06,hormuz,90,57,33,2519549
2019-03-06,malacca,162,62,100,5395625
2019-03-06,suez,51,18,33,2341664
2019-03-07,bab_el_mandeb,41,14,27,2057335
2019-03-07,hormuz,53,35,18,1532181
2019-03-07,malacca,165,63,102,6502050
2019-03-07,suez,54,22,32,2726868
2019-03-08,bab_el_mandeb,48,17,31,1838824
2019-03-08,hormuz,77,51,26,3196107
2019-03-08,malacca,153,54,99,6109873
2019-03-08,suez,46,17,29,2661164
2019-03-09,bab_el_mandeb,59,20,39,2651655
2019-03-09,hormuz,90,61,29,3557860
2019-03-09,malacca,165,62,103,5524132
2019-03-09,suez,61,26,35,2533899
2019-03-10,bab_el_mandeb,60,27,33,2960392
2019-03-10,hormuz,56,39,17,1486656
2019-03-10,malacca,165,67,98,5697615
2019-03-10,suez,54,19,35,2228479
2019-03-11,bab_el_mandeb,57,19,38,2256913
2019-03-11,hormuz,47,26,21,1042984
2019-03-11,malacca,190,77,113,6672406
2019-03-11,suez,57,23,34,1963752
2019-03-12,bab_el_mandeb,53,26,27,2311399
2019-03-12,hormuz,57,39,18,3923699
2019-03-12,malacca,162,62,100,6597893
2019-03-12,suez,51,20,31,2654082
2019-03-13,bab_el_mandeb,40,13,27,2064223
2019-03-13,hormuz,78,47,31,3176933
2019-03-13,malacca,157,59,98,5503116
2019-03-13,suez,41,9,32,2368032
2019-03-14,bab_el_mandeb,61,25,36,3042393
2019-03-14,hormuz,64,38,26,2464358
2019-03-14,malacca,157,55,102,6040503
2019-03-14,suez,58,22,36,2630242
2019-03-15,bab_el_mandeb,60,25,35,2283740
2019-03-15,hormuz,63,39,24,3179138
2019-03-15,malacca,171,69,102,7031219
2019-03-15,suez,50,17,33,2125632
2019-03-16,bab_el_mandeb,74,22,52,3732734
2019-03-16,hormuz,60,37,23,2179311
2019-03-16,malacca,150,61,89,6426106
2019-03-16,suez,44,11,33,1964177
2019-03-17,bab_el_mandeb,50,18,32,2876173
2019-03-17,hormuz,79,50,29,2455860
2019-03-17,malacca,169,63,106,6861809
2019-03-17,suez,42,14,28,1847572
2019-03-18,bab_el_mandeb,48,24,24,1596348
2019-03-18,hormuz,44,34,10,1453455
2019-03-18,malacca,167,69,98,7224616
2019-03-18,suez,41,11,30,1705157
2019-03-19,bab_el_mandeb,37,10,27,1722763
2019-03-19,hormuz,65,39,26,1974219
2019-03-19,malacca,169,62,107,6240127
2019-03-19,suez,63,22,41,2614813
2019-03-20,bab_el_mandeb,58,15,43,2381561
2019-03-20,hormuz,72,45,27,2134119
2019-03-20,malacca,160,70,90,6623759
2019-03-20,suez,47,17,30,3244569
2019-03-21,bab_el_mandeb,46,20,26,2268404
2019-03-21,hormuz,61,39,22,2062021
2019-03-21,malacca,156,58,98,6250696
2019-03-21,suez,42,12,30,1917590
2019-03-22,bab_el_mandeb,50,15,35,1894049
2019-03-22,hormuz,61,37,24,2305868
2019-03-22,malacca,148,68,80,6850747
2019-03-22,suez,46,17,29,1855909
2019-03-23,bab_el_mandeb,60,16,44,2772982
2019-03-23,hormuz,68,38,30,3179864
2019-03-23,malacca,174,63,111,6458314
2019-03-23,suez,48,18,30,2673383
2019-03-24,bab_el_mandeb,52,15,37,2273557
2019-03-24,hormuz,64,36,28,1124303
2019-03-24,malacca,178,74,104,8102215
2019-03-24,suez,51,19,32,1957809
2019-03-25,bab_el_mandeb,55,23,32,2833752
2019-03-25,hormuz,53,27,26,1610495
2019-03-25,malacca,161,58,103,4929287
2019-03-25,suez,46,20,26,2185682
2019-03-26,bab_el_mandeb,61,25,36,2934890
2019-03-26,hormuz,63,38,25,1699049
2019-03-26,malacca,150,59,91,5880111
2019-03-26,suez,46,16,30,2598389
2019-03-27,bab_el_mandeb,48,17,31,2568027
2019-03-27,hormuz,67,42,25,1432725
2019-03-27,malacca,144,54,90,4364474
2019-03-27,suez,45,7,38,2445779
2019-03-28,bab_el_mandeb,42,8,34,1524086
2019-03-28,hormuz,49,33,16,2571426
2019-03-28,malacca,202,75,127,8268254
2019-03-28,suez,63,18,45,2207292
2019-03-29,bab_el_mandeb,47,14,33,2050268
2019-03-29,hormuz,80,40,40,3318965
2019-03-29,malacca,184,74,110,6831945
2019-03-29,suez,59,19,40,2946292
2019-03-30,bab_el_mandeb,51,18,33,2402269
2019-03-30,hormuz,81,55,26,2612253
2019-03-30,malacca,167,58,109,6325609
2019-03-30,suez,43,12,31,2410984
2019-03-31,bab_el_mandeb,44,11,33,2091848
2019-03-31,hormuz,60,38,22,2475816
2019-03-31,malacca,152,50,102,6153873
2019-03-31,suez,34,11,23,1885135
2019-04-01,bab_el_mandeb,53,17,36,3217825
2019-04-01,hormuz,78,49,29,2360702
2019-04-01,malacca,190,81,109,7429730
2019-04-01,suez,67,24,43,2605538
2019-04-02,bab_el_mandeb,54,18,36,2834907
2019-04-02,hormuz,58,31,27,1773838
2019-04-02,malacca,169,63,106,6780422
2019-04-02,suez,54,14,40,2335847
2019-04-03,bab_el_mandeb,49,16,33,2219080
2019-04-03,hormuz,65,35,30,2311542
2019-04-03,malacca,164,63,101,5601655
2019-04-03,suez,50,17,33,2667596
2019-04-04,bab_el_mandeb,54,11,43,2142433
2019-04-04,hormuz,37,23,14,704468
2019-04-04,malacca,167,60,107,7031548
2019-04-04,suez,54,19,35,2729765
2019-04-05,bab_el_mandeb,43,16,27,1569909
2019-04-05,hormuz,78,47,31,3044904
2019-04-05,malacca,163,56,107,5631970
2019-04-05,suez,62,19,43,3538895
2019-04-06,bab_el_mandeb,53,11,42,2968944
2019-04-06,hormuz,82,50,32,2611089
2019-04-06,malacca,174,66,108,6477443
2019-04-06,suez,46,15,31,2614106
2019-04-07,bab_el_mandeb,71,25,46,3820421
2019-04-07,hormuz,70,47,23,2708147
2019-04-07,malacca,184,73,111,6466431
2019-04-07,suez,41,14,27,2010249
2019-04-08,bab_el_mandeb,51,20,31,2259297
2019-04-08,hormuz,82,47,35,2616412
2019-04-08,malacca,172,62,110,7090167
2019-04-08,suez,63,18,45,2589550
2019-04-09,bab_el_mandeb,45,16,29,1983835
2019-04-09,hormuz,83,58,25,3154195
2019-04-09,malacca,177,61,116,7058383
2019-04-09,suez,63,20,43,3255736
2019-04-10,bab_el_mandeb,55,17,38,2776536
2019-04-10,hormuz,65,39,26,2944966
2019-04-10,malacca,195,73,122,9323344
2019-04-10,suez,45,12,33,2148040
2019-04-11,bab_el_mandeb,64,21,43,3717833
2019-04-11,hormuz,68,47,21,2999385
2019-04-11,malacca,175,53,122,7227790
2019-04-11,suez,58,16,42,2385009
2019-04-12,bab_el_mandeb,55,20,35,2368892
2019-04-12,hormuz,60,40,20,1748674
2019-04-12,malacca,179,67,112,7422043
2019-04-12,suez,42,10,32,2896666
2019-04-13,bab_el_mandeb,63,12,51,3256638
2019-04-13,hormuz,73,44,29,2014012
2019-04-13,malacca,139,54,85,7414899
2019-04-13,suez,42,13,29,1867169
2019-04-14,bab_el_mandeb,64,19,45,3031913
2019-04-14,hormuz,47,27,20,1517596
2019-04-14,malacca,203,79,124,7439791
2019-04-14,suez,50,17,33,2790655
2019-04-15,bab_el_mandeb,41,15,26,2655420
2019-04-15,hormuz,89,49,40,2992304
2019-04-15,malacca,183,68,115,8149362
2019-04-15,suez,50,13,37,2058834
2019-04-16,bab_el_mandeb,48,21,27,2057400
2019-04-16,hormuz,81,43,38,3253972
2019-04-16,malacca,189,75,114,6338177
2019-04-16,suez,58,14,44,2220727
2019-04-17,bab_el_mandeb,46,14,32,2371433
2019-04-17,hormuz,89,48,41,4839129
2019-04-17,malacca,160,57,103,6179247
2019-04-17,suez,55,14,41,3581901
2019-04-18,bab_el_mandeb,57,21,36,3030006
2019-04-18,hormuz,68,44,24,3282607
2019-04-18,malacca,157,67,90,4957639
2019-04-18,suez,53,21,32,2567642
2019-04-19,bab_el_mandeb,56,16,40,2179915
2019-04-19,hormuz,100,67,33,4200249
2019-04-19,malacca,138,60,78,5459624
2019-04-19,suez,54,13,41,2835174
2019-04-20,bab_el_mandeb,65,18,47,2922915
2019-04-20,hormuz,96,57,39,3844730
2019-04-20,malacca,177,66,111,7563945
2019-04-20,suez,31,9,22,1610561
2019-04-21,bab_el_mandeb,53,18,35,2361391
2019-04-21,hormuz,91,49,42,2837054
2019-04-21,malacca,186,74,112,7022555
2019-04-21,suez,48,14,34,2088935
2019-04-22,bab_el_mandeb,61,14,47,2839620
2019-04-22,hormuz,96,49,47,4953033
2019-04-22,malacca,173,68,105,6614820
2019-04-22,suez,61,21,40,3005522
2019-04-23,bab_el_mandeb,52,15,37,2364253
2019-04-23,hormuz,58,34,24,2758438
2019-04-23,malacca,193,63,130,6995251
2019-04-23,suez,61,23,38,2518693
2019-04-24,bab_el_mandeb,47,20,27,2258035
2019-04-24,hormuz,72,43,29,2883500
2019-04-24,malacca,174,65,109,7084584
2019-04-24,suez,52,11,41,2443527
2019-04-25,bab_el_mandeb,69,24,45,3046248
2019-04-25,hormuz,75,46,29,1773689
2019-04-25,malacca,168,63,105,6566292
2019-04-25,suez,43,9,34,2093793
2019-04-26,bab_el_mandeb,47,19,28,1952075
2019-04-26,hormuz,75,45,30,3409221
2019-04-26,malacca,165,69,96,6085338
2019-04-26,suez,49,22,27,2190417
2019-04-27,bab_el_mandeb,63,20,43,2983313
2019-04-27,hormuz,106,65,41,4084526
2019-04-27,malacca,180,71,109,6968655
2019-04-27,suez,58,14,44,3087318
2019-04-28,bab_el_mandeb,59,17,42,2450812
2019-04-28,hormuz,91,52,39,4819116
2019-04-28,malacca,169,77,92,8476802
2019-04-28,suez,48,8,40,1645146
2019-04-29,bab_el_mandeb,50,17,33,2384610
2019-04-29,hormuz,103,58,45,4121756
2019-04-29,malacca,163,62,101,6883887
2019-04-29,suez,61,23,38,3129942
2019-04-30,bab_el_mandeb,45,14,31,2239125
2019-04-30,hormuz,70,42,28,2993566
2019-04-30,malacca,173,68,105,6375227
2019-04-30,suez,52,20,32,2284408
2019-05-01,bab_el_mandeb,51,19,32,2489709
2019-05-01,hormuz,63,37,26,1939881
2019-05-01,malacca,165,70,95,6727569
2019-05-01,suez,55,17,38,3254187
2019-05-02,bab_el_mandeb,50,12,38,2389680
2019-05-02,hormuz,104,62,42,4044130
2019-05-02,malacca,162,62,100,7182774
2019-05-02,suez,45,14,31,1763455
2019-05-03,bab_el_mandeb,49,18,31,3007590
2019-05-03,hormuz,99,52,47,3922601
2019-05-03,malacca,156,73,83,6206319
2019-05-03,suez,52,17,35,2866424
2019-05-04,bab_el_mandeb,56,12,44,2781186
2019-05-04,hormuz,76,49,27,5344751
2019-05-04,malacca,187,73,114,6894916
2019-05-04,suez,48,15,33,2225721
2019-05-05,bab_el_mandeb,63,26,37,3414723
2019-05-05,hormuz,62,37,25,3521940
2019-05-05,malacca,162,54,108,5876450
2019-05-05,suez,44,17,27,2038516
2019-05-06,bab_el_mandeb,45,20,25,2207668
2019-05-06,hormuz,78,47,31,3739919
2019-05-06,malacca,149,48,101,5554022
2019-05-06,suez,56,11,45,1829929
2019-05-07,bab_el_mandeb,51,16,35,2448641
2019-05-07,hormuz,81,54,27,2602443
2019-05-07,malacca,168,71,97,6890711
2019-05-07,suez,56,17,39,2878302
2019-05-08,bab_el_mandeb,52,17,35,3239402
2019-05-08,hormuz,103,62,41,4129964
2019-05-08,malacca,145,54,91,5811802
2019-05-08,suez,49,13,36,2932105
2019-05-09,bab_el_mandeb,54,12,42,2308192
2019-05-09,hormuz,72,36,36,2803937
2019-05-09,malacca,163,65,98,6158262
2019-05-09,suez,38,11,27,1979999
2019-05-10,bab_el_mandeb,37,15,22,1987513
2019-05-10,hormuz,73,47,26,2616747
2019-05-10,malacca,165,72,93,6129440
2019-05-10,suez,63,18,45,2867728
2019-05-11,bab_el_mandeb,58,17,41,2961780
2019-05-11,hormuz,77,50,27,2803426
2019-05-11,malacca,165,65,100,4929766
2019-05-11,suez,49,24,25,2665164
2019-05-12,bab_el_mandeb,51,17,34,2476081
2019-05-12,hormuz,75,49,26,3978081
2019-05-12,malacca,205,85,120,7161585
2019-05-12,suez,47,11,36,2094306
2019-05-13,bab_el_mandeb,49,17,32,1745396
2019-05-13,hormuz,84,48,36,3106648
2019-05-13,malacca,178,70,108,6899142
2019-05-13,suez,54,14,40,2256938
2019-05-14,bab_el_mandeb,54,14,40,2401350
2019-05-14,hormuz,53,27,26,2007535
2019-05-14,malacca,173,70,103,5939733
2019-05-14,suez,59,19,40,2308804
2019-05-15,bab_el_mandeb,55,18,37,2958567
2019-05-15,hormuz,82,55,27,3874164
2019-05-15,malacca,185,83,102,7090378
2019-05-15,suez,53,18,35,2677249
2019-05-16,bab_el_mandeb,48,22,26,2348323
2019-05-16,hormuz,73,47,26,3107953
2019-05-16,malacca,161,65,96,7128178
2019-05-16,suez,58,22,36,3093674
2019-05-17,bab_el_mandeb,44,11,33,1685401
2019-05-17,hormuz,101,57,44,3934375
2019-05-17,malacca,162,78,84,5574755
2019-05-17,suez,45,13,32,2483101
2019-05-18,bab_el_mandeb,62,27,35,3324120
2019-05-18,hormuz,73,47,26,3279814
2019-05-18,malacca,162,61,101,6666035
2019-05-18,suez,38,6,32,2556621
2019-05-19,bab_el_mandeb,61,18,43,3067816
2019-05-19,hormuz,78,53,25,3985588
2019-05-19,malacca,167,60,107,6525755
2019-05-19,suez,54,22,32,1950608
2019-05-20,bab_el_mandeb,46,12,34,2451596
2019-05-20,hormuz,65,42,23,2882318
2019-05-20,malacca,172,62,110,5701521
2019-05-20,suez,52,15,37,2532558
2019-05-21,bab_el_mandeb,52,24,28,2413129
2019-05-21,hormuz,52,32,20,3250849
2019-05-21,malacca,167,69,98,5680479
2019-05-21,suez,60,22,38,2801273
2019-05-22,bab_el_mandeb,61,21,40,2653453
2019-05-22,hormuz,68,39,29,2038218
2019-05-22,malacca,171,70,101,7599658
2019-05-22,suez,54,17,37,2990681
2019-05-23,bab_el_mandeb,45,14,31,1839892
2019-05-23,hormuz,80,53,27,3163066
2019-05-23,malacca,178,82,96,6379747
2019-05-23,suez,58,20,38,2068432
2019-05-24,bab_el_mandeb,51,20,31,2211506
2019-05-24,hormuz,88,49,39,3068688
2019-05-24,malacca,154,64,90,5292097
2019-05-24,suez,44,15,29,3164114
2019-05-25,bab_el_mandeb,61,14,47,2898674
2019-05-25,hormuz,85,50,35,4472291
2019-05-25,malacca,164,66,98,6757491
2019-05-25,suez,42,11,31,2061872
2019-05-26,bab_el_mandeb,56,17,39,2358929
2019-05-26,hormuz,78,54,24,3287221
2019-05-26,malacca,180,59,121,7093361
2019-05-26,suez,53,16,37,1774528
2019-05-27,bab_el_mandeb,46,17,29,2497059
2019-05-27,hormuz,101,62,39,5154443
2019-05-27,malacca,167,69,98,6106654
2019-05-27,suez,51,16,35,1823962
2019-05-28,bab_el_mandeb,47,18,29,2172788
2019-05-28,hormuz,64,35,29,1851668
2019-05-28,malacca,147,55,92,4975265
2019-05-28,suez,63,16,47,1927154
2019-05-29,bab_el_mandeb,46,11,35,2060842
2019-05-29,hormuz,98,52,46,3536643
2019-05-29,malacca,172,75,97,8036660
2019-05-29,suez,45,10,35,2695075
2019-05-30,bab_el_mandeb,42,15,27,1782097
2019-05-30,hormuz,102,66,36,3840402
2019-05-30,malacca,185,73,112,7474579
2019-05-30,suez,65,27,38,2245326
2019-05-31,bab_el_mandeb,46,18,28,2189977
2019-05-31,hormuz,88,52,36,3235248
2019-05-31,malacca,179,79,100,5432269
2019-05-31,suez,51,11,40,3080414
2019-06-01,bab_el_mandeb,35,12,23,1646465
2019-06-01,hormuz,42,28,14,1738311
2019-06-01,malacca,114,41,73,4821275
2019-06-01,suez,40,14,26,2198864
2019-06-02,bab_el_mandeb,58,22,36,2431669
2019-06-02,hormuz,92,58,34,3945551
2019-06-02,malacca,166,69,97,6747089
2019-06-02,suez,49,23,26,1847630
2019-06-03,bab_el_mandeb,48,20,28,3007746
2019-06-03,hormuz,104,67,37,5359688
2019-06-03,malacca,186,78,108,6123556
2019-06-03,suez,49,7,42,1893446
2019-06-04,bab_el_mandeb,59,20,39,3257097
2019-06-04,hormuz,105,70,35,3871293
2019-06-04,malacca,163,70,93,5973101
2019-06-04,suez,49,15,34,2369807
2019-06-05,bab_el_mandeb,45,16,29,2211116
2019-06-05,hormuz,58,36,22,1917398
2019-06-05,malacca,144,66,78,3344730
2019-06-05,suez,60,23,37,2960216
2019-06-06,bab_el_mandeb,49,13,36,1756671
2019-06-06,hormuz,82,43,39,1618608
2019-06-06,malacca,176,79,97,7377932
2019-06-06,suez,52,16,36,2614763
2019-06-07,bab_el_mandeb,48,12,36,2197399
2019-06-07,hormuz,92,57,35,4924155
2019-06-07,malacca,152,58,94,5687429
2019-06-07,suez,57,19,38,2787417
2019-06-08,bab_el_mandeb,58,17,41,2543529
2019-06-08,hormuz,81,51,30,3518106
2019-06-08,malacca,153,63,90,5955229
2019-06-08,suez,41,13,28,2802400
2019-06-09,bab_el_mandeb,47,18,29,2728035
2019-06-09,hormuz,71,43,28,2126572
2019-06-09,malacca,175,73,102,7277228
2019-06-09,suez,58,20,38,3061630
2019-06-10,bab_el_mandeb,51,13,38,2575698
2019-06-10,hormuz,85,46,39,3086878
2019-06-10,malacca,169,59,110,5351118
2019-06-10,suez,57,15,42,2838678
2019-06-11,bab_el_mandeb,57,18,39,2839146
2019-06-11,hormuz,92,54,38,3900497
2019-06-11,malacca,170,70,100,6665560
2019-06-11,suez,54,20,34,2391227
2019-06-12,bab_el_mandeb,47,17,30,2210907
2019-06-12,hormuz,80,51,29,3423763
2019-06-12,malacca,177,72,105,5710666
2019-06-12,suez,40,8,32,2295883
2019-06-13,bab_el_mandeb,40,16,24,2281029
2019-06-13,hormuz,61,39,22,2028227
2019-06-13,malacca,160,70,90,5792145
2019-06-13,suez,49,25,24,2355553
2019-06-14,bab_el_mandeb,50,15,35,2489399
2019-06-14,hormuz,65,36,29,2180289
2019-06-14,malacca,135,54,81,5218261
2019-06-14,suez,49,16,33,2485241
2019-06-15,bab_el_mandeb,52,18,34,2566080
2019-06-15,hormuz,70,35,35,2444184
2019-06-15,malacca,156,73,83,6422482
2019-06-15,suez,45,11,34,2726413
2019-06-16,bab_el_mandeb,52,19,33,2553829
2019-06-16,hormuz,113,77,36,5571449
2019-06-16,malacca,174,69,105,6063960
2019-06-16,suez,54,24,30,1988567
2019-06-17,bab_el_mandeb,38,13,25,2433356
2019-06-17,hormuz,95,59,36,4316161
2019-06-17,malacca,134,48,86,5065985
2019-06-17,suez,43,10,33,2173667
2019-06-18,bab_el_mandeb,44,13,31,2192685
2019-06-18,hormuz,86,52,34,4686652
2019-06-18,malacca,185,68,117,6929314
2019-06-18,suez,49,11,38,1627640
2019-06-19,bab_el_mandeb,50,22,28,2294717
2019-06-19,hormuz,74,48,26,2389607
2019-06-19,malacca,173,69,104,6664444
2019-06-19,suez,43,8,35,2727192
2019-06-20,bab_el_mandeb,51,17,34,2326484
2019-06-20,hormuz,92,52,40,2733634
2019-06-20,malacca,154,60,94,5900545
2019-06-20,suez,48,13,35,2465007
2019-06-21,bab_el_mandeb,48,17,31,2004638
2019-06-21,hormuz,95,53,42,4052324
2019-06-21,malacca,149,63,86,5485545
2019-06-21,suez,52,14,38,2496513
2019-06-22,bab_el_mandeb,71,20,51,3452780
2019-06-22,hormuz,91,52,39,3020932
2019-06-22,malacca,159,64,95,5704041
2019-06-22,suez,50,19,31,2353914
2019-06-23,bab_el_mandeb,50,14,36,2340900
2019-06-23,hormuz,62,39,23,3212877
2019-06-23,malacca,187,74,113,5562477
2019-06-23,suez,43,11,32,2473761
2019-06-24,bab_el_mandeb,58,15,43,3002747
2019-06-24,hormuz,117,79,38,4211209
2019-06-24,malacca,178,60,118,5498618
2019-06-24,suez,46,16,30,2024625
2019-06-25,bab_el_mandeb,67,24,43,2980210
2019-06-25,hormuz,105,72,33,4789481
2019-06-25,malacca,176,68,108,8748979
2019-06-25,suez,50,18,32,1639090
2019-06-26,bab_el_mandeb,55,17,38,2610223
2019-06-26,hormuz,105,66,39,5271088
2019-06-26,malacca,141,54,87,5485868
2019-06-26,suez,51,14,37,2882599
2019-06-27,bab_el_mandeb,60,22,38,3046891
2019-06-27,hormuz,105,62,43,3605079
2019-06-27,malacca,173,71,102,7109764
2019-06-27,suez,49,13,36,2218885
2019-06-28,bab_el_mandeb,39,11,28,2129476
2019-06-28,hormuz,89,51,38,4128681
2019-06-28,malacca,163,70,93,7070995
2019-06-28,suez,69,19,50,2889284
2019-06-29,bab_el_mandeb,37,11,26,1528296
2019-06-29,hormuz,73,51,22,2452436
2019-06-29,malacca,172,70,102,6882090
2019-06-29,suez,49,13,36,2680676
2019-06-30,bab_el_mandeb,51,13,38,2193455
2019-06-30,hormuz,109,60,49,5075749
2019-06-30,malacca,167,63,104,5666223
2019-06-30,suez,43,15,28,2418426
2019-07-01,bab_el_mandeb,45,17,28,2054217
2019-07-01,hormuz,115,68,47,4310557
2019-07-01,malacca,167,73,94,6513076
2019-07-01,suez,49,14,35,2183879
2019-07-02,bab_el_mandeb,49,17,32,2311515
2019-07-02,hormuz,91,49,42,3234447
2019-07-02,malacca,170,48,122,4873442
2019-07-02,suez,49,14,35,1746929
2019-07-03,bab_el_mandeb,47,14,33,2264390
2019-07-03,hormuz,117,72,45,4706191
2019-07-03,malacca,166,61,105,5409716
2019-07-03,suez,46,8,38,2546650
2019-07-04,bab_el_mandeb,61,17,44,3037073
2019-07-04,hormuz,123,66,57,6444727
2019-07-04,malacca,170,72,98,6396915
2019-07-04,suez,44,19,25,2029262
2019-07-05,bab_el_mandeb,51,15,36,1864807
2019-07-05,hormuz,91,57,34,3773116
2019-07-05,malacca,163,67,96,6939696
2019-07-05,suez,48,12,36,2531892
2019-07-06,bab_el_mandeb,50,18,32,2865851
2019-07-06,hormuz,122,65,57,3734624
2019-07-06,malacca,151,57,94,6135335
2019-07-06,suez,50,13,37,1953267
2019-07-07,bab_el_mandeb,48,16,32,2463681
2019-07-07,hormuz,99,53,46,3707905
2019-07-07,malacca,155,59,96,6386444
2019-07-07,suez,52,26,26,2087571
2019-07-08,bab_el_mandeb,44,10,34,2093532
2019-07-08,hormuz,96,58,38,2819909
2019-07-08,malacca,168,64,104,6402496
2019-07-08,suez,54,17,37,2624865
2019-07-09,bab_el_mandeb,46,16,30,2222814
2019-07-09,hormuz,75,43,32,1796502
2019-07-09,malacca,173,64,109,6493014
2019-07-09,suez,56,17,39,3011488
2019-07-10,bab_el_mandeb,50,19,31,2000935
2019-07-10,hormuz,66,41,25,2769466
2019-07-10,malacca,157,61,96,5406886
2019-07-10,suez,52,8,44,2779044
2019-07-11,bab_el_mandeb,44,14,30,2116586
2019-07-11,hormuz,94,53,41,3097849
2019-07-11,malacca,171,68,103,6141425
2019-07-11,suez,60,26,34,2813026
2019-07-12,bab_el_mandeb,53,25,28,2316545
2019-07-12,hormuz,108,67,41,4690194
2019-07-12,malacca,146,68,78,4364551
2019-07-12,suez,43,13,30,2581591
2019-07-13,bab_el_mandeb,71,22,49,3272553
2019-07-13,hormuz,71,40,31,2700554
2019-07-13,malacca,169,59,110,6454347
2019-07-13,suez,55,15,40,2411045
2019-07-14,bab_el_mandeb,53,21,32,2504593
2019-07-14,hormuz,89,46,43,3053750
2019-07-14,malacca,175,68,107,6640952
2019-07-14,suez,54,19,35,3366985
2019-07-15,bab_el_mandeb,73,21,52,3617549
2019-07-15,hormuz,98,54,44,3953015
2019-07-15,malacca,172,64,108,8116305
2019-07-15,suez,56,16,40,2344693
2019-07-16,bab_el_mandeb,49,13,36,2187690
2019-07-16,hormuz,93,54,39,3888918
2019-07-16,malacca,146,54,92,5995064
2019-07-16,suez,50,13,37,1697664
2019-07-17,bab_el_mandeb,40,12,28,2138264
2019-07-17,hormuz,85,49,36,3388461
2019-07-17,malacca,146,56,90,5008306
2019-07-17,suez,43,11,32,2287746
2019-07-18,bab_el_mandeb,58,15,43,2656270
2019-07-18,hormuz,83,50,33,3022320
2019-07-18,malacca,180,65,115,5760654
2019-07-18,suez,56,17,39,1828225
2019-07-19,bab_el_mandeb,56,17,39,3249290
2019-07-19,hormuz,78,47,31,3244415
2019-07-19,malacca,174,71,103,6971943
2019-07-19,suez,52,10,42,3099630
2019-07-20,bab_el_mandeb,50,13,37,2261076
2019-07-20,hormuz,68,38,30,2958479
2019-07-20,malacca,177,67,110,7588401
2019-07-20,suez,57,15,42,2563265
2019-07-21,bab_el_mandeb,58,14,44,2795976
2019-07-21,hormuz,101,60,41,3507513
2019-07-21,malacca,199,76,123,7761949
2019-07-21,suez,51,17,34,2245866
2019-07-22,bab_el_mandeb,54,14,40,2279494
2019-07-22,hormuz,99,56,43,4062118
2019-07-22,malacca,184,71,113,7475953
2019-07-22,suez,42,6,36,1935450
2019-07-23,bab_el_mandeb,52,16,36,2634624
2019-07-23,hormuz,81,53,28,4262632
2019-07-23,malacca,168,69,99,5753343
2019-07-23,suez,54,16,38,2417178
2019-07-24,bab_el_mandeb,49,17,32,2017430
2019-07-24,hormuz,79,50,29,3686202
2019-07-24,malacca,156,64,92,6139307
2019-07-24,suez,50,16,34,3076480
2019-07-25,bab_el_mandeb,41,11,30,1705971
2019-07-25,hormuz,73,44,29,2534230
2019-07-25,malacca,159,55,104,5626966
2019-07-25,suez,61,19,42,3106523
2019-07-26,bab_el_mandeb,39,14,25,1804512
2019-07-26,hormuz,84,50,34,3914219
2019-07-26,malacca,150,62,88,5474783
2019-07-26,suez,50,7,43,2328357
2019-07-27,bab_el_mandeb,69,13,56,2692395
2019-07-27,hormuz,71,48,23,2668429
2019-07-27,malacca,167,74,93,6630280
2019-07-27,suez,51,15,36,2337199
2019-07-28,bab_el_mandeb,69,26,43,2896241
2019-07-28,hormuz,83,49,34,3295859
2019-07-28,malacca,166,56,110,6604486
2019-07-28,suez,59,19,40,2172264
2019-07-29,bab_el_mandeb,55,17,38,2545059
2019-07-29,hormuz,94,50,44,3774781
2019-07-29,malacca,170,72,98,7013850
2019-07-29,suez,48,20,28,2648932
2019-07-30,bab_el_mandeb,64,12,52,2137749
2019-07-30,hormuz,58,33,25,2107710
2019-07-30,malacca,187,67,120,7879957
2019-07-30,suez,55,12,43,2543928
2019-07-31,bab_el_mandeb,55,17,38,2915953
2019-07-31,hormuz,87,50,37,4273710
2019-07-31,malacca,160,69,91,6715155
2019-07-31,suez,51,11,40,2320494
2019-08-01,bab_el_mandeb,49,17,32,1980296
2019-08-01,hormuz,101,60,41,3230071
2019-08-01,malacca,172,76,96,6929823
2019-08-01,suez,75,26,49,3393797
2019-08-02,bab_el_mandeb,51,19,32,2576387
2019-08-02,hormuz,91,53,38,3627629
2019-08-02,malacca,156,64,92,4926537
2019-08-02,suez,58,18,40,3457902
2019-08-03,bab_el_mandeb,64,20,44,2317554
2019-08-03,hormuz,67,37,30,3175528
2019-08-03,malacca,166,61,105,6904267
2019-08-03,suez,59,13,46,2222925
2019-08-04,bab_el_mandeb,48,10,38,2156916
2019-08-04,hormuz,68,45,23,2741094
2019-08-04,malacca,144,60,84,5402465
2019-08-04,suez,48,12,36,1752882
2019-08-05,bab_el_mandeb,60,17,43,3558061
2019-08-05,hormuz,80,55,25,3069987
2019-08-05,malacca,147,55,92,6459516
2019-08-05,suez,45,11,34,1649389
2019-08-06,bab_el_mandeb,55,19,36,3150830
2019-08-06,hormuz,104,62,42,3547568
2019-08-06,malacca,162,56,106,5339450
2019-08-06,suez,63,18,45,3442878
2019-08-07,bab_el_mandeb,62,15,47,2181190
2019-08-07,hormuz,114,64,50,4091424
2019-08-07,malacca,166,60,106,5858386
2019-08-07,suez,61,19,42,2516402
2019-08-08,bab_el_mandeb,46,22,24,2193828
2019-08-08,hormuz,105,62,43,3554852
2019-08-08,malacca,139,51,88,5212001
2019-08-08,suez,52,19,33,2554334
2019-08-09,bab_el_mandeb,57,16,41,2150840
2019-08-09,hormuz,75,42,33,2887835
2019-08-09,malacca,150,52,98,5308186
2019-08-09,suez,56,17,39,2909975
2019-08-10,bab_el_mandeb,63,13,50,2428059
2019-08-10,hormuz,101,65,36,4556279
2019-08-10,malacca,154,68,86,6274697
2019-08-10,suez,55,18,37,2864455
2019-08-11,bab_el_mandeb,47,13,34,1822341
2019-08-11,hormuz,100,52,48,4428782
2019-08-11,malacca,162,63,99,6128180
2019-08-11,suez,61,18,43,2399580
2019-08-12,bab_el_mandeb,41,15,26,2669591
2019-08-12,hormuz,90,52,38,4438078
2019-08-12,malacca,166,63,103,7347318
2019-08-12,suez,53,17,36,2412031
2019-08-13,bab_el_mandeb,65,17,48,3320424
2019-08-13,hormuz,89,56,33,3779363
2019-08-13,malacca,199,70,129,6148137
2019-08-13,suez,55,17,38,2115678
2019-08-14,bab_el_mandeb,53,17,36,2411709
2019-08-14,hormuz,67,38,29,2382756
2019-08-14,malacca,167,59,108,6563440
2019-08-14,suez,50,15,35,2779951
2019-08-15,bab_el_mandeb,47,17,30,2675574
2019-08-15,hormuz,89,45,44,4245273
2019-08-15,malacca,135,52,83,6093100
2019-08-15,suez,59,12,47,2007342
2019-08-16,bab_el_mandeb,42,12,30,1842221
2019-08-16,hormuz,79,50,29,4094078
2019-08-16,malacca,127,60,67,6212141
2019-08-16,suez,55,20,35,2466657
2019-08-17,bab_el_mandeb,62,15,47,3077652
2019-08-17,hormuz,98,65,33,4491311
2019-08-17,malacca,157,64,93,5498138
2019-08-17,suez,43,12,31,2558567
2019-08-18,bab_el_mandeb,49,13,36,2427792
2019-08-18,hormuz,78,52,26,3447167
2019-08-18,malacca,170,74,96,7320808
2019-08-18,suez,52,12,40,1595323
2019-08-19,bab_el_mandeb,56,13,43,2293344
2019-08-19,hormuz,76,41,35,2919707
2019-08-19,malacca,170,60,110,6916474
2019-08-19,suez,46,12,34,1953515
2019-08-20,bab_el_mandeb,65,23,42,3318214
2019-08-20,hormuz,79,46,33,3941372
2019-08-20,malacca,185,70,115,7124282
2019-08-20,suez,53,12,41,2667938
2019-08-21,bab_el_mandeb,58,21,37,2248091
2019-08-21,hormuz,94,63,31,3339312
2019-08-21,malacca,186,64,122,7347119
2019-08-21,suez,50,18,32,2720183
2019-08-22,bab_el_mandeb,54,18,36,2675961
2019-08-22,hormuz,81,52,29,2916694
2019-08-22,malacca,187,70,117,6636889
2019-08-22,suez,49,17,32,2523157
2019-08-23,bab_el_mandeb,57,21,36,1896113
2019-08-23,hormuz,88,48,40,3593518
2019-08-23,malacca,147,66,81,6236678
2019-08-23,suez,67,17,50,2928430
2019-08-24,bab_el_mandeb,57,15,42,2415471
2019-08-24,hormuz,93,52,41,4364957
2019-08-24,malacca,175,80,95,5410747
2019-08-24,suez,55,14,41,2969534
2019-08-25,bab_el_mandeb,39,16,23,2083138
2019-08-25,hormuz,96,55,41,4491996
2019-08-25,malacca,192,64,128,7941600
2019-08-25,suez,63,20,43,2255491
2019-08-26,bab_el_mandeb,47,16,31,3190058
2019-08-26,hormuz,98,62,36,3861895
2019-08-26,malacca,170,58,112,5934743
2019-08-26,suez,59,18,41,2785876
2019-08-27,bab_el_mandeb,53,13,40,2380702
2019-08-27,hormuz,88,50,38,4049818
2019-08-27,malacca,196,87,109,6502905
2019-08-27,suez,57,19,38,3035491
2019-08-28,bab_el_mandeb,50,11,39,2544895
2019-08-28,hormuz,75,49,26,3810005
2019-08-28,malacca,178,75,103,6722631
2019-08-28,suez,55,17,38,2478277
2019-08-29,bab_el_mandeb,52,13,39,2244645
2019-08-29,hormuz,105,63,42,4176016
2019-08-29,malacca,167,67,100,6684955
2019-08-29,suez,49,12,37,2746466
2019-08-30,bab_el_mandeb,68,21,47,3198133
2019-08-30,hormuz,97,60,37,3481162
2019-08-30,malacca,161,61,100,7298751
2019-08-30,suez,61,13,48,2398545
2019-08-31,bab_el_mandeb,63,20,43,3476024
2019-08-31,hormuz,73,46,27,3088883
2019-08-31,malacca,167,68,99,7627145
2019-08-31,suez,44,16,28,2452764
2019-09-01,bab_el_mandeb,52,15,37,2316113
2019-09-01,hormuz,91,49,42,3548731
2019-09-01,malacca,195,66,129,7077621
2019-09-01,suez,65,18,47,2382818
2019-09-02,bab_el_mandeb,54,25,29,2711173
2019-09-02,hormuz,72,43,29,3815812
2019-09-02,malacca,180,67,113,6018069
2019-09-02,suez,51,11,40,2539149
2019-09-03,bab_el_mandeb,54,20,34,2027787
2019-09-03,hormuz,83,43,40,4557127
2019-09-03,malacca,165,54,111,7745393
2019-09-03,suez,56,19,37,2601837
2019-09-04,bab_el_mandeb,52,19,33,2534264
2019-09-04,hormuz,95,53,42,4800967
2019-09-04,malacca,191,73,118,6955048
2019-09-04,suez,44,16,28,2628608
2019-09-05,bab_el_mandeb,55,12,43,2172672
2019-09-05,hormuz,96,57,39,4892543
2019-09-05,malacca,162,54,108,5649336
2019-09-05,suez,53,10,43,3106826
2019-09-06,bab_el_mandeb,46,16,30,2344487
2019-09-06,hormuz,96,59,37,4356416
2019-09-06,malacca,143,65,78,4729711
2019-09-06,suez,52,24,28,2168889
2019-09-07,bab_el_mandeb,54,14,40,2531399
2019-09-07,hormuz,100,61,39,4131725
2019-09-07,malacca,190,88,102,7182796
2019-09-07,suez,53,17,36,2414193
2019-09-08,bab_el_mandeb,62,20,42,4133254
2019-09-08,hormuz,88,47,41,3052443
2019-09-08,malacca,159,55,104,6416625
2019-09-08,suez,51,13,38,2183017
2019-09-09,bab_el_mandeb,43,12,31,2483542
2019-09-09,hormuz,86,56,30,3541831
2019-09-09,malacca,165,58,107,6452434
2019-09-09,suez,58,23,35,2602173
2019-09-10,bab_el_mandeb,57,16,41,3639587
2019-09-10,hormuz,91,44,47,4571566
2019-09-10,malacca,191,75,116,6454213
2019-09-10,suez,57,19,38,2847494
2019-09-11,bab_el_mandeb,41,16,25,1613541
2019-09-11,hormuz,88,50,38,3003272
2019-09-11,malacca,191,62,129,7949719
2019-09-11,suez,47,12,35,2487275
2019-09-12,bab_el_mandeb,56,15,41,2042456
2019-09-12,hormuz,62,39,23,2503330
2019-09-12,malacca,178,66,112,6541297
2019-09-12,suez,56,20,36,2261431
2019-09-13,bab_el_mandeb,61,20,41,2312025
2019-09-13,hormuz,66,39,27,2592014
2019-09-13,malacca,188,81,107,6845840
2019-09-13,suez,55,14,41,2888228
2019-09-14,bab_el_mandeb,52,11,41,2722698
2019-09-14,hormuz,112,62,50,4764054
2019-09-14,malacca,179,75,104,7279698
2019-09-14,suez,42,14,28,2533336
2019-09-15,bab_el_mandeb,50,22,28,2234641
2019-09-15,hormuz,78,45,33,3273191
2019-09-15,malacca,180,59,121,7067515
2019-09-15,suez,52,15,37,2053997
2019-09-16,bab_el_mandeb,49,23,26,2563739
2019-09-16,hormuz,104,58,46,4196710
2019-09-16,malacca,179,78,101,6971374
2019-09-16,suez,51,13,38,2735806
2019-09-17,bab_el_mandeb,54,10,44,2748922
2019-09-17,hormuz,84,52,32,2465456
2019-09-17,malacca,182,68,114,6955373
2019-09-17,suez,50,15,35,2015123
2019-09-18,bab_el_mandeb,54,17,37,1692390
2019-09-18,hormuz,52,37,15,2112195
2019-09-18,malacca,172,75,97,6139472
2019-09-18,suez,52,16,36,1905223
2019-09-19,bab_el_mandeb,51,19,32,2008283
2019-09-19,hormuz,71,43,28,2861125
2019-09-19,malacca,170,55,115,6094348
2019-09-19,suez,55,16,39,2073735
2019-09-20,bab_el_mandeb,59,21,38,3217106
2019-09-20,hormuz,90,53,37,3313305
2019-09-20,malacca,172,69,103,6638188
2019-09-20,suez,51,16,35,2915091
2019-09-21,bab_el_mandeb,63,16,47,3100161
2019-09-21,hormuz,75,47,28,3325684
2019-09-21,malacca,151,55,96,6163696
2019-09-21,suez,47,13,34,2017167
2019-09-22,bab_el_mandeb,47,18,29,1838232
2019-09-22,hormuz,79,48,31,2593591
2019-09-22,malacca,162,61,101,8311181
2019-09-22,suez,52,13,39,1696651
2019-09-23,bab_el_mandeb,51,19,32,1898496
2019-09-23,hormuz,68,37,31,1979396
2019-09-23,malacca,173,78,95,6639708
2019-09-23,suez,59,21,38,2395979
2019-09-24,bab_el_mandeb,52,16,36,2407199
2019-09-24,hormuz,70,42,28,2446464
2019-09-24,malacca,172,58,114,7068344
2019-09-24,suez,55,17,38,3117043
2019-09-25,bab_el_mandeb,56,20,36,1852136
2019-09-25,hormuz,71,40,31,2968485
2019-09-25,malacca,176,69,107,6805120
2019-09-25,suez,57,14,43,3254467
2019-09-26,bab_el_mandeb,50,15,35,2467912
2019-09-26,hormuz,57,32,25,2031804
2019-09-26,malacca,167,58,109,7830812
2019-09-26,suez,62,23,39,2393982
2019-09-27,bab_el_mandeb,52,14,38,2873968
2019-09-27,hormuz,63,37,26,2804369
2019-09-27,malacca,151,74,77,4059278
2019-09-27,suez,46,13,33,2810066
2019-09-28,bab_el_mandeb,54,17,37,2637814
2019-09-28,hormuz,99,54,45,3601741
2019-09-28,malacca,157,55,102,5174511
2019-09-28,suez,50,16,34,2301186
2019-09-29,bab_el_mandeb,62,16,46,2701672
2019-09-29,hormuz,111,68,43,4416798
2019-09-29,malacca,178,69,109,8102681
2019-09-29,suez,51,17,34,2216043
2019-09-30,bab_el_mandeb,56,12,44,2305032
2019-09-30,hormuz,85,55,30,3587686
2019-09-30,malacca,150,53,97,7199068
2019-09-30,suez,61,20,41,2041500
2019-10-01,bab_el_mandeb,62,21,41,3149506
2019-10-01,hormuz,79,49,30,2800485
2019-10-01,malacca,159,64,95,7978595
2019-10-01,suez,50,13,37,2232562
2019-10-02,bab_el_mandeb,42,16,26,1841095
2019-10-02,hormuz,83,49,34,4470076
2019-10-02,malacca,169,54,115,7520082
2019-10-02,suez,57,15,42,2469868
2019-10-03,bab_el_mandeb,56,21,35,3328037
2019-10-03,hormuz,51,33,18,2217470
2019-10-03,malacca,155,50,105,5705655
2019-10-03,suez,64,14,50,2404872
2019-10-04,bab_el_mandeb,50,21,29,1852704
2019-10-04,hormuz,43,32,11,2450698
2019-10-04,malacca,169,72,97,5610079
2019-10-04,suez,52,17,35,2734693
2019-10-05,bab_el_mandeb,53,14,39,1949542
2019-10-05,hormuz,85,48,37,3907411
2019-10-05,malacca,168,75,93,7337511
2019-10-05,suez,62,15,47,3126673
2019-10-06,bab_el_mandeb,57,24,33,2252230
2019-10-06,hormuz,65,37,28,2563992
2019-10-06,malacca,164,58,106,5672505
2019-10-06,suez,55,21,34,2888954
2019-10-07,bab_el_mandeb,48,15,33,2015226
2019-10-07,hormuz,57,40,17,1656203
2019-10-07,malacca,163,71,92,7340583
2019-10-07,suez,56,14,42,2574362
2019-10-08,bab_el_mandeb,53,17,36,2322812
2019-10-08,hormuz,64,39,25,2766582
2019-10-08,malacca,155,61,94,5881104
2019-10-08,suez,55,22,33,2558984
2019-10-09,bab_el_mandeb,56,19,37,2839047
2019-10-09,hormuz,73,45,28,3399397
2019-10-09,malacca,193,80,113,7885719
2019-10-09,suez,56,18,38,2803846
2019-10-10,bab_el_mandeb,44,14,30,2845043
2019-10-10,hormuz,73,48,25,3023352
2019-10-10,malacca,175,64,111,6030634
2019-10-10,suez,55,17,38,2164473
2019-10-11,bab_el_mandeb,47,14,33,2222142
2019-10-11,hormuz,70,50,20,3565230
2019-10-11,malacca,174,69,105,5910773
2019-10-11,suez,66,22,44,2595607
2019-10-12,bab_el_mandeb,60,18,42,3295082
2019-10-12,hormuz,76,35,41,3257635
2019-10-12,malacca,173,70,103,5455996
2019-10-12,suez,60,13,47,2738171
2019-10-13,bab_el_mandeb,55,10,45,2569492
2019-10-13,hormuz,73,47,26,3278270
2019-10-13,malacca,197,88,109,9187102
2019-10-13,suez,53,14,39,1980925
2019-10-14,bab_el_mandeb,54,20,34,2702055
2019-10-14,hormuz,83,48,35,3351914
2019-10-14,malacca,169,71,98,7144495
2019-10-14,suez,51,18,33,2422788
2019-10-15,bab_el_mandeb,51,15,36,1885236
2019-10-15,hormuz,86,54,32,3401547
2019-10-15,malacca,173,66,107,6615033
2019-10-15,suez,51,12,39,1842400
2019-10-16,bab_el_mandeb,59,22,37,3097174
2019-10-16,hormuz,106,67,39,5258076
2019-10-16,malacca,180,69,111,6073004
2019-10-16,suez,53,15,38,2688957
2019-10-17,bab_el_mandeb,56,18,38,2497556
2019-10-17,hormuz,109,67,42,4482645
2019-10-17,malacca,176,68,108,7014590
2019-10-17,suez,58,22,36,2489437
2019-10-18,bab_el_mandeb,49,23,26,2396123
2019-10-18,hormuz,73,41,32,3850077
2019-10-18,malacca,157,69,88,5599304
2019-10-18,suez,59,18,41,2661655
2019-10-19,bab_el_mandeb,57,21,36,2855933
2019-10-19,hormuz,47,29,18,1993978
2019-10-19,malacca,154,68,86,5929644
2019-10-19,suez,62,24,38,3069539
2019-10-20,bab_el_mandeb,55,18,37,1987527
2019-10-20,hormuz,97,56,41,3652243
2019-10-20,malacca,164,61,103,7444972
2019-10-20,suez,47,15,32,2383965
2019-10-21,bab_el_mandeb,60,22,38,3048351
2019-10-21,hormuz,65,41,24,3095458
2019-10-21,malacca,158,58,100,5983034
2019-10-21,suez,57,21,36,2496773
2019-10-22,bab_el_mandeb,56,19,37,3188943
2019-10-22,hormuz,79,48,31,2353188
2019-10-22,malacca,177,79,98,7244249
2019-10-22,suez,64,25,39,2347581
2019-10-23,bab_el_mandeb,64,21,43,3123237
2019-10-23,hormuz,87,49,38,3828049
2019-10-23,malacca,169,64,105,7119968
2019-10-23,suez,62,18,44,2806709
2019-10-24,bab_el_mandeb,47,18,29,2019005
2019-10-24,hormuz,62,41,21,2858304
2019-10-24,malacca,162,71,91,8089476
2019-10-24,suez,60,17,43,2800253
2019-10-25,bab_el_mandeb,44,14,30,1666078
2019-10-25,hormuz,79,46,33,2782239
2019-10-25,malacca,185,73,112,7426344
2019-10-25,suez,52,17,35,2127977
2019-10-26,bab_el_mandeb,73,27,46,3125822
2019-10-26,hormuz,78,48,30,3510904
2019-10-26,malacca,201,84,117,9300451
2019-10-26,suez,60,20,40,3655893
2019-10-27,bab_el_mandeb,50,12,38,2462535
2019-10-27,hormuz,77,40,37,3428397
2019-10-27,malacca,181,76,105,6299858
2019-10-27,suez,58,13,45,3020393
2019-10-28,bab_el_mandeb,56,15,41,2122174
2019-10-28,hormuz,49,27,22,2694414
2019-10-28,malacca,163,58,105,6420036
2019-10-28,suez,51,23,28,2162534
2019-10-29,bab_el_mandeb,54,20,34,2906038
2019-10-29,hormuz,74,46,28,3454201
2019-10-29,malacca,156,57,99,6694377
2019-10-29,suez,53,19,34,1671188
2019-10-30,bab_el_mandeb,50,17,33,2967478
2019-10-30,hormuz,98,66,32,3116184
2019-10-30,malacca,163,68,95,5052761
2019-10-30,suez,62,15,47,2956366
2019-10-31,bab_el_mandeb,63,24,39,3045473
2019-10-31,hormuz,67,41,26,2370959
2019-10-31,malacca,195,76,119,7475307
2019-10-31,suez,59,20,39,2698972
2019-11-01,bab_el_mandeb,46,15,31,2467186
2019-11-01,hormuz,75,46,29,3260296
2019-11-01,malacca,144,58,86,7186832
2019-11-01,suez,53,17,36,2536049
2019-11-02,bab_el_mandeb,51,14,37,1771397
2019-11-02,hormuz,58,35,23,1015054
2019-11-02,malacca,164,74,90,4377483
2019-11-02,suez,54,19,35,2823117
2019-11-03,bab_el_mandeb,59,17,42,2706596
2019-11-03,hormuz,51,31,20,2207881
2019-11-03,malacca,182,75,107,6560551
2019-11-03,suez,51,20,31,2036345
2019-11-04,bab_el_mandeb,63,24,39,3186253
2019-11-04,hormuz,73,45,28,4043824
2019-11-04,malacca,171,69,102,6441849
2019-11-04,suez,59,18,41,2287790
2019-11-05,bab_el_mandeb,47,20,27,2420369
2019-11-05,hormuz,59,29,30,3553766
2019-11-05,malacca,197,69,128,8148305
2019-11-05,suez,52,16,36,2940250
2019-11-06,bab_el_mandeb,70,18,52,3190249
2019-11-06,hormuz,66,44,22,3643667
2019-11-06,malacca,177,73,104,7788226
2019-11-06,suez,49,14,35,1769104
2019-11-07,bab_el_mandeb,43,19,24,2505247
2019-11-07,hormuz,59,36,23,1921043
2019-11-07,malacca,179,69,110,6685236
2019-11-07,suez,46,17,29,1834170
2019-11-08,bab_el_mandeb,46,12,34,2301044
2019-11-08,hormuz,70,46,24,3308835
2019-11-08,malacca,179,78,101,7075576
2019-11-08,suez,50,11,39,2433298
2019-11-09,bab_el_mandeb,53,17,36,2632133
2019-11-09,hormuz,71,42,29,3222759
2019-11-09,malacca,174,74,100,6089836
2019-11-09,suez,59,21,38,2393937
2019-11-10,bab_el_mandeb,57,18,39,2708042
2019-11-10,hormuz,56,37,19,2999623
2019-11-10,malacca,195,77,118,7994840
2019-11-10,suez,60,21,39,2406173
2019-11-11,bab_el_mandeb,49,18,31,2513429
2019-11-11,hormuz,51,37,14,1878191
2019-11-11,malacca,168,69,99,7404169
2019-11-11,suez,52,15,37,2895531
2019-11-12,bab_el_mandeb,50,18,32,2071781
2019-11-12,hormuz,57,40,17,1652379
2019-11-12,malacca,185,86,99,6660259
2019-11-12,suez,44,11,33,2419864
2019-11-13,bab_el_mandeb,58,17,41,2812193
2019-11-13,hormuz,57,32,25,1572133
2019-11-13,malacca,147,62,85,5546047
2019-11-13,suez,56,16,40,2058755
2019-11-14,bab_el_mandeb,48,15,33,2212578
2019-11-14,hormuz,45,26,19,1320951
2019-11-14,malacca,192,83,109,6062404
2019-11-14,suez,54,17,37,2134853
2019-11-15,bab_el_mandeb,63,20,43,3455269
2019-11-15,hormuz,47,28,19,1951501
2019-11-15,malacca,170,70,100,7795027
2019-11-15,suez,59,19,40,2896291
2019-11-16,bab_el_mandeb,54,19,35,2504970
2019-11-16,hormuz,58,34,24,2094851
2019-11-16,malacca,175,70,105,7668866
2019-11-16,suez,50,13,37,2470100
2019-11-17,bab_el_mandeb,56,18,38,2222607
2019-11-17,hormuz,34,20,14,827585
2019-11-17,malacca,166,62,104,8010748
2019-11-17,suez,58,20,38,2295965
2019-11-18,bab_el_mandeb,60,28,32,2930462
2019-11-18,hormuz,46,24,22,1539044
2019-11-18,malacca,174,79,95,5904821
2019-11-18,suez,53,17,36,3050183
2019-11-19,bab_el_mandeb,66,24,42,2979823
2019-11-19,hormuz,54,33,21,1719617
2019-11-19,malacca,196,78,118,7278832
2019-11-19,suez,53,10,43,2328696
2019-11-20,bab_el_mandeb,48,18,30,2115875
2019-11-20,hormuz,53,36,17,1326968
2019-11-20,malacca,164,61,103,7235906
2019-11-20,suez,57,24,33,2737424
2019-11-21,bab_el_mandeb,58,24,34,1907174
2019-11-21,hormuz,48,32,16,940893
2019-11-21,malacca,166,68,98,7284753
2019-11-21,suez,50,12,38,2167872
2019-11-22,bab_el_mandeb,61,23,38,3194571
2019-11-22,hormuz,54,32,22,2311239
2019-11-22,malacca,178,78,100,6291316
2019-11-22,suez,60,19,41,2990936
2019-11-23,bab_el_mandeb,49,15,34,2404136
2019-11-23,hormuz,46,30,16,1795248
2019-11-23,malacca,168,59,109,6036144
2019-11-23,suez,47,18,29,2105903
2019-11-24,bab_el_mandeb,55,17,38,2433974
2019-11-24,hormuz,40,30,10,1067041
2019-11-24,malacca,175,70,105,7178719
2019-11-24,suez,61,23,38,2416780
2019-11-25,bab_el_mandeb,53,22,31,2738355
2019-11-25,hormuz,51,35,16,1429358
2019-11-25,malacca,170,72,98,6170371
2019-11-25,suez,50,18,32,2325305
2019-11-26,bab_el_mandeb,47,17,30,2213318
2019-11-26,hormuz,58,38,20,1337981
2019-11-26,malacca,188,65,123,7160999
2019-11-26,suez,57,23,34,2802386
2019-11-27,bab_el_mandeb,56,15,41,2129063
2019-11-27,hormuz,68,40,28,1991976
2019-11-27,malacca,182,75,107,6867186
2019-11-27,suez,55,17,38,2630123
2019-11-28,bab_el_mandeb,41,12,29,2103114
2019-11-28,hormuz,62,43,19,2203181
2019-11-28,malacca,160,65,95,5132864
2019-11-28,suez,54,21,33,2481217
2019-11-29,bab_el_mandeb,48,19,29,2441753
2019-11-29,hormuz,61,42,19,1397746
2019-11-29,malacca,142,64,78,5756734
2019-11-29,suez,48,13,35,2483338
2019-11-30,bab_el_mandeb,56,20,36,3335889
2019-11-30,hormuz,50,34,16,1722146
2019-11-30,malacca,154,64,90,6016453
2019-11-30,suez,54,13,41,2353503
2019-12-01,bab_el_mandeb,55,19,36,2101734
2019-12-01,hormuz,45,25,20,1350373
2019-12-01,malacca,161,68,93,5626581
2019-12-01,suez,54,19,35,1943412
2019-12-02,bab_el_mandeb,50,25,25,3042391
2019-12-02,hormuz,66,40,26,2274403
2019-12-02,malacca,158,56,102,5820572
2019-12-02,suez,53,21,32,2644855
2019-12-03,bab_el_mandeb,55,21,34,2524277
2019-12-03,hormuz,68,42,26,2376782
2019-12-03,malacca,174,66,108,8046203
2019-12-03,suez,56,19,37,3058471
2019-12-04,bab_el_mandeb,43,14,29,1978140
2019-12-04,hormuz,51,32,19,2037970
2019-12-04,malacca,171,60,111,6061955
2019-12-04,suez,64,19,45,2581823
2019-12-05,bab_el_mandeb,54,22,32,2527913
2019-12-05,hormuz,52,34,18,746308
2019-12-05,malacca,157,70,87,5336979
2019-12-05,suez,59,19,40,2497900
2019-12-06,bab_el_mandeb,46,15,31,2348736
2019-12-06,hormuz,40,22,18,1215783
2019-12-06,malacca,155,65,90,6535840
2019-12-06,suez,44,10,34,2127204
2019-12-07,bab_el_mandeb,54,20,34,2527835
2019-12-07,hormuz,44,30,14,1290191
2019-12-07,malacca,159,70,89,6065513
2019-12-07,suez,57,24,33,2864588
2019-12-08,bab_el_mandeb,49,13,36,2639475
2019-12-08,hormuz,60,40,20,2170974
2019-12-08,malacca,174,70,104,7892391
2019-12-08,suez,54,17,37,1656624
2019-12-09,bab_el_mandeb,53,15,38,2309489
2019-12-09,hormuz,45,27,18,1015356
2019-12-09,malacca,167,68,99,7601094
2019-12-09,suez,59,23,36,2938502
2019-12-10,bab_el_mandeb,58,19,39,2168138
2019-12-10,hormuz,55,33,22,3029307
2019-12-10,malacca,167,64,103,5039599
2019-12-10,suez,52,20,32,2133132
2019-12-11,bab_el_mandeb,52,25,27,2694094
2019-12-11,hormuz,39,22,17,1384219
2019-12-11,malacca,158,53,105,4799054
2019-12-11,suez,61,16,45,2050244
2019-12-12,bab_el_mandeb,42,11,31,1790657
2019-12-12,hormuz,62,44,18,2595653
2019-12-12,malacca,190,85,105,6649628
2019-12-12,suez,58,15,43,2306271
2019-12-13,bab_el_mandeb,47,15,32,2245419
2019-12-13,hormuz,66,45,21,2892270
2019-12-13,malacca,172,82,90,5969973
2019-12-13,suez,52,16,36,2062978
2019-12-14,bab_el_mandeb,57,16,41,2487607
2019-12-14,hormuz,73,48,25,2797355
2019-12-14,malacca,170,82,88,7249968
2019-12-14,suez,52,16,36,2020598
2019-12-15,bab_el_mandeb,70,21,49,2609480
2019-12-15,hormuz,81,47,34,3544852
2019-12-15,malacca,187,80,107,6788861
2019-12-15,suez,52,14,38,2331062
2019-12-16,bab_el_mandeb,62,25,37,3217617
2019-12-16,hormuz,50,29,21,2156737
2019-12-16,malacca,170,57,113,6485870
2019-12-16,suez,57,19,38,2639889
2019-12-17,bab_el_mandeb,59,19,40,2495795
2019-12-17,hormuz,65,41,24,2259573
2019-12-17,malacca,165,66,99,6339369
2019-12-17,suez,55,18,37,2619371
2019-12-18,bab_el_mandeb,55,17,38,2011095
2019-12-18,hormuz,71,41,30,2143768
2019-12-18,malacca,181,83,98,7031665
2019-12-18,suez,53,13,40,2338901
2019-12-19,bab_el_mandeb,50,17,33,2215536
2019-12-19,hormuz,69,43,26,1930928
2019-12-19,malacca,185,73,112,8061107
2019-12-19,suez,48,19,29,2180778
2019-12-20,bab_el_mandeb,60,23,37,2926676
2019-12-20,hormuz,69,49,20,1356658
2019-12-20,malacca,160,65,95,5180432
2019-12-20,suez,63,24,39,2566155
2019-12-21,bab_el_mandeb,61,21,40,2809114
2019-12-21,hormuz,69,37,32,2051444
2019-12-21,malacca,196,73,123,8487929
2019-12-21,suez,51,13,38,2359289
2019-12-22,bab_el_mandeb,51,10,41,2381671
2019-12-22,hormuz,36,24,12,1250618
2019-12-22,malacca,157,71,86,5756965
2019-12-22,suez,51,16,35,2602287
2019-12-23,bab_el_mandeb,39,16,23,1959468
2019-12-23,hormuz,72,42,30,1595366
2019-12-23,malacca,176,65,111,7219280
2019-12-23,suez,55,22,33,2350518
2019-12-24,bab_el_mandeb,77,28,49,3408556
2019-12-24,hormuz,58,31,27,1403178
2019-12-24,malacca,181,69,112,7497372
2019-12-24,suez,55,15,40,2828376
2019-12-25,bab_el_mandeb,49,23,26,2147405
2019-12-25,hormuz,72,41,31,1431905
2019-12-25,malacca,185,71,114,6401385
2019-12-25,suez,41,19,22,1912217
2019-12-26,bab_el_mandeb,61,23,38,2838301
2019-12-26,hormuz,66,45,21,2082058
2019-12-26,malacca,181,68,113,6038087
2019-12-26,suez,38,11,27,2006132
2019-12-27,bab_el_mandeb,58,21,37,2899934
2019-12-27,hormuz,43,28,15,786262
2019-12-27,malacca,165,68,97,6069299
2019-12-27,suez,49,11,38,2076527
2019-12-28,bab_el_mandeb,51,18,33,2570523
2019-12-28,hormuz,29,16,13,956973
2019-12-28,malacca,183,84,99,7953797
2019-12-28,suez,67,25,42,3378163
2019-12-29,bab_el_mandeb,53,19,34,2422874
2019-12-29,hormuz,60,35,25,2788929
2019-12-29,malacca,170,65,105,6537361
2019-12-29,suez,61,22,39,2480287
2019-12-30,bab_el_mandeb,49,19,30,2042986
2019-12-30,hormuz,69,42,27,2368631
2019-12-30,malacca,172,78,94,6059911
2019-12-30,suez,51,13,38,3053488
2019-12-31,bab_el_mandeb,51,15,36,2567998
2019-12-31,hormuz,72,49,23,3351684
2019-12-31,malacca,198,92,106,6937244
2019-12-31,suez,63,21,42,2562070
2020-01-01,bab_el_mandeb,46,15,31,2232425
2020-01-01,hormuz,86,60,26,2475835
2020-01-01,malacca,182,72,110,9076662
2020-01-01,suez,56,16,40,2790974
2020-01-02,bab_el_mandeb,50,24,26,2735778
2020-01-02,hormuz,74,43,31,3488181
2020-01-02,malacca,172,61,111,6768858
2020-01-02,suez,54,24,30,2615548
2020-01-03,bab_el_mandeb,59,17,42,3250048
2020-01-03,hormuz,75,44,31,2395676
2020-01-03,malacca,176,70,106,7217540
2020-01-03,suez,49,16,33,2039410
2020-01-04,bab_el_mandeb,66,18,48,2667722
2020-01-04,hormuz,76,48,28,2803508
2020-01-04,malacca,174,66,108,6153518
2020-01-04,suez,50,8,42,2668375
2020-01-05,bab_el_mandeb,62,16,46,3021915
2020-01-05,hormuz,77,46,31,3485323
2020-01-05,malacca,191,74,117,7943977
2020-01-05,suez,65,21,44,2798537
2020-01-06,bab_el_mandeb,50,19,31,2089547
2020-01-06,hormuz,66,38,28,2119086
2020-01-06,malacca,162,70,92,7010262
2020-01-06,suez,43,14,29,2507106
2020-01-07,bab_el_mandeb,55,15,40,2958900
2020-01-07,hormuz,77,52,25,1679619
2020-01-07,malacca,185,70,115,6456248
2020-01-07,suez,56,18,38,2691594
2020-01-08,bab_el_mandeb,44,16,28,1724072
2020-01-08,hormuz,49,23,26,1010072
2020-01-08,malacca,173,62,111,6892825
2020-01-08,suez,58,12,46,2624192
2020-01-09,bab_el_mandeb,41,14,27,2578388
2020-01-09,hormuz,68,35,33,1836562
2020-01-09,malacca,179,77,102,5876187
2020-01-09,suez,66,22,44,2577016
2020-01-10,bab_el_mandeb,67,24,43,3170762
2020-01-10,hormuz,72,43,29,1587426
2020-01-10,malacca,137,55,82,5403077
2020-01-10,suez,70,16,54,2990902
2020-01-11,bab_el_mandeb,50,17,33,2034939
2020-01-11,hormuz,81,49,32,2383244
2020-01-11,malacca,167,70,97,6160720
2020-01-11,suez,51,18,33,2493328
2020-01-12,bab_el_mandeb,60,20,40,3645560
2020-01-12,hormuz,65,37,28,1315061
2020-01-12,malacca,189,74,115,7146686
2020-01-12,suez,61,15,46,2559318
2020-01-13,bab_el_mandeb,44,10,34,2100520
2020-01-13,hormuz,64,28,36,1519860
2020-01-13,malacca,186,89,97,5423424
2020-01-13,suez,52,18,34,2408358
2020-01-14,bab_el_mandeb,45,13,32,2471693
2020-01-14,hormuz,69,32,37,1674430
2020-01-14,malacca,197,76,121,7975809
2020-01-14,suez,60,26,34,2644598
2020-01-15,bab_el_mandeb,62,20,42,2436159
2020-01-15,hormuz,64,38,26,1199932
2020-01-15,malacca,166,73,93,6681027
2020-01-15,suez,52,13,39,2966588
2020-01-16,bab_el_mandeb,44,15,29,2050480
2020-01-16,hormuz,33,21,12,758615
2020-01-16,malacca,163,76,87,6099752
2020-01-16,suez,44,18,26,2035340
2020-01-17,bab_el_mandeb,64,13,51,3209642
2020-01-17,hormuz,79,45,34,2257214
2020-01-17,malacca,179,70,109,5415061
2020-01-17,suez,61,18,43,3479062
2020-01-18,bab_el_mandeb,56,18,38,2574092
2020-01-18,hormuz,72,42,30,2238945
2020-01-18,malacca,180,77,103,6166038
2020-01-18,suez,45,19,26,2285224
2020-01-19,bab_el_mandeb,51,17,34,2075078
2020-01-19,hormuz,69,39,30,2043144
2020-01-19,malacca,182,72,110,7102161
2020-01-19,suez,44,8,36,1575901
2020-01-20,bab_el_mandeb,46,20,26,2584854
2020-01-20,hormuz,68,40,28,2525877
2020-01-20,malacca,176,76,100,6685652
2020-01-20,suez,55,16,39,2554720
2020-01-21,bab_el_mandeb,48,17,31,2236266
2020-01-21,hormuz,66,31,35,2094626
2020-01-21,malacca,183,79,104,7207380
2020-01-21,suez,41,9,32,2376254
2020-01-22,bab_el_mandeb,52,10,42,2459992
2020-01-22,hormuz,66,38,28,1785885
2020-01-22,malacca,176,66,110,5888736
2020-01-22,suez,42,14,28,2703465
2020-01-23,bab_el_mandeb,54,13,41,1849118
2020-01-23,hormuz,64,35,29,1724911
2020-01-23,malacca,167,69,98,6413426
2020-01-23,suez,53,17,36,2033921
2020-01-24,bab_el_mandeb,52,26,26,2955776
2020-01-24,hormuz,85,54,31,2333145
2020-01-24,malacca,145,62,83,4034997
2020-01-24,suez,50,20,30,2286403
2020-01-25,bab_el_mandeb,56,22,34,2337752
2020-01-25,hormuz,85,43,42,3121739
2020-01-25,malacca,173,74,99,5740984
2020-01-25,suez,48,17,31,2545964
2020-01-26,bab_el_mandeb,59,17,42,2696385
2020-01-26,hormuz,82,51,31,3398804
2020-01-26,malacca,167,55,112,5970031
2020-01-26,suez,53,13,40,2258317
2020-01-27,bab_el_mandeb,47,10,37,2269200
2020-01-27,hormuz,61,36,25,1468590
2020-01-27,malacca,188,66,122,7720601
2020-01-27,suez,51,18,33,2266080
2020-01-28,bab_el_mandeb,49,18,31,2300420
2020-01-28,hormuz,59,35,24,2004174
2020-01-28,malacca,208,99,109,8956049
2020-01-28,suez,52,19,33,2397722
2020-01-29,bab_el_mandeb,50,16,34,2609485
2020-01-29,hormuz,67,38,29,1917306
2020-01-29,malacca,170,67,103,6656665
2020-01-29,suez,56,12,44,2371618
2020-01-30,bab_el_mandeb,53,24,29,2554729
2020-01-30,hormuz,75,46,29,3019301
2020-01-30,malacca,173,65,108,6877148
2020-01-30,suez,60,20,40,2010719
2020-01-31,bab_el_mandeb,51,18,33,2695014
2020-01-31,hormuz,80,51,29,2730170
2020-01-31,malacca,193,85,108,7520190
2020-01-31,suez,60,22,38,2896196
2020-02-01,bab_el_mandeb,53,12,41,2542720
2020-02-01,hormuz,72,45,27,2639515
2020-02-01,malacca,176,79,97,7126080
2020-02-01,suez,47,12,35,2289357
2020-02-02,bab_el_mandeb,46,15,31,1853917
2020-02-02,hormuz,59,40,19,1873573
2020-02-02,malacca,157,68,89,5681095
2020-02-02,suez,54,7,47,2660346
2020-02-03,bab_el_mandeb,47,16,31,2349047
2020-02-03,hormuz,74,51,23,3001986
2020-02-03,malacca,154,64,90,5949007
2020-02-03,suez,59,24,35,3017648
2020-02-04,bab_el_mandeb,50,16,34,2392749
2020-02-04,hormuz,63,37,26,1306743
2020-02-04,malacca,176,78,98,7972509
2020-02-04,suez,50,16,34,2383293
2020-02-05,bab_el_mandeb,54,17,37,3274502
2020-02-05,hormuz,71,41,30,1835734
2020-02-05,malacca,167,67,100,6055790
2020-02-05,suez,55,17,38,2417970
2020-02-06,bab_el_mandeb,60,17,43,2088734
2020-02-06,hormuz,75,43,32,3550541
2020-02-06,malacca,168,64,104,6254885
2020-02-06,suez,47,12,35,2267255
2020-02-07,bab_el_mandeb,61,22,39,3336085
2020-02-07,hormuz,80,46,34,3339985
2020-02-07,malacca,160,72,88,5741278
2020-02-07,suez,52,16,36,2196129
2020-02-08,bab_el_mandeb,60,14,46,2812173
2020-02-08,hormuz,69,49,20,3385028
2020-02-08,malacca,171,61,110,6038597
2020-02-08,suez,52,19,33,3439411
2020-02-09,bab_el_mandeb,63,17,46,2938568
2020-02-09,hormuz,42,24,18,1515403
2020-02-09,malacca,186,79,107,8197082
2020-02-09,suez,48,15,33,2454997
2020-02-10,bab_el_mandeb,45,12,33,1829434
2020-02-10,hormuz,54,32,22,1530337
2020-02-10,malacca,172,62,110,6296341
2020-02-10,suez,54,12,42,1842732
2020-02-11,bab_el_mandeb,58,22,36,3004531
2020-02-11,hormuz,69,43,26,1894460
2020-02-11,malacca,161,64,97,5423467
2020-02-11,suez,52,12,40,2599780
2020-02-12,bab_el_mandeb,53,21,32,1876262
2020-02-12,hormuz,64,38,26,1373545
2020-02-12,malacca,156,68,88,5518259
2020-02-12,suez,52,16,36,2169733
2020-02-13,bab_el_mandeb,63,21,42,2539202
2020-02-13,hormuz,41,19,22,747443
2020-02-13,malacca,183,74,109,7363720
2020-02-13,suez,61,22,39,2508574
2020-02-14,bab_el_mandeb,37,13,24,1923674
2020-02-14,hormuz,53,26,27,1223643
2020-02-14,malacca,170,76,94,5958521
2020-02-14,suez,65,22,43,3047123
2020-02-15,bab_el_mandeb,48,19,29,2290135
2020-02-15,hormuz,59,36,23,2534495
2020-02-15,malacca,159,59,100,4944548
2020-02-15,suez,64,20,44,3369918
2020-02-16,bab_el_mandeb,51,17,34,1854771
2020-02-16,hormuz,70,38,32,2666567
2020-02-16,malacca,158,79,79,5055656
2020-02-16,suez,62,23,39,2487975
2020-02-17,bab_el_mandeb,50,19,31,2511846
2020-02-17,hormuz,100,59,41,4058532
2020-02-17,malacca,170,74,96,8338691
2020-02-17,suez,66,26,40,3166141
2020-02-18,bab_el_mandeb,50,11,39,2868962
2020-02-18,hormuz,73,36,37,2543310
2020-02-18,malacca,140,62,78,5721508
2020-02-18,suez,48,19,29,2656499
2020-02-19,bab_el_mandeb,67,26,41,2948991
2020-02-19,hormuz,54,30,24,2184187
2020-02-19,malacca,161,69,92,6162286
2020-02-19,suez,49,18,31,1749382
2020-02-20,bab_el_mandeb,57,19,38,2556217
2020-02-20,hormuz,97,62,35,3569042
2020-02-20,malacca,180,83,97,6388701
2020-02-20,suez,48,16,32,2311977
2020-02-21,bab_el_mandeb,48,21,27,2355975
2020-02-21,hormuz,78,38,40,2571176
2020-02-21,malacca,152,68,84,4843146
2020-02-21,suez,49,13,36,2925445
2020-02-22,bab_el_mandeb,45,11,34,2074582
2020-02-22,hormuz,64,33,31,3354680
2020-02-22,malacca,148,57,91,5671631
2020-02-22,suez,50,16,34,2300088
2020-02-23,bab_el_mandeb,66,28,38,3280007
2020-02-23,hormuz,70,48,22,2450519
2020-02-23,malacca,154,59,95,5737620
2020-02-23,suez,54,14,40,2531325
2020-02-24,bab_el_mandeb,45,17,28,1809633
2020-02-24,hormuz,70,39,31,3043548
2020-02-24,malacca,135,54,81,5785458
2020-02-24,suez,50,15,35,2066318
2020-02-25,bab_el_mandeb,55,13,42,2505131
2020-02-25,hormuz,86,42,44,2712448
2020-02-25,malacca,135,61,74,5179078
2020-02-25,suez,62,14,48,2856238
2020-02-26,bab_el_mandeb,38,14,24,1922835
2020-02-26,hormuz,70,47,23,2151194
2020-02-26,malacca,138,59,79,5304133
2020-02-26,suez,47,14,33,2477528
2020-02-27,bab_el_mandeb,61,18,43,2226170
2020-02-27,hormuz,42,25,17,791777
2020-02-27,malacca,133,53,80,5514031
2020-02-27,suez,64,13,51,3121088
2020-02-28,bab_el_mandeb,54,16,38,2741791
2020-02-28,hormuz,75,49,26,2001530
2020-02-28,malacca,161,65,96,4936283
2020-02-28,suez,45,23,22,2335114
2020-02-29,bab_el_mandeb,57,20,37,3010568
2020-02-29,hormuz,83,50,33,3392099
2020-02-29,malacca,162,62,100,4997788
2020-02-29,suez,48,13,35,2119550
2020-03-01,bab_el_mandeb,48,13,35,2521253
2020-03-01,hormuz,60,39,21,2906741
2020-03-01,malacca,159,76,83,6105710
2020-03-01,suez,49,12,37,1623035
2020-03-02,bab_el_mandeb,42,13,29,1738588
2020-03-02,hormuz,87,53,34,4451100
2020-03-02,malacca,138,56,82,5928522
2020-03-02,suez,59,22,37,2521577
2020-03-03,bab_el_mandeb,63,29,34,3343755
2020-03-03,hormuz,54,36,18,1635706
2020-03-03,malacca,159,61,98,5210463
2020-03-03,suez,49,11,38,2137979
2020-03-04,bab_el_mandeb,56,23,33,2464731
2020-03-04,hormuz,39,22,17,1569306
2020-03-04,malacca,166,77,89,7742300
2020-03-04,suez,51,16,35,2512389
2020-03-05,bab_el_mandeb,54,18,36,2549873
2020-03-05,hormuz,59,33,26,2046639
2020-03-05,malacca,147,46,101,5908659
2020-03-05,suez,37,8,29,1728752
2020-03-06,bab_el_mandeb,53,22,31,2554218
2020-03-06,hormuz,70,41,29,2600022
2020-03-06,malacca,156,84,72,6942717
2020-03-06,suez,61,19,42,2381857
2020-03-07,bab_el_mandeb,50,11,39,2642022
2020-03-07,hormuz,74,48,26,3162064
2020-03-07,malacca,168,70,98,7097056
2020-03-07,suez,53,16,37,3073840
2020-03-08,bab_el_mandeb,60,17,43,2704841
2020-03-08,hormuz,87,60,27,2809118
2020-03-08,malacca,178,70,108,6068006
2020-03-08,suez,46,17,29,2459063
2020-03-09,bab_el_mandeb,44,15,29,2145644
2020-03-09,hormuz,43,28,15,1613106
2020-03-09,malacca,154,76,78,5809268
2020-03-09,suez,52,20,32,2064060
2020-03-10,bab_el_mandeb,53,14,39,2136871
2020-03-10,hormuz,57,41,16,2626310
2020-03-10,malacca,171,65,106,6263501
2020-03-10,suez,60,21,39,3288738
2020-03-11,bab_el_mandeb,46,19,27,2778000
2020-03-11,hormuz,60,34,26,2088937
2020-03-11,malacca,158,69,89,5961927
2020-03-11,suez,42,16,26,2814683
2020-03-12,bab_el_mandeb,49,14,35,2116006
2020-03-12,hormuz,69,46,23,4013658
2020-03-12,malacca,176,72,104,6961067
2020-03-12,suez,42,13,29,1949859
2020-03-13,bab_el_mandeb,55,15,40,2429182
2020-03-13,hormuz,48,26,22,1376683
2020-03-13,malacca,164,81,83,5979814
2020-03-13,suez,62,16,46,2525942
2020-03-14,bab_el_mandeb,62,19,43,2976819
2020-03-14,hormuz,53,34,19,2080250
2020-03-14,malacca,156,60,96,5316720
2020-03-14,suez,57,24,33,3629880
2020-03-15,bab_el_mandeb,55,18,37,2300457
2020-03-15,hormuz,55,32,23,2158808
2020-03-15,malacca,168,54,114,6767912
2020-03-15,suez,74,14,60,3023602
2020-03-16,bab_el_mandeb,42,7,35,2261372
2020-03-16,hormuz,37,23,14,1603429
2020-03-16,malacca,172,74,98,6244502
2020-03-16,suez,61,18,43,3173827
2020-03-17,bab_el_mandeb,43,15,28,1949643
2020-03-17,hormuz,64,41,23,2964715
2020-03-17,malacca,142,55,87,5710707
2020-03-17,suez,55,19,36,2579409
2020-03-18,bab_el_mandeb,60,22,38,2875618
2020-03-18,hormuz,65,40,25,1819190
2020-03-18,malacca,133,50,83,5636831
2020-03-18,suez,49,9,40,2324347
2020-03-19,bab_el_mandeb,52,24,28,2567443
2020-03-19,hormuz,60,37,23,2889273
2020-03-19,malacca,153,72,81,6264403
2020-03-19,suez,60,17,43,2534293
2020-03-20,bab_el_mandeb,75,23,52,3671702
2020-03-20,hormuz,71,46,25,3187095
2020-03-20,malacca,165,66,99,7410574
2020-03-20,suez,58,19,39,2530080
2020-03-21,bab_el_mandeb,61,20,41,2477942
2020-03-21,hormuz,63,45,18,2778507
2020-03-21,malacca,165,72,93,5906246
2020-03-21,suez,43,10,33,2084154
2020-03-22,bab_el_mandeb,45,12,33,1974200
2020-03-22,hormuz,63,38,25,1825410
2020-03-22,malacca,145,62,83,6271747
2020-03-22,suez,58,15,43,3313301
2020-03-23,bab_el_mandeb,51,14,37,2428282
2020-03-23,hormuz,59,37,22,1943776
2020-03-23,malacca,195,75,120,8515138
2020-03-23,suez,47,13,34,2163585
2020-03-24,bab_el_mandeb,51,19,32,2458881
2020-03-24,hormuz,66,38,28,2207803
2020-03-24,malacca,159,59,100,6052470
2020-03-24,suez,53,14,39,2414038
2020-03-25,bab_el_mandeb,41,15,26,1950008
2020-03-25,hormuz,45,26,19,1010060
2020-03-25,malacca,177,69,108,6393654
2020-03-25,suez,56,14,42,1638843
2020-03-26,bab_el_mandeb,52,19,33,2946113
2020-03-26,hormuz,77,47,30,3711416
2020-03-26,malacca,133,56,77,5281564
2020-03-26,suez,56,17,39,2052405
2020-03-27,bab_el_mandeb,61,17,44,3800361
2020-03-27,hormuz,49,30,19,1937449
2020-03-27,malacca,141,52,89,5523461
2020-03-27,suez,64,14,50,2765344
2020-03-28,bab_el_mandeb,63,21,42,2766453
2020-03-28,hormuz,77,46,31,2798084
2020-03-28,malacca,160,73,87,6074398
2020-03-28,suez,50,19,31,2623941
2020-03-29,bab_el_mandeb,42,9,33,1855079
2020-03-29,hormuz,30,20,10,1449295
2020-03-29,malacca,185,75,110,7512700
2020-03-29,suez,49,14,35,1974142
2020-03-30,bab_el_mandeb,61,18,43,2536085
2020-03-30,hormuz,51,37,14,1623476
2020-03-30,malacca,184,70,114,6534626
2020-03-30,suez,52,15,37,2348802
2020-03-31,bab_el_mandeb,60,24,36,3527156
2020-03-31,hormuz,71,43,28,2969581
2020-03-31,malacca,155,69,86,6275861
2020-03-31,suez,55,15,40,2591988
2020-04-01,bab_el_mandeb,40,15,25,2184435
2020-04-01,hormuz,63,35,28,3581742
2020-04-01,malacca,157,59,98,6361111
2020-04-01,suez,47,16,31,2090791
2020-04-02,bab_el_mandeb,61,18,43,2215303
2020-04-02,hormuz,91,57,34,4334079
2020-04-02,malacca,148,66,82,6453667
2020-04-02,suez,55,19,36,2898416
2020-04-03,bab_el_mandeb,55,10,45,2323398
2020-04-03,hormuz,94,61,33,4659379
2020-04-03,malacca,160,68,92,6098916
2020-04-03,suez,63,19,44,2459514
2020-04-04,bab_el_mandeb,67,22,45,2407695
2020-04-04,hormuz,75,48,27,3281439
2020-04-04,malacca,171,69,102,7430028
2020-04-04,suez,52,18,34,2957507
2020-04-05,bab_el_mandeb,55,17,38,2281249
2020-04-05,hormuz,100,64,36,4838371
2020-04-05,malacca,159,60,99,5966290
2020-04-05,suez,57,22,35,2544927
2020-04-06,bab_el_mandeb,69,26,43,2896118
2020-04-06,hormuz,94,59,35,3977123
2020-04-06,malacca,142,47,95,5498142
2020-04-06,suez,55,21,34,2616240
2020-04-07,bab_el_mandeb,60,23,37,3454489
2020-04-07,hormuz,87,47,40,2202850
2020-04-07,malacca,136,57,79,6569482
2020-04-07,suez,55,14,41,3074185
2020-04-08,bab_el_mandeb,56,18,38,2536629
2020-04-08,hormuz,93,52,41,3798196
2020-04-08,malacca,179,75,104,6172048
2020-04-08,suez,57,20,37,2422820
2020-04-09,bab_el_mandeb,50,24,26,2684825
2020-04-09,hormuz,68,40,28,4456573
2020-04-09,malacca,166,59,107,8033615
2020-04-09,suez,70,24,46,2671935
2020-04-10,bab_el_mandeb,59,17,42,3010703
2020-04-10,hormuz,72,45,27,2479426
2020-04-10,malacca,152,62,90,5781404
2020-04-10,suez,71,21,50,3228854
2020-04-11,bab_el_mandeb,55,15,40,3059313
2020-04-11,hormuz,64,37,27,3235121
2020-04-11,malacca,161,72,89,6285592
2020-04-11,suez,58,22,36,2882016
2020-04-12,bab_el_mandeb,47,17,30,2785295
2020-04-12,hormuz,59,41,18,3100563
2020-04-12,malacca,164,56,108,7525935
2020-04-12,suez,58,22,36,2736834
2020-04-13,bab_el_mandeb,57,17,40,2770621
2020-04-13,hormuz,71,51,20,3493447
2020-04-13,malacca,174,73,101,6939746
2020-04-13,suez,60,23,37,2614629
2020-04-14,bab_el_mandeb,59,26,33,2602884
2020-04-14,hormuz,38,23,15,2557078
2020-04-14,malacca,161,59,102,6948375
2020-04-14,suez,65,18,47,3225502
2020-04-15,bab_el_mandeb,55,21,34,2954677
2020-04-15,hormuz,66,39,27,2761502
2020-04-15,malacca,152,67,85,6733142
2020-04-15,suez,50,14,36,2956430
2020-04-16,bab_el_mandeb,60,23,37,2583532
2020-04-16,hormuz,79,60,19,2944596
2020-04-16,malacca,150,64,86,4526868
2020-04-16,suez,62,23,39,2031031
2020-04-17,bab_el_mandeb,47,10,37,1895341
2020-04-17,hormuz,75,49,26,3843509
2020-04-17,malacca,154,65,89,5950253
2020-04-17,suez,51,17,34,2684663
2020-04-18,bab_el_mandeb,58,19,39,2707382
2020-04-18,hormuz,75,44,31,3223326
2020-04-18,malacca,137,56,81,4319018
2020-04-18,suez,61,20,41,2773929
2020-04-19,bab_el_mandeb,63,25,38,2778234
2020-04-19,hormuz,81,48,33,3859555
2020-04-19,malacca,144,50,94,5582654
2020-04-19,suez,49,23,26,2088018
2020-04-20,bab_el_mandeb,56,18,38,2241691
2020-04-20,hormuz,62,42,20,3177731
2020-04-20,malacca,146,69,77,5679478
2020-04-20,suez,60,20,40,2989641
2020-04-21,bab_el_mandeb,54,23,31,2970090
2020-04-21,hormuz,79,55,24,4364939
2020-04-21,malacca,133,53,80,4834162
2020-04-21,suez,52,24,28,1971765
2020-04-22,bab_el_mandeb,55,25,30,2891977
2020-04-22,hormuz,74,41,33,1520160
2020-04-22,malacca,179,76,103,7033999
2020-04-22,suez,69,23,46,2777226
2020-04-23,bab_el_mandeb,50,19,31,2355628
2020-04-23,hormuz,84,55,29,2952319
2020-04-23,malacca,148,61,87,5593971
2020-04-23,suez,62,18,44,2720290
2020-04-24,bab_el_mandeb,59,18,41,2205545
2020-04-24,hormuz,89,56,33,4104822
2020-04-24,malacca,138,57,81,5087360
2020-04-24,suez,58,20,38,2981642
2020-04-25,bab_el_mandeb,56,19,37,2881945
2020-04-25,hormuz,89,58,31,3864339
2020-04-25,malacca,140,57,83,5498600
2020-04-25,suez,68,19,49,3211510
2020-04-26,bab_el_mandeb,45,20,25,2200618
2020-04-26,hormuz,86,53,33,3368896
2020-04-26,malacca,158,81,77,5736720
2020-04-26,suez,55,31,24,3162251
2020-04-27,bab_el_mandeb,61,27,34,3065056
2020-04-27,hormuz,70,48,22,2314902
2020-04-27,malacca,168,65,103,7539712
2020-04-27,suez,47,18,29,2310400
2020-04-28,bab_el_mandeb,63,14,49,2703506
2020-04-28,hormuz,76,44,32,3333782
2020-04-28,malacca,157,64,93,7027700
2020-04-28,suez,56,20,36,2358981
2020-04-29,bab_el_mandeb,60,28,32,3031121
2020-04-29,hormuz,66,37,29,2966763
2020-04-29,malacca,136,59,77,5778719
2020-04-29,suez,44,16,28,2289040
2020-04-30,bab_el_mandeb,53,25,28,3196426
2020-04-30,hormuz,60,30,30,2727768
2020-04-30,malacca,167,62,105,7925599
2020-04-30,suez,58,20,38,2543563
2020-05-01,bab_el_mandeb,56,19,37,4276751
2020-05-01,hormuz,55,33,22,3673384
2020-05-01,malacca,124,49,75,5242478
2020-05-01,suez,67,25,42,3150880
2020-05-02,bab_el_mandeb,47,17,30,1618622
2020-05-02,hormuz,74,49,25,4142353
2020-05-02,malacca,165,61,104,7502319
2020-05-02,suez,61,24,37,2841403
2020-05-03,bab_el_mandeb,64,24,40,3424482
2020-05-03,hormuz,75,46,29,4534517
2020-05-03,malacca,171,73,98,5459465
2020-05-03,suez,64,20,44,2729880
2020-05-04,bab_el_mandeb,52,22,30,2725757
2020-05-04,hormuz,103,62,41,4004135
2020-05-04,malacca,141,52,89,7263535
2020-05-04,suez,72,23,49,3950656
2020-05-05,bab_el_mandeb,56,21,35,2772364
2020-05-05,hormuz,83,51,32,3702920
2020-05-05,malacca,154,60,94,5397720
2020-05-05,suez,49,25,24,2418344
2020-05-06,bab_el_mandeb,66,31,35,3095692
2020-05-06,hormuz,80,51,29,4338059
2020-05-06,malacca,169,63,106,6170653
2020-05-06,suez,51,22,29,2465960
2020-05-07,bab_el_mandeb,56,22,34,3280236
2020-05-07,hormuz,93,53,40,2491435
2020-05-07,malacca,158,66,92,6176909
2020-05-07,suez,43,11,32,2905335
2020-05-08,bab_el_mandeb,55,19,36,2727144
2020-05-08,hormuz,100,63,37,4456192
2020-05-08,malacca,157,73,84,6239755
2020-05-08,suez,58,24,34,2816997
2020-05-09,bab_el_mandeb,71,30,41,3497093
2020-05-09,hormuz,106,61,45,4335126
2020-05-09,malacca,152,59,93,5313076
2020-05-09,suez,56,25,31,2974280
2020-05-10,bab_el_mandeb,55,16,39,2098582
2020-05-10,hormuz,94,45,49,3438745
2020-05-10,malacca,139,43,96,5013170
2020-05-10,suez,53,23,30,2678938
2020-05-11,bab_el_mandeb,51,29,22,2650743
2020-05-11,hormuz,107,67,40,4942319
2020-05-11,malacca,150,63,87,6627701
2020-05-11,suez,48,17,31,2473747
2020-05-12,bab_el_mandeb,49,12,37,2615533
2020-05-12,hormuz,98,67,31,3563800
2020-05-12,malacca,168,72,96,8727948
2020-05-12,suez,44,14,30,2608077
2020-05-13,bab_el_mandeb,63,28,35,3133429
2020-05-13,hormuz,95,62,33,4157107
2020-05-13,malacca,172,77,95,7660047
2020-05-13,suez,46,19,27,2333905
2020-05-14,bab_el_mandeb,40,12,28,2590011
2020-05-14,hormuz,109,65,44,4104555
2020-05-14,malacca,145,62,83,5288654
2020-05-14,suez,52,15,37,2224103
2020-05-15,bab_el_mandeb,47,17,30,2464070
2020-05-15,hormuz,93,57,36,4075816
2020-05-15,malacca,143,69,74,6612434
2020-05-15,suez,51,17,34,1935163
2020-05-16,bab_el_mandeb,52,25,27,2269497
2020-05-16,hormuz,100,62,38,4092049
2020-05-16,malacca,127,50,77,6236526
2020-05-16,suez,59,27,32,2535927
2020-05-17,bab_el_mandeb,43,13,30,1803550
2020-05-17,hormuz,94,56,38,4229048
2020-05-17,malacca,150,59,91,5873819
2020-05-17,suez,60,18,42,2488368
2020-05-18,bab_el_mandeb,54,21,33,2752912
2020-05-18,hormuz,68,47,21,2893936
2020-05-18,malacca,137,58,79,5677201
2020-05-18,suez,55,23,32,2545877
2020-05-19,bab_el_mandeb,54,18,36,2758560
2020-05-19,hormuz,102,60,42,4144181
2020-05-19,malacca,172,75,97,7260667
2020-05-19,suez,49,19,30,2630361
2020-05-20,bab_el_mandeb,48,12,36,2285242
2020-05-20,hormuz,107,53,54,4532764
2020-05-20,malacca,145,56,89,6210125
2020-05-20,suez,40,9,31,1903555
2020-05-21,bab_el_mandeb,55,22,33,2138890
2020-05-21,hormuz,96,59,37,4977571
2020-05-21,malacca,182,86,96,7919461
2020-05-21,suez,58,29,29,2135482
2020-05-22,bab_el_mandeb,54,26,28,2515162
2020-05-22,hormuz,58,36,22,3496926
2020-05-22,malacca,164,71,93,7244265
2020-05-22,suez,57,17,40,2917926
2020-05-23,bab_el_mandeb,45,18,27,2307694
2020-05-23,hormuz,69,36,33,2883484
2020-05-23,malacca,152,70,82,5889409
2020-05-23,suez,49,17,32,2592481
2020-05-24,bab_el_mandeb,53,21,32,2179986
2020-05-24,hormuz,92,52,40,3214768
2020-05-24,malacca,133,49,84,4768241
2020-05-24,suez,58,27,31,2169824
2020-05-25,bab_el_mandeb,50,20,30,2618368
2020-05-25,hormuz,87,46,41,2674609
2020-05-25,malacca,147,71,76,6862206
2020-05-25,suez,42,17,25,1918740
2020-05-26,bab_el_mandeb,66,19,47,3256967
2020-05-26,hormuz,66,39,27,2391399
2020-05-26,malacca,156,73,83,7901528
2020-05-26,suez,48,18,30,2306436
2020-05-27,bab_el_mandeb,48,20,28,2105062
2020-05-27,hormuz,65,38,27,2761954
2020-05-27,malacca,174,73,101,8240351
2020-05-27,suez,38,14,24,2034878
2020-05-28,bab_el_mandeb,51,18,33,2364370
2020-05-28,hormuz,94,60,34,3476488
2020-05-28,malacca,156,67,89,6047238
2020-05-28,suez,37,9,28,1519921
2020-05-29,bab_el_mandeb,49,14,35,2067840
2020-05-29,hormuz,96,62,34,4354963
2020-05-29,malacca,172,72,100,6658744
2020-05-29,suez,54,13,41,2865359
2020-05-30,bab_el_mandeb,49,17,32,1789346
2020-05-30,hormuz,78,42,36,2815367
2020-05-30,malacca,153,69,84,5423658
2020-05-30,suez,43,16,27,2190265
2020-05-31,bab_el_mandeb,41,12,29,1773159
2020-05-31,hormuz,79,44,35,2703672
2020-05-31,malacca,161,67,94,6865373
2020-05-31,suez,54,24,30,2236330
2020-06-01,bab_el_mandeb,34,11,23,1726825
2020-06-01,hormuz,88,51,37,3855091
2020-06-01,malacca,158,64,94,6390000
2020-06-01,suez,55,20,35,2817895
2020-06-02,bab_el_mandeb,54,18,36,2618335
2020-06-02,hormuz,104,62,42,4255817
2020-06-02,malacca,185,82,103,6413143
2020-06-02,suez,54,21,33,2230887
2020-06-03,bab_el_mandeb,42,12,30,2001799
2020-06-03,hormuz,94,56,38,3898606
2020-06-03,malacca,202,92,110,8336644
2020-06-03,suez,47,17,30,2515202
2020-06-04,bab_el_mandeb,53,20,33,2036024
2020-06-04,hormuz,86,53,33,4151524
2020-06-04,malacca,167,70,97,5526254
2020-06-04,suez,54,19,35,2246889
2020-06-05,bab_el_mandeb,46,25,21,2341468
2020-06-05,hormuz,96,52,44,3783458
2020-06-05,malacca,125,50,75,5364261
2020-06-05,suez,58,21,37,2417674
2020-06-06,bab_el_mandeb,53,21,32,2624900
2020-06-06,hormuz,84,53,31,3551745
2020-06-06,malacca,149,77,72,5251299
2020-06-06,suez,43,12,31,2350615
2020-06-07,bab_el_mandeb,41,10,31,1929770
2020-06-07,hormuz,89,53,36,3175522
2020-06-07,malacca,166,72,94,5796298
2020-06-07,suez,41,12,29,2076608
2020-06-08,bab_el_mandeb,54,22,32,2738626
2020-06-08,hormuz,91,57,34,3729235
2020-06-08,malacca,157,66,91,6150544
2020-06-08,suez,51,16,35,2194672
2020-06-09,bab_el_mandeb,51,18,33,2843549
2020-06-09,hormuz,99,59,40,3884677
2020-06-09,malacca,144,57,87,5557500
2020-06-09,suez,42,8,34,2183867
2020-06-10,bab_el_mandeb,46,23,23,1787727
2020-06-10,hormuz,107,62,45,4998394
2020-06-10,malacca,185,83,102,8537374
2020-06-10,suez,50,13,37,2149841
2020-06-11,bab_el_mandeb,41,12,29,1878128
2020-06-11,hormuz,103,58,45,2917257
2020-06-11,malacca,167,68,99,7542766
2020-06-11,suez,42,12,30,1934104
2020-06-12,bab_el_mandeb,55,18,37,2509100
2020-06-12,hormuz,98,59,39,4270842
2020-06-12,malacca,147,56,91,5286841
2020-06-12,suez,48,15,33,2236041
2020-06-13,bab_el_mandeb,43,16,27,2023966
2020-06-13,hormuz,97,61,36,4071044
2020-06-13,malacca,132,55,77,4317729
2020-06-13,suez,43,14,29,2486058
2020-06-14,bab_el_mandeb,40,9,31,1563786
2020-06-14,hormuz,112,62,50,4179987
2020-06-14,malacca,155,57,98,7016458
2020-06-14,suez,32,12,20,1549801
2020-06-15,bab_el_mandeb,55,19,36,2985170
2020-06-15,hormuz,101,54,47,3696279
2020-06-15,malacca,161,65,96,6704860
2020-06-15,suez,44,19,25,1885402
2020-06-16,bab_el_mandeb,45,12,33,1971140
2020-06-16,hormuz,103,60,43,3753333
2020-06-16,malacca,150,68,82,7005321
2020-06-16,suez,45,16,29,1658632
2020-06-17,bab_el_mandeb,50,21,29,3014230
2020-06-17,hormuz,111,64,47,4040007
2020-06-17,malacca,158,67,91,7170255
2020-06-17,suez,46,17,29,1818200
2020-06-18,bab_el_mandeb,33,11,22,2176166
2020-06-18,hormuz,93,58,35,4319765
2020-06-18,malacca,164,79,85,5156600
2020-06-18,suez,39,9,30,1956277
2020-06-19,bab_el_mandeb,38,15,23,2039244
2020-06-19,hormuz,115,62,53,4824153
2020-06-19,malacca,158,68,90,5984024
2020-06-19,suez,48,19,29,2211071
2020-06-20,bab_el_mandeb,51,19,32,1814970
2020-06-20,hormuz,105,68,37,3826135
2020-06-20,malacca,137,58,79,5844734
2020-06-20,suez,47,20,27,1576353
2020-06-21,bab_el_mandeb,45,17,28,1845520
2020-06-21,hormuz,104,68,36,4643258
2020-06-21,malacca,161,62,99,5039501
2020-06-21,suez,40,10,30,2458526
2020-06-22,bab_el_mandeb,57,22,35,2706189
2020-06-22,hormuz,103,68,35,4313088
2020-06-22,malacca,181,69,112,7901859
2020-06-22,suez,34,12,22,1626031
2020-06-23,bab_el_mandeb,44,12,32,1763514
2020-06-23,hormuz,107,72,35,3844403
2020-06-23,malacca,149,58,91,5565861
2020-06-23,suez,39,13,26,1722444
2020-06-24,bab_el_mandeb,60,23,37,2053249
2020-06-24,hormuz,97,56,41,4039814
2020-06-24,malacca,157,62,95,5320839
2020-06-24,suez,51,23,28,2498023
2020-06-25,bab_el_mandeb,60,19,41,2162006
2020-06-25,hormuz,89,58,31,4457674
2020-06-25,malacca,142,59,83,6486438
2020-06-25,suez,45,11,34,1779539
2020-06-26,bab_el_mandeb,43,17,26,2176008
2020-06-26,hormuz,88,61,27,3298860
2020-06-26,malacca,146,57,89,6077647
2020-06-26,suez,51,17,34,1954678
2020-06-27,bab_el_mandeb,55,16,39,2141137
2020-06-27,hormuz,85,54,31,2448810
2020-06-27,malacca,149,62,87,5549865
2020-06-27,suez,49,10,39,2323544
2020-06-28,bab_el_mandeb,48,15,33,2309856
2020-06-28,hormuz,88,53,35,3102842
2020-06-28,malacca,137,59,78,5376660
2020-06-28,suez,51,16,35,2401577
2020-06-29,bab_el_mandeb,52,16,36,2271638
2020-06-29,hormuz,118,71,47,3304275
2020-06-29,malacca,168,73,95,6298559
2020-06-29,suez,49,16,33,2291692
2020-06-30,bab_el_mandeb,47,11,36,2279674
2020-06-30,hormuz,103,58,45,2853873
2020-06-30,malacca,144,54,90,6805523
2020-06-30,suez,49,19,30,1721530
2020-07-01,bab_el_mandeb,49,17,32,2456330
2020-07-01,hormuz,59,29,30,1804842
2020-07-01,malacca,170,69,101,8773578
2020-07-01,suez,57,16,41,2325039
2020-07-02,bab_el_mandeb,51,19,32,2526550
2020-07-02,hormuz,88,50,38,3499777
2020-07-02,malacca,149,70,79,5059137
2020-07-02,suez,50,15,35,2108844
2020-07-03,bab_el_mandeb,45,20,25,1941957
2020-07-03,hormuz,100,58,42,4378261
2020-07-03,malacca,154,71,83,5409226
2020-07-03,suez,46,14,32,2722068
2020-07-04,bab_el_mandeb,43,15,28,1415949
2020-07-04,hormuz,97,52,45,4711865
2020-07-04,malacca,132,46,86,4980035
2020-07-04,suez,43,11,32,2276112
2020-07-05,bab_el_mandeb,64,23,41,2633367
2020-07-05,hormuz,103,65,38,3402175
2020-07-05,malacca,128,47,81,4468661
2020-07-05,suez,39,12,27,2097530
2020-07-06,bab_el_mandeb,48,16,32,2637978
2020-07-06,hormuz,89,56,33,4073881
2020-07-06,malacca,167,73,94,7055731
2020-07-06,suez,39,13,26,1745260
2020-07-07,bab_el_mandeb,63,24,39,2768619
2020-07-07,hormuz,114,76,38,4750388
2020-07-07,malacca,158,63,95,7399213
2020-07-07,suez,49,15,34,1946446
2020-07-08,bab_el_mandeb,45,19,26,2058263
2020-07-08,hormuz,89,58,31,3406791
2020-07-08,malacca,168,74,94,6724738
2020-07-08,suez,36,12,24,2302390
2020-07-09,bab_el_mandeb,49,19,30,2396351
2020-07-09,hormuz,100,58,42,3677111
2020-07-09,malacca,175,61,114,5784885
2020-07-09,suez,49,17,32,2010687
2020-07-10,bab_el_mandeb,50,18,32,2062767
2020-07-10,hormuz,87,55,32,4442988
2020-07-10,malacca,159,57,102,5707347
2020-07-10,suez,41,10,31,2222217
2020-07-11,bab_el_mandeb,41,14,27,1760284
2020-07-11,hormuz,107,68,39,5537400
2020-07-11,malacca,156,62,94,5180463
2020-07-11,suez,46,10,36,1918337
2020-07-12,bab_el_mandeb,59,14,45,2872712
2020-07-12,hormuz,96,61,35,3454662
2020-07-12,malacca,177,74,103,7256187
2020-07-12,suez,41,10,31,1945369
2020-07-13,bab_el_mandeb,56,21,35,2484320
2020-07-13,hormuz,94,54,40,3355628
2020-07-13,malacca,156,59,97,6821766
2020-07-13,suez,35,9,26,1674257
2020-07-14,bab_el_mandeb,58,15,43,2155389
2020-07-14,hormuz,102,65,37,4363807
2020-07-14,malacca,173,65,108,6681712
2020-07-14,suez,46,13,33,2149628
2020-07-15,bab_el_mandeb,44,18,26,2108793
2020-07-15,hormuz,87,57,30,4310345
2020-07-15,malacca,154,64,90,7050028
2020-07-15,suez,42,12,30,1828549
2020-07-16,bab_el_mandeb,57,18,39,2455622
2020-07-16,hormuz,90,58,32,3423271
2020-07-16,malacca,190,73,117,6477002
2020-07-16,suez,54,16,38,2123388
2020-07-17,bab_el_mandeb,50,15,35,1975449
2020-07-17,hormuz,81,53,28,3690822
2020-07-17,malacca,169,67,102,6580706
2020-07-17,suez,59,14,45,3057887
2020-07-18,bab_el_mandeb,45,14,31,2112502
2020-07-18,hormuz,108,65,43,3766400
2020-07-18,malacca,165,70,95,6492072
2020-07-18,suez,43,13,30,2161681
2020-07-19,bab_el_mandeb,52,19,33,2339892
2020-07-19,hormuz,82,50,32,2847029
2020-07-19,malacca,150,73,77,6058296
2020-07-19,suez,46,15,31,1856430
2020-07-20,bab_el_mandeb,50,18,32,2603074
2020-07-20,hormuz,103,65,38,3794630
2020-07-20,malacca,174,69,105,6869777
2020-07-20,suez,47,13,34,2356877
2020-07-21,bab_el_mandeb,53,15,38,2487060
2020-07-21,hormuz,86,58,28,3400614
2020-07-21,malacca,176,57,119,8320184
2020-07-21,suez,48,15,33,1981924
2020-07-22,bab_el_mandeb,56,14,42,2618211
2020-07-22,hormuz,81,47,34,2125893
2020-07-22,malacca,171,76,95,7658892
2020-07-22,suez,41,11,30,1850078
2020-07-23,bab_el_mandeb,50,17,33,2206415
2020-07-23,hormuz,77,51,26,3327257
2020-07-23,malacca,181,72,109,6613676
2020-07-23,suez,49,11,38,1869833
2020-07-24,bab_el_mandeb,49,15,34,2152946
2020-07-24,hormuz,109,71,38,4263453
2020-07-24,malacca,150,68,82,6562624
2020-07-24,suez,48,10,38,2183377
2020-07-25,bab_el_mandeb,65,19,46,2941222
2020-07-25,hormuz,102,64,38,4142390
2020-07-25,malacca,153,55,98,6172963
2020-07-25,suez,49,12,37,2782451
2020-07-26,bab_el_mandeb,58,20,38,2910176
2020-07-26,hormuz,114,68,46,3473705
2020-07-26,malacca,171,62,109,8589264
2020-07-26,suez,61,16,45,2257641
2020-07-27,bab_el_mandeb,47,13,34,2277196
2020-07-27,hormuz,90,55,35,3123578
2020-07-27,malacca,156,59,97,6460221
2020-07-27,suez,50,16,34,2761186
2020-07-28,bab_el_mandeb,44,13,31,1533826
2020-07-28,hormuz,99,67,32,3702228
2020-07-28,malacca,179,75,104,8005510
2020-07-28,suez,46,13,33,2381205
2020-07-29,bab_el_mandeb,64,22,42,2395368
2020-07-29,hormuz,99,54,45,4248190
2020-07-29,malacca,166,71,95,8258013
2020-07-29,suez,40,9,31,1868820
2020-07-30,bab_el_mandeb,61,12,49,2909337
2020-07-30,hormuz,104,69,35,4260484
2020-07-30,malacca,156,55,101,6416142
2020-07-30,suez,54,12,42,2081571
2020-07-31,bab_el_mandeb,57,20,37,2286841
2020-07-31,hormuz,80,51,29,2498391
2020-07-31,malacca,147,55,92,6155568
2020-07-31,suez,56,18,38,2550566
2020-08-01,bab_el_mandeb,61,23,38,2829044
2020-08-01,hormuz,95,59,36,3212117
2020-08-01,malacca,143,53,90,5552394
2020-08-01,suez,42,14,28,2330936
2020-08-02,bab_el_mandeb,47,17,30,1846941
2020-08-02,hormuz,98,59,39,4221465
2020-08-02,malacca,146,64,82,6452687
2020-08-02,suez,48,12,36,2257197
2020-08-03,bab_el_mandeb,43,16,27,2171303
2020-08-03,hormuz,104,71,33,4650438
2020-08-03,malacca,137,55,82,5839130
2020-08-03,suez,53,10,43,1795474
2020-08-04,bab_el_mandeb,45,15,30,2118518
2020-08-04,hormuz,91,59,32,3748328
2020-08-04,malacca,132,62,70,5470723
2020-08-04,suez,50,10,40,2031780
2020-08-05,bab_el_mandeb,57,18,39,2140112
2020-08-05,hormuz,97,57,40,4923352
2020-08-05,malacca,153,49,104,6693707
2020-08-05,suez,49,14,35,1890370
2020-08-06,bab_el_mandeb,56,20,36,2351370
2020-08-06,hormuz,82,44,38,2254295
2020-08-06,malacca,173,80,93,8140743
2020-08-06,suez,56,14,42,2332375
2020-08-07,bab_el_mandeb,42,11,31,2099230
2020-08-07,hormuz,100,63,37,5216744
2020-08-07,malacca,168,66,102,7812578
2020-08-07,suez,50,13,37,2619207
2020-08-08,bab_el_mandeb,53,19,34,2102857
2020-08-08,hormuz,97,67,30,3798785
2020-08-08,malacca,154,58,96,8340756
2020-08-08,suez,42,11,31,2519775
2020-08-09,bab_el_mandeb,50,15,35,1985756
2020-08-09,hormuz,71,41,30,1654174
2020-08-09,malacca,172,61,111,5916503
2020-08-09,suez,36,10,26,1804506
2020-08-10,bab_el_mandeb,50,10,40,2220096
2020-08-10,hormuz,94,57,37,2933688
2020-08-10,malacca,160,61,99,6632392
2020-08-10,suez,58,11,47,1889027
2020-08-11,bab_el_mandeb,55,16,39,2893112
2020-08-11,hormuz,88,59,29,3817778
2020-08-11,malacca,147,66,81,6749020
2020-08-11,suez,40,8,32,2461452
2020-08-12,bab_el_mandeb,50,13,37,2771433
2020-08-12,hormuz,96,67,29,4169936
2020-08-12,malacca,140,50,90,4899040
2020-08-12,suez,46,10,36,1966680
2020-08-13,bab_el_mandeb,52,21,31,2556675
2020-08-13,hormuz,99,56,43,3765473
2020-08-13,malacca,150,59,91,5504889
2020-08-13,suez,53,20,33,1770613
2020-08-14,bab_el_mandeb,50,12,38,2339072
2020-08-14,hormuz,112,64,48,4155644
2020-08-14,malacca,154,62,92,6874519
2020-08-14,suez,55,11,44,2443036
2020-08-15,bab_el_mandeb,45,16,29,2146413
2020-08-15,hormuz,103,66,37,3194318
2020-08-15,malacca,168,63,105,6463571
2020-08-15,suez,48,9,39,2732120
2020-08-16,bab_el_mandeb,54,12,42,2556218
2020-08-16,hormuz,104,69,35,5138028
2020-08-16,malacca,158,52,106,5990951
2020-08-16,suez,49,7,42,2752761
2020-08-17,bab_el_mandeb,54,20,34,2092831
2020-08-17,hormuz,97,57,40,2921373
2020-08-17,malacca,157,61,96,6250865
2020-08-17,suez,60,20,40,2588410
2020-08-18,bab_el_mandeb,51,14,37,2338396
2020-08-18,hormuz,110,66,44,4774468
2020-08-18,malacca,149,65,84,5182043
2020-08-18,suez,44,16,28,2487382
2020-08-19,bab_el_mandeb,45,14,31,1792290
2020-08-19,hormuz,94,55,39,3789404
2020-08-19,malacca,183,71,112,9091825
2020-08-19,suez,51,6,45,2709840
2020-08-20,bab_el_mandeb,59,15,44,2448607
2020-08-20,hormuz,95,51,44,3693718
2020-08-20,malacca,147,59,88,5445607
2020-08-20,suez,53,19,34,2518736
2020-08-21,bab_el_mandeb,67,27,40,2515760
2020-08-21,hormuz,90,57,33,3658296
2020-08-21,malacca,148,62,86,5725754
2020-08-21,suez,60,16,44,2666053
2020-08-22,bab_el_mandeb,56,17,39,2735154
2020-08-22,hormuz,84,49,35,3881797
2020-08-22,malacca,168,76,92,5886813
2020-08-22,suez,37,5,32,1967752
2020-08-23,bab_el_mandeb,57,14,43,2451909
2020-08-23,hormuz,101,62,39,3746560
2020-08-23,malacca,154,56,98,5966213
2020-08-23,suez,48,11,37,2179844
2020-08-24,bab_el_mandeb,47,9,38,2338088
2020-08-24,hormuz,81,52,29,2279655
2020-08-24,malacca,152,60,92,6002516
2020-08-24,suez,59,22,37,2443638
2020-08-25,bab_el_mandeb,61,17,44,2899512
2020-08-25,hormuz,82,61,21,3000471
2020-08-25,malacca,186,77,109,7198568
2020-08-25,suez,64,20,44,2259496
2020-08-26,bab_el_mandeb,55,15,40,2455257
2020-08-26,hormuz,85,55,30,3440244
2020-08-26,malacca,143,57,86,5501290
2020-08-26,suez,53,18,35,2417197
2020-08-27,bab_el_mandeb,56,15,41,2895501
2020-08-27,hormuz,94,52,42,3388738
2020-08-27,malacca,171,61,110,7573277
2020-08-27,suez,51,16,35,2403689
2020-08-28,bab_el_mandeb,56,14,42,2188577
2020-08-28,hormuz,85,45,40,3723934
2020-08-28,malacca,178,85,93,6564120
2020-08-28,suez,57,6,51,2599337
2020-08-29,bab_el_mandeb,58,18,40,2842308
2020-08-29,hormuz,95,50,45,3788941
2020-08-29,malacca,173,63,110,6286852
2020-08-29,suez,49,14,35,2068197
2020-08-30,bab_el_mandeb,62,21,41,2141561
2020-08-30,hormuz,104,53,51,3570083
2020-08-30,malacca,157,61,96,5771687
2020-08-30,suez,54,18,36,2259511
2020-08-31,bab_el_mandeb,59,18,41,2588115
2020-08-31,hormuz,94,53,41,4036525
2020-08-31,malacca,155,61,94,6268741
2020-08-31,suez,54,16,38,2150145
2020-09-01,bab_el_mandeb,59,20,39,2663265
2020-09-01,hormuz,101,62,39,4275413
2020-09-01,malacca,170,72,98,6301833
2020-09-01,suez,62,21,41,2978942
2020-09-02,bab_el_mandeb,45,18,27,1715930
2020-09-02,hormuz,102,54,48,4282113
2020-09-02,malacca,139,56,83,6474795
2020-09-02,suez,61,9,52,2438827
2020-09-03,bab_el_mandeb,56,13,43,2654220
2020-09-03,hormuz,98,53,45,3718308
2020-09-03,malacca,147,57,90,5573852
2020-09-03,suez,62,16,46,2392137
2020-09-04,bab_el_mandeb,50,16,34,2423598
2020-09-04,hormuz,95,66,29,4650030
2020-09-04,malacca,178,75,103,7172043
2020-09-04,suez,48,9,39,2861339
2020-09-05,bab_el_mandeb,57,12,45,1789999
2020-09-05,hormuz,94,59,35,2787392
2020-09-05,malacca,152,59,93,6304371
2020-09-05,suez,49,18,31,2481245
2020-09-06,bab_el_mandeb,69,25,44,2834034
2020-09-06,hormuz,86,47,39,2573006
2020-09-06,malacca,159,58,101,6033653
2020-09-06,suez,62,20,42,2374734
2020-09-07,bab_el_mandeb,55,18,37,2630085
2020-09-07,hormuz,120,72,48,4210700
2020-09-07,malacca,150,60,90,5211091
2020-09-07,suez,51,9,42,2745183
2020-09-08,bab_el_mandeb,62,22,40,2378349
2020-09-08,hormuz,102,62,40,3199428
2020-09-08,malacca,153,63,90,5919116
2020-09-08,suez,40,8,32,2054799
2020-09-09,bab_el_mandeb,57,22,35,2932532
2020-09-09,hormuz,104,54,50,4417386
2020-09-09,malacca,153,65,88,7247067
2020-09-09,suez,48,11,37,1991884
2020-09-10,bab_el_mandeb,48,15,33,2124643
2020-09-10,hormuz,98,47,51,4422792
2020-09-10,malacca,147,45,102,5119127
2020-09-10,suez,56,17,39,2269849
2020-09-11,bab_el_mandeb,46,14,32,2206924
2020-09-11,hormuz,107,69,38,3792400
2020-09-11,malacca,171,61,110,6775364
2020-09-11,suez,60,11,49,2717892
2020-09-12,bab_el_mandeb,61,19,42,3035265
2020-09-12,hormuz,113,66,47,5050903
2020-09-12,malacca,170,72,98,6451189
2020-09-12,suez,46,12,34,2562399
2020-09-13,bab_el_mandeb,61,14,47,2445567
2020-09-13,hormuz,102,68,34,3880465
2020-09-13,malacca,140,55,85,6775354
2020-09-13,suez,44,14,30,1655194
2020-09-14,bab_el_mandeb,51,16,35,2713178
2020-09-14,hormuz,77,47,30,2198440
2020-09-14,malacca,150,55,95,6000589
2020-09-14,suez,53,14,39,1822813
2020-09-15,bab_el_mandeb,62,16,46,2975958
2020-09-15,hormuz,72,48,24,3466034
2020-09-15,malacca,180,61,119,8962206
2020-09-15,suez,59,11,48,2722398
2020-09-16,bab_el_mandeb,55,16,39,3066856
2020-09-16,hormuz,97,53,44,3348883
2020-09-16,malacca,156,66,90,5524017
2020-09-16,suez,51,14,37,1959567
2020-09-17,bab_el_mandeb,51,20,31,2082043
2020-09-17,hormuz,112,65,47,5377645
2020-09-17,malacca,145,61,84,5428187
2020-09-17,suez,56,8,48,2299944
2020-09-18,bab_el_mandeb,47,12,35,1779026
2020-09-18,hormuz,98,55,43,3329960
2020-09-18,malacca,149,61,88,5497322
2020-09-18,suez,61,11,50,2798268
2020-09-19,bab_el_mandeb,61,17,44,2686356
2020-09-19,hormuz,108,50,58,2603755
2020-09-19,malacca,173,64,109,5329677
2020-09-19,suez,34,11,23,1722606
2020-09-20,bab_el_mandeb,62,18,44,2420211
2020-09-20,hormuz,109,68,41,3929579
2020-09-20,malacca,175,76,99,5150435
2020-09-20,suez,45,9,36,2502227
2020-09-21,bab_el_mandeb,48,13,35,2075457
2020-09-21,hormuz,125,65,60,4776394
2020-09-21,malacca,163,66,97,6323998
2020-09-21,suez,59,18,41,2127029
2020-09-22,bab_el_mandeb,54,24,30,2176664
2020-09-22,hormuz,92,53,39,3400907
2020-09-22,malacca,173,66,107,6720655
2020-09-22,suez,57,16,41,2634171
2020-09-23,bab_el_mandeb,42,9,33,2016909
2020-09-23,hormuz,93,57,36,3857062
2020-09-23,malacca,160,70,90,6183494
2020-09-23,suez,48,6,42,2360552
2020-09-24,bab_el_mandeb,51,13,38,2501951
2020-09-24,hormuz,111,67,44,4401852
2020-09-24,malacca,174,68,106,7562896
2020-09-24,suez,55,14,41,2200080
2020-09-25,bab_el_mandeb,52,13,39,2396470
2020-09-25,hormuz,90,48,42,3658361
2020-09-25,malacca,171,69,102,6737692
2020-09-25,suez,56,18,38,2289269
2020-09-26,bab_el_mandeb,53,13,40,2230030
2020-09-26,hormuz,100,51,49,3946574
2020-09-26,malacca,146,71,75,6745083
2020-09-26,suez,50,15,35,2915196
2020-09-27,bab_el_mandeb,50,13,37,2378833
2020-09-27,hormuz,126,74,52,4522122
2020-09-27,malacca,144,60,84,7014576
2020-09-27,suez,51,12,39,2310944
2020-09-28,bab_el_mandeb,66,21,45,2549510
2020-09-28,hormuz,104,49,55,4358698
2020-09-28,malacca,158,58,100,5183900
2020-09-28,suez,40,14,26,2086896
2020-09-29,bab_el_mandeb,55,18,37,2615007
2020-09-29,hormuz,92,51,41,3344881
2020-09-29,malacca,138,56,82,6143138
2020-09-29,suez,54,19,35,2200837
2020-09-30,bab_el_mandeb,59,22,37,2776724
2020-09-30,hormuz,101,57,44,3705333
2020-09-30,malacca,177,74,103,6826841
2020-09-30,suez,46,9,37,2562088
2020-10-01,bab_el_mandeb,54,12,42,2853730
2020-10-01,hormuz,83,49,34,3067458
2020-10-01,malacca,183,73,110,6688656
2020-10-01,suez,56,11,45,2255550
2020-10-02,bab_el_mandeb,47,11,36,1879486
2020-10-02,hormuz,109,66,43,4501720
2020-10-02,malacca,139,62,77,5981845
2020-10-02,suez,48,9,39,1859408
2020-10-03,bab_el_mandeb,51,11,40,2463182
2020-10-03,hormuz,124,77,47,5458684
2020-10-03,malacca,164,61,103,6644127
2020-10-03,suez,53,14,39,2439855
2020-10-04,bab_el_mandeb,67,18,49,2438964
2020-10-04,hormuz,98,57,41,2670441
2020-10-04,malacca,155,57,98,6377694
2020-10-04,suez,64,19,45,2320033
2020-10-05,bab_el_mandeb,44,10,34,1697627
2020-10-05,hormuz,78,43,35,3603127
2020-10-05,malacca,174,61,113,6593563
2020-10-05,suez,57,13,44,2737205
2020-10-06,bab_el_mandeb,67,26,41,2461152
2020-10-06,hormuz,119,82,37,4232384
2020-10-06,malacca,154,61,93,6140604
2020-10-06,suez,56,20,36,2567909
2020-10-07,bab_el_mandeb,45,9,36,1914456
2020-10-07,hormuz,113,69,44,4222566
2020-10-07,malacca,160,61,99,6340378
2020-10-07,suez,54,16,38,2401443
2020-10-08,bab_el_mandeb,66,19,47,3000663
2020-10-08,hormuz,120,70,50,4381574
2020-10-08,malacca,150,47,103,5487413
2020-10-08,suez,57,11,46,2310464
2020-10-09,bab_el_mandeb,55,16,39,1624281
2020-10-09,hormuz,77,48,29,3608298
2020-10-09,malacca,165,60,105,5861430
2020-10-09,suez,45,10,35,2074181
2020-10-10,bab_el_mandeb,66,23,43,3079105
2020-10-10,hormuz,107,59,48,4154700
2020-10-10,malacca,141,53,88,5322985
2020-10-10,suez,51,16,35,1576383
2020-10-11,bab_el_mandeb,53,14,39,2810963
2020-10-11,hormuz,66,36,30,2429771
2020-10-11,malacca,158,57,101,5875219
2020-10-11,suez,58,16,42,2569222
2020-10-12,bab_el_mandeb,64,17,47,2707218
2020-10-12,hormuz,87,48,39,2913463
2020-10-12,malacca,158,63,95,5941058
2020-10-12,suez,46,8,38,1891739
2020-10-13,bab_el_mandeb,51,13,38,1516556
2020-10-13,hormuz,74,46,28,2740649
2020-10-13,malacca,183,76,107,6732881
2020-10-13,suez,56,14,42,2284895
2020-10-14,bab_el_mandeb,44,13,31,1730227
2020-10-14,hormuz,73,48,25,2540963
2020-10-14,malacca,150,56,94,7093528
2020-10-14,suez,59,12,47,2516539
2020-10-15,bab_el_mandeb,59,19,40,2890976
2020-10-15,hormuz,105,71,34,4551557
2020-10-15,malacca,158,57,101,7482101
2020-10-15,suez,53,17,36,2130823
2020-10-16,bab_el_mandeb,48,13,35,1921941
2020-10-16,hormuz,90,53,37,4181174
2020-10-16,malacca,172,68,104,7610770
2020-10-16,suez,35,8,27,1863368
2020-10-17,bab_el_mandeb,63,14,49,2844256
2020-10-17,hormuz,91,54,37,4017454
2020-10-17,malacca,162,64,98,5361973
2020-10-17,suez,49,11,38,2103522
2020-10-18,bab_el_mandeb,44,18,26,1979553
2020-10-18,hormuz,96,66,30,3864165
2020-10-18,malacca,150,60,90,5122735
2020-10-18,suez,42,7,35,2049817
2020-10-19,bab_el_mandeb,45,16,29,2227426
2020-10-19,hormuz,72,42,30,3229495
2020-10-19,malacca,146,61,85,6912162
2020-10-19,suez,52,9,43,2951926
2020-10-20,bab_el_mandeb,54,18,36,1999517
2020-10-20,hormuz,77,43,34,2694125
2020-10-20,malacca,130,43,87,5557972
2020-10-20,suez,58,18,40,2853835
2020-10-21,bab_el_mandeb,61,17,44,2670792
2020-10-21,hormuz,72,46,26,3492520
2020-10-21,malacca,152,62,90,5112396
2020-10-21,suez,54,12,42,2364965
2020-10-22,bab_el_mandeb,47,13,34,2014459
2020-10-22,hormuz,60,36,24,1809360
2020-10-22,malacca,151,59,92,7036325
2020-10-22,suez,49,12,37,2433383
2020-10-23,bab_el_mandeb,52,17,35,2441418
2020-10-23,hormuz,110,56,54,4216527
2020-10-23,malacca,163,60,103,5405102
2020-10-23,suez,55,13,42,2538870
2020-10-24,bab_el_mandeb,51,18,33,2351769
2020-10-24,hormuz,80,49,31,2052276
2020-10-24,malacca,178,73,105,6564365
2020-10-24,suez,54,11,43,2394878
2020-10-25,bab_el_mandeb,46,15,31,2539089
2020-10-25,hormuz,87,54,33,3520113
2020-10-25,malacca,155,55,100,6496542
2020-10-25,suez,50,16,34,2681805
2020-10-26,bab_el_mandeb,81,18,63,2733817
2020-10-26,hormuz,77,52,25,2916003
2020-10-26,malacca,145,59,86,6569993
2020-10-26,suez,48,13,35,2263955
2020-10-27,bab_el_mandeb,58,15,43,2904878
2020-10-27,hormuz,100,61,39,2982785
2020-10-27,malacca,153,51,102,6079699
2020-10-27,suez,56,15,41,2645149
2020-10-28,bab_el_mandeb,53,17,36,2722199
2020-10-28,hormuz,72,40,32,1968584
2020-10-28,malacca,172,79,93,8004923
2020-10-28,suez,59,17,42,3111741
2020-10-29,bab_el_mandeb,42,12,30,2270206
2020-10-29,hormuz,87,51,36,3679484
2020-10-29,malacca,161,64,97,5668597
2020-10-29,suez,60,14,46,2080641
2020-10-30,bab_el_mandeb,53,18,35,2089914
2020-10-30,hormuz,98,61,37,3654900
2020-10-30,malacca,147,66,81,6154690
2020-10-30,suez,61,13,48,2685518
2020-10-31,bab_el_mandeb,56,19,37,3332430
2020-10-31,hormuz,96,53,43,4813408
2020-10-31,malacca,149,59,90,5334737
2020-10-31,suez,57,8,49,1999889
2020-11-01,bab_el_mandeb,54,15,39,2394530
2020-11-01,hormuz,84,45,39,3893869
2020-11-01,malacca,178,80,98,7775740
2020-11-01,suez,46,12,34,2328947
2020-11-02,bab_el_mandeb,64,15,49,2779873
2020-11-02,hormuz,98,60,38,3766857
2020-11-02,malacca,171,63,108,6446143
2020-11-02,suez,54,15,39,1876399
2020-11-03,bab_el_mandeb,53,13,40,2066944
2020-11-03,hormuz,95,60,35,4382603
2020-11-03,malacca,155,67,88,4921194
2020-11-03,suez,53,17,36,2813391
2020-11-04,bab_el_mandeb,51,16,35,1577481
2020-11-04,hormuz,99,53,46,4192018
2020-11-04,malacca,171,74,97,6161703
2020-11-04,suez,51,14,37,2311688
2020-11-05,bab_el_mandeb,61,19,42,2929734
2020-11-05,hormuz,103,60,43,4099020
2020-11-05,malacca,156,68,88,6084943
2020-11-05,suez,57,15,42,2421246
2020-11-06,bab_el_mandeb,52,12,40,2103935
2020-11-06,hormuz,53,29,24,1079604
2020-11-06,malacca,147,63,84,6224921
2020-11-06,suez,47,10,37,2739851
2020-11-07,bab_el_mandeb,51,17,34,2287752
2020-11-07,hormuz,75,50,25,2797918
2020-11-07,malacca,141,58,83,4936637
2020-11-07,suez,52,12,40,2403715
2020-11-08,bab_el_mandeb,41,15,26,1792515
2020-11-08,hormuz,49,32,17,2190838
2020-11-08,malacca,169,75,94,6775310
2020-11-08,suez,60,16,44,2554520
2020-11-09,bab_el_mandeb,69,17,52,2762517
2020-11-09,hormuz,74,47,27,2882939
2020-11-09,malacca,169,63,106,5785091
2020-11-09,suez,65,17,48,2201604
2020-11-10,bab_el_mandeb,60,16,44,2919236
2020-11-10,hormuz,94,62,32,2764712
2020-11-10,malacca,165,75,90,6857586
2020-11-10,suez,48,15,33,2410275
2020-11-11,bab_el_mandeb,45,11,34,1940888
2020-11-11,hormuz,109,65,44,4264186
2020-11-11,malacca,134,44,90,4446122
2020-11-11,suez,61,15,46,2804948
2020-11-12,bab_el_mandeb,41,14,27,1981428
2020-11-12,hormuz,82,53,29,2132643
2020-11-12,malacca,155,62,93,6349177
2020-11-12,suez,48,12,36,2286435
2020-11-13,bab_el_mandeb,60,25,35,2648609
2020-11-13,hormuz,66,40,26,2576555
2020-11-13,malacca,185,80,105,8308499
2020-11-13,suez,54,15,39,2304653
2020-11-14,bab_el_mandeb,63,20,43,3040072
2020-11-14,hormuz,64,37,27,2303647
2020-11-14,malacca,169,60,109,6054857
2020-11-14,suez,66,16,50,2533008
2020-11-15,bab_el_mandeb,59,24,35,2558321
2020-11-15,hormuz,60,33,27,1388271
2020-11-15,malacca,177,71,106,7880817
2020-11-15,suez,53,12,41,2405300
2020-11-16,bab_el_mandeb,66,27,39,3123973
2020-11-16,hormuz,54,28,26,1562431
2020-11-16,malacca,153,68,85,6040431
2020-11-16,suez,52,16,36,2026738
2020-11-17,bab_el_mandeb,52,11,41,2438354
2020-11-17,hormuz,70,46,24,2276460
2020-11-17,malacca,156,68,88,6527981
2020-11-17,suez,64,13,51,2766496
2020-11-18,bab_el_mandeb,66,16,50,3076924
2020-11-18,hormuz,52,36,16,2015377
2020-11-18,malacca,158,71,87,6298680
2020-11-18,suez,53,18,35,3383640
2020-11-19,bab_el_mandeb,43,8,35,1850451
2020-11-19,hormuz,49,30,19,1225246
2020-11-19,malacca,193,79,114,6720463
2020-11-19,suez,53,18,35,2052005
2020-11-20,bab_el_mandeb,56,16,40,2156995
2020-11-20,hormuz,60,37,23,1834823
2020-11-20,malacca,163,67,96,7005169
2020-11-20,suez,57,21,36,2816737
2020-11-21,bab_el_mandeb,63,18,45,2331603
2020-11-21,hormuz,45,30,15,1810574
2020-11-21,malacca,176,75,101,7228100
2020-11-21,suez,63,15,48,3383165
2020-11-22,bab_el_mandeb,51,14,37,2457502
2020-11-22,hormuz,40,17,23,1436817
2020-11-22,malacca,136,60,76,4726604
2020-11-22,suez,58,16,42,2210301
2020-11-23,bab_el_mandeb,59,16,43,3240198
2020-11-23,hormuz,38,20,18,689737
2020-11-23,malacca,161,54,107,6249041
2020-11-23,suez,51,8,43,2594666
2020-11-24,bab_el_mandeb,60,23,37,2515823
2020-11-24,hormuz,50,27,23,1066370
2020-11-24,malacca,157,57,100,5689364
2020-11-24,suez,38,10,28,2260560
2020-11-25,bab_el_mandeb,48,20,28,2532275
2020-11-25,hormuz,72,46,26,1810108
2020-11-25,malacca,165,72,93,7265344
2020-11-25,suez,58,15,43,2051827
2020-11-26,bab_el_mandeb,52,12,40,2551378
2020-11-26,hormuz,61,38,23,1639982
2020-11-26,malacca,162,68,94,4974983
2020-11-26,suez,47,11,36,2393860
2020-11-27,bab_el_mandeb,48,15,33,2003533
2020-11-27,hormuz,73,47,26,2679769
2020-11-27,malacca,166,78,88,6980284
2020-11-27,suez,61,17,44,2035769
2020-11-28,bab_el_mandeb,60,21,39,2547258
2020-11-28,hormuz,73,53,20,1669676
2020-11-28,malacca,167,70,97,6616191
2020-11-28,suez,61,15,46,2687034
2020-11-29,bab_el_mandeb,59,15,44,2416481
2020-11-29,hormuz,63,41,22,1476382
2020-11-29,malacca,166,78,88,6060508
2020-11-29,suez,58,16,42,3103029
2020-11-30,bab_el_mandeb,64,23,41,2805798
2020-11-30,hormuz,66,43,23,1683476
2020-11-30,malacca,153,61,92,5741712
2020-11-30,suez,44,12,32,2206361
2020-12-01,bab_el_mandeb,55,18,37,1608892
2020-12-01,hormuz,74,43,31,2344089
2020-12-01,malacca,167,71,96,6520007
2020-12-01,suez,43,16,27,1716680
2020-12-02,bab_el_mandeb,61,18,43,2800807
2020-12-02,hormuz,95,61,34,3273364
2020-12-02,malacca,153,70,83,6243220
2020-12-02,suez,54,10,44,2632051
2020-12-03,bab_el_mandeb,55,18,37,2353171
2020-12-03,hormuz,77,53,24,4211144
2020-12-03,malacca,146,60,86,4139882
2020-12-03,suez,44,13,31,2368595
2020-12-04,bab_el_mandeb,55,17,38,2179174
2020-12-04,hormuz,84,59,25,3190977
2020-12-04,malacca,146,54,92,5126166
2020-12-04,suez,66,22,44,2726211
2020-12-05,bab_el_mandeb,57,14,43,3278193
2020-12-05,hormuz,80,50,30,4235562
2020-12-05,malacca,147,53,94,6440683
2020-12-05,suez,50,16,34,2175220
2020-12-06,bab_el_mandeb,45,17,28,2047997
2020-12-06,hormuz,58,33,25,2813623
2020-12-06,malacca,141,68,73,4524549
2020-12-06,suez,51,14,37,2759470
2020-12-07,bab_el_mandeb,59,16,43,2979773
2020-12-07,hormuz,48,33,15,1596805
2020-12-07,malacca,185,73,112,7241474
2020-12-07,suez,58,23,35,2243553
2020-12-08,bab_el_mandeb,52,18,34,2379249
2020-12-08,hormuz,56,30,26,1039753
2020-12-08,malacca,133,52,81,5598006
2020-12-08,suez,55,16,39,2629942
2020-12-09,bab_el_mandeb,46,16,30,1729087
2020-12-09,hormuz,56,35,21,1880253
2020-12-09,malacca,180,61,119,7104439
2020-12-09,suez,53,21,32,2729024
2020-12-10,bab_el_mandeb,59,21,38,1873788
2020-12-10,hormuz,64,36,28,2153861
2020-12-10,malacca,161,70,91,5859525
2020-12-10,suez,54,13,41,2855844
2020-12-11,bab_el_mandeb,59,21,38,3213665
2020-12-11,hormuz,68,45,23,2297839
2020-12-11,malacca,137,55,82,4478325
2020-12-11,suez,52,20,32,3393578
2020-12-12,bab_el_mandeb,53,12,41,2805024
2020-12-12,hormuz,40,25,15,1212600
2020-12-12,malacca,151,59,92,6528406
2020-12-12,suez,44,14,30,1265466
2020-12-13,bab_el_mandeb,57,21,36,2768013
2020-12-13,hormuz,54,35,19,947110
2020-12-13,malacca,183,73,110,8427089
2020-12-13,suez,50,7,43,2499533
2020-12-14,bab_el_mandeb,51,15,36,2789720
2020-12-14,hormuz,67,47,20,1362724
2020-12-14,malacca,155,55,100,6520916
2020-12-14,suez,52,14,38,2428241
2020-12-15,bab_el_mandeb,57,17,40,3090739
2020-12-15,hormuz,60,32,28,2275284
2020-12-15,malacca,148,58,90,4981797
2020-12-15,suez,47,14,33,2154379
2020-12-16,bab_el_mandeb,54,18,36,2308381
2020-12-16,hormuz,42,16,26,1243925
2020-12-16,malacca,174,73,101,7540101
2020-12-16,suez,47,12,35,1533643
2020-12-17,bab_el_mandeb,59,16,43,2952677
2020-12-17,hormuz,28,17,11,620183
2020-12-17,malacca,158,75,83,6329156
2020-12-17,suez,59,10,49,3287782
2020-12-18,bab_el_mandeb,48,15,33,2140759
2020-12-18,hormuz,58,33,25,1471779
2020-12-18,malacca,137,54,83,5062250
2020-12-18,suez,48,14,34,2384243
2020-12-19,bab_el_mandeb,57,23,34,2517401
2020-12-19,hormuz,62,34,28,1382690
2020-12-19,malacca,151,68,83,4493481
2020-12-19,suez,61,20,41,2482135
2020-12-20,bab_el_mandeb,57,18,39,2525815
2020-12-20,hormuz,46,30,16,1020127
2020-12-20,malacca,170,70,100,8010405
2020-12-20,suez,53,19,34,2715841
2020-12-21,bab_el_mandeb,57,11,46,2327007
2020-12-21,hormuz,51,35,16,1390061
2020-12-21,malacca,157,71,86,5005681
2020-12-21,suez,57,12,45,2469264
2020-12-22,bab_el_mandeb,57,19,38,2491933
2020-12-22,hormuz,60,42,18,2279618
2020-12-22,malacca,166,69,97,6408960
2020-12-22,suez,51,14,37,2443997
2020-12-23,bab_el_mandeb,65,22,43,2713424
2020-12-23,hormuz,62,39,23,2299843
2020-12-23,malacca,200,71,129,8884704
2020-12-23,suez,45,23,22,1948840
2020-12-24,bab_el_mandeb,57,16,41,2149372
2020-12-24,hormuz,62,39,23,1440625
2020-12-24,malacca,180,79,101,5203516
2020-12-24,suez,52,10,42,2185706
2020-12-25,bab_el_mandeb,62,20,42,2962842
2020-12-25,hormuz,55,31,24,1515370
2020-12-25,malacca,181,74,107,5477383
2020-12-25,suez,61,19,42,2705997
2020-12-26,bab_el_mandeb,41,11,30,1990585
2020-12-26,hormuz,79,60,19,1354587
2020-12-26,malacca,163,72,91,5964385
2020-12-26,suez,52,18,34,2535489
2020-12-27,bab_el_mandeb,51,15,36,2369938
2020-12-27,hormuz,45,34,11,1446592
2020-12-27,malacca,172,82,90,7034966
2020-12-27,suez,52,17,35,2555087
2020-12-28,bab_el_mandeb,48,11,37,1881721
2020-12-28,hormuz,71,39,32,1178751
2020-12-28,malacca,173,76,97,7385889
2020-12-28,suez,47,14,33,2526658
2020-12-29,bab_el_mandeb,56,18,38,2275777
2020-12-29,hormuz,69,45,24,2232202
2020-12-29,malacca,161,57,104,5859984
2020-12-29,suez,45,11,34,2105352
2020-12-30,bab_el_mandeb,56,21,35,2904052
2020-12-30,hormuz,60,39,21,2437272
2020-12-30,malacca,134,48,86,5862655
2020-12-30,suez,49,15,34,2072667
2020-12-31,bab_el_mandeb,55,15,40,2900831
2020-12-31,hormuz,59,37,22,2131905
2020-12-31,malacca,159,68,91,4982500
2020-12-31,suez,54,18,36,2697465
2021-01-01,bab_el_mandeb,50,15,35,2180372
2021-01-01,hormuz,71,46,25,1611300
2021-01-01,malacca,155,62,93,5253976
2021-01-01,suez,59,14,45,2693301
2021-01-02,bab_el_mandeb,65,29,36,3345066
2021-01-02,hormuz,66,43,23,1588303
2021-01-02,malacca,160,63,97,7034249
2021-01-02,suez,62,15,47,2677166
2021-01-03,bab_el_mandeb,44,16,28,1896978
2021-01-03,hormuz,79,53,26,2429619
2021-01-03,malacca,171,71,100,6487223
2021-01-03,suez,49,13,36,1918821
2021-01-04,bab_el_mandeb,51,18,33,2258795
2021-01-04,hormuz,58,36,22,1906422
2021-01-04,malacca,155,66,89,4927204
2021-01-04,suez,55,13,42,2287251
2021-01-05,bab_el_mandeb,64,22,42,2876334
2021-01-05,hormuz,77,51,26,2704524
2021-01-05,malacca,174,59,115,6977705
2021-01-05,suez,47,16,31,2381345
2021-01-06,bab_el_mandeb,65,28,37,3143480
2021-01-06,hormuz,76,47,29,1655009
2021-01-06,malacca,164,61,103,5650803
2021-01-06,suez,51,19,32,2619555
2021-01-07,bab_el_mandeb,55,14,41,2415842
2021-01-07,hormuz,80,52,28,2844034
2021-01-07,malacca,166,60,106,5567754
2021-01-07,suez,40,18,22,3081033
2021-01-08,bab_el_mandeb,63,11,52,2482933
2021-01-08,hormuz,62,39,23,1809372
2021-01-08,malacca,163,74,89,6310278
2021-01-08,suez,64,16,48,3293922
2021-01-09,bab_el_mandeb,59,23,36,3035613
2021-01-09,hormuz,67,42,25,1813046
2021-01-09,malacca,154,64,90,6122818
2021-01-09,suez,57,17,40,2856109
2021-01-10,bab_el_mandeb,53,17,36,2399255
2021-01-10,hormuz,55,36,19,1432007
2021-01-10,malacca,155,63,92,5401039
2021-01-10,suez,60,22,38,2613952
2021-01-11,bab_el_mandeb,54,17,37,2714966
2021-01-11,hormuz,73,44,29,1755255
2021-01-11,malacca,178,81,97,7591367
2021-01-11,suez,49,22,27,2407282
2021-01-12,bab_el_mandeb,55,18,37,2380091
2021-01-12,hormuz,65,37,28,1658511
2021-01-12,malacca,142,72,70,5312649
2021-01-12,suez,49,8,41,2013139
2021-01-13,bab_el_mandeb,72,24,48,2992543
2021-01-13,hormuz,75,40,35,2582571
2021-01-13,malacca,149,58,91,6128712
2021-01-13,suez,50,12,38,2184171
2021-01-14,bab_el_mandeb,62,24,38,2882322
2021-01-14,hormuz,74,44,30,2647655
2021-01-14,malacca,172,67,105,6708597
2021-01-14,suez,51,14,37,1944198
2021-01-15,bab_el_mandeb,43,16,27,2209483
2021-01-15,hormuz,85,51,34,3468931
2021-01-15,malacca,187,88,99,8232512
2021-01-15,suez,55,24,31,2459056
2021-01-16,bab_el_mandeb,52,27,25,2532298
2021-01-16,hormuz,82,54,28,3650153
2021-01-16,malacca,193,81,112,7122411
2021-01-16,suez,53,22,31,1694293
2021-01-17,bab_el_mandeb,57,12,45,2339621
2021-01-17,hormuz,78,48,30,2954099
2021-01-17,malacca,198,79,119,7299643
2021-01-17,suez,54,22,32,2631682
2021-01-18,bab_el_mandeb,43,16,27,1916976
2021-01-18,hormuz,95,52,43,4278474
2021-01-18,malacca,192,88,104,6533230
2021-01-18,suez,49,14,35,2174795
2021-01-19,bab_el_mandeb,57,23,34,2030925
2021-01-19,hormuz,119,62,57,3864682
2021-01-19,malacca,186,72,114,7823445
2021-01-19,suez,43,11,32,2059424
2021-01-20,bab_el_mandeb,70,26,44,2342319
2021-01-20,hormuz,103,67,36,3543641
2021-01-20,malacca,156,70,86,6007272
2021-01-20,suez,47,16,31,2340777
2021-01-21,bab_el_mandeb,50,13,37,1990758
2021-01-21,hormuz,91,57,34,4338026
2021-01-21,malacca,147,59,88,4666591
2021-01-21,suez,55,16,39,2909406
2021-01-22,bab_el_mandeb,51,18,33,2445037
2021-01-22,hormuz,63,36,27,2574441
2021-01-22,malacca,165,79,86,6641592
2021-01-22,suez,53,18,35,2233412
2021-01-23,bab_el_mandeb,52,12,40,2285605
2021-01-23,hormuz,62,38,24,1593542
2021-01-23,malacca,180,79,101,6954763
2021-01-23,suez,45,13,32,2012411
2021-01-24,bab_el_mandeb,60,16,44,2210306
2021-01-24,hormuz,51,30,21,972106
2021-01-24,malacca,158,60,98,5605680
2021-01-24,suez,68,22,46,2516291
2021-01-25,bab_el_mandeb,61,20,41,2921330
2021-01-25,hormuz,67,50,17,3230448
2021-01-25,malacca,159,57,102,6593834
2021-01-25,suez,54,17,37,2717226
2021-01-26,bab_el_mandeb,59,14,45,2550905
2021-01-26,hormuz,75,49,26,3495040
2021-01-26,malacca,116,49,67,4354355
2021-01-26,suez,48,19,29,1704023
2021-01-27,bab_el_mandeb,55,26,29,2742201
2021-01-27,hormuz,96,62,34,3570523
2021-01-27,malacca,193,72,121,6212731
2021-01-27,suez,43,11,32,1714173
2021-01-28,bab_el_mandeb,59,23,36,2033144
2021-01-28,hormuz,89,61,28,3839785
2021-01-28,malacca,177,82,95,7498201
2021-01-28,suez,49,8,41,1399759
2021-01-29,bab_el_mandeb,52,19,33,2206176
2021-01-29,hormuz,100,58,42,3755858
2021-01-29,malacca,162,62,100,6155778
2021-01-29,suez,61,18,43,2375327
2021-01-30,bab_el_mandeb,67,20,47,3074210
2021-01-30,hormuz,76,46,30,2608915
2021-01-30,malacca,175,68,107,6912172
2021-01-30,suez,52,13,39,2462805
2021-01-31,bab_el_mandeb,61,20,41,1825309
2021-01-31,hormuz,72,45,27,3350853
2021-01-31,malacca,145,65,80,5268610
2021-01-31,suez,46,16,30,1682304
2021-02-01,bab_el_mandeb,36,6,30,1620055
2021-02-01,hormuz,75,49,26,2526320
2021-02-01,malacca,153,70,83,5806889
2021-02-01,suez,50,15,35,2359055
2021-02-02,bab_el_mandeb,58,14,44,2722743
2021-02-02,hormuz,72,41,31,2470193
2021-02-02,malacca,151,66,85,6019971
2021-02-02,suez,50,16,34,2791502
2021-02-03,bab_el_mandeb,54,21,33,2172821
2021-02-03,hormuz,78,56,22,3517808
2021-02-03,malacca,170,66,104,5853153
2021-02-03,suez,64,21,43,2340542
2021-02-04,bab_el_mandeb,61,21,40,2425389
2021-02-04,hormuz,97,64,33,4217192
2021-02-04,malacca,151,66,85,6207418
2021-02-04,suez,57,21,36,2755133
2021-02-05,bab_el_mandeb,61,16,45,2640875
2021-02-05,hormuz,82,53,29,3418745
2021-02-05,malacca,177,80,97,6354151
2021-02-05,suez,66,21,45,2830871
2021-02-06,bab_el_mandeb,66,26,40,2828770
2021-02-06,hormuz,81,54,27,3825770
2021-02-06,malacca,163,66,97,6133322
2021-02-06,suez,39,13,26,1588658
2021-02-07,bab_el_mandeb,52,15,37,2522429
2021-02-07,hormuz,75,49,26,3267046
2021-02-07,malacca,179,71,108,6647036
2021-02-07,suez,43,14,29,2057299
2021-02-08,bab_el_mandeb,71,19,52,3545323
2021-02-08,hormuz,67,47,20,3013489
2021-02-08,malacca,169,72,97,7169297
2021-02-08,suez,53,14,39,2288906
2021-02-09,bab_el_mandeb,61,21,40,2643387
2021-02-09,hormuz,73,50,23,2914198
2021-02-09,malacca,166,70,96,5861556
2021-02-09,suez,55,18,37,1846646
2021-02-10,bab_el_mandeb,49,20,29,2288450
2021-02-10,hormuz,84,49,35,2837474
2021-02-10,malacca,157,62,95,5568800
2021-02-10,suez,65,17,48,2972501
2021-02-11,bab_el_mandeb,64,23,41,3208210
2021-02-11,hormuz,97,50,47,3086258
2021-02-11,malacca,168,69,99,6052254
2021-02-11,suez,67,15,52,3037987
2021-02-12,bab_el_mandeb,54,16,38,1975132
2021-02-12,hormuz,103,70,33,4525724
2021-02-12,malacca,156,65,91,5943388
2021-02-12,suez,65,15,50,3155642
2021-02-13,bab_el_mandeb,56,24,32,2281155
2021-02-13,hormuz,87,56,31,3702423
2021-02-13,malacca,149,63,86,5569636
2021-02-13,suez,59,14,45,3170212
2021-02-14,bab_el_mandeb,65,23,42,2704059
2021-02-14,hormuz,98,67,31,3799853
2021-02-14,malacca,149,57,92,5857070
2021-02-14,suez,55,16,39,1948332
2021-02-15,bab_el_mandeb,68,22,46,3450741
2021-02-15,hormuz,122,74,48,4085339
2021-02-15,malacca,169,70,99,6323510
2021-02-15,suez,50,9,41,2269135
2021-02-16,bab_el_mandeb,63,21,42,2868602
2021-02-16,hormuz,93,48,45,3874117
2021-02-16,malacca,177,78,99,6398115
2021-02-16,suez,41,15,26,2465989
2021-02-17,bab_el_mandeb,58,19,39,2571274
2021-02-17,hormuz,95,56,39,3338354
2021-02-17,malacca,180,83,97,6812910
2021-02-17,suez,50,16,34,1889638
2021-02-18,bab_el_mandeb,71,22,49,2991156
2021-02-18,hormuz,84,53,31,3402898
2021-02-18,malacca,169,62,107,6434198
2021-02-18,suez,58,18,40,3053361
2021-02-19,bab_el_mandeb,45,15,30,1298570
2021-02-19,hormuz,91,55,36,3898578
2021-02-19,malacca,151,74,77,4151416
2021-02-19,suez,69,19,50,3013792
2021-02-20,bab_el_mandeb,54,17,37,2749064
2021-02-20,hormuz,82,46,36,2868259
2021-02-20,malacca,139,51,88,4748945
2021-02-20,suez,66,23,43,3068717
2021-02-21,bab_el_mandeb,56,10,46,2431824
2021-02-21,hormuz,56,35,21,1754544
2021-02-21,malacca,164,75,89,6376648
2021-02-21,suez,47,14,33,2357745
2021-02-22,bab_el_mandeb,53,19,34,1986880
2021-02-22,hormuz,67,38,29,2661218
2021-02-22,malacca,180,73,107,7889563
2021-02-22,suez,54,25,29,2826831
2021-02-23,bab_el_mandeb,62,21,41,3017138
2021-02-23,hormuz,74,48,26,3758071
2021-02-23,malacca,146,54,92,5854147
2021-02-23,suez,62,21,41,2484595
2021-02-24,bab_el_mandeb,54,15,39,2853559
2021-02-24,hormuz,65,38,27,2160038
2021-02-24,malacca,134,56,78,6041849
2021-02-24,suez,50,14,36,2934892
2021-02-25,bab_el_mandeb,59,21,38,2447305
2021-02-25,hormuz,81,54,27,3218975
2021-02-25,malacca,179,67,112,5036326
2021-02-25,suez,65,16,49,2728481
2021-02-26,bab_el_mandeb,61,21,40,2411908
2021-02-26,hormuz,65,43,22,2645344
2021-02-26,malacca,156,64,92,6219590
2021-02-26,suez,64,17,47,2988265
2021-02-27,bab_el_mandeb,52,19,33,2028524
2021-02-27,hormuz,71,44,27,1498946
2021-02-27,malacca,212,84,128,8565851
2021-02-27,suez,43,11,32,1821621
2021-02-28,bab_el_mandeb,66,26,40,2977161
2021-02-28,hormuz,42,23,19,983492
2021-02-28,malacca,173,71,102,6951115
2021-02-28,suez,64,12,52,2900468
2021-03-01,bab_el_mandeb,48,20,28,2511719
2021-03-01,hormuz,87,50,37,2968704
2021-03-01,malacca,158,60,98,6138149
2021-03-01,suez,64,16,48,2878685
2021-03-02,bab_el_mandeb,63,19,44,2471245
2021-03-02,hormuz,92,55,37,4026510
2021-03-02,malacca,187,75,112,7787540
2021-03-02,suez,51,9,42,2044297
2021-03-03,bab_el_mandeb,54,9,45,2309963
2021-03-03,hormuz,90,53,37,3511448
2021-03-03,malacca,149,48,101,5272570
2021-03-03,suez,65,25,40,2819375
2021-03-04,bab_el_mandeb,58,18,40,2588806
2021-03-04,hormuz,86,60,26,3826964
2021-03-04,malacca,138,67,71,5970905
2021-03-04,suez,58,20,38,2786733
2021-03-05,bab_el_mandeb,70,27,43,3678068
2021-03-05,hormuz,84,48,36,3305225
2021-03-05,malacca,147,72,75,5752861
2021-03-05,suez,61,22,39,2968305
2021-03-06,bab_el_mandeb,66,19,47,2802370
2021-03-06,hormuz,72,41,31,2560303
2021-03-06,malacca,130,48,82,4236352
2021-03-06,suez,54,13,41,2698097
2021-03-07,bab_el_mandeb,60,16,44,2696734
2021-03-07,hormuz,45,30,15,1394793
2021-03-07,malacca,147,57,90,5142590
2021-03-07,suez,64,21,43,2216966
2021-03-08,bab_el_mandeb,57,17,40,3101287
2021-03-08,hormuz,57,30,27,1455116
2021-03-08,malacca,158,71,87,6115780
2021-03-08,suez,57,13,44,2205040
2021-03-09,bab_el_mandeb,59,21,38,3138405
2021-03-09,hormuz,91,58,33,3376559
2021-03-09,malacca,129,54,75,4558282
2021-03-09,suez,69,13,56,2989534
2021-03-10,bab_el_mandeb,65,19,46,3062676
2021-03-10,hormuz,58,36,22,2105611
2021-03-10,malacca,158,61,97,6071936
2021-03-10,suez,59,23,36,3123846
2021-03-11,bab_el_mandeb,48,13,35,1890290
2021-03-11,hormuz,94,62,32,5185695
2021-03-11,malacca,147,59,88,5577973
2021-03-11,suez,55,22,33,2368151
2021-03-12,bab_el_mandeb,57,10,47,2353726
2021-03-12,hormuz,76,52,24,2429043
2021-03-12,malacca,165,71,94,6232654
2021-03-12,suez,54,12,42,2808077
2021-03-13,bab_el_mandeb,62,22,40,2800916
2021-03-13,hormuz,69,40,29,2566476
2021-03-13,malacca,123,56,67,5144723
2021-03-13,suez,49,15,34,2667096
2021-03-14,bab_el_mandeb,63,18,45,2716997
2021-03-14,hormuz,77,46,31,2533930
2021-03-14,malacca,166,58,108,6522316
2021-03-14,suez,58,16,42,3211868
2021-03-15,bab_el_mandeb,65,23,42,3459568
2021-03-15,hormuz,89,53,36,3681515
2021-03-15,malacca,186,83,103,7095426
2021-03-15,suez,52,18,34,1773388
2021-03-16,bab_el_mandeb,66,26,40,2806957
2021-03-16,hormuz,94,60,34,3924283
2021-03-16,malacca,157,63,94,5029351
2021-03-16,suez,56,12,44,2118318
2021-03-17,bab_el_mandeb,54,26,28,2770038
2021-03-17,hormuz,19,11,8,1028499
2021-03-17,malacca,169,71,98,7903259
2021-03-17,suez,47,13,34,2569452
2021-03-18,bab_el_mandeb,54,18,36,3131876
2021-03-18,hormuz,56,33,23,2067532
2021-03-18,malacca,176,55,121,6845917
2021-03-18,suez,51,19,32,2166224
2021-03-19,bab_el_mandeb,66,23,43,2727923
2021-03-19,hormuz,97,58,39,3884277
2021-03-19,malacca,172,69,103,6475801
2021-03-19,suez,61,21,40,2736152
2021-03-20,bab_el_mandeb,63,21,42,2368591
2021-03-20,hormuz,76,42,34,3059840
2021-03-20,malacca,153,61,92,6186300
2021-03-20,suez,54,17,37,2772477
2021-03-21,bab_el_mandeb,57,24,33,2497928
2021-03-21,hormuz,43,28,15,2140552
2021-03-21,malacca,163,54,109,7097838
2021-03-21,suez,48,15,33,2233495
2021-03-22,bab_el_mandeb,56,14,42,2856740
2021-03-22,hormuz,69,48,21,2188091
2021-03-22,malacca,163,75,88,7629602
2021-03-22,suez,59,22,37,2896830
2021-03-23,bab_el_mandeb,44,13,31,1714877
2021-03-23,hormuz,74,39,35,3122685
2021-03-23,malacca,157,64,93,5474474
2021-03-23,suez,38,4,34,1390965
2021-03-24,bab_el_mandeb,58,17,41,2936520
2021-03-24,hormuz,105,64,41,4692028
2021-03-24,malacca,176,64,112,7266937
2021-03-24,suez,14,4,10,291050
2021-03-25,bab_el_mandeb,42,17,25,2122606
2021-03-25,hormuz,64,39,25,2608358
2021-03-25,malacca,143,53,90,5031516
2021-03-25,suez,2,0,2,43428
2021-03-26,bab_el_mandeb,41,13,28,2218313
2021-03-26,hormuz,73,44,29,2174278
2021-03-26,malacca,138,50,88,4012366
2021-03-26,suez,9,2,7,242647
2021-03-27,bab_el_mandeb,29,10,19,1473743
2021-03-27,hormuz,91,57,34,3024940
2021-03-27,malacca,158,64,94,6161844
2021-03-27,suez,9,3,6,393392
2021-03-28,bab_el_mandeb,39,14,25,1164617
2021-03-28,hormuz,79,49,30,2986747
2021-03-28,malacca,162,49,113,7262416
2021-03-28,suez,10,3,7,325106
2021-03-29,bab_el_mandeb,30,5,25,651328
2021-03-29,hormuz,100,63,37,2838238
2021-03-29,malacca,172,62,110,6713333
2021-03-29,suez,33,12,21,556142
2021-03-30,bab_el_mandeb,28,10,18,943642
2021-03-30,hormuz,108,65,43,4174895
2021-03-30,malacca,149,66,83,6126386
2021-03-30,suez,65,16,49,4315530
2021-03-31,bab_el_mandeb,29,12,17,1206236
2021-03-31,hormuz,116,70,46,3743419
2021-03-31,malacca,180,65,115,6093910
2021-03-31,suez,63,14,49,2934788
2021-04-01,bab_el_mandeb,49,20,29,2277365
2021-04-01,hormuz,122,69,53,4886990
2021-04-01,malacca,180,79,101,7229572
2021-04-01,suez,77,19,58,3735756
2021-04-02,bab_el_mandeb,54,17,37,2167764
2021-04-02,hormuz,100,61,39,4532061
2021-04-02,malacca,174,69,105,7969553
2021-04-02,suez,77,23,54,4063623
2021-04-03,bab_el_mandeb,66,20,46,2475169
2021-04-03,hormuz,117,76,41,5975459
2021-04-03,malacca,176,81,95,7431866
2021-04-03,suez,88,30,58,4680372
2021-04-04,bab_el_mandeb,66,20,46,3727312
2021-04-04,hormuz,106,72,34,4734296
2021-04-04,malacca,145,63,82,6105914
2021-04-04,suez,87,27,60,4192716
2021-04-05,bab_el_mandeb,60,18,42,2947587
2021-04-05,hormuz,91,64,27,2987413
2021-04-05,malacca,168,63,105,5328270
2021-04-05,suez,48,16,32,2325046
2021-04-06,bab_el_mandeb,64,18,46,3037207
2021-04-06,hormuz,76,38,38,2856123
2021-04-06,malacca,180,69,111,6338319
2021-04-06,suez,78,13,65,3759357
2021-04-07,bab_el_mandeb,71,19,52,3975415
2021-04-07,hormuz,118,76,42,4132905
2021-04-07,malacca,187,68,119,6438204
2021-04-07,suez,69,26,43,3646338
2021-04-08,bab_el_mandeb,57,16,41,2810546
2021-04-08,hormuz,94,57,37,3573747
2021-04-08,malacca,193,83,110,7908819
2021-04-08,suez,77,22,55,4388233
2021-04-09,bab_el_mandeb,73,21,52,3960945
2021-04-09,hormuz,130,81,49,4657154
2021-04-09,malacca,186,68,118,6652047
2021-04-09,suez,88,26,62,4220348
2021-04-10,bab_el_mandeb,58,12,46,2917412
2021-04-10,hormuz,91,61,30,3688894
2021-04-10,malacca,188,80,108,5463724
2021-04-10,suez,69,21,48,3219054
2021-04-11,bab_el_mandeb,57,18,39,2734759
2021-04-11,hormuz,92,55,37,3233156
2021-04-11,malacca,190,78,112,6557853
2021-04-11,suez,68,14,54,2507527
2021-04-12,bab_el_mandeb,80,29,51,3736576
2021-04-12,hormuz,77,46,31,3616729
2021-04-12,malacca,193,70,123,7311797
2021-04-12,suez,45,15,30,2084339
2021-04-13,bab_el_mandeb,72,17,55,3512422
2021-04-13,hormuz,64,48,16,2720307
2021-04-13,malacca,146,68,78,5150095
2021-04-13,suez,46,10,36,2256510
2021-04-14,bab_el_mandeb,54,14,40,2646069
2021-04-14,hormuz,65,44,21,2346355
2021-04-14,malacca,137,58,79,5721850
2021-04-14,suez,50,12,38,2252776
2021-04-15,bab_el_mandeb,72,20,52,3352465
2021-04-15,hormuz,77,41,36,3025756
2021-04-15,malacca,134,55,79,6740959
2021-04-15,suez,48,12,36,2262535
2021-04-16,bab_el_mandeb,53,19,34,2312728
2021-04-16,hormuz,110,68,42,4882556
2021-04-16,malacca,148,56,92,5835769
2021-04-16,suez,55,13,42,2704564
2021-04-17,bab_el_mandeb,55,19,36,2245376
2021-04-17,hormuz,105,65,40,4846395
2021-04-17,malacca,146,54,92,5390507
2021-04-17,suez,54,18,36,2905351
2021-04-18,bab_el_mandeb,45,17,28,2312811
2021-04-18,hormuz,93,56,37,4614969
2021-04-18,malacca,162,48,114,6592077
2021-04-18,suez,48,11,37,2946877
2021-04-19,bab_el_mandeb,61,20,41,2728674
2021-04-19,hormuz,94,52,42,4255544
2021-04-19,malacca,182,74,108,7326925
2021-04-19,suez,59,19,40,2545207
2021-04-20,bab_el_mandeb,52,16,36,2809184
2021-04-20,hormuz,91,49,42,4073810
2021-04-20,malacca,175,64,111,6868063
2021-04-20,suez,56,11,45,2609640
2021-04-21,bab_el_mandeb,49,13,36,2433493
2021-04-21,hormuz,117,64,53,4103377
2021-04-21,malacca,157,60,97,6636385
2021-04-21,suez,55,18,37,2247478
2021-04-22,bab_el_mandeb,43,17,26,2377470
2021-04-22,hormuz,114,67,47,4440867
2021-04-22,malacca,158,59,99,7087133
2021-04-22,suez,55,18,37,2634808
2021-04-23,bab_el_mandeb,54,13,41,2910813
2021-04-23,hormuz,114,71,43,3856521
2021-04-23,malacca,152,62,90,6247074
2021-04-23,suez,57,14,43,3258877
2021-04-24,bab_el_mandeb,50,15,35,2946222
2021-04-24,hormuz,122,69,53,5246508
2021-04-24,malacca,167,71,96,6697765
2021-04-24,suez,53,15,38,2563610
2021-04-25,bab_el_mandeb,55,13,42,2656587
2021-04-25,hormuz,95,61,34,3840088
2021-04-25,malacca,176,70,106,6292798
2021-04-25,suez,70,23,47,2892824
2021-04-26,bab_el_mandeb,56,19,37,2453635
2021-04-26,hormuz,75,47,28,3718496
2021-04-26,malacca,156,56,100,6766787
2021-04-26,suez,53,12,41,2263268
2021-04-27,bab_el_mandeb,48,8,40,2224141
2021-04-27,hormuz,91,52,39,3790211
2021-04-27,malacca,138,52,86,6473511
2021-04-27,suez,40,9,31,2391322
2021-04-28,bab_el_mandeb,67,25,42,3282954
2021-04-28,hormuz,87,55,32,3756429
2021-04-28,malacca,145,62,83,6710613
2021-04-28,suez,48,9,39,2153862
2021-04-29,bab_el_mandeb,56,17,39,3198690
2021-04-29,hormuz,76,46,30,2023578
2021-04-29,malacca,153,61,92,6851143
2021-04-29,suez,44,9,35,2758458
2021-04-30,bab_el_mandeb,61,20,41,2804471
2021-04-30,hormuz,61,36,25,2139699
2021-04-30,malacca,201,93,108,7854918
2021-04-30,suez,49,9,40,1777536
2021-05-01,bab_el_mandeb,47,15,32,2026834
2021-05-01,hormuz,75,37,38,2494840
2021-05-01,malacca,210,79,131,7002404
2021-05-01,suez,62,14,48,2642591
2021-05-02,bab_el_mandeb,49,12,37,2086676
2021-05-02,hormuz,100,64,36,3266761
2021-05-02,malacca,174,75,99,7123719
2021-05-02,suez,56,18,38,2999137
2021-05-03,bab_el_mandeb,65,22,43,2873633
2021-05-03,hormuz,101,76,25,4368460
2021-05-03,malacca,194,71,123,7665381
2021-05-03,suez,59,23,36,2465502
2021-05-04,bab_el_mandeb,70,20,50,3085780
2021-05-04,hormuz,91,56,35,2555303
2021-05-04,malacca,160,56,104,6974911
2021-05-04,suez,51,13,38,2424054
2021-05-05,bab_el_mandeb,52,13,39,2081280
2021-05-05,hormuz,69,43,26,3354901
2021-05-05,malacca,196,81,115,7994696
2021-05-05,suez,57,14,43,2807173
2021-05-06,bab_el_mandeb,60,21,39,2996868
2021-05-06,hormuz,98,63,35,5680854
2021-05-06,malacca,157,59,98,7508050
2021-05-06,suez,60,19,41,2414519
2021-05-07,bab_el_mandeb,61,21,40,2721340
2021-05-07,hormuz,108,64,44,3943621
2021-05-07,malacca,150,63,87,5649055
2021-05-07,suez,55,15,40,2941923
2021-05-08,bab_el_mandeb,59,16,43,3185941
2021-05-08,hormuz,117,72,45,4381053
2021-05-08,malacca,166,72,94,4800466
2021-05-08,suez,60,17,43,2258189
2021-05-09,bab_el_mandeb,47,14,33,2523974
2021-05-09,hormuz,83,56,27,3913447
2021-05-09,malacca,149,55,94,6711619
2021-05-09,suez,61,18,43,2604676
2021-05-10,bab_el_mandeb,51,20,31,2568249
2021-05-10,hormuz,80,45,35,3050485
2021-05-10,malacca,158,59,99,6664358
2021-05-10,suez,40,9,31,1474613
2021-05-11,bab_el_mandeb,70,27,43,3143542
2021-05-11,hormuz,114,67,47,4496108
2021-05-11,malacca,167,72,95,5772428
2021-05-11,suez,62,23,39,2960054
2021-05-12,bab_el_mandeb,47,13,34,2158974
2021-05-12,hormuz,120,61,59,5287551
2021-05-12,malacca,163,69,94,6292068
2021-05-12,suez,56,12,44,2936950
2021-05-13,bab_el_mandeb,48,12,36,2071087
2021-05-13,hormuz,117,78,39,4733969
2021-05-13,malacca,148,65,83,6240171
2021-05-13,suez,64,16,48,2840554
2021-05-14,bab_el_mandeb,62,23,39,2627526
2021-05-14,hormuz,111,72,39,3898543
2021-05-14,malacca,157,76,81,6174414
2021-05-14,suez,53,14,39,2551027
2021-05-15,bab_el_mandeb,62,16,46,3011875
2021-05-15,hormuz,70,55,15,3578358
2021-05-15,malacca,145,46,99,6089061
2021-05-15,suez,44,15,29,2299267
2021-05-16,bab_el_mandeb,48,12,36,2438765
2021-05-16,hormuz,65,33,32,3092050
2021-05-16,malacca,145,58,87,6870736
2021-05-16,suez,63,23,40,3041432
2021-05-17,bab_el_mandeb,53,12,41,2941233
2021-05-17,hormuz,99,54,45,3559017
2021-05-17,malacca,140,59,81,6353123
2021-05-17,suez,60,22,38,2950561
2021-05-18,bab_el_mandeb,60,20,40,2645136
2021-05-18,hormuz,94,59,35,4472858
2021-05-18,malacca,146,52,94,4543841
2021-05-18,suez,65,17,48,2817642
2021-05-19,bab_el_mandeb,51,22,29,1990755
2021-05-19,hormuz,96,60,36,3631100
2021-05-19,malacca,128,56,72,6201619
2021-05-19,suez,60,20,40,2866208
2021-05-20,bab_el_mandeb,53,20,33,2407201
2021-05-20,hormuz,99,56,43,4344199
2021-05-20,malacca,152,57,95,6596301
2021-05-20,suez,42,13,29,2542551
2021-05-21,bab_el_mandeb,46,16,30,2289580
2021-05-21,hormuz,114,64,50,5623715
2021-05-21,malacca,159,66,93,6693025
2021-05-21,suez,45,10,35,1948307
2021-05-22,bab_el_mandeb,61,20,41,3208618
2021-05-22,hormuz,111,72,39,5159874
2021-05-22,malacca,147,57,90,6726539
2021-05-22,suez,54,15,39,3025788
2021-05-23,bab_el_mandeb,66,17,49,3209300
2021-05-23,hormuz,101,70,31,3035958
2021-05-23,malacca,131,58,73,6349874
2021-05-23,suez,51,16,35,2712148
2021-05-24,bab_el_mandeb,58,19,39,2604002
2021-05-24,hormuz,98,62,36,3328304
2021-05-24,malacca,138,71,67,5138467
2021-05-24,suez,54,13,41,2810984
2021-05-25,bab_el_mandeb,52,16,36,2606126
2021-05-25,hormuz,81,52,29,3805791
2021-05-25,malacca,168,65,103,6918192
2021-05-25,suez,46,10,36,2135141
2021-05-26,bab_el_mandeb,54,14,40,3091710
2021-05-26,hormuz,72,42,30,2383852
2021-05-26,malacca,144,61,83,6269127
2021-05-26,suez,49,13,36,2163612
2021-05-27,bab_el_mandeb,57,13,44,3483810
2021-05-27,hormuz,110,64,46,4358475
2021-05-27,malacca,143,63,80,4678078
2021-05-27,suez,80,18,62,3267565
2021-05-28,bab_el_mandeb,54,14,40,2178406
2021-05-28,hormuz,102,55,47,3337328
2021-05-28,malacca,160,79,81,7521520
2021-05-28,suez,53,18,35,2658131
2021-05-29,bab_el_mandeb,55,16,39,2819515
2021-05-29,hormuz,93,53,40,3994305
2021-05-29,malacca,161,69,92,6692669
2021-05-29,suez,61,15,46,3123630
2021-05-30,bab_el_mandeb,60,19,41,2849907
2021-05-30,hormuz,86,54,32,3619901
2021-05-30,malacca,171,68,103,5501014
2021-05-30,suez,64,13,51,3286703
2021-05-31,bab_el_mandeb,51,14,37,2451379
2021-05-31,hormuz,109,65,44,4628214
2021-05-31,malacca,155,64,91,5706018
2021-05-31,suez,53,15,38,2305138
2021-06-01,bab_el_mandeb,47,19,28,2260473
2021-06-01,hormuz,120,67,53,5043671
2021-06-01,malacca,164,74,90,5479100
2021-06-01,suez,35,8,27,2009277
2021-06-02,bab_el_mandeb,64,23,41,3329626
2021-06-02,hormuz,110,75,35,4004588
2021-06-02,malacca,155,61,94,6518855
2021-06-02,suez,53,18,35,2375265
2021-06-03,bab_el_mandeb,59,16,43,2875627
2021-06-03,hormuz,120,80,40,5163568
2021-06-03,malacca,139,56,83,6046324
2021-06-03,suez,54,15,39,3042258
2021-06-04,bab_el_mandeb,53,11,42,2124863
2021-06-04,hormuz,83,50,33,3309288
2021-06-04,malacca,148,56,92,5416775
2021-06-04,suez,52,14,38,2205536
2021-06-05,bab_el_mandeb,62,19,43,3509472
2021-06-05,hormuz,111,65,46,5580971
2021-06-05,malacca,141,58,83,5699406
2021-06-05,suez,58,11,47,2180610
2021-06-06,bab_el_mandeb,60,16,44,2485316
2021-06-06,hormuz,100,53,47,4251009
2021-06-06,malacca,140,53,87,6344702
2021-06-06,suez,58,20,38,2594012
2021-06-07,bab_el_mandeb,61,18,43,2993796
2021-06-07,hormuz,98,67,31,3921249
2021-06-07,malacca,151,65,86,6107786
2021-06-07,suez,63,27,36,2546944
2021-06-08,bab_el_mandeb,52,16,36,2664329
2021-06-08,hormuz,89,61,28,3919230
2021-06-08,malacca,161,69,92,5866301
2021-06-08,suez,48,9,39,2079616
2021-06-09,bab_el_mandeb,40,14,26,1330861
2021-06-09,hormuz,102,57,45,4861494
2021-06-09,malacca,136,57,79,4301854
2021-06-09,suez,55,20,35,3021358
2021-06-10,bab_el_mandeb,61,16,45,2710049
2021-06-10,hormuz,109,53,56,3753810
2021-06-10,malacca,145,57,88,5850324
2021-06-10,suez,51,11,40,3188843
2021-06-11,bab_el_mandeb,57,20,37,3161561
2021-06-11,hormuz,108,65,43,3981683
2021-06-11,malacca,150,62,88,6000681
2021-06-11,suez,59,14,45,2346350
2021-06-12,bab_el_mandeb,57,18,39,2434265
2021-06-12,hormuz,107,55,52,3981175
2021-06-12,malacca,155,62,93,6866769
2021-06-12,suez,55,13,42,1981433
2021-06-13,bab_el_mandeb,54,18,36,2909575
2021-06-13,hormuz,81,49,32,2654318
2021-06-13,malacca,126,51,75,5240969
2021-06-13,suez,55,20,35,1987170
2021-06-14,bab_el_mandeb,54,13,41,2656207
2021-06-14,hormuz,78,45,33,4234716
2021-06-14,malacca,140,53,87,6742379
2021-06-14,suez,60,17,43,2706548
2021-06-15,bab_el_mandeb,61,17,44,3220551
2021-06-15,hormuz,100,54,46,4003607
2021-06-15,malacca,130,58,72,4532988
2021-06-15,suez,57,14,43,2590133
2021-06-16,bab_el_mandeb,67,22,45,2445427
2021-06-16,hormuz,117,67,50,3901132
2021-06-16,malacca,145,53,92,5840759
2021-06-16,suez,55,18,37,3028036
2021-06-17,bab_el_mandeb,41,10,31,2444046
2021-06-17,hormuz,112,71,41,4360868
2021-06-17,malacca,135,46,89,4724272
2021-06-17,suez,55,19,36,2571667
2021-06-18,bab_el_mandeb,56,12,44,2927902
2021-06-18,hormuz,122,89,33,4967668
2021-06-18,malacca,128,55,73,6150250
2021-06-18,suez,50,13,37,3077722
2021-06-19,bab_el_mandeb,67,20,47,3286497
2021-06-19,hormuz,104,63,41,4438362
2021-06-19,malacca,141,59,82,5761075
2021-06-19,suez,52,19,33,2054955
2021-06-20,bab_el_mandeb,56,20,36,2829423
2021-06-20,hormuz,111,64,47,4765892
2021-06-20,malacca,177,77,100,6074917
2021-06-20,suez,59,11,48,2825719
2021-06-21,bab_el_mandeb,52,16,36,2217343
2021-06-21,hormuz,111,76,35,4437401
2021-06-21,malacca,134,56,78,5875285
2021-06-21,suez,54,14,40,2611904
2021-06-22,bab_el_mandeb,63,19,44,3174246
2021-06-22,hormuz,109,74,35,4704148
2021-06-22,malacca,123,56,67,5322740
2021-06-22,suez,60,16,44,2977295
2021-06-23,bab_el_mandeb,60,16,44,2480789
2021-06-23,hormuz,110,65,45,4986127
2021-06-23,malacca,137,45,92,5507479
2021-06-23,suez,43,12,31,2624644
2021-06-24,bab_el_mandeb,63,26,37,3499697
2021-06-24,hormuz,112,70,42,4685989
2021-06-24,malacca,144,54,90,4453804
2021-06-24,suez,55,9,46,2094948
2021-06-25,bab_el_mandeb,71,22,49,3192782
2021-06-25,hormuz,130,79,51,4465916
2021-06-25,malacca,154,60,94,5306056
2021-06-25,suez,65,18,47,3303624
2021-06-26,bab_el_mandeb,65,14,51,3532448
2021-06-26,hormuz,106,60,46,3867227
2021-06-26,malacca,144,58,86,7425988
2021-06-26,suez,63,22,41,3077816
2021-06-27,bab_el_mandeb,53,17,36,2674756
2021-06-27,hormuz,92,57,35,4483848
2021-06-27,malacca,161,55,106,5470530
2021-06-27,suez,52,13,39,2412304
2021-06-28,bab_el_mandeb,60,12,48,2248884
2021-06-28,hormuz,90,60,30,4322816
2021-06-28,malacca,149,52,97,6057155
2021-06-28,suez,69,26,43,3550942
2021-06-29,bab_el_mandeb,62,16,46,2685067
2021-06-29,hormuz,106,67,39,4131325
2021-06-29,malacca,151,65,86,6028673
2021-06-29,suez,65,15,50,3306718
2021-06-30,bab_el_mandeb,59,18,41,2802598
2021-06-30,hormuz,101,64,37,3575457
2021-06-30,malacca,145,61,84,5033711
2021-06-30,suez,43,18,25,2668036
2021-07-01,bab_el_mandeb,51,19,32,2754018
2021-07-01,hormuz,113,68,45,4072875
2021-07-01,malacca,138,51,87,5486227
2021-07-01,suez,55,13,42,2358910
2021-07-02,bab_el_mandeb,60,14,46,2792888
2021-07-02,hormuz,119,78,41,4957519
2021-07-02,malacca,178,79,99,7361383
2021-07-02,suez,53,14,39,2243633
2021-07-03,bab_el_mandeb,69,22,47,3171146
2021-07-03,hormuz,107,64,43,5394731
2021-07-03,malacca,157,62,95,6459321
2021-07-03,suez,48,16,32,2328766
2021-07-04,bab_el_mandeb,58,19,39,2772308
2021-07-04,hormuz,101,58,43,3857635
2021-07-04,malacca,148,68,80,6310877
2021-07-04,suez,52,13,39,2195542
2021-07-05,bab_el_mandeb,56,14,42,2283218
2021-07-05,hormuz,107,62,45,4258139
2021-07-05,malacca,101,41,60,4407216
2021-07-05,suez,49,11,38,2556418
2021-07-06,bab_el_mandeb,44,14,30,2102782
2021-07-06,hormuz,92,58,34,2936902
2021-07-06,malacca,152,61,91,6750698
2021-07-06,suez,55,13,42,2839359
2021-07-07,bab_el_mandeb,59,20,39,3117072
2021-07-07,hormuz,85,50,35,4112240
2021-07-07,malacca,146,46,100,6578404
2021-07-07,suez,48,20,28,2254300
2021-07-08,bab_el_mandeb,62,16,46,2395796
2021-07-08,hormuz,98,60,38,3607572
2021-07-08,malacca,146,56,90,5998454
2021-07-08,suez,56,13,43,2440466
2021-07-09,bab_el_mandeb,50,11,39,2240073
2021-07-09,hormuz,116,66,50,4510626
2021-07-09,malacca,147,56,91,6581794
2021-07-09,suez,62,17,45,3139147
2021-07-10,bab_el_mandeb,59,19,40,3529079
2021-07-10,hormuz,92,60,32,3384246
2021-07-10,malacca,169,74,95,7532849
2021-07-10,suez,49,12,37,2277531
2021-07-11,bab_el_mandeb,55,12,43,2161919
2021-07-11,hormuz,97,67,30,3524491
2021-07-11,malacca,150,64,86,4907304
2021-07-11,suez,62,14,48,2986719
2021-07-12,bab_el_mandeb,58,20,38,3047111
2021-07-12,hormuz,98,65,33,3595120
2021-07-12,malacca,155,66,89,6788364
2021-07-12,suez,49,11,38,2333093
2021-07-13,bab_el_mandeb,60,23,37,2732372
2021-07-13,hormuz,89,53,36,4409802
2021-07-13,malacca,146,56,90,6215875
2021-07-13,suez,57,19,38,2600929
2021-07-14,bab_el_mandeb,48,13,35,2528258
2021-07-14,hormuz,89,58,31,3582306
2021-07-14,malacca,138,57,81,6102431
2021-07-14,suez,57,15,42,2421625
2021-07-15,bab_el_mandeb,57,16,41,2371306
2021-07-15,hormuz,67,38,29,2935239
2021-07-15,malacca,146,60,86,5117421
2021-07-15,suez,47,12,35,2693244
2021-07-16,bab_el_mandeb,53,11,42,2651606
2021-07-16,hormuz,94,57,37,3693777
2021-07-16,malacca,137,53,84,4816507
2021-07-16,suez,59,19,40,3134266
2021-07-17,bab_el_mandeb,53,13,40,2733595
2021-07-17,hormuz,91,63,28,2882994
2021-07-17,malacca,155,60,95,5941018
2021-07-17,suez,53,16,37,2507019
2021-07-18,bab_el_mandeb,62,16,46,3012781
2021-07-18,hormuz,84,60,24,2672821
2021-07-18,malacca,134,44,90,5283766
2021-07-18,suez,55,20,35,2227137
2021-07-19,bab_el_mandeb,55,16,39,2222873
2021-07-19,hormuz,107,71,36,5022233
2021-07-19,malacca,130,57,73,4760294
2021-07-19,suez,52,6,46,2658280
2021-07-20,bab_el_mandeb,62,18,44,2213634
2021-07-20,hormuz,94,61,33,3279143
2021-07-20,malacca,150,58,92,6105011
2021-07-20,suez,48,11,37,2885480
2021-07-21,bab_el_mandeb,73,15,58,3380042
2021-07-21,hormuz,74,51,23,2843748
2021-07-21,malacca,122,50,72,5534625
2021-07-21,suez,52,13,39,2834606
2021-07-22,bab_el_mandeb,60,18,42,2747700
2021-07-22,hormuz,100,63,37,3349244
2021-07-22,malacca,114,42,72,3763953
2021-07-22,suez,62,18,44,3057401
2021-07-23,bab_el_mandeb,67,21,46,2999347
2021-07-23,hormuz,116,73,43,5777967
2021-07-23,malacca,134,53,81,4949669
2021-07-23,suez,52,13,39,2742455
2021-07-24,bab_el_mandeb,46,13,33,1932136
2021-07-24,hormuz,97,51,46,3205937
2021-07-24,malacca,124,48,76,5596688
2021-07-24,suez,62,17,45,2250294
2021-07-25,bab_el_mandeb,61,15,46,2962402
2021-07-25,hormuz,90,59,31,3839235
2021-07-25,malacca,142,69,73,5813181
2021-07-25,suez,63,10,53,2319774
2021-07-26,bab_el_mandeb,73,24,49,3039163
2021-07-26,hormuz,98,61,37,4786130
2021-07-26,malacca,119,55,64,4732210
2021-07-26,suez,68,21,47,3116005
2021-07-27,bab_el_mandeb,53,16,37,2798902
2021-07-27,hormuz,97,62,35,4475029
2021-07-27,malacca,151,61,90,6388909
2021-07-27,suez,59,17,42,2188671
2021-07-28,bab_el_mandeb,64,16,48,3149698
2021-07-28,hormuz,107,77,30,4360002
2021-07-28,malacca,115,51,64,4508771
2021-07-28,suez,57,16,41,3011133
2021-07-29,bab_el_mandeb,57,14,43,2292665
2021-07-29,hormuz,96,56,40,4440963
2021-07-29,malacca,133,45,88,5860285
2021-07-29,suez,62,17,45,2494140
2021-07-30,bab_el_mandeb,54,14,40,2085422
2021-07-30,hormuz,99,61,38,3546421
2021-07-30,malacca,170,70,100,6772387
2021-07-30,suez,66,16,50,2663091
2021-07-31,bab_el_mandeb,58,19,39,2805315
2021-07-31,hormuz,99,70,29,4303591
2021-07-31,malacca,115,50,65,5724800
2021-07-31,suez,53,16,37,1735527
2021-08-01,bab_el_mandeb,47,14,33,1977211
2021-08-01,hormuz,105,65,40,3721538
2021-08-01,malacca,134,56,78,6496140
2021-08-01,suez,58,20,38,2649124
2021-08-02,bab_el_mandeb,59,13,46,2496876
2021-08-02,hormuz,102,65,37,3881343
2021-08-02,malacca,141,62,79,6197853
2021-08-02,suez,62,15,47,2788577
2021-08-03,bab_el_mandeb,64,20,44,2937996
2021-08-03,hormuz,111,62,49,5099890
2021-08-03,malacca,144,60,84,6894780
2021-08-03,suez,63,14,49,2552794
2021-08-04,bab_el_mandeb,57,15,42,1912378
2021-08-04,hormuz,114,74,40,4087656
2021-08-04,malacca,129,52,77,5194945
2021-08-04,suez,59,11,48,2312095
2021-08-05,bab_el_mandeb,46,21,25,2027759
2021-08-05,hormuz,112,67,45,4628569
2021-08-05,malacca,149,58,91,6539091
2021-08-05,suez,65,14,51,1825151
2021-08-06,bab_el_mandeb,64,20,44,2951521
2021-08-06,hormuz,124,69,55,4906126
2021-08-06,malacca,138,46,92,6908464
2021-08-06,suez,62,14,48,2973889
2021-08-07,bab_el_mandeb,53,18,35,2443028
2021-08-07,hormuz,113,63,50,3604827
2021-08-07,malacca,151,58,93,6065165
2021-08-07,suez,56,15,41,2537270
2021-08-08,bab_el_mandeb,49,15,34,2035402
2021-08-08,hormuz,74,49,25,3262881
2021-08-08,malacca,137,57,80,6444813
2021-08-08,suez,58,14,44,2604720
2021-08-09,bab_el_mandeb,69,15,54,2660705
2021-08-09,hormuz,87,50,37,3026872
2021-08-09,malacca,144,58,86,5593230
2021-08-09,suez,58,23,35,2740849
2021-08-10,bab_el_mandeb,51,14,37,2430613
2021-08-10,hormuz,100,59,41,4557412
2021-08-10,malacca,148,61,87,5892672
2021-08-10,suez,69,22,47,3357491
2021-08-11,bab_el_mandeb,58,14,44,2811633
2021-08-11,hormuz,79,48,31,3046541
2021-08-11,malacca,128,51,77,4430239
2021-08-11,suez,72,18,54,3330618
2021-08-12,bab_el_mandeb,70,24,46,3066612
2021-08-12,hormuz,97,52,45,4654222
2021-08-12,malacca,152,56,96,5286075
2021-08-12,suez,57,18,39,2604822
2021-08-13,bab_el_mandeb,73,24,49,2905688
2021-08-13,hormuz,87,50,37,4554356
2021-08-13,malacca,158,70,88,6039292
2021-08-13,suez,55,15,40,2342510
2021-08-14,bab_el_mandeb,60,21,39,2292021
2021-08-14,hormuz,108,64,44,4135518
2021-08-14,malacca,147,70,77,7186118
2021-08-14,suez,55,17,38,2609833
2021-08-15,bab_el_mandeb,74,20,54,3637483
2021-08-15,hormuz,98,62,36,4769719
2021-08-15,malacca,151,61,90,6595711
2021-08-15,suez,60,10,50,2532833
2021-08-16,bab_el_mandeb,54,22,32,2857237
2021-08-16,hormuz,84,49,35,3144476
2021-08-16,malacca,121,47,74,5369303
2021-08-16,suez,75,20,55,3344083
2021-08-17,bab_el_mandeb,54,15,39,2229702
2021-08-17,hormuz,69,48,21,2695774
2021-08-17,malacca,129,62,67,4663580
2021-08-17,suez,58,22,36,2526487
2021-08-18,bab_el_mandeb,64,16,48,3352516
2021-08-18,hormuz,71,42,29,2825319
2021-08-18,malacca,133,53,80,5282738
2021-08-18,suez,62,18,44,2663103
2021-08-19,bab_el_mandeb,62,11,51,2412190
2021-08-19,hormuz,88,51,37,4357997
2021-08-19,malacca,128,54,74,5038286
2021-08-19,suez,62,21,41,3104225
2021-08-20,bab_el_mandeb,57,13,44,2509599
2021-08-20,hormuz,90,62,28,4712627
2021-08-20,malacca,209,82,127,7694477
2021-08-20,suez,70,15,55,2705271
2021-08-21,bab_el_mandeb,76,26,50,3799669
2021-08-21,hormuz,116,72,44,6421753
2021-08-21,malacca,200,82,118,6452245
2021-08-21,suez,65,24,41,2444294
2021-08-22,bab_el_mandeb,69,16,53,3152624
2021-08-22,hormuz,90,55,35,4515047
2021-08-22,malacca,168,67,101,6969239
2021-08-22,suez,58,8,50,2696544
2021-08-23,bab_el_mandeb,49,15,34,1914405
2021-08-23,hormuz,74,46,28,2900302
2021-08-23,malacca,157,64,93,6815276
2021-08-23,suez,69,12,57,2707572
2021-08-24,bab_el_mandeb,57,17,40,2453425
2021-08-24,hormuz,79,45,34,3363710
2021-08-24,malacca,179,78,101,6832106
2021-08-24,suez,69,17,52,3134963
2021-08-25,bab_el_mandeb,54,15,39,2683425
2021-08-25,hormuz,83,53,30,3306844
2021-08-25,malacca,169,69,100,4709927
2021-08-25,suez,61,13,48,2306841
2021-08-26,bab_el_mandeb,53,12,41,2142567
2021-08-26,hormuz,105,67,38,4178425
2021-08-26,malacca,143,49,94,5537969
2021-08-26,suez,62,16,46,2741310
2021-08-27,bab_el_mandeb,70,20,50,2924587
2021-08-27,hormuz,111,69,42,3906473
2021-08-27,malacca,131,55,76,5779237
2021-08-27,suez,65,22,43,2728264
2021-08-28,bab_el_mandeb,59,13,46,3513861
2021-08-28,hormuz,102,60,42,3364245
2021-08-28,malacca,157,68,89,4951915
2021-08-28,suez,59,14,45,3235036
2021-08-29,bab_el_mandeb,53,13,40,2469049
2021-08-29,hormuz,107,64,43,4760405
2021-08-29,malacca,154,64,90,6524189
2021-08-29,suez,65,16,49,3247128
2021-08-30,bab_el_mandeb,57,20,37,2218016
2021-08-30,hormuz,100,66,34,4382791
2021-08-30,malacca,182,69,113,7592270
2021-08-30,suez,50,20,30,2414428
2021-08-31,bab_el_mandeb,63,11,52,3041488
2021-08-31,hormuz,105,67,38,3637688
2021-08-31,malacca,129,50,79,4641714
2021-08-31,suez,59,16,43,2686831
2021-09-01,bab_el_mandeb,62,18,44,3645701
2021-09-01,hormuz,99,57,42,3792861
2021-09-01,malacca,125,50,75,4444049
2021-09-01,suez,45,12,33,2691590
2021-09-02,bab_el_mandeb,61,23,38,2529103
2021-09-02,hormuz,82,53,29,4111244
2021-09-02,malacca,151,60,91,3811653
2021-09-02,suez,68,20,48,3034136
2021-09-03,bab_el_mandeb,64,17,47,2810912
2021-09-03,hormuz,98,55,43,4932782
2021-09-03,malacca,145,64,81,6321103
2021-09-03,suez,67,18,49,3442482
2021-09-04,bab_el_mandeb,61,29,32,3423518
2021-09-04,hormuz,91,59,32,4059415
2021-09-04,malacca,141,50,91,5630855
2021-09-04,suez,61,11,50,2953418
2021-09-05,bab_el_mandeb,50,20,30,2141758
2021-09-05,hormuz,72,49,23,3263719
2021-09-05,malacca,160,72,88,6479341
2021-09-05,suez,72,18,54,2826786
2021-09-06,bab_el_mandeb,60,17,43,2803760
2021-09-06,hormuz,90,52,38,4217778
2021-09-06,malacca,141,57,84,6278764
2021-09-06,suez,63,21,42,3194626
2021-09-07,bab_el_mandeb,72,25,47,3870544
2021-09-07,hormuz,90,54,36,3255997
2021-09-07,malacca,156,54,102,5362352
2021-09-07,suez,67,15,52,3394504
2021-09-08,bab_el_mandeb,55,15,40,2234243
2021-09-08,hormuz,109,68,41,4727775
2021-09-08,malacca,165,54,111,6618368
2021-09-08,suez,72,21,51,2773322
2021-09-09,bab_el_mandeb,55,16,39,1964046
2021-09-09,hormuz,110,70,40,4626811
2021-09-09,malacca,126,45,81,4547147
2021-09-09,suez,56,13,43,2425095
2021-09-10,bab_el_mandeb,74,19,55,4794322
2021-09-10,hormuz,90,56,34,3788612
2021-09-10,malacca,150,65,85,7066095
2021-09-10,suez,62,24,38,2162564
2021-09-11,bab_el_mandeb,59,19,40,2564094
2021-09-11,hormuz,85,49,36,3268012
2021-09-11,malacca,134,53,81,6025225
2021-09-11,suez,43,13,30,2416852
2021-09-12,bab_el_mandeb,55,15,40,2943941
2021-09-12,hormuz,93,58,35,2986350
2021-09-12,malacca,136,64,72,4859567
2021-09-12,suez,62,23,39,3324009
2021-09-13,bab_el_mandeb,70,23,47,2771100
2021-09-13,hormuz,89,59,30,4404326
2021-09-13,malacca,134,61,73,6410086
2021-09-13,suez,53,12,41,2241496
2021-09-14,bab_el_mandeb,54,14,40,2309441
2021-09-14,hormuz,106,62,44,3989683
2021-09-14,malacca,134,42,92,5744915
2021-09-14,suez,64,22,42,2310845
2021-09-15,bab_el_mandeb,48,18,30,2398121
2021-09-15,hormuz,109,65,44,4712024
2021-09-15,malacca,151,65,86,7099439
2021-09-15,suez,64,10,54,3049650
2021-09-16,bab_el_mandeb,50,11,39,1967208
2021-09-16,hormuz,104,60,44,5882075
2021-09-16,malacca,155,74,81,6037771
2021-09-16,suez,59,16,43,2914939
2021-09-17,bab_el_mandeb,64,15,49,2993525
2021-09-17,hormuz,110,63,47,4720266
2021-09-17,malacca,132,51,81,5981651
2021-09-17,suez,60,18,42,2851271
2021-09-18,bab_el_mandeb,55,17,38,2381678
2021-09-18,hormuz,95,60,35,3675408
2021-09-18,malacca,151,59,92,4609354
2021-09-18,suez,68,21,47,2937895
2021-09-19,bab_el_mandeb,48,14,34,2290697
2021-09-19,hormuz,92,63,29,4316618
2021-09-19,malacca,125,52,73,4643043
2021-09-19,suez,71,24,47,3084658
2021-09-20,bab_el_mandeb,67,23,44,3521597
2021-09-20,hormuz,91,63,28,3653729
2021-09-20,malacca,147,64,83,6313928
2021-09-20,suez,63,17,46,2604754
2021-09-21,bab_el_mandeb,58,14,44,2968632
2021-09-21,hormuz,90,52,38,2982394
2021-09-21,malacca,144,67,77,5178943
2021-09-21,suez,65,20,45,3207059
2021-09-22,bab_el_mandeb,69,26,43,2991987
2021-09-22,hormuz,109,59,50,4732614
2021-09-22,malacca,135,63,72,5972717
2021-09-22,suez,69,14,55,2760153
2021-09-23,bab_el_mandeb,77,21,56,3762165
2021-09-23,hormuz,95,59,36,4490337
2021-09-23,malacca,125,46,79,7383199
2021-09-23,suez,59,14,45,2983786
2021-09-24,bab_el_mandeb,80,25,55,3248482
2021-09-24,hormuz,113,66,47,4942107
2021-09-24,malacca,137,44,93,5733002
2021-09-24,suez,67,13,54,2925356
2021-09-25,bab_el_mandeb,68,25,43,3042951
2021-09-25,hormuz,84,51,33,3248979
2021-09-25,malacca,151,62,89,4996791
2021-09-25,suez,55,16,39,3398547
2021-09-26,bab_el_mandeb,53,16,37,2264075
2021-09-26,hormuz,97,68,29,3974902
2021-09-26,malacca,151,61,90,5399333
2021-09-26,suez,67,16,51,2933377
2021-09-27,bab_el_mandeb,62,14,48,2945490
2021-09-27,hormuz,88,50,38,4493463
2021-09-27,malacca,154,70,84,6580809
2021-09-27,suez,46,14,32,2334657
2021-09-28,bab_el_mandeb,65,16,49,2596772
2021-09-28,hormuz,101,62,39,3918025
2021-09-28,malacca,150,68,82,6052919
2021-09-28,suez,80,26,54,3109987
2021-09-29,bab_el_mandeb,54,17,37,2952326
2021-09-29,hormuz,118,65,53,4084072
2021-09-29,malacca,173,69,104,6059714
2021-09-29,suez,82,25,57,3936210
2021-09-30,bab_el_mandeb,56,17,39,2626492
2021-09-30,hormuz,114,67,47,4372900
2021-09-30,malacca,141,48,93,6473436
2021-09-30,suez,62,15,47,2334116
2021-10-01,bab_el_mandeb,52,21,31,2204335
2021-10-01,hormuz,61,35,26,2496987
2021-10-01,malacca,148,48,100,6081059
2021-10-01,suez,54,23,31,2168236
2021-10-02,bab_el_mandeb,60,23,37,2956247
2021-10-02,hormuz,72,49,23,1281728
2021-10-02,malacca,162,80,82,6622541
2021-10-02,suez,62,17,45,2247776
2021-10-03,bab_el_mandeb,62,14,48,3507092
2021-10-03,hormuz,69,54,15,3112637
2021-10-03,malacca,141,57,84,6425356
2021-10-03,suez,56,12,44,2381213
2021-10-04,bab_el_mandeb,74,31,43,3293072
2021-10-04,hormuz,99,61,38,4869555
2021-10-04,malacca,139,61,78,6736261
2021-10-04,suez,51,12,39,2206794
2021-10-05,bab_el_mandeb,56,17,39,2050901
2021-10-05,hormuz,104,59,45,5249450
2021-10-05,malacca,145,56,89,6341712
2021-10-05,suez,75,18,57,4211515
2021-10-06,bab_el_mandeb,53,12,41,2302603
2021-10-06,hormuz,112,69,43,3919345
2021-10-06,malacca,146,63,83,5295667
2021-10-06,suez,59,15,44,2955434
2021-10-07,bab_el_mandeb,53,17,36,2573003
2021-10-07,hormuz,100,58,42,4052292
2021-10-07,malacca,144,55,89,5705650
2021-10-07,suez,57,19,38,1937047
2021-10-08,bab_el_mandeb,68,13,55,3035483
2021-10-08,hormuz,136,87,49,5328547
2021-10-08,malacca,154,71,83,6060718
2021-10-08,suez,70,14,56,2867433
2021-10-09,bab_el_mandeb,64,20,44,2909645
2021-10-09,hormuz,119,79,40,5359279
2021-10-09,malacca,144,52,92,7252758
2021-10-09,suez,58,23,35,2802902
2021-10-10,bab_el_mandeb,65,19,46,2969739
2021-10-10,hormuz,103,59,44,4059020
2021-10-10,malacca,147,58,89,5459251
2021-10-10,suez,60,17,43,2883793
2021-10-11,bab_el_mandeb,33,11,22,1094882
2021-10-11,hormuz,40,24,16,1913322
2021-10-11,malacca,106,47,59,3388345
2021-10-11,suez,69,14,55,2810742
2021-10-12,bab_el_mandeb,70,21,49,3721390
2021-10-12,hormuz,66,39,27,2485498
2021-10-12,malacca,116,43,73,4231294
2021-10-12,suez,64,14,50,3354780
2021-10-13,bab_el_mandeb,63,22,41,2743881
2021-10-13,hormuz,100,51,49,3366595
2021-10-13,malacca,162,76,86,6704200
2021-10-13,suez,60,10,50,2523274
2021-10-14,bab_el_mandeb,60,12,48,2874116
2021-10-14,hormuz,116,74,42,4255352
2021-10-14,malacca,120,47,73,5074394
2021-10-14,suez,60,13,47,1598128
2021-10-15,bab_el_mandeb,63,20,43,2843082
2021-10-15,hormuz,123,82,41,5060574
2021-10-15,malacca,154,58,96,5170404
2021-10-15,suez,59,17,42,2845096
2021-10-16,bab_el_mandeb,52,16,36,3068342
2021-10-16,hormuz,84,54,30,2941862
2021-10-16,malacca,154,57,97,6096502
2021-10-16,suez,71,22,49,2908332
2021-10-17,bab_el_mandeb,60,16,44,3167494
2021-10-17,hormuz,88,53,35,4891276
2021-10-17,malacca,143,53,90,6048403
2021-10-17,suez,64,16,48,3181297
2021-10-18,bab_el_mandeb,37,12,25,1708288
2021-10-18,hormuz,103,73,30,4673402
2021-10-18,malacca,153,53,100,6492983
2021-10-18,suez,61,21,40,3243038
2021-10-19,bab_el_mandeb,60,22,38,2689530
2021-10-19,hormuz,90,55,35,3198138
2021-10-19,malacca,142,54,88,5767846
2021-10-19,suez,57,16,41,2475104
2021-10-20,bab_el_mandeb,54,14,40,2204712
2021-10-20,hormuz,107,61,46,4424702
2021-10-20,malacca,146,55,91,5985524
2021-10-20,suez,64,22,42,2973833
2021-10-21,bab_el_mandeb,66,17,49,2623094
2021-10-21,hormuz,91,56,35,3129325
2021-10-21,malacca,161,67,94,7143017
2021-10-21,suez,66,21,45,3417555
2021-10-22,bab_el_mandeb,63,17,46,3161970
2021-10-22,hormuz,75,50,25,3182645
2021-10-22,malacca,160,72,88,6138911
2021-10-22,suez,67,19,48,4210845
2021-10-23,bab_el_mandeb,58,18,40,3044034
2021-10-23,hormuz,92,50,42,2728303
2021-10-23,malacca,162,62,100,5772580
2021-10-23,suez,36,10,26,1770299
2021-10-24,bab_el_mandeb,57,17,40,2142078
2021-10-24,hormuz,100,62,38,3795685
2021-10-24,malacca,144,60,84,5484686
2021-10-24,suez,78,19,59,3462472
2021-10-25,bab_el_mandeb,72,18,54,3244208
2021-10-25,hormuz,85,56,29,4177840
2021-10-25,malacca,147,53,94,6135323
2021-10-25,suez,43,19,24,2219953
2021-10-26,bab_el_mandeb,56,17,39,2704395
2021-10-26,hormuz,57,33,24,2693650
2021-10-26,malacca,144,61,83,5269136
2021-10-26,suez,67,16,51,2617869
2021-10-27,bab_el_mandeb,47,12,35,2381585
2021-10-27,hormuz,71,50,21,2484647
2021-10-27,malacca,168,76,92,5010245
2021-10-27,suez,61,17,44,2696918
2021-10-28,bab_el_mandeb,63,22,41,3223671
2021-10-28,hormuz,71,43,28,3210917
2021-10-28,malacca,144,51,93,5275847
2021-10-28,suez,57,17,40,2158448
2021-10-29,bab_el_mandeb,60,20,40,2738801
2021-10-29,hormuz,63,32,31,3480615
2021-10-29,malacca,152,56,96,5778258
2021-10-29,suez,57,13,44,3045456
2021-10-30,bab_el_mandeb,62,15,47,2360865
2021-10-30,hormuz,72,50,22,2935744
2021-10-30,malacca,152,64,88,7656046
2021-10-30,suez,68,17,51,2937525
2021-10-31,bab_el_mandeb,52,20,32,2107478
2021-10-31,hormuz,91,60,31,3726703
2021-10-31,malacca,146,63,83,6930324
2021-10-31,suez,63,21,42,3110719
2021-11-01,bab_el_mandeb,67,23,44,2466276
2021-11-01,hormuz,112,75,37,3864374
2021-11-01,malacca,125,49,76,4506067
2021-11-01,suez,63,13,50,2651639
2021-11-02,bab_el_mandeb,65,17,48,3125526
2021-11-02,hormuz,108,64,44,5005441
2021-11-02,malacca,164,57,107,5616275
2021-11-02,suez,68,28,40,3239466
2021-11-03,bab_el_mandeb,65,26,39,2712619
2021-11-03,hormuz,90,51,39,4439558
2021-11-03,malacca,156,77,79,6560232
2021-11-03,suez,62,16,46,2279660
2021-11-04,bab_el_mandeb,63,16,47,2819458
2021-11-04,hormuz,83,57,26,3022906
2021-11-04,malacca,151,63,88,7130986
2021-11-04,suez,58,16,42,2227290
2021-11-05,bab_el_mandeb,68,20,48,3298261
2021-11-05,hormuz,84,56,28,3230785
2021-11-05,malacca,170,65,105,7607054
2021-11-05,suez,74,28,46,3075626
2021-11-06,bab_el_mandeb,65,20,45,3090722
2021-11-06,hormuz,64,39,25,1958539
2021-11-06,malacca,133,51,82,5177720
2021-11-06,suez,56,14,42,2478511
2021-11-07,bab_el_mandeb,53,17,36,2070514
2021-11-07,hormuz,45,25,20,1821836
2021-11-07,malacca,163,64,99,7384472
2021-11-07,suez,54,18,36,2179128
2021-11-08,bab_el_mandeb,46,17,29,1649204
2021-11-08,hormuz,43,23,20,1205789
2021-11-08,malacca,188,74,114,7282692
2021-11-08,suez,53,19,34,2417718
2021-11-09,bab_el_mandeb,59,19,40,2486854
2021-11-09,hormuz,82,46,36,3571490
2021-11-09,malacca,212,87,125,7369609
2021-11-09,suez,66,17,49,2513420
2021-11-10,bab_el_mandeb,61,21,40,3265646
2021-11-10,hormuz,106,63,43,3688196
2021-11-10,malacca,213,80,133,7609279
2021-11-10,suez,67,18,49,2880678
2021-11-11,bab_el_mandeb,49,21,28,1521922
2021-11-11,hormuz,117,75,42,5293315
2021-11-11,malacca,210,82,128,8329238
2021-11-11,suez,55,17,38,2458946
2021-11-12,bab_el_mandeb,59,15,44,3792882
2021-11-12,hormuz,83,45,38,4022416
2021-11-12,malacca,198,65,133,6871497
2021-11-12,suez,59,21,38,2644084
2021-11-13,bab_el_mandeb,61,21,40,2950270
2021-11-13,hormuz,101,56,45,4092894
2021-11-13,malacca,211,88,123,7080418
2021-11-13,suez,43,15,28,1953665
2021-11-14,bab_el_mandeb,53,16,37,1855107
2021-11-14,hormuz,99,64,35,4166991
2021-11-14,malacca,226,101,125,7865690
2021-11-14,suez,79,21,58,3022920
2021-11-15,bab_el_mandeb,61,20,41,2665919
2021-11-15,hormuz,94,57,37,3127097
2021-11-15,malacca,207,88,119,7711306
2021-11-15,suez,64,13,51,3530202
2021-11-16,bab_el_mandeb,50,14,36,1671575
2021-11-16,hormuz,108,72,36,5557111
2021-11-16,malacca,204,76,128,7566801
2021-11-16,suez,63,13,50,2653037
2021-11-17,bab_el_mandeb,56,19,37,3113457
2021-11-17,hormuz,97,67,30,3896802
2021-11-17,malacca,212,83,129,7702861
2021-11-17,suez,66,17,49,3114724
2021-11-18,bab_el_mandeb,64,17,47,2574559
2021-11-18,hormuz,89,42,47,3063667
2021-11-18,malacca,202,82,120,7776010
2021-11-18,suez,56,9,47,3198577
2021-11-19,bab_el_mandeb,76,27,49,3068865
2021-11-19,hormuz,97,59,38,4095107
2021-11-19,malacca,189,79,110,6895583
2021-11-19,suez,68,21,47,3040806
2021-11-20,bab_el_mandeb,70,21,49,2976639
2021-11-20,hormuz,97,67,30,4443563
2021-11-20,malacca,209,84,125,8507911
2021-11-20,suez,64,21,43,2505562
2021-11-21,bab_el_mandeb,66,14,52,3529628
2021-11-21,hormuz,112,70,42,3957639
2021-11-21,malacca,201,71,130,6491374
2021-11-21,suez,58,17,41,2088041
2021-11-22,bab_el_mandeb,76,18,58,3323339
2021-11-22,hormuz,94,58,36,5011588
2021-11-22,malacca,210,98,112,7760155
2021-11-22,suez,67,23,44,2672254
2021-11-23,bab_el_mandeb,64,12,52,2623995
2021-11-23,hormuz,100,63,37,4017383
2021-11-23,malacca,184,70,114,6838600
2021-11-23,suez,68,14,54,4010751
2021-11-24,bab_el_mandeb,65,20,45,2448642
2021-11-24,hormuz,102,59,43,3997208
2021-11-24,malacca,218,80,138,7317969
2021-11-24,suez,61,20,41,2800181
2021-11-25,bab_el_mandeb,56,16,40,2150881
2021-11-25,hormuz,73,45,28,3325789
2021-11-25,malacca,196,74,122,6572603
2021-11-25,suez,65,20,45,3011339
2021-11-26,bab_el_mandeb,58,18,40,2992551
2021-11-26,hormuz,89,52,37,3251406
2021-11-26,malacca,195,71,124,6412051
2021-11-26,suez,64,15,49,3025548
2021-11-27,bab_el_mandeb,60,17,43,2833160
2021-11-27,hormuz,105,57,48,4668628
2021-11-27,malacca,201,84,117,7063964
2021-11-27,suez,67,16,51,3023245
2021-11-28,bab_el_mandeb,65,22,43,2853904
2021-11-28,hormuz,39,25,14,1642878
2021-11-28,malacca,178,69,109,7089622
2021-11-28,suez,71,20,51,2840872
2021-11-29,bab_el_mandeb,63,19,44,2770512
2021-11-29,hormuz,90,53,37,3780358
2021-11-29,malacca,230,95,135,8013089
2021-11-29,suez,60,18,42,3067412
2021-11-30,bab_el_mandeb,55,19,36,2289512
2021-11-30,hormuz,88,49,39,3640252
2021-11-30,malacca,182,66,116,7366406
2021-11-30,suez,69,21,48,3207027
2021-12-01,bab_el_mandeb,56,14,42,2943871
2021-12-01,hormuz,101,68,33,4128207
2021-12-01,malacca,220,102,118,6653357
2021-12-01,suez,57,16,41,2331358
2021-12-02,bab_el_mandeb,55,13,42,2736682
2021-12-02,hormuz,99,56,43,4542146
2021-12-02,malacca,201,85,116,6917896
2021-12-02,suez,45,19,26,2224043
2021-12-03,bab_el_mandeb,73,17,56,2921659
2021-12-03,hormuz,108,76,32,5447364
2021-12-03,malacca,208,102,106,8050935
2021-12-03,suez,55,18,37,2762055
2021-12-04,bab_el_mandeb,72,25,47,3833218
2021-12-04,hormuz,95,56,39,3512904
2021-12-04,malacca,216,90,126,8777982
2021-12-04,suez,65,20,45,2349909
2021-12-05,bab_el_mandeb,49,12,37,2461216
2021-12-05,hormuz,89,54,35,4671084
2021-12-05,malacca,191,73,118,6080442
2021-12-05,suez,52,14,38,2623325
2021-12-06,bab_el_mandeb,63,22,41,3843086
2021-12-06,hormuz,72,50,22,3351884
2021-12-06,malacca,206,79,127,8012349
2021-12-06,suez,68,15,53,3433291
2021-12-07,bab_el_mandeb,65,18,47,2642533
2021-12-07,hormuz,90,68,22,3543629
2021-12-07,malacca,205,76,129,6364402
2021-12-07,suez,53,19,34,2880482
2021-12-08,bab_el_mandeb,48,17,31,2199084
2021-12-08,hormuz,62,41,21,3555088
2021-12-08,malacca,188,77,111,7697111
2021-12-08,suez,55,10,45,2449685
2021-12-09,bab_el_mandeb,63,20,43,2860483
2021-12-09,hormuz,95,59,36,3762851
2021-12-09,malacca,192,71,121,6349921
2021-12-09,suez,68,21,47,3025509
2021-12-10,bab_el_mandeb,60,12,48,2789454
2021-12-10,hormuz,105,68,37,5787865
2021-12-10,malacca,177,73,104,5485634
2021-12-10,suez,69,16,53,3778567
2021-12-11,bab_el_mandeb,54,20,34,2843660
2021-12-11,hormuz,71,48,23,3197609
2021-12-11,malacca,192,81,111,7223435
2021-12-11,suez,58,15,43,3179649
2021-12-12,bab_el_mandeb,57,18,39,2211777
2021-12-12,hormuz,71,49,22,3756659
2021-12-12,malacca,214,84,130,7682617
2021-12-12,suez,64,19,45,2883979
2021-12-13,bab_el_mandeb,59,17,42,2313449
2021-12-13,hormuz,69,45,24,4457385
2021-12-13,malacca,204,96,108,6489837
2021-12-13,suez,62,19,43,3055853
2021-12-14,bab_el_mandeb,62,20,42,3204429
2021-12-14,hormuz,87,54,33,3312602
2021-12-14,malacca,219,77,142,9141090
2021-12-14,suez,56,15,41,2176658
2021-12-15,bab_el_mandeb,61,16,45,3335526
2021-12-15,hormuz,99,65,34,4184389
2021-12-15,malacca,193,79,114,6381462
2021-12-15,suez,55,17,38,2531823
2021-12-16,bab_el_mandeb,60,12,48,2547872
2021-12-16,hormuz,63,37,26,2619585
2021-12-16,malacca,186,75,111,7839068
2021-12-16,suez,46,10,36,2374155
2021-12-17,bab_el_mandeb,44,13,31,1547639
2021-12-17,hormuz,82,44,38,2928476
2021-12-17,malacca,188,82,106,6054305
2021-12-17,suez,60,17,43,2694596
2021-12-18,bab_el_mandeb,68,16,52,3285910
2021-12-18,hormuz,115,70,45,4398023
2021-12-18,malacca,189,78,111,7089618
2021-12-18,suez,59,18,41,3618693
2021-12-19,bab_el_mandeb,61,22,39,3068131
2021-12-19,hormuz,107,68,39,4032155
2021-12-19,malacca,174,77,97,7165828
2021-12-19,suez,66,22,44,3240002
2021-12-20,bab_el_mandeb,66,16,50,2646988
2021-12-20,hormuz,92,60,32,3709987
2021-12-20,malacca,223,99,124,9504806
2021-12-20,suez,47,18,29,2237863
2021-12-21,bab_el_mandeb,62,14,48,3091696
2021-12-21,hormuz,71,45,26,2540900
2021-12-21,malacca,174,77,97,7399136
2021-12-21,suez,63,18,45,2934674
2021-12-22,bab_el_mandeb,66,18,48,2717166
2021-12-22,hormuz,85,52,33,4829494
2021-12-22,malacca,180,73,107,6837871
2021-12-22,suez,70,14,56,3474245
2021-12-23,bab_el_mandeb,57,17,40,3304232
2021-12-23,hormuz,78,46,32,2095332
2021-12-23,malacca,213,87,126,6703517
2021-12-23,suez,66,23,43,2998043
2021-12-24,bab_el_mandeb,59,17,42,2628328
2021-12-24,hormuz,85,55,30,4060377
2021-12-24,malacca,199,78,121,8777197
2021-12-24,suez,47,22,25,2015265
2021-12-25,bab_el_mandeb,67,12,55,3231478
2021-12-25,hormuz,113,66,47,4979281
2021-12-25,malacca,218,86,132,7406576
2021-12-25,suez,61,19,42,2883689
2021-12-26,bab_el_mandeb,58,10,48,2593854
2021-12-26,hormuz,95,54,41,4580463
2021-12-26,malacca,213,81,132,7349861
2021-12-26,suez,64,12,52,2808140
2021-12-27,bab_el_mandeb,63,21,42,3312817
2021-12-27,hormuz,74,54,20,3420532
2021-12-27,malacca,205,77,128,6914134
2021-12-27,suez,57,14,43,2465453
2021-12-28,bab_el_mandeb,44,14,30,2086889
2021-12-28,hormuz,82,53,29,3895168
2021-12-28,malacca,218,89,129,7360438
2021-12-28,suez,60,16,44,2488637
2021-12-29,bab_el_mandeb,69,24,45,3041782
2021-12-29,hormuz,68,41,27,3499016
2021-12-29,malacca,209,69,140,7648433
2021-12-29,suez,52,15,37,2768715
2021-12-30,bab_el_mandeb,55,15,40,2324550
2021-12-30,hormuz,90,56,34,4167244
2021-12-30,malacca,202,82,120,6431491
2021-12-30,suez,58,18,40,2237791
2021-12-31,bab_el_mandeb,65,18,47,2771900
2021-12-31,hormuz,91,61,30,2879187
2021-12-31,malacca,187,79,108,8907940
2021-12-31,suez,59,15,44,2663192
2022-01-01,bab_el_mandeb,58,14,44,2299466
2022-01-01,hormuz,71,46,25,3786142
2022-01-01,malacca,207,83,124,8373100
2022-01-01,suez,60,12,48,3219330
2022-01-02,bab_el_mandeb,66,23,43,3353148
2022-01-02,hormuz,94,63,31,3981335
2022-01-02,malacca,213,92,121,8023789
2022-01-02,suez,54,10,44,2385781
2022-01-03,bab_el_mandeb,62,24,38,2989227
2022-01-03,hormuz,83,61,22,4647715
2022-01-03,malacca,174,62,112,5788836
2022-01-03,suez,63,14,49,2264893
2022-01-04,bab_el_mandeb,54,13,41,2345857
2022-01-04,hormuz,89,58,31,3666770
2022-01-04,malacca,215,86,129,7591616
2022-01-04,suez,68,19,49,3092882
2022-01-05,bab_el_mandeb,62,20,42,2713516
2022-01-05,hormuz,87,52,35,3885291
2022-01-05,malacca,180,88,92,7664497
2022-01-05,suez,55,14,41,1873589
2022-01-06,bab_el_mandeb,72,20,52,3276712
2022-01-06,hormuz,82,51,31,2743885
2022-01-06,malacca,216,96,120,9844454
2022-01-06,suez,67,25,42,2831091
2022-01-07,bab_el_mandeb,72,18,54,3001385
2022-01-07,hormuz,76,50,26,4184898
2022-01-07,malacca,216,73,143,6388788
2022-01-07,suez,73,20,53,3555626
2022-01-08,bab_el_mandeb,47,10,37,2030531
2022-01-08,hormuz,84,53,31,3967097
2022-01-08,malacca,209,79,130,8182002
2022-01-08,suez,47,16,31,1772992
2022-01-09,bab_el_mandeb,65,14,51,2546467
2022-01-09,hormuz,101,73,28,4840043
2022-01-09,malacca,215,89,126,6207486
2022-01-09,suez,57,12,45,2352205
2022-01-10,bab_el_mandeb,65,23,42,3028432
2022-01-10,hormuz,97,66,31,4105994
2022-01-10,malacca,205,85,120,7106772
2022-01-10,suez,51,13,38,1944319
2022-01-11,bab_el_mandeb,54,15,39,2541969
2022-01-11,hormuz,85,56,29,3999733
2022-01-11,malacca,215,106,109,8363561
2022-01-11,suez,77,23,54,3614859
2022-01-12,bab_el_mandeb,67,21,46,3399586
2022-01-12,hormuz,97,54,43,4144111
2022-01-12,malacca,199,78,121,7603458
2022-01-12,suez,58,18,40,2741001
2022-01-13,bab_el_mandeb,55,19,36,1945442
2022-01-13,hormuz,97,70,27,3683698
2022-01-13,malacca,183,80,103,6885639
2022-01-13,suez,63,10,53,2125514
2022-01-14,bab_el_mandeb,47,19,28,2488891
2022-01-14,hormuz,101,64,37,4288507
2022-01-14,malacca,194,77,117,5618378
2022-01-14,suez,50,11,39,2176022
2022-01-15,bab_el_mandeb,71,20,51,3572524
2022-01-15,hormuz,84,53,31,3853732
2022-01-15,malacca,201,78,123,6859457
2022-01-15,suez,52,12,40,3644368
2022-01-16,bab_el_mandeb,64,14,50,3432801
2022-01-16,hormuz,98,58,40,3813543
2022-01-16,malacca,206,80,126,7441768
2022-01-16,suez,51,17,34,1830413
2022-01-17,bab_el_mandeb,58,22,36,2272953
2022-01-17,hormuz,88,57,31,4506019
2022-01-17,malacca,217,92,125,7945811
2022-01-17,suez,51,12,39,2432409
2022-01-18,bab_el_mandeb,63,15,48,2265562
2022-01-18,hormuz,108,69,39,4219584
2022-01-18,malacca,200,88,112,7227741
2022-01-18,suez,68,14,54,2526767
2022-01-19,bab_el_mandeb,66,19,47,2926893
2022-01-19,hormuz,101,60,41,4049571
2022-01-19,malacca,201,73,128,6568289
2022-01-19,suez,63,18,45,2782800
2022-01-20,bab_el_mandeb,59,20,39,2962564
2022-01-20,hormuz,96,60,36,5509312
2022-01-20,malacca,209,95,114,7787058
2022-01-20,suez,67,19,48,3467243
2022-01-21,bab_el_mandeb,62,17,45,2528279
2022-01-21,hormuz,83,58,25,3136755
2022-01-21,malacca,226,91,135,7736009
2022-01-21,suez,44,8,36,1993369
2022-01-22,bab_el_mandeb,54,13,41,2029380
2022-01-22,hormuz,76,43,33,3518086
2022-01-22,malacca,206,86,120,7338956
2022-01-22,suez,60,22,38,1989413
2022-01-23,bab_el_mandeb,60,16,44,2909979
2022-01-23,hormuz,86,49,37,3214656
2022-01-23,malacca,202,86,116,7951807
2022-01-23,suez,56,13,43,2586377
2022-01-24,bab_el_mandeb,50,15,35,1333029
2022-01-24,hormuz,92,57,35,3826457
2022-01-24,malacca,194,78,116,7143051
2022-01-24,suez,67,17,50,2645797
2022-01-25,bab_el_mandeb,54,15,39,2277397
2022-01-25,hormuz,102,67,35,5182489
2022-01-25,malacca,202,84,118,7033983
2022-01-25,suez,69,21,48,2715790
2022-01-26,bab_el_mandeb,53,14,39,2190112
2022-01-26,hormuz,112,68,44,4239582
2022-01-26,malacca,236,98,138,9798040
2022-01-26,suez,49,14,35,2480286
2022-01-27,bab_el_mandeb,59,10,49,2930206
2022-01-27,hormuz,111,76,35,4589131
2022-01-27,malacca,206,90,116,6864352
2022-01-27,suez,60,22,38,2198144
2022-01-28,bab_el_mandeb,72,18,54,2547554
2022-01-28,hormuz,73,47,26,3382151
2022-01-28,malacca,202,84,118,5991778
2022-01-28,suez,56,13,43,2591473
2022-01-29,bab_el_mandeb,65,20,45,2346818
2022-01-29,hormuz,92,64,28,3360885
2022-01-29,malacca,207,92,115,8421756
2022-01-29,suez,53,17,36,2051891
2022-01-30,bab_el_mandeb,68,17,51,2666182
2022-01-30,hormuz,108,65,43,3884532
2022-01-30,malacca,221,84,137,9344411
2022-01-30,suez,55,4,51,2624525
2022-01-31,bab_el_mandeb,57,15,42,2733267
2022-01-31,hormuz,103,58,45,4685414
2022-01-31,malacca,235,79,156,7253810
2022-01-31,suez,62,14,48,2841764
2022-02-01,bab_el_mandeb,57,18,39,3252313
2022-02-01,hormuz,116,65,51,4238227
2022-02-01,malacca,197,80,117,6465833
2022-02-01,suez,63,11,52,2819084
2022-02-02,bab_el_mandeb,56,16,40,2700859
2022-02-02,hormuz,105,66,39,4347588
2022-02-02,malacca,190,70,120,8013901
2022-02-02,suez,63,13,50,2454181
2022-02-03,bab_el_mandeb,69,17,52,2745033
2022-02-03,hormuz,122,80,42,5340408
2022-02-03,malacca,218,89,129,7864998
2022-02-03,suez,71,15,56,2816745
2022-02-04,bab_el_mandeb,74,19,55,3483341
2022-02-04,hormuz,114,73,41,4361182
2022-02-04,malacca,197,77,120,6339969
2022-02-04,suez,55,18,37,2364584
2022-02-05,bab_el_mandeb,63,22,41,2559487
2022-02-05,hormuz,119,73,46,5077458
2022-02-05,malacca,182,74,108,6271842
2022-02-05,suez,56,15,41,2572697
2022-02-06,bab_el_mandeb,63,15,48,2698131
2022-02-06,hormuz,96,61,35,4639051
2022-02-06,malacca,192,79,113,5415461
2022-02-06,suez,59,15,44,2094876
2022-02-07,bab_el_mandeb,52,18,34,1892132
2022-02-07,hormuz,86,58,28,3125791
2022-02-07,malacca,217,86,131,9490138
2022-02-07,suez,74,14,60,3480018
2022-02-08,bab_el_mandeb,75,23,52,3767433
2022-02-08,hormuz,114,64,50,4093754
2022-02-08,malacca,227,99,128,7692127
2022-02-08,suez,84,18,66,3390058
2022-02-09,bab_el_mandeb,65,20,45,2975200
2022-02-09,hormuz,113,70,43,5456237
2022-02-09,malacca,214,85,129,6187187
2022-02-09,suez,58,17,41,2929493
2022-02-10,bab_el_mandeb,68,15,53,3064530
2022-02-10,hormuz,113,66,47,5134862
2022-02-10,malacca,208,87,121,8130331
2022-02-10,suez,54,13,41,2067734
2022-02-11,bab_el_mandeb,71,21,50,3083409
2022-02-11,hormuz,131,79,52,6452658
2022-02-11,malacca,196,86,110,6309591
2022-02-11,suez,68,23,45,2751973
2022-02-12,bab_el_mandeb,63,18,45,3137473
2022-02-12,hormuz,123,75,48,5439426
2022-02-12,malacca,206,72,134,5525348
2022-02-12,suez,64,16,48,2997783
2022-02-13,bab_el_mandeb,81,21,60,3473261
2022-02-13,hormuz,104,61,43,4368418
2022-02-13,malacca,204,94,110,8248525
2022-02-13,suez,65,20,45,2915142
2022-02-14,bab_el_mandeb,56,15,41,2319622
2022-02-14,hormuz,95,65,30,4417489
2022-02-14,malacca,209,85,124,6191776
2022-02-14,suez,62,18,44,3147917
2022-02-15,bab_el_mandeb,48,14,34,2203972
2022-02-15,hormuz,114,74,40,4752572
2022-02-15,malacca,186,73,113,5599212
2022-02-15,suez,71,16,55,2675445
2022-02-16,bab_el_mandeb,58,24,34,2890753
2022-02-16,hormuz,127,66,61,4782531
2022-02-16,malacca,215,102,113,8481439
2022-02-16,suez,51,13,38,2594761
2022-02-17,bab_el_mandeb,62,13,49,2671529
2022-02-17,hormuz,114,65,49,4697722
2022-02-17,malacca,217,87,130,7798484
2022-02-17,suez,61,19,42,2730549
2022-02-18,bab_el_mandeb,65,13,52,3104972
2022-02-18,hormuz,112,64,48,4941544
2022-02-18,malacca,202,85,117,6943703
2022-02-18,suez,58,11,47,2605635
2022-02-19,bab_el_mandeb,48,17,31,2055827
2022-02-19,hormuz,128,64,64,5041341
2022-02-19,malacca,233,93,140,8130684
2022-02-19,suez,79,23,56,3636656
2022-02-20,bab_el_mandeb,54,15,39,2524250
2022-02-20,hormuz,119,79,40,4665143
2022-02-20,malacca,194,73,121,7405977
2022-02-20,suez,52,12,40,1904057
2022-02-21,bab_el_mandeb,65,24,41,3361639
2022-02-21,hormuz,108,77,31,4995733
2022-02-21,malacca,195,76,119,7162452
2022-02-21,suez,59,17,42,2779629
2022-02-22,bab_el_mandeb,75,18,57,3089125
2022-02-22,hormuz,76,53,23,3198685
2022-02-22,malacca,205,76,129,7198734
2022-02-22,suez,54,9,45,2842188
2022-02-23,bab_el_mandeb,51,12,39,1952942
2022-02-23,hormuz,117,74,43,3798902
2022-02-23,malacca,185,88,97,6994437
2022-02-23,suez,63,15,48,2932968
2022-02-24,bab_el_mandeb,65,20,45,2970697
2022-02-24,hormuz,113,60,53,4322486
2022-02-24,malacca,189,75,114,7294012
2022-02-24,suez,61,8,53,2971613
2022-02-25,bab_el_mandeb,72,21,51,3644003
2022-02-25,hormuz,130,83,47,5287244
2022-02-25,malacca,208,88,120,8374561
2022-02-25,suez,62,18,44,2387213
2022-02-26,bab_el_mandeb,68,18,50,2638996
2022-02-26,hormuz,114,74,40,4832040
2022-02-26,malacca,191,89,102,6142602
2022-02-26,suez,63,19,44,3068719
2022-02-27,bab_el_mandeb,53,13,40,3341463
2022-02-27,hormuz,115,71,44,4645079
2022-02-27,malacca,194,73,121,7322136
2022-02-27,suez,61,16,45,2609005
2022-02-28,bab_el_mandeb,59,14,45,2489681
2022-02-28,hormuz,86,49,37,2365446
2022-02-28,malacca,202,80,122,6801543
2022-02-28,suez,68,16,52,3215304
2022-03-01,bab_el_mandeb,49,15,34,2084967
2022-03-01,hormuz,97,56,41,3653099
2022-03-01,malacca,206,72,134,7350407
2022-03-01,suez,65,11,54,2452749
2022-03-02,bab_el_mandeb,74,25,49,3217405
2022-03-02,hormuz,104,68,36,4250598
2022-03-02,malacca,194,89,105,7908317
2022-03-02,suez,56,11,45,2199966
2022-03-03,bab_el_mandeb,56,12,44,2741587
2022-03-03,hormuz,122,72,50,6300625
2022-03-03,malacca,206,90,116,7299752
2022-03-03,suez,71,18,53,2825542
2022-03-04,bab_el_mandeb,55,13,42,2315223
2022-03-04,hormuz,114,71,43,4943416
2022-03-04,malacca,207,80,127,7793826
2022-03-04,suez,67,21,46,3487208
2022-03-05,bab_el_mandeb,59,16,43,3077205
2022-03-05,hormuz,100,63,37,5293318
2022-03-05,malacca,233,92,141,8859912
2022-03-05,suez,55,10,45,2211329
2022-03-06,bab_el_mandeb,55,18,37,2125938
2022-03-06,hormuz,116,70,46,4887462
2022-03-06,malacca,209,86,123,6901322
2022-03-06,suez,58,20,38,2161085
2022-03-07,bab_el_mandeb,59,18,41,2565149
2022-03-07,hormuz,100,62,38,4191989
2022-03-07,malacca,175,69,106,6280733
2022-03-07,suez,61,19,42,3022179
2022-03-08,bab_el_mandeb,48,15,33,2683570
2022-03-08,hormuz,84,53,31,3914500
2022-03-08,malacca,183,68,115,7206802
2022-03-08,suez,51,12,39,2025652
2022-03-09,bab_el_mandeb,63,17,46,2667033
2022-03-09,hormuz,96,57,39,4830148
2022-03-09,malacca,230,101,129,9291324
2022-03-09,suez,64,17,47,3085067
2022-03-10,bab_el_mandeb,63,17,46,2869480
2022-03-10,hormuz,87,51,36,3203038
2022-03-10,malacca,197,89,108,7217039
2022-03-10,suez,67,23,44,3011355
2022-03-11,bab_el_mandeb,73,23,50,4004649
2022-03-11,hormuz,91,55,36,3575669
2022-03-11,malacca,195,76,119,6446833
2022-03-11,suez,51,19,32,2101215
2022-03-12,bab_el_mandeb,65,18,47,2674221
2022-03-12,hormuz,122,65,57,5306803
2022-03-12,malacca,207,78,129,6847489
2022-03-12,suez,49,13,36,2389153
2022-03-13,bab_el_mandeb,62,17,45,2919724
2022-03-13,hormuz,137,87,50,5811120
2022-03-13,malacca,204,87,117,7494681
2022-03-13,suez,60,14,46,2318792
2022-03-14,bab_el_mandeb,63,17,46,2631909
2022-03-14,hormuz,133,77,56,4529723
2022-03-14,malacca,215,83,132,8393526
2022-03-14,suez,73,19,54,2511858
2022-03-15,bab_el_mandeb,60,19,41,2702882
2022-03-15,hormuz,123,71,52,5078949
2022-03-15,malacca,204,88,116,10301879
2022-03-15,suez,68,22,46,2905269
2022-03-16,bab_el_mandeb,68,26,42,2703069
2022-03-16,hormuz,122,80,42,5801459
2022-03-16,malacca,208,86,122,7562213
2022-03-16,suez,67,20,47,2733274
2022-03-17,bab_el_mandeb,75,22,53,2920111
2022-03-17,hormuz,102,57,45,4172787
2022-03-17,malacca,192,78,114,6572609
2022-03-17,suez,48,17,31,2318358
2022-03-18,bab_el_mandeb,56,17,39,2537039
2022-03-18,hormuz,73,47,26,3355863
2022-03-18,malacca,208,83,125,8088300
2022-03-18,suez,65,20,45,2610488
2022-03-19,bab_el_mandeb,63,24,39,3029154
2022-03-19,hormuz,105,62,43,4346387
2022-03-19,malacca,197,79,118,6800911
2022-03-19,suez,51,13,38,2409368
2022-03-20,bab_el_mandeb,58,17,41,2787504
2022-03-20,hormuz,108,69,39,3809893
2022-03-20,malacca,214,88,126,7489394
2022-03-20,suez,70,12,58,1837894
2022-03-21,bab_el_mandeb,67,25,42,2398108
2022-03-21,hormuz,126,77,49,5204097
2022-03-21,malacca,210,85,125,8844666
2022-03-21,suez,60,18,42,2747579
2022-03-22,bab_el_mandeb,57,14,43,2700170
2022-03-22,hormuz,123,78,45,5364675
2022-03-22,malacca,197,78,119,8328524
2022-03-22,suez,51,14,37,2404535
2022-03-23,bab_el_mandeb,66,18,48,2253160
2022-03-23,hormuz,124,82,42,4933533
2022-03-23,malacca,201,74,127,5990910
2022-03-23,suez,58,19,39,2412262
2022-03-24,bab_el_mandeb,60,17,43,2505543
2022-03-24,hormuz,75,45,30,3186246
2022-03-24,malacca,184,73,111,7388323
2022-03-24,suez,57,20,37,2347396
2022-03-25,bab_el_mandeb,52,13,39,2075635
2022-03-25,hormuz,112,63,49,5760553
2022-03-25,malacca,181,69,112,6622512
2022-03-25,suez,54,13,41,2053512
2022-03-26,bab_el_mandeb,52,17,35,2509094
2022-03-26,hormuz,123,82,41,5566546
2022-03-26,malacca,189,84,105,7145315
2022-03-26,suez,60,20,40,2806042
2022-03-27,bab_el_mandeb,58,18,40,2432129
2022-03-27,hormuz,115,74,41,3425419
2022-03-27,malacca,208,92,116,7150678
2022-03-27,suez,69,21,48,2560765
2022-03-28,bab_el_mandeb,80,23,57,2942199
2022-03-28,hormuz,85,53,32,3334824
2022-03-28,malacca,214,88,126,7979176
2022-03-28,suez,52,13,39,2468189
2022-03-29,bab_el_mandeb,58,14,44,3906817
2022-03-29,hormuz,84,52,32,3322692
2022-03-29,malacca,186,72,114,6240527
2022-03-29,suez,61,15,46,2677622
2022-03-30,bab_el_mandeb,63,23,40,2760714
2022-03-30,hormuz,93,47,46,3290871
2022-03-30,malacca,196,67,129,7475597
2022-03-30,suez,65,27,38,3137014
2022-03-31,bab_el_mandeb,68,16,52,3077419
2022-03-31,hormuz,131,82,49,7165740
2022-03-31,malacca,191,64,127,6542533
2022-03-31,suez,67,27,40,2675718
2022-04-01,bab_el_mandeb,72,22,50,3482806
2022-04-01,hormuz,135,88,47,6056800
2022-04-01,malacca,213,104,109,8034925
2022-04-01,suez,81,23,58,3288314
2022-04-02,bab_el_mandeb,66,28,38,2336404
2022-04-02,hormuz,89,51,38,3402170
2022-04-02,malacca,200,69,131,7549169
2022-04-02,suez,63,19,44,3351001
2022-04-03,bab_el_mandeb,54,16,38,2218847
2022-04-03,hormuz,126,83,43,5366559
2022-04-03,malacca,189,74,115,6741723
2022-04-03,suez,49,15,34,2577444
2022-04-04,bab_el_mandeb,56,16,40,2458352
2022-04-04,hormuz,129,82,47,7026121
2022-04-04,malacca,198,80,118,6331143
2022-04-04,suez,76,18,58,3012094
2022-04-05,bab_el_mandeb,70,26,44,3087711
2022-04-05,hormuz,125,72,53,3847123
2022-04-05,malacca,209,89,120,7520221
2022-04-05,suez,68,13,55,2662432
2022-04-06,bab_el_mandeb,68,24,44,3093949
2022-04-06,hormuz,146,91,55,5747985
2022-04-06,malacca,190,72,118,6746950
2022-04-06,suez,63,28,35,2607987
2022-04-07,bab_el_mandeb,68,21,47,2930270
2022-04-07,hormuz,128,86,42,5571865
2022-04-07,malacca,195,74,121,7003113
2022-04-07,suez,64,20,44,2678913
2022-04-08,bab_el_mandeb,56,11,45,1963159
2022-04-08,hormuz,109,69,40,4349544
2022-04-08,malacca,183,68,115,6266659
2022-04-08,suez,59,17,42,2381081
2022-04-09,bab_el_mandeb,64,28,36,2524705
2022-04-09,hormuz,104,60,44,5561764
2022-04-09,malacca,227,97,130,8590594
2022-04-09,suez,67,17,50,2898050
2022-04-10,bab_el_mandeb,82,22,60,4638686
2022-04-10,hormuz,89,49,40,4542254
2022-04-10,malacca,194,74,120,6651647
2022-04-10,suez,56,22,34,2554591
2022-04-11,bab_el_mandeb,64,24,40,2909611
2022-04-11,hormuz,104,66,38,4449138
2022-04-11,malacca,204,82,122,7623900
2022-04-11,suez,58,19,39,2633411
2022-04-12,bab_el_mandeb,56,22,34,1599962
2022-04-12,hormuz,115,74,41,4156478
2022-04-12,malacca,214,94,120,6543657
2022-04-12,suez,62,21,41,2556257
2022-04-13,bab_el_mandeb,66,21,45,2935873
2022-04-13,hormuz,126,66,60,5155898
2022-04-13,malacca,225,98,127,7625381
2022-04-13,suez,67,19,48,2862787
2022-04-14,bab_el_mandeb,61,18,43,3033917
2022-04-14,hormuz,125,77,48,5267569
2022-04-14,malacca,208,76,132,8739588
2022-04-14,suez,61,16,45,2684926
2022-04-15,bab_el_mandeb,61,22,39,2946843
2022-04-15,hormuz,113,80,33,3420896
2022-04-15,malacca,198,75,123,7016936
2022-04-15,suez,79,27,52,3359551
2022-04-16,bab_el_mandeb,69,21,48,3367073
2022-04-16,hormuz,108,66,42,4254746
2022-04-16,malacca,215,97,118,6913942
2022-04-16,suez,62,20,42,2336879
2022-04-17,bab_el_mandeb,68,26,42,2534255
2022-04-17,hormuz,120,77,43,6366801
2022-04-17,malacca,235,99,136,7426646
2022-04-17,suez,66,24,42,2935449
2022-04-18,bab_el_mandeb,63,17,46,2582260
2022-04-18,hormuz,113,68,45,4364701
2022-04-18,malacca,190,69,121,6349527
2022-04-18,suez,61,22,39,2897582
2022-04-19,bab_el_mandeb,67,22,45,3254684
2022-04-19,hormuz,112,70,42,5067076
2022-04-19,malacca,181,66,115,7671936
2022-04-19,suez,72,23,49,2866289
2022-04-20,bab_el_mandeb,61,17,44,3434435
2022-04-20,hormuz,120,75,45,4907904
2022-04-20,malacca,214,98,116,8654540
2022-04-20,suez,69,25,44,2742113
2022-04-21,bab_el_mandeb,71,22,49,3881612
2022-04-21,hormuz,115,63,52,4153526
2022-04-21,malacca,199,82,117,7179011
2022-04-21,suez,71,24,47,2572610
2022-04-22,bab_el_mandeb,65,28,37,2846963
2022-04-22,hormuz,125,79,46,4658618
2022-04-22,malacca,203,77,126,7813629
2022-04-22,suez,74,18,56,3270850
2022-04-23,bab_el_mandeb,47,19,28,2222102
2022-04-23,hormuz,134,86,48,5132535
2022-04-23,malacca,204,86,118,6110330
2022-04-23,suez,79,31,48,3063475
2022-04-24,bab_el_mandeb,63,16,47,3048350
2022-04-24,hormuz,113,62,51,4488418
2022-04-24,malacca,170,64,106,7207520
2022-04-24,suez,63,20,43,2830264
2022-04-25,bab_el_mandeb,69,27,42,3518357
2022-04-25,hormuz,115,70,45,4391846
2022-04-25,malacca,214,83,131,7986169
2022-04-25,suez,66,22,44,2229082
2022-04-26,bab_el_mandeb,59,17,42,2255041
2022-04-26,hormuz,143,95,48,5086838
2022-04-26,malacca,191,76,115,7516518
2022-04-26,suez,53,17,36,2324622
2022-04-27,bab_el_mandeb,68,21,47,3152815
2022-04-27,hormuz,127,81,46,5043198
2022-04-27,malacca,220,81,139,7816160
2022-04-27,suez,63,21,42,2292946
2022-04-28,bab_el_mandeb,59,23,36,1746682
2022-04-28,hormuz,121,69,52,5213757
2022-04-28,malacca,212,87,125,7962603
2022-04-28,suez,62,26,36,4399006
2022-04-29,bab_el_mandeb,67,16,51,2313181
2022-04-29,hormuz,121,74,47,5710033
2022-04-29,malacca,194,75,119,7386945
2022-04-29,suez,62,13,49,3160465
2022-04-30,bab_el_mandeb,65,20,45,3028772
2022-04-30,hormuz,105,70,35,4071505
2022-04-30,malacca,225,88,137,8619288
2022-04-30,suez,48,20,28,2607432
2022-05-01,bab_el_mandeb,72,26,46,2700022
2022-05-01,hormuz,104,67,37,3416284
2022-05-01,malacca,201,78,123,8897633
2022-05-01,suez,72,17,55,2639423
2022-05-02,bab_el_mandeb,60,25,35,2824067
2022-05-02,hormuz,114,72,42,5033607
2022-05-02,malacca,194,80,114,7759395
2022-05-02,suez,60,18,42,2649724
2022-05-03,bab_el_mandeb,71,23,48,3833855
2022-05-03,hormuz,113,79,34,5350672
2022-05-03,malacca,175,73,102,7295914
2022-05-03,suez,57,22,35,2417890
2022-05-04,bab_el_mandeb,56,17,39,2780255
2022-05-04,hormuz,104,63,41,3077188
2022-05-04,malacca,193,73,120,8240475
2022-05-04,suez,54,19,35,2235598
2022-05-05,bab_el_mandeb,71,23,48,2635928
2022-05-05,hormuz,130,83,47,4814475
2022-05-05,malacca,200,86,114,8579253
2022-05-05,suez,79,20,59,2848432
2022-05-06,bab_el_mandeb,63,20,43,2730640
2022-05-06,hormuz,145,86,59,5660298
2022-05-06,malacca,178,66,112,6245484
2022-05-06,suez,53,18,35,2359095
2022-05-07,bab_el_mandeb,66,23,43,2502843
2022-05-07,hormuz,136,79,57,5459718
2022-05-07,malacca,201,86,115,7491102
2022-05-07,suez,78,26,52,3394324
2022-05-08,bab_el_mandeb,71,22,49,3507705
2022-05-08,hormuz,129,71,58,5992077
2022-05-08,malacca,185,64,121,8196222
2022-05-08,suez,60,24,36,2385178
2022-05-09,bab_el_mandeb,59,16,43,2323737
2022-05-09,hormuz,114,70,44,4173718
2022-05-09,malacca,210,72,138,7492343
2022-05-09,suez,64,25,39,2896192
2022-05-10,bab_el_mandeb,58,16,42,2399797
2022-05-10,hormuz,99,54,45,3654424
2022-05-10,malacca,205,89,116,8200293
2022-05-10,suez,61,17,44,3032689
2022-05-11,bab_el_mandeb,71,21,50,3439328
2022-05-11,hormuz,44,29,15,1969241
2022-05-11,malacca,192,73,119,6571623
2022-05-11,suez,67,21,46,2711896
2022-05-12,bab_el_mandeb,76,26,50,3874353
2022-05-12,hormuz,52,34,18,2038240
2022-05-12,malacca,179,74,105,6876717
2022-05-12,suez,67,20,47,3060436
2022-05-13,bab_el_mandeb,61,19,42,2797405
2022-05-13,hormuz,66,38,28,2910783
2022-05-13,malacca,200,80,120,7938542
2022-05-13,suez,63,19,44,3540324
2022-05-14,bab_el_mandeb,55,14,41,2698652
2022-05-14,hormuz,107,67,40,3350009
2022-05-14,malacca,198,90,108,7037887
2022-05-14,suez,76,26,50,3482420
2022-05-15,bab_el_mandeb,55,19,36,2579672
2022-05-15,hormuz,91,57,34,3584605
2022-05-15,malacca,201,76,125,6013300
2022-05-15,suez,51,10,41,2920174
2022-05-16,bab_el_mandeb,56,17,39,2990047
2022-05-16,hormuz,90,55,35,2963505
2022-05-16,malacca,188,74,114,7022541
2022-05-16,suez,69,23,46,2410396
2022-05-17,bab_el_mandeb,58,20,38,2963122
2022-05-17,hormuz,113,66,47,5236618
2022-05-17,malacca,200,81,119,7092349
2022-05-17,suez,69,24,45,3369511
2022-05-18,bab_el_mandeb,60,13,47,2577208
2022-05-18,hormuz,123,76,47,4413203
2022-05-18,malacca,189,79,110,5021390
2022-05-18,suez,63,24,39,3293697
2022-05-19,bab_el_mandeb,61,19,42,3819707
2022-05-19,hormuz,121,71,50,4708487
2022-05-19,malacca,210,90,120,8440280
2022-05-19,suez,56,14,42,2608006
2022-05-20,bab_el_mandeb,65,21,44,3244087
2022-05-20,hormuz,94,50,44,3063631
2022-05-20,malacca,213,75,138,8144278
2022-05-20,suez,67,17,50,2526476
2022-05-21,bab_el_mandeb,63,23,40,2848776
2022-05-21,hormuz,118,66,52,4674804
2022-05-21,malacca,202,78,124,7291840
2022-05-21,suez,77,24,53,2731364
2022-05-22,bab_el_mandeb,73,33,40,2607317
2022-05-22,hormuz,84,64,20,4505925
2022-05-22,malacca,209,69,140,6319491
2022-05-22,suez,64,23,41,3285754
2022-05-23,bab_el_mandeb,75,25,50,2865619
2022-05-23,hormuz,106,77,29,4374923
2022-05-23,malacca,204,77,127,7915449
2022-05-23,suez,54,20,34,2593187
2022-05-24,bab_el_mandeb,62,19,43,2677221
2022-05-24,hormuz,87,55,32,4472220
2022-05-24,malacca,194,79,115,8008977
2022-05-24,suez,70,14,56,2184573
2022-05-25,bab_el_mandeb,60,22,38,3366336
2022-05-25,hormuz,112,65,47,4650710
2022-05-25,malacca,191,74,117,6313860
2022-05-25,suez,73,20,53,3846751
2022-05-26,bab_el_mandeb,61,19,42,2929539
2022-05-26,hormuz,109,71,38,3343211
2022-05-26,malacca,207,76,131,7324715
2022-05-26,suez,64,24,40,3311167
2022-05-27,bab_el_mandeb,75,23,52,3603447
2022-05-27,hormuz,128,80,48,5427980
2022-05-27,malacca,212,83,129,7104381
2022-05-27,suez,54,21,33,3105414
2022-05-28,bab_el_mandeb,68,24,44,2459095
2022-05-28,hormuz,121,75,46,5047019
2022-05-28,malacca,204,79,125,8676383
2022-05-28,suez,52,16,36,1826604
2022-05-29,bab_el_mandeb,52,18,34,2168459
2022-05-29,hormuz,126,79,47,4889024
2022-05-29,malacca,212,93,119,7704973
2022-05-29,suez,59,19,40,2460609
2022-05-30,bab_el_mandeb,60,24,36,3027567
2022-05-30,hormuz,127,80,47,4463454
2022-05-30,malacca,206,78,128,8208889
2022-05-30,suez,67,21,46,2912861
2022-05-31,bab_el_mandeb,69,23,46,3644005
2022-05-31,hormuz,117,75,42,4102880
2022-05-31,malacca,176,72,104,7355947
2022-05-31,suez,61,21,40,3129752
2022-06-01,bab_el_mandeb,60,21,39,2204312
2022-06-01,hormuz,129,75,54,4178237
2022-06-01,malacca,205,64,141,7618892
2022-06-01,suez,57,20,37,2766384
2022-06-02,bab_el_mandeb,69,27,42,2801844
2022-06-02,hormuz,144,86,58,5483757
2022-06-02,malacca,216,82,134,9700999
2022-06-02,suez,73,22,51,3371007
2022-06-03,bab_el_mandeb,67,29,38,3376858
2022-06-03,hormuz,124,73,51,6352681
2022-06-03,malacca,199,81,118,7721314
2022-06-03,suez,49,15,34,2395845
2022-06-04,bab_el_mandeb,69,29,40,3137345
2022-06-04,hormuz,109,56,53,3752750
2022-06-04,malacca,189,68,121,5442239
2022-06-04,suez,63,20,43,2394539
2022-06-05,bab_el_mandeb,57,18,39,2933549
2022-06-05,hormuz,115,72,43,4587159
2022-06-05,malacca,234,89,145,8146977
2022-06-05,suez,86,29,57,3187287
2022-06-06,bab_el_mandeb,71,23,48,3246708
2022-06-06,hormuz,118,80,38,3729397
2022-06-06,malacca,216,86,130,9015898
2022-06-06,suez,69,25,44,3626918
2022-06-07,bab_el_mandeb,59,22,37,2695086
2022-06-07,hormuz,106,61,45,4395545
2022-06-07,malacca,206,78,128,7756937
2022-06-07,suez,70,24,46,3345584
2022-06-08,bab_el_mandeb,73,26,47,3508952
2022-06-08,hormuz,71,45,26,2357273
2022-06-08,malacca,184,66,118,7483911
2022-06-08,suez,57,25,32,2430133
2022-06-09,bab_el_mandeb,70,21,49,3748974
2022-06-09,hormuz,90,66,24,2508893
2022-06-09,malacca,219,108,111,7508170
2022-06-09,suez,69,29,40,3387940
2022-06-10,bab_el_mandeb,62,15,47,3262462
2022-06-10,hormuz,76,50,26,3358562
2022-06-10,malacca,185,76,109,5695032
2022-06-10,suez,67,19,48,3208798
2022-06-11,bab_el_mandeb,52,17,35,2316065
2022-06-11,hormuz,109,72,37,5343424
2022-06-11,malacca,215,72,143,7738681
2022-06-11,suez,67,21,46,3167153
2022-06-12,bab_el_mandeb,69,22,47,3259056
2022-06-12,hormuz,107,71,36,4164598
2022-06-12,malacca,199,72,127,6927590
2022-06-12,suez,60,14,46,2630094
2022-06-13,bab_el_mandeb,64,19,45,3130540
2022-06-13,hormuz,76,48,28,3624176
2022-06-13,malacca,205,86,119,8473588
2022-06-13,suez,66,17,49,3342059
2022-06-14,bab_el_mandeb,69,27,42,3038198
2022-06-14,hormuz,110,67,43,6242091
2022-06-14,malacca,220,95,125,7332268
2022-06-14,suez,79,28,51,2973909
2022-06-15,bab_el_mandeb,62,15,47,2549472
2022-06-15,hormuz,69,47,22,2418604
2022-06-15,malacca,208,93,115,7403257
2022-06-15,suez,73,25,48,2998364
2022-06-16,bab_el_mandeb,78,29,49,4204261
2022-06-16,hormuz,111,68,43,4461515
2022-06-16,malacca,203,86,117,7346875
2022-06-16,suez,68,17,51,3061967
2022-06-17,bab_el_mandeb,63,23,40,3073393
2022-06-17,hormuz,83,53,30,3047131
2022-06-17,malacca,228,86,142,10316154
2022-06-17,suez,65,22,43,2779241
2022-06-18,bab_el_mandeb,64,22,42,3175646
2022-06-18,hormuz,104,62,42,4221840
2022-06-18,malacca,196,87,109,7995973
2022-06-18,suez,64,25,39,2478952
2022-06-19,bab_el_mandeb,76,21,55,3454600
2022-06-19,hormuz,114,74,40,3927074
2022-06-19,malacca,212,70,142,7328371
2022-06-19,suez,72,21,51,3375493
2022-06-20,bab_el_mandeb,64,22,42,2006316
2022-06-20,hormuz,110,67,43,4622249
2022-06-20,malacca,201,85,116,6104559
2022-06-20,suez,59,18,41,2503503
2022-06-21,bab_el_mandeb,68,24,44,2967446
2022-06-21,hormuz,100,57,43,2959323
2022-06-21,malacca,202,77,125,7596303
2022-06-21,suez,54,22,32,2483230
2022-06-22,bab_el_mandeb,62,21,41,3076797
2022-06-22,hormuz,90,55,35,4406715
2022-06-22,malacca,200,81,119,6804890
2022-06-22,suez,61,23,38,3598549
2022-06-23,bab_el_mandeb,72,28,44,3730417
2022-06-23,hormuz,110,58,52,3976431
2022-06-23,malacca,197,75,122,9802624
2022-06-23,suez,75,28,47,3545732
2022-06-24,bab_el_mandeb,53,18,35,2315688
2022-06-24,hormuz,83,48,35,3858206
2022-06-24,malacca,225,84,141,8510089
2022-06-24,suez,79,20,59,3522254
2022-06-25,bab_el_mandeb,67,20,47,3073275
2022-06-25,hormuz,108,64,44,4726753
2022-06-25,malacca,218,102,116,7811235
2022-06-25,suez,60,24,36,2235789
2022-06-26,bab_el_mandeb,65,23,42,3388162
2022-06-26,hormuz,120,77,43,5260592
2022-06-26,malacca,177,73,104,5804991
2022-06-26,suez,75,25,50,3035843
2022-06-27,bab_el_mandeb,70,24,46,3572760
2022-06-27,hormuz,130,88,42,4488542
2022-06-27,malacca,189,72,117,6920435
2022-06-27,suez,64,27,37,3409125
2022-06-28,bab_el_mandeb,71,24,47,2622906
2022-06-28,hormuz,112,70,42,3838964
2022-06-28,malacca,195,67,128,7736725
2022-06-28,suez,69,30,39,3064858
2022-06-29,bab_el_mandeb,74,21,53,3334897
2022-06-29,hormuz,117,63,54,4416163
2022-06-29,malacca,213,84,129,8127465
2022-06-29,suez,83,29,54,3126587
2022-06-30,bab_el_mandeb,70,21,49,2819922
2022-06-30,hormuz,134,84,50,5058523
2022-06-30,malacca,213,81,132,8380831
2022-06-30,suez,79,26,53,3756418
2022-07-01,bab_el_mandeb,60,25,35,3056356
2022-07-01,hormuz,100,60,40,3296122
2022-07-01,malacca,172,68,104,7054679
2022-07-01,suez,79,25,54,3823750
2022-07-02,bab_el_mandeb,73,26,47,3300116
2022-07-02,hormuz,90,49,41,5024287
2022-07-02,malacca,210,85,125,6271157
2022-07-02,suez,70,16,54,2398812
2022-07-03,bab_el_mandeb,67,18,49,2589629
2022-07-03,hormuz,116,75,41,5874659
2022-07-03,malacca,192,67,125,6702958
2022-07-03,suez,75,19,56,3322381
2022-07-04,bab_el_mandeb,81,31,50,3875849
2022-07-04,hormuz,132,83,49,5042661
2022-07-04,malacca,186,61,125,6513057
2022-07-04,suez,72,23,49,2703651
2022-07-05,bab_el_mandeb,66,21,45,2419150
2022-07-05,hormuz,110,73,37,5027111
2022-07-05,malacca,184,78,106,6713957
2022-07-05,suez,77,25,52,2988345
2022-07-06,bab_el_mandeb,57,18,39,2817402
2022-07-06,hormuz,109,65,44,3445033
2022-07-06,malacca,190,75,115,5734790
2022-07-06,suez,57,20,37,2713446
2022-07-07,bab_el_mandeb,56,15,41,2599965
2022-07-07,hormuz,103,67,36,4400212
2022-07-07,malacca,193,91,102,8178197
2022-07-07,suez,72,15,57,3087373
2022-07-08,bab_el_mandeb,71,21,50,3087780
2022-07-08,hormuz,66,47,19,3872296
2022-07-08,malacca,196,82,114,8035893
2022-07-08,suez,66,28,38,2639361
2022-07-09,bab_el_mandeb,79,21,58,3823374
2022-07-09,hormuz,108,61,47,4482554
2022-07-09,malacca,197,73,124,5956278
2022-07-09,suez,64,23,41,2453041
2022-07-10,bab_el_mandeb,68,28,40,3521861
2022-07-10,hormuz,76,47,29,3096523
2022-07-10,malacca,183,66,117,7736144
2022-07-10,suez,64,20,44,2182473
2022-07-11,bab_el_mandeb,76,33,43,3334825
2022-07-11,hormuz,104,71,33,4798916
2022-07-11,malacca,205,71,134,7628969
2022-07-11,suez,72,17,55,3236244
2022-07-12,bab_el_mandeb,68,21,47,3811362
2022-07-12,hormuz,93,56,37,4674660
2022-07-12,malacca,183,70,113,6623727
2022-07-12,suez,59,10,49,3067425
2022-07-13,bab_el_mandeb,60,23,37,3248560
2022-07-13,hormuz,114,65,49,4396352
2022-07-13,malacca,221,82,139,8734772
2022-07-13,suez,82,29,53,3821076
2022-07-14,bab_el_mandeb,81,35,46,4495749
2022-07-14,hormuz,147,96,51,5879440
2022-07-14,malacca,198,79,119,7217315
2022-07-14,suez,65,15,50,3544679
2022-07-15,bab_el_mandeb,80,23,57,2615861
2022-07-15,hormuz,134,93,41,7322753
2022-07-15,malacca,193,89,104,8047376
2022-07-15,suez,87,35,52,3399905
2022-07-16,bab_el_mandeb,65,24,41,3370369
2022-07-16,hormuz,112,66,46,4451672
2022-07-16,malacca,201,82,119,7205747
2022-07-16,suez,69,16,53,2957191
2022-07-17,bab_el_mandeb,60,18,42,3109918
2022-07-17,hormuz,117,71,46,4927016
2022-07-17,malacca,244,97,147,8939636
2022-07-17,suez,80,28,52,3181771
2022-07-18,bab_el_mandeb,68,28,40,2803632
2022-07-18,hormuz,74,47,27,4069172
2022-07-18,malacca,212,85,127,7723565
2022-07-18,suez,64,25,39,2722522
2022-07-19,bab_el_mandeb,72,20,52,3556340
2022-07-19,hormuz,88,59,29,3708443
2022-07-19,malacca,193,77,116,7489273
2022-07-19,suez,49,15,34,3111124
2022-07-20,bab_el_mandeb,68,17,51,3666482
2022-07-20,hormuz,96,56,40,4202263
2022-07-20,malacca,213,83,130,8232005
2022-07-20,suez,90,38,52,3745685
2022-07-21,bab_el_mandeb,71,26,45,2744126
2022-07-21,hormuz,84,56,28,2355624
2022-07-21,malacca,219,95,124,8064436
2022-07-21,suez,63,25,38,2976063
2022-07-22,bab_el_mandeb,61,20,41,2955724
2022-07-22,hormuz,98,71,27,4202021
2022-07-22,malacca,213,82,131,7817482
2022-07-22,suez,71,23,48,3064862
2022-07-23,bab_el_mandeb,77,29,48,3135021
2022-07-23,hormuz,93,63,30,4097023
2022-07-23,malacca,242,93,149,8484028
2022-07-23,suez,80,26,54,2693258
2022-07-24,bab_el_mandeb,61,26,35,2667242
2022-07-24,hormuz,49,29,20,1402372
2022-07-24,malacca,216,78,138,7513069
2022-07-24,suez,55,19,36,3048673
2022-07-25,bab_el_mandeb,64,22,42,3127274
2022-07-25,hormuz,73,48,25,3117321
2022-07-25,malacca,226,91,135,8677394
2022-07-25,suez,79,24,55,3570262
2022-07-26,bab_el_mandeb,65,24,41,2478688
2022-07-26,hormuz,122,76,46,4007378
2022-07-26,malacca,196,79,117,6908427
2022-07-26,suez,64,17,47,3168157
2022-07-27,bab_el_mandeb,62,19,43,2923252
2022-07-27,hormuz,108,73,35,4294735
2022-07-27,malacca,183,65,118,6516900
2022-07-27,suez,83,39,44,3437093
2022-07-28,bab_el_mandeb,65,24,41,2268706
2022-07-28,hormuz,98,58,40,3761877
2022-07-28,malacca,217,101,116,7642933
2022-07-28,suez,79,30,49,3368244
2022-07-29,bab_el_mandeb,75,23,52,3582000
2022-07-29,hormuz,103,57,46,4517560
2022-07-29,malacca,220,86,134,7286749
2022-07-29,suez,75,24,51,3189375
2022-07-30,bab_el_mandeb,69,25,44,3098687
2022-07-30,hormuz,118,75,43,3904492
2022-07-30,malacca,206,66,140,7469510
2022-07-30,suez,78,24,54,2489090
2022-07-31,bab_el_mandeb,61,22,39,3391440
2022-07-31,hormuz,112,67,45,5165354
2022-07-31,malacca,202,74,128,8296500
2022-07-31,suez,65,23,42,3028005
2022-08-01,bab_el_mandeb,77,32,45,3399415
2022-08-01,hormuz,108,66,42,4818310
2022-08-01,malacca,225,80,145,8278292
2022-08-01,suez,61,28,33,3539167
2022-08-02,bab_el_mandeb,59,15,44,2360129
2022-08-02,hormuz,126,67,59,4485473
2022-08-02,malacca,204,80,124,7725699
2022-08-02,suez,65,19,46,2406468
2022-08-03,bab_el_mandeb,72,25,47,3684083
2022-08-03,hormuz,134,73,61,4993325
2022-08-03,malacca,209,93,116,7665813
2022-08-03,suez,85,22,63,2721483
2022-08-04,bab_el_mandeb,77,30,47,3588127
2022-08-04,hormuz,126,73,53,5489171
2022-08-04,malacca,219,81,138,8896816
2022-08-04,suez,70,25,45,3242159
2022-08-05,bab_el_mandeb,77,29,48,3546337
2022-08-05,hormuz,115,71,44,4654181
2022-08-05,malacca,219,96,123,7355506
2022-08-05,suez,81,21,60,3772023
2022-08-06,bab_el_mandeb,72,30,42,3670918
2022-08-06,hormuz,88,58,30,4335601
2022-08-06,malacca,218,91,127,8552185
2022-08-06,suez,86,27,59,4281148
2022-08-07,bab_el_mandeb,64,22,42,2988853
2022-08-07,hormuz,119,75,44,4109887
2022-08-07,malacca,216,78,138,7906856
2022-08-07,suez,80,23,57,3042421
2022-08-08,bab_el_mandeb,65,15,50,2526741
2022-08-08,hormuz,115,65,50,4855953
2022-08-08,malacca,203,78,125,7030730
2022-08-08,suez,77,25,52,4040999
2022-08-09,bab_el_mandeb,77,23,54,3605998
2022-08-09,hormuz,79,49,30,3352748
2022-08-09,malacca,215,88,127,7798276
2022-08-09,suez,75,30,45,3105103
2022-08-10,bab_el_mandeb,58,21,37,3247075
2022-08-10,hormuz,133,82,51,5276307
2022-08-10,malacca,214,69,145,5748722
2022-08-10,suez,79,15,64,3381424
2022-08-11,bab_el_mandeb,67,19,48,3249926
2022-08-11,hormuz,95,62,33,4043606
2022-08-11,malacca,207,92,115,6657081
2022-08-11,suez,65,22,43,3554709
2022-08-12,bab_el_mandeb,73,24,49,3615078
2022-08-12,hormuz,126,81,45,5351655
2022-08-12,malacca,194,77,117,6898474
2022-08-12,suez,63,19,44,2499531
2022-08-13,bab_el_mandeb,72,14,58,3376650
2022-08-13,hormuz,120,74,46,4320494
2022-08-13,malacca,227,84,143,8462942
2022-08-13,suez,60,21,39,3262391
2022-08-14,bab_el_mandeb,65,24,41,3083759
2022-08-14,hormuz,111,69,42,5211516
2022-08-14,malacca,232,87,145,8179793
2022-08-14,suez,59,17,42,2725175
2022-08-15,bab_el_mandeb,60,18,42,2384709
2022-08-15,hormuz,118,72,46,4423673
2022-08-15,malacca,205,74,131,6171838
2022-08-15,suez,71,16,55,2937899
2022-08-16,bab_el_mandeb,65,26,39,2601416
2022-08-16,hormuz,129,79,50,4664397
2022-08-16,malacca,207,82,125,6817168
2022-08-16,suez,76,18,58,3401382
2022-08-17,bab_el_mandeb,73,29,44,3790915
2022-08-17,hormuz,84,53,31,4327400
2022-08-17,malacca,206,90,116,5686085
2022-08-17,suez,67,26,41,3217115
2022-08-18,bab_el_mandeb,74,23,51,3939052
2022-08-18,hormuz,99,65,34,4252004
2022-08-18,malacca,210,78,132,8360550
2022-08-18,suez,64,17,47,2680041
2022-08-19,bab_el_mandeb,71,23,48,2768041
2022-08-19,hormuz,139,83,56,4449252
2022-08-19,malacca,217,90,127,7684265
2022-08-19,suez,79,17,62,3189645
2022-08-20,bab_el_mandeb,63,22,41,2788560
2022-08-20,hormuz,121,81,40,4637100
2022-08-20,malacca,199,88,111,6663118
2022-08-20,suez,70,32,38,2728635
2022-08-21,bab_el_mandeb,79,19,60,3916555
2022-08-21,hormuz,109,67,42,4708617
2022-08-21,malacca,205,72,133,7329886
2022-08-21,suez,61,18,43,2912611
2022-08-22,bab_el_mandeb,77,28,49,3864590
2022-08-22,hormuz,108,67,41,4583583
2022-08-22,malacca,198,89,109,7749359
2022-08-22,suez,79,27,52,3642601
2022-08-23,bab_el_mandeb,59,18,41,2144784
2022-08-23,hormuz,118,72,46,3943947
2022-08-23,malacca,201,80,121,8650020
2022-08-23,suez,69,22,47,3639892
2022-08-24,bab_el_mandeb,79,29,50,3589097
2022-08-24,hormuz,96,58,38,4272680
2022-08-24,malacca,206,83,123,7366752
2022-08-24,suez,77,27,50,3240928
2022-08-25,bab_el_mandeb,62,26,36,2016208
2022-08-25,hormuz,104,66,38,3443599
2022-08-25,malacca,207,78,129,6533506
2022-08-25,suez,65,21,44,3617497
2022-08-26,bab_el_mandeb,69,22,47,3492680
2022-08-26,hormuz,127,67,60,5873089
2022-08-26,malacca,205,91,114,6155260
2022-08-26,suez,88,28,60,3474262
2022-08-27,bab_el_mandeb,68,22,46,3211199
2022-08-27,hormuz,112,59,53,4763702
2022-08-27,malacca,209,85,124,7165163
2022-08-27,suez,59,22,37,3277889
2022-08-28,bab_el_mandeb,80,29,51,3602943
2022-08-28,hormuz,100,61,39,3641031
2022-08-28,malacca,214,89,125,10269632
2022-08-28,suez,72,23,49,2541122
2022-08-29,bab_el_mandeb,67,19,48,3228348
2022-08-29,hormuz,80,44,36,3099030
2022-08-29,malacca,192,78,114,8859583
2022-08-29,suez,76,24,52,3749405
2022-08-30,bab_el_mandeb,80,31,49,3544170
2022-08-30,hormuz,104,63,41,3894825
2022-08-30,malacca,199,82,117,6548882
2022-08-30,suez,66,23,43,2935546
2022-08-31,bab_el_mandeb,65,27,38,2782261
2022-08-31,hormuz,121,77,44,6331449
2022-08-31,malacca,240,100,140,9544104
2022-08-31,suez,70,23,47,2876764
2022-09-01,bab_el_mandeb,71,21,50,4094705
2022-09-01,hormuz,134,79,55,5330794
2022-09-01,malacca,202,80,122,6332548
2022-09-01,suez,64,23,41,2465225
2022-09-02,bab_el_mandeb,77,26,51,3499558
2022-09-02,hormuz,132,86,46,5675312
2022-09-02,malacca,230,91,139,8933389
2022-09-02,suez,79,22,57,2775707
2022-09-03,bab_el_mandeb,74,25,49,4057376
2022-09-03,hormuz,129,80,49,5330931
2022-09-03,malacca,185,71,114,7037409
2022-09-03,suez,63,21,42,3310895
2022-09-04,bab_el_mandeb,72,27,45,3184526
2022-09-04,hormuz,129,80,49,7545664
2022-09-04,malacca,220,84,136,8472905
2022-09-04,suez,68,22,46,2971146
2022-09-05,bab_el_mandeb,69,28,41,2631988
2022-09-05,hormuz,119,82,37,6427427
2022-09-05,malacca,209,93,116,8580621
2022-09-05,suez,82,30,52,2837492
2022-09-06,bab_el_mandeb,73,26,47,2990002
2022-09-06,hormuz,108,60,48,3458122
2022-09-06,malacca,216,70,146,7651703
2022-09-06,suez,75,27,48,3302580
2022-09-07,bab_el_mandeb,69,24,45,3172877
2022-09-07,hormuz,94,51,43,3783267
2022-09-07,malacca,206,80,126,7500394
2022-09-07,suez,79,30,49,3020609
2022-09-08,bab_el_mandeb,73,21,52,2688843
2022-09-08,hormuz,83,49,34,4697632
2022-09-08,malacca,227,97,130,8187155
2022-09-08,suez,51,12,39,3250700
2022-09-09,bab_el_mandeb,66,20,46,3169426
2022-09-09,hormuz,70,38,32,3409311
2022-09-09,malacca,216,81,135,8927115
2022-09-09,suez,70,19,51,3221818
2022-09-10,bab_el_mandeb,72,36,36,3989357
2022-09-10,hormuz,64,43,21,3638040
2022-09-10,malacca,220,95,125,7404797
2022-09-10,suez,70,24,46,3278129
2022-09-11,bab_el_mandeb,68,25,43,3246276
2022-09-11,hormuz,106,77,29,4344618
2022-09-11,malacca,190,79,111,8034842
2022-09-11,suez,73,28,45,2968392
2022-09-12,bab_el_mandeb,60,24,36,2550247
2022-09-12,hormuz,93,62,31,4245182
2022-09-12,malacca,206,90,116,7348711
2022-09-12,suez,72,19,53,3525244
2022-09-13,bab_el_mandeb,61,19,42,2585743
2022-09-13,hormuz,122,80,42,4649445
2022-09-13,malacca,190,76,114,5632380
2022-09-13,suez,59,21,38,2969852
2022-09-14,bab_el_mandeb,73,24,49,3235374
2022-09-14,hormuz,131,66,65,5527727
2022-09-14,malacca,212,102,110,8316428
2022-09-14,suez,79,28,51,3246633
2022-09-15,bab_el_mandeb,70,22,48,3551654
2022-09-15,hormuz,102,53,49,4213956
2022-09-15,malacca,219,86,133,8828344
2022-09-15,suez,83,27,56,3531420
2022-09-16,bab_el_mandeb,85,30,55,3546519
2022-09-16,hormuz,131,86,45,4103272
2022-09-16,malacca,205,78,127,7191221
2022-09-16,suez,56,16,40,2312966
2022-09-17,bab_el_mandeb,69,25,44,3398387
2022-09-17,hormuz,102,66,36,3255592
2022-09-17,malacca,194,75,119,6587653
2022-09-17,suez,74,27,47,2644981
2022-09-18,bab_el_mandeb,71,19,52,2536145
2022-09-18,hormuz,96,55,41,4616084
2022-09-18,malacca,214,86,128,6593931
2022-09-18,suez,73,23,50,3115843
2022-09-19,bab_el_mandeb,67,25,42,2558157
2022-09-19,hormuz,72,44,28,2623024
2022-09-19,malacca,179,70,109,7481060
2022-09-19,suez,64,21,43,2108461
2022-09-20,bab_el_mandeb,68,17,51,2781708
2022-09-20,hormuz,110,64,46,4413982
2022-09-20,malacca,211,85,126,6878037
2022-09-20,suez,57,25,32,3618358
2022-09-21,bab_el_mandeb,76,25,51,3296457
2022-09-21,hormuz,70,42,28,2615770
2022-09-21,malacca,213,90,123,8092189
2022-09-21,suez,69,30,39,3395724
2022-09-22,bab_el_mandeb,77,30,47,2818509
2022-09-22,hormuz,110,73,37,4021388
2022-09-22,malacca,218,101,117,7835286
2022-09-22,suez,75,21,54,3353217
2022-09-23,bab_el_mandeb,61,17,44,3258567
2022-09-23,hormuz,91,60,31,3590971
2022-09-23,malacca,220,88,132,7059036
2022-09-23,suez,81,32,49,3620019
2022-09-24,bab_el_mandeb,63,31,32,2649552
2022-09-24,hormuz,84,45,39,2590060
2022-09-24,malacca,223,88,135,7770835
2022-09-24,suez,58,18,40,2547812
2022-09-25,bab_el_mandeb,66,29,37,2819318
2022-09-25,hormuz,121,76,45,5120502
2022-09-25,malacca,216,86,130,8567469
2022-09-25,suez,60,18,42,2250496
2022-09-26,bab_el_mandeb,65,19,46,3318943
2022-09-26,hormuz,128,71,57,3800786
2022-09-26,malacca,205,78,127,8276939
2022-09-26,suez,70,23,47,2544122
2022-09-27,bab_el_mandeb,68,25,43,3214547
2022-09-27,hormuz,95,62,33,3324847
2022-09-27,malacca,193,85,108,7333326
2022-09-27,suez,71,24,47,3147740
2022-09-28,bab_el_mandeb,74,26,48,3471118
2022-09-28,hormuz,86,55,31,3558986
2022-09-28,malacca,198,74,124,8111646
2022-09-28,suez,72,30,42,3929774
2022-09-29,bab_el_mandeb,84,31,53,3259914
2022-09-29,hormuz,107,72,35,4177693
2022-09-29,malacca,210,79,131,7161866
2022-09-29,suez,63,27,36,2936046
2022-09-30,bab_el_mandeb,68,16,52,3335617
2022-09-30,hormuz,81,53,28,2971218
2022-09-30,malacca,208,79,129,5273989
2022-09-30,suez,69,23,46,2999327
2022-10-01,bab_el_mandeb,69,33,36,2727869
2022-10-01,hormuz,105,68,37,4709458
2022-10-01,malacca,203,89,114,6952498
2022-10-01,suez,64,12,52,3307371
2022-10-02,bab_el_mandeb,70,24,46,3244097
2022-10-02,hormuz,115,69,46,4310695
2022-10-02,malacca,243,88,155,9443154
2022-10-02,suez,72,21,51,3295556
2022-10-03,bab_el_mandeb,79,39,40,3606464
2022-10-03,hormuz,103,67,36,5423455
2022-10-03,malacca,227,88,139,8057018
2022-10-03,suez,82,26,56,3281868
2022-10-04,bab_el_mandeb,55,18,37,2772625
2022-10-04,hormuz,111,72,39,5530415
2022-10-04,malacca,212,73,139,7662296
2022-10-04,suez,59,22,37,2472411
2022-10-05,bab_el_mandeb,67,16,51,3160199
2022-10-05,hormuz,123,76,47,5295767
2022-10-05,malacca,218,78,140,8657331
2022-10-05,suez,68,19,49,2441684
2022-10-06,bab_el_mandeb,66,24,42,3691894
2022-10-06,hormuz,108,68,40,3344125
2022-10-06,malacca,210,91,119,9038262
2022-10-06,suez,74,20,54,2929414
2022-10-07,bab_el_mandeb,76,25,51,3048659
2022-10-07,hormuz,92,60,32,4307189
2022-10-07,malacca,221,78,143,7885374
2022-10-07,suez,69,17,52,3100101
2022-10-08,bab_el_mandeb,61,23,38,3399411
2022-10-08,hormuz,115,69,46,3836192
2022-10-08,malacca,220,78,142,9485056
2022-10-08,suez,63,26,37,2736276
2022-10-09,bab_el_mandeb,77,21,56,3569380
2022-10-09,hormuz,113,68,45,4073520
2022-10-09,malacca,195,75,120,5829530
2022-10-09,suez,68,21,47,2712934
2022-10-10,bab_el_mandeb,66,20,46,2761955
2022-10-10,hormuz,113,62,51,4898822
2022-10-10,malacca,224,86,138,7546757
2022-10-10,suez,75,23,52,3471745
2022-10-11,bab_el_mandeb,74,24,50,3066390
2022-10-11,hormuz,109,64,45,3638886
2022-10-11,malacca,248,99,149,9009034
2022-10-11,suez,62,20,42,2664114
2022-10-12,bab_el_mandeb,73,21,52,3160860
2022-10-12,hormuz,97,61,36,4517837
2022-10-12,malacca,189,83,106,6326648
2022-10-12,suez,74,24,50,2892055
2022-10-13,bab_el_mandeb,68,21,47,3472363
2022-10-13,hormuz,98,66,32,4239687
2022-10-13,malacca,231,94,137,7978622
2022-10-13,suez,67,25,42,3135119
2022-10-14,bab_el_mandeb,65,15,50,2642301
2022-10-14,hormuz,119,70,49,3901979
2022-10-14,malacca,226,98,128,9278994
2022-10-14,suez,74,18,56,3350683
2022-10-15,bab_el_mandeb,73,26,47,3411731
2022-10-15,hormuz,127,78,49,5484172
2022-10-15,malacca,210,89,121,6477750
2022-10-15,suez,67,23,44,4197156
2022-10-16,bab_el_mandeb,72,24,48,2792690
2022-10-16,hormuz,115,77,38,5792085
2022-10-16,malacca,229,77,152,7329428
2022-10-16,suez,72,25,47,3424314
2022-10-17,bab_el_mandeb,91,42,49,3980326
2022-10-17,hormuz,110,70,40,5319785
2022-10-17,malacca,210,91,119,7758425
2022-10-17,suez,85,26,59,3452497
2022-10-18,bab_el_mandeb,69,22,47,2855443
2022-10-18,hormuz,73,44,29,2656323
2022-10-18,malacca,224,101,123,8588995
2022-10-18,suez,67,27,40,3308831
2022-10-19,bab_el_mandeb,64,26,38,3095796
2022-10-19,hormuz,109,67,42,4436721
2022-10-19,malacca,212,88,124,7099299
2022-10-19,suez,52,13,39,1871757
2022-10-20,bab_el_mandeb,69,27,42,2630231
2022-10-20,hormuz,95,59,36,3079756
2022-10-20,malacca,231,90,141,7458721
2022-10-20,suez,68,23,45,3393484
2022-10-21,bab_el_mandeb,67,24,43,3242514
2022-10-21,hormuz,121,75,46,4077407
2022-10-21,malacca,219,92,127,8382935
2022-10-21,suez,85,32,53,3043432
2022-10-22,bab_el_mandeb,73,29,44,3240301
2022-10-22,hormuz,124,77,47,4670162
2022-10-22,malacca,195,70,125,7186659
2022-10-22,suez,76,29,47,3492855
2022-10-23,bab_el_mandeb,62,16,46,2476442
2022-10-23,hormuz,134,81,53,3883573
2022-10-23,malacca,194,70,124,6789993
2022-10-23,suez,76,27,49,3299772
2022-10-24,bab_el_mandeb,84,29,55,3807247
2022-10-24,hormuz,102,70,32,4008504
2022-10-24,malacca,225,72,153,8399700
2022-10-24,suez,75,29,46,3104040
2022-10-25,bab_el_mandeb,74,26,48,3374612
2022-10-25,hormuz,98,57,41,3921062
2022-10-25,malacca,214,84,130,7486370
2022-10-25,suez,60,15,45,3136540
2022-10-26,bab_el_mandeb,80,25,55,3051491
2022-10-26,hormuz,90,58,32,3381252
2022-10-26,malacca,212,87,125,7730619
2022-10-26,suez,73,21,52,2969618
2022-10-27,bab_el_mandeb,78,29,49,3394710
2022-10-27,hormuz,130,81,49,4533024
2022-10-27,malacca,193,70,123,5679687
2022-10-27,suez,66,20,46,3519510
2022-10-28,bab_el_mandeb,67,20,47,3373447
2022-10-28,hormuz,138,88,50,5061172
2022-10-28,malacca,210,79,131,8440670
2022-10-28,suez,75,21,54,1940273
2022-10-29,bab_el_mandeb,70,20,50,3242253
2022-10-29,hormuz,121,78,43,4603054
2022-10-29,malacca,204,78,126,8637047
2022-10-29,suez,63,18,45,3021216
2022-10-30,bab_el_mandeb,58,19,39,2863737
2022-10-30,hormuz,91,47,44,4223995
2022-10-30,malacca,189,76,113,6191846
2022-10-30,suez,76,24,52,3527917
2022-10-31,bab_el_mandeb,69,27,42,2609173
2022-10-31,hormuz,92,60,32,4041949
2022-10-31,malacca,200,84,116,7573214
2022-10-31,suez,87,19,68,3673798
2022-11-01,bab_el_mandeb,71,27,44,2779427
2022-11-01,hormuz,112,69,43,5732928
2022-11-01,malacca,224,88,136,7830820
2022-11-01,suez,72,24,48,3091162
2022-11-02,bab_el_mandeb,91,28,63,3406840
2022-11-02,hormuz,110,74,36,5873862
2022-11-02,malacca,201,92,109,7549765
2022-11-02,suez,70,28,42,2688875
2022-11-03,bab_el_mandeb,81,22,59,3300328
2022-11-03,hormuz,101,59,42,4360524
2022-11-03,malacca,210,79,131,7685487
2022-11-03,suez,81,24,57,3606594
2022-11-04,bab_el_mandeb,62,20,42,2869562
2022-11-04,hormuz,89,54,35,5042574
2022-11-04,malacca,223,95,128,9310122
2022-11-04,suez,74,25,49,3392335
2022-11-05,bab_el_mandeb,84,28,56,3684300
2022-11-05,hormuz,78,50,28,3961621
2022-11-05,malacca,209,87,122,8880948
2022-11-05,suez,68,23,45,2616493
2022-11-06,bab_el_mandeb,68,28,40,2923756
2022-11-06,hormuz,96,56,40,4060443
2022-11-06,malacca,198,84,114,7159379
2022-11-06,suez,86,23,63,3385437
2022-11-07,bab_el_mandeb,71,28,43,3189860
2022-11-07,hormuz,106,63,43,4025012
2022-11-07,malacca,197,89,108,5810455
2022-11-07,suez,72,28,44,3425216
2022-11-08,bab_el_mandeb,75,28,47,3923826
2022-11-08,hormuz,86,51,35,3625764
2022-11-08,malacca,210,77,133,8103261
2022-11-08,suez,72,19,53,2890347
2022-11-09,bab_el_mandeb,76,26,50,3600901
2022-11-09,hormuz,54,35,19,2991429
2022-11-09,malacca,221,90,131,8648056
2022-11-09,suez,85,26,59,2868673
2022-11-10,bab_el_mandeb,71,17,54,3449538
2022-11-10,hormuz,76,45,31,3595838
2022-11-10,malacca,210,78,132,9309323
2022-11-10,suez,72,26,46,3184259
2022-11-11,bab_el_mandeb,74,26,48,2879657
2022-11-11,hormuz,106,66,40,4547159
2022-11-11,malacca,216,91,125,8429790
2022-11-11,suez,70,27,43,3498025
2022-11-12,bab_el_mandeb,73,30,43,3098470
2022-11-12,hormuz,105,57,48,4017313
2022-11-12,malacca,197,86,111,6611543
2022-11-12,suez,83,31,52,3713883
2022-11-13,bab_el_mandeb,78,28,50,3341247
2022-11-13,hormuz,72,46,26,4231172
2022-11-13,malacca,224,91,133,9475267
2022-11-13,suez,70,21,49,3135680
2022-11-14,bab_el_mandeb,73,19,54,3761451
2022-11-14,hormuz,72,46,26,3175368
2022-11-14,malacca,206,74,132,7296536
2022-11-14,suez,69,24,45,3528167
2022-11-15,bab_el_mandeb,80,30,50,3435122
2022-11-15,hormuz,84,54,30,3401522
2022-11-15,malacca,216,91,125,7678674
2022-11-15,suez,64,18,46,2273939
2022-11-16,bab_el_mandeb,67,23,44,3037092
2022-11-16,hormuz,85,49,36,4318130
2022-11-16,malacca,202,87,115,7446144
2022-11-16,suez,79,28,51,3453461
2022-11-17,bab_el_mandeb,67,31,36,3278281
2022-11-17,hormuz,128,83,45,5811047
2022-11-17,malacca,213,87,126,6655720
2022-11-17,suez,67,17,50,2918968
2022-11-18,bab_el_mandeb,74,25,49,3574079
2022-11-18,hormuz,110,67,43,4372086
2022-11-18,malacca,234,99,135,8560870
2022-11-18,suez,73,27,46,3198407
2022-11-19,bab_el_mandeb,65,21,44,2714048
2022-11-19,hormuz,37,24,13,1248763
2022-11-19,malacca,201,77,124,7988748
2022-11-19,suez,74,24,50,2772421
2022-11-20,bab_el_mandeb,55,9,46,1826627
2022-11-20,hormuz,97,66,31,3841562
2022-11-20,malacca,179,80,99,7398472
2022-11-20,suez,65,28,37,3085819
2022-11-21,bab_el_mandeb,80,30,50,3436218
2022-11-21,hormuz,74,46,28,3026457
2022-11-21,malacca,234,96,138,7568592
2022-11-21,suez,82,31,51,3714121
2022-11-22,bab_el_mandeb,71,22,49,3348008
2022-11-22,hormuz,72,43,29,2559189
2022-11-22,malacca,244,87,157,9154528
2022-11-22,suez,63,27,36,3489104
2022-11-23,bab_el_mandeb,77,27,50,3912437
2022-11-23,hormuz,76,37,39,3280141
2022-11-23,malacca,191,80,111,8234536
2022-11-23,suez,68,22,46,3136522
2022-11-24,bab_el_mandeb,59,22,37,2392809
2022-11-24,hormuz,81,51,30,4094536
2022-11-24,malacca,218,77,141,7563793
2022-11-24,suez,69,18,51,2384895
2022-11-25,bab_el_mandeb,85,30,55,3910353
2022-11-25,hormuz,67,45,22,1989916
2022-11-25,malacca,211,82,129,7375565
2022-11-25,suez,58,20,38,2776177
2022-11-26,bab_el_mandeb,86,31,55,4729694
2022-11-26,hormuz,51,35,16,2172656
2022-11-26,malacca,227,98,129,8751520
2022-11-26,suez,69,17,52,3228614
2022-11-27,bab_el_mandeb,65,18,47,3360871
2022-11-27,hormuz,104,66,38,4031914
2022-11-27,malacca,214,81,133,6304748
2022-11-27,suez,72,19,53,3417811
2022-11-28,bab_el_mandeb,67,22,45,2994728
2022-11-28,hormuz,115,66,49,3431096
2022-11-28,malacca,210,75,135,9376553
2022-11-28,suez,71,29,42,3235907
2022-11-29,bab_el_mandeb,65,21,44,3196353
2022-11-29,hormuz,106,61,45,3502652
2022-11-29,malacca,205,93,112,8754496
2022-11-29,suez,71,23,48,3351285
2022-11-30,bab_el_mandeb,82,28,54,3433727
2022-11-30,hormuz,96,64,32,4363243
2022-11-30,malacca,202,80,122,6618007
2022-11-30,suez,61,22,39,2750527
2022-12-01,bab_el_mandeb,61,27,34,2795874
2022-12-01,hormuz,80,46,34,3081943
2022-12-01,malacca,222,88,134,7853092
2022-12-01,suez,83,27,56,3257380
2022-12-02,bab_el_mandeb,64,24,40,2688117
2022-12-02,hormuz,87,55,32,3146711
2022-12-02,malacca,220,94,126,7510231
2022-12-02,suez,83,24,59,3725493
2022-12-03,bab_el_mandeb,70,23,47,3936393
2022-12-03,hormuz,86,58,28,3355817
2022-12-03,malacca,210,74,136,7872749
2022-12-03,suez,71,23,48,3866470
2022-12-04,bab_el_mandeb,63,16,47,2238846
2022-12-04,hormuz,89,58,31,4316687
2022-12-04,malacca,203,81,122,7644851
2022-12-04,suez,72,20,52,3163402
2022-12-05,bab_el_mandeb,75,28,47,3589224
2022-12-05,hormuz,89,54,35,3808168
2022-12-05,malacca,194,78,116,9600320
2022-12-05,suez,74,29,45,3011357
2022-12-06,bab_el_mandeb,62,23,39,2212053
2022-12-06,hormuz,76,37,39,2521561
2022-12-06,malacca,203,79,124,8401240
2022-12-06,suez,87,36,51,3800495
2022-12-07,bab_el_mandeb,79,20,59,3959741
2022-12-07,hormuz,94,58,36,5014711
2022-12-07,malacca,209,89,120,8052481
2022-12-07,suez,74,26,48,3383031
2022-12-08,bab_el_mandeb,71,23,48,3889375
2022-12-08,hormuz,69,43,26,3094855
2022-12-08,malacca,208,97,111,7133017
2022-12-08,suez,66,21,45,2323163
2022-12-09,bab_el_mandeb,62,24,38,3187399
2022-12-09,hormuz,64,35,29,2642538
2022-12-09,malacca,198,78,120,8170910
2022-12-09,suez,80,26,54,3512114
2022-12-10,bab_el_mandeb,79,29,50,2763692
2022-12-10,hormuz,87,51,36,3406039
2022-12-10,malacca,186,74,112,7564493
2022-12-10,suez,66,26,40,2850907
2022-12-11,bab_el_mandeb,74,32,42,3482437
2022-12-11,hormuz,89,52,37,3750437
2022-12-11,malacca,189,81,108,5678032
2022-12-11,suez,71,21,50,3369221
2022-12-12,bab_el_mandeb,69,28,41,3804181
2022-12-12,hormuz,91,51,40,4464536
2022-12-12,malacca,216,87,129,9313242
2022-12-12,suez,63,23,40,2561838
2022-12-13,bab_el_mandeb,62,22,40,2654278
2022-12-13,hormuz,88,57,31,2713505
2022-12-13,malacca,238,99,139,8903093
2022-12-13,suez,67,26,41,3713787
2022-12-14,bab_el_mandeb,72,25,47,3447022
2022-12-14,hormuz,83,47,36,4765267
2022-12-14,malacca,217,85,132,8067174
2022-12-14,suez,86,29,57,3643604
2022-12-15,bab_el_mandeb,71,19,52,2983950
2022-12-15,hormuz,101,63,38,4520754
2022-12-15,malacca,233,92,141,8339475
2022-12-15,suez,77,23,54,3455610
2022-12-16,bab_el_mandeb,77,25,52,3928345
2022-12-16,hormuz,85,52,33,4477721
2022-12-16,malacca,224,99,125,7551273
2022-12-16,suez,53,21,32,2776565
2022-12-17,bab_el_mandeb,69,27,42,3039836
2022-12-17,hormuz,99,62,37,4248645
2022-12-17,malacca,225,80,145,7379416
2022-12-17,suez,76,27,49,3586005
2022-12-18,bab_el_mandeb,75,26,49,2890853
2022-12-18,hormuz,110,69,41,3916378
2022-12-18,malacca,187,83,104,7905551
2022-12-18,suez,59,17,42,2907736
2022-12-19,bab_el_mandeb,64,24,40,2970157
2022-12-19,hormuz,77,40,37,3151270
2022-12-19,malacca,205,87,118,7072268
2022-12-19,suez,76,28,48,3392110
2022-12-20,bab_el_mandeb,74,29,45,3443508
2022-12-20,hormuz,72,43,29,3808192
2022-12-20,malacca,217,91,126,8810341
2022-12-20,suez,71,26,45,3179318
2022-12-21,bab_el_mandeb,72,28,44,3757464
2022-12-21,hormuz,91,57,34,3485567
2022-12-21,malacca,204,83,121,7593666
2022-12-21,suez,69,26,43,3385056
2022-12-22,bab_el_mandeb,61,19,42,2651032
2022-12-22,hormuz,108,75,33,3329166
2022-12-22,malacca,199,71,128,7887106
2022-12-22,suez,75,34,41,3062424
2022-12-23,bab_el_mandeb,73,29,44,3499199
2022-12-23,hormuz,91,59,32,3803932
2022-12-23,malacca,202,74,128,7998664
2022-12-23,suez,71,20,51,3130707
2022-12-24,bab_el_mandeb,76,29,47,3359936
2022-12-24,hormuz,70,39,31,2344853
2022-12-24,malacca,201,86,115,8471311
2022-12-24,suez,81,25,56,3425124
2022-12-25,bab_el_mandeb,82,35,47,3956038
2022-12-25,hormuz,72,45,27,3501534
2022-12-25,malacca,198,73,125,6798899
2022-12-25,suez,70,20,50,3635516
2022-12-26,bab_el_mandeb,61,18,43,1983372
2022-12-26,hormuz,79,49,30,3099612
2022-12-26,malacca,191,81,110,7308142
2022-12-26,suez,76,27,49,3619075
2022-12-27,bab_el_mandeb,84,18,66,3612477
2022-12-27,hormuz,71,39,32,1509170
2022-12-27,malacca,204,89,115,8201705
2022-12-27,suez,71,18,53,3242804
2022-12-28,bab_el_mandeb,73,27,46,3740033
2022-12-28,hormuz,89,59,30,4079786
2022-12-28,malacca,204,80,124,6187992
2022-12-28,suez,57,23,34,2451364
2022-12-29,bab_el_mandeb,78,33,45,3704645
2022-12-29,hormuz,76,46,30,3212864
2022-12-29,malacca,210,81,129,7522123
2022-12-29,suez,69,31,38,2876808
2022-12-30,bab_el_mandeb,65,29,36,3007433
2022-12-30,hormuz,53,36,17,1942855
2022-12-30,malacca,213,99,114,7399067
2022-12-30,suez,73,16,57,2925507
2022-12-31,bab_el_mandeb,82,26,56,3442826
2022-12-31,hormuz,66,37,29,3041442
2022-12-31,malacca,205,81,124,8147910
2022-12-31,suez,77,24,53,3574914
2023-01-01,bab_el_mandeb,77,24,53,3260009
2023-01-01,hormuz,88,50,38,4261725
2023-01-01,malacca,197,77,120,7456142
2023-01-01,suez,65,23,42,2157889
2023-01-02,bab_el_mandeb,81,31,50,3739476
2023-01-02,hormuz,99,60,39,4064781
2023-01-02,malacca,204,84,120,7547428
2023-01-02,suez,63,20,43,3950047
2023-01-03,bab_el_mandeb,63,27,36,2757352
2023-01-03,hormuz,92,53,39,3847704
2023-01-03,malacca,200,71,129,6935258
2023-01-03,suez,81,32,49,2661325
2023-01-04,bab_el_mandeb,76,37,39,3444047
2023-01-04,hormuz,96,58,38,5020261
2023-01-04,malacca,211,91,120,7354447
2023-01-04,suez,59,17,42,2782943
2023-01-05,bab_el_mandeb,78,24,54,3131745
2023-01-05,hormuz,91,51,40,3341622
2023-01-05,malacca,223,93,130,9593114
2023-01-05,suez,88,29,59,3210679
2023-01-06,bab_el_mandeb,94,27,67,4576092
2023-01-06,hormuz,70,46,24,3122461
2023-01-06,malacca,232,89,143,8005885
2023-01-06,suez,71,15,56,3447260
2023-01-07,bab_el_mandeb,76,24,52,3775281
2023-01-07,hormuz,95,62,33,4104111
2023-01-07,malacca,208,91,117,7577794
2023-01-07,suez,74,32,42,3624675
2023-01-08,bab_el_mandeb,63,14,49,2460630
2023-01-08,hormuz,86,51,35,3712959
2023-01-08,malacca,246,99,147,8328567
2023-01-08,suez,64,32,32,2687849
2023-01-09,bab_el_mandeb,77,34,43,3225741
2023-01-09,hormuz,89,55,34,2662382
2023-01-09,malacca,219,89,130,8048643
2023-01-09,suez,43,15,28,2139008
2023-01-10,bab_el_mandeb,60,17,43,3179436
2023-01-10,hormuz,89,49,40,2817405
2023-01-10,malacca,210,81,129,6616043
2023-01-10,suez,93,31,62,4248523
2023-01-11,bab_el_mandeb,70,24,46,3904910
2023-01-11,hormuz,69,37,32,2627169
2023-01-11,malacca,198,89,109,6790329
2023-01-11,suez,76,26,50,3114673
2023-01-12,bab_el_mandeb,64,25,39,2469675
2023-01-12,hormuz,80,46,34,2580778
2023-01-12,malacca,243,85,158,7906277
2023-01-12,suez,67,17,50,2522869
2023-01-13,bab_el_mandeb,57,17,40,2288872
2023-01-13,hormuz,68,40,28,2822390
2023-01-13,malacca,213,76,137,8434394
2023-01-13,suez,81,28,53,3682596
2023-01-14,bab_el_mandeb,74,25,49,3586288
2023-01-14,hormuz,91,55,36,5483156
2023-01-14,malacca,221,94,127,8539146
2023-01-14,suez,64,19,45,3465479
2023-01-15,bab_el_mandeb,83,35,48,4425809
2023-01-15,hormuz,64,31,33,2868965
2023-01-15,malacca,219,91,128,7710480
2023-01-15,suez,67,31,36,2966956
2023-01-16,bab_el_mandeb,87,28,59,3447611
2023-01-16,hormuz,78,49,29,3922792
2023-01-16,malacca,216,88,128,7053628
2023-01-16,suez,78,24,54,3265204
2023-01-17,bab_el_mandeb,68,22,46,2396466
2023-01-17,hormuz,85,53,32,3741976
2023-01-17,malacca,222,92,130,7247424
2023-01-17,suez,61,19,42,3073734
2023-01-18,bab_el_mandeb,72,28,44,3684018
2023-01-18,hormuz,95,58,37,3949740
2023-01-18,malacca,236,94,142,9360018
2023-01-18,suez,75,24,51,2700813
2023-01-19,bab_el_mandeb,72,33,39,3175034
2023-01-19,hormuz,98,55,43,3161880
2023-01-19,malacca,196,70,126,5568301
2023-01-19,suez,81,35,46,3903673
2023-01-20,bab_el_mandeb,73,21,52,3593062
2023-01-20,hormuz,89,57,32,4045077
2023-01-20,malacca,211,96,115,8556194
2023-01-20,suez,64,24,40,3661928
2023-01-21,bab_el_mandeb,72,24,48,2745031
2023-01-21,hormuz,90,54,36,3664046
2023-01-21,malacca,193,81,112,5939218
2023-01-21,suez,86,35,51,3475909
2023-01-22,bab_el_mandeb,78,32,46,3258550
2023-01-22,hormuz,105,64,41,4867604
2023-01-22,malacca,203,74,129,7875222
2023-01-22,suez,67,27,40,2876791
2023-01-23,bab_el_mandeb,66,19,47,2498477
2023-01-23,hormuz,90,55,35,3698600
2023-01-23,malacca,208,91,117,7698009
2023-01-23,suez,67,22,45,3022660
2023-01-24,bab_el_mandeb,63,23,40,2396782
2023-01-24,hormuz,95,50,45,3518985
2023-01-24,malacca,235,77,158,9152201
2023-01-24,suez,55,21,34,3012844
2023-01-25,bab_el_mandeb,72,18,54,3492737
2023-01-25,hormuz,120,72,48,5752607
2023-01-25,malacca,208,77,131,7351325
2023-01-25,suez,80,24,56,3231083
2023-01-26,bab_el_mandeb,73,22,51,3259394
2023-01-26,hormuz,94,60,34,4200373
2023-01-26,malacca,181,78,103,6492345
2023-01-26,suez,85,25,60,3341444
2023-01-27,bab_el_mandeb,57,18,39,2782029
2023-01-27,hormuz,90,57,33,2635494
2023-01-27,malacca,212,75,137,7793123
2023-01-27,suez,74,23,51,3404722
2023-01-28,bab_el_mandeb,69,26,43,3062809
2023-01-28,hormuz,98,61,37,3841414
2023-01-28,malacca,213,84,129,9978326
2023-01-28,suez,69,17,52,2397308
2023-01-29,bab_el_mandeb,76,28,48,3231092
2023-01-29,hormuz,85,54,31,3931479
2023-01-29,malacca,204,79,125,7257277
2023-01-29,suez,66,24,42,3593441
2023-01-30,bab_el_mandeb,56,24,32,2767504
2023-01-30,hormuz,82,52,30,3321122
2023-01-30,malacca,188,71,117,6305497
2023-01-30,suez,70,20,50,2760389
2023-01-31,bab_el_mandeb,69,28,41,3782507
2023-01-31,hormuz,100,57,43,3601385
2023-01-31,malacca,204,80,124,7848494
2023-01-31,suez,68,26,42,3677868
2023-02-01,bab_el_mandeb,79,20,59,4131953
2023-02-01,hormuz,91,61,30,3565279
2023-02-01,malacca,197,69,128,7556255
2023-02-01,suez,50,16,34,2347605
2023-02-02,bab_el_mandeb,93,35,58,4089424
2023-02-02,hormuz,70,48,22,3063280
2023-02-02,malacca,197,67,130,7447366
2023-02-02,suez,77,25,52,3602917
2023-02-03,bab_el_mandeb,68,25,43,2932257
2023-02-03,hormuz,104,63,41,4028700
2023-02-03,malacca,224,84,140,8241049
2023-02-03,suez,75,30,45,3469669
2023-02-04,bab_el_mandeb,68,23,45,3474056
2023-02-04,hormuz,97,63,34,4155419
2023-02-04,malacca,204,88,116,7977975
2023-02-04,suez,78,35,43,3172398
2023-02-05,bab_el_mandeb,87,31,56,3423387
2023-02-05,hormuz,73,46,27,3651134
2023-02-05,malacca,207,78,129,6717831
2023-02-05,suez,67,25,42,3515102
2023-02-06,bab_el_mandeb,67,28,39,3380403
2023-02-06,hormuz,94,56,38,4422273
2023-02-06,malacca,203,86,117,7860672
2023-02-06,suez,56,21,35,2142431
2023-02-07,bab_el_mandeb,75,21,54,3718651
2023-02-07,hormuz,117,68,49,3769213
2023-02-07,malacca,212,76,136,8228822
2023-02-07,suez,70,24,46,3218509
2023-02-08,bab_el_mandeb,72,28,44,3320014
2023-02-08,hormuz,91,56,35,4675367
2023-02-08,malacca,233,89,144,8486431
2023-02-08,suez,58,17,41,2530622
2023-02-09,bab_el_mandeb,67,22,45,3166584
2023-02-09,hormuz,91,52,39,4635690
2023-02-09,malacca,198,66,132,9002742
2023-02-09,suez,76,24,52,3587321
2023-02-10,bab_el_mandeb,54,19,35,1747844
2023-02-10,hormuz,70,41,29,2889992
2023-02-10,malacca,174,65,109,5670910
2023-02-10,suez,86,32,54,3407394
2023-02-11,bab_el_mandeb,60,23,37,2553463
2023-02-11,hormuz,58,39,19,1986187
2023-02-11,malacca,204,79,125,6678401
2023-02-11,suez,68,24,44,3556155
2023-02-12,bab_el_mandeb,64,27,37,3056814
2023-02-12,hormuz,117,71,46,4163888
2023-02-12,malacca,219,97,122,7036176
2023-02-12,suez,76,21,55,3597545
2023-02-13,bab_el_mandeb,68,30,38,2819781
2023-02-13,hormuz,114,75,39,4290113
2023-02-13,malacca,201,79,122,7485547
2023-02-13,suez,59,23,36,2446629
2023-02-14,bab_el_mandeb,67,24,43,3274424
2023-02-14,hormuz,68,45,23,2357828
2023-02-14,malacca,218,81,137,7105313
2023-02-14,suez,90,33,57,3790803
2023-02-15,bab_el_mandeb,72,24,48,3513562
2023-02-15,hormuz,60,33,27,1942765
2023-02-15,malacca,200,79,121,7343519
2023-02-15,suez,73,24,49,2936863
2023-02-16,bab_el_mandeb,73,24,49,3308411
2023-02-16,hormuz,148,87,61,5880281
2023-02-16,malacca,230,92,138,8317934
2023-02-16,suez,74,25,49,3107851
2023-02-17,bab_el_mandeb,60,20,40,2710864
2023-02-17,hormuz,116,68,48,4874019
2023-02-17,malacca,199,87,112,9106644
2023-02-17,suez,53,21,32,2512445
2023-02-18,bab_el_mandeb,67,30,37,3737430
2023-02-18,hormuz,84,50,34,3475708
2023-02-18,malacca,207,95,112,7277507
2023-02-18,suez,72,39,33,3619787
2023-02-19,bab_el_mandeb,64,26,38,2459020
2023-02-19,hormuz,82,47,35,3193019
2023-02-19,malacca,212,85,127,7496635
2023-02-19,suez,61,24,37,3457983
2023-02-20,bab_el_mandeb,88,26,62,3794958
2023-02-20,hormuz,108,61,47,3426123
2023-02-20,malacca,215,87,128,9286310
2023-02-20,suez,80,29,51,3398267
2023-02-21,bab_el_mandeb,73,22,51,2540893
2023-02-21,hormuz,102,49,53,2959796
2023-02-21,malacca,217,80,137,7980296
2023-02-21,suez,73,30,43,3094848
2023-02-22,bab_el_mandeb,79,36,43,3276189
2023-02-22,hormuz,126,81,45,5118649
2023-02-22,malacca,214,88,126,9252290
2023-02-22,suez,65,26,39,3185690
2023-02-23,bab_el_mandeb,77,30,47,3760852
2023-02-23,hormuz,91,54,37,4249960
2023-02-23,malacca,188,65,123,4837013
2023-02-23,suez,78,22,56,3039999
2023-02-24,bab_el_mandeb,62,20,42,3181275
2023-02-24,hormuz,134,86,48,6211834
2023-02-24,malacca,198,77,121,6696324
2023-02-24,suez,68,28,40,3446505
2023-02-25,bab_el_mandeb,60,25,35,2761402
2023-02-25,hormuz,117,62,55,4558979
2023-02-25,malacca,209,78,131,5965437
2023-02-25,suez,59,19,40,2510191
2023-02-26,bab_el_mandeb,62,24,38,2774895
2023-02-26,hormuz,131,78,53,6096674
2023-02-26,malacca,206,76,130,8105109
2023-02-26,suez,83,33,50,3805551
2023-02-27,bab_el_mandeb,70,18,52,3067850
2023-02-27,hormuz,93,64,29,3821270
2023-02-27,malacca,198,81,117,7944773
2023-02-27,suez,56,22,34,2457541
2023-02-28,bab_el_mandeb,72,19,53,3322149
2023-02-28,hormuz,105,56,49,4830143
2023-02-28,malacca,204,78,126,7442814
2023-02-28,suez,74,27,47,3017440
2023-03-01,bab_el_mandeb,80,30,50,3084243
2023-03-01,hormuz,99,59,40,3725615
2023-03-01,malacca,226,88,138,8342092
2023-03-01,suez,73,23,50,3141541
2023-03-02,bab_el_mandeb,82,29,53,3692080
2023-03-02,hormuz,89,54,35,3379029
2023-03-02,malacca,223,95,128,8203987
2023-03-02,suez,52,12,40,1974222
2023-03-03,bab_el_mandeb,66,17,49,2620533
2023-03-03,hormuz,89,53,36,4645468
2023-03-03,malacca,202,90,112,7498089
2023-03-03,suez,71,23,48,3000062
2023-03-04,bab_el_mandeb,72,27,45,3399735
2023-03-04,hormuz,72,43,29,3410447
2023-03-04,malacca,187,64,123,6388652
2023-03-04,suez,64,23,41,3517395
2023-03-05,bab_el_mandeb,72,36,36,3204407
2023-03-05,hormuz,101,74,27,4965864
2023-03-05,malacca,233,93,140,8783076
2023-03-05,suez,60,17,43,3548477
2023-03-06,bab_el_mandeb,51,19,32,2184810
2023-03-06,hormuz,126,67,59,4007055
2023-03-06,malacca,226,83,143,9449976
2023-03-06,suez,87,28,59,3052361
2023-03-07,bab_el_mandeb,72,17,55,3447891
2023-03-07,hormuz,131,78,53,5323611
2023-03-07,malacca,226,81,145,7447360
2023-03-07,suez,92,31,61,3776833
2023-03-08,bab_el_mandeb,66,23,43,3556236
2023-03-08,hormuz,121,71,50,4753233
2023-03-08,malacca,218,98,120,7539596
2023-03-08,suez,61,20,41,2274844
2023-03-09,bab_el_mandeb,87,29,58,3320651
2023-03-09,hormuz,123,65,58,4034282
2023-03-09,malacca,186,64,122,8254150
2023-03-09,suez,70,31,39,4034315
2023-03-10,bab_el_mandeb,69,15,54,3016743
2023-03-10,hormuz,113,65,48,3500183
2023-03-10,malacca,209,81,128,7571342
2023-03-10,suez,79,38,41,3192913
2023-03-11,bab_el_mandeb,65,19,46,2631849
2023-03-11,hormuz,133,85,48,5036495
2023-03-11,malacca,214,90,124,8397820
2023-03-11,suez,66,22,44,3985463
2023-03-12,bab_el_mandeb,70,25,45,3612525
2023-03-12,hormuz,114,71,43,4678050
2023-03-12,malacca,231,86,145,8119924
2023-03-12,suez,85,33,52,3543314
2023-03-13,bab_el_mandeb,70,29,41,4214132
2023-03-13,hormuz,103,61,42,4275603
2023-03-13,malacca,208,75,133,8761867
2023-03-13,suez,70,19,51,4097168
2023-03-14,bab_el_mandeb,72,37,35,3937420
2023-03-14,hormuz,108,69,39,4650083
2023-03-14,malacca,192,72,120,7245249
2023-03-14,suez,84,33,51,3524319
2023-03-15,bab_el_mandeb,63,28,35,3131976
2023-03-15,hormuz,77,51,26,3449235
2023-03-15,malacca,203,72,131,7718118
2023-03-15,suez,75,31,44,3185762
2023-03-16,bab_el_mandeb,74,24,50,3188480
2023-03-16,hormuz,98,55,43,4193488
2023-03-16,malacca,236,106,130,10046673
2023-03-16,suez,71,28,43,2899211
2023-03-17,bab_el_mandeb,93,33,60,3879615
2023-03-17,hormuz,98,56,42,3154175
2023-03-17,malacca,212,92,120,6511409
2023-03-17,suez,71,23,48,3545492
2023-03-18,bab_el_mandeb,78,29,49,3546379
2023-03-18,hormuz,104,65,39,4039164
2023-03-18,malacca,223,90,133,8579396
2023-03-18,suez,67,23,44,3240934
2023-03-19,bab_el_mandeb,84,32,52,3805173
2023-03-19,hormuz,112,68,44,4691643
2023-03-19,malacca,223,78,145,7943789
2023-03-19,suez,82,30,52,3713957
2023-03-20,bab_el_mandeb,77,19,58,3583260
2023-03-20,hormuz,99,55,44,4021626
2023-03-20,malacca,211,72,139,5941543
2023-03-20,suez,72,33,39,3920014
2023-03-21,bab_el_mandeb,73,22,51,3876078
2023-03-21,hormuz,77,44,33,2648366
2023-03-21,malacca,209,82,127,8032568
2023-03-21,suez,69,25,44,3491235
2023-03-22,bab_el_mandeb,68,20,48,3102351
2023-03-22,hormuz,71,37,34,2991626
2023-03-22,malacca,230,87,143,9443966
2023-03-22,suez,92,28,64,4036879
2023-03-23,bab_el_mandeb,65,28,37,3282003
2023-03-23,hormuz,67,42,25,3246656
2023-03-23,malacca,194,71,123,6733782
2023-03-23,suez,58,26,32,3358887
2023-03-24,bab_el_mandeb,82,29,53,4000897
2023-03-24,hormuz,49,31,18,2988181
2023-03-24,malacca,203,77,126,7633735
2023-03-24,suez,77,29,48,3801602
2023-03-25,bab_el_mandeb,62,28,34,3225459
2023-03-25,hormuz,81,49,32,2408811
2023-03-25,malacca,242,97,145,8374876
2023-03-25,suez,66,17,49,2607800
2023-03-26,bab_el_mandeb,62,29,33,3139839
2023-03-26,hormuz,91,58,33,4618475
2023-03-26,malacca,212,84,128,7277540
2023-03-26,suez,56,19,37,2894176
2023-03-27,bab_el_mandeb,78,26,52,4078375
2023-03-27,hormuz,64,43,21,2533533
2023-03-27,malacca,219,93,126,9542202
2023-03-27,suez,82,23,59,3448315
2023-03-28,bab_el_mandeb,87,29,58,4295132
2023-03-28,hormuz,64,41,23,2886849
2023-03-28,malacca,255,97,158,9014618
2023-03-28,suez,80,30,50,4336963
2023-03-29,bab_el_mandeb,80,26,54,3787228
2023-03-29,hormuz,84,43,41,3351851
2023-03-29,malacca,210,85,125,7254203
2023-03-29,suez,62,22,40,3437325
2023-03-30,bab_el_mandeb,71,24,47,2846834
2023-03-30,hormuz,113,64,49,4306118
2023-03-30,malacca,239,98,141,8863526
2023-03-30,suez,62,30,32,3149564
2023-03-31,bab_el_mandeb,75,30,45,3461997
2023-03-31,hormuz,126,76,50,5400836
2023-03-31,malacca,222,93,129,7880899
2023-03-31,suez,64,26,38,3611241
2023-04-01,bab_el_mandeb,68,31,37,3402382
2023-04-01,hormuz,123,66,57,4289683
2023-04-01,malacca,200,73,127,7504004
2023-04-01,suez,89,26,63,3682376
2023-04-02,bab_el_mandeb,67,24,43,3139482
2023-04-02,hormuz,77,55,22,4045170
2023-04-02,malacca,212,85,127,7788998
2023-04-02,suez,61,16,45,2860707
2023-04-03,bab_el_mandeb,72,25,47,3523683
2023-04-03,hormuz,74,46,28,3156388
2023-04-03,malacca,231,90,141,9655928
2023-04-03,suez,88,33,55,3874008
2023-04-04,bab_el_mandeb,59,20,39,2758016
2023-04-04,hormuz,79,44,35,2835411
2023-04-04,malacca,246,109,137,10060178
2023-04-04,suez,55,23,32,3046113
2023-04-05,bab_el_mandeb,82,29,53,4022432
2023-04-05,hormuz,93,57,36,3781398
2023-04-05,malacca,211,75,136,8414760
2023-04-05,suez,94,36,58,3360620
2023-04-06,bab_el_mandeb,83,24,59,3333679
2023-04-06,hormuz,128,75,53,5393650
2023-04-06,malacca,231,95,136,7901388
2023-04-06,suez,63,19,44,3160594
2023-04-07,bab_el_mandeb,79,28,51,3733526
2023-04-07,hormuz,95,54,41,3831671
2023-04-07,malacca,208,78,130,7797182
2023-04-07,suez,79,29,50,3775097
2023-04-08,bab_el_mandeb,68,20,48,3245505
2023-04-08,hormuz,107,67,40,4593047
2023-04-08,malacca,237,97,140,9514504
2023-04-08,suez,81,19,62,3741938
2023-04-09,bab_el_mandeb,60,23,37,2495024
2023-04-09,hormuz,121,82,39,4637963
2023-04-09,malacca,208,85,123,6412421
2023-04-09,suez,70,28,42,2861786
2023-04-10,bab_el_mandeb,62,29,33,3167029
2023-04-10,hormuz,107,63,44,3926363
2023-04-10,malacca,219,78,141,7120615
2023-04-10,suez,85,31,54,3634777
2023-04-11,bab_el_mandeb,79,27,52,4090847
2023-04-11,hormuz,121,63,58,5186836
2023-04-11,malacca,221,88,133,9197506
2023-04-11,suez,65,22,43,3321016
2023-04-12,bab_el_mandeb,64,24,40,3498240
2023-04-12,hormuz,101,67,34,3705367
2023-04-12,malacca,226,96,130,8658451
2023-04-12,suez,89,38,51,3634316
2023-04-13,bab_el_mandeb,76,21,55,3547840
2023-04-13,hormuz,110,70,40,4842528
2023-04-13,malacca,237,93,144,11024359
2023-04-13,suez,72,26,46,3321507
2023-04-14,bab_el_mandeb,79,27,52,3024525
2023-04-14,hormuz,104,65,39,4064361
2023-04-14,malacca,204,74,130,8040926
2023-04-14,suez,80,22,58,3174583
2023-04-15,bab_el_mandeb,74,29,45,2973906
2023-04-15,hormuz,90,56,34,3294417
2023-04-15,malacca,242,93,149,8948076
2023-04-15,suez,71,24,47,4101806
2023-04-16,bab_el_mandeb,74,30,44,4108735
2023-04-16,hormuz,91,57,34,4782863
2023-04-16,malacca,216,68,148,8270024
2023-04-16,suez,76,24,52,3463338
2023-04-17,bab_el_mandeb,89,29,60,4305006
2023-04-17,hormuz,94,56,38,3849947
2023-04-17,malacca,236,92,144,9136256
2023-04-17,suez,75,30,45,3543527
2023-04-18,bab_el_mandeb,72,19,53,3440995
2023-04-18,hormuz,103,62,41,4579908
2023-04-18,malacca,219,77,142,9370372
2023-04-18,suez,75,31,44,3650703
2023-04-19,bab_el_mandeb,91,36,55,4186737
2023-04-19,hormuz,110,70,40,3764393
2023-04-19,malacca,245,86,159,9264408
2023-04-19,suez,81,29,52,3922268
2023-04-20,bab_el_mandeb,62,21,41,2698621
2023-04-20,hormuz,157,102,55,5883724
2023-04-20,malacca,208,75,133,8280939
2023-04-20,suez,93,35,58,4430329
2023-04-21,bab_el_mandeb,78,33,45,4301795
2023-04-21,hormuz,122,67,55,5277051
2023-04-21,malacca,223,93,130,10442241
2023-04-21,suez,71,27,44,3583618
2023-04-22,bab_el_mandeb,80,27,53,3885515
2023-04-22,hormuz,145,83,62,6109442
2023-04-22,malacca,200,85,115,6692833
2023-04-22,suez,72,30,42,3451127
2023-04-23,bab_el_mandeb,63,21,42,3404318
2023-04-23,hormuz,109,63,46,5184439
2023-04-23,malacca,207,74,133,8168938
2023-04-23,suez,86,28,58,3845356
2023-04-24,bab_el_mandeb,82,34,48,4036346
2023-04-24,hormuz,106,66,40,3608219
2023-04-24,malacca,201,73,128,6295031
2023-04-24,suez,73,28,45,3344840
2023-04-25,bab_el_mandeb,76,28,48,4001450
2023-04-25,hormuz,106,66,40,4511949
2023-04-25,malacca,239,93,146,9763614
2023-04-25,suez,77,32,45,2917448
2023-04-26,bab_el_mandeb,94,34,60,4699413
2023-04-26,hormuz,83,52,31,2934030
2023-04-26,malacca,230,83,147,10337191
2023-04-26,suez,75,28,47,4142510
2023-04-27,bab_el_mandeb,74,30,44,3003191
2023-04-27,hormuz,101,58,43,4252106
2023-04-27,malacca,228,85,143,10332424
2023-04-27,suez,87,27,60,3807282
2023-04-28,bab_el_mandeb,77,24,53,4071008
2023-04-28,hormuz,101,60,41,3091681
2023-04-28,malacca,203,81,122,6928524
2023-04-28,suez,78,24,54,4016964
2023-04-29,bab_el_mandeb,80,26,54,3366429
2023-04-29,hormuz,107,71,36,4875637
2023-04-29,malacca,219,90,129,9401874
2023-04-29,suez,71,25,46,3317651
2023-04-30,bab_el_mandeb,70,23,47,3442909
2023-04-30,hormuz,85,55,30,2977488
2023-04-30,malacca,202,76,126,6662562
2023-04-30,suez,85,33,52,4249979
2023-05-01,bab_el_mandeb,91,30,61,3805307
2023-05-01,hormuz,102,62,40,5274225
2023-05-01,malacca,198,66,132,8830324
2023-05-01,suez,73,29,44,4124665
2023-05-02,bab_el_mandeb,64,23,41,3771806
2023-05-02,hormuz,102,58,44,4256651
2023-05-02,malacca,236,78,158,8954156
2023-05-02,suez,99,29,70,3795110
2023-05-03,bab_el_mandeb,78,23,55,4174878
2023-05-03,hormuz,92,58,34,4357241
2023-05-03,malacca,199,74,125,7384690
2023-05-03,suez,68,26,42,3725088
2023-05-04,bab_el_mandeb,72,24,48,3346221
2023-05-04,hormuz,87,50,37,3121276
2023-05-04,malacca,221,89,132,10260814
2023-05-04,suez,87,26,61,2991022
2023-05-05,bab_el_mandeb,72,29,43,3496338
2023-05-05,hormuz,97,55,42,4097363
2023-05-05,malacca,253,91,162,10488290
2023-05-05,suez,82,21,61,3627351
2023-05-06,bab_el_mandeb,77,34,43,4310508
2023-05-06,hormuz,131,70,61,5914584
2023-05-06,malacca,206,78,128,8102636
2023-05-06,suez,75,21,54,3781930
2023-05-07,bab_el_mandeb,73,33,40,3538970
2023-05-07,hormuz,125,69,56,4773295
2023-05-07,malacca,239,94,145,7605204
2023-05-07,suez,81,36,45,3669616
2023-05-08,bab_el_mandeb,87,25,62,3602020
2023-05-08,hormuz,126,70,56,5514673
2023-05-08,malacca,222,94,128,7964063
2023-05-08,suez,76,24,52,3593190
2023-05-09,bab_el_mandeb,72,25,47,2930371
2023-05-09,hormuz,98,62,36,4258245
2023-05-09,malacca,226,78,148,8399312
2023-05-09,suez,76,27,49,2360945
2023-05-10,bab_el_mandeb,76,28,48,3709570
2023-05-10,hormuz,118,69,49,5417231
2023-05-10,malacca,223,83,140,8049172
2023-05-10,suez,72,24,48,3231086
2023-05-11,bab_el_mandeb,92,28,64,4271934
2023-05-11,hormuz,134,83,51,6058617
2023-05-11,malacca,202,72,130,7592133
2023-05-11,suez,82,35,47,4057649
2023-05-12,bab_el_mandeb,71,26,45,3088689
2023-05-12,hormuz,108,72,36,4094509
2023-05-12,malacca,237,87,150,12369872
2023-05-12,suez,70,23,47,3624735
2023-05-13,bab_el_mandeb,82,29,53,3548171
2023-05-13,hormuz,123,76,47,4484042
2023-05-13,malacca,247,81,166,8057177
2023-05-13,suez,70,22,48,3427598
2023-05-14,bab_el_mandeb,77,19,58,3340438
2023-05-14,hormuz,118,70,48,5138309
2023-05-14,malacca,203,73,130,7929221
2023-05-14,suez,72,25,47,2934305
2023-05-15,bab_el_mandeb,74,30,44,4263267
2023-05-15,hormuz,97,58,39,3455489
2023-05-15,malacca,204,68,136,7472436
2023-05-15,suez,85,33,52,4111344
2023-05-16,bab_el_mandeb,79,23,56,3198462
2023-05-16,hormuz,69,36,33,2518691
2023-05-16,malacca,200,79,121,7980972
2023-05-16,suez,76,32,44,3552039
2023-05-17,bab_el_mandeb,75,24,51,3385855
2023-05-17,hormuz,101,61,40,5175722
2023-05-17,malacca,210,91,119,7972287
2023-05-17,suez,80,30,50,3446766
2023-05-18,bab_el_mandeb,82,31,51,4040783
2023-05-18,hormuz,125,74,51,4289865
2023-05-18,malacca,227,84,143,8290055
2023-05-18,suez,94,43,51,3233129
2023-05-19,bab_el_mandeb,82,25,57,3900201
2023-05-19,hormuz,134,86,48,4739330
2023-05-19,malacca,217,92,125,8835008
2023-05-19,suez,72,20,52,3538673
2023-05-20,bab_el_mandeb,69,31,38,3708123
2023-05-20,hormuz,132,91,41,5306019
2023-05-20,malacca,202,75,127,7214561
2023-05-20,suez,83,25,58,4243411
2023-05-21,bab_el_mandeb,82,40,42,4122625
2023-05-21,hormuz,62,47,15,2266738
2023-05-21,malacca,223,86,137,8446360
2023-05-21,suez,68,20,48,3505423
2023-05-22,bab_el_mandeb,90,29,61,3343188
2023-05-22,hormuz,111,66,45,3117406
2023-05-22,malacca,213,84,129,8748778
2023-05-22,suez,67,25,42,2903760
2023-05-23,bab_el_mandeb,94,32,62,4023898
2023-05-23,hormuz,103,59,44,1975065
2023-05-23,malacca,210,83,127,6863353
2023-05-23,suez,95,44,51,3563771
2023-05-24,bab_el_mandeb,81,24,57,3606661
2023-05-24,hormuz,97,63,34,3198033
2023-05-24,malacca,236,83,153,6762651
2023-05-24,suez,73,28,45,3375060
2023-05-25,bab_el_mandeb,64,22,42,3405205
2023-05-25,hormuz,107,64,43,3981338
2023-05-25,malacca,217,85,132,8819686
2023-05-25,suez,49,10,39,2751158
2023-05-26,bab_el_mandeb,74,16,58,3377098
2023-05-26,hormuz,118,69,49,3703703
2023-05-26,malacca,217,92,125,9098124
2023-05-26,suez,88,32,56,3850143
2023-05-27,bab_el_mandeb,73,23,50,3352178
2023-05-27,hormuz,106,65,41,3797457
2023-05-27,malacca,230,86,144,8679739
2023-05-27,suez,70,17,53,3728139
2023-05-28,bab_el_mandeb,74,21,53,2895312
2023-05-28,hormuz,88,50,38,3016539
2023-05-28,malacca,248,87,161,9069089
2023-05-28,suez,89,24,65,4320836
2023-05-29,bab_el_mandeb,75,27,48,3452688
2023-05-29,hormuz,118,68,50,4955159
2023-05-29,malacca,222,90,132,8858041
2023-05-29,suez,69,26,43,3613828
2023-05-30,bab_el_mandeb,83,29,54,3830212
2023-05-30,hormuz,96,64,32,3772506
2023-05-30,malacca,239,73,166,9560195
2023-05-30,suez,89,32,57,3919717
2023-05-31,bab_el_mandeb,61,20,41,3302801
2023-05-31,hormuz,124,74,50,4844988
2023-05-31,malacca,218,84,134,8023335
2023-05-31,suez,70,21,49,3108385
2023-06-01,bab_el_mandeb,76,16,60,3670989
2023-06-01,hormuz,98,66,32,3571483
2023-06-01,malacca,231,87,144,7626114
2023-06-01,suez,64,18,46,3215829
2023-06-02,bab_el_mandeb,99,34,65,4571284
2023-06-02,hormuz,100,53,47,4274723
2023-06-02,malacca,222,83,139,6341243
2023-06-02,suez,89,26,63,3772926
2023-06-03,bab_el_mandeb,74,25,49,3309315
2023-06-03,hormuz,45,27,18,2483872
2023-06-03,malacca,211,86,125,9234177
2023-06-03,suez,64,22,42,3253474
2023-06-04,bab_el_mandeb,95,33,62,5268409
2023-06-04,hormuz,102,70,32,5253736
2023-06-04,malacca,202,69,133,8663329
2023-06-04,suez,62,31,31,2648817
2023-06-05,bab_el_mandeb,78,28,50,3094313
2023-06-05,hormuz,139,78,61,6772440
2023-06-05,malacca,213,78,135,7332832
2023-06-05,suez,72,21,51,3309822
2023-06-06,bab_el_mandeb,72,28,44,2785095
2023-06-06,hormuz,115,62,53,4137260
2023-06-06,malacca,210,78,132,7664190
2023-06-06,suez,73,21,52,3289998
2023-06-07,bab_el_mandeb,61,20,41,2890539
2023-06-07,hormuz,93,62,31,3945356
2023-06-07,malacca,216,84,132,9631001
2023-06-07,suez,89,27,62,3520847
2023-06-08,bab_el_mandeb,79,31,48,4175432
2023-06-08,hormuz,107,64,43,3904682
2023-06-08,malacca,204,74,130,7955217
2023-06-08,suez,84,32,52,3396533
2023-06-09,bab_el_mandeb,86,32,54,3891652
2023-06-09,hormuz,129,80,49,4916052
2023-06-09,malacca,225,87,138,7383561
2023-06-09,suez,74,29,45,4335866
2023-06-10,bab_el_mandeb,65,24,41,3022244
2023-06-10,hormuz,108,65,43,4627932
2023-06-10,malacca,245,86,159,9694769
2023-06-10,suez,80,40,40,3932658
2023-06-11,bab_el_mandeb,71,29,42,3333446
2023-06-11,hormuz,110,68,42,4249322
2023-06-11,malacca,211,76,135,7013849
2023-06-11,suez,74,30,44,3127165
2023-06-12,bab_el_mandeb,62,22,40,3173481
2023-06-12,hormuz,69,37,32,3357158
2023-06-12,malacca,202,87,115,8066069
2023-06-12,suez,76,19,57,3725614
2023-06-13,bab_el_mandeb,69,19,50,3690295
2023-06-13,hormuz,59,33,26,2904096
2023-06-13,malacca,240,87,153,9530606
2023-06-13,suez,70,30,40,3132157
2023-06-14,bab_el_mandeb,68,21,47,3629398
2023-06-14,hormuz,83,43,40,3446651
2023-06-14,malacca,230,93,137,8799911
2023-06-14,suez,77,32,45,3253325
2023-06-15,bab_el_mandeb,67,30,37,3294821
2023-06-15,hormuz,97,61,36,5481922
2023-06-15,malacca,209,76,133,7966752
2023-06-15,suez,67,25,42,3426220
2023-06-16,bab_el_mandeb,77,20,57,3072738
2023-06-16,hormuz,92,65,27,4738744
2023-06-16,malacca,198,73,125,6316819
2023-06-16,suez,76,26,50,4074995
2023-06-17,bab_el_mandeb,77,27,50,3501129
2023-06-17,hormuz,106,68,38,3883174
2023-06-17,malacca,210,94,116,7949444
2023-06-17,suez,66,25,41,3648618
2023-06-18,bab_el_mandeb,92,26,66,4459194
2023-06-18,hormuz,112,69,43,5081029
2023-06-18,malacca,197,71,126,6111923
2023-06-18,suez,84,28,56,3740776
2023-06-19,bab_el_mandeb,82,34,48,3929646
2023-06-19,hormuz,107,61,46,3381160
2023-06-19,malacca,250,94,156,9617112
2023-06-19,suez,69,24,45,3120613
2023-06-20,bab_el_mandeb,79,29,50,3767277
2023-06-20,hormuz,102,57,45,3451161
2023-06-20,malacca,205,83,122,8519803
2023-06-20,suez,56,20,36,3327098
2023-06-21,bab_el_mandeb,83,24,59,3524552
2023-06-21,hormuz,115,70,45,3277081
2023-06-21,malacca,241,95,146,9678116
2023-06-21,suez,73,29,44,3415430
2023-06-22,bab_el_mandeb,78,28,50,3304246
2023-06-22,hormuz,115,65,50,5606098
2023-06-22,malacca,208,84,124,6633393
2023-06-22,suez,99,34,65,3958184
2023-06-23,bab_el_mandeb,84,29,55,4451302
2023-06-23,hormuz,90,54,36,3980405
2023-06-23,malacca,216,77,139,8474608
2023-06-23,suez,72,29,43,3570512
2023-06-24,bab_el_mandeb,68,29,39,3506870
2023-06-24,hormuz,134,86,48,5767287
2023-06-24,malacca,215,83,132,8012588
2023-06-24,suez,96,26,70,3642189
2023-06-25,bab_el_mandeb,84,34,50,3831177
2023-06-25,hormuz,98,55,43,4442915
2023-06-25,malacca,245,98,147,10880938
2023-06-25,suez,89,22,67,4579345
2023-06-26,bab_el_mandeb,82,27,55,4234821
2023-06-26,hormuz,95,60,35,3964514
2023-06-26,malacca,215,90,125,6870492
2023-06-26,suez,60,16,44,2270775
2023-06-27,bab_el_mandeb,86,30,56,3991892
2023-06-27,hormuz,110,60,50,4463240
2023-06-27,malacca,192,63,129,6720041
2023-06-27,suez,79,32,47,3647688
2023-06-28,bab_el_mandeb,61,21,40,2328186
2023-06-28,hormuz,119,73,46,4276142
2023-06-28,malacca,228,96,132,8799990
2023-06-28,suez,85,30,55,3651415
2023-06-29,bab_el_mandeb,72,26,46,3585480
2023-06-29,hormuz,121,75,46,5019094
2023-06-29,malacca,217,80,137,9856684
2023-06-29,suez,51,21,30,2827408
2023-06-30,bab_el_mandeb,63,20,43,3039750
2023-06-30,hormuz,102,59,43,3086050
2023-06-30,malacca,225,78,147,8825648
2023-06-30,suez,84,29,55,3396548
2023-07-01,bab_el_mandeb,76,38,38,3759552
2023-07-01,hormuz,110,70,40,4033790
2023-07-01,malacca,218,81,137,7902222
2023-07-01,suez,72,26,46,3679515
2023-07-02,bab_el_mandeb,74,23,51,3009937
2023-07-02,hormuz,114,73,41,5358479
2023-07-02,malacca,241,86,155,8644757
2023-07-02,suez,80,27,53,3548884
2023-07-03,bab_el_mandeb,71,17,54,3316129
2023-07-03,hormuz,94,59,35,5352642
2023-07-03,malacca,237,91,146,9841746
2023-07-03,suez,65,26,39,3723365
2023-07-04,bab_el_mandeb,85,27,58,3345966
2023-07-04,hormuz,93,56,37,4163249
2023-07-04,malacca,224,89,135,8655746
2023-07-04,suez,61,23,38,2560024
2023-07-05,bab_el_mandeb,83,30,53,3568646
2023-07-05,hormuz,146,97,49,6473367
2023-07-05,malacca,231,90,141,9490292
2023-07-05,suez,83,28,55,2801719
2023-07-06,bab_el_mandeb,71,21,50,2907797
2023-07-06,hormuz,91,57,34,3315786
2023-07-06,malacca,254,97,157,11188576
2023-07-06,suez,64,25,39,3340500
2023-07-07,bab_el_mandeb,79,33,46,4320337
2023-07-07,hormuz,110,71,39,4341346
2023-07-07,malacca,198,72,126,6953030
2023-07-07,suez,69,28,41,2811236
2023-07-08,bab_el_mandeb,63,31,32,3240004
2023-07-08,hormuz,76,47,29,3436234
2023-07-08,malacca,243,76,167,7961294
2023-07-08,suez,79,27,52,3430213
2023-07-09,bab_el_mandeb,63,25,38,3339224
2023-07-09,hormuz,89,62,27,3126744
2023-07-09,malacca,243,93,150,8440644
2023-07-09,suez,70,20,50,2812159
2023-07-10,bab_el_mandeb,63,22,41,2718551
2023-07-10,hormuz,124,79,45,5602095
2023-07-10,malacca,232,87,145,7341411
2023-07-10,suez,88,22,66,4009718
2023-07-11,bab_el_mandeb,70,24,46,3700334
2023-07-11,hormuz,121,74,47,5539920
2023-07-11,malacca,205,66,139,6635547
2023-07-11,suez,56,19,37,2869939
2023-07-12,bab_el_mandeb,82,39,43,3462738
2023-07-12,hormuz,74,42,32,2176328
2023-07-12,malacca,215,81,134,6157649
2023-07-12,suez,54,22,32,2795640
2023-07-13,bab_el_mandeb,70,28,42,2944691
2023-07-13,hormuz,135,81,54,5788429
2023-07-13,malacca,221,85,136,9760172
2023-07-13,suez,74,27,47,3047545
2023-07-14,bab_el_mandeb,68,24,44,3099473
2023-07-14,hormuz,130,80,50,4958241
2023-07-14,malacca,215,88,127,7642891
2023-07-14,suez,84,36,48,3323216
2023-07-15,bab_el_mandeb,82,28,54,3898806
2023-07-15,hormuz,115,74,41,3952790
2023-07-15,malacca,232,95,137,8423773
2023-07-15,suez,81,26,55,4233146
2023-07-16,bab_el_mandeb,80,29,51,3408582
2023-07-16,hormuz,92,63,29,3760799
2023-07-16,malacca,228,95,133,7697533
2023-07-16,suez,73,31,42,2704558
2023-07-17,bab_el_mandeb,82,33,49,3207119
2023-07-17,hormuz,116,67,49,4959829
2023-07-17,malacca,228,89,139,10966773
2023-07-17,suez,55,29,26,3282105
2023-07-18,bab_el_mandeb,89,24,65,3887459
2023-07-18,hormuz,91,57,34,3376720
2023-07-18,malacca,222,81,141,8838178
2023-07-18,suez,83,35,48,4099984
2023-07-19,bab_el_mandeb,60,22,38,2996499
2023-07-19,hormuz,63,37,26,2649476
2023-07-19,malacca,208,90,118,8159597
2023-07-19,suez,77,29,48,3330391
2023-07-20,bab_el_mandeb,68,25,43,3373921
2023-07-20,hormuz,139,88,51,5555417
2023-07-20,malacca,216,93,123,8306515
2023-07-20,suez,78,31,47,3741715
2023-07-21,bab_el_mandeb,80,29,51,2652154
2023-07-21,hormuz,121,77,44,4152497
2023-07-21,malacca,189,71,118,6662025
2023-07-21,suez,72,25,47,2700354
2023-07-22,bab_el_mandeb,68,27,41,3364646
2023-07-22,hormuz,93,60,33,3211185
2023-07-22,malacca,202,66,136,7543213
2023-07-22,suez,74,30,44,3081313
2023-07-23,bab_el_mandeb,69,21,48,3665215
2023-07-23,hormuz,104,60,44,3826280
2023-07-23,malacca,227,89,138,7918981
2023-07-23,suez,72,24,48,2767149
2023-07-24,bab_el_mandeb,77,29,48,3477997
2023-07-24,hormuz,104,71,33,5167799
2023-07-24,malacca,240,73,167,8263964
2023-07-24,suez,66,25,41,2872446
2023-07-25,bab_el_mandeb,70,30,40,2845500
2023-07-25,hormuz,79,50,29,3155015
2023-07-25,malacca,249,103,146,9838632
2023-07-25,suez,68,24,44,3148635
2023-07-26,bab_el_mandeb,66,19,47,3231820
2023-07-26,hormuz,75,43,32,2424186
2023-07-26,malacca,221,85,136,6595286
2023-07-26,suez,75,23,52,2840396
2023-07-27,bab_el_mandeb,75,25,50,2722077
2023-07-27,hormuz,82,46,36,3926420
2023-07-27,malacca,220,87,133,7755904
2023-07-27,suez,68,23,45,3657568
2023-07-28,bab_el_mandeb,60,18,42,2380856
2023-07-28,hormuz,81,51,30,3423022
2023-07-28,malacca,237,87,150,8147978
2023-07-28,suez,69,21,48,3098891
2023-07-29,bab_el_mandeb,81,31,50,3822210
2023-07-29,hormuz,59,30,29,1913577
2023-07-29,malacca,243,93,150,8633150
2023-07-29,suez,66,31,35,3122071
2023-07-30,bab_el_mandeb,77,28,49,3449695
2023-07-30,hormuz,106,65,41,3690444
2023-07-30,malacca,223,89,134,8585215
2023-07-30,suez,66,16,50,3033035
2023-07-31,bab_el_mandeb,86,35,51,3646361
2023-07-31,hormuz,142,93,49,5529707
2023-07-31,malacca,210,84,126,8570520
2023-07-31,suez,68,30,38,2840580
2023-08-01,bab_el_mandeb,71,25,46,2995439
2023-08-01,hormuz,100,72,28,3826360
2023-08-01,malacca,204,75,129,6799275
2023-08-01,suez,61,19,42,3109441
2023-08-02,bab_el_mandeb,76,26,50,3005120
2023-08-02,hormuz,102,66,36,2814448
2023-08-02,malacca,213,67,146,8979594
2023-08-02,suez,83,23,60,3269330
2023-08-03,bab_el_mandeb,76,23,53,3669933
2023-08-03,hormuz,124,69,55,5090162
2023-08-03,malacca,226,89,137,8649936
2023-08-03,suez,58,22,36,3422668
2023-08-04,bab_el_mandeb,68,22,46,2838597
2023-08-04,hormuz,119,73,46,3887078
2023-08-04,malacca,205,81,124,8600608
2023-08-04,suez,77,22,55,3226826
2023-08-05,bab_el_mandeb,70,20,50,2821839
2023-08-05,hormuz,90,48,42,3350760
2023-08-05,malacca,252,95,157,9466708
2023-08-05,suez,60,18,42,3044293
2023-08-06,bab_el_mandeb,71,30,41,3227649
2023-08-06,hormuz,95,59,36,4277908
2023-08-06,malacca,248,84,164,9724923
2023-08-06,suez,53,15,38,2702735
2023-08-07,bab_el_mandeb,68,28,40,2952186
2023-08-07,hormuz,94,56,38,3474924
2023-08-07,malacca,232,85,147,8528129
2023-08-07,suez,80,25,55,3303422
2023-08-08,bab_el_mandeb,60,22,38,2644729
2023-08-08,hormuz,115,65,50,3780852
2023-08-08,malacca,228,78,150,9253182
2023-08-08,suez,72,25,47,3130458
2023-08-09,bab_el_mandeb,82,26,56,3940698
2023-08-09,hormuz,90,52,38,3246418
2023-08-09,malacca,198,82,116,6848503
2023-08-09,suez,74,33,41,3213699
2023-08-10,bab_el_mandeb,61,16,45,2385576
2023-08-10,hormuz,124,73,51,4423546
2023-08-10,malacca,208,71,137,8046811
2023-08-10,suez,66,25,41,2944711
2023-08-11,bab_el_mandeb,72,24,48,3554630
2023-08-11,hormuz,138,83,55,4978168
2023-08-11,malacca,190,73,117,7919338
2023-08-11,suez,72,27,45,3487483
2023-08-12,bab_el_mandeb,70,18,52,3113665
2023-08-12,hormuz,132,89,43,5412402
2023-08-12,malacca,207,81,126,8439958
2023-08-12,suez,60,17,43,3283341
2023-08-13,bab_el_mandeb,94,34,60,4117772
2023-08-13,hormuz,139,79,60,5146512
2023-08-13,malacca,263,100,163,9544910
2023-08-13,suez,82,30,52,3398257
2023-08-14,bab_el_mandeb,87,39,48,4258682
2023-08-14,hormuz,131,76,55,4522317
2023-08-14,malacca,213,76,137,8785496
2023-08-14,suez,73,25,48,3466109
2023-08-15,bab_el_mandeb,63,22,41,3709342
2023-08-15,hormuz,88,50,38,3026298
2023-08-15,malacca,205,84,121,9209478
2023-08-15,suez,60,21,39,3074517
2023-08-16,bab_el_mandeb,73,23,50,2905985
2023-08-16,hormuz,121,68,53,3784869
2023-08-16,malacca,201,73,128,6487632
2023-08-16,suez,80,25,55,3344991
2023-08-17,bab_el_mandeb,74,24,50,3202339
2023-08-17,hormuz,100,66,34,3591165
2023-08-17,malacca,237,87,150,9384586
2023-08-17,suez,71,23,48,3536287
2023-08-18,bab_el_mandeb,74,27,47,3933542
2023-08-18,hormuz,124,74,50,5266511
2023-08-18,malacca,223,72,151,6762559
2023-08-18,suez,84,24,60,3812475
2023-08-19,bab_el_mandeb,75,27,48,3317791
2023-08-19,hormuz,125,77,48,5186279
2023-08-19,malacca,224,88,136,9894140
2023-08-19,suez,86,31,55,3712495
2023-08-20,bab_el_mandeb,75,25,50,3425275
2023-08-20,hormuz,125,74,51,5370981
2023-08-20,malacca,185,67,118,5841859
2023-08-20,suez,79,29,50,3382292
2023-08-21,bab_el_mandeb,72,23,49,2913677
2023-08-21,hormuz,93,57,36,3544925
2023-08-21,malacca,239,85,154,7023466
2023-08-21,suez,67,20,47,3062265
2023-08-22,bab_el_mandeb,80,25,55,3546252
2023-08-22,hormuz,115,74,41,4787451
2023-08-22,malacca,219,90,129,9654692
2023-08-22,suez,70,23,47,3025654
2023-08-23,bab_el_mandeb,73,21,52,3737043
2023-08-23,hormuz,92,52,40,4123617
2023-08-23,malacca,221,68,153,8640368
2023-08-23,suez,65,18,47,2769461
2023-08-24,bab_el_mandeb,77,25,52,3085122
2023-08-24,hormuz,44,29,15,2817361
2023-08-24,malacca,199,76,123,7871374
2023-08-24,suez,84,24,60,4138854
2023-08-25,bab_el_mandeb,68,22,46,2573354
2023-08-25,hormuz,113,58,55,3707987
2023-08-25,malacca,252,108,144,7780700
2023-08-25,suez,66,18,48,2988539
2023-08-26,bab_el_mandeb,46,13,33,2126590
2023-08-26,hormuz,102,65,37,4178931
2023-08-26,malacca,213,93,120,7622741
2023-08-26,suez,68,21,47,3123075
2023-08-27,bab_el_mandeb,64,18,46,3508349
2023-08-27,hormuz,111,59,52,3172102
2023-08-27,malacca,226,76,150,8533736
2023-08-27,suez,70,24,46,2740140
2023-08-28,bab_el_mandeb,74,31,43,3394247
2023-08-28,hormuz,129,74,55,5132599
2023-08-28,malacca,233,86,147,8756602
2023-08-28,suez,83,29,54,3296081
2023-08-29,bab_el_mandeb,75,23,52,3351182
2023-08-29,hormuz,122,79,43,3874385
2023-08-29,malacca,225,103,122,8973071
2023-08-29,suez,67,24,43,3369786
2023-08-30,bab_el_mandeb,84,28,56,3894331
2023-08-30,hormuz,94,53,41,3360977
2023-08-30,malacca,206,83,123,7566841
2023-08-30,suez,71,21,50,3031140
2023-08-31,bab_el_mandeb,82,28,54,3628402
2023-08-31,hormuz,76,44,32,2548191
2023-08-31,malacca,259,84,175,11065854
2023-08-31,suez,72,24,48,3359306
2023-09-01,bab_el_mandeb,68,28,40,2571870
2023-09-01,hormuz,65,35,30,2254161
2023-09-01,malacca,222,71,151,8022008
2023-09-01,suez,70,26,44,2674815
2023-09-02,bab_el_mandeb,83,26,57,3792128
2023-09-02,hormuz,56,30,26,2608983
2023-09-02,malacca,235,97,138,8313132
2023-09-02,suez,76,25,51,3763191
2023-09-03,bab_el_mandeb,77,32,45,3461646
2023-09-03,hormuz,102,67,35,3958125
2023-09-03,malacca,221,77,144,8010686
2023-09-03,suez,69,24,45,3282175
2023-09-04,bab_el_mandeb,75,32,43,3482545
2023-09-04,hormuz,84,62,22,3173700
2023-09-04,malacca,229,89,140,8985788
2023-09-04,suez,67,19,48,3085991
2023-09-05,bab_el_mandeb,81,35,46,3837818
2023-09-05,hormuz,125,73,52,4677476
2023-09-05,malacca,229,76,153,8560298
2023-09-05,suez,54,23,31,2252846
2023-09-06,bab_el_mandeb,80,24,56,3800142
2023-09-06,hormuz,132,82,50,5142724
2023-09-06,malacca,189,73,116,7248128
2023-09-06,suez,86,26,60,3615839
2023-09-07,bab_el_mandeb,70,24,46,3682084
2023-09-07,hormuz,130,77,53,4793367
2023-09-07,malacca,190,69,121,6373495
2023-09-07,suez,85,25,60,4048275
2023-09-08,bab_el_mandeb,73,24,49,2789721
2023-09-08,hormuz,123,80,43,4902403
2023-09-08,malacca,220,77,143,8455020
2023-09-08,suez,81,24,57,4190754
2023-09-09,bab_el_mandeb,73,29,44,3509052
2023-09-09,hormuz,92,62,30,3722456
2023-09-09,malacca,223,82,141,8886704
2023-09-09,suez,74,27,47,3722548
2023-09-10,bab_el_mandeb,69,24,45,3466855
2023-09-10,hormuz,87,56,31,3253562
2023-09-10,malacca,211,73,138,7049077
2023-09-10,suez,78,33,45,3430655
2023-09-11,bab_el_mandeb,83,24,59,3549908
2023-09-11,hormuz,111,53,58,5265849
2023-09-11,malacca,233,89,144,9382142
2023-09-11,suez,94,27,67,4138906
2023-09-12,bab_el_mandeb,74,29,45,3626271
2023-09-12,hormuz,85,46,39,2598666
2023-09-12,malacca,214,73,141,7588238
2023-09-12,suez,70,32,38,3677492
2023-09-13,bab_el_mandeb,70,18,52,3346018
2023-09-13,hormuz,127,79,48,4564791
2023-09-13,malacca,197,90,107,6732986
2023-09-13,suez,79,26,53,3631578
2023-09-14,bab_el_mandeb,97,34,63,4346602
2023-09-14,hormuz,141,94,47,5950395
2023-09-14,malacca,242,92,150,10376924
2023-09-14,suez,72,24,48,4135530
2023-09-15,bab_el_mandeb,70,20,50,2420967
2023-09-15,hormuz,99,59,40,3118977
2023-09-15,malacca,226,75,151,7668343
2023-09-15,suez,75,28,47,3298763
2023-09-16,bab_el_mandeb,71,31,40,3767346
2023-09-16,hormuz,97,52,45,3481316
2023-09-16,malacca,207,82,125,8138659
2023-09-16,suez,60,17,43,2885890
2023-09-17,bab_el_mandeb,69,23,46,3458756
2023-09-17,hormuz,88,53,35,3158638
2023-09-17,malacca,232,78,154,7785070
2023-09-17,suez,77,22,55,2913046
2023-09-18,bab_el_mandeb,75,30,45,2945203
2023-09-18,hormuz,123,77,46,4886959
2023-09-18,malacca,237,97,140,9535652
2023-09-18,suez,72,32,40,3267659
2023-09-19,bab_el_mandeb,79,22,57,3700367
2023-09-19,hormuz,121,73,48,4467543
2023-09-19,malacca,190,74,116,6921780
2023-09-19,suez,69,27,42,3765719
2023-09-20,bab_el_mandeb,75,29,46,3702602
2023-09-20,hormuz,124,73,51,5912248
2023-09-20,malacca,237,91,146,9375825
2023-09-20,suez,79,25,54,2963695
2023-09-21,bab_el_mandeb,65,21,44,2426862
2023-09-21,hormuz,110,62,48,3364637
2023-09-21,malacca,249,90,159,10986422
2023-09-21,suez,76,27,49,3937884
2023-09-22,bab_el_mandeb,80,34,46,3032621
2023-09-22,hormuz,72,49,23,2482232
2023-09-22,malacca,199,83,116,6981010
2023-09-22,suez,59,20,39,2962354
2023-09-23,bab_el_mandeb,83,30,53,4002123
2023-09-23,hormuz,84,51,33,3223205
2023-09-23,malacca,214,85,129,8458698
2023-09-23,suez,78,28,50,3578510
2023-09-24,bab_el_mandeb,79,26,53,3579475
2023-09-24,hormuz,84,55,29,2988344
2023-09-24,malacca,214,75,139,8266089
2023-09-24,suez,68,24,44,2724395
2023-09-25,bab_el_mandeb,63,20,43,2502714
2023-09-25,hormuz,91,58,33,3711335
2023-09-25,malacca,221,84,137,8507540
2023-09-25,suez,67,27,40,3717703
2023-09-26,bab_el_mandeb,72,23,49,3717035
2023-09-26,hormuz,87,57,30,2935548
2023-09-26,malacca,234,81,153,9335772
2023-09-26,suez,78,22,56,3006539
2023-09-27,bab_el_mandeb,66,17,49,3241939
2023-09-27,hormuz,135,76,59,4632669
2023-09-27,malacca,209,82,127,8199791
2023-09-27,suez,71,23,48,3340516
2023-09-28,bab_el_mandeb,80,22,58,3541924
2023-09-28,hormuz,107,60,47,3696360
2023-09-28,malacca,212,69,143,8374219
2023-09-28,suez,82,28,54,4071578
2023-09-29,bab_el_mandeb,77,27,50,3006436
2023-09-29,hormuz,139,84,55,4715142
2023-09-29,malacca,215,77,138,7048548
2023-09-29,suez,84,22,62,3095237
2023-09-30,bab_el_mandeb,80,29,51,3802244
2023-09-30,hormuz,110,61,49,3759754
2023-09-30,malacca,224,92,132,7865423
2023-09-30,suez,74,22,52,4280153
2023-10-01,bab_el_mandeb,82,29,53,3731048
2023-10-01,hormuz,123,75,48,4363419
2023-10-01,malacca,226,76,150,7877385
2023-10-01,suez,82,24,58,3376150
2023-10-02,bab_el_mandeb,72,30,42,3367451
2023-10-02,hormuz,83,48,35,3673817
2023-10-02,malacca,218,84,134,9252040
2023-10-02,suez,70,21,49,3289225
2023-10-03,bab_el_mandeb,77,27,50,3286442
2023-10-03,hormuz,99,63,36,4454284
2023-10-03,malacca,218,82,136,8445642
2023-10-03,suez,65,18,47,3624526
2023-10-04,bab_el_mandeb,74,23,51,3269457
2023-10-04,hormuz,87,57,30,3189409
2023-10-04,malacca,212,85,127,8516703
2023-10-04,suez,63,20,43,2572751
2023-10-05,bab_el_mandeb,80,25,55,4016504
2023-10-05,hormuz,131,82,49,4170009
2023-10-05,malacca,196,67,129,6843448
2023-10-05,suez,82,27,55,4124833
2023-10-06,bab_el_mandeb,89,26,63,4141849
2023-10-06,hormuz,137,91,46,5323533
2023-10-06,malacca,216,83,133,8351152
2023-10-06,suez,75,31,44,3206316
2023-10-07,bab_el_mandeb,78,26,52,3349526
2023-10-07,hormuz,107,58,49,4515711
2023-10-07,malacca,230,82,148,8941987
2023-10-07,suez,76,22,54,3866913
2023-10-08,bab_el_mandeb,71,25,46,3493120
2023-10-08,hormuz,124,84,40,4286480
2023-10-08,malacca,243,86,157,8038316
2023-10-08,suez,91,28,63,3840242
2023-10-09,bab_el_mandeb,71,23,48,3081762
2023-10-09,hormuz,124,74,50,5058435
2023-10-09,malacca,233,87,146,9062076
2023-10-09,suez,84,29,55,3108714
2023-10-10,bab_el_mandeb,73,30,43,3126273
2023-10-10,hormuz,72,45,27,3696348
2023-10-10,malacca,213,66,147,7779264
2023-10-10,suez,77,26,51,4059088
2023-10-11,bab_el_mandeb,84,31,53,3348596
2023-10-11,hormuz,95,56,39,3177770
2023-10-11,malacca,202,86,116,7920675
2023-10-11,suez,72,27,45,2734683
2023-10-12,bab_el_mandeb,80,19,61,3479757
2023-10-12,hormuz,83,48,35,3012578
2023-10-12,malacca,213,77,136,8123830
2023-10-12,suez,79,27,52,3916359
2023-10-13,bab_el_mandeb,78,27,51,3367503
2023-10-13,hormuz,103,60,43,2818366
2023-10-13,malacca,207,80,127,8955245
2023-10-13,suez,80,23,57,2948026
2023-10-14,bab_el_mandeb,87,29,58,4830764
2023-10-14,hormuz,112,63,49,4815611
2023-10-14,malacca,224,73,151,9403530
2023-10-14,suez,81,28,53,4121686
2023-10-15,bab_el_mandeb,77,17,60,3678651
2023-10-15,hormuz,114,69,45,4873398
2023-10-15,malacca,245,87,158,8433220
2023-10-15,suez,80,32,48,3304640
2023-10-16,bab_el_mandeb,86,40,46,3733460
2023-10-16,hormuz,105,55,50,4139141
2023-10-16,malacca,243,79,164,11596861
2023-10-16,suez,85,26,59,3897833
2023-10-17,bab_el_mandeb,80,22,58,3651333
2023-10-17,hormuz,80,49,31,1986395
2023-10-17,malacca,206,76,130,9271637
2023-10-17,suez,69,26,43,3299184
2023-10-18,bab_el_mandeb,76,31,45,3656372
2023-10-18,hormuz,56,38,18,3609611
2023-10-18,malacca,242,100,142,8069989
2023-10-18,suez,59,18,41,2810417
2023-10-19,bab_el_mandeb,84,36,48,3680790
2023-10-19,hormuz,106,59,47,5619405
2023-10-19,malacca,230,91,139,11432968
2023-10-19,suez,79,31,48,3590854
2023-10-20,bab_el_mandeb,87,27,60,3571857
2023-10-20,hormuz,120,74,46,4474068
2023-10-20,malacca,217,76,141,9476749
2023-10-20,suez,86,29,57,4097200
2023-10-21,bab_el_mandeb,86,34,52,3712303
2023-10-21,hormuz,104,61,43,3725451
2023-10-21,malacca,238,73,165,8107323
2023-10-21,suez,58,27,31,3411216
2023-10-22,bab_el_mandeb,72,19,53,2702522
2023-10-22,hormuz,86,41,45,3464273
2023-10-22,malacca,204,75,129,7596837
2023-10-22,suez,85,19,66,3573740
2023-10-23,bab_el_mandeb,62,19,43,3599029
2023-10-23,hormuz,94,57,37,3463644
2023-10-23,malacca,223,90,133,9076018
2023-10-23,suez,78,30,48,3282650
2023-10-24,bab_el_mandeb,71,21,50,3306062
2023-10-24,hormuz,98,57,41,3433198
2023-10-24,malacca,236,88,148,6608285
2023-10-24,suez,82,29,53,3818101
2023-10-25,bab_el_mandeb,86,34,52,4209204
2023-10-25,hormuz,101,55,46,3573277
2023-10-25,malacca,202,83,119,8098212
2023-10-25,suez,79,25,54,3624823
2023-10-26,bab_el_mandeb,62,34,28,2486756
2023-10-26,hormuz,69,41,28,1475655
2023-10-26,malacca,227,91,136,9210050
2023-10-26,suez,76,24,52,3301584
2023-10-27,bab_el_mandeb,95,20,75,4142507
2023-10-27,hormuz,87,47,40,3261387
2023-10-27,malacca,208,61,147,8698740
2023-10-27,suez,74,23,51,3595993
2023-10-28,bab_el_mandeb,82,29,53,4085743
2023-10-28,hormuz,75,39,36,2781736
2023-10-28,malacca,210,86,124,7934032
2023-10-28,suez,89,25,64,3743587
2023-10-29,bab_el_mandeb,62,23,39,2789127
2023-10-29,hormuz,65,34,31,3035036
2023-10-29,malacca,224,82,142,8758213
2023-10-29,suez,64,12,52,2611278
2023-10-30,bab_el_mandeb,84,27,57,3746889
2023-10-30,hormuz,132,84,48,5586796
2023-10-30,malacca,238,102,136,8305160
2023-10-30,suez,73,22,51,3058794
2023-10-31,bab_el_mandeb,77,26,51,3123328
2023-10-31,hormuz,114,68,46,5075604
2023-10-31,malacca,232,84,148,8917921
2023-10-31,suez,67,24,43,3176836
2023-11-01,bab_el_mandeb,61,15,46,2640293
2023-11-01,hormuz,111,72,39,3554594
2023-11-01,malacca,211,82,129,6628503
2023-11-01,suez,75,33,42,3686733
2023-11-02,bab_el_mandeb,94,21,73,3858231
2023-11-02,hormuz,84,52,32,2364581
2023-11-02,malacca,231,92,139,8579421
2023-11-02,suez,80,27,53,3319897
2023-11-03,bab_el_mandeb,87,28,59,3513633
2023-11-03,hormuz,86,56,30,3095294
2023-11-03,malacca,199,81,118,9255832
2023-11-03,suez,74,24,50,2895757
2023-11-04,bab_el_mandeb,83,28,55,4746762
2023-11-04,hormuz,51,22,29,2568488
2023-11-04,malacca,239,90,149,9609188
2023-11-04,suez,82,32,50,3394738
2023-11-05,bab_el_mandeb,68,21,47,2681399
2023-11-05,hormuz,76,46,30,2979707
2023-11-05,malacca,229,79,150,9597650
2023-11-05,suez,81,20,61,4119515
2023-11-06,bab_el_mandeb,65,17,48,3292613
2023-11-06,hormuz,45,29,16,2575432
2023-11-06,malacca,245,97,148,9087654
2023-11-06,suez,77,21,56,3016399
2023-11-07,bab_el_mandeb,66,23,43,3321069
2023-11-07,hormuz,57,32,25,1648423
2023-11-07,malacca,222,79,143,8091317
2023-11-07,suez,67,16,51,2887426
2023-11-08,bab_el_mandeb,77,25,52,2844805
2023-11-08,hormuz,76,46,30,3264699
2023-11-08,malacca,240,95,145,10531995
2023-11-08,suez,88,28,60,4248835
2023-11-09,bab_el_mandeb,83,35,48,3856998
2023-11-09,hormuz,65,41,24,2553784
2023-11-09,malacca,251,95,156,10203543
2023-11-09,suez,75,29,46,4267631
2023-11-10,bab_el_mandeb,70,28,42,3205885
2023-11-10,hormuz,103,59,44,3804218
2023-11-10,malacca,237,82,155,8733314
2023-11-10,suez,76,27,49,3600317
2023-11-11,bab_el_mandeb,85,22,63,4459529
2023-11-11,hormuz,121,81,40,4545066
2023-11-11,malacca,248,92,156,9757882
2023-11-11,suez,71,20,51,3942646
2023-11-12,bab_el_mandeb,71,31,40,3578562
2023-11-12,hormuz,124,77,47,3895328
2023-11-12,malacca,229,84,145,8383599
2023-11-12,suez,72,24,48,2862095
2023-11-13,bab_el_mandeb,83,27,56,3467321
2023-11-13,hormuz,126,77,49,3522071
2023-11-13,malacca,231,81,150,8508985
2023-11-13,suez,82,27,55,3202910
2023-11-14,bab_el_mandeb,70,20,50,3353577
2023-11-14,hormuz,113,74,39,5156707
2023-11-14,malacca,228,93,135,7951333
2023-11-14,suez,79,27,52,3409836
2023-11-15,bab_el_mandeb,75,26,49,3666699
2023-11-15,hormuz,78,48,30,2466630
2023-11-15,malacca,233,98,135,9639753
2023-11-15,suez,86,23,63,2811934
2023-11-16,bab_el_mandeb,75,21,54,3988534
2023-11-16,hormuz,72,38,34,3581699
2023-11-16,malacca,227,85,142,8978481
2023-11-16,suez,74,19,55,3428236
2023-11-17,bab_el_mandeb,85,35,50,2976540
2023-11-17,hormuz,82,48,34,3608422
2023-11-17,malacca,210,72,138,8235065
2023-11-17,suez,95,37,58,5394525
2023-11-18,bab_el_mandeb,83,25,58,3063923
2023-11-18,hormuz,89,56,33,3050862
2023-11-18,malacca,236,95,141,10267861
2023-11-18,suez,71,20,51,4132477
2023-11-19,bab_el_mandeb,59,19,40,2673069
2023-11-19,hormuz,70,34,36,2241110
2023-11-19,malacca,206,62,144,7836039
2023-11-19,suez,66,21,45,3501070
2023-11-20,bab_el_mandeb,71,24,47,2910579
2023-11-20,hormuz,76,49,27,2376379
2023-11-20,malacca,218,90,128,7099279
2023-11-20,suez,70,24,46,2465569
2023-11-21,bab_el_mandeb,86,27,59,4003112
2023-11-21,hormuz,77,49,28,3324351
2023-11-21,malacca,226,87,139,9631920
2023-11-21,suez,70,21,49,3843689
2023-11-22,bab_el_mandeb,84,26,58,4587061
2023-11-22,hormuz,70,43,27,2223869
2023-11-22,malacca,212,82,130,8978530
2023-11-22,suez,86,28,58,3867171
2023-11-23,bab_el_mandeb,75,25,50,3514987
2023-11-23,hormuz,50,28,22,1410128
2023-11-23,malacca,209,83,126,8372258
2023-11-23,suez,63,24,39,3609823
2023-11-24,bab_el_mandeb,84,25,59,3550586
2023-11-24,hormuz,85,52,33,2754597
2023-11-24,malacca,243,103,140,9934314
2023-11-24,suez,86,33,53,3614022
2023-11-25,bab_el_mandeb,73,31,42,3134259
2023-11-25,hormuz,71,44,27,3246131
2023-11-25,malacca,218,83,135,8141324
2023-11-25,suez,77,26,51,3280259
2023-11-26,bab_el_mandeb,88,33,55,3877775
2023-11-26,hormuz,70,52,18,4100478
2023-11-26,malacca,231,86,145,8752880
2023-11-26,suez,80,28,52,3238216
2023-11-27,bab_el_mandeb,65,30,35,3217354
2023-11-27,hormuz,63,39,24,3299221
2023-11-27,malacca,209,74,135,8946766
2023-11-27,suez,70,23,47,3162926
2023-11-28,bab_el_mandeb,77,26,51,3778325
2023-11-28,hormuz,75,47,28,3324814
2023-11-28,malacca,205,68,137,6814432
2023-11-28,suez,77,22,55,3648031
2023-11-29,bab_el_mandeb,88,40,48,3637558
2023-11-29,hormuz,85,48,37,3595780
2023-11-29,malacca,236,86,150,8637255
2023-11-29,suez,71,24,47,2385833
2023-11-30,bab_el_mandeb,72,26,46,3067867
2023-11-30,hormuz,66,47,19,2653538
2023-11-30,malacca,223,78,145,8242568
2023-11-30,suez,75,20,55,4286415
2023-12-01,bab_el_mandeb,64,24,40,2658920
2023-12-01,hormuz,58,34,24,2211937
2023-12-01,malacca,222,93,129,10002819
2023-12-01,suez,79,30,49,3632805
2023-12-02,bab_el_mandeb,67,22,45,3096752
2023-12-02,hormuz,52,32,20,2557037
2023-12-02,malacca,214,76,138,8658526
2023-12-02,suez,70,25,45,3635717
2023-12-03,bab_el_mandeb,90,35,55,4101023
2023-12-03,hormuz,109,68,41,5234522
2023-12-03,malacca,229,81,148,8541179
2023-12-03,suez,82,29,53,3459858
2023-12-04,bab_el_mandeb,84,28,56,3510972
2023-12-04,hormuz,105,61,44,4025276
2023-12-04,malacca,224,84,140,8902373
2023-12-04,suez,70,24,46,2904923
2023-12-05,bab_el_mandeb,72,32,40,3041288
2023-12-05,hormuz,100,63,37,3845058
2023-12-05,malacca,248,77,171,8722561
2023-12-05,suez,76,23,53,3612002
2023-12-06,bab_el_mandeb,66,27,39,3304427
2023-12-06,hormuz,96,61,35,3164210
2023-12-06,malacca,228,96,132,9082760
2023-12-06,suez,67,22,45,2959909
2023-12-07,bab_el_mandeb,74,29,45,3741851
2023-12-07,hormuz,97,57,40,4634101
2023-12-07,malacca,229,89,140,9355684
2023-12-07,suez,67,22,45,2655473
2023-12-08,bab_el_mandeb,81,31,50,3295825
2023-12-08,hormuz,49,30,19,1287188
2023-12-08,malacca,221,80,141,8954328
2023-12-08,suez,88,29,59,3423026
2023-12-09,bab_el_mandeb,77,25,52,3023432
2023-12-09,hormuz,61,39,22,2758394
2023-12-09,malacca,214,75,139,8568830
2023-12-09,suez,77,33,44,3358583
2023-12-10,bab_el_mandeb,63,26,37,3689089
2023-12-10,hormuz,92,56,36,2360891
2023-12-10,malacca,224,93,131,7231813
2023-12-10,suez,71,22,49,3137813
2023-12-11,bab_el_mandeb,61,23,38,3013496
2023-12-11,hormuz,82,52,30,2933697
2023-12-11,malacca,231,82,149,9680439
2023-12-11,suez,76,33,43,3001115
2023-12-12,bab_el_mandeb,83,23,60,3644842
2023-12-12,hormuz,90,58,32,3417515
2023-12-12,malacca,243,99,144,11125868
2023-12-12,suez,84,30,54,4218810
2023-12-13,bab_el_mandeb,81,35,46,2864826
2023-12-13,hormuz,75,41,34,1864119
2023-12-13,malacca,261,87,174,10129356
2023-12-13,suez,83,24,59,3623261
2023-12-14,bab_el_mandeb,91,34,57,4519504
2023-12-14,hormuz,76,41,35,3106950
2023-12-14,malacca,206,74,132,9077808
2023-12-14,suez,73,28,45,3147949
2023-12-15,bab_el_mandeb,76,27,49,3105997
2023-12-15,hormuz,81,53,28,3241328
2023-12-15,malacca,255,96,159,10650250
2023-12-15,suez,72,24,48,3265602
2023-12-16,bab_el_mandeb,65,27,38,2673906
2023-12-16,hormuz,49,26,23,1942906
2023-12-16,malacca,231,83,148,7918338
2023-12-16,suez,69,24,45,2827073
2023-12-17,bab_el_mandeb,57,26,31,2028367
2023-12-17,hormuz,62,36,26,2441731
2023-12-17,malacca,252,92,160,8820423
2023-12-17,suez,91,34,57,3283365
2023-12-18,bab_el_mandeb,52,22,30,2417265
2023-12-18,hormuz,71,42,29,2902296
2023-12-18,malacca,214,85,129,8778928
2023-12-18,suez,75,28,47,2966145
2023-12-19,bab_el_mandeb,56,23,33,1916499
2023-12-19,hormuz,67,39,28,1517240
2023-12-19,malacca,210,82,128,7677243
2023-12-19,suez,76,18,58,3309190
2023-12-20,bab_el_mandeb,63,18,45,2388633
2023-12-20,hormuz,93,56,37,3347854
2023-12-20,malacca,208,96,112,7365870
2023-12-20,suez,79,28,51,3346542
2023-12-21,bab_el_mandeb,53,25,28,2157857
2023-12-21,hormuz,80,38,42,2868069
2023-12-21,malacca,239,79,160,9145106
2023-12-21,suez,78,27,51,3344700
2023-12-22,bab_el_mandeb,50,21,29,1857242
2023-12-22,hormuz,68,35,33,2143545
2023-12-22,malacca,221,98,123,8006370
2023-12-22,suez,72,22,50,3261436
2023-12-23,bab_el_mandeb,50,17,33,2259851
2023-12-23,hormuz,94,64,30,3335958
2023-12-23,malacca,217,72,145,7629523
2023-12-23,suez,57,20,37,1959237
2023-12-24,bab_el_mandeb,69,27,42,3726583
2023-12-24,hormuz,85,47,38,3598580
2023-12-24,malacca,226,78,148,10625390
2023-12-24,suez,60,19,41,2524244
2023-12-25,bab_el_mandeb,60,22,38,2523159
2023-12-25,hormuz,93,58,35,4199927
2023-12-25,malacca,186,71,115,7675757
2023-12-25,suez,58,23,35,2233592
2023-12-26,bab_el_mandeb,57,28,29,2099350
2023-12-26,hormuz,64,45,19,3160243
2023-12-26,malacca,205,87,118,8900176
2023-12-26,suez,58,21,37,2901797
2023-12-27,bab_el_mandeb,45,21,24,1911236
2023-12-27,hormuz,95,58,37,3418527
2023-12-27,malacca,228,88,140,10588966
2023-12-27,suez,54,14,40,2256994
2023-12-28,bab_el_mandeb,45,17,28,1728403
2023-12-28,hormuz,101,64,37,4064874
2023-12-28,malacca,213,84,129,8696771
2023-12-28,suez,71,23,48,2666384
2023-12-29,bab_el_mandeb,68,25,43,2991429
2023-12-29,hormuz,61,36,25,2637598
2023-12-29,malacca,208,76,132,6464626
2023-12-29,suez,61,22,39,2344884
2023-12-30,bab_el_mandeb,44,21,23,1365979
2023-12-30,hormuz,62,36,26,2759649
2023-12-30,malacca,217,72,145,9152460
2023-12-30,suez,68,18,50,3470006
2023-12-31,bab_el_mandeb,49,15,34,1797626
2023-12-31,hormuz,75,50,25,3477153
2023-12-31,malacca,224,92,132,8755584
2023-12-31,suez,52,26,26,2336605
2024-01-01,bab_el_mandeb,35,16,19,1886974
2024-01-01,hormuz,76,52,24,3174397
2024-01-01,malacca,233,95,138,7484223
2024-01-01,suez,45,18,27,1515864
2024-01-02,bab_el_mandeb,51,18,33,2165052
2024-01-02,hormuz,90,57,33,3538849
2024-01-02,malacca,237,90,147,9355963
2024-01-02,suez,61,22,39,2223117
2024-01-03,bab_el_mandeb,41,12,29,1982051
2024-01-03,hormuz,86,44,42,4432745
2024-01-03,malacca,214,79,135,7725911
2024-01-03,suez,53,16,37,2366430
2024-01-04,bab_el_mandeb,54,21,33,2702600
2024-01-04,hormuz,90,52,38,3283866
2024-01-04,malacca,226,93,133,7291001
2024-01-04,suez,60,19,41,2264228
2024-01-05,bab_el_mandeb,45,18,27,2147152
2024-01-05,hormuz,98,63,35,3407619
2024-01-05,malacca,230,85,145,9591312
2024-01-05,suez,49,23,26,1727744
2024-01-06,bab_el_mandeb,45,18,27,1666993
2024-01-06,hormuz,92,57,35,3612731
2024-01-06,malacca,220,85,135,9407527
2024-01-06,suez,53,22,31,2594091
2024-01-07,bab_el_mandeb,43,14,29,1798569
2024-01-07,hormuz,80,49,31,3476284
2024-01-07,malacca,232,90,142,10415404
2024-01-07,suez,57,16,41,2058566
2024-01-08,bab_el_mandeb,51,22,29,2228618
2024-01-08,hormuz,82,49,33,2870136
2024-01-08,malacca,222,75,147,8915750
2024-01-08,suez,63,13,50,2616785
2024-01-09,bab_el_mandeb,53,13,40,2162053
2024-01-09,hormuz,58,40,18,2189917
2024-01-09,malacca,209,86,123,7763018
2024-01-09,suez,54,17,37,2396526
2024-01-10,bab_el_mandeb,43,12,31,1514531
2024-01-10,hormuz,72,44,28,2266027
2024-01-10,malacca,220,82,138,8647424
2024-01-10,suez,48,17,31,2085454
2024-01-11,bab_el_mandeb,55,23,32,2048432
2024-01-11,hormuz,91,62,29,4145047
2024-01-11,malacca,239,91,148,9220210
2024-01-11,suez,50,19,31,2121927
2024-01-12,bab_el_mandeb,35,8,27,1470236
2024-01-12,hormuz,88,58,30,2955590
2024-01-12,malacca,209,76,133,7246273
2024-01-12,suez,36,10,26,949754
2024-01-13,bab_el_mandeb,43,13,30,1717684
2024-01-13,hormuz,84,52,32,3264189
2024-01-13,malacca,227,86,141,8429006
2024-01-13,suez,47,14,33,1607964
2024-01-14,bab_el_mandeb,27,9,18,826735
2024-01-14,hormuz,99,61,38,3239445
2024-01-14,malacca,212,95,117,8601138
2024-01-14,suez,49,13,36,1710289
2024-01-15,bab_el_mandeb,29,10,19,1498065
2024-01-15,hormuz,126,80,46,6024465
2024-01-15,malacca,224,75,149,9259880
2024-01-15,suez,53,17,36,2916655
2024-01-16,bab_el_mandeb,37,10,27,1267905
2024-01-16,hormuz,106,64,42,4276589
2024-01-16,malacca,229,69,160,10330861
2024-01-16,suez,48,20,28,2218305
2024-01-17,bab_el_mandeb,46,18,28,1720659
2024-01-17,hormuz,94,55,39,3916822
2024-01-17,malacca,215,84,131,7277622
2024-01-17,suez,58,16,42,2079536
2024-01-18,bab_el_mandeb,32,11,21,1066431
2024-01-18,hormuz,77,49,28,1879437
2024-01-18,malacca,255,94,161,8850078
2024-01-18,suez,60,23,37,2710136
2024-01-19,bab_el_mandeb,36,12,24,1460425
2024-01-19,hormuz,83,44,39,2876125
2024-01-19,malacca,214,72,142,7188954
2024-01-19,suez,47,19,28,1419809
2024-01-20,bab_el_mandeb,39,13,26,1168280
2024-01-20,hormuz,106,59,47,3136038
2024-01-20,malacca,230,89,141,7838408
2024-01-20,suez,36,9,27,1520666
2024-01-21,bab_el_mandeb,40,17,23,2206944
2024-01-21,hormuz,87,56,31,2875770
2024-01-21,malacca,237,79,158,10326324
2024-01-21,suez,51,14,37,1515510
2024-01-22,bab_el_mandeb,45,17,28,2028134
2024-01-22,hormuz,92,52,40,3833496
2024-01-22,malacca,225,89,136,8117944
2024-01-22,suez,46,14,32,1756558
2024-01-23,bab_el_mandeb,35,11,24,1403837
2024-01-23,hormuz,111,57,54,4000933
2024-01-23,malacca,258,91,167,9623859
2024-01-23,suez,39,14,25,1704248
2024-01-24,bab_el_mandeb,31,12,19,1652148
2024-01-24,hormuz,107,64,43,4059993
2024-01-24,malacca,205,72,133,9683535
2024-01-24,suez,41,17,24,1721844
2024-01-25,bab_el_mandeb,33,13,20,1173892
2024-01-25,hormuz,64,39,25,3093115
2024-01-25,malacca,220,72,148,7158047
2024-01-25,suez,44,16,28,891767
2024-01-26,bab_el_mandeb,29,12,17,1347981
2024-01-26,hormuz,99,61,38,3018367
2024-01-26,malacca,236,87,149,7953462
2024-01-26,suez,40,11,29,1272961
2024-01-27,bab_el_mandeb,32,11,21,1426686
2024-01-27,hormuz,80,47,33,3872277
2024-01-27,malacca,227,102,125,9875517
2024-01-27,suez,35,9,26,1188150
2024-01-28,bab_el_mandeb,31,11,20,1263053
2024-01-28,hormuz,97,44,53,3277147
2024-01-28,malacca,213,78,135,8622942
2024-01-28,suez,54,16,38,2274820
2024-01-29,bab_el_mandeb,35,11,24,1101477
2024-01-29,hormuz,79,40,39,3806443
2024-01-29,malacca,193,67,126,7700432
2024-01-29,suez,36,9,27,1246663
2024-01-30,bab_el_mandeb,27,6,21,723481
2024-01-30,hormuz,75,43,32,3186902
2024-01-30,malacca,217,76,141,7842524
2024-01-30,suez,34,13,21,1364130
2024-01-31,bab_el_mandeb,36,10,26,1342529
2024-01-31,hormuz,90,58,32,3577807
2024-01-31,malacca,212,77,135,8132439
2024-01-31,suez,40,14,26,1375586
2024-02-01,bab_el_mandeb,32,10,22,1071373
2024-02-01,hormuz,95,55,40,4107702
2024-02-01,malacca,223,78,145,7740452
2024-02-01,suez,37,8,29,1297073
2024-02-02,bab_el_mandeb,39,16,23,1309646
2024-02-02,hormuz,78,44,34,4236120
2024-02-02,malacca,235,76,159,8705398
2024-02-02,suez,37,12,25,1214391
2024-02-03,bab_el_mandeb,28,10,18,1254924
2024-02-03,hormuz,78,38,40,2903206
2024-02-03,malacca,247,96,151,9451147
2024-02-03,suez,43,16,27,1684403
2024-02-04,bab_el_mandeb,27,8,19,1170779
2024-02-04,hormuz,78,40,38,3525201
2024-02-04,malacca,218,91,127,9318520
2024-02-04,suez,45,13,32,1927610
2024-02-05,bab_el_mandeb,50,17,33,1393435
2024-02-05,hormuz,79,51,28,2957929
2024-02-05,malacca,245,84,161,8968974
2024-02-05,suez,42,12,30,1912296
2024-02-06,bab_el_mandeb,37,11,26,1056782
2024-02-06,hormuz,62,31,31,1923801
2024-02-06,malacca,210,84,126,8857886
2024-02-06,suez,40,7,33,1336812
2024-02-07,bab_el_mandeb,28,8,20,669704
2024-02-07,hormuz,94,54,40,3078370
2024-02-07,malacca,248,95,153,8478447
2024-02-07,suez,46,14,32,1207790
2024-02-08,bab_el_mandeb,29,8,21,1376222
2024-02-08,hormuz,94,58,36,3157088
2024-02-08,malacca,224,81,143,8451935
2024-02-08,suez,46,11,35,1434276
2024-02-09,bab_el_mandeb,30,13,17,1107460
2024-02-09,hormuz,84,44,40,2514069
2024-02-09,malacca,237,99,138,8815483
2024-02-09,suez,43,11,32,1513363
2024-02-10,bab_el_mandeb,32,10,22,1949622
2024-02-10,hormuz,93,56,37,4347774
2024-02-10,malacca,229,80,149,7406662
2024-02-10,suez,47,15,32,2210139
2024-02-11,bab_el_mandeb,38,7,31,1827101
2024-02-11,hormuz,92,57,35,3947834
2024-02-11,malacca,221,87,134,9274277
2024-02-11,suez,33,15,18,1112564
2024-02-12,bab_el_mandeb,27,8,19,1066113
2024-02-12,hormuz,90,56,34,3003421
2024-02-12,malacca,200,74,126,7547037
2024-02-12,suez,47,16,31,1723451
2024-02-13,bab_el_mandeb,41,14,27,1309975
2024-02-13,hormuz,82,46,36,3620105
2024-02-13,malacca,189,68,121,9295944
2024-02-13,suez,52,15,37,1564927
2024-02-14,bab_el_mandeb,32,8,24,1266012
2024-02-14,hormuz,84,54,30,3578896
2024-02-14,malacca,185,75,110,7706524
2024-02-14,suez,39,9,30,1146540
2024-02-15,bab_el_mandeb,33,7,26,1306218
2024-02-15,hormuz,104,62,42,3784061
2024-02-15,malacca,229,79,150,8303348
2024-02-15,suez,28,10,18,888043
2024-02-16,bab_el_mandeb,37,12,25,1495956
2024-02-16,hormuz,101,65,36,4659358
2024-02-16,malacca,230,86,144,6840288
2024-02-16,suez,43,20,23,2035247
2024-02-17,bab_el_mandeb,33,12,21,1693404
2024-02-17,hormuz,60,38,22,3126649
2024-02-17,malacca,218,71,147,6750703
2024-02-17,suez,34,14,20,1292315
2024-02-18,bab_el_mandeb,43,17,26,1724889
2024-02-18,hormuz,76,44,32,2887159
2024-02-18,malacca,232,85,147,7835366
2024-02-18,suez,36,8,28,1335663
2024-02-19,bab_el_mandeb,36,15,21,1231675
2024-02-19,hormuz,72,44,28,3214469
2024-02-19,malacca,235,79,156,8928827
2024-02-19,suez,48,26,22,2183228
2024-02-20,bab_el_mandeb,31,10,21,1267986
2024-02-20,hormuz,70,42,28,2355524
2024-02-20,malacca,203,81,122,7912230
2024-02-20,suez,37,9,28,1346094
2024-02-21,bab_el_mandeb,31,17,14,1178142
2024-02-21,hormuz,81,48,33,3614426
2024-02-21,malacca,227,84,143,7528613
2024-02-21,suez,41,10,31,1706247
2024-02-22,bab_el_mandeb,37,14,23,1589785
2024-02-22,hormuz,63,38,25,2584737
2024-02-22,malacca,214,81,133,9192628
2024-02-22,suez,46,14,32,2070045
2024-02-23,bab_el_mandeb,45,22,23,2261600
2024-02-23,hormuz,71,36,35,2451306
2024-02-23,malacca,204,79,125,6903211
2024-02-23,suez,46,18,28,1823827
2024-02-24,bab_el_mandeb,26,12,14,976350
2024-02-24,hormuz,90,58,32,4029713
2024-02-24,malacca,228,86,142,8988752
2024-02-24,suez,51,15,36,1843949
2024-02-25,bab_el_mandeb,44,14,30,1788983
2024-02-25,hormuz,68,44,24,2290258
2024-02-25,malacca,206,83,123,6939527
2024-02-25,suez,43,12,31,1402019
2024-02-26,bab_el_mandeb,38,12,26,1647738
2024-02-26,hormuz,93,53,40,3689249
2024-02-26,malacca,240,93,147,8376689
2024-02-26,suez,46,13,33,1436549
2024-02-27,bab_el_mandeb,40,17,23,1676141
2024-02-27,hormuz,76,49,27,2773403
2024-02-27,malacca,195,70,125,8190952
2024-02-27,suez,42,14,28,1627751
2024-02-28,bab_el_mandeb,27,8,19,821148
2024-02-28,hormuz,93,52,41,2766424
2024-02-28,malacca,218,97,121,8586264
2024-02-28,suez,40,14,26,1964466
2024-02-29,bab_el_mandeb,36,14,22,1724563
2024-02-29,hormuz,88,45,43,2920182
2024-02-29,malacca,212,70,142,8232351
2024-02-29,suez,48,16,32,1927678
2024-03-01,bab_el_mandeb,20,5,15,560654
2024-03-01,hormuz,90,48,42,4118140
2024-03-01,malacca,207,87,120,7639762
2024-03-01,suez,35,12,23,1263294
2024-03-02,bab_el_mandeb,29,17,12,1307054
2024-03-02,hormuz,77,42,35,2646021
2024-03-02,malacca,196,77,119,6627395
2024-03-02,suez,43,11,32,1188302
2024-03-03,bab_el_mandeb,53,19,34,1743160
2024-03-03,hormuz,114,69,45,4782574
2024-03-03,malacca,217,79,138,9527141
2024-03-03,suez,32,13,19,957181
2024-03-04,bab_el_mandeb,37,9,28,1375416
2024-03-04,hormuz,103,72,31,4746912
2024-03-04,malacca,204,81,123,8008485
2024-03-04,suez,28,7,21,689901
2024-03-05,bab_el_mandeb,28,9,19,828398
2024-03-05,hormuz,83,53,30,3118584
2024-03-05,malacca,191,68,123,7409619
2024-03-05,suez,36,18,18,1135849
2024-03-06,bab_el_mandeb,35,14,21,1258788
2024-03-06,hormuz,60,35,25,2648286
2024-03-06,malacca,231,95,136,9596440
2024-03-06,suez,33,9,24,1182936
2024-03-07,bab_el_mandeb,30,11,19,1621902
2024-03-07,hormuz,90,50,40,3081479
2024-03-07,malacca,237,85,152,8982210
2024-03-07,suez,44,16,28,1559567
2024-03-08,bab_el_mandeb,29,8,21,797358
2024-03-08,hormuz,112,67,45,4197839
2024-03-08,malacca,188,69,119,8910838
2024-03-08,suez,53,18,35,1878539
2024-03-09,bab_el_mandeb,29,14,15,698948
2024-03-09,hormuz,69,43,26,2473246
2024-03-09,malacca,213,86,127,7862024
2024-03-09,suez,50,16,34,1591723
2024-03-10,bab_el_mandeb,33,14,19,1305182
2024-03-10,hormuz,80,45,35,3640154
2024-03-10,malacca,208,68,140,7651444
2024-03-10,suez,42,15,27,1646280
2024-03-11,bab_el_mandeb,26,14,12,1280001
2024-03-11,hormuz,112,69,43,3592063
2024-03-11,malacca,236,88,148,9276033
2024-03-11,suez,37,13,24,1399123
2024-03-12,bab_el_mandeb,35,13,22,1480119
2024-03-12,hormuz,129,79,50,4758029
2024-03-12,malacca,208,70,138,7265700
2024-03-12,suez,44,16,28,1374866
2024-03-13,bab_el_mandeb,33,12,21,1624373
2024-03-13,hormuz,94,52,42,3927843
2024-03-13,malacca,230,85,145,9081551
2024-03-13,suez,42,14,28,1635909
2024-03-14,bab_el_mandeb,35,14,21,970890
2024-03-14,hormuz,69,45,24,3340542
2024-03-14,malacca,227,94,133,8813825
2024-03-14,suez,36,14,22,1335379
2024-03-15,bab_el_mandeb,38,12,26,1549333
2024-03-15,hormuz,119,70,49,4865594
2024-03-15,malacca,204,83,121,8404557
2024-03-15,suez,35,13,22,1354949
2024-03-16,bab_el_mandeb,24,11,13,1076105
2024-03-16,hormuz,151,89,62,6683394
2024-03-16,malacca,235,89,146,9666566
2024-03-16,suez,39,14,25,1196143
2024-03-17,bab_el_mandeb,39,15,24,1688921
2024-03-17,hormuz,131,82,49,5081142
2024-03-17,malacca,227,90,137,9930094
2024-03-17,suez,36,10,26,1299331
2024-03-18,bab_el_mandeb,22,5,17,498818
2024-03-18,hormuz,128,69,59,4461526
2024-03-18,malacca,225,79,146,8556507
2024-03-18,suez,40,20,20,1803176
2024-03-19,bab_el_mandeb,34,13,21,1556961
2024-03-19,hormuz,105,53,52,4402028
2024-03-19,malacca,237,90,147,8631812
2024-03-19,suez,38,13,25,939743
2024-03-20,bab_el_mandeb,29,12,17,1529914
2024-03-20,hormuz,103,60,43,5774813
2024-03-20,malacca,203,82,121,9280502
2024-03-20,suez,36,19,17,1901051
2024-03-21,bab_el_mandeb,26,9,17,1155221
2024-03-21,hormuz,102,62,40,3593237
2024-03-21,malacca,198,68,130,8019829
2024-03-21,suez,39,13,26,1828078
2024-03-22,bab_el_mandeb,40,13,27,1435405
2024-03-22,hormuz,117,70,47,4438156
2024-03-22,malacca,221,85,136,7903908
2024-03-22,suez,35,12,23,844680
2024-03-23,bab_el_mandeb,32,10,22,1181160
2024-03-23,hormuz,120,64,56,4473912
2024-03-23,malacca,245,91,154,9190731
2024-03-23,suez,45,13,32,1454141
2024-03-24,bab_el_mandeb,32,14,18,1511319
2024-03-24,hormuz,115,69,46,3824630
2024-03-24,malacca,199,65,134,7727568
2024-03-24,suez,37,6,31,1054368
2024-03-25,bab_el_mandeb,29,12,17,1189713
2024-03-25,hormuz,110,65,45,4872042
2024-03-25,malacca,232,90,142,8664571
2024-03-25,suez,46,19,27,1574670
2024-03-26,bab_el_mandeb,46,19,27,1391919
2024-03-26,hormuz,97,57,40,2939450
2024-03-26,malacca,212,82,130,7585635
2024-03-26,suez,38,14,24,1988012
2024-03-27,bab_el_mandeb,36,16,20,1296292
2024-03-27,hormuz,109,65,44,3903022
2024-03-27,malacca,239,81,158,9160524
2024-03-27,suez,44,15,29,1310247
2024-03-28,bab_el_mandeb,33,12,21,1192607
2024-03-28,hormuz,103,65,38,3828189
2024-03-28,malacca,217,99,118,7455753
2024-03-28,suez,31,11,20,1196267
2024-03-29,bab_el_mandeb,32,14,18,1288532
2024-03-29,hormuz,115,80,35,6722291
2024-03-29,malacca,226,79,147,10047878
2024-03-29,suez,34,10,24,1093455
2024-03-30,bab_el_mandeb,25,11,14,1265761
2024-03-30,hormuz,112,65,47,6035754
2024-03-30,malacca,212,95,117,6570735
2024-03-30,suez,41,15,26,1244134
2024-03-31,bab_el_mandeb,37,13,24,1570943
2024-03-31,hormuz,127,85,42,5734890
2024-03-31,malacca,240,81,159,10100264
2024-03-31,suez,34,11,23,1317501
2024-04-01,bab_el_mandeb,34,15,19,908447
2024-04-01,hormuz,112,69,43,3470211
2024-04-01,malacca,245,86,159,9358913
2024-04-01,suez,43,17,26,1819989
2024-04-02,bab_el_mandeb,28,10,18,1051220
2024-04-02,hormuz,98,54,44,3844768
2024-04-02,malacca,219,74,145,9216360
2024-04-02,suez,49,21,28,2039128
2024-04-03,bab_el_mandeb,24,11,13,1098368
2024-04-03,hormuz,101,59,42,4077204
2024-04-03,malacca,223,88,135,9169572
2024-04-03,suez,37,12,25,1004406
2024-04-04,bab_el_mandeb,31,10,21,705010
2024-04-04,hormuz,85,58,27,2708216
2024-04-04,malacca,232,82,150,8156131
2024-04-04,suez,46,13,33,1177462
2024-04-05,bab_el_mandeb,30,7,23,1451072
2024-04-05,hormuz,90,53,37,3263543
2024-04-05,malacca,220,77,143,8852008
2024-04-05,suez,37,13,24,985743
2024-04-06,bab_el_mandeb,33,9,24,1135539
2024-04-06,hormuz,134,77,57,5874475
2024-04-06,malacca,189,69,120,7207389
2024-04-06,suez,39,12,27,1529921
2024-04-07,bab_el_mandeb,27,13,14,918282
2024-04-07,hormuz,100,57,43,3959143
2024-04-07,malacca,219,86,133,6790883
2024-04-07,suez,42,14,28,1705932
2024-04-08,bab_el_mandeb,27,9,18,1173223
2024-04-08,hormuz,135,77,58,4166312
2024-04-08,malacca,237,75,162,10131856
2024-04-08,suez,46,15,31,1416837
2024-04-09,bab_el_mandeb,38,16,22,1068340
2024-04-09,hormuz,109,70,39,4062999
2024-04-09,malacca,213,79,134,9050778
2024-04-09,suez,33,12,21,1001855
2024-04-10,bab_el_mandeb,34,18,16,757573
2024-04-10,hormuz,123,76,47,5100133
2024-04-10,malacca,219,77,142,9219991
2024-04-10,suez,33,15,18,1096252
2024-04-11,bab_el_mandeb,40,16,24,1665182
2024-04-11,hormuz,121,73,48,4350198
2024-04-11,malacca,225,87,138,9060976
2024-04-11,suez,49,16,33,1514849
2024-04-12,bab_el_mandeb,31,10,21,946520
2024-04-12,hormuz,84,45,39,2594820
2024-04-12,malacca,215,91,124,8997124
2024-04-12,suez,41,15,26,1955616
2024-04-13,bab_el_mandeb,32,13,19,1337598
2024-04-13,hormuz,115,75,40,4586737
2024-04-13,malacca,229,88,141,8604714
2024-04-13,suez,38,12,26,1113071
2024-04-14,bab_el_mandeb,30,10,20,1244863
2024-04-14,hormuz,121,76,45,5435037
2024-04-14,malacca,251,98,153,10061873
2024-04-14,suez,33,12,21,1104247
2024-04-15,bab_el_mandeb,28,14,14,776069
2024-04-15,hormuz,109,65,44,4465062
2024-04-15,malacca,225,76,149,10201721
2024-04-15,suez,43,19,24,1769110
2024-04-16,bab_el_mandeb,41,9,32,1009941
2024-04-16,hormuz,94,55,39,4119009
2024-04-16,malacca,230,73,157,8483048
2024-04-16,suez,46,14,32,1194402
2024-04-17,bab_el_mandeb,31,13,18,1471797
2024-04-17,hormuz,81,50,31,2427014
2024-04-17,malacca,276,98,178,9649552
2024-04-17,suez,42,16,26,1977207
2024-04-18,bab_el_mandeb,40,15,25,1071519
2024-04-18,hormuz,94,62,32,3051346
2024-04-18,malacca,214,84,130,8804626
2024-04-18,suez,36,13,23,1351666
2024-04-19,bab_el_mandeb,27,8,19,1274490
2024-04-19,hormuz,75,49,26,3341962
2024-04-19,malacca,222,85,137,8152787
2024-04-19,suez,46,11,35,1155728
2024-04-20,bab_el_mandeb,27,12,15,800659
2024-04-20,hormuz,122,76,46,4999482
2024-04-20,malacca,220,78,142,8936363
2024-04-20,suez,36,7,29,1619481
2024-04-21,bab_el_mandeb,34,11,23,1890643
2024-04-21,hormuz,123,77,46,5014723
2024-04-21,malacca,185,64,121,6897197
2024-04-21,suez,59,23,36,1875601
2024-04-22,bab_el_mandeb,29,10,19,1349096
2024-04-22,hormuz,108,71,37,3842571
2024-04-22,malacca,197,69,128,7790632
2024-04-22,suez,52,20,32,1611287
2024-04-23,bab_el_mandeb,18,7,11,731004
2024-04-23,hormuz,139,84,55,4956417
2024-04-23,malacca,220,88,132,7732271
2024-04-23,suez,42,14,28,1046488
2024-04-24,bab_el_mandeb,32,9,23,891418
2024-04-24,hormuz,106,62,44,4319243
2024-04-24,malacca,219,79,140,9050178
2024-04-24,suez,34,9,25,1171469
2024-04-25,bab_el_mandeb,40,14,26,1778088
2024-04-25,hormuz,83,46,37,3772045
2024-04-25,malacca,206,72,134,7406710
2024-04-25,suez,31,14,17,941196
2024-04-26,bab_el_mandeb,47,21,26,1981977
2024-04-26,hormuz,109,61,48,4315321
2024-04-26,malacca,201,71,130,9168475
2024-04-26,suez,49,15,34,1476179
2024-04-27,bab_el_mandeb,40,16,24,1860346
2024-04-27,hormuz,121,79,42,3701511
2024-04-27,malacca,196,76,120,7282728
2024-04-27,suez,31,16,15,1125056
2024-04-28,bab_el_mandeb,30,12,18,599379
2024-04-28,hormuz,81,53,28,4022216
2024-04-28,malacca,230,91,139,7694774
2024-04-28,suez,37,12,25,1264536
2024-04-29,bab_el_mandeb,26,4,22,841941
2024-04-29,hormuz,97,54,43,3102641
2024-04-29,malacca,202,84,118,8158750
2024-04-29,suez,35,10,25,1114816
2024-04-30,bab_el_mandeb,35,17,18,1246517
2024-04-30,hormuz,146,83,63,4746515
2024-04-30,malacca,249,100,149,7891710
2024-04-30,suez,40,18,22,1463524
2024-05-01,bab_el_mandeb,35,16,19,1232605
2024-05-01,hormuz,97,57,40,4187903
2024-05-01,malacca,220,86,134,9167093
2024-05-01,suez,34,14,20,1527655
2024-05-02,bab_el_mandeb,38,18,20,1418086
2024-05-02,hormuz,83,48,35,2810544
2024-05-02,malacca,230,80,150,6933461
2024-05-02,suez,36,10,26,1300234
2024-05-03,bab_el_mandeb,28,14,14,347382
2024-05-03,hormuz,94,57,37,3693864
2024-05-03,malacca,246,87,159,10547718
2024-05-03,suez,35,13,22,1038056
2024-05-04,bab_el_mandeb,33,13,20,1118192
2024-05-04,hormuz,108,74,34,4151383
2024-05-04,malacca,235,77,158,8864962
2024-05-04,suez,44,13,31,1580830
2024-05-05,bab_el_mandeb,29,10,19,851201
2024-05-05,hormuz,118,76,42,5114119
2024-05-05,malacca,253,94,159,9772019
2024-05-05,suez,30,7,23,962665
2024-05-06,bab_el_mandeb,32,8,24,1599909
2024-05-06,hormuz,125,74,51,5207086
2024-05-06,malacca,207,70,137,10722882
2024-05-06,suez,35,12,23,1096654
2024-05-07,bab_el_mandeb,27,11,16,1189014
2024-05-07,hormuz,128,78,50,5601182
2024-05-07,malacca,238,90,148,10596866
2024-05-07,suez,42,23,19,1266055
2024-05-08,bab_el_mandeb,35,12,23,1544472
2024-05-08,hormuz,93,51,42,3232013
2024-05-08,malacca,236,93,143,8340628
2024-05-08,suez,44,17,27,1467517
2024-05-09,bab_el_mandeb,36,12,24,1544528
2024-05-09,hormuz,122,72,50,4769070
2024-05-09,malacca,214,77,137,8161769
2024-05-09,suez,49,19,30,1229791
2024-05-10,bab_el_mandeb,30,10,20,727331
2024-05-10,hormuz,100,52,48,4776979
2024-05-10,malacca,227,82,145,9198349
2024-05-10,suez,46,20,26,1672455
2024-05-11,bab_el_mandeb,30,11,19,1192116
2024-05-11,hormuz,102,58,44,3246895
2024-05-11,malacca,214,72,142,9699979
2024-05-11,suez,41,16,25,1349086
2024-05-12,bab_el_mandeb,35,18,17,1326112
2024-05-12,hormuz,122,68,54,3567944
2024-05-12,malacca,255,77,178,9026630
2024-05-12,suez,42,17,25,1416834
2024-05-13,bab_el_mandeb,25,6,19,856461
2024-05-13,hormuz,147,92,55,7216586
2024-05-13,malacca,241,90,151,8969817
2024-05-13,suez,59,17,42,1956065
2024-05-14,bab_el_mandeb,27,12,15,981139
2024-05-14,hormuz,111,66,45,4239125
2024-05-14,malacca,242,109,133,9872340
2024-05-14,suez,36,13,23,1310093
2024-05-15,bab_el_mandeb,29,10,19,1078354
2024-05-15,hormuz,139,79,60,4726200
2024-05-15,malacca,188,85,103,6889299
2024-05-15,suez,38,14,24,1216038
2024-05-16,bab_el_mandeb,36,19,17,1696492
2024-05-16,hormuz,133,79,54,4441585
2024-05-16,malacca,220,90,130,6951899
2024-05-16,suez,44,19,25,1497965
2024-05-17,bab_el_mandeb,35,7,28,979062
2024-05-17,hormuz,116,73,43,4712984
2024-05-17,malacca,235,93,142,8718685
2024-05-17,suez,45,18,27,1331625
2024-05-18,bab_el_mandeb,36,13,23,1437596
2024-05-18,hormuz,75,41,34,2649028
2024-05-18,malacca,211,73,138,7896141
2024-05-18,suez,31,12,19,1196667
2024-05-19,bab_el_mandeb,31,15,16,1257877
2024-05-19,hormuz,119,72,47,4900504
2024-05-19,malacca,224,80,144,7654847
2024-05-19,suez,36,16,20,1254728
2024-05-20,bab_el_mandeb,35,17,18,1532138
2024-05-20,hormuz,85,49,36,4318164
2024-05-20,malacca,212,76,136,7766406
2024-05-20,suez,45,17,28,1584884
2024-05-21,bab_el_mandeb,41,15,26,1253571
2024-05-21,hormuz,123,76,47,5057549
2024-05-21,malacca,204,75,129,8443522
2024-05-21,suez,43,19,24,1443755
2024-05-22,bab_el_mandeb,31,9,22,1105238
2024-05-22,hormuz,118,68,50,3762177
2024-05-22,malacca,223,80,143,9537880
2024-05-22,suez,43,16,27,1184094
2024-05-23,bab_el_mandeb,33,12,21,1211468
2024-05-23,hormuz,129,80,49,5281023
2024-05-23,malacca,214,75,139,7931764
2024-05-23,suez,54,19,35,1680622
2024-05-24,bab_el_mandeb,33,10,23,1125349
2024-05-24,hormuz,108,59,49,4605386
2024-05-24,malacca,217,73,144,9416602
2024-05-24,suez,43,15,28,1670601
2024-05-25,bab_el_mandeb,25,7,18,929641
2024-05-25,hormuz,101,59,42,3420395
2024-05-25,malacca,222,88,134,9337045
2024-05-25,suez,35,15,20,662914
2024-05-26,bab_el_mandeb,28,13,15,767731
2024-05-26,hormuz,136,85,51,3814373
2024-05-26,malacca,187,72,115,5041737
2024-05-26,suez,44,16,28,1482746
2024-05-27,bab_el_mandeb,25,9,16,1149811
2024-05-27,hormuz,131,81,50,6537502
2024-05-27,malacca,226,77,149,7984388
2024-05-27,suez,35,7,28,1069751
2024-05-28,bab_el_mandeb,35,9,26,1398779
2024-05-28,hormuz,140,83,57,5900616
2024-05-28,malacca,238,84,154,9271721
2024-05-28,suez,37,8,29,1178172
2024-05-29,bab_el_mandeb,39,9,30,1076037
2024-05-29,hormuz,129,74,55,4507869
2024-05-29,malacca,235,89,146,8176330
2024-05-29,suez,38,16,22,1375808
2024-05-30,bab_el_mandeb,31,11,20,1189577
2024-05-30,hormuz,88,50,38,2426290
2024-05-30,malacca,218,80,138,8277324
2024-05-30,suez,41,14,27,1409177
2024-05-31,bab_el_mandeb,26,3,23,710451
2024-05-31,hormuz,109,64,45,4596952
2024-05-31,malacca,197,71,126,7599473
2024-05-31,suez,36,17,19,1310512
2024-06-01,bab_el_mandeb,29,14,15,1163470
2024-06-01,hormuz,87,54,33,3280615
2024-06-01,malacca,181,83,98,7434110
2024-06-01,suez,44,16,28,1484532
2024-06-02,bab_el_mandeb,28,6,22,846223
2024-06-02,hormuz,142,94,48,5561530
2024-06-02,malacca,227,89,138,8096750
2024-06-02,suez,47,15,32,2029063
2024-06-03,bab_el_mandeb,27,9,18,1127277
2024-06-03,hormuz,127,78,49,4980334
2024-06-03,malacca,253,82,171,10424634
2024-06-03,suez,39,9,30,1274703
2024-06-04,bab_el_mandeb,26,10,16,1035239
2024-06-04,hormuz,131,79,52,5310730
2024-06-04,malacca,210,93,117,9610242
2024-06-04,suez,40,16,24,1470756
2024-06-05,bab_el_mandeb,33,9,24,1055841
2024-06-05,hormuz,98,55,43,3899240
2024-06-05,malacca,240,87,153,9254603
2024-06-05,suez,39,16,23,1171340
2024-06-06,bab_el_mandeb,43,13,30,1894968
2024-06-06,hormuz,96,49,47,3382943
2024-06-06,malacca,228,87,141,9408936
2024-06-06,suez,43,17,26,1507922
2024-06-07,bab_el_mandeb,34,12,22,1454834
2024-06-07,hormuz,87,52,35,2823479
2024-06-07,malacca,191,66,125,7401322
2024-06-07,suez,37,17,20,1444259
2024-06-08,bab_el_mandeb,41,16,25,1299322
2024-06-08,hormuz,84,57,27,3714296
2024-06-08,malacca,229,97,132,8672037
2024-06-08,suez,37,9,28,1057563
2024-06-09,bab_el_mandeb,25,12,13,823563
2024-06-09,hormuz,76,48,28,2975029
2024-06-09,malacca,219,74,145,7800262
2024-06-09,suez,42,17,25,1788426
2024-06-10,bab_el_mandeb,32,13,19,1532581
2024-06-10,hormuz,135,73,62,4230076
2024-06-10,malacca,226,83,143,7010568
2024-06-10,suez,44,17,27,971879
2024-06-11,bab_el_mandeb,28,9,19,908541
2024-06-11,hormuz,93,54,39,3106984
2024-06-11,malacca,200,76,124,7881328
2024-06-11,suez,38,13,25,736308
2024-06-12,bab_el_mandeb,32,7,25,1151318
2024-06-12,hormuz,91,46,45,3455442
2024-06-12,malacca,223,78,145,7840725
2024-06-12,suez,47,20,27,1474199
2024-06-13,bab_el_mandeb,37,10,27,1217732
2024-06-13,hormuz,106,48,58,3648467
2024-06-13,malacca,236,96,140,7608332
2024-06-13,suez,39,16,23,1883981
2024-06-14,bab_el_mandeb,44,19,25,1291284
2024-06-14,hormuz,121,68,53,5029060
2024-06-14,malacca,227,77,150,10140749
2024-06-14,suez,42,13,29,1679947
2024-06-15,bab_el_mandeb,29,9,20,600156
2024-06-15,hormuz,134,76,58,4848827
2024-06-15,malacca,222,86,136,7918210
2024-06-15,suez,39,15,24,1315037
2024-06-16,bab_el_mandeb,27,11,16,1171301
2024-06-16,hormuz,124,73,51,4613203
2024-06-16,malacca,204,61,143,6837278
2024-06-16,suez,31,13,18,997725
2024-06-17,bab_el_mandeb,31,16,15,1386381
2024-06-17,hormuz,116,75,41,4347386
2024-06-17,malacca,223,83,140,8105803
2024-06-17,suez,35,18,17,1602474
2024-06-18,bab_el_mandeb,37,16,21,1448290
2024-06-18,hormuz,99,49,50,3439146
2024-06-18,malacca,214,72,142,9283955
2024-06-18,suez,33,12,21,1002380
2024-06-19,bab_el_mandeb,37,14,23,1351986
2024-06-19,hormuz,137,81,56,5709073
2024-06-19,malacca,237,94,143,9410218
2024-06-19,suez,41,15,26,1572755
2024-06-20,bab_el_mandeb,26,10,16,672417
2024-06-20,hormuz,93,53,40,3142639
2024-06-20,malacca,213,82,131,6225962
2024-06-20,suez,47,22,25,1576377
2024-06-21,bab_el_mandeb,29,14,15,921656
2024-06-21,hormuz,97,62,35,3672295
2024-06-21,malacca,201,71,130,6471871
2024-06-21,suez,33,11,22,1369409
2024-06-22,bab_el_mandeb,33,14,19,1380502
2024-06-22,hormuz,123,70,53,4833128
2024-06-22,malacca,212,87,125,6675353
2024-06-22,suez,37,14,23,1375850
2024-06-23,bab_el_mandeb,30,12,18,915459
2024-06-23,hormuz,122,67,55,4238578
2024-06-23,malacca,247,93,154,9691268
2024-06-23,suez,35,15,20,1023818
2024-06-24,bab_el_mandeb,29,10,19,1094818
2024-06-24,hormuz,135,76,59,5601967
2024-06-24,malacca,211,81,130,7993323
2024-06-24,suez,46,15,31,1280939
2024-06-25,bab_el_mandeb,25,10,15,1104289
2024-06-25,hormuz,105,67,38,4128023
2024-06-25,malacca,210,73,137,7058852
2024-06-25,suez,40,13,27,820720
2024-06-26,bab_el_mandeb,27,11,16,1191294
2024-06-26,hormuz,125,73,52,4612058
2024-06-26,malacca,265,92,173,11007690
2024-06-26,suez,35,20,15,1230357
2024-06-27,bab_el_mandeb,28,12,16,1185873
2024-06-27,hormuz,140,90,50,4570742
2024-06-27,malacca,226,85,141,9384222
2024-06-27,suez,32,12,20,1057390
2024-06-28,bab_el_mandeb,28,10,18,1071551
2024-06-28,hormuz,119,76,43,4918514
2024-06-28,malacca,213,75,138,8700431
2024-06-28,suez,35,12,23,1049006
2024-06-29,bab_el_mandeb,31,8,23,756636
2024-06-29,hormuz,78,49,29,2624013
2024-06-29,malacca,231,74,157,8305196
2024-06-29,suez,40,16,24,1652892
2024-06-30,bab_el_mandeb,27,11,16,1426906
2024-06-30,hormuz,95,61,34,4260275
2024-06-30,malacca,229,68,161,7473569
2024-06-30,suez,31,10,21,1200475
2024-07-01,bab_el_mandeb,17,4,13,777908
2024-07-01,hormuz,88,45,43,2906312
2024-07-01,malacca,238,82,156,8642577
2024-07-01,suez,44,12,32,1785058
2024-07-02,bab_el_mandeb,33,9,24,932796
2024-07-02,hormuz,80,47,33,2517906
2024-07-02,malacca,244,83,161,9462820
2024-07-02,suez,40,8,32,1365185
2024-07-03,bab_el_mandeb,27,9,18,903026
2024-07-03,hormuz,128,77,51,4494086
2024-07-03,malacca,222,82,140,8745908
2024-07-03,suez,33,16,17,1087568
2024-07-04,bab_el_mandeb,30,15,15,1051427
2024-07-04,hormuz,133,89,44,3965282
2024-07-04,malacca,227,84,143,8645844
2024-07-04,suez,39,12,27,1439371
2024-07-05,bab_el_mandeb,33,18,15,1328396
2024-07-05,hormuz,114,66,48,3986380
2024-07-05,malacca,231,89,142,8371037
2024-07-05,suez,39,16,23,1594656
2024-07-06,bab_el_mandeb,34,11,23,1586940
2024-07-06,hormuz,131,73,58,5144596
2024-07-06,malacca,221,88,133,8850826
2024-07-06,suez,39,13,26,1591836
2024-07-07,bab_el_mandeb,29,9,20,843255
2024-07-07,hormuz,127,85,42,5524720
2024-07-07,malacca,248,97,151,10450070
2024-07-07,suez,30,13,17,901669
2024-07-08,bab_el_mandeb,33,13,20,1573065
2024-07-08,hormuz,129,79,50,4584342
2024-07-08,malacca,224,79,145,8863258
2024-07-08,suez,30,8,22,698370
2024-07-09,bab_el_mandeb,28,6,22,984861
2024-07-09,hormuz,157,91,66,6303829
2024-07-09,malacca,237,86,151,7558687
2024-07-09,suez,42,16,26,1533902
2024-07-10,bab_el_mandeb,32,15,17,1550406
2024-07-10,hormuz,127,75,52,4158720
2024-07-10,malacca,244,78,166,10036546
2024-07-10,suez,30,8,22,627776
2024-07-11,bab_el_mandeb,28,7,21,984904
2024-07-11,hormuz,147,80,67,5122988
2024-07-11,malacca,210,69,141,8468243
2024-07-11,suez,46,26,20,1755501
2024-07-12,bab_el_mandeb,28,13,15,821160
2024-07-12,hormuz,130,74,56,4876862
2024-07-12,malacca,198,65,133,8239575
2024-07-12,suez,40,12,28,1036388
2024-07-13,bab_el_mandeb,35,21,14,1188574
2024-07-13,hormuz,132,72,60,4240194
2024-07-13,malacca,233,88,145,9941400
2024-07-13,suez,36,16,20,1192079
2024-07-14,bab_el_mandeb,39,10,29,1030604
2024-07-14,hormuz,133,82,51,5468204
2024-07-14,malacca,246,85,161,8765312
2024-07-14,suez,34,11,23,846060
2024-07-15,bab_el_mandeb,35,14,21,1279087
2024-07-15,hormuz,125,81,44,4090467
2024-07-15,malacca,220,69,151,7300583
2024-07-15,suez,32,8,24,468630
2024-07-16,bab_el_mandeb,28,9,19,611736
2024-07-16,hormuz,139,84,55,4093729
2024-07-16,malacca,216,80,136,7368974
2024-07-16,suez,38,11,27,1540178
2024-07-17,bab_el_mandeb,22,8,14,902455
2024-07-17,hormuz,139,78,61,6106301
2024-07-17,malacca,224,71,153,8706372
2024-07-17,suez,32,16,16,1012927
2024-07-18,bab_el_mandeb,29,10,19,698264
2024-07-18,hormuz,69,40,29,2927897
2024-07-18,malacca,237,98,139,9148166
2024-07-18,suez,36,15,21,1387673
2024-07-19,bab_el_mandeb,30,14,16,1105693
2024-07-19,hormuz,97,62,35,4519968
2024-07-19,malacca,229,87,142,8868834
2024-07-19,suez,41,12,29,1471449
2024-07-20,bab_el_mandeb,31,12,19,986413
2024-07-20,hormuz,113,66,47,3160063
2024-07-20,malacca,231,69,162,8067726
2024-07-20,suez,41,17,24,1289025
2024-07-21,bab_el_mandeb,27,13,14,568701
2024-07-21,hormuz,121,73,48,5715422
2024-07-21,malacca,219,86,133,8517390
2024-07-21,suez,41,17,24,1521966
2024-07-22,bab_el_mandeb,28,10,18,1364786
2024-07-22,hormuz,90,54,36,3681940
2024-07-22,malacca,228,74,154,9415124
2024-07-22,suez,34,12,22,884467
2024-07-23,bab_el_mandeb,29,12,17,1290087
2024-07-23,hormuz,93,54,39,4126928
2024-07-23,malacca,208,81,127,7756306
2024-07-23,suez,40,10,30,1061063
2024-07-24,bab_el_mandeb,19,8,11,1120634
2024-07-24,hormuz,85,51,34,3646959
2024-07-24,malacca,214,73,141,7841133
2024-07-24,suez,38,22,16,1251151
2024-07-25,bab_el_mandeb,22,10,12,556126
2024-07-25,hormuz,113,71,42,4671271
2024-07-25,malacca,200,67,133,6497755
2024-07-25,suez,43,20,23,826722
2024-07-26,bab_el_mandeb,30,11,19,1220609
2024-07-26,hormuz,98,58,40,4215520
2024-07-26,malacca,230,90,140,8545755
2024-07-26,suez,39,22,17,1249094
2024-07-27,bab_el_mandeb,32,13,19,767384
2024-07-27,hormuz,102,67,35,3914833
2024-07-27,malacca,232,70,162,9016787
2024-07-27,suez,43,15,28,1171834
2024-07-28,bab_el_mandeb,23,11,12,887665
2024-07-28,hormuz,111,64,47,4762125
2024-07-28,malacca,244,88,156,10724262
2024-07-28,suez,38,11,27,1146950
2024-07-29,bab_el_mandeb,21,9,12,762538
2024-07-29,hormuz,126,78,48,5044102
2024-07-29,malacca,211,73,138,8462917
2024-07-29,suez,42,13,29,1203209
2024-07-30,bab_el_mandeb,35,15,20,1455521
2024-07-30,hormuz,120,68,52,4387665
2024-07-30,malacca,215,81,134,7447833
2024-07-30,suez,45,14,31,1296324
2024-07-31,bab_el_mandeb,25,9,16,859271
2024-07-31,hormuz,117,76,41,4166788
2024-07-31,malacca,218,74,144,9064647
2024-07-31,suez,43,16,27,1509576
2024-08-01,bab_el_mandeb,36,13,23,1153478
2024-08-01,hormuz,111,61,50,3453163
2024-08-01,malacca,209,77,132,8617763
2024-08-01,suez,32,11,21,728193
2024-08-02,bab_el_mandeb,40,10,30,1646248
2024-08-02,hormuz,85,59,26,3721643
2024-08-02,malacca,224,91,133,8985084
2024-08-02,suez,43,18,25,1196686
2024-08-03,bab_el_mandeb,27,10,17,961602
2024-08-03,hormuz,93,50,43,3395759
2024-08-03,malacca,243,78,165,9778259
2024-08-03,suez,33,14,19,1326901
2024-08-04,bab_el_mandeb,28,15,13,1076513
2024-08-04,hormuz,119,68,51,3731373
2024-08-04,malacca,239,80,159,9810614
2024-08-04,suez,43,17,26,1822742
2024-08-05,bab_el_mandeb,36,11,25,1015840
2024-08-05,hormuz,108,58,50,4276922
2024-08-05,malacca,256,85,171,9204135
2024-08-05,suez,41,13,28,993439
2024-08-06,bab_el_mandeb,22,5,17,847382
2024-08-06,hormuz,79,50,29,2874538
2024-08-06,malacca,228,76,152,8561736
2024-08-06,suez,45,15,30,1786977
2024-08-07,bab_el_mandeb,23,9,14,687770
2024-08-07,hormuz,61,39,22,2291957
2024-08-07,malacca,226,88,138,8130784
2024-08-07,suez,38,15,23,1348853
2024-08-08,bab_el_mandeb,31,9,22,1091940
2024-08-08,hormuz,101,66,35,4521753
2024-08-08,malacca,210,77,133,8014133
2024-08-08,suez,38,10,28,1355285
2024-08-09,bab_el_mandeb,30,11,19,1115900
2024-08-09,hormuz,110,65,45,4381869
2024-08-09,malacca,209,77,132,8433154
2024-08-09,suez,41,20,21,1210532
2024-08-10,bab_el_mandeb,39,14,25,1334807
2024-08-10,hormuz,98,51,47,4134170
2024-08-10,malacca,258,88,170,8964680
2024-08-10,suez,34,9,25,1120041
2024-08-11,bab_el_mandeb,30,11,19,601028
2024-08-11,hormuz,122,70,52,4916934
2024-08-11,malacca,197,74,123,7684354
2024-08-11,suez,31,13,18,1016819
2024-08-12,bab_el_mandeb,39,17,22,1633322
2024-08-12,hormuz,123,78,45,3773273
2024-08-12,malacca,245,84,161,9031734
2024-08-12,suez,43,18,25,1317095
2024-08-13,bab_el_mandeb,33,13,20,1389919
2024-08-13,hormuz,80,47,33,3466791
2024-08-13,malacca,209,77,132,7596601
2024-08-13,suez,49,21,28,1840375
2024-08-14,bab_el_mandeb,29,9,20,620951
2024-08-14,hormuz,72,40,32,3614811
2024-08-14,malacca,238,71,167,8182899
2024-08-14,suez,42,16,26,1360312
2024-08-15,bab_el_mandeb,27,8,19,856970
2024-08-15,hormuz,47,30,17,2162356
2024-08-15,malacca,214,87,127,8890860
2024-08-15,suez,38,11,27,1110464
2024-08-16,bab_el_mandeb,28,10,18,879716
2024-08-16,hormuz,75,39,36,2822996
2024-08-16,malacca,231,80,151,8169825
2024-08-16,suez,48,22,26,861131
2024-08-17,bab_el_mandeb,27,9,18,715381
2024-08-17,hormuz,76,48,28,3937817
2024-08-17,malacca,203,66,137,7124997
2024-08-17,suez,37,17,20,1709353
2024-08-18,bab_el_mandeb,34,11,23,1092436
2024-08-18,hormuz,67,45,22,2709281
2024-08-18,malacca,245,85,160,7968547
2024-08-18,suez,37,14,23,1189838
2024-08-19,bab_el_mandeb,31,8,23,840729
2024-08-19,hormuz,76,42,34,2376026
2024-08-19,malacca,195,77,118,8268707
2024-08-19,suez,28,8,20,830949
2024-08-20,bab_el_mandeb,34,15,19,1007429
2024-08-20,hormuz,71,39,32,3688160
2024-08-20,malacca,223,74,149,9101158
2024-08-20,suez,52,17,35,1433787
2024-08-21,bab_el_mandeb,29,8,21,898420
2024-08-21,hormuz,82,47,35,3176196
2024-08-21,malacca,227,85,142,7512869
2024-08-21,suez,38,15,23,1392573
2024-08-22,bab_el_mandeb,28,12,16,897603
2024-08-22,hormuz,100,49,51,3051301
2024-08-22,malacca,231,97,134,9427840
2024-08-22,suez,40,23,17,1190520
2024-08-23,bab_el_mandeb,26,8,18,834847
2024-08-23,hormuz,100,46,54,4159841
2024-08-23,malacca,235,73,162,8425369
2024-08-23,suez,47,20,27,1367772
2024-08-24,bab_el_mandeb,23,6,17,902476
2024-08-24,hormuz,100,66,34,3697535
2024-08-24,malacca,240,85,155,9743744
2024-08-24,suez,45,12,33,1231876
2024-08-25,bab_el_mandeb,36,10,26,1166480
2024-08-25,hormuz,118,69,49,4874285
2024-08-25,malacca,219,87,132,8667057
2024-08-25,suez,42,16,26,1201785
2024-08-26,bab_el_mandeb,31,13,18,1153244
2024-08-26,hormuz,138,80,58,4892238
2024-08-26,malacca,228,83,145,8899478
2024-08-26,suez,41,18,23,1121075
2024-08-27,bab_el_mandeb,42,13,29,1542928
2024-08-27,hormuz,103,67,36,3065162
2024-08-27,malacca,198,71,127,8736264
2024-08-27,suez,38,14,24,829470
2024-08-28,bab_el_mandeb,30,15,15,847641
2024-08-28,hormuz,84,50,34,3729748
2024-08-28,malacca,200,65,135,7137971
2024-08-28,suez,41,11,30,1476406
2024-08-29,bab_el_mandeb,29,7,22,1075841
2024-08-29,hormuz,101,64,37,2881202
2024-08-29,malacca,240,87,153,8175101
2024-08-29,suez,34,9,25,1300172
2024-08-30,bab_el_mandeb,36,14,22,1294131
2024-08-30,hormuz,98,57,41,3121513
2024-08-30,malacca,224,79,145,8679812
2024-08-30,suez,36,12,24,982235
2024-08-31,bab_el_mandeb,31,8,23,946931
2024-08-31,hormuz,106,64,42,3278984
2024-08-31,malacca,212,80,132,8089658
2024-08-31,suez,50,14,36,1196411
2024-09-01,bab_el_mandeb,26,8,18,1145077
2024-09-01,hormuz,101,53,48,3333029
2024-09-01,malacca,240,92,148,7724720
2024-09-01,suez,35,14,21,1597971
2024-09-02,bab_el_mandeb,33,7,26,1198713
2024-09-02,hormuz,113,67,46,4272392
2024-09-02,malacca,253,76,177,9136799
2024-09-02,suez,56,22,34,1539650
2024-09-03,bab_el_mandeb,22,10,12,756689
2024-09-03,hormuz,115,67,48,4779027
2024-09-03,malacca,211,76,135,8813135
2024-09-03,suez,19,8,11,672268
2024-09-04,bab_el_mandeb,26,7,19,890960
2024-09-04,hormuz,112,70,42,4249217
2024-09-04,malacca,248,89,159,8060443
2024-09-04,suez,33,13,20,1232440
2024-09-05,bab_el_mandeb,44,17,27,1549070
2024-09-05,hormuz,104,65,39,4548457
2024-09-05,malacca,197,63,134,5892632
2024-09-05,suez,37,17,20,721021
2024-09-06,bab_el_mandeb,31,10,21,836394
2024-09-06,hormuz,123,70,53,5569454
2024-09-06,malacca,230,73,157,8564737
2024-09-06,suez,37,17,20,1280703
2024-09-07,bab_el_mandeb,34,5,29,692312
2024-09-07,hormuz,79,55,24,2109421
2024-09-07,malacca,213,85,128,8821509
2024-09-07,suez,32,11,21,950147
2024-09-08,bab_el_mandeb,31,12,19,1128733
2024-09-08,hormuz,68,36,32,2739278
2024-09-08,malacca,215,76,139,9414170
2024-09-08,suez,36,10,26,1185188
2024-09-09,bab_el_mandeb,25,7,18,969159
2024-09-09,hormuz,100,61,39,4145673
2024-09-09,malacca,198,80,118,7828769
2024-09-09,suez,39,16,23,1364198
2024-09-10,bab_el_mandeb,30,9,21,876096
2024-09-10,hormuz,138,76,62,5518083
2024-09-10,malacca,192,77,115,8699038
2024-09-10,suez,30,17,13,1300002
2024-09-11,bab_el_mandeb,38,11,27,1063124
2024-09-11,hormuz,124,71,53,5256590
2024-09-11,malacca,211,74,137,7084065
2024-09-11,suez,24,12,12,781200
2024-09-12,bab_el_mandeb,34,14,20,986593
2024-09-12,hormuz,115,64,51,4349666
2024-09-12,malacca,236,83,153,9246748
2024-09-12,suez,36,9,27,913404
2024-09-13,bab_el_mandeb,30,11,19,906036
2024-09-13,hormuz,106,58,48,2958625
2024-09-13,malacca,220,71,149,8672776
2024-09-13,suez,30,9,21,1317458
2024-09-14,bab_el_mandeb,26,10,16,865789
2024-09-14,hormuz,108,62,46,3576570
2024-09-14,malacca,245,90,155,10521186
2024-09-14,suez,45,19,26,1014014
2024-09-15,bab_el_mandeb,25,9,16,1081963
2024-09-15,hormuz,64,33,31,2223925
2024-09-15,malacca,211,75,136,8162794
2024-09-15,suez,36,13,23,1311452
2024-09-16,bab_el_mandeb,23,5,18,497780
2024-09-16,hormuz,106,61,45,4176821
2024-09-16,malacca,213,71,142,8197798
2024-09-16,suez,47,21,26,1206991
2024-09-17,bab_el_mandeb,35,12,23,1046289
2024-09-17,hormuz,93,46,47,2896828
2024-09-17,malacca,220,79,141,8446000
2024-09-17,suez,43,18,25,1772255
2024-09-18,bab_el_mandeb,31,12,19,1395233
2024-09-18,hormuz,102,56,46,5267335
2024-09-18,malacca,246,97,149,8455982
2024-09-18,suez,43,12,31,1105710
2024-09-19,bab_el_mandeb,38,13,25,597631
2024-09-19,hormuz,103,66,37,4483881
2024-09-19,malacca,218,86,132,8783071
2024-09-19,suez,45,17,28,1283854
2024-09-20,bab_el_mandeb,30,16,14,1058022
2024-09-20,hormuz,96,60,36,2758117
2024-09-20,malacca,214,75,139,8873436
2024-09-20,suez,42,19,23,1623562
2024-09-21,bab_el_mandeb,28,8,20,1002801
2024-09-21,hormuz,104,61,43,3417895
2024-09-21,malacca,225,79,146,8860412
2024-09-21,suez,30,7,23,1003528
2024-09-22,bab_el_mandeb,33,10,23,1250128
2024-09-22,hormuz,98,53,45,3031689
2024-09-22,malacca,226,81,145,6975133
2024-09-22,suez,36,18,18,1516097
2024-09-23,bab_el_mandeb,30,12,18,1181624
2024-09-23,hormuz,80,54,26,4186642
2024-09-23,malacca,217,69,148,8182430
2024-09-23,suez,43,19,24,1444496
2024-09-24,bab_el_mandeb,30,14,16,1471924
2024-09-24,hormuz,91,56,35,3163838
2024-09-24,malacca,211,87,124,7553795
2024-09-24,suez,36,16,20,1264068
2024-09-25,bab_el_mandeb,29,8,21,1064668
2024-09-25,hormuz,67,40,27,3712460
2024-09-25,malacca,210,72,138,7039079
2024-09-25,suez,46,20,26,1447252
2024-09-26,bab_el_mandeb,38,16,22,1366187
2024-09-26,hormuz,87,50,37,2478822
2024-09-26,malacca,235,95,140,8136649
2024-09-26,suez,45,21,24,1045123
2024-09-27,bab_el_mandeb,32,14,18,1081219
2024-09-27,hormuz,98,43,55,3262542
2024-09-27,malacca,208,72,136,8126813
2024-09-27,suez,37,15,22,1116187
2024-09-28,bab_el_mandeb,26,8,18,799244
2024-09-28,hormuz,89,44,45,2497518
2024-09-28,malacca,207,77,130,7708987
2024-09-28,suez,40,20,20,1254430
2024-09-29,bab_el_mandeb,27,10,17,1271293
2024-09-29,hormuz,95,52,43,4788325
2024-09-29,malacca,239,91,148,9154742
2024-09-29,suez,28,9,19,874759
2024-09-30,bab_el_mandeb,28,13,15,1233720
2024-09-30,hormuz,60,40,20,2930474
2024-09-30,malacca,204,76,128,8429536
2024-09-30,suez,36,14,22,1530402
2024-10-01,bab_el_mandeb,32,12,20,917762
2024-10-01,hormuz,83,45,38,3014648
2024-10-01,malacca,218,80,138,8098209
2024-10-01,suez,39,16,23,1193961
2024-10-02,bab_el_mandeb,25,9,16,1336465
2024-10-02,hormuz,119,59,60,4300249
2024-10-02,malacca,222,79,143,7603470
2024-10-02,suez,47,14,33,2094116
2024-10-03,bab_el_mandeb,33,10,23,853134
2024-10-03,hormuz,119,68,51,3419357
2024-10-03,malacca,221,87,134,9079607
2024-10-03,suez,39,20,19,1297943
2024-10-04,bab_el_mandeb,26,7,19,1054634
2024-10-04,hormuz,96,58,38,4291753
2024-10-04,malacca,233,77,156,9834198
2024-10-04,suez,28,9,19,756662
2024-10-05,bab_el_mandeb,39,10,29,1159423
2024-10-05,hormuz,80,48,32,4041547
2024-10-05,malacca,223,92,131,8927707
2024-10-05,suez,33,11,22,1097753
2024-10-06,bab_el_mandeb,33,10,23,1249408
2024-10-06,hormuz,57,34,23,2219310
2024-10-06,malacca,222,82,140,8216139
2024-10-06,suez,33,17,16,1470211
2024-10-07,bab_el_mandeb,37,11,26,1563384
2024-10-07,hormuz,104,63,41,4374550
2024-10-07,malacca,213,78,135,7910294
2024-10-07,suez,37,14,23,1350861
2024-10-08,bab_el_mandeb,42,13,29,1175281
2024-10-08,hormuz,121,65,56,4350036
2024-10-08,malacca,214,77,137,6409830
2024-10-08,suez,39,17,22,1040333
2024-10-09,bab_el_mandeb,27,4,23,623971
2024-10-09,hormuz,90,44,46,2812014
2024-10-09,malacca,199,71,128,6721885
2024-10-09,suez,38,12,26,1337485
2024-10-10,bab_el_mandeb,23,13,10,902324
2024-10-10,hormuz,90,47,43,3563616
2024-10-10,malacca,217,81,136,8384850
2024-10-10,suez,29,7,22,715271
2024-10-11,bab_el_mandeb,23,6,17,483182
2024-10-11,hormuz,86,52,34,2721093
2024-10-11,malacca,269,92,177,11628187
2024-10-11,suez,46,17,29,1372072
2024-10-12,bab_el_mandeb,45,21,24,1237962
2024-10-12,hormuz,94,50,44,3718410
2024-10-12,malacca,215,74,141,8471338
2024-10-12,suez,27,7,20,922862
2024-10-13,bab_el_mandeb,35,14,21,1718510
2024-10-13,hormuz,69,41,28,2386558
2024-10-13,malacca,260,82,178,8674964
2024-10-13,suez,48,20,28,823831
2024-10-14,bab_el_mandeb,25,9,16,454648
2024-10-14,hormuz,89,50,39,3862411
2024-10-14,malacca,240,79,161,10522793
2024-10-14,suez,43,10,33,1172045
2024-10-15,bab_el_mandeb,25,9,16,859722
2024-10-15,hormuz,84,48,36,2484287
2024-10-15,malacca,258,83,175,10414082
2024-10-15,suez,34,15,19,1140612
2024-10-16,bab_el_mandeb,28,6,22,788862
2024-10-16,hormuz,85,52,33,2492892
2024-10-16,malacca,225,70,155,8483077
2024-10-16,suez,37,19,18,1322594
2024-10-17,bab_el_mandeb,30,8,22,730652
2024-10-17,hormuz,101,56,45,2781832
2024-10-17,malacca,234,91,143,8394714
2024-10-17,suez,37,17,20,1132554
2024-10-18,bab_el_mandeb,35,9,26,752607
2024-10-18,hormuz,86,52,34,4134024
2024-10-18,malacca,248,100,148,8979451
2024-10-18,suez,38,11,27,1183078
2024-10-19,bab_el_mandeb,29,11,18,753482
2024-10-19,hormuz,118,67,51,3833093
2024-10-19,malacca,240,79,161,9991376
2024-10-19,suez,34,12,22,1478264
2024-10-20,bab_el_mandeb,38,12,26,1635720
2024-10-20,hormuz,122,63,59,4344311
2024-10-20,malacca,225,73,152,8246638
2024-10-20,suez,35,16,19,834850
2024-10-21,bab_el_mandeb,33,18,15,971885
2024-10-21,hormuz,92,55,37,2596438
2024-10-21,malacca,241,93,148,8788144
2024-10-21,suez,38,15,23,980386
2024-10-22,bab_el_mandeb,28,13,15,772363
2024-10-22,hormuz,79,46,33,3053520
2024-10-22,malacca,224,80,144,8622214
2024-10-22,suez,40,9,31,998700
2024-10-23,bab_el_mandeb,32,8,24,1055159
2024-10-23,hormuz,80,43,37,3792037
2024-10-23,malacca,236,97,139,8805594
2024-10-23,suez,28,8,20,928716
2024-10-24,bab_el_mandeb,27,7,20,1269114
2024-10-24,hormuz,61,40,21,2625281
2024-10-24,malacca,234,95,139,8445532
2024-10-24,suez,46,17,29,1173241
2024-10-25,bab_el_mandeb,32,10,22,1023895
2024-10-25,hormuz,113,68,45,4984407
2024-10-25,malacca,242,90,152,10728301
2024-10-25,suez,40,18,22,1299240
2024-10-26,bab_el_mandeb,29,4,25,660478
2024-10-26,hormuz,96,46,50,3328686
2024-10-26,malacca,221,81,140,8393522
2024-10-26,suez,37,12,25,1210582
2024-10-27,bab_el_mandeb,28,10,18,1037075
2024-10-27,hormuz,109,61,48,3707844
2024-10-27,malacca,209,73,136,8177856
2024-10-27,suez,37,15,22,1033514
2024-10-28,bab_el_mandeb,36,12,24,1056598
2024-10-28,hormuz,81,48,33,2647946
2024-10-28,malacca,213,71,142,7735797
2024-10-28,suez,42,21,21,1105461
2024-10-29,bab_el_mandeb,38,14,24,1649763
2024-10-29,hormuz,82,42,40,2195409
2024-10-29,malacca,200,73,127,8814764
2024-10-29,suez,39,15,24,1247796
2024-10-30,bab_el_mandeb,28,12,16,798500
2024-10-30,hormuz,84,45,39,1792285
2024-10-30,malacca,187,77,110,8875404
2024-10-30,suez,37,17,20,1227354
2024-10-31,bab_el_mandeb,36,9,27,984355
2024-10-31,hormuz,52,29,23,1510732
2024-10-31,malacca,216,87,129,9692496
2024-10-31,suez,37,13,24,1556277
2024-11-01,bab_el_mandeb,34,8,26,1022547
2024-11-01,hormuz,96,55,41,2949546
2024-11-01,malacca,232,74,158,8170261
2024-11-01,suez,42,12,30,1480350
2024-11-02,bab_el_mandeb,30,8,22,845814
2024-11-02,hormuz,89,51,38,2833422
2024-11-02,malacca,224,75,149,7043982
2024-11-02,suez,48,17,31,1656378
2024-11-03,bab_el_mandeb,35,16,19,829186
2024-11-03,hormuz,94,59,35,3675620
2024-11-03,malacca,215,77,138,8350807
2024-11-03,suez,22,12,10,1183210
2024-11-04,bab_el_mandeb,28,10,18,891437
2024-11-04,hormuz,101,53,48,3980020
2024-11-04,malacca,225,87,138,8453561
2024-11-04,suez,32,10,22,744860
2024-11-05,bab_el_mandeb,47,17,30,1314908
2024-11-05,hormuz,78,44,34,2541174
2024-11-05,malacca,191,80,111,6370128
2024-11-05,suez,35,13,22,1031618
2024-11-06,bab_el_mandeb,43,17,26,1584672
2024-11-06,hormuz,108,61,47,5144565
2024-11-06,malacca,179,69,110,7323432
2024-11-06,suez,48,22,26,1710737
2024-11-07,bab_el_mandeb,32,12,20,890506
2024-11-07,hormuz,98,52,46,4367045
2024-11-07,malacca,208,85,123,8522249
2024-11-07,suez,37,15,22,1016026
2024-11-08,bab_el_mandeb,32,12,20,967639
2024-11-08,hormuz,72,36,36,2762586
2024-11-08,malacca,188,67,121,9018342
2024-11-08,suez,31,10,21,1205884
2024-11-09,bab_el_mandeb,29,9,20,867093
2024-11-09,hormuz,77,49,28,2768746
2024-11-09,malacca,255,78,177,8186735
2024-11-09,suez,38,13,25,973385
2024-11-10,bab_el_mandeb,31,13,18,1314033
2024-11-10,hormuz,92,50,42,3354446
2024-11-10,malacca,226,76,150,8336806
2024-11-10,suez,36,18,18,1197053
2024-11-11,bab_el_mandeb,28,7,21,1347827
2024-11-11,hormuz,99,61,38,4075154
2024-11-11,malacca,231,79,152,8183555
2024-11-11,suez,42,19,23,1301790
2024-11-12,bab_el_mandeb,39,16,23,1148863
2024-11-12,hormuz,103,59,44,4445461
2024-11-12,malacca,209,83,126,6348110
2024-11-12,suez,43,21,22,1565662
2024-11-13,bab_el_mandeb,36,14,22,1308833
2024-11-13,hormuz,67,34,33,2067539
2024-11-13,malacca,190,78,112,7767782
2024-11-13,suez,36,13,23,840919
2024-11-14,bab_el_mandeb,31,10,21,980366
2024-11-14,hormuz,85,45,40,2894703
2024-11-14,malacca,220,75,145,7629725
2024-11-14,suez,40,11,29,1294837
2024-11-15,bab_el_mandeb,27,9,18,833784
2024-11-15,hormuz,71,39,32,2410523
2024-11-15,malacca,236,90,146,8803841
2024-11-15,suez,25,8,17,864781
2024-11-16,bab_el_mandeb,39,17,22,1543174
2024-11-16,hormuz,60,32,28,2284868
2024-11-16,malacca,221,91,130,9278749
2024-11-16,suez,35,14,21,879886
2024-11-17,bab_el_mandeb,36,11,25,856683
2024-11-17,hormuz,76,36,40,2564804
2024-11-17,malacca,237,81,156,10615562
2024-11-17,suez,28,13,15,692130
2024-11-18,bab_el_mandeb,28,8,20,890277
2024-11-18,hormuz,101,54,47,3987171
2024-11-18,malacca,227,92,135,7936217
2024-11-18,suez,31,7,24,815275
2024-11-19,bab_el_mandeb,30,12,18,1125578
2024-11-19,hormuz,69,37,32,2342604
2024-11-19,malacca,220,70,150,7992113
2024-11-19,suez,39,12,27,1276588
2024-11-20,bab_el_mandeb,29,13,16,775421
2024-11-20,hormuz,69,39,30,2534540
2024-11-20,malacca,259,99,160,9637703
2024-11-20,suez,28,10,18,1330766
2024-11-21,bab_el_mandeb,24,7,17,507731
2024-11-21,hormuz,59,32,27,3418592
2024-11-21,malacca,240,87,153,9288149
2024-11-21,suez,35,10,25,760533
2024-11-22,bab_el_mandeb,33,11,22,930573
2024-11-22,hormuz,91,43,48,3061729
2024-11-22,malacca,204,80,124,7575528
2024-11-22,suez,36,17,19,1104227
2024-11-23,bab_el_mandeb,29,9,20,960533
2024-11-23,hormuz,77,48,29,2461094
2024-11-23,malacca,203,80,123,7403409
2024-11-23,suez,51,16,35,1615070
2024-11-24,bab_el_mandeb,44,8,36,1161103
2024-11-24,hormuz,60,33,27,1647435
2024-11-24,malacca,236,77,159,9473722
2024-11-24,suez,45,19,26,1801007
2024-11-25,bab_el_mandeb,35,12,23,914815
2024-11-25,hormuz,71,38,33,3332098
2024-11-25,malacca,227,74,153,8849897
2024-11-25,suez,32,14,18,387940
2024-11-26,bab_el_mandeb,38,16,22,1200048
2024-11-26,hormuz,64,32,32,3111657
2024-11-26,malacca,201,87,114,6398498
2024-11-26,suez,29,12,17,853875
2024-11-27,bab_el_mandeb,29,7,22,1033541
2024-11-27,hormuz,56,34,22,2297460
2024-11-27,malacca,230,69,161,8784526
2024-11-27,suez,31,13,18,1097572
2024-11-28,bab_el_mandeb,31,13,18,1205307
2024-11-28,hormuz,69,41,28,1605632
2024-11-28,malacca,207,87,120,8187396
2024-11-28,suez,47,10,37,1445098
2024-11-29,bab_el_mandeb,34,10,24,850156
2024-11-29,hormuz,77,50,27,2739957
2024-11-29,malacca,236,85,151,8206011
2024-11-29,suez,25,8,17,658896
2024-11-30,bab_el_mandeb,30,9,21,710922
2024-11-30,hormuz,67,32,35,2762880
2024-11-30,malacca,209,72,137,7882605
2024-11-30,suez,33,10,23,1172664
2024-12-01,bab_el_mandeb,30,16,14,1363307
2024-12-01,hormuz,68,39,29,1100540
2024-12-01,malacca,221,94,127,9832250
2024-12-01,suez,35,15,20,898882
2024-12-02,bab_el_mandeb,20,8,12,291780
2024-12-02,hormuz,78,47,31,2377691
2024-12-02,malacca,240,81,159,8885082
2024-12-02,suez,34,10,24,857568
2024-12-03,bab_el_mandeb,32,12,20,1069879
2024-12-03,hormuz,50,21,29,1299907
2024-12-03,malacca,225,75,150,8669391
2024-12-03,suez,31,12,19,972846
2024-12-04,bab_el_mandeb,29,13,16,862061
2024-12-04,hormuz,70,40,30,2245022
2024-12-04,malacca,215,69,146,7623414
2024-12-04,suez,31,10,21,1113613
2024-12-05,bab_el_mandeb,29,11,18,862741
2024-12-05,hormuz,54,30,24,1842025
2024-12-05,malacca,229,83,146,7944683
2024-12-05,suez,47,16,31,1403085
2024-12-06,bab_el_mandeb,40,14,26,1120069
2024-12-06,hormuz,50,25,25,1349805
2024-12-06,malacca,196,77,119,7414158
2024-12-06,suez,31,16,15,1313204
2024-12-07,bab_el_mandeb,30,7,23,700169
2024-12-07,hormuz,56,33,23,2149883
2024-12-07,malacca,204,76,128,7781266
2024-12-07,suez,34,18,16,1077858
2024-12-08,bab_el_mandeb,25,7,18,893569
2024-12-08,hormuz,44,26,18,1208273
2024-12-08,malacca,246,82,164,9804842
2024-12-08,suez,41,13,28,1610555
2024-12-09,bab_el_mandeb,31,13,18,865254
2024-12-09,hormuz,63,32,31,2704611
2024-12-09,malacca,227,76,151,8725412
2024-12-09,suez,38,8,30,1208380
2024-12-10,bab_el_mandeb,40,8,32,1560993
2024-12-10,hormuz,63,36,27,2281896
2024-12-10,malacca,205,72,133,8104099
2024-12-10,suez,34,13,21,1220202
2024-12-11,bab_el_mandeb,38,13,25,1224352
2024-12-11,hormuz,71,39,32,2209058
2024-12-11,malacca,231,85,146,8776376
2024-12-11,suez,56,21,35,1826115
2024-12-12,bab_el_mandeb,41,18,23,1360285
2024-12-12,hormuz,90,51,39,3266468
2024-12-12,malacca,244,100,144,9576223
2024-12-12,suez,10,0,10,296411
2024-12-13,bab_el_mandeb,34,9,25,1333012
2024-12-13,hormuz,61,34,27,2410267
2024-12-13,malacca,230,83,147,8802142
2024-12-13,suez,37,19,18,1293109
2024-12-14,bab_el_mandeb,38,9,29,1096708
2024-12-14,hormuz,58,34,24,2328350
2024-12-14,malacca,223,70,153,7661909
2024-12-14,suez,30,11,19,982235
2024-12-15,bab_el_mandeb,43,11,32,1545078
2024-12-15,hormuz,77,41,36,3546084
2024-12-15,malacca,240,94,146,10048308
2024-12-15,suez,33,14,19,1078335
2024-12-16,bab_el_mandeb,28,9,19,1298624
2024-12-16,hormuz,78,49,29,2795704
2024-12-16,malacca,216,70,146,9258429
2024-12-16,suez,41,13,28,1393948
2024-12-17,bab_el_mandeb,22,8,14,886340
2024-12-17,hormuz,70,38,32,1888602
2024-12-17,malacca,227,76,151,8056559
2024-12-17,suez,46,14,32,1132493
2024-12-18,bab_el_mandeb,36,11,25,1136990
2024-12-18,hormuz,37,21,16,1838532
2024-12-18,malacca,221,86,135,7800036
2024-12-18,suez,39,14,25,1323688
2024-12-19,bab_el_mandeb,22,8,14,738339
2024-12-19,hormuz,67,42,25,1729927
2024-12-19,malacca,217,80,137,8860474
2024-12-19,suez,35,10,25,1144199
2024-12-20,bab_el_mandeb,27,11,16,1174115
2024-12-20,hormuz,81,54,27,2644199
2024-12-20,malacca,216,82,134,7932529
2024-12-20,suez,46,17,29,1533580
2024-12-21,bab_el_mandeb,31,8,23,785866
2024-12-21,hormuz,67,38,29,2766504
2024-12-21,malacca,235,91,144,7622755
2024-12-21,suez,38,11,27,1118666
2024-12-22,bab_el_mandeb,27,9,18,902414
2024-12-22,hormuz,72,38,34,3601603
2024-12-22,malacca,254,89,165,8500203
2024-12-22,suez,37,17,20,1105191
2024-12-23,bab_el_mandeb,23,11,12,939619
2024-12-23,hormuz,60,34,26,2154469
2024-12-23,malacca,209,70,139,8207891
2024-12-23,suez,36,12,24,1589286
2024-12-24,bab_el_mandeb,31,11,20,1243947
2024-12-24,hormuz,62,31,31,1778537
2024-12-24,malacca,226,92,134,8334667
2024-12-24,suez,39,13,26,1474395
2024-12-25,bab_el_mandeb,31,16,15,904241
2024-12-25,hormuz,75,31,44,2476836
2024-12-25,malacca,231,89,142,8242651
2024-12-25,suez,30,13,17,1184155
2024-12-26,bab_el_mandeb,37,19,18,1031285
2024-12-26,hormuz,61,35,26,2036055
2024-12-26,malacca,214,64,150,7939279
2024-12-26,suez,39,17,22,1113804
2024-12-27,bab_el_mandeb,29,9,20,914723
2024-12-27,hormuz,68,38,30,2870652
2024-12-27,malacca,220,74,146,9613052
2024-12-27,suez,38,15,23,2272494
2024-12-28,bab_el_mandeb,33,11,22,1353705
2024-12-28,hormuz,86,45,41,3266551
2024-12-28,malacca,243,87,156,11206905
2024-12-28,suez,33,13,20,950586
2024-12-29,bab_el_mandeb,36,14,22,1003027
2024-12-29,hormuz,68,45,23,2701195
2024-12-29,malacca,230,88,142,8092579
2024-12-29,suez,28,12,16,482416
2024-12-30,bab_el_mandeb,39,17,22,1323470
2024-12-30,hormuz,63,27,36,1731802
2024-12-30,malacca,235,74,161,9057276
2024-12-30,suez,35,11,24,1418249
2024-12-31,bab_el_mandeb,34,10,24,822033
2024-12-31,hormuz,71,35,36,2855452
2024-12-31,malacca,245,71,174,10416842
2024-12-31,suez,24,10,14,543859
2025-01-01,bab_el_mandeb,46,16,30,1908742
2025-01-01,hormuz,88,51,37,3052538
2025-01-01,malacca,233,84,149,8117131
2025-01-01,suez,32,9,23,1125034
2025-01-02,bab_el_mandeb,36,7,29,680433
2025-01-02,hormuz,55,26,29,2253636
2025-01-02,malacca,252,92,160,9544822
2025-01-02,suez,33,8,25,1068959
2025-01-03,bab_el_mandeb,21,4,17,202851
2025-01-03,hormuz,82,45,37,3956538
2025-01-03,malacca,236,87,149,8369864
2025-01-03,suez,50,20,30,1571080
2025-01-04,bab_el_mandeb,25,5,20,1276775
2025-01-04,hormuz,87,48,39,2935091
2025-01-04,malacca,213,77,136,7792454
2025-01-04,suez,29,13,16,776880
2025-01-05,bab_el_mandeb,27,9,18,1509049
2025-01-05,hormuz,71,45,26,2428758
2025-01-05,malacca,211,60,151,7985337
2025-01-05,suez,30,14,16,867653
2025-01-06,bab_el_mandeb,31,10,21,789746
2025-01-06,hormuz,67,32,35,1652243
2025-01-06,malacca,242,86,156,9918241
2025-01-06,suez,55,16,39,1569864
2025-01-07,bab_el_mandeb,26,10,16,1185532
2025-01-07,hormuz,78,40,38,3261622
2025-01-07,malacca,236,78,158,8378260
2025-01-07,suez,41,16,25,1447447
2025-01-08,bab_el_mandeb,40,13,27,1048863
2025-01-08,hormuz,76,36,40,2113184
2025-01-08,malacca,259,86,173,9769686
2025-01-08,suez,32,9,23,771051
2025-01-09,bab_el_mandeb,27,9,18,893845
2025-01-09,hormuz,79,45,34,2876078
2025-01-09,malacca,236,75,161,8649918
2025-01-09,suez,36,10,26,1329807
2025-01-10,bab_el_mandeb,34,15,19,882554
2025-01-10,hormuz,85,50,35,3107817
2025-01-10,malacca,218,78,140,8855367
2025-01-10,suez,36,8,28,962057
2025-01-11,bab_el_mandeb,29,9,20,800046
2025-01-11,hormuz,92,57,35,4118523
2025-01-11,malacca,248,87,161,10049240
2025-01-11,suez,37,11,26,1697708
2025-01-12,bab_el_mandeb,44,13,31,1159909
2025-01-12,hormuz,106,64,42,4052442
2025-01-12,malacca,214,70,144,7210537
2025-01-12,suez,30,11,19,828333
2025-01-13,bab_el_mandeb,50,15,35,1710344
2025-01-13,hormuz,81,45,36,3126385
2025-01-13,malacca,194,69,125,6854180
2025-01-13,suez,43,18,25,1230034
2025-01-14,bab_el_mandeb,22,8,14,843999
2025-01-14,hormuz,81,38,43,2698589
2025-01-14,malacca,232,92,140,8770763
2025-01-14,suez,39,15,24,1383648
2025-01-15,bab_el_mandeb,39,11,28,638102
2025-01-15,hormuz,79,37,42,3078341
2025-01-15,malacca,215,79,136,6855650
2025-01-15,suez,28,14,14,964747
2025-01-16,bab_el_mandeb,30,11,19,794830
2025-01-16,hormuz,88,51,37,3410975
2025-01-16,malacca,251,88,163,8486705
2025-01-16,suez,41,14,27,1284312
2025-01-17,bab_el_mandeb,30,9,21,1185513
2025-01-17,hormuz,91,53,38,3852612
2025-01-17,malacca,212,75,137,7630380
2025-01-17,suez,37,14,23,1221806
2025-01-18,bab_el_mandeb,19,6,13,805656
2025-01-18,hormuz,89,51,38,3358749
2025-01-18,malacca,198,74,124,7075304
2025-01-18,suez,31,12,19,1312328
2025-01-19,bab_el_mandeb,34,16,18,1614874
2025-01-19,hormuz,84,41,43,2528363
2025-01-19,malacca,229,82,147,8855855
2025-01-19,suez,38,12,26,1592100
2025-01-20,bab_el_mandeb,28,8,20,570677
2025-01-20,hormuz,88,49,39,2705904
2025-01-20,malacca,245,82,163,8158461
2025-01-20,suez,38,13,25,1123123
2025-01-21,bab_el_mandeb,34,9,25,997584
2025-01-21,hormuz,88,47,41,2726085
2025-01-21,malacca,237,88,149,10555762
2025-01-21,suez,23,8,15,918252
2025-01-22,bab_el_mandeb,29,11,18,1023516
2025-01-22,hormuz,75,45,30,3057198
2025-01-22,malacca,235,83,152,8492198
2025-01-22,suez,44,18,26,1652912
2025-01-23,bab_el_mandeb,39,12,27,1489010
2025-01-23,hormuz,81,49,32,3275403
2025-01-23,malacca,219,75,144,8224515
2025-01-23,suez,36,9,27,1811918
2025-01-24,bab_el_mandeb,38,15,23,1740894
2025-01-24,hormuz,85,42,43,3548198
2025-01-24,malacca,230,79,151,8745816
2025-01-24,suez,41,13,28,1261461
2025-01-25,bab_el_mandeb,27,10,17,591081
2025-01-25,hormuz,99,59,40,3234019
2025-01-25,malacca,225,74,151,8122327
2025-01-25,suez,38,12,26,951665
2025-01-26,bab_el_mandeb,28,9,19,980556
2025-01-26,hormuz,98,68,30,3708223
2025-01-26,malacca,239,93,146,8656617
2025-01-26,suez,37,11,26,1079078
2025-01-27,bab_el_mandeb,38,15,23,1428070
2025-01-27,hormuz,86,47,39,2362711
2025-01-27,malacca,203,69,134,8229362
2025-01-27,suez,39,17,22,1416246
2025-01-28,bab_el_mandeb,29,11,18,1257226
2025-01-28,hormuz,73,44,29,2758118
2025-01-28,malacca,196,78,118,7686937
2025-01-28,suez,40,17,23,1034744
2025-01-29,bab_el_mandeb,35,10,25,1239590
2025-01-29,hormuz,98,54,44,2907417
2025-01-29,malacca,226,73,153,7545702
2025-01-29,suez,45,10,35,1676011
2025-01-30,bab_el_mandeb,27,9,18,976438
2025-01-30,hormuz,97,53,44,3609802
2025-01-30,malacca,215,83,132,6944905
2025-01-30,suez,30,11,19,988018
2025-01-31,bab_el_mandeb,31,11,20,885629
2025-01-31,hormuz,87,50,37,2381228
2025-01-31,malacca,235,82,153,8083188
2025-01-31,suez,42,21,21,1625126
2025-02-01,bab_el_mandeb,34,9,25,982267
2025-02-01,hormuz,75,39,36,2771903
2025-02-01,malacca,231,77,154,8794162
2025-02-01,suez,24,10,14,599300
2025-02-02,bab_el_mandeb,37,10,27,1365454
2025-02-02,hormuz,76,50,26,2204364
2025-02-02,malacca,227,83,144,9519402
2025-02-02,suez,36,14,22,1073603
2025-02-03,bab_el_mandeb,21,7,14,714072
2025-02-03,hormuz,91,53,38,3754973
2025-02-03,malacca,219,76,143,8023598
2025-02-03,suez,30,8,22,1066275
2025-02-04,bab_el_mandeb,29,10,19,1030449
2025-02-04,hormuz,96,55,41,2835210
2025-02-04,malacca,196,66,130,7677831
2025-02-04,suez,29,4,25,1067900
2025-02-05,bab_el_mandeb,27,9,18,716403
2025-02-05,hormuz,82,47,35,2618269
2025-02-05,malacca,220,70,150,8717346
2025-02-05,suez,32,15,17,1390440
2025-02-06,bab_el_mandeb,37,13,24,1151788
2025-02-06,hormuz,90,40,50,3378167
2025-02-06,malacca,263,94,169,11882051
2025-02-06,suez,30,11,19,1311590
2025-02-07,bab_el_mandeb,37,12,25,1345031
2025-02-07,hormuz,68,33,35,2504895
2025-02-07,malacca,204,69,135,8537922
2025-02-07,suez,30,7,23,823597
2025-02-08,bab_el_mandeb,32,10,22,555685
2025-02-08,hormuz,80,42,38,2688658
2025-02-08,malacca,198,79,119,7178329
2025-02-08,suez,21,7,14,731160
2025-02-09,bab_el_mandeb,32,11,21,1265507
2025-02-09,hormuz,95,57,38,2373514
2025-02-09,malacca,204,75,129,8136525
2025-02-09,suez,45,20,25,1467850
2025-02-10,bab_el_mandeb,36,11,25,983034
2025-02-10,hormuz,84,57,27,3917566
2025-02-10,malacca,217,70,147,7742190
2025-02-10,suez,41,13,28,2140966
2025-02-11,bab_el_mandeb,30,11,19,1053344
2025-02-11,hormuz,110,61,49,2920378
2025-02-11,malacca,230,90,140,7113651
2025-02-11,suez,38,16,22,1353171
2025-02-12,bab_el_mandeb,20,6,14,693867
2025-02-12,hormuz,125,68,57,4917411
2025-02-12,malacca,211,82,129,7640543
2025-02-12,suez,42,12,30,1420700
2025-02-13,bab_el_mandeb,39,17,22,1562919
2025-02-13,hormuz,151,72,79,6108012
2025-02-13,malacca,218,64,154,9072337
2025-02-13,suez,42,12,30,891393
2025-02-14,bab_el_mandeb,36,16,20,1186156
2025-02-14,hormuz,92,56,36,3400398
2025-02-14,malacca,244,93,151,9028231
2025-02-14,suez,34,14,20,836688
2025-02-15,bab_el_mandeb,32,7,25,1198060
2025-02-15,hormuz,85,49,36,3134933
2025-02-15,malacca,223,69,154,8590587
2025-02-15,suez,31,10,21,1391667
2025-02-16,bab_el_mandeb,27,9,18,1184807
2025-02-16,hormuz,75,43,32,3084768
2025-02-16,malacca,223,89,134,9153578
2025-02-16,suez,36,20,16,1186564
2025-02-17,bab_el_mandeb,38,9,29,1234505
2025-02-17,hormuz,80,43,37,3114442
2025-02-17,malacca,242,83,159,10094194
2025-02-17,suez,33,12,21,1031826
2025-02-18,bab_el_mandeb,30,11,19,805341
2025-02-18,hormuz,73,34,39,3111900
2025-02-18,malacca,229,90,139,8020880
2025-02-18,suez,36,17,19,1616424
2025-02-19,bab_el_mandeb,32,11,21,779962
2025-02-19,hormuz,95,58,37,3377492
2025-02-19,malacca,218,65,153,6843977
2025-02-19,suez,40,13,27,1134247
2025-02-20,bab_el_mandeb,37,14,23,1910534
2025-02-20,hormuz,87,57,30,3466801
2025-02-20,malacca,224,73,151,6928973
2025-02-20,suez,32,9,23,672292
2025-02-21,bab_el_mandeb,32,10,22,776051
2025-02-21,hormuz,87,47,40,3310877
2025-02-21,malacca,199,74,125,7344189
2025-02-21,suez,35,14,21,1191472
2025-02-22,bab_el_mandeb,32,14,18,1017503
2025-02-22,hormuz,100,53,47,4412404
2025-02-22,malacca,220,71,149,8266304
2025-02-22,suez,32,12,20,984756
2025-02-23,bab_el_mandeb,24,9,15,890138
2025-02-23,hormuz,73,33,40,1791595
2025-02-23,malacca,233,87,146,9580673
2025-02-23,suez,27,10,17,1127550
2025-02-24,bab_el_mandeb,32,11,21,1223700
2025-02-24,hormuz,69,43,26,2473364
2025-02-24,malacca,198,63,135,6868521
2025-02-24,suez,33,14,19,929559
2025-02-25,bab_el_mandeb,34,9,25,794729
2025-02-25,hormuz,71,44,27,2834360
2025-02-25,malacca,207,63,144,7585155
2025-02-25,suez,34,16,18,1369558
2025-02-26,bab_el_mandeb,33,13,20,1056220
2025-02-26,hormuz,55,28,27,1838420
2025-02-26,malacca,228,97,131,7861772
2025-02-26,suez,36,12,24,1179280
2025-02-27,bab_el_mandeb,30,11,19,1523923
2025-02-27,hormuz,80,43,37,1669930
2025-02-27,malacca,219,75,144,8709787
2025-02-27,suez,41,10,31,1556236
2025-02-28,bab_el_mandeb,30,6,24,938363
2025-02-28,hormuz,73,46,27,2980797
2025-02-28,malacca,237,85,152,10170736
2025-02-28,suez,35,10,25,1450348
2025-03-01,bab_el_mandeb,22,10,12,513667
2025-03-01,hormuz,75,42,33,2852095
2025-03-01,malacca,243,93,150,9734510
2025-03-01,suez,32,12,20,938092
2025-03-02,bab_el_mandeb,41,16,25,1288161
2025-03-02,hormuz,74,42,32,3284195
2025-03-02,malacca,224,70,154,7608837
2025-03-02,suez,35,13,22,1529239
2025-03-03,bab_el_mandeb,25,13,12,999310
2025-03-03,hormuz,83,61,22,4255381
2025-03-03,malacca,221,85,136,9445072
2025-03-03,suez,35,12,23,1031223
2025-03-04,bab_el_mandeb,33,11,22,1722264
2025-03-04,hormuz,90,51,39,3558836
2025-03-04,malacca,234,75,159,8373253
2025-03-04,suez,50,21,29,2018528
2025-03-05,bab_el_mandeb,29,4,25,860154
2025-03-05,hormuz,100,54,46,3581416
2025-03-05,malacca,221,78,143,8291381
2025-03-05,suez,31,10,21,1151287
2025-03-06,bab_el_mandeb,38,14,24,1508059
2025-03-06,hormuz,128,85,43,5277990
2025-03-06,malacca,225,79,146,7392545
2025-03-06,suez,29,12,17,912073
2025-03-07,bab_el_mandeb,35,9,26,1026523
2025-03-07,hormuz,97,66,31,2764389
2025-03-07,malacca,201,66,135,7333775
2025-03-07,suez,46,19,27,1199976
2025-03-08,bab_el_mandeb,35,8,27,1190900
2025-03-08,hormuz,89,59,30,2772469
2025-03-08,malacca,214,78,136,8035693
2025-03-08,suez,37,9,28,2172814
2025-03-09,bab_el_mandeb,30,15,15,1293412
2025-03-09,hormuz,74,44,30,2595999
2025-03-09,malacca,191,73,118,6802004
2025-03-09,suez,34,11,23,1471519
2025-03-10,bab_el_mandeb,32,10,22,838341
2025-03-10,hormuz,91,51,40,4487507
2025-03-10,malacca,241,78,163,9694990
2025-03-10,suez,34,15,19,1002882
2025-03-11,bab_el_mandeb,38,14,24,1429135
2025-03-11,hormuz,65,33,32,3723461
2025-03-11,malacca,192,80,112,7638641
2025-03-11,suez,38,21,17,2224644
2025-03-12,bab_el_mandeb,19,8,11,657928
2025-03-12,hormuz,87,52,35,3754187
2025-03-12,malacca,246,87,159,9591785
2025-03-12,suez,34,9,25,1294861
2025-03-13,bab_el_mandeb,38,15,23,1732512
2025-03-13,hormuz,98,50,48,3154951
2025-03-13,malacca,208,71,137,6751339
2025-03-13,suez,42,13,29,1117991
2025-03-14,bab_el_mandeb,33,8,25,1337196
2025-03-14,hormuz,84,41,43,2974147
2025-03-14,malacca,241,86,155,9589820
2025-03-14,suez,33,13,20,1496816
2025-03-15,bab_el_mandeb,42,15,27,1856380
2025-03-15,hormuz,101,58,43,3450524
2025-03-15,malacca,206,71,135,7973582
2025-03-15,suez,37,11,26,1704992
2025-03-16,bab_el_mandeb,31,14,17,1045720
2025-03-16,hormuz,131,71,60,5069604
2025-03-16,malacca,238,94,144,9733856
2025-03-16,suez,49,21,28,1488786
2025-03-17,bab_el_mandeb,35,15,20,1506051
2025-03-17,hormuz,99,48,51,3675096
2025-03-17,malacca,234,82,152,8044271
2025-03-17,suez,37,16,21,1260904
2025-03-18,bab_el_mandeb,37,13,24,1061652
2025-03-18,hormuz,104,57,47,4098715
2025-03-18,malacca,212,83,129,7180087
2025-03-18,suez,29,9,20,865180
2025-03-19,bab_el_mandeb,41,17,24,1226861
2025-03-19,hormuz,91,50,41,3279014
2025-03-19,malacca,219,79,140,7408325
2025-03-19,suez,27,14,13,1036882
2025-03-20,bab_el_mandeb,24,12,12,1249169
2025-03-20,hormuz,97,63,34,4342999
2025-03-20,malacca,219,87,132,9557200
2025-03-20,suez,36,13,23,1542861
2025-03-21,bab_el_mandeb,35,11,24,1055017
2025-03-21,hormuz,106,62,44,3555467
2025-03-21,malacca,231,89,142,9957926
2025-03-21,suez,42,17,25,1490141
2025-03-22,bab_el_mandeb,29,10,19,1104667
2025-03-22,hormuz,71,44,27,3581601
2025-03-22,malacca,234,79,155,11042354
2025-03-22,suez,40,13,27,1288232
2025-03-23,bab_el_mandeb,36,16,20,1403906
2025-03-23,hormuz,98,50,48,3395404
2025-03-23,malacca,213,76,137,8133520
2025-03-23,suez,45,15,30,1417451
2025-03-24,bab_el_mandeb,26,11,15,735297
2025-03-24,hormuz,89,49,40,3367632
2025-03-24,malacca,242,85,157,9758552
2025-03-24,suez,41,19,22,1766134
2025-03-25,bab_el_mandeb,35,13,22,1615716
2025-03-25,hormuz,73,44,29,1547334
2025-03-25,malacca,239,84,155,10649030
2025-03-25,suez,32,13,19,1030395
2025-03-26,bab_el_mandeb,25,10,15,953236
2025-03-26,hormuz,67,31,36,1860590
2025-03-26,malacca,248,90,158,8511429
2025-03-26,suez,41,17,24,1782879
2025-03-27,bab_el_mandeb,32,8,24,1236379
2025-03-27,hormuz,88,41,47,4294260
2025-03-27,malacca,228,80,148,8993230
2025-03-27,suez,34,17,17,1307509
2025-03-28,bab_el_mandeb,40,13,27,1966175
2025-03-28,hormuz,135,73,62,4829812
2025-03-28,malacca,223,72,151,9923854
2025-03-28,suez,50,24,26,1854173
2025-03-29,bab_el_mandeb,24,11,13,1062210
2025-03-29,hormuz,143,90,53,5509625
2025-03-29,malacca,234,80,154,8656231
2025-03-29,suez,28,13,15,805410
2025-03-30,bab_el_mandeb,35,13,22,1403797
2025-03-30,hormuz,126,84,42,3992164
2025-03-30,malacca,229,77,152,7913647
2025-03-30,suez,41,19,22,1357623
2025-03-31,bab_el_mandeb,41,10,31,1458072
2025-03-31,hormuz,103,57,46,4081352
2025-03-31,malacca,222,79,143,8335986
2025-03-31,suez,35,12,23,1579042
2025-04-01,bab_el_mandeb,24,9,15,1099298
2025-04-01,hormuz,141,73,68,4592040
2025-04-01,malacca,229,73,156,9227788
2025-04-01,suez,37,13,24,1504266
2025-04-02,bab_el_mandeb,33,11,22,1326033
2025-04-02,hormuz,104,53,51,2561610
2025-04-02,malacca,236,70,166,9614868
2025-04-02,suez,36,14,22,913814
2025-04-03,bab_el_mandeb,41,19,22,1342226
2025-04-03,hormuz,85,58,27,3432406
2025-04-03,malacca,220,82,138,7358454
2025-04-03,suez,43,14,29,1844393
2025-04-04,bab_el_mandeb,38,15,23,1603408
2025-04-04,hormuz,133,76,57,6171723
2025-04-04,malacca,214,68,146,8908946
2025-04-04,suez,42,19,23,1290278
2025-04-05,bab_el_mandeb,38,15,23,1229432
2025-04-05,hormuz,106,55,51,3626822
2025-04-05,malacca,233,77,156,9075780
2025-04-05,suez,39,15,24,1429209
2025-04-06,bab_el_mandeb,26,6,20,904527
2025-04-06,hormuz,126,68,58,4374568
2025-04-06,malacca,224,69,155,8921391
2025-04-06,suez,24,7,17,724146
2025-04-07,bab_el_mandeb,38,19,19,1441340
2025-04-07,hormuz,114,67,47,3794030
2025-04-07,malacca,218,78,140,11793430
2025-04-07,suez,31,14,17,1073415
2025-04-08,bab_el_mandeb,37,15,22,1339464
2025-04-08,hormuz,118,76,42,4569653
2025-04-08,malacca,225,76,149,9046029
2025-04-08,suez,28,11,17,1225149
2025-04-09,bab_el_mandeb,34,10,24,1405976
2025-04-09,hormuz,134,74,60,4156521
2025-04-09,malacca,240,72,168,9587330
2025-04-09,suez,38,16,22,1502119
2025-04-10,bab_el_mandeb,31,10,21,792533
2025-04-10,hormuz,123,67,56,4801691
2025-04-10,malacca,257,103,154,9002846
2025-04-10,suez,48,17,31,1861398
2025-04-11,bab_el_mandeb,25,14,11,754733
2025-04-11,hormuz,130,69,61,4993815
2025-04-11,malacca,231,80,151,8517314
2025-04-11,suez,38,16,22,1633820
2025-04-12,bab_el_mandeb,31,11,20,1241475
2025-04-12,hormuz,116,61,55,5073658
2025-04-12,malacca,219,77,142,9557394
2025-04-12,suez,40,17,23,1546103
2025-04-13,bab_el_mandeb,40,16,24,1190927
2025-04-13,hormuz,120,71,49,5088731
2025-04-13,malacca,243,88,155,8406185
2025-04-13,suez,52,25,27,2074489
2025-04-14,bab_el_mandeb,28,11,17,1165952
2025-04-14,hormuz,109,59,50,4297566
2025-04-14,malacca,245,76,169,9601350
2025-04-14,suez,34,12,22,1055644
2025-04-15,bab_el_mandeb,28,6,22,1120199
2025-04-15,hormuz,60,32,28,2143423
2025-04-15,malacca,239,80,159,10652316
2025-04-15,suez,28,11,17,1098804
2025-04-16,bab_el_mandeb,35,16,19,1264130
2025-04-16,hormuz,119,71,48,4924699
2025-04-16,malacca,250,98,152,9850096
2025-04-16,suez,40,17,23,1662929
2025-04-17,bab_el_mandeb,23,9,14,1342508
2025-04-17,hormuz,69,35,34,2398638
2025-04-17,malacca,205,65,140,6709111
2025-04-17,suez,40,13,27,1383602
2025-04-18,bab_el_mandeb,32,13,19,1116304
2025-04-18,hormuz,47,21,26,1506118
2025-04-18,malacca,225,71,154,10509373
2025-04-18,suez,45,22,23,1003102
2025-04-19,bab_el_mandeb,44,13,31,1497234
2025-04-19,hormuz,69,36,33,3108768
2025-04-19,malacca,227,82,145,8094169
2025-04-19,suez,30,15,15,924151
2025-04-20,bab_el_mandeb,20,5,15,718190
2025-04-20,hormuz,99,58,41,4315995
2025-04-20,malacca,236,75,161,9220600
2025-04-20,suez,31,12,19,1303620
2025-04-21,bab_el_mandeb,43,13,30,1870523
2025-04-21,hormuz,124,74,50,4403769
2025-04-21,malacca,209,65,144,8692038
2025-04-21,suez,37,10,27,1389561
2025-04-22,bab_el_mandeb,35,8,27,1259596
2025-04-22,hormuz,154,76,78,5566591
2025-04-22,malacca,230,85,145,10367794
2025-04-22,suez,40,12,28,1212525
2025-04-23,bab_el_mandeb,32,9,23,1317737
2025-04-23,hormuz,104,61,43,4131470
2025-04-23,malacca,217,74,143,8588900
2025-04-23,suez,39,14,25,1433436
2025-04-24,bab_el_mandeb,32,17,15,1360074
2025-04-24,hormuz,110,57,53,3095045
2025-04-24,malacca,243,92,151,9105733
2025-04-24,suez,34,13,21,1123037
2025-04-25,bab_el_mandeb,32,12,20,1330372
2025-04-25,hormuz,72,44,28,2689993
2025-04-25,malacca,235,84,151,10279749
2025-04-25,suez,40,16,24,1373092
2025-04-26,bab_el_mandeb,36,11,25,1143222
2025-04-26,hormuz,139,90,49,5126957
2025-04-26,malacca,218,93,125,9074058
2025-04-26,suez,30,9,21,912853
2025-04-27,bab_el_mandeb,27,5,22,926677
2025-04-27,hormuz,111,68,43,4454494
2025-04-27,malacca,245,82,163,9016256
2025-04-27,suez,33,11,22,1344846
2025-04-28,bab_el_mandeb,32,11,21,927335
2025-04-28,hormuz,87,53,34,2857568
2025-04-28,malacca,236,75,161,9539908
2025-04-28,suez,33,10,23,771683
2025-04-29,bab_el_mandeb,39,11,28,1518696
2025-04-29,hormuz,90,48,42,3520983
2025-04-29,malacca,232,76,156,8927711
2025-04-29,suez,59,24,35,2128256
2025-04-30,bab_el_mandeb,28,10,18,1144352
2025-04-30,hormuz,98,50,48,3597499
2025-04-30,malacca,239,86,153,8180574
2025-04-30,suez,18,11,7,658612
2025-05-01,bab_el_mandeb,26,8,18,822548
2025-05-01,hormuz,124,75,49,5695769
2025-05-01,malacca,232,73,159,9286496
2025-05-01,suez,51,23,28,2252164
2025-05-02,bab_el_mandeb,22,6,16,580996
2025-05-02,hormuz,119,72,47,3575470
2025-05-02,malacca,249,94,155,9237258
2025-05-02,suez,35,10,25,1407573
2025-05-03,bab_el_mandeb,41,20,21,1077575
2025-05-03,hormuz,88,50,38,3179218
2025-05-03,malacca,235,84,151,9498983
2025-05-03,suez,33,10,23,1236001
2025-05-04,bab_el_mandeb,33,12,21,1370425
2025-05-04,hormuz,98,58,40,4996820
2025-05-04,malacca,230,76,154,9374104
2025-05-04,suez,26,8,18,965483
2025-05-05,bab_el_mandeb,26,11,15,1041238
2025-05-05,hormuz,127,75,52,4954455
2025-05-05,malacca,229,83,146,9506491
2025-05-05,suez,35,13,22,1038355
2025-05-06,bab_el_mandeb,31,12,19,1267191
2025-05-06,hormuz,133,68,65,4606642
2025-05-06,malacca,249,88,161,9206061
2025-05-06,suez,35,12,23,1005215
2025-05-07,bab_el_mandeb,29,9,20,838063
2025-05-07,hormuz,85,44,41,3194671
2025-05-07,malacca,244,85,159,6862623
2025-05-07,suez,32,9,23,892567
2025-05-08,bab_el_mandeb,39,13,26,1920213
2025-05-08,hormuz,41,27,14,1089171
2025-05-08,malacca,235,86,149,8572497
2025-05-08,suez,39,17,22,1294709
2025-05-09,bab_el_mandeb,35,9,26,1215809
2025-05-09,hormuz,104,62,42,2601376
2025-05-09,malacca,234,89,145,10249110
2025-05-09,suez,31,9,22,1016215
2025-05-10,bab_el_mandeb,36,16,20,1207977
2025-05-10,hormuz,84,50,34,2367751
2025-05-10,malacca,247,78,169,8698698
2025-05-10,suez,42,22,20,1807926
2025-05-11,bab_el_mandeb,28,8,20,1052599
2025-05-11,hormuz,105,65,40,3723279
2025-05-11,malacca,216,75,141,6983882
2025-05-11,suez,27,13,14,619727
2025-05-12,bab_el_mandeb,33,8,25,1134670
2025-05-12,hormuz,139,82,57,5470621
2025-05-12,malacca,224,76,148,10096746
2025-05-12,suez,24,9,15,899724
2025-05-13,bab_el_mandeb,32,7,25,1020498
2025-05-13,hormuz,126,71,55,3825546
2025-05-13,malacca,257,88,169,10346378
2025-05-13,suez,41,13,28,1257064
2025-05-14,bab_el_mandeb,29,6,23,852920
2025-05-14,hormuz,122,72,50,4185586
2025-05-14,malacca,232,77,155,9544478
2025-05-14,suez,42,15,27,2058121
2025-05-15,bab_el_mandeb,35,17,18,1384351
2025-05-15,hormuz,95,52,43,3226837
2025-05-15,malacca,233,85,148,9422033
2025-05-15,suez,49,16,33,1597663
2025-05-16,bab_el_mandeb,39,16,23,922107
2025-05-16,hormuz,113,59,54,4920035
2025-05-16,malacca,230,77,153,10393224
2025-05-16,suez,45,14,31,1559407
2025-05-17,bab_el_mandeb,33,12,21,1145871
2025-05-17,hormuz,128,67,61,4500406
2025-05-17,malacca,243,82,161,9406106
2025-05-17,suez,35,18,17,1515366
2025-05-18,bab_el_mandeb,35,10,25,1196380
2025-05-18,hormuz,118,70,48,4561528
2025-05-18,malacca,219,79,140,8949346
2025-05-18,suez,38,10,28,1270557
2025-05-19,bab_el_mandeb,33,9,24,1198123
2025-05-19,hormuz,96,54,42,2789539
2025-05-19,malacca,228,74,154,9362421
2025-05-19,suez,30,11,19,1311894
2025-05-20,bab_el_mandeb,36,10,26,1344994
2025-05-20,hormuz,125,71,54,4921823
2025-05-20,malacca,242,77,165,10173244
2025-05-20,suez,50,24,26,2024633
2025-05-21,bab_el_mandeb,38,15,23,1639158
2025-05-21,hormuz,111,61,50,2618756
2025-05-21,malacca,255,88,167,9677842
2025-05-21,suez,36,17,19,1560732
2025-05-22,bab_el_mandeb,28,9,19,712738
2025-05-22,hormuz,120,69,51,3046443
2025-05-22,malacca,251,89,162,9084714
2025-05-22,suez,27,15,12,596833
2025-05-23,bab_el_mandeb,40,15,25,1436618
2025-05-23,hormuz,105,60,45,3762949
2025-05-23,malacca,237,93,144,8502536
2025-05-23,suez,37,14,23,1336936
2025-05-24,bab_el_mandeb,29,10,19,1210208
2025-05-24,hormuz,120,61,59,4469200
2025-05-24,malacca,240,94,146,9094027
2025-05-24,suez,43,21,22,1702078
2025-05-25,bab_el_mandeb,38,15,23,1519183
2025-05-25,hormuz,105,57,48,3566352
2025-05-25,malacca,226,76,150,9768750
2025-05-25,suez,44,16,28,1375333
2025-05-26,bab_el_mandeb,32,8,24,1059838
2025-05-26,hormuz,122,56,66,4799453
2025-05-26,malacca,222,84,138,7235633
2025-05-26,suez,30,10,20,988508
2025-05-27,bab_el_mandeb,39,16,23,1209850
2025-05-27,hormuz,113,56,57,4539752
2025-05-27,malacca,215,73,142,8749447
2025-05-27,suez,34,11,23,1274725
2025-05-28,bab_el_mandeb,23,9,14,946928
2025-05-28,hormuz,110,63,47,4691816
2025-05-28,malacca,231,85,146,9225487
2025-05-28,suez,29,9,20,958561
2025-05-29,bab_el_mandeb,39,10,29,1476112
2025-05-29,hormuz,136,85,51,5995449
2025-05-29,malacca,256,98,158,9616385
2025-05-29,suez,44,18,26,1288272
2025-05-30,bab_el_mandeb,37,13,24,910916
2025-05-30,hormuz,133,86,47,3648961
2025-05-30,malacca,226,82,144,9823098
2025-05-30,suez,40,21,19,1445511
2025-05-31,bab_el_mandeb,27,8,19,1234188
2025-05-31,hormuz,127,68,59,4314267
2025-05-31,malacca,223,68,155,9585507
2025-05-31,suez,42,18,24,1922841
2025-06-01,bab_el_mandeb,39,12,27,1153636
2025-06-01,hormuz,133,69,64,4900326
2025-06-01,malacca,229,89,140,9341418
2025-06-01,suez,37,12,25,1647461
2025-06-02,bab_el_mandeb,40,10,30,1247544
2025-06-02,hormuz,109,57,52,3880110
2025-06-02,malacca,236,95,141,8719956
2025-06-02,suez,33,13,20,1475783
2025-06-03,bab_el_mandeb,30,10,20,828508
2025-06-03,hormuz,108,60,48,4259906
2025-06-03,malacca,201,65,136,6171052
2025-06-03,suez,28,11,17,726018
2025-06-04,bab_el_mandeb,43,15,28,1631366
2025-06-04,hormuz,133,82,51,5507114
2025-06-04,malacca,217,80,137,8813644
2025-06-04,suez,35,14,21,1135646
2025-06-05,bab_el_mandeb,31,11,20,1119704
2025-06-05,hormuz,107,65,42,4564259
2025-06-05,malacca,226,82,144,7436045
2025-06-05,suez,33,8,25,806660
2025-06-06,bab_el_mandeb,32,11,21,1285908
2025-06-06,hormuz,96,59,37,2726549
2025-06-06,malacca,260,90,170,9429989
2025-06-06,suez,40,18,22,1300550
2025-06-07,bab_el_mandeb,40,11,29,1606274
2025-06-07,hormuz,96,53,43,4040190
2025-06-07,malacca,241,91,150,11037268
2025-06-07,suez,33,13,20,1236737
2025-06-08,bab_el_mandeb,30,12,18,1002539
2025-06-08,hormuz,128,69,59,5328316
2025-06-08,malacca,231,85,146,9650667
2025-06-08,suez,37,15,22,1196760
2025-06-09,bab_el_mandeb,45,19,26,1168918
2025-06-09,hormuz,111,58,53,3848514
2025-06-09,malacca,252,70,182,8711634
2025-06-09,suez,40,18,22,1603221
2025-06-10,bab_el_mandeb,29,11,18,1046626
2025-06-10,hormuz,104,52,52,3684466
2025-06-10,malacca,239,93,146,9173170
2025-06-10,suez,36,16,20,1252488
2025-06-11,bab_el_mandeb,35,11,24,1063739
2025-06-11,hormuz,98,52,46,4258999
2025-06-11,malacca,212,86,126,8415709
2025-06-11,suez,47,17,30,1324555
2025-06-12,bab_el_mandeb,44,11,33,1506644
2025-06-12,hormuz,94,60,34,3765497
2025-06-12,malacca,218,77,141,8622869
2025-06-12,suez,38,15,23,1392466
2025-06-13,bab_el_mandeb,24,7,17,801432
2025-06-13,hormuz,76,45,31,2895893
2025-06-13,malacca,232,86,146,8709233
2025-06-13,suez,42,20,22,1675581
2025-06-14,bab_el_mandeb,36,14,22,1207890
2025-06-14,hormuz,104,56,48,4022753
2025-06-14,malacca,245,86,159,9526573
2025-06-14,suez,34,16,18,958274
2025-06-15,bab_el_mandeb,35,12,23,1047179
2025-06-15,hormuz,124,74,50,5507640
2025-06-15,malacca,239,84,155,8639811
2025-06-15,suez,42,16,26,1127559
2025-06-16,bab_el_mandeb,35,14,21,1099248
2025-06-16,hormuz,52,29,23,1766413
2025-06-16,malacca,228,89,139,9856412
2025-06-16,suez,30,12,18,829120
2025-06-17,bab_el_mandeb,23,8,15,1248009
2025-06-17,hormuz,87,49,38,3617350
2025-06-17,malacca,242,88,154,8686654
2025-06-17,suez,45,15,30,1739795
2025-06-18,bab_el_mandeb,26,9,17,689421
2025-06-18,hormuz,118,63,55,3289758
2025-06-18,malacca,242,87,155,9414752
2025-06-18,suez,44,16,28,1531757
2025-06-19,bab_el_mandeb,22,12,10,1067497
2025-06-19,hormuz,108,60,48,4897719
2025-06-19,malacca,244,86,158,11094114
2025-06-19,suez,34,8,26,863143
2025-06-20,bab_el_mandeb,27,13,14,1074890
2025-06-20,hormuz,105,54,51,3805114
2025-06-20,malacca,218,76,142,8062730
2025-06-20,suez,35,11,24,1183979
2025-06-21,bab_el_mandeb,24,11,13,912892
2025-06-21,hormuz,88,49,39,2577920
2025-06-21,malacca,229,83,146,7765698
2025-06-21,suez,36,18,18,1274793
2025-06-22,bab_el_mandeb,25,15,10,1297560
2025-06-22,hormuz,89,51,38,3918455
2025-06-22,malacca,230,79,151,8749164
2025-06-22,suez,34,16,18,1054980
2025-06-23,bab_el_mandeb,29,9,20,925121
2025-06-23,hormuz,92,44,48,3247450
2025-06-23,malacca,204,84,120,9442564
2025-06-23,suez,27,9,18,809606
2025-06-24,bab_el_mandeb,32,15,17,1048189
2025-06-24,hormuz,75,42,33,1968126
2025-06-24,malacca,249,83,166,10691931
2025-06-24,suez,35,15,20,1324102
2025-06-25,bab_el_mandeb,27,10,17,946634
2025-06-25,hormuz,63,42,21,1989179
2025-06-25,malacca,223,82,141,8940408
2025-06-25,suez,28,16,12,699864
2025-06-26,bab_el_mandeb,29,9,20,1297775
2025-06-26,hormuz,81,44,37,3326895
2025-06-26,malacca,241,81,160,7735354
2025-06-26,suez,38,19,19,1446983
2025-06-27,bab_el_mandeb,33,14,19,745146
2025-06-27,hormuz,95,51,44,2799882
2025-06-27,malacca,240,99,141,8570445
2025-06-27,suez,47,20,27,1849435
2025-06-28,bab_el_mandeb,31,9,22,1335583
2025-06-28,hormuz,89,44,45,2722736
2025-06-28,malacca,235,85,150,9156622
2025-06-28,suez,35,13,22,1140207
2025-06-29,bab_el_mandeb,19,6,13,744139
2025-06-29,hormuz,130,72,58,4805039
2025-06-29,malacca,223,74,149,8666065
2025-06-29,suez,37,10,27,1255313
2025-06-30,bab_el_mandeb,32,15,17,1340243
2025-06-30,hormuz,113,60,53,3629253
2025-06-30,malacca,233,80,153,9333794
2025-06-30,suez,37,14,23,1011144
2025-07-01,bab_el_mandeb,43,15,28,1212983
2025-07-01,hormuz,100,48,52,3029354
2025-07-01,malacca,232,69,163,8352611
2025-07-01,suez,36,16,20,1460612
2025-07-02,bab_el_mandeb,34,15,19,1781727
2025-07-02,hormuz,86,48,38,3045668
2025-07-02,malacca,237,79,158,9044833
2025-07-02,suez,38,15,23,1582774
2025-07-03,bab_el_mandeb,29,10,19,1568056
2025-07-03,hormuz,76,41,35,3002532
2025-07-03,malacca,249,95,154,9866545
2025-07-03,suez,39,16,23,1362647
2025-07-04,bab_el_mandeb,30,14,16,897084
2025-07-04,hormuz,108,66,42,4560561
2025-07-04,malacca,228,69,159,8751325
2025-07-04,suez,29,11,18,1280708
2025-07-05,bab_el_mandeb,25,7,18,777759
2025-07-05,hormuz,79,51,28,2428508
2025-07-05,malacca,260,84,176,11165064
2025-07-05,suez,35,14,21,1287555
2025-07-06,bab_el_mandeb,30,7,23,1039033
2025-07-06,hormuz,87,47,40,2512215
2025-07-06,malacca,247,88,159,9182980
2025-07-06,suez,46,21,25,1513379
2025-07-07,bab_el_mandeb,36,10,26,1519560
2025-07-07,hormuz,71,37,34,2966161
2025-07-07,malacca,242,96,146,8622530
2025-07-07,suez,44,18,26,1637375
2025-07-08,bab_el_mandeb,35,13,22,1177019
2025-07-08,hormuz,94,47,47,2819354
2025-07-08,malacca,232,84,148,8560519
2025-07-08,suez,37,11,26,1636396
2025-07-09,bab_el_mandeb,27,13,14,1596208
2025-07-09,hormuz,115,71,44,4874821
2025-07-09,malacca,224,79,145,9890870
2025-07-09,suez,45,19,26,1563733
2025-07-10,bab_el_mandeb,36,16,20,1182894
2025-07-10,hormuz,99,58,41,4105503
2025-07-10,malacca,219,81,138,9130573
2025-07-10,suez,38,16,22,1620695
2025-07-11,bab_el_mandeb,37,14,23,1575471
2025-07-11,hormuz,75,50,25,4365488
2025-07-11,malacca,240,74,166,9476077
2025-07-11,suez,37,20,17,1120862
2025-07-12,bab_el_mandeb,39,8,31,1329058
2025-07-12,hormuz,119,67,52,5140961
2025-07-12,malacca,230,81,149,8299919
2025-07-12,suez,32,12,20,1078153
2025-07-13,bab_el_mandeb,34,15,19,1427011
2025-07-13,hormuz,95,54,41,2725946
2025-07-13,malacca,214,80,134,8803238
2025-07-13,suez,32,11,21,1300963
2025-07-14,bab_el_mandeb,26,8,18,941477
2025-07-14,hormuz,115,63,52,3938474
2025-07-14,malacca,256,98,158,8736808
2025-07-14,suez,38,20,18,1717031
2025-07-15,bab_el_mandeb,33,10,23,1308220
2025-07-15,hormuz,131,68,63,5430355
2025-07-15,malacca,236,95,141,9997732
2025-07-15,suez,38,14,24,1293665
2025-07-16,bab_el_mandeb,26,11,15,989869
2025-07-16,hormuz,132,74,58,5130083
2025-07-16,malacca,237,90,147,8298691
2025-07-16,suez,38,17,21,1212062
2025-07-17,bab_el_mandeb,35,13,22,1447849
2025-07-17,hormuz,108,58,50,3782124
2025-07-17,malacca,245,101,144,9267410
2025-07-17,suez,33,10,23,1014676
2025-07-18,bab_el_mandeb,25,10,15,934564
2025-07-18,hormuz,105,57,48,3820768
2025-07-18,malacca,253,78,175,8994698
2025-07-18,suez,33,10,23,1078673
2025-07-19,bab_el_mandeb,24,7,17,661241
2025-07-19,hormuz,106,64,42,4136891
2025-07-19,malacca,242,84,158,7670809
2025-07-19,suez,39,16,23,1297146
2025-07-20,bab_el_mandeb,23,9,14,885800
2025-07-20,hormuz,136,80,56,5519742
2025-07-20,malacca,229,77,152,8867812
2025-07-20,suez,38,18,20,1271772
2025-07-21,bab_el_mandeb,36,7,29,869171
2025-07-21,hormuz,97,53,44,4510276
2025-07-21,malacca,230,73,157,8656523
2025-07-21,suez,40,17,23,1300299
2025-07-22,bab_el_mandeb,45,20,25,1448948
2025-07-22,hormuz,91,38,53,2914356
2025-07-22,malacca,248,93,155,9027684
2025-07-22,suez,50,18,32,2452112
2025-07-23,bab_el_mandeb,18,5,13,366240
2025-07-23,hormuz,125,68,57,3883286
2025-07-23,malacca,229,84,145,9449912
2025-07-23,suez,36,13,23,1639471
2025-07-24,bab_el_mandeb,34,12,22,1252731
2025-07-24,hormuz,107,58,49,4249129
2025-07-24,malacca,230,78,152,8575349
2025-07-24,suez,44,18,26,1446278
2025-07-25,bab_el_mandeb,30,13,17,1314434
2025-07-25,hormuz,93,57,36,3915713
2025-07-25,malacca,220,78,142,8221732
2025-07-25,suez,37,17,20,1107489
2025-07-26,bab_el_mandeb,31,7,24,870263
2025-07-26,hormuz,93,59,34,3372757
2025-07-26,malacca,232,91,141,10703886
2025-07-26,suez,32,13,19,1034457
2025-07-27,bab_el_mandeb,31,10,21,1212968
2025-07-27,hormuz,117,68,49,4701823
2025-07-27,malacca,252,89,163,11128810
2025-07-27,suez,42,12,30,1615741
2025-07-28,bab_el_mandeb,25,5,20,691757
2025-07-28,hormuz,117,69,48,3562967
2025-07-28,malacca,237,75,162,9407506
2025-07-28,suez,44,16,28,1682618
2025-07-29,bab_el_mandeb,26,13,13,631388
2025-07-29,hormuz,116,66,50,3954331
2025-07-29,malacca,224,79,145,7635581
2025-07-29,suez,34,20,14,1507304
2025-07-30,bab_el_mandeb,25,7,18,896303
2025-07-30,hormuz,102,59,43,4845843
2025-07-30,malacca,236,75,161,9071375
2025-07-30,suez,39,20,19,982994
2025-07-31,bab_el_mandeb,31,9,22,1160557
2025-07-31,hormuz,125,69,56,4581810
2025-07-31,malacca,223,83,140,10643821
2025-07-31,suez,29,7,22,864915
2025-08-01,bab_el_mandeb,37,11,26,1508384
2025-08-01,hormuz,70,48,22,2803579
2025-08-01,malacca,228,71,157,8969157
2025-08-01,suez,42,12,30,1540544
2025-08-02,bab_el_mandeb,41,20,21,1251851
2025-08-02,hormuz,115,66,49,5483097
2025-08-02,malacca,224,66,158,9185541
2025-08-02,suez,44,16,28,1250886
2025-08-03,bab_el_mandeb,30,7,23,1232057
2025-08-03,hormuz,96,53,43,4099088
2025-08-03,malacca,224,69,155,8312588
2025-08-03,suez,35,16,19,1380990
2025-08-04,bab_el_mandeb,32,11,21,987095
2025-08-04,hormuz,52,29,23,2114696
2025-08-04,malacca,222,84,138,6974256
2025-08-04,suez,32,13,19,1400891
2025-08-05,bab_el_mandeb,29,12,17,1054058
2025-08-05,hormuz,88,45,43,3480071
2025-08-05,malacca,243,81,162,8961074
2025-08-05,suez,41,19,22,1717023
2025-08-06,bab_el_mandeb,38,17,21,1480056
2025-08-06,hormuz,82,37,45,3141197
2025-08-06,malacca,193,53,140,7580061
2025-08-06,suez,35,15,20,1530577
2025-08-07,bab_el_mandeb,27,16,11,519418
2025-08-07,hormuz,82,43,39,3188704
2025-08-07,malacca,239,95,144,7394858
2025-08-07,suez,33,12,21,1042078
2025-08-08,bab_el_mandeb,47,17,30,1962252
2025-08-08,hormuz,86,51,35,2993816
2025-08-08,malacca,256,97,159,11573378
2025-08-08,suez,42,13,29,1552532
2025-08-09,bab_el_mandeb,36,9,27,937558
2025-08-09,hormuz,69,44,25,2844209
2025-08-09,malacca,237,78,159,9995302
2025-08-09,suez,47,17,30,1614212
2025-08-10,bab_el_mandeb,39,17,22,1202701
2025-08-10,hormuz,60,32,28,2750016
2025-08-10,malacca,238,71,167,9882084
2025-08-10,suez,36,16,20,1410259
2025-08-11,bab_el_mandeb,36,11,25,1329384
2025-08-11,hormuz,90,51,39,3431061
2025-08-11,malacca,223,81,142,9976334
2025-08-11,suez,39,17,22,1514705
2025-08-12,bab_el_mandeb,39,8,31,963094
2025-08-12,hormuz,147,77,70,5119923
2025-08-12,malacca,253,91,162,7664068
2025-08-12,suez,37,16,21,995336
2025-08-13,bab_el_mandeb,46,15,31,1848606
2025-08-13,hormuz,90,51,39,3450635
2025-08-13,malacca,237,81,156,9647629
2025-08-13,suez,28,18,10,930130
2025-08-14,bab_el_mandeb,40,7,33,1237793
2025-08-14,hormuz,105,56,49,3924990
2025-08-14,malacca,229,71,158,8853188
2025-08-14,suez,43,18,25,1288219
2025-08-15,bab_el_mandeb,33,13,20,1394501
2025-08-15,hormuz,70,43,27,2671517
2025-08-15,malacca,249,91,158,8516414
2025-08-15,suez,41,11,30,1534423
2025-08-16,bab_el_mandeb,25,7,18,603616
2025-08-16,hormuz,73,44,29,3395873
2025-08-16,malacca,239,80,159,9260932
2025-08-16,suez,38,14,24,1302582
2025-08-17,bab_el_mandeb,23,7,16,639641
2025-08-17,hormuz,83,45,38,3801191
2025-08-17,malacca,269,83,186,10533040
2025-08-17,suez,35,13,22,1345271
2025-08-18,bab_el_mandeb,27,10,17,765373
2025-08-18,hormuz,100,52,48,3500549
2025-08-18,malacca,244,89,155,10764645
2025-08-18,suez,43,16,27,1610615
2025-08-19,bab_el_mandeb,32,7,25,858632
2025-08-19,hormuz,117,60,57,5949742
2025-08-19,malacca,259,99,160,8588456
2025-08-19,suez,43,15,28,1318083
2025-08-20,bab_el_mandeb,34,9,25,1259583
2025-08-20,hormuz,84,49,35,3268435
2025-08-20,malacca,230,93,137,8202421
2025-08-20,suez,60,20,40,2100152
2025-08-21,bab_el_mandeb,27,11,16,1128694
2025-08-21,hormuz,85,49,36,3730537
2025-08-21,malacca,221,71,150,8772498
2025-08-21,suez,24,12,12,596485
2025-08-22,bab_el_mandeb,27,6,21,602816
2025-08-22,hormuz,134,83,51,4497402
2025-08-22,malacca,239,77,162,9282996
2025-08-22,suez,36,16,20,1326343
2025-08-23,bab_el_mandeb,33,8,25,1244101
2025-08-23,hormuz,116,66,50,4168885
2025-08-23,malacca,232,101,131,9893768
2025-08-23,suez,40,16,24,1386426
2025-08-24,bab_el_mandeb,35,10,25,949519
2025-08-24,hormuz,128,72,56,4716930
2025-08-24,malacca,247,84,163,9135010
2025-08-24,suez,45,15,30,1585926
2025-08-25,bab_el_mandeb,30,8,22,1288535
2025-08-25,hormuz,88,43,45,3015210
2025-08-25,malacca,240,75,165,10675352
2025-08-25,suez,34,11,23,1342373
2025-08-26,bab_el_mandeb,33,11,22,1269228
2025-08-26,hormuz,76,40,36,2437461
2025-08-26,malacca,219,88,131,7715655
2025-08-26,suez,40,19,21,1546761
2025-08-27,bab_el_mandeb,42,17,25,1628730
2025-08-27,hormuz,93,47,46,3918477
2025-08-27,malacca,232,81,151,8139416
2025-08-27,suez,34,15,19,1345237
2025-08-28,bab_el_mandeb,34,15,19,1210860
2025-08-28,hormuz,100,60,40,3049919
2025-08-28,malacca,254,93,161,10556504
2025-08-28,suez,32,12,20,577183
2025-08-29,bab_el_mandeb,43,15,28,1979006
2025-08-29,hormuz,128,67,61,4938679
2025-08-29,malacca,240,91,149,8942818
2025-08-29,suez,41,15,26,1208831
2025-08-30,bab_el_mandeb,48,10,38,1520046
2025-08-30,hormuz,105,64,41,4890175
2025-08-30,malacca,256,76,180,8954776
2025-08-30,suez,31,8,23,1378928
2025-08-31,bab_el_mandeb,33,12,21,1067692
2025-08-31,hormuz,100,56,44,3899252
2025-08-31,malacca,217,82,135,7870576
2025-08-31,suez,43,13,30,1638165
2025-09-01,bab_el_mandeb,29,9,20,1284741
2025-09-01,hormuz,110,65,45,4572174
2025-09-01,malacca,233,81,152,8159539
2025-09-01,suez,47,16,31,1340961
2025-09-02,bab_el_mandeb,29,7,22,772756
2025-09-02,hormuz,102,54,48,3377737
2025-09-02,malacca,231,85,146,9207982
2025-09-02,suez,36,18,18,1430578
2025-09-03,bab_el_mandeb,37,10,27,1482628
2025-09-03,hormuz,100,47,53,3599985
2025-09-03,malacca,243,80,163,7400795
2025-09-03,suez,47,13,34,1472353
2025-09-04,bab_el_mandeb,30,12,18,1330302
2025-09-04,hormuz,59,32,27,1938355
2025-09-04,malacca,227,74,153,9006657
2025-09-04,suez,44,19,25,1684809
2025-09-05,bab_el_mandeb,46,10,36,1381297
2025-09-05,hormuz,138,86,52,5912743
2025-09-05,malacca,252,89,163,10948700
2025-09-05,suez,37,8,29,1369129
2025-09-06,bab_el_mandeb,34,11,23,804636
2025-09-06,hormuz,94,54,40,4068091
2025-09-06,malacca,265,92,173,12293606
2025-09-06,suez,39,14,25,1348985
2025-09-07,bab_el_mandeb,32,11,21,1028371
2025-09-07,hormuz,117,65,52,5213762
2025-09-07,malacca,241,78,163,10638774
2025-09-07,suez,46,19,27,2047555
2025-09-08,bab_el_mandeb,33,6,27,1077523
2025-09-08,hormuz,113,61,52,4445697
2025-09-08,malacca,245,72,173,9839926
2025-09-08,suez,35,14,21,1377853
2025-09-09,bab_el_mandeb,35,11,24,1739613
2025-09-09,hormuz,107,51,56,3704584
2025-09-09,malacca,255,93,162,10112736
2025-09-09,suez,43,17,26,1829844
2025-09-10,bab_el_mandeb,29,6,23,1186074
2025-09-10,hormuz,107,53,54,3665728
2025-09-10,malacca,250,84,166,9638478
2025-09-10,suez,39,16,23,1536426
2025-09-11,bab_el_mandeb,31,12,19,1087769
2025-09-11,hormuz,77,38,39,2718747
2025-09-11,malacca,233,83,150,9771394
2025-09-11,suez,49,20,29,1832005
2025-09-12,bab_el_mandeb,39,13,26,1344166
2025-09-12,hormuz,66,43,23,1933163
2025-09-12,malacca,236,75,161,8320065
2025-09-12,suez,51,18,33,1713566
2025-09-13,bab_el_mandeb,42,17,25,1524062
2025-09-13,hormuz,73,40,33,2769579
2025-09-13,malacca,228,90,138,9522611
2025-09-13,suez,50,18,32,1436704
2025-09-14,bab_el_mandeb,39,15,24,1194573
2025-09-14,hormuz,59,35,24,1792684
2025-09-14,malacca,246,83,163,8535609
2025-09-14,suez,46,13,33,1744768
2025-09-15,bab_el_mandeb,35,12,23,1056260
2025-09-15,hormuz,70,37,33,1400826
2025-09-15,malacca,251,85,166,8178312
2025-09-15,suez,37,13,24,1363137
2025-09-16,bab_el_mandeb,40,11,29,1998161
2025-09-16,hormuz,76,48,28,2402249
2025-09-16,malacca,239,86,153,8935848
2025-09-16,suez,34,14,20,1214132
2025-09-17,bab_el_mandeb,28,10,18,1316877
2025-09-17,hormuz,128,71,57,4157488
2025-09-17,malacca,262,99,163,10023750
2025-09-17,suez,44,18,26,1648715
2025-09-18,bab_el_mandeb,36,10,26,1618552
2025-09-18,hormuz,106,61,45,3840836
2025-09-18,malacca,254,85,169,9257002
2025-09-18,suez,37,15,22,1476084
2025-09-19,bab_el_mandeb,34,8,26,1310445
2025-09-19,hormuz,67,36,31,2721620
2025-09-19,malacca,282,98,184,10656580
2025-09-19,suez,51,28,23,1514668
2025-09-20,bab_el_mandeb,33,15,18,827776
2025-09-20,hormuz,77,55,22,2958780
2025-09-20,malacca,229,82,147,9123847
2025-09-20,suez,39,12,27,1370502
2025-09-21,bab_el_mandeb,30,9,21,1066739
2025-09-21,hormuz,80,54,26,2269767
2025-09-21,malacca,233,86,147,8291145
2025-09-21,suez,31,11,20,1307095
2025-09-22,bab_el_mandeb,33,12,21,1129556
2025-09-22,hormuz,54,30,24,1413021
2025-09-22,malacca,243,91,152,9042045
2025-09-22,suez,45,16,29,1528560
2025-09-23,bab_el_mandeb,28,11,17,972704
2025-09-23,hormuz,107,63,44,4075011
2025-09-23,malacca,253,91,162,10468208
2025-09-23,suez,39,11,28,1438861
2025-09-24,bab_el_mandeb,24,8,16,647727
2025-09-24,hormuz,106,60,46,3435220
2025-09-24,malacca,217,78,139,9139883
2025-09-24,suez,52,22,30,2001044
2025-09-25,bab_el_mandeb,43,13,30,1542153
2025-09-25,hormuz,75,30,45,2854431
2025-09-25,malacca,232,76,156,8329448
2025-09-25,suez,44,20,24,1471761
2025-09-26,bab_el_mandeb,26,10,16,1116783
2025-09-26,hormuz,66,30,36,1883409
2025-09-26,malacca,248,98,150,8925939
2025-09-26,suez,36,12,24,1001011
2025-09-27,bab_el_mandeb,42,15,27,1134467
2025-09-27,hormuz,85,49,36,3797822
2025-09-27,malacca,235,74,161,9082769
2025-09-27,suez,34,14,20,1196450
2025-09-28,bab_el_mandeb,34,16,18,2094638
2025-09-28,hormuz,110,69,41,4989943
2025-09-28,malacca,218,88,130,9491034
2025-09-28,suez,46,21,25,1959389
2025-09-29,bab_el_mandeb,28,10,18,1318560
2025-09-29,hormuz,97,56,41,2561127
2025-09-29,malacca,179,60,119,6174463
2025-09-29,suez,39,13,26,1494124
2025-09-30,bab_el_mandeb,26,7,19,939845
2025-09-30,hormuz,129,72,57,4563370
2025-09-30,malacca,243,91,152,8890774
2025-09-30,suez,38,13,25,1175240
2025-10-01,bab_el_mandeb,23,7,16,510389
2025-10-01,hormuz,115,69,46,4196216
2025-10-01,malacca,226,70,156,9141328
2025-10-01,suez,45,18,27,1701671
2025-10-02,bab_el_mandeb,45,17,28,2101052
2025-10-02,hormuz,122,74,48,5614588
2025-10-02,malacca,255,98,157,10031708
2025-10-02,suez,42,18,24,1470423
2025-10-03,bab_el_mandeb,33,11,22,1266312
2025-10-03,hormuz,136,76,60,5367893
2025-10-03,malacca,228,77,151,8637442
2025-10-03,suez,46,20,26,1704985
2025-10-04,bab_el_mandeb,45,17,28,1550647
2025-10-04,hormuz,149,90,59,3705158
2025-10-04,malacca,258,86,172,10347328
2025-10-04,suez,36,12,24,1014336
2025-10-05,bab_el_mandeb,31,11,20,1308395
2025-10-05,hormuz,135,77,58,5095653
2025-10-05,malacca,238,77,161,9863787
2025-10-05,suez,42,15,27,1645928
2025-10-06,bab_el_mandeb,39,18,21,1423061
2025-10-06,hormuz,75,34,41,3821591
2025-10-06,malacca,275,88,187,9829520
2025-10-06,suez,38,13,25,1116764
2025-10-07,bab_el_mandeb,31,18,13,1357406
2025-10-07,hormuz,35,19,16,1128652
2025-10-07,malacca,230,69,161,8466799
2025-10-07,suez,32,14,18,1483929
2025-10-08,bab_el_mandeb,31,12,19,991720
2025-10-08,hormuz,58,29,29,1593930
2025-10-08,malacca,244,83,161,10236338
2025-10-08,suez,42,13,29,1605154
2025-10-09,bab_el_mandeb,40,11,29,1867797
2025-10-09,hormuz,56,32,24,2381200
2025-10-09,malacca,221,75,146,8400268
2025-10-09,suez,41,15,26,1228764
2025-10-10,bab_el_mandeb,34,14,20,1092223
2025-10-10,hormuz,63,29,34,1785764
2025-10-10,malacca,229,84,145,7307161
2025-10-10,suez,36,12,24,1023355
2025-10-11,bab_el_mandeb,34,15,19,1206135
2025-10-11,hormuz,51,25,26,1633705
2025-10-11,malacca,278,95,183,10056101
2025-10-11,suez,40,15,25,1412947
2025-10-12,bab_el_mandeb,27,9,18,1189998
2025-10-12,hormuz,67,32,35,2224061
2025-10-12,malacca,232,88,144,8565563
2025-10-12,suez,43,24,19,1772188
2025-10-13,bab_el_mandeb,32,8,24,1466488
2025-10-13,hormuz,87,43,44,2903770
2025-10-13,malacca,235,76,159,10642082
2025-10-13,suez,48,15,33,1512068
2025-10-14,bab_el_mandeb,42,13,29,1094159
2025-10-14,hormuz,136,75,61,6879262
2025-10-14,malacca,253,84,169,11317280
2025-10-14,suez,43,13,30,1691943
2025-10-15,bab_el_mandeb,28,6,22,840404
2025-10-15,hormuz,61,39,22,2448716
2025-10-15,malacca,248,99,149,10589749
2025-10-15,suez,31,12,19,1441272
2025-10-16,bab_el_mandeb,32,10,22,1496114
2025-10-16,hormuz,51,26,25,2240823
2025-10-16,malacca,270,91,179,9476469
2025-10-16,suez,51,17,34,1444468
2025-10-17,bab_el_mandeb,41,10,31,1372452
2025-10-17,hormuz,67,28,39,2570094
2025-10-17,malacca,236,78,158,9178479
2025-10-17,suez,50,21,29,2193371
2025-10-18,bab_el_mandeb,46,18,28,1510542
2025-10-18,hormuz,85,51,34,3000303
2025-10-18,malacca,209,76,133,7536391
2025-10-18,suez,32,8,24,668479
2025-10-19,bab_el_mandeb,41,13,28,1365326
2025-10-19,hormuz,71,41,30,3273268
2025-10-19,malacca,252,86,166,9831934
2025-10-19,suez,51,18,33,2150859
2025-10-20,bab_el_mandeb,41,16,25,1961214
2025-10-20,hormuz,66,36,30,2854856
2025-10-20,malacca,261,93,168,10087837
2025-10-20,suez,47,21,26,1719305
2025-10-21,bab_el_mandeb,51,14,37,2228784
2025-10-21,hormuz,80,45,35,2476865
2025-10-21,malacca,232,68,164,9049824
2025-10-21,suez,32,14,18,1389865
2025-10-22,bab_el_mandeb,30,10,20,939513
2025-10-22,hormuz,99,58,41,3675636
2025-10-22,malacca,237,75,162,9487818
2025-10-22,suez,34,13,21,1399195
2025-10-23,bab_el_mandeb,35,14,21,1172911
2025-10-23,hormuz,93,55,38,3612062
2025-10-23,malacca,215,76,139,6756106
2025-10-23,suez,49,17,32,1793205
2025-10-24,bab_el_mandeb,29,8,21,765026
2025-10-24,hormuz,118,71,47,4362037
2025-10-24,malacca,236,84,152,8997049
2025-10-24,suez,40,14,26,1313065
2025-10-25,bab_el_mandeb,42,13,29,1546380
2025-10-25,hormuz,113,68,45,4998747
2025-10-25,malacca,210,69,141,8016692
2025-10-25,suez,47,15,32,1852974
2025-10-26,bab_el_mandeb,29,10,19,1471909
2025-10-26,hormuz,80,41,39,3585172
2025-10-26,malacca,262,87,175,10334063
2025-10-26,suez,50,18,32,1734356
2025-10-27,bab_el_mandeb,24,10,14,1002245
2025-10-27,hormuz,89,51,38,3326254
2025-10-27,malacca,243,92,151,11808832
2025-10-27,suez,44,15,29,1830626
2025-10-28,bab_el_mandeb,32,12,20,818288
2025-10-28,hormuz,129,71,58,4484757
2025-10-28,malacca,239,82,157,10232160
2025-10-28,suez,38,14,24,1551456
2025-10-29,bab_el_mandeb,40,12,28,1949534
2025-10-29,hormuz,100,58,42,3315627
2025-10-29,malacca,241,83,158,9587709
2025-10-29,suez,36,14,22,1403828
2025-10-30,bab_el_mandeb,38,13,25,1465640
2025-10-30,hormuz,85,42,43,3282051
2025-10-30,malacca,253,96,157,10555047
2025-10-30,suez,37,11,26,1437204
2025-10-31,bab_el_mandeb,41,14,27,1847875
2025-10-31,hormuz,99,56,43,5047476
2025-10-31,malacca,221,80,141,10466591
2025-10-31,suez,35,16,19,1233279
2025-11-01,bab_el_mandeb,25,6,19,807600
2025-11-01,hormuz,88,55,33,3074084
2025-11-01,malacca,228,68,160,9541362
2025-11-01,suez,45,17,28,1573569
2025-11-02,bab_el_mandeb,42,11,31,1746985
2025-11-02,hormuz,73,43,30,2754911
2025-11-02,malacca,236,83,153,8858476
2025-11-02,suez,36,10,26,1299959
2025-11-03,bab_el_mandeb,43,15,28,1379044
2025-11-03,hormuz,30,15,15,836556
2025-11-03,malacca,236,80,156,9371902
2025-11-03,suez,49,15,34,1104338
2025-11-04,bab_el_mandeb,33,12,21,1748588
2025-11-04,hormuz,59,38,21,1913151
2025-11-04,malacca,257,93,164,9961481
2025-11-04,suez,39,22,17,1700155
2025-11-05,bab_el_mandeb,31,14,17,1174265
2025-11-05,hormuz,59,36,23,2975646
2025-11-05,malacca,236,82,154,8918112
2025-11-05,suez,46,19,27,1798428
2025-11-06,bab_el_mandeb,49,21,28,1462972
2025-11-06,hormuz,87,49,38,3002330
2025-11-06,malacca,260,89,171,10100726
2025-11-06,suez,37,11,26,1271908
2025-11-07,bab_el_mandeb,36,13,23,1538817
2025-11-07,hormuz,94,50,44,4240816
2025-11-07,malacca,237,93,144,8051478
2025-11-07,suez,52,16,36,2164730
2025-11-08,bab_el_mandeb,42,19,23,1915250
2025-11-08,hormuz,123,72,51,4992516
2025-11-08,malacca,231,93,138,10076574
2025-11-08,suez,38,15,23,1128319
2025-11-09,bab_el_mandeb,44,14,30,1061358
2025-11-09,hormuz,86,56,30,4191151
2025-11-09,malacca,232,74,158,10061812
2025-11-09,suez,48,17,31,2007095
2025-11-10,bab_el_mandeb,32,9,23,1565201
2025-11-10,hormuz,73,44,29,3156766
2025-11-10,malacca,242,91,151,9226660
2025-11-10,suez,48,20,28,1759088
2025-11-11,bab_el_mandeb,41,18,23,1596807
2025-11-11,hormuz,99,60,39,2987696
2025-11-11,malacca,297,97,200,12098650
2025-11-11,suez,48,20,28,1996663
2025-11-12,bab_el_mandeb,26,8,18,1177943
2025-11-12,hormuz,71,40,31,2065961
2025-11-12,malacca,227,91,136,9483728
2025-11-12,suez,43,16,27,1130786
2025-11-13,bab_el_mandeb,34,10,24,1138217
2025-11-13,hormuz,78,42,36,3157862
2025-11-13,malacca,237,76,161,9832112
2025-11-13,suez,44,13,31,1888072
2025-11-14,bab_el_mandeb,28,13,15,1245377
2025-11-14,hormuz,85,50,35,4060843
2025-11-14,malacca,263,88,175,12063205
2025-11-14,suez,47,13,34,1540810
2025-11-15,bab_el_mandeb,37,10,27,1398167
2025-11-15,hormuz,80,45,35,3983380
2025-11-15,malacca,216,84,132,6947418
2025-11-15,suez,40,10,30,1542223
2025-11-16,bab_el_mandeb,38,11,27,1888144
2025-11-16,hormuz,56,24,32,1978478
2025-11-16,malacca,241,83,158,11126278
2025-11-16,suez,45,16,29,1896621
2025-11-17,bab_el_mandeb,40,12,28,1560109
2025-11-17,hormuz,53,33,20,1920669
2025-11-17,malacca,213,69,144,8707324
2025-11-17,suez,38,11,27,1338023
2025-11-18,bab_el_mandeb,40,9,31,1787035
2025-11-18,hormuz,53,31,22,2400056
2025-11-18,malacca,225,82,143,8503856
2025-11-18,suez,28,12,16,1258722
2025-11-19,bab_el_mandeb,38,11,27,1323192
2025-11-19,hormuz,78,48,30,3111257
2025-11-19,malacca,254,85,169,8628708
2025-11-19,suez,44,15,29,1604078
2025-11-20,bab_el_mandeb,47,14,33,1480673
2025-11-20,hormuz,80,55,25,3447833
2025-11-20,malacca,247,84,163,11232000
2025-11-20,suez,50,16,34,1732259
2025-11-21,bab_el_mandeb,39,18,21,1458410
2025-11-21,hormuz,58,39,19,2199840
2025-11-21,malacca,239,86,153,9139511
2025-11-21,suez,45,11,34,1235502
2025-11-22,bab_el_mandeb,33,15,18,1210278
2025-11-22,hormuz,64,36,28,1925844
2025-11-22,malacca,253,91,162,9811828
2025-11-22,suez,34,14,20,1354173
2025-11-23,bab_el_mandeb,47,12,35,1655403
2025-11-23,hormuz,67,33,34,1768184
2025-11-23,malacca,242,92,150,10061012
2025-11-23,suez,40,15,25,1069705
2025-11-24,bab_el_mandeb,30,8,22,855922
2025-11-24,hormuz,59,30,29,2023440
2025-11-24,malacca,218,72,146,7149438
2025-11-24,suez,49,13,36,2718703
2025-11-25,bab_el_mandeb,45,15,30,1554068
2025-11-25,hormuz,75,41,34,2691004
2025-11-25,malacca,224,71,153,11553784
2025-11-25,suez,47,16,31,1406329
2025-11-26,bab_el_mandeb,38,12,26,971646
2025-11-26,hormuz,62,34,28,2242978
2025-11-26,malacca,227,83,144,8860837
2025-11-26,suez,40,20,20,1870525
2025-11-27,bab_el_mandeb,32,13,19,872097
2025-11-27,hormuz,57,35,22,2707731
2025-11-27,malacca,227,84,143,9855012
2025-11-27,suez,50,17,33,2050569
2025-11-28,bab_el_mandeb,37,16,21,1351067
2025-11-28,hormuz,57,30,27,2159801
2025-11-28,malacca,215,86,129,8933839
2025-11-28,suez,44,16,28,1248968
2025-11-29,bab_el_mandeb,33,15,18,1375678
2025-11-29,hormuz,54,29,25,1870850
2025-11-29,malacca,238,79,159,8951947
2025-11-29,suez,28,12,16,1326703
2025-11-30,bab_el_mandeb,47,10,37,1922004
2025-11-30,hormuz,65,39,26,3256023
2025-11-30,malacca,215,74,141,7640025
2025-11-30,suez,44,15,29,1380736
2025-12-01,bab_el_mandeb,28,12,16,1016342
2025-12-01,hormuz,74,40,34,4416382
2025-12-01,malacca,214,77,137,8767934
2025-12-01,suez,54,18,36,1871198
2025-12-02,bab_el_mandeb,42,11,31,1793174
2025-12-02,hormuz,68,34,34,2314300
2025-12-02,malacca,239,100,139,10605045
2025-12-02,suez,32,12,20,1396062
2025-12-03,bab_el_mandeb,41,16,25,1495932
2025-12-03,hormuz,59,31,28,2515731
2025-12-03,malacca,232,88,144,9664466
2025-12-03,suez,40,18,22,1093723
2025-12-04,bab_el_mandeb,26,10,16,979634
2025-12-04,hormuz,52,35,17,2997420
2025-12-04,malacca,264,81,183,9440464
2025-12-04,suez,44,21,23,1951746
2025-12-05,bab_el_mandeb,39,9,30,1030902
2025-12-05,hormuz,55,36,19,1682218
2025-12-05,malacca,287,91,196,11229712
2025-12-05,suez,36,5,31,1412608
2025-12-06,bab_el_mandeb,40,9,31,1277481
2025-12-06,hormuz,80,46,34,2672984
2025-12-06,malacca,224,87,137,10087356
2025-12-06,suez,44,18,26,2003968
2025-12-07,bab_el_mandeb,38,13,25,1340467
2025-12-07,hormuz,57,34,23,2455230
2025-12-07,malacca,227,70,157,8331125
2025-12-07,suez,34,14,20,1266112
2025-12-08,bab_el_mandeb,19,5,14,568470
2025-12-08,hormuz,76,39,37,2664237
2025-12-08,malacca,240,105,135,8667371
2025-12-08,suez,45,18,27,1701674
2025-12-09,bab_el_mandeb,13,5,8,633425
2025-12-09,hormuz,97,55,42,2999457
2025-12-09,malacca,237,81,156,9994328
2025-12-09,suez,38,14,24,1822384
2025-12-10,bab_el_mandeb,26,12,14,1264663
2025-12-10,hormuz,59,35,24,2015995
2025-12-10,malacca,248,84,164,10180647
2025-12-10,suez,31,14,17,1056884
2025-12-11,bab_el_mandeb,24,8,16,591931
2025-12-11,hormuz,63,36,27,2503730
2025-12-11,malacca,240,84,156,8785364
2025-12-11,suez,41,14,27,1347859
2025-12-12,bab_el_mandeb,30,14,16,1194975
2025-12-12,hormuz,51,29,22,1874199
2025-12-12,malacca,249,94,155,10828962
2025-12-12,suez,43,14,29,1494130
2025-12-13,bab_el_mandeb,27,10,17,1305941
2025-12-13,hormuz,53,32,21,2308207
2025-12-13,malacca,241,99,142,9619464
2025-12-13,suez,43,13,30,2146783
2025-12-14,bab_el_mandeb,37,15,22,1335215
2025-12-14,hormuz,58,42,16,3120693
2025-12-14,malacca,250,90,160,12052220
2025-12-14,suez,49,22,27,1968623
2025-12-15,bab_el_mandeb,25,8,17,550362
2025-12-15,hormuz,56,23,33,2512781
2025-12-15,malacca,230,91,139,8387786
2025-12-15,suez,48,24,24,2276149
2025-12-16,bab_el_mandeb,35,14,21,1285470
2025-12-16,hormuz,64,38,26,2912552
2025-12-16,malacca,260,87,173,10392062
2025-12-16,suez,34,16,18,1650259
2025-12-17,bab_el_mandeb,40,14,26,1464464
2025-12-17,hormuz,46,32,14,1620565
2025-12-17,malacca,225,74,151,8511439
2025-12-17,suez,32,10,22,1256640
2025-12-18,bab_el_mandeb,34,17,17,1577120
2025-12-18,hormuz,68,41,27,3185953
2025-12-18,malacca,253,89,164,9384559
2025-12-18,suez,44,19,25,1473335
2025-12-19,bab_el_mandeb,29,10,19,1800647
2025-12-19,hormuz,40,23,17,1805861
2025-12-19,malacca,239,85,154,9344901
2025-12-19,suez,51,17,34,1510561
2025-12-20,bab_el_mandeb,23,11,12,1127708
2025-12-20,hormuz,57,25,32,2421407
2025-12-20,malacca,224,78,146,8121525
2025-12-20,suez,37,18,19,1629895
2025-12-21,bab_el_mandeb,39,14,25,1304673
2025-12-21,hormuz,64,36,28,2273316
2025-12-21,malacca,232,77,155,8678303
2025-12-21,suez,42,18,24,1500216
2025-12-22,bab_el_mandeb,24,6,18,887534
2025-12-22,hormuz,47,27,20,1376801
2025-12-22,malacca,213,75,138,9241745
2025-12-22,suez,45,22,23,1989575
2025-12-23,bab_el_mandeb,34,9,25,1258631
2025-12-23,hormuz,33,13,20,1740678
2025-12-23,malacca,202,67,135,8680914
2025-12-23,suez,39,9,30,1502311
2025-12-24,bab_el_mandeb,29,12,17,1409965
2025-12-24,hormuz,73,34,39,2535120
2025-12-24,malacca,278,100,178,9227857
2025-12-24,suez,36,14,22,1706651
2025-12-25,bab_el_mandeb,43,17,26,1642394
2025-12-25,hormuz,62,26,36,2304200
2025-12-25,malacca,254,91,163,10767956
2025-12-25,suez,46,18,28,1670587
2025-12-26,bab_el_mandeb,29,11,18,1047624
2025-12-26,hormuz,62,37,25,3191276
2025-12-26,malacca,269,106,163,10429776
2025-12-26,suez,36,11,25,1013415
2025-12-27,bab_el_mandeb,37,11,26,963930
2025-12-27,hormuz,76,45,31,2802188
2025-12-27,malacca,247,87,160,9914979
2025-12-27,suez,33,12,21,1494125
2025-12-28,bab_el_mandeb,43,12,31,1595594
2025-12-28,hormuz,48,23,25,1982166
2025-12-28,malacca,232,84,148,8297051
2025-12-28,suez,33,12,21,1388343
2025-12-29,bab_el_mandeb,42,18,24,1918214
2025-12-29,hormuz,61,34,27,1624258
2025-12-29,malacca,222,90,132,9422222
2025-12-29,suez,32,15,17,1462063
2025-12-30,bab_el_mandeb,34,13,21,1412230
2025-12-30,hormuz,80,42,38,2831420
2025-12-30,malacca,262,86,176,10607803
2025-12-30,suez,39,9,30,1383769
2025-12-31,bab_el_mandeb,34,12,22,1257552
2025-12-31,hormuz,85,52,33,2680477
2025-12-31,malacca,236,78,158,8504546
2025-12-31,suez,38,17,21,1101883
2026-01-01,bab_el_mandeb,29,10,19,1524872
2026-01-01,hormuz,78,39,39,3390863
2026-01-01,malacca,240,77,163,9500442
2026-01-01,suez,27,12,15,1500726
2026-01-02,bab_el_mandeb,26,4,22,801889
2026-01-02,hormuz,58,27,31,2557159
2026-01-02,malacca,230,71,159,8509857
2026-01-02,suez,28,8,20,1005239
2026-01-03,bab_el_mandeb,35,11,24,1284842
2026-01-03,hormuz,52,28,24,2280092
2026-01-03,malacca,237,79,158,10348702
2026-01-03,suez,38,20,18,1332300
2026-01-04,bab_el_mandeb,31,8,23,740447
2026-01-04,hormuz,61,28,33,2623004
2026-01-04,malacca,259,92,167,8601887
2026-01-04,suez,43,16,27,1515285
2026-01-05,bab_el_mandeb,29,11,18,1250195
2026-01-05,hormuz,66,34,32,2739445
2026-01-05,malacca,325,111,214,10732599
2026-01-05,suez,61,18,43,1771967
2026-01-06,bab_el_mandeb,27,10,17,1154606
2026-01-06,hormuz,70,38,32,1699039
2026-01-06,malacca,269,100,169,10405164
2026-01-06,suez,41,16,25,1524884
2026-01-07,bab_el_mandeb,41,17,24,1584120
2026-01-07,hormuz,88,53,35,2862232
2026-01-07,malacca,251,99,152,9621167
2026-01-07,suez,29,9,20,723293
2026-01-08,bab_el_mandeb,31,10,21,1266108
2026-01-08,hormuz,75,45,30,3624498
2026-01-08,malacca,218,77,141,8837288
2026-01-08,suez,43,13,30,1552549
2026-01-09,bab_el_mandeb,36,14,22,902555
2026-01-09,hormuz,89,50,39,4099249
2026-01-09,malacca,228,83,145,8183257
2026-01-09,suez,39,11,28,1480555
2026-01-10,bab_el_mandeb,35,11,24,1132244
2026-01-10,hormuz,83,40,43,2325614
2026-01-10,malacca,224,71,153,10029572
2026-01-10,suez,35,11,24,1475790
2026-01-11,bab_el_mandeb,38,18,20,1462902
2026-01-11,hormuz,83,39,44,3283676
2026-01-11,malacca,249,92,157,8679348
2026-01-11,suez,35,11,24,949312
2026-01-12,bab_el_mandeb,39,14,25,1263734
2026-01-12,hormuz,67,39,28,2464492
2026-01-12,malacca,254,90,164,11528090
2026-01-12,suez,36,16,20,1108082
2026-01-13,bab_el_mandeb,31,10,21,1498535
2026-01-13,hormuz,72,34,38,1990306
2026-01-13,malacca,265,93,172,11182214
2026-01-13,suez,34,17,17,1809504
2026-01-14,bab_el_mandeb,23,5,18,852406
2026-01-14,hormuz,73,40,33,2341385
2026-01-14,malacca,231,81,150,7834769
2026-01-14,suez,27,7,20,832798
2026-01-15,bab_el_mandeb,39,12,27,1504151
2026-01-15,hormuz,78,42,36,3238951
2026-01-15,malacca,236,74,162,10605762
2026-01-15,suez,37,9,28,1216580
2026-01-16,bab_el_mandeb,37,11,26,1162836
2026-01-16,hormuz,67,39,28,2501353
2026-01-16,malacca,253,84,169,9822286
2026-01-16,suez,51,21,30,1009167
2026-01-17,bab_el_mandeb,27,10,17,703384
2026-01-17,hormuz,48,27,21,2107755
2026-01-17,malacca,246,90,156,9193714
2026-01-17,suez,49,17,32,1467988
2026-01-18,bab_el_mandeb,34,9,25,1279141
2026-01-18,hormuz,62,25,37,2333273
2026-01-18,malacca,222,75,147,7280936
2026-01-18,suez,45,20,25,1779612
2026-01-19,bab_el_mandeb,33,10,23,961710
2026-01-19,hormuz,68,33,35,2548422
2026-01-19,malacca,242,77,165,9385448
2026-01-19,suez,40,12,28,1135175
2026-01-20,bab_el_mandeb,36,12,24,1134410
2026-01-20,hormuz,71,37,34,3050159
2026-01-20,malacca,243,80,163,9930810
2026-01-20,suez,40,20,20,1296230
2026-01-21,bab_el_mandeb,30,8,22,556325
2026-01-21,hormuz,69,34,35,3604326
2026-01-21,malacca,247,93,154,8780160
2026-01-21,suez,26,6,20,859857
2026-01-22,bab_el_mandeb,30,5,25,738473
2026-01-22,hormuz,73,41,32,2482560
2026-01-22,malacca,273,93,180,10356188
2026-01-22,suez,44,19,25,1415642
2026-01-23,bab_el_mandeb,33,13,20,920517
2026-01-23,hormuz,68,35,33,2357152
2026-01-23,malacca,260,97,163,10665688
2026-01-23,suez,37,9,28,1196992
2026-01-24,bab_el_mandeb,35,16,19,1145722
2026-01-24,hormuz,56,24,32,1553762
2026-01-24,malacca,241,89,152,7904674
2026-01-24,suez,37,21,16,1057236
2026-01-25,bab_el_mandeb,40,14,26,1517219
2026-01-25,hormuz,78,48,30,3515782
2026-01-25,malacca,225,86,139,8868990
2026-01-25,suez,44,15,29,1563653
2026-01-26,bab_el_mandeb,42,15,27,1360986
2026-01-26,hormuz,57,28,29,2299404
2026-01-26,malacca,243,93,150,10754556
2026-01-26,suez,43,17,26,1657496
2026-01-27,bab_el_mandeb,32,13,19,1492625
2026-01-27,hormuz,72,35,37,2199776
2026-01-27,malacca,231,74,157,8179370
2026-01-27,suez,50,18,32,1895718
2026-01-28,bab_el_mandeb,36,12,24,1293773
2026-01-28,hormuz,78,46,32,2558693
2026-01-28,malacca,230,78,152,8445245
2026-01-28,suez,37,17,20,1259235
2026-01-29,bab_el_mandeb,31,10,21,1535195
2026-01-29,hormuz,88,51,37,3155300
2026-01-29,malacca,256,89,167,9005918
2026-01-29,suez,46,15,31,1769661
2026-01-30,bab_el_mandeb,34,11,23,997681
2026-01-30,hormuz,84,48,36,2909141
2026-01-30,malacca,228,67,161,9177914
2026-01-30,suez,41,14,27,1511264
2026-01-31,bab_el_mandeb,31,19,12,1324362
2026-01-31,hormuz,90,49,41,3838388
2026-01-31,malacca,239,92,147,9925039
2026-01-31,suez,42,14,28,1472185
2026-02-01,bab_el_mandeb,37,13,24,1456726
2026-02-01,hormuz,68,28,40,2045117
2026-02-01,malacca,278,101,177,9957574
2026-02-01,suez,39,15,24,864390
2026-02-02,bab_el_mandeb,22,11,11,731666
2026-02-02,hormuz,77,48,29,3651852
2026-02-02,malacca,254,84,170,10595336
2026-02-02,suez,38,15,23,1587544
2026-02-03,bab_el_mandeb,33,11,22,1127220
2026-02-03,hormuz,83,45,38,2776719
2026-02-03,malacca,229,85,144,9639612
2026-02-03,suez,31,11,20,990829
2026-02-04,bab_el_mandeb,44,12,32,1754279
2026-02-04,hormuz,51,21,30,1646104
2026-02-04,malacca,239,76,163,8906991
2026-02-04,suez,36,16,20,1375284
2026-02-05,bab_el_mandeb,30,12,18,1060837
2026-02-05,hormuz,76,36,40,2922796
2026-02-05,malacca,257,90,167,10439022
2026-02-05,suez,36,14,22,1465242
2026-02-06,bab_el_mandeb,32,10,22,647751
2026-02-06,hormuz,74,45,29,2948214
2026-02-06,malacca,213,72,141,8729652
2026-02-06,suez,44,17,27,1436738
2026-02-07,bab_el_mandeb,30,13,17,937851
2026-02-07,hormuz,71,46,25,2962751
2026-02-07,malacca,261,90,171,8442721
2026-02-07,suez,48,25,23,1721995
2026-02-08,bab_el_mandeb,43,16,27,1042329
2026-02-08,hormuz,71,39,32,1915378
2026-02-08,malacca,239,84,155,8329779
2026-02-08,suez,49,19,30,1594831
2026-02-09,bab_el_mandeb,32,18,14,1041320
2026-02-09,hormuz,62,38,24,1827429
2026-02-09,malacca,238,79,159,8039415
2026-02-09,suez,44,15,29,1845486
2026-02-10,bab_el_mandeb,32,13,19,1014242
2026-02-10,hormuz,80,49,31,4033621
2026-02-10,malacca,262,84,178,9894853
2026-02-10,suez,39,16,23,1683382
2026-02-11,bab_el_mandeb,40,16,24,1864186
2026-02-11,hormuz,92,54,38,2215444
2026-02-11,malacca,221,72,149,8418156
2026-02-11,suez,45,15,30,1355588
2026-02-12,bab_el_mandeb,34,9,25,1257880
2026-02-12,hormuz,79,35,44,2976643
2026-02-12,malacca,229,81,148,7870112
2026-02-12,suez,47,18,29,1688509
2026-02-13,bab_el_mandeb,42,18,24,1647312
2026-02-13,hormuz,121,65,56,4430618
2026-02-13,malacca,229,90,139,10616865
2026-02-13,suez,41,20,21,1420899
2026-02-14,bab_el_mandeb,31,10,21,1335750
2026-02-14,hormuz,123,69,54,5233287
2026-02-14,malacca,237,89,148,10304965
2026-02-14,suez,44,19,25,1409266
2026-02-15,bab_el_mandeb,34,10,24,1221422
2026-02-15,hormuz,87,46,41,3120344
2026-02-15,malacca,222,78,144,8247114
2026-02-15,suez,38,16,22,1317975
2026-02-16,bab_el_mandeb,30,13,17,957454
2026-02-16,hormuz,62,39,23,2011378
2026-02-16,malacca,221,85,136,7168386
2026-02-16,suez,51,22,29,1723121
2026-02-17,bab_el_mandeb,50,16,34,1818174
2026-02-17,hormuz,84,43,41,3781411
2026-02-17,malacca,228,89,139,7928746
2026-02-17,suez,42,17,25,1785941
2026-02-18,bab_el_mandeb,41,17,24,1483425
2026-02-18,hormuz,98,50,48,4080693
2026-02-18,malacca,225,78,147,8113747
2026-02-18,suez,41,18,23,1544830
2026-02-19,bab_el_mandeb,26,9,17,684857
2026-02-19,hormuz,135,75,60,6159810
2026-02-19,malacca,227,81,146,8340904
2026-02-19,suez,36,18,18,1693205
2026-02-20,bab_el_mandeb,48,19,29,1939726
2026-02-20,hormuz,111,66,45,4376731
2026-02-20,malacca,223,82,141,9068502
2026-02-20,suez,34,17,17,1107753
2026-02-21,bab_el_mandeb,38,19,19,1955677
2026-02-21,hormuz,108,67,41,3407590
2026-02-21,malacca,237,97,140,8331089
2026-02-21,suez,42,20,22,1068867
2026-02-22,bab_el_mandeb,47,14,33,1645159
2026-02-22,hormuz,152,83,69,5698765
2026-02-22,malacca,236,82,154,8365505
2026-02-22,suez,36,14,22,851319
2026-02-23,bab_el_mandeb,37,13,24,1734248
2026-02-23,hormuz,115,73,42,3854479
2026-02-23,malacca,248,93,155,8789967
2026-02-23,suez,44,14,30,1412431
2026-02-24,bab_el_mandeb,43,13,30,1111628
2026-02-24,hormuz,64,32,32,2564212
2026-02-24,malacca,241,94,147,9909052
2026-02-24,suez,36,16,20,1137436
2026-02-25,bab_el_mandeb,37,14,23,1408541
2026-02-25,hormuz,129,66,63,6011700
2026-02-25,malacca,237,83,154,10316561
2026-02-25,suez,45,19,26,1990448
2026-02-26,bab_el_mandeb,46,18,28,1479339
2026-02-26,hormuz,107,55,52,2534752
2026-02-26,malacca,247,94,153,9016426
2026-02-26,suez,46,24,22,1822328
2026-02-27,bab_el_mandeb,36,14,22,1347979
2026-02-27,hormuz,65,35,30,1657616
2026-02-27,malacca,235,96,139,8523979
2026-02-27,suez,47,22,25,1696778
2026-02-28,bab_el_mandeb,25,13,12,1593122
2026-02-28,hormuz,57,35,22,3018095
2026-02-28,malacca,227,76,151,8349577
2026-02-28,suez,37,15,22,1428737
2026-03-01,bab_el_mandeb,31,14,17,1296946
2026-03-01,hormuz,24,10,14,850360
2026-03-01,malacca,239,84,155,9717792
2026-03-01,suez,36,14,22,922956
2026-03-02,bab_el_mandeb,28,11,17,779933
2026-03-02,hormuz,6,2,4,68523
2026-03-02,malacca,236,87,149,8962212
2026-03-02,suez,40,11,29,1286534
2026-03-03,bab_el_mandeb,43,17,26,1293853
2026-03-03,hormuz,5,2,3,103665
2026-03-03,malacca,226,76,150,10140308
2026-03-03,suez,55,27,28,2512554
2026-03-04,bab_el_mandeb,28,8,20,1126620
2026-03-04,hormuz,2,0,2,44916
2026-03-04,malacca,244,99,145,9037016
2026-03-04,suez,42,17,25,1569335
2026-03-05,bab_el_mandeb,32,9,23,1006543
2026-03-05,hormuz,4,1,3,75200
2026-03-05,malacca,226,69,157,7835185
2026-03-05,suez,38,19,19,1411908
2026-03-06,bab_el_mandeb,34,12,22,1050161
2026-03-06,hormuz,2,0,2,102287
2026-03-06,malacca,238,98,140,9975950
2026-03-06,suez,38,19,19,1879989
2026-03-07,bab_el_mandeb,34,16,18,1143626
2026-03-07,hormuz,4,0,4,153583
2026-03-07,malacca,235,67,168,10422916
2026-03-07,suez,51,23,28,1681993
2026-03-08,bab_el_mandeb,47,19,28,1698754
2026-03-08,hormuz,2,0,2,51168
2026-03-08,malacca,242,95,147,10877842
2026-03-08,suez,35,11,24,1306443
2026-03-09,bab_el_mandeb,25,10,15,1024563
2026-03-09,hormuz,1,0,1,1599
2026-03-09,malacca,221,67,154,6429158
2026-03-09,suez,42,15,27,1374975
2026-03-10,bab_el_mandeb,21,12,9,1109863
2026-03-10,hormuz,2,1,1,42122
2026-03-10,malacca,226,83,143,9846928
2026-03-10,suez,37,9,28,1009532
2026-03-11,bab_el_mandeb,40,20,20,1490614
2026-03-11,hormuz,3,1,2,94815
2026-03-11,malacca,226,70,156,8227422
2026-03-11,suez,51,25,26,1422024
2026-03-12,bab_el_mandeb,32,16,16,1070423
2026-03-12,hormuz,1,0,1,0
2026-03-12,malacca,214,68,146,6273392
2026-03-12,suez,38,11,27,1056040
2026-03-13,bab_el_mandeb,39,10,29,1101974
2026-03-13,hormuz,0,0,0,0
2026-03-13,malacca,227,82,145,6598558
2026-03-13,suez,40,16,24,1148383
2026-03-14,bab_el_mandeb,29,14,15,1069508
2026-03-14,hormuz,0,0,0,0
2026-03-14,malacca,223,77,146,7150039
2026-03-14,suez,25,15,10,1354076
2026-03-15,bab_el_mandeb,26,16,10,1133249
2026-03-15,hormuz,7,2,5,363277
2026-03-15,malacca,224,88,136,9286236
2026-03-15,suez,48,17,31,1624472
2026-03-16,bab_el_mandeb,49,21,28,1655172
2026-03-16,hormuz,5,0,5,24093
2026-03-16,malacca,194,68,126,5989227
2026-03-16,suez,33,11,22,1078727
2026-03-17,bab_el_mandeb,33,18,15,1364121
2026-03-17,hormuz,4,1,3,72347
2026-03-17,malacca,215,82,133,6957744
2026-03-17,suez,42,14,28,854745
2026-03-18,bab_el_mandeb,42,22,20,1176112
2026-03-18,hormuz,1,0,1,16819
2026-03-18,malacca,215,74,141,7323092
2026-03-18,suez,43,22,21,1741729
2026-03-19,bab_el_mandeb,44,20,24,1954168
2026-03-19,hormuz,2,0,2,16819
2026-03-19,malacca,230,80,150,7406942
2026-03-19,suez,43,14,29,1573197
2026-03-20,bab_el_mandeb,32,14,18,1584415
2026-03-20,hormuz,5,2,3,210456
2026-03-20,malacca,224,78,146,6946565
2026-03-20,suez,32,15,17,1242821
2026-03-21,bab_el_mandeb,41,19,22,1360310
2026-03-21,hormuz,2,0,2,50822
2026-03-21,malacca,191,64,127,6150464
2026-03-21,suez,38,19,19,847081
2026-03-22,bab_el_mandeb,38,13,25,1825035
2026-03-22,hormuz,4,0,4,82211
2026-03-22,malacca,208,80,128,7185129
2026-03-22,suez,47,21,26,1416305
2026-03-23,bab_el_mandeb,26,20,6,978352
2026-03-23,hormuz,6,2,4,168881
2026-03-23,malacca,188,53,135,6958659
2026-03-23,suez,40,18,22,913941
2026-03-24,bab_el_mandeb,29,12,17,1562317
2026-03-24,hormuz,4,1,3,12988
2026-03-24,malacca,223,69,154,8426688
2026-03-24,suez,41,15,26,1814776
2026-03-25,bab_el_mandeb,44,14,30,1655006
2026-03-25,hormuz,4,1,3,12988
2026-03-25,malacca,207,68,139,5892874
2026-03-25,suez,51,21,30,1346084
2026-03-26,bab_el_mandeb,38,16,22,1184432
2026-03-26,hormuz,7,0,7,86137
2026-03-26,malacca,207,69,138,7477945
2026-03-26,suez,41,19,22,1974776
2026-03-27,bab_el_mandeb,37,14,23,1514793
2026-03-27,hormuz,5,0,5,81772
2026-03-27,malacca,216,69,147,7257380
2026-03-27,suez,42,13,29,1244069
2026-03-28,bab_el_mandeb,35,12,23,1156279
2026-03-28,hormuz,9,1,8,182182
2026-03-28,malacca,187,57,130,6123069
2026-03-28,suez,45,19,26,1609737
2026-03-29,bab_el_mandeb,38,16,22,1266794
2026-03-29,hormuz,7,2,5,140105
2026-03-29,malacca,205,71,134,7907836
2026-03-29,suez,37,20,17,1851073
2026-03-30,bab_el_mandeb,47,13,34,1754168
2026-03-30,hormuz,10,5,5,129094
2026-03-30,malacca,220,77,143,7574819
2026-03-30,suez,36,12,24,1425679
2026-03-31,bab_el_mandeb,34,16,18,1375146
2026-03-31,hormuz,11,5,6,105768
2026-03-31,malacca,229,78,151,7198107
2026-03-31,suez,43,20,23,1916971
2026-04-01,bab_el_mandeb,42,19,23,1514096
2026-04-01,hormuz,11,3,8,222191
2026-04-01,malacca,192,62,130,6206887
2026-04-01,suez,51,21,30,1690627
2026-04-02,bab_el_mandeb,40,15,25,1137429
2026-04-02,hormuz,6,1,5,108270
2026-04-02,malacca,204,77,127,8141797
2026-04-02,suez,48,24,24,1871490
2026-04-03,bab_el_mandeb,28,13,15,2132373
2026-04-03,hormuz,9,5,4,165189
2026-04-03,malacca,227,71,156,9786722
2026-04-03,suez,35,15,20,1552783
2026-04-04,bab_el_mandeb,39,20,19,1284790
2026-04-04,hormuz,13,4,9,149991
2026-04-04,malacca,232,72,160,9069751
2026-04-04,suez,52,24,28,913652
2026-04-05,bab_el_mandeb,36,16,20,1078709
2026-04-05,hormuz,11,5,6,386098
2026-04-05,malacca,216,71,145,8356532
2026-04-05,suez,48,22,26,1743762
2026-04-06,bab_el_mandeb,40,20,20,1318121
2026-04-06,hormuz,9,1,8,196778
2026-04-06,malacca,216,72,144,7853778
2026-04-06,suez,37,17,20,932459
2026-04-07,bab_el_mandeb,38,21,17,1826727
2026-04-07,hormuz,7,3,4,181646
2026-04-07,malacca,228,82,146,8845631
2026-04-07,suez,39,18,21,1555140
2026-04-08,bab_el_mandeb,31,15,16,1425520
2026-04-08,hormuz,6,1,5,241481
2026-04-08,malacca,200,65,135,6367284
2026-04-08,suez,40,14,26,1265582
2026-04-09,bab_el_mandeb,37,11,26,1235868
2026-04-09,hormuz,8,5,3,228853
2026-04-09,malacca,231,68,163,7373236
2026-04-09,suez,34,16,18,1407530
2026-04-10,bab_el_mandeb,32,11,21,1102613
2026-04-10,hormuz,5,1,4,33989
2026-04-10,malacca,233,81,152,8449112
2026-04-10,suez,45,19,26,1517665
2026-04-11,bab_el_mandeb,38,18,20,1178343
2026-04-11,hormuz,9,4,5,415431
2026-04-11,malacca,234,76,158,8579080
2026-04-11,suez,47,26,21,1029737
2026-04-12,bab_el_mandeb,33,11,22,1812324
2026-04-12,hormuz,15,4,11,291539
2026-04-12,malacca,212,66,146,7269141
2026-04-12,suez,43,17,26,1327236
2026-04-13,bab_el_mandeb,34,15,19,1073648
2026-04-13,hormuz,9,4,5,151788
2026-04-13,malacca,249,80,169,8531530
2026-04-13,suez,42,19,23,1568646
2026-04-14,bab_el_mandeb,34,16,18,1737817
2026-04-14,hormuz,9,5,4,232882
2026-04-14,malacca,219,87,132,7420484
2026-04-14,suez,35,12,23,1141230
2026-04-15,bab_el_mandeb,41,16,25,1131212
2026-04-15,hormuz,13,7,6,514900
2026-04-15,malacca,232,82,150,8196687
2026-04-15,suez,43,25,18,1506666
2026-04-16,bab_el_mandeb,48,16,32,2329284
2026-04-16,hormuz,11,5,6,132664
2026-04-16,malacca,244,72,172,8843938
2026-04-16,suez,37,12,25,803260
2026-04-17,bab_el_mandeb,26,11,15,990221
2026-04-17,hormuz,18,10,8,243457
2026-04-17,malacca,208,71,137,6692715
2026-04-17,suez,34,12,22,1105781
2026-04-18,bab_el_mandeb,22,6,16,813230
2026-04-18,hormuz,22,14,8,898570
2026-04-18,malacca,207,74,133,6901835
2026-04-18,suez,34,11,23,952694
2026-04-19,bab_el_mandeb,42,17,25,1123757
2026-04-19,hormuz,7,5,2,179328
2026-04-19,malacca,215,58,157,8113920
2026-04-19,suez,43,18,25,1256265
2026-04-20,bab_el_mandeb,51,15,36,1945244
2026-04-20,hormuz,8,5,3,194877
2026-04-20,malacca,222,77,145,8187457
2026-04-20,suez,47,17,30,2164561
2026-04-21,bab_el_mandeb,36,14,22,877193
2026-04-21,hormuz,4,3,1,129589
2026-04-21,malacca,211,72,139,7242595
2026-04-21,suez,47,20,27,1207663
2026-04-22,bab_el_mandeb,35,12,23,797144
2026-04-22,hormuz,7,4,3,187466
2026-04-22,malacca,204,56,148,6837962
2026-04-22,suez,50,25,25,1853028
2026-04-23,bab_el_mandeb,28,9,19,954448
2026-04-23,hormuz,3,2,1,100804
2026-04-23,malacca,238,80,158,8370107
2026-04-23,suez,46,18,28,2129087
2026-04-24,bab_el_mandeb,46,16,30,1675029
2026-04-24,hormuz,8,3,5,160495
2026-04-24,malacca,212,71,141,8028615
2026-04-24,suez,32,15,17,1025998
2026-04-25,bab_el_mandeb,39,13,26,1408538
2026-04-25,hormuz,6,2,4,131606
2026-04-25,malacca,218,73,145,7381909
2026-04-25,suez,43,15,28,1516153
2026-04-26,bab_el_mandeb,38,18,20,1460658
2026-04-26,hormuz,3,2,1,45265
2026-04-26,malacca,229,69,160,8284796
2026-04-26,suez,43,12,31,1329198
2026-04-27,bab_el_mandeb,33,8,25,1630936
2026-04-27,hormuz,0,0,0,0
2026-04-27,malacca,228,79,149,7073545
2026-04-27,suez,34,11,23,1289268
2026-04-28,bab_el_mandeb,36,19,17,1882571
2026-04-28,hormuz,5,2,3,383069
2026-04-28,malacca,202,73,129,8070987
2026-04-28,suez,38,18,20,1362886
2026-04-29,bab_el_mandeb,27,11,16,1513842
2026-04-29,hormuz,5,3,2,326600
2026-04-29,malacca,230,64,166,8346768
2026-04-29,suez,45,18,27,1843236
2026-04-30,bab_el_mandeb,41,15,26,1585430
2026-04-30,hormuz,7,4,3,127096
2026-04-30,malacca,218,75,143,8416403
2026-04-30,suez,49,23,26,1775931
2026-05-01,bab_el_mandeb,42,13,29,1526963
2026-05-01,hormuz,10,4,6,179982
2026-05-01,malacca,216,78,138,7346120
2026-05-01,suez,39,12,27,1713451
2026-05-02,bab_el_mandeb,28,12,16,618205
2026-05-02,hormuz,10,5,5,162415
2026-05-02,malacca,213,69,144,7847027
2026-05-02,suez,23,4,19,555387
2026-05-03,bab_el_mandeb,35,18,17,1571144
2026-05-03,hormuz,6,1,5,127798
2026-05-03,malacca,215,66,149,7693051
2026-05-03,suez,33,15,18,1328041
2026-05-04,bab_el_mandeb,44,13,31,1741857
2026-05-04,hormuz,4,0,4,20717
2026-05-04,malacca,246,84,162,9520423
2026-05-04,suez,35,15,20,1449696
2026-05-05,bab_el_mandeb,32,16,16,1645059
2026-05-05,hormuz,1,0,1,5650
2026-05-05,malacca,218,68,150,10178990
2026-05-05,suez,36,14,22,1413784
2026-05-06,bab_el_mandeb,31,14,17,1423721
2026-05-06,hormuz,2,0,2,7033
2026-05-06,malacca,223,70,153,7640903
2026-05-06,suez,40,19,21,1444944
2026-05-07,bab_el_mandeb,25,8,17,807391
2026-05-07,hormuz,4,1,3,36932
2026-05-07,malacca,220,71,149,7245259
2026-05-07,suez,46,18,28,1712468
2026-05-08,bab_el_mandeb,44,14,30,1648529
2026-05-08,hormuz,4,1,3,171246
2026-05-08,malacca,223,79,144,8315874
2026-05-08,suez,46,22,24,2228528
2026-05-09,bab_el_mandeb,29,13,16,1337263
2026-05-09,hormuz,5,2,3,269771
2026-05-09,malacca,221,66,155,8632504
2026-05-09,suez,44,19,25,1538228
2026-05-10,bab_el_mandeb,32,12,20,773907
2026-05-10,hormuz,9,3,6,628820
2026-05-10,malacca,230,68,162,10108654
2026-05-10,suez,30,15,15,984624
2026-05-11,bab_el_mandeb,28,8,20,1473697
2026-05-11,hormuz,9,4,5,247845
2026-05-11,malacca,197,57,140,6988626
2026-05-11,suez,47,20,27,1496621
2026-05-12,bab_el_mandeb,45,20,25,1951047
2026-05-12,hormuz,6,1,5,133351
2026-05-12,malacca,231,75,156,8122629
2026-05-12,suez,41,19,22,1918561
2026-05-13,bab_el_mandeb,38,16,22,1782637
2026-05-13,hormuz,8,2,6,484237
2026-05-13,malacca,219,79,140,7703399
2026-05-13,suez,32,16,16,1202860
2026-05-14,bab_el_mandeb,38,13,25,1810717
2026-05-14,hormuz,9,4,5,193359
2026-05-14,malacca,235,73,162,9153655
2026-05-14,suez,37,19,18,1169642
2026-05-15,bab_el_mandeb,24,7,17,657910
2026-05-15,hormuz,5,2,3,149310
2026-05-15,malacca,215,64,151,7766616
2026-05-15,suez,42,16,26,1507991
2026-05-16,bab_el_mandeb,38,13,25,1357349
2026-05-16,hormuz,10,2,8,265295
2026-05-16,malacca,202,74,128,7385316
2026-05-16,suez,42,16,26,1941026
2026-05-17,bab_el_mandeb,32,10,22,987441
2026-05-17,hormuz,5,2,3,161853
2026-05-17,malacca,221,70,151,6863572
2026-05-17,suez,32,8,24,1088889
2026-05-18,bab_el_mandeb,45,19,26,1448844
2026-05-18,hormuz,6,1,5,153575
2026-05-18,malacca,197,65,132,7171133
2026-05-18,suez,38,18,20,1351453
2026-05-19,bab_el_mandeb,45,15,30,1169144
2026-05-19,hormuz,7,3,4,746420
2026-05-19,malacca,205,61,144,7682563
2026-05-19,suez,43,20,23,1639171
2026-05-20,bab_el_mandeb,37,17,20,1119644
2026-05-20,hormuz,13,5,8,884482
2026-05-20,malacca,207,77,130,7242240
2026-05-20,suez,41,12,29,1755569
2026-05-21,bab_el_mandeb,34,17,17,1306208
2026-05-21,hormuz,8,2,6,230703
2026-05-21,malacca,219,76,143,6817858
2026-05-21,suez,36,14,22,1677833
2026-05-22,bab_el_mandeb,38,12,26,1363478
2026-05-22,hormuz,6,0,6,188197
2026-05-22,malacca,228,77,151,7095449
2026-05-22,suez,42,23,19,1816877
2026-05-23,bab_el_mandeb,42,13,29,1330174
2026-05-23,hormuz,8,1,7,471045
2026-05-23,malacca,195,61,134,7368078
2026-05-23,suez,49,18,31,1776575
2026-05-24,bab_el_mandeb,46,23,23,1527777
2026-05-24,hormuz,9,2,7,224657
2026-05-24,malacca,230,72,158,7812325
2026-05-24,suez,36,12,24,1012343
2026-05-25,bab_el_mandeb,37,15,22,1803214
2026-05-25,hormuz,7,0,7,154372
2026-05-25,malacca,216,62,154,8844483
2026-05-25,suez,49,22,27,2014346
2026-05-26,bab_el_mandeb,26,14,12,1003510
2026-05-26,hormuz,7,2,5,136923
2026-05-26,malacca,247,82,165,8409448
2026-05-26,suez,37,12,25,2082389
2026-05-27,bab_el_mandeb,40,12,28,1268470
2026-05-27,hormuz,6,2,4,243020
2026-05-27,malacca,215,61,154,7936591
2026-05-27,suez,29,12,17,1037984
2026-05-28,bab_el_mandeb,40,17,23,1220296
2026-05-28,hormuz,4,0,4,202155
2026-05-28,malacca,208,57,151,7770440
2026-05-28,suez,45,17,28,1725677
2026-05-29,bab_el_mandeb,30,13,17,1560840
2026-05-29,hormuz,4,0,4,143672
2026-05-29,malacca,202,74,128,7952594
2026-05-29,suez,43,14,29,1589003
2026-05-30,bab_el_mandeb,32,10,22,1784666
2026-05-30,hormuz,5,1,4,97080
2026-05-30,malacca,198,61,137,6437794
2026-05-30,suez,44,23,21,1227217
2026-05-31,bab_el_mandeb,33,13,20,945247
2026-05-31,hormuz,3,0,3,44835
2026-05-31,malacca,207,68,139,6672825
2026-05-31,suez,31,11,20,1062271
2026-06-01,bab_el_mandeb,41,20,21,1707824
2026-06-01,hormuz,3,2,1,90292
2026-06-01,malacca,207,82,125,7528198
2026-06-01,suez,43,18,25,1651633
2026-06-02,bab_el_mandeb,37,10,27,1314814
2026-06-02,hormuz,6,4,2,76309
2026-06-02,malacca,197,58,139,7793067
2026-06-02,suez,45,19,26,2126783
2026-06-03,bab_el_mandeb,30,10,20,1284866
2026-06-03,hormuz,11,4,7,154437
2026-06-03,malacca,214,80,134,8468528
2026-06-03,suez,25,8,17,1026854
2026-06-04,bab_el_mandeb,47,16,31,1514986
2026-06-04,hormuz,6,2,4,9319
2026-06-04,malacca,213,70,143,7819758
2026-06-04,suez,46,13,33,1524312
2026-06-05,bab_el_mandeb,28,10,18,819039
2026-06-05,hormuz,3,0,3,1047
2026-06-05,malacca,191,60,131,6540620
2026-06-05,suez,43,17,26,1580124
2026-06-06,bab_el_mandeb,40,17,23,1581641
2026-06-06,hormuz,3,0,3,93370
2026-06-06,malacca,222,81,141,7502054
2026-06-06,suez,43,15,28,1608143
2026-06-07,bab_el_mandeb,37,18,19,1508288
2026-06-07,hormuz,3,1,2,53682
2026-06-07,malacca,193,69,124,7292380
2026-06-07,suez,43,16,27,1871496
2026-06-08,bab_el_mandeb,31,10,21,771645
2026-06-08,hormuz,8,2,6,104778
2026-06-08,malacca,223,66,157,8500946
2026-06-08,suez,49,16,33,1641225
2026-06-09,bab_el_mandeb,38,13,25,1323650
2026-06-09,hormuz,6,2,4,121782
2026-06-09,malacca,240,71,169,7843475
2026-06-09,suez,46,17,29,2376407
2026-06-10,bab_el_mandeb,32,15,17,1412017
2026-06-10,hormuz,6,1,5,19167
2026-06-10,malacca,222,70,152,8619542
2026-06-10,suez,39,11,28,1783471
2026-06-11,bab_el_mandeb,40,16,24,1163705
2026-06-11,hormuz,7,2,5,92082
2026-06-11,malacca,218,50,168,8316759
2026-06-11,suez,36,14,22,1216874
2026-06-12,bab_el_mandeb,41,15,26,1798151
2026-06-12,hormuz,7,1,6,93440
2026-06-12,malacca,211,70,141,6749134
2026-06-12,suez,29,16,13,1221191
2026-06-13,bab_el_mandeb,37,19,18,1357264
2026-06-13,hormuz,4,0,4,95684
2026-06-13,malacca,227,75,152,7817982
2026-06-13,suez,40,10,30,954094
2026-06-14,bab_el_mandeb,33,8,25,1243123
2026-06-14,hormuz,6,0,6,218720
2026-06-14,malacca,224,65,159,8540074
2026-06-14,suez,40,13,27,1510506
2026-06-15,bab_el_mandeb,35,16,19,1161325
2026-06-15,hormuz,11,1,10,278859
2026-06-15,malacca,227,62,165,8805250
2026-06-15,suez,39,16,23,1622560
2026-06-16,bab_el_mandeb,25,12,13,622071
2026-06-16,hormuz,12,2,10,262525
2026-06-16,malacca,232,83,149,7257911
2026-06-16,suez,21,12,9,779925
2026-06-17,bab_el_mandeb,42,14,28,1522771
2026-06-17,hormuz,15,1,14,287957
2026-06-17,malacca,204,60,144,8663927
2026-06-17,suez,30,11,19,962419
2026-06-18,bab_el_mandeb,40,14,26,1676000
2026-06-18,hormuz,22,11,11,927518
2026-06-18,malacca,210,70,140,7165895
2026-06-18,suez,38,21,17,1947902
2026-06-19,bab_el_mandeb,39,15,24,1519248
2026-06-19,hormuz,13,5,8,1107449
2026-06-19,malacca,193,58,135,8192833
2026-06-19,suez,47,15,32,1562833
2026-06-20,bab_el_mandeb,39,21,18,2010302
2026-06-20,hormuz,26,12,14,970444
2026-06-20,malacca,223,75,148,7209890
2026-06-20,suez,41,19,22,1595691
2026-06-21,bab_el_mandeb,37,13,24,793006
2026-06-21,hormuz,8,1,7,219625
2026-06-21,malacca,235,71,164,8152672
2026-06-21,suez,48,20,28,1860495
2026-06-22,bab_el_mandeb,29,12,17,1463724
2026-06-22,hormuz,14,9,5,763211
2026-06-22,malacca,263,69,194,10375395
2026-06-22,suez,40,18,22,1533657
2026-06-23,bab_el_mandeb,30,11,19,1282822
2026-06-23,hormuz,15,5,10,1061368
2026-06-23,malacca,233,78,155,7420925
2026-06-23,suez,48,17,31,2225752
2026-06-24,bab_el_mandeb,36,12,24,1725489
2026-06-24,hormuz,51,21,30,2308874
2026-06-24,malacca,217,72,145,8454827
2026-06-24,suez,37,13,24,1670772
2026-06-25,bab_el_mandeb,46,15,31,1788945
2026-06-25,hormuz,50,23,27,2072664
2026-06-25,malacca,239,76,163,9475093
2026-06-25,suez,50,21,29,1696912
2026-06-26,bab_el_mandeb,36,16,20,1394475
2026-06-26,hormuz,37,19,18,1152988
2026-06-26,malacca,235,66,169,10970681
2026-06-26,suez,39,17,22,1453749
2026-06-27,bab_el_mandeb,32,6,26,1172634
2026-06-27,hormuz,27,9,18,1047838
2026-06-27,malacca,232,77,155,9049946
2026-06-27,suez,39,16,23,1289214
2026-06-28,bab_el_mandeb,37,14,23,2360155
2026-06-28,hormuz,20,11,9,733679
2026-06-28,malacca,215,65,150,7051204
2026-06-28,suez,44,18,26,2044452
2026-06-29,bab_el_mandeb,35,11,24,1578437
2026-06-29,hormuz,31,13,18,1631862
2026-06-29,malacca,189,54,135,7671804
2026-06-29,suez,34,11,23,1068637
2026-06-30,bab_el_mandeb,37,13,24,1330434
2026-06-30,hormuz,21,6,15,778482
2026-06-30,malacca,246,69,177,10050460
2026-06-30,suez,47,18,29,2144643
2026-07-01,bab_el_mandeb,31,12,19,1496359
2026-07-01,hormuz,40,23,17,2053839
2026-07-01,malacca,236,70,166,8764916
2026-07-01,suez,34,14,20,1835515
2026-07-02,bab_el_mandeb,39,11,28,1783132
2026-07-02,hormuz,34,18,16,948818
2026-07-02,malacca,211,74,137,8596577
2026-07-02,suez,44,14,30,1406560
2026-07-03,bab_el_mandeb,31,7,24,1297127
2026-07-03,hormuz,31,21,10,1457632
2026-07-03,malacca,240,79,161,10010438
2026-07-03,suez,49,15,34,1722857
2026-07-04,bab_el_mandeb,31,15,16,1026788
2026-07-04,hormuz,22,11,11,568802
2026-07-04,malacca,241,79,162,8045460
2026-07-04,suez,41,20,21,1386444
2026-07-05,bab_el_mandeb,34,13,21,1805301
2026-07-05,hormuz,26,16,10,979733
2026-07-05,malacca,235,77,158,7712846
2026-07-05,suez,46,20,26,1821853
2026-07-06,bab_el_mandeb,28,13,15,1426053
2026-07-06,hormuz,28,14,14,2311249
2026-07-06,malacca,238,85,153,10067676
2026-07-06,suez,36,10,26,1564237
2026-07-07,bab_el_mandeb,27,6,21,882519
2026-07-07,hormuz,28,12,16,1411625
2026-07-07,malacca,234,73,161,10489970
2026-07-07,suez,40,15,25,1697641
2026-07-08,bab_el_mandeb,31,10,21,1525961
2026-07-08,hormuz,15,5,10,467835
2026-07-08,malacca,246,89,157,11961062
2026-07-08,suez,44,15,29,1830675
2026-07-09,bab_el_mandeb,28,10,18,1159255
2026-07-09,hormuz,11,4,7,167271
2026-07-09,malacca,232,77,155,7823263
2026-07-09,suez,37,16,21,1621135
2026-07-10,bab_el_mandeb,27,11,16,1541982
2026-07-10,hormuz,9,4,5,172300
2026-07-10,malacca,184,53,131,6899913
2026-07-10,suez,44,20,24,1390434
2026-07-11,bab_el_mandeb,44,21,23,1650599
2026-07-11,hormuz,10,4,6,316847
2026-07-11,malacca,221,71,150,7102253
2026-07-11,suez,48,19,29,1972985
2026-07-12,bab_el_mandeb,41,14,27,1366176
2026-07-12,hormuz,6,1,5,99325
2026-07-12,malacca,233,84,149,10418223
2026-07-12,suez,39,10,29,1325078
2026-07-13,bab_el_mandeb,44,22,22,1954128
2026-07-13,hormuz,9,2,7,104036
2026-07-13,malacca,223,67,156,10466452
2026-07-13,suez,43,20,23,2133513
2026-07-14,bab_el_mandeb,45,14,31,1564038
2026-07-14,hormuz,5,3,2,87376
2026-07-14,malacca,224,67,157,9447382
2026-07-14,suez,34,10,24,2108558
2026-07-15,bab_el_mandeb,40,15,25,1317165
2026-07-15,hormuz,8,3,5,214434
2026-07-15,malacca,221,73,148,8174732
2026-07-15,suez,42,21,21,1599188
2026-07-16,bab_el_mandeb,33,10,23,1189533
2026-07-16,hormuz,4,1,3,28460
2026-07-16,malacca,235,85,150,8432596
2026-07-16,suez,39,15,24,1503404
2026-07-17,bab_el_mandeb,46,16,30,1594172
2026-07-17,hormuz,1,1,0,1231
2026-07-17,malacca,241,87,154,8072432
2026-07-17,suez,44,18,26,1437081
2026-07-18,bab_el_mandeb,40,11,29,1845862
2026-07-18,hormuz,5,2,3,132322
2026-07-18,malacca,191,76,115,7801228
2026-07-18,suez,46,15,31,1545567
2026-07-19,bab_el_mandeb,33,18,15,1341101
2026-07-19,hormuz,4,2,2,54047
2026-07-19,malacca,170,65,105,7672211
2026-07-19,suez,43,21,22,1973255
2026-07-20,bab_el_mandeb,35,12,23,1469920
2026-07-20,hormuz,3,1,2,157
2026-07-20,malacca,213,81,132,7586983
2026-07-20,suez,36,15,21,1025936
2026-07-21,bab_el_mandeb,25,8,17,994834
2026-07-21,hormuz,4,1,3,71614
2026-07-21,malacca,201,76,125,8183080
2026-07-21,suez,40,14,26,1064198
2026-07-22,bab_el_mandeb,31,7,24,1155436
2026-07-22,hormuz,3,1,2,35435
2026-07-22,malacca,237,74,163,9289736
2026-07-22,suez,44,14,30,1810632
2026-07-23,bab_el_mandeb,34,14,20,1568922
2026-07-23,hormuz,0,0,0,0
2026-07-23,malacca,240,68,172,11207162
2026-07-23,suez,46,17,29,1595346
2026-07-24,bab_el_mandeb,30,7,23,1016622
2026-07-24,hormuz,3,0,3,591
2026-07-24,malacca,251,79,172,9224187
2026-07-24,suez,46,16,30,1570826
2026-07-25,bab_el_mandeb,22,5,17,700899
2026-07-25,hormuz,1,0,1,324
2026-07-25,malacca,207,78,129,6920359
2026-07-25,suez,37,17,20,859389
2026-07-26,bab_el_mandeb,22,6,16,884038
2026-07-26,hormuz,3,2,1,122054
2026-07-26,malacca,235,77,158,8591962
2026-07-26,suez,42,16,26,1468369
2026-07-27,bab_el_mandeb,30,12,18,1376073
2026-07-27,hormuz,4,0,4,170314
2026-07-27,malacca,251,90,161,8142509
2026-07-27,suez,46,11,35,2017081
2026-07-28,bab_el_mandeb,33,13,20,1179765
2026-07-28,hormuz,4,1,3,63967
2026-07-28,malacca,223,74,149,7760202
2026-07-28,suez,43,13,30,1711440
2026-07-29,bab_el_mandeb,31,5,26,765593
2026-07-29,hormuz,6,2,4,179594
2026-07-29,malacca,217,70,147,6408516
2026-07-29,suez,39,17,22,1394958
2026-07-30,bab_el_mandeb,37,14,23,731208
2026-07-30,hormuz,2,1,1,5325
2026-07-30,malacca,214,76,138,8902043
2026-07-30,suez,47,18,29,1490722
2026-07-31,bab_el_mandeb,27,7,20,614761
2026-07-31,hormuz,6,1,5,470124
2026-07-31,malacca,200,71,129,5057803
2026-07-31,suez,37,11,26,1702919
2026-08-01,bab_el_mandeb,20,5,15,626072
2026-08-01,hormuz,3,2,1,1067
2026-08-01,malacca,215,74,141,8531097
2026-08-01,suez,42,15,27,1054183
2026-08-02,bab_el_mandeb,30,6,24,1067102
2026-08-02,hormuz,2,0,2,107354
2026-08-02,malacca,246,74,172,9569953
2026-08-02,suez,31,16,15,1245322
2026-08-03,bab_el_mandeb,17,5,12,588450
2026-08-03,hormuz,6,3,3,131517
2026-08-03,malacca,189,68,121,6093714
2026-08-03,suez,44,17,27,1629747
2026-08-04,bab_el_mandeb,27,9,18,1119992
2026-08-04,hormuz,6,4,2,214958
2026-08-04,malacca,214,76,138,7322339
2026-08-04,suez,35,9,26,1725936
2026-08-05,bab_el_mandeb,14,4,10,479625
2026-08-05,hormuz,4,0,4,4805
2026-08-05,malacca,210,64,146,6432963
2026-08-05,suez,43,22,21,1122360
2026-08-06,bab_el_mandeb,31,13,18,1080015
2026-08-06,hormuz,2,0,2,25140
2026-08-06,malacca,236,75,161,7244671
2026-08-06,suez,39,16,23,1223896
2026-08-07,bab_el_mandeb,28,13,15,888215
2026-08-07,hormuz,4,2,2,90890
2026-08-07,malacca,219,79,140,8741104
2026-08-07,suez,43,14,29,1092368
2026-08-08,bab_el_mandeb,25,8,17,647340
2026-08-08,hormuz,8,1,7,378306
2026-08-08,malacca,239,66,173,8888713
2026-08-08,suez,34,14,20,1291308
2026-08-09,bab_el_mandeb,34,9,25,1026734
2026-08-09,hormuz,1,0,1,0
2026-08-09,malacca,207,72,135,7629538
2026-08-09,suez,48,16,32,1948912
2026-08-10,bab_el_mandeb,29,13,16,782465
2026-08-10,hormuz,4,2,2,64034
2026-08-10,malacca,222,69,153,7955798
2026-08-10,suez,42,13,29,1526277
2026-08-11,bab_el_mandeb,24,6,18,676619
2026-08-11,hormuz,8,2,6,99876
2026-08-11,malacca,228,76,152,6582791
2026-08-11,suez,57,22,35,2025377
2026-08-12,bab_el_mandeb,25,6,19,972120
2026-08-12,hormuz,1,0,1,1391
2026-08-12,malacca,241,72,169,8724765
2026-08-12,suez,28,15,13,834681
2026-08-13,bab_el_mandeb,20,7,13,553186
2026-08-13,hormuz,4,1,3,97359
2026-08-13,malacca,222,80,142,8698232
2026-08-13,suez,40,16,24,1099325
2026-08-14,bab_el_mandeb,31,7,24,1140524
2026-08-14,hormuz,6,1,5,191299
2026-08-14,malacca,210,68,142,7227883
2026-08-14,suez,39,17,22,1545753
2026-08-15,bab_el_mandeb,40,10,30,1066055
2026-08-15,hormuz,1,1,0,1067
2026-08-15,malacca,194,67,127,7606687
2026-08-15,suez,39,17,22,1205996
2026-08-16,bab_el_mandeb,36,13,23,1378089
2026-08-16,hormuz,1,1,0,0
2026-08-16,malacca,177,66,111,4667227
2026-08-16,suez,41,18,23,1156924
